t,y_tip,energy
0.000000000000000000e+00,0.000000000000000000e+00,6.597949991271599994e-06
9.898363501092124692e-04,9.708607484739094836e-06,6.597683973956377008e-06
1.979672700218420602e-03,1.921055624962554774e-05,6.598325266700758786e-06
2.969509050327640010e-03,2.884769355701485545e-05,6.597584333379131917e-06
3.959345400436858550e-03,3.875735531455962326e-05,6.598097122427516082e-06
4.949181750546054540e-03,4.876063388282952075e-05,6.597995507362830886e-06
5.939018100655250529e-03,5.861033132384047060e-05,6.597640072337490788e-06
6.928854450764446518e-03,6.828458356770984695e-05,6.598269247941066241e-06
7.918690800873642507e-03,7.798223582001626486e-05,6.597618685969405559e-06
8.908527150982838497e-03,8.785574714596852545e-05,6.597997700819758376e-06
9.898363501092034486e-03,9.782746617978471334e-05,6.598022922026901881e-06
1.088819985120123048e-02,1.077054265528393820e-04,6.597594534936992950e-06
1.187803620131042646e-02,1.174313734725658016e-04,6.598216794523335418e-06
1.286787255141962245e-02,1.271429802512834479e-04,6.597648203366643923e-06
1.385770890152881844e-02,1.369856394193560360e-04,6.597904504466530712e-06
1.484754525163801443e-02,1.469270305450175900e-04,6.598043852935149378e-06
1.583738160174722950e-02,1.568085687948541328e-04,6.597553259502310136e-06
1.682721795185651917e-02,1.665546493596533066e-04,6.598161963669726900e-06
1.781705430196580883e-02,1.762645517438155983e-04,6.597683939379375711e-06
1.880689065207509850e-02,1.860756397973274863e-04,6.597806575816660451e-06
1.979672700218438816e-02,1.959842853985456024e-04,6.598065039067177658e-06
2.078656335229367783e-02,2.058566216382825458e-04,6.597523223372949458e-06
2.177639970240296749e-02,2.156067214447968832e-04,6.598091467872544784e-06
2.276623605251225715e-02,2.253047160741518070e-04,6.597719730700073314e-06
2.375607240262154682e-02,2.350822356859559776e-04,6.597721869506429966e-06
2.474590875273083648e-02,2.449546508370096924e-04,6.598064416831329030e-06
2.573574510284012615e-02,2.548066562545166030e-04,6.597510499552298527e-06
2.672558145294941581e-02,2.645490464702194276e-04,6.598016330588564998e-06
2.771541780305870548e-02,2.742304287549087827e-04,6.597756283682404983e-06
2.870525415316799514e-02,2.839678169655141058e-04,6.597642945806725593e-06
2.969509050327728480e-02,2.937951682908946901e-04,6.598057522193281325e-06
3.068492685338657447e-02,3.036254072163309349e-04,6.597496462415495939e-06
3.167476320349578434e-02,3.133716061948537052e-04,6.597960260367802483e-06
3.266459955360488665e-02,3.230614072956720993e-04,6.597773397089303232e-06
3.365443590371398896e-02,3.327844342023916291e-04,6.597563287156605874e-06
3.464427225382309128e-02,3.425604886349582876e-04,6.598058816309087493e-06
3.563410860393219359e-02,3.523219639542082881e-04,6.597497894151239559e-06
3.662394495404129591e-02,3.619959304422042329e-04,6.597849009627509928e-06
3.761378130415039822e-02,3.716008110106297263e-04,6.597851520890140437e-06
3.860361765425950054e-02,3.812333995056639839e-04,6.597481129880769832e-06
3.959345400436860285e-02,3.909396936809284321e-04,6.598026551843028643e-06
4.058329035447770516e-02,4.006574969836238604e-04,6.597537267695737320e-06
4.157312670458680748e-02,4.102957827329015259e-04,6.597727111626298849e-06
4.256296305469590979e-02,4.198609491127374945e-04,6.597905482302086837e-06
4.355279940480501211e-02,4.294484782985486882e-04,6.597419138287551911e-06
4.454263575491411442e-02,4.390996434718831228e-04,6.597979034670143822e-06
4.553247210502321674e-02,4.488006604210115647e-04,6.597576583376556564e-06
4.652230845513231905e-02,4.584153926229601796e-04,6.597625458883300324e-06
4.751214480524142136e-02,4.679336617310143518e-04,6.597932971136042205e-06
4.850198115535052368e-02,4.774920879154836376e-04,6.597383635193581509e-06
4.949181750545962599e-02,4.871239610224225615e-04,6.597923194833360177e-06
5.048165385556872831e-02,4.967560840895641951e-04,6.597612475584505025e-06
5.147149020567783062e-02,5.063399840584608758e-04,6.597536104424385990e-06
5.246132655578693293e-02,5.158656580998218248e-04,6.597951089930932517e-06
5.345116290589603525e-02,5.253695173207521309e-04,6.597359170573588315e-06
5.444099925600513756e-02,5.349153626600074499e-04,6.597853922568649960e-06
5.543083560611423988e-02,5.445047766136883053e-04,6.597655659005788347e-06
5.642067195622334219e-02,5.541085790074704292e-04,6.597456144696179859e-06
5.741050830633244451e-02,5.635863368350690948e-04,6.597947032268055756e-06
5.840034465644154682e-02,5.729435166185929771e-04,6.597361529936517138e-06
5.939018100655064913e-02,5.824650787055867538e-04,6.597772838153108514e-06
6.038001735665975145e-02,5.921286672398453320e-04,6.597695916096917047e-06
6.136985370676885376e-02,6.017084416240160629e-04,6.597391195577433442e-06
6.235969005687795608e-02,6.111145814877907024e-04,6.597922234239237621e-06
6.334952640698705839e-02,6.204335501909353330e-04,6.597384956228806248e-06
6.433936275709616071e-02,6.296968244357030930e-04,6.597694849462730507e-06
6.532919910720526302e-02,6.389490128985830103e-04,6.597703623532183672e-06
6.631903545731436533e-02,6.483421144267886762e-04,6.597356933406475952e-06
6.730887180742346765e-02,6.578473924554369958e-04,6.597898094794870158e-06
6.829870815753256996e-02,6.673635222597197646e-04,6.597374620021476922e-06
6.928854450764167228e-02,6.769089411145656635e-04,6.597641271527579178e-06
7.027838085775077459e-02,6.863295413954483915e-04,6.597732919114556164e-06
7.126821720785987690e-02,6.956782074092745724e-04,6.597302941296829041e-06
7.225805355796897922e-02,7.050768696773970562e-04,6.597867876989600355e-06
7.324788990807808153e-02,7.144912095176361375e-04,6.597399311574664710e-06
7.423772625818718385e-02,7.238719844549395058e-04,6.597550724524119979e-06
7.522756260829628616e-02,7.331149080819797164e-04,6.597766731048614058e-06
7.621739895840538848e-02,7.423207186536689983e-04,6.597267527456152623e-06
7.720723530851449079e-02,7.515359658171716882e-04,6.597812297343009160e-06
7.819707165862359310e-02,7.607701102468283991e-04,6.597451028680027441e-06
7.918690800873269542e-02,7.699408742984993658e-04,6.597455807067169112e-06
8.017674435884179773e-02,7.790323377402442236e-04,6.597787669479478050e-06
8.116658070895090005e-02,7.881272050363073885e-04,6.597261654623803714e-06
8.215641705906000236e-02,7.972309972342342182e-04,6.597734444425130455e-06
8.314625340916910468e-02,8.063292059737073260e-04,6.597508584421070825e-06
8.413608975927820699e-02,8.153601483423471947e-04,6.597370584322232247e-06
8.512592610938730930e-02,8.243665885434715412e-04,6.597797421836702984e-06
8.611576245949641162e-02,8.334006301311821336e-04,6.597259523882372167e-06
8.710559880960551393e-02,8.424462790957747615e-04,6.597655646674474331e-06
8.809543515971461625e-02,8.514419560997385332e-04,6.597563523206902276e-06
8.908527150982371856e-02,8.603903730553332007e-04,6.597300358840460980e-06
9.007510785993282088e-02,8.693441570967309993e-04,6.597783780720689291e-06
9.106494421004192319e-02,8.783278653017981318e-04,6.597290299187518684e-06
9.205478056015102550e-02,8.873123081731625712e-04,6.597552131927406469e-06
9.304461691026012782e-02,8.962338540983821574e-04,6.597635194443077561e-06
9.403445326036923013e-02,9.050930724786092037e-04,6.597217186277205508e-06
9.502428961047833245e-02,9.139836266642005057e-04,6.597776728063541903e-06
9.601412596058743476e-02,9.229461398146523781e-04,6.597325007140383114e-06
9.700396231069653707e-02,9.318981165086575539e-04,6.597452807579279431e-06
9.799379866080563939e-02,9.407497610246347503e-04,6.597671244529208223e-06
9.898363501091474170e-02,9.495295514023430108e-04,6.597210978107355423e-06
9.997347136102384402e-02,9.583130737907669247e-04,6.597702786832470862e-06
1.009633077111329463e-01,9.671507993436628293e-04,6.597379727173292328e-06
1.019531440612420486e-01,9.759871741773319459e-04,6.597385486950541864e-06
1.029429804113511510e-01,9.847356178767567407e-04,6.597686027608841123e-06
1.039328167614602533e-01,9.933985566043400297e-04,6.597194415310055441e-06
1.049226531115693556e-01,1.002100439555032255e-03,6.597650606031235322e-06
1.059124894616784579e-01,1.010878049517519419e-03,6.597424549008651319e-06
1.069023258117875602e-01,1.019623232751734870e-03,6.597301857137249607e-06
1.078921621618966625e-01,1.028266162179756072e-03,6.597724621991661079e-06
1.088819985120057648e-01,1.036865328757593943e-03,6.597166943408482659e-06
1.098718348621148672e-01,1.045484267322539492e-03,6.597610200630011135e-06
1.108616712122239695e-01,1.054130985260223145e-03,6.597473170659722431e-06
1.118515075623330718e-01,1.062806531944657717e-03,6.597214984481714684e-06
1.128413439124421741e-01,1.071348645248971403e-03,6.597761932864360847e-06
1.138311802625512764e-01,1.079765355047228054e-03,6.597147603631091112e-06
1.148210166126603787e-01,1.088287449848968904e-03,6.597554676614310290e-06
1.158108529627694810e-01,1.096842029573876550e-03,6.597523176001096212e-06
1.168006893128785834e-01,1.105336679561356355e-03,6.597147820826192704e-06
1.177905256629876857e-01,1.113698482088584536e-03,6.597769860675652877e-06
1.187803620130967880e-01,1.122034876933403983e-03,6.597152288270361751e-06
1.197701983632058903e-01,1.130402220648818847e-03,6.597494123365828348e-06
1.207600347133149926e-01,1.138760487903066635e-03,6.597575916274044417e-06
1.217498710634240949e-01,1.147039907956226568e-03,6.597089905488500022e-06
1.227397074135331972e-01,1.155312184979659981e-03,6.597772896633348242e-06
1.237295437636422996e-01,1.163534484349647551e-03,6.597170031915251650e-06
1.247193801137514019e-01,1.171713102087618532e-03,6.597432887857056848e-06
1.257092164638610454e-01,1.180049751064540494e-03,6.597612012417169763e-06
1.266990528139708971e-01,1.188331484065981028e-03,6.597050783340158893e-06
1.276888891640807489e-01,1.196306648032403842e-03,6.597763478330800708e-06
1.286787255141906006e-01,1.204080917277253020e-03,6.597201982799156008e-06
1.296685618643004523e-01,1.211921285150186585e-03,6.597345665895563994e-06
1.306583982144103040e-01,1.220041280785049993e-03,6.597669993920669173e-06
1.316482345645201557e-01,1.228271882588034521e-03,6.597033123430718463e-06
1.326380709146300074e-01,1.236402635953722353e-03,6.597690238638059659e-06
1.336279072647398591e-01,1.244312769910904150e-03,6.597296115600097343e-06
1.346177436148497109e-01,1.252190441951058029e-03,6.597254177080292406e-06
1.356075799649595626e-01,1.260161072633009293e-03,6.597694976905888970e-06
1.365974163150694143e-01,1.268146205146358394e-03,6.597044431542054953e-06
1.375872526651792660e-01,1.275997575488348884e-03,6.597619876885298343e-06
1.385770890152891177e-01,1.283710060825862549e-03,6.597358780949694728e-06
1.395669253653989694e-01,1.291355577777233716e-03,6.597196608899126001e-06
1.405567617155088211e-01,1.299052892532219549e-03,6.597706484183417964e-06
1.415465980656186729e-01,1.306758335946016543e-03,6.597061555357378761e-06
1.425364344157285246e-01,1.314380471832132802e-03,6.597569061202094913e-06
1.435262707658383763e-01,1.321920974873033510e-03,6.597401811568872873e-06
1.445161071159482280e-01,1.329441210263367264e-03,6.597156567008676809e-06
1.455059434660580797e-01,1.337015807697481589e-03,6.597705208917379666e-06
1.464957798161679314e-01,1.344603929456569206e-03,6.597087703680341820e-06
1.474856161662777831e-01,1.352130081317259565e-03,6.597505469834350511e-06
1.484754525163876349e-01,1.359580284037578603e-03,6.597460250591788414e-06
1.494652888664974866e-01,1.367056094346586924e-03,6.597114217355484609e-06
1.504551252166073383e-01,1.374552613281296212e-03,6.597697875582195787e-06
1.514449615667171900e-01,1.382038889584038957e-03,6.597125662295381598e-06
1.524347979168270417e-01,1.389448555144485228e-03,6.597445868280573396e-06
1.534246342669368934e-01,1.396799800051860699e-03,6.597503852378817632e-06
1.544144706170467451e-01,1.404145648550899706e-03,6.597097721171657584e-06
1.554043069671565969e-01,1.411500580380059327e-03,6.597663092385880158e-06
1.563941433172664486e-01,1.418816774759891486e-03,6.597191931048318755e-06
1.573839796673763003e-01,1.426021193790533723e-03,6.597359838140758173e-06
1.583738160174861520e-01,1.433182215555784886e-03,6.597558650759104871e-06
1.593636523675960037e-01,1.440342771028978348e-03,6.597085039714271920e-06
1.603534887177058554e-01,1.447519105541500862e-03,6.597640615728413392e-06
1.613433250678157072e-01,1.454625299755565393e-03,6.597233324400463932e-06
1.623331614179255589e-01,1.461636880381564189e-03,6.597296464210736092e-06
1.633229977680354106e-01,1.468575416984202768e-03,6.597624817397322692e-06
1.643128341181452623e-01,1.475482941123142924e-03,6.597049645984713168e-06
1.653026704682551140e-01,1.482400037216960237e-03,6.597613457971224232e-06
1.662925068183649657e-01,1.489253298243227702e-03,6.597319680135409812e-06
1.672823431684748174e-01,1.496013231469314232e-03,6.597201580191639862e-06
1.682721795185846692e-01,1.502791163193964918e-03,6.597680644652413617e-06
1.692620158686945209e-01,1.509514621204546781e-03,6.597056320139439264e-06
1.702518522188043726e-01,1.516175852154388317e-03,6.597548462705398636e-06
1.712416885689142243e-01,1.522890640461123640e-03,6.597412549993453844e-06
1.722315249190240760e-01,1.529536616556847204e-03,6.597134833511565075e-06
1.732213612691339277e-01,1.536071020937901117e-03,6.597704123267363600e-06
1.742111976192437794e-01,1.542616335555607298e-03,6.597095882524867358e-06
1.752010339693536312e-01,1.549213798670596911e-03,6.597477989990489443e-06
1.761908703194634829e-01,1.555714136053348634e-03,6.597484563187472905e-06
1.771807066695733346e-01,1.562090714279972762e-03,6.597094250362528420e-06
1.781705430196831863e-01,1.568505774732541561e-03,6.597708603088046882e-06
1.791603793697930380e-01,1.574963493052071147e-03,6.597132971410228404e-06
1.801502157199028897e-01,1.581309016866011986e-03,6.597427566681171166e-06
1.811400520700127414e-01,1.587560535291119169e-03,6.597539910523391902e-06
1.821298884201225932e-01,1.593829578985630222e-03,6.597078046104033535e-06
1.831197247702324449e-01,1.600155221001480377e-03,6.597693553296089014e-06
1.841095611203422966e-01,1.606377474395560357e-03,6.597194861799856614e-06
1.850993974704521483e-01,1.612462687733628780e-03,6.597365427776678162e-06
1.860892338205620000e-01,1.618569533682613984e-03,6.597597279355766676e-06
1.870790701706718517e-01,1.624715809534932245e-03,6.597067008962115586e-06
1.880689065207817035e-01,1.630879780063832548e-03,6.597674680550728124e-06
1.890587428708915552e-01,1.637013521963784791e-03,6.597255852490364178e-06
1.900485792210014069e-01,1.643100400886796618e-03,6.597302999767418522e-06
1.910384155711112586e-01,1.649083327742646796e-03,6.597650538904850034e-06
1.920282519212211103e-01,1.654974600275942263e-03,6.597079650461957784e-06
1.930180882713309620e-01,1.660694430063344414e-03,6.597640634208968918e-06
1.940079246214408137e-01,1.666413246179200341e-03,6.597306456473602427e-06
1.949977609715506655e-01,1.672305642683833467e-03,6.597294818393913490e-06
1.959875973216605172e-01,1.678307656529695819e-03,6.597653994370686325e-06
1.969774336717703689e-01,1.684254368118422726e-03,6.597104016563391335e-06
1.979672700218802206e-01,1.690013979704738534e-03,6.597618618689952100e-06
1.989571063719900723e-01,1.695684074492873929e-03,6.597363807706676447e-06
1.999469427220999240e-01,1.701361423090432022e-03,6.597248189858028619e-06
2.009367790722097757e-01,1.707028924390225147e-03,6.597692496094230981e-06
2.019266154223196275e-01,1.712633475681557375e-03,6.597124454951385599e-06
2.029164517724294792e-01,1.718114775115669969e-03,6.597571849334472982e-06
2.039062881225393309e-01,1.723526522515244144e-03,6.597454368714352438e-06
2.048961244726491826e-01,1.728865304387077395e-03,6.597196576945129091e-06
2.058859608227590343e-01,1.734181525554651668e-03,6.597721049874285354e-06
2.068757971728688860e-01,1.739491732780847847e-03,6.597170881486404282e-06
2.078656335229787377e-01,1.744831441214882845e-03,6.597506110438621902e-06
2.088554698730885895e-01,1.750104955466000745e-03,6.597537384523614614e-06
2.098453062231984412e-01,1.755300729571853237e-03,6.597173785099455437e-06
2.108351425733082929e-01,1.760423565032230532e-03,6.597712895708235835e-06
2.118249789234181446e-01,1.765588563899200998e-03,6.597247136252577613e-06
2.128148152735279963e-01,1.770824228109254194e-03,6.597444832913883044e-06
2.138046516236378480e-01,1.775981263452382783e-03,6.597605673430279909e-06
2.147944879737476997e-01,1.780978393056896177e-03,6.597174066909464217e-06
2.157843243238575515e-01,1.785891040471667855e-03,6.597687566354440466e-06
2.167741606739674032e-01,1.790853078420998447e-03,6.597332393815036709e-06
2.177639970240772549e-01,1.795855060820873575e-03,6.597382408101878859e-06
2.187538333741871066e-01,1.800790985881546569e-03,6.597663147743834470e-06
2.197436697242969583e-01,1.805510418055479094e-03,6.597191716679665312e-06
2.207335060744068100e-01,1.810126498480411688e-03,6.597653048349175244e-06
2.217233424245166618e-01,1.814794176019035284e-03,6.597415796252487659e-06
2.227131787746265135e-01,1.819541311943071674e-03,6.597327161731711192e-06
2.237030151247363652e-01,1.824211110034518234e-03,6.597720871790653122e-06
2.246928514748462169e-01,1.828708992425832338e-03,6.597225329989842700e-06
2.256826878249560686e-01,1.833100419710423368e-03,6.597587855182969109e-06
2.266725241750659203e-01,1.837548526781905903e-03,6.597530144931813339e-06
2.276623605251757720e-01,1.842091116070704174e-03,6.597279906584475691e-06
2.286521968752856238e-01,1.846555714190813852e-03,6.597732357095686678e-06
2.296420332253954755e-01,1.850780455948824055e-03,6.597294992727241279e-06
2.306318695755053272e-01,1.854960168304908320e-03,6.597534492311794641e-06
2.316217059256151789e-01,1.859315396089184511e-03,6.597609891901455380e-06
2.326115422757250306e-01,1.863697779375887926e-03,6.597254254890060312e-06
2.336013786258348823e-01,1.867927261900373913e-03,6.597761209988761847e-06
2.345912149759447340e-01,1.872084009031264006e-03,6.597329287887086134e-06
2.355810513260545858e-01,1.876183457133530049e-03,6.597512313589806856e-06
2.365708876761644375e-01,1.880292097240040010e-03,6.597683054173225963e-06
2.375607240262742892e-01,1.884552799782972764e-03,6.597228319307852475e-06
2.385505603763841409e-01,1.888694087884259121e-03,6.597795246295609072e-06
2.395403967264939926e-01,1.892622712760051121e-03,6.597366421348249750e-06
2.405302330766038443e-01,1.896493832427032867e-03,6.597476587163586442e-06
2.415200694267136960e-01,1.900445005554455289e-03,6.597761593628543844e-06
2.425099057768235478e-01,1.904492069424491146e-03,6.597209034723763893e-06
2.434997421269333995e-01,1.908376455074297078e-03,6.597809794504525346e-06
2.444895784770432512e-01,1.912076581245229431e-03,6.597431810585977940e-06
2.454794148271531029e-01,1.915719759310469074e-03,6.597434845678983956e-06
2.464692511772629546e-01,1.919472138345319117e-03,6.597823237670693471e-06
2.474590875273728063e-01,1.923254301524982826e-03,6.597222803856279100e-06
2.484489238774826581e-01,1.926895708309688329e-03,6.597791567213397425e-06
2.494387602275925098e-01,1.930304396724453076e-03,6.597516514836250555e-06
2.504285965777023337e-01,1.933669966763547311e-03,6.597387015727795003e-06
2.514184329278121854e-01,1.937178295984474247e-03,6.597879812346973498e-06
2.524082692779220372e-01,1.940818390562599159e-03,6.597258887746023390e-06
2.533981056280318889e-01,1.944322214039122211e-03,6.597753796618435975e-06
2.543879419781417406e-01,1.947622177001746792e-03,6.597609780928499363e-06
2.553777783282515923e-01,1.950800384877064393e-03,6.597353212621591565e-06
2.563676146783614440e-01,1.953946608847626637e-03,6.597937918090525459e-06
2.573574510284712957e-01,1.957052191247911528e-03,6.597279538404530677e-06
2.583472873785811474e-01,1.960119665555029242e-03,6.597726568230987768e-06
2.593371237286909992e-01,1.963189642924309877e-03,6.597711748280546846e-06
2.603269600788008509e-01,1.966337692132356495e-03,6.597305389208182370e-06
2.613167964289107026e-01,1.969531502214050354e-03,6.597967913958829590e-06
2.623066327790205543e-01,1.972576908474048350e-03,6.597360844562996947e-06
2.632964691291304060e-01,1.975478054167819665e-03,6.597662500969573497e-06
2.642863054792402577e-01,1.978304017634826065e-03,6.597803342266578433e-06
2.652761418293501094e-01,1.981141030477499062e-03,6.597305955327623904e-06
2.662659781794599612e-01,1.983994412668713212e-03,6.597962363061486258e-06
2.672558145295698129e-01,1.986749103863969402e-03,6.597441509724225289e-06
2.682456508796796646e-01,1.989371966634664434e-03,6.597632040263295447e-06
2.692354872297895163e-01,1.991912325767696435e-03,6.597854315442260835e-06
2.702253235798993680e-01,1.994455689485040688e-03,6.597339141257766447e-06
2.712151599300092197e-01,1.997067943369991438e-03,6.597940968699791863e-06
2.722049962801190715e-01,1.999705627164219922e-03,6.597520091259646170e-06
2.731948326302289232e-01,2.002275405600348421e-03,6.597604451242085719e-06
2.741846689803387749e-01,2.004715043237639827e-03,6.597909427539717077e-06
2.751745053304486266e-01,2.007125516061446843e-03,6.597366702007984400e-06
2.761643416805584783e-01,2.009601502872734955e-03,6.597931820130434377e-06
2.771541780306683300e-01,2.012138578428581629e-03,6.597603699927871358e-06
2.781440143807781817e-01,2.014574602505549237e-03,6.597572636344132966e-06
2.791338507308880335e-01,2.016842646565945776e-03,6.597960937580855642e-06
2.801236870809978852e-01,2.019014574563921145e-03,6.597410249172606624e-06
2.811135234311077369e-01,2.021232486660884745e-03,6.597893438173842593e-06
2.821033597812175886e-01,2.023501441740531339e-03,6.597711357249929739e-06
2.830931961313274403e-01,2.025698865747123118e-03,6.597521981311585251e-06
2.840830324814372920e-01,2.027672431946432076e-03,6.598027867360187791e-06
2.850728688315471437e-01,2.029525655442548232e-03,6.597448200149096508e-06
2.860627051816569955e-01,2.031448688832481440e-03,6.597854664514689241e-06
2.870525415317668472e-01,2.033469473635114190e-03,6.597816018670940770e-06
2.880423778818766989e-01,2.035425380380004399e-03,6.597498408856350401e-06
2.890322142319865506e-01,2.037177142377001073e-03,6.598060596177576415e-06
2.900220505820964023e-01,2.038845196001436502e-03,6.597493302367511071e-06
2.910118869322062540e-01,2.040619896612575444e-03,6.597838502914252500e-06
2.920017232823161057e-01,2.042412538611979630e-03,6.597897495392434480e-06
2.929915596324259575e-01,2.044066814991638177e-03,6.597467532773655651e-06
2.939813959825358092e-01,2.045673071949301574e-03,6.598108779290571434e-06
2.949712323326456609e-01,2.047191295880790209e-03,6.597559147371365801e-06
2.959610686827555126e-01,2.048680897029082296e-03,6.597780442620358201e-06
2.969509050328653643e-01,2.050236436456156792e-03,6.598011807672479285e-06
2.979407413829752160e-01,2.051806897749842984e-03,6.597450036434024299e-06
2.989305777330850677e-01,2.053159292691891704e-03,6.598113785801461634e-06
2.999204140831949195e-01,2.054372523663900926e-03,6.597663010704871834e-06
3.009102504333047712e-01,2.055701603705818899e-03,6.597716263818590187e-06
3.019000867834146229e-01,2.057053831575987417e-03,6.598103456920841941e-06
3.028899231335244746e-01,2.058256591131233000e-03,6.597465972678817877e-06
3.038797594836343263e-01,2.059317712674453051e-03,6.598092592877942665e-06
3.048695958337441780e-01,2.060298935515087609e-03,6.597762658663852359e-06
3.058594321838540298e-01,2.061328584058915239e-03,6.597681531205562592e-06
3.068492685339638815e-01,2.062336713360682708e-03,6.598159591243480728e-06
3.078391048840737332e-01,2.063199818082129319e-03,6.597508089319165354e-06
3.088289412341835849e-01,2.064013599837240601e-03,6.598075070708868290e-06
3.098187775842934366e-01,2.064784691890658979e-03,6.597847133630114949e-06
3.108086139344032883e-01,2.065554464862462587e-03,6.597659634185215885e-06
3.117984502845131400e-01,2.066255424361871946e-03,6.598200149074147783e-06
3.127882866346229918e-01,2.066866739864178272e-03,6.597558872708759096e-06
3.137781229847328435e-01,2.067430832545066616e-03,6.598050176596311282e-06
3.147679593348426952e-01,2.067951535059094851e-03,6.597934162188183627e-06
3.157577956849525469e-01,2.068502832961588000e-03,6.597646411434084962e-06
3.167476320350623986e-01,2.069063865379397807e-03,6.598243062773581981e-06
3.177374683851722503e-01,2.069674302822202723e-03,6.597604875099512130e-06
3.187273047352821020e-01,2.070178063643228483e-03,6.598023407930021074e-06
3.197171410853919538e-01,2.070501335523204905e-03,6.598027901170422676e-06
3.207069774355018055e-01,2.070641109689211508e-03,6.597639157430461087e-06
3.216968137856116572e-01,2.070778704434864288e-03,6.598249692143891457e-06
3.226866501357215089e-01,2.070998323992334373e-03,6.597685789325773495e-06
3.236764864858313606e-01,2.071325311808447714e-03,6.598002137767913926e-06
3.246663228359412123e-01,2.071644840614645690e-03,6.598078442385294031e-06
3.256561591860510640e-01,2.071828683220243786e-03,6.597669850395054535e-06
3.266459955361609158e-01,2.071890341295222829e-03,6.598259391602190205e-06
3.276358318862707675e-01,2.071933300902460695e-03,6.597755416986418798e-06
3.286256682363806192e-01,2.071953561072339706e-03,6.597969826316826531e-06
3.296155045864904709e-01,2.071967728615792346e-03,6.598164589610421885e-06
3.306053409366003226e-01,2.071853058881121135e-03,6.597658565380309212e-06
3.315951772867101743e-01,2.071599042499479987e-03,6.598280569342779120e-06
3.325850136368200261e-01,2.071296594083382563e-03,6.597830049239135836e-06
3.335748499869298778e-01,2.071005288879742504e-03,6.597934196635117932e-06
3.345646863370397295e-01,2.070703340951377501e-03,6.598237104288657511e-06
3.355545226871495812e-01,2.070359181003339401e-03,6.597684407060964595e-06
3.365443590372594329e-01,2.069948676947055977e-03,6.598254461736721176e-06
3.375341953873692846e-01,2.069500605727240226e-03,6.597944131293667239e-06
3.385240317374791363e-01,2.069056794670437634e-03,6.597890101922018608e-06
3.395138680875889881e-01,2.068579853157641400e-03,6.598290332461682163e-06
3.405037044376988398e-01,2.068018132029946898e-03,6.597748864448358855e-06
3.414935407878086915e-01,2.067358183487036805e-03,6.598206157627733560e-06
3.424833771379185432e-01,2.066693016268022608e-03,6.598047958233946142e-06
3.434732134880283949e-01,2.066010730153410024e-03,6.597867916108857336e-06
3.444630498381382466e-01,2.065184803530954304e-03,6.598313288005668263e-06
3.454528861882480983e-01,2.064231348427684413e-03,6.597834580899953274e-06
3.464427225383579501e-01,2.063294264925725693e-03,6.598143632654314602e-06
3.474325588884678018e-01,2.062329487279568590e-03,6.598159681096447782e-06
3.484223952385776535e-01,2.061276866416147935e-03,6.597854967707493356e-06
3.494122315886875052e-01,2.060131036396076459e-03,6.598331627596160903e-06
3.504020679387973569e-01,2.058940042852917818e-03,6.597907599183413236e-06
3.513919042889072086e-01,2.057723318851574935e-03,6.598103790375615032e-06
3.523817406390170603e-01,2.056514064671913396e-03,6.598261305748106832e-06
3.533715769891269121e-01,2.055324024607947057e-03,6.597833180419383206e-06
3.543614133392367638e-01,2.054111440660332400e-03,6.598342215353055539e-06
3.553512496893466155e-01,2.052706589994156890e-03,6.598008310253262054e-06
3.563410860394564672e-01,2.051223394814481477e-03,6.598038207063236490e-06
3.573309223895663189e-01,2.049894867547296176e-03,6.598345990779815125e-06
3.583207587396761706e-01,2.048580134903549201e-03,6.597858320302167538e-06
3.593105950897860223e-01,2.047066556277740181e-03,6.598333018782096140e-06
3.603004314398958741e-01,2.045463558206371286e-03,6.598085009212077275e-06
3.612902677900057258e-01,2.043840474543180685e-03,6.598021227696456113e-06
3.622801041401155775e-01,2.042274279752078880e-03,6.598389275272311309e-06
3.632699404902254292e-01,2.040701732914551331e-03,6.597890510946810523e-06
3.642597768403352809e-01,2.038972268543466984e-03,6.598331042280113530e-06
3.652496131904451326e-01,2.037124895922538381e-03,6.598154698526865062e-06
3.662394495405549844e-01,2.035253045489980161e-03,6.598004705835768040e-06
3.672292858906648361e-01,2.033421611839187054e-03,6.598443063756295645e-06
3.682191222407746878e-01,2.031532732529483208e-03,6.597917268433023921e-06
3.692089585908845395e-01,2.029545328144973654e-03,6.598321115819758951e-06
3.701987949409943912e-01,2.027467772777919158e-03,6.598245051348629272e-06
3.711886312911042429e-01,2.025308114248394568e-03,6.597967209178304810e-06
3.721784676412140946e-01,2.023172054269761592e-03,6.598501365106883899e-06
3.731683039913239464e-01,2.021087761299949267e-03,6.597959340548942224e-06
3.741581403414337981e-01,2.018944418489613570e-03,6.598283422848879691e-06
3.751479766915436498e-01,2.016685124237872859e-03,6.598341988872120635e-06
3.761378130416535015e-01,2.014270766049339710e-03,6.597940057530766840e-06
3.771276493917633532e-01,2.011871302164910426e-03,6.598532050174336763e-06
3.781174857418732049e-01,2.009576542298293408e-03,6.598028795112364564e-06
3.791073220919830566e-01,2.007196190606818677e-03,6.598229367572914561e-06
3.800971584420929084e-01,2.004710263407686547e-03,6.598447935263312191e-06
3.810869947922027601e-01,2.002187376562837660e-03,6.597922233042728197e-06
3.820768311423126118e-01,1.999771313835564755e-03,6.598540955782195991e-06
3.830666674924224635e-01,1.997348245546788550e-03,6.598100398496099094e-06
3.840565038425323152e-01,1.994679575219778130e-03,6.598201914997537729e-06
3.850463401926421669e-01,1.991687726671667082e-03,6.598512299448552490e-06
3.860361765427520186e-01,1.988644990984050377e-03,6.597920616685436214e-06
3.870260128928618704e-01,1.985858817151762556e-03,6.598561266327802294e-06
3.880158492429717221e-01,1.983194102187649591e-03,6.598167843857075495e-06
3.890056855930815738e-01,1.980399282037206832e-03,6.598164535292218304e-06
3.899955219431914255e-01,1.977338899829591840e-03,6.598573811570630631e-06
3.909853582933012772e-01,1.974201868471008731e-03,6.597966192514306915e-06
3.919751946434111289e-01,1.971113335955761939e-03,6.598508821780020923e-06
3.929650309935209807e-01,1.968075113060678994e-03,6.598279937451561269e-06
3.939548673436308324e-01,1.964911831591501998e-03,6.598121611683680233e-06
3.949447036937406841e-01,1.961566071878281196e-03,6.598602392094760978e-06
3.959345400438505358e-01,1.958115702862423500e-03,6.598036449287666527e-06
3.969243763939603875e-01,1.954686665256233098e-03,6.598454532956431736e-06
3.979142127440702392e-01,1.951264633728617623e-03,6.598373892285127338e-06
3.989040490941800909e-01,1.947825048400311787e-03,6.598108064568012683e-06
3.998938854442899427e-01,1.944338857545796625e-03,6.598612378465996475e-06
4.008837217943997944e-01,1.940785013456977279e-03,6.598099708153290711e-06
4.018735581445096461e-01,1.937200214532866114e-03,6.598419311216043022e-06
4.028633944946194978e-01,1.933686235541283742e-03,6.598445500063157837e-06
4.038532308447293495e-01,1.930092843808117568e-03,6.598099898393242493e-06
4.048430671948392012e-01,1.926409873165820701e-03,6.598628543317127980e-06
4.058329035449490529e-01,1.922712642768927092e-03,6.598158059527181657e-06
4.068227398950589047e-01,1.918977924211570218e-03,6.598374293965850526e-06
4.078125762451687564e-01,1.915132452667740260e-03,6.598529536186713171e-06
4.088024125952786081e-01,1.911276473534360108e-03,6.598084400467805853e-06
4.097922489453884598e-01,1.907385941753147194e-03,6.598644308688948669e-06
4.107820852954983115e-01,1.903411173561543211e-03,6.598227566945593736e-06
4.117719216456081632e-01,1.899371590397609883e-03,6.598322873480633030e-06
4.127617579957180149e-01,1.895328762722034346e-03,6.598622428307324156e-06
4.137515943458278667e-01,1.891284661506109892e-03,6.598059859861370417e-06
4.147414306959377184e-01,1.887144688563960945e-03,6.598643370111226657e-06
4.157312670460475701e-01,1.882967358457870305e-03,6.598308519757034939e-06
4.167211033961574218e-01,1.878844520532471033e-03,6.598276801602338698e-06
4.177109397462672735e-01,1.874751451005316231e-03,6.598666843176789464e-06
4.187007760963771252e-01,1.870538275932453467e-03,6.598092574084673586e-06
4.196906124464869769e-01,1.866232549992992125e-03,6.598618460454330118e-06
4.206804487965968287e-01,1.861926574687563889e-03,6.598387558082754460e-06
4.216702851467066804e-01,1.857587882484888937e-03,6.598226218388005268e-06
4.226601214968165321e-01,1.853238128555139731e-03,6.598738272318034559e-06
4.236499578469263838e-01,1.848827687143244367e-03,6.598100082019821909e-06
4.246397941970362355e-01,1.844273677190145545e-03,6.598585174282715482e-06
4.256296305471460872e-01,1.839670711795481344e-03,6.598491619568845090e-06
4.266194668972559390e-01,1.835092266343438163e-03,6.598153742949982927e-06
4.276093032473657907e-01,1.830480719106462525e-03,6.598797067919669288e-06
4.285991395974756424e-01,1.825759587950486406e-03,6.598140905728018917e-06
4.295889759475854941e-01,1.820962565434980493e-03,6.598530515763615722e-06
4.305788122976953458e-01,1.816095477786815312e-03,6.598591026051882539e-06
4.315686486478051975e-01,1.811262773065904809e-03,6.598115849589200123e-06
4.325584849979150492e-01,1.806375219556145871e-03,6.598804103456964524e-06
4.335483213480249010e-01,1.801407599806569091e-03,6.598214033648495379e-06
4.345381576981347527e-01,1.796373433978517382e-03,6.598468486498531239e-06
4.355279940482446044e-01,1.791307036528469064e-03,6.598665040750086056e-06
4.365178303983544561e-01,1.786275232927655174e-03,6.598111723942179996e-06
4.375076667484643078e-01,1.781219145464828669e-03,6.598794873803061527e-06
4.384975030985741595e-01,1.776133693942831635e-03,6.598275347721400633e-06
4.394873394486840112e-01,1.770979707211579879e-03,6.598427511964731308e-06
4.404771757987938630e-01,1.765754933789470465e-03,6.598716088383691467e-06
4.414670121489037147e-01,1.760495089556304155e-03,6.598121382874830281e-06
4.424568484990135664e-01,1.755185681042205088e-03,6.598778400191678293e-06
4.434466848491234181e-01,1.749892649147529421e-03,6.598337690509607342e-06
4.444365211992332698e-01,1.744622444284849288e-03,6.598390431905516253e-06
4.454263575493431215e-01,1.739344976139096510e-03,6.598761156787824021e-06
4.464161938994529732e-01,1.734049608009322020e-03,6.598117052314928549e-06
4.474060302495628250e-01,1.728657565085832924e-03,6.598767844546613299e-06
4.483958665996726767e-01,1.723038888885057660e-03,6.598408367178694063e-06
4.493857029497825284e-01,1.717296647801459927e-03,6.598336718000872863e-06
4.503755392998923801e-01,1.711598500094789520e-03,6.598800493616053227e-06
4.513653756500022318e-01,1.705999876344111354e-03,6.598152402027146258e-06
4.523552120001120835e-01,1.700437869076515786e-03,6.598724151803242264e-06
4.533450483502219353e-01,1.694814296843474713e-03,6.598471310194324517e-06
4.543348847003317870e-01,1.689076448167628084e-03,6.598316926264370616e-06
4.553247210504416387e-01,1.683314233962998488e-03,6.598815975804396977e-06
4.563145574005514904e-01,1.677536550368122692e-03,6.598178585855961014e-06
4.573043937506613421e-01,1.671713682630542605e-03,6.598696898331868777e-06
4.582942301007711938e-01,1.665840518396151772e-03,6.598521883660327705e-06
4.592840664508810455e-01,1.659941951026853036e-03,6.598290736792852758e-06
4.602739028009908973e-01,1.653992748868618121e-03,6.598831680873266374e-06
4.612637391511007490e-01,1.647934783662597475e-03,6.598225001803338060e-06
4.622535755012106007e-01,1.641862931944327057e-03,6.598633141180598925e-06
4.632434118513204524e-01,1.635807265344965374e-03,6.598609170769960398e-06
4.642332482014303041e-01,1.629806705717592357e-03,6.598242253874836435e-06
4.652230845515401558e-01,1.623843900829951897e-03,6.598835801877589650e-06
4.662129209016500075e-01,1.617787407117207005e-03,6.598292484988934097e-06
4.672027572517598593e-01,1.611511151256530454e-03,6.598547250680564390e-06
4.681925936018697110e-01,1.605253786575379328e-03,6.598690391574794445e-06
4.691824299519795627e-01,1.599227961375479816e-03,6.598230698948260122e-06
4.701722663020894144e-01,1.593111571803291918e-03,6.598793034786640522e-06
4.711621026521992661e-01,1.586683200025489852e-03,6.598386536740120105e-06
4.721519390023091178e-01,1.580161508606551472e-03,6.598464935160777840e-06
4.731417753524189695e-01,1.573701238383010863e-03,6.598749402561039346e-06
4.741316117025288213e-01,1.567344782284476592e-03,6.598239289930190721e-06
4.751214480526386730e-01,1.560898970801366395e-03,6.598738230392930966e-06
4.761112844027485247e-01,1.554266691611365294e-03,6.598478779996588268e-06
4.771011207528583764e-01,1.547536161918485961e-03,6.598393587324985295e-06
4.780909571029682281e-01,1.540837386394748642e-03,6.598783353912630036e-06
4.790807934530780798e-01,1.534236662799944939e-03,6.598248527209017394e-06
4.800706298031879316e-01,1.527681138315141376e-03,6.598713238230874902e-06
4.810604661532977833e-01,1.520965896297476116e-03,6.598530687975119202e-06
4.820503025034076350e-01,1.514126629103478483e-03,6.598345672162281849e-06
4.830401388535174867e-01,1.507302922749561951e-03,6.598812357849247164e-06
4.840299752036273384e-01,1.500591802176907703e-03,6.598277875604168585e-06
4.850198115537371901e-01,1.493841228173230186e-03,6.598641525930543181e-06
4.860096479038470418e-01,1.486924529406511179e-03,6.598605589482355265e-06
4.869994842539568936e-01,1.479888216924675221e-03,6.598310749431198982e-06
4.879893206040667453e-01,1.472879642790970046e-03,6.598792698728407482e-06
4.889791569541765970e-01,1.465965404775332239e-03,6.598336823018420696e-06
4.899689933042864487e-01,1.458996390612480026e-03,6.598569622563015115e-06
4.909588296543963004e-01,1.451861559147413303e-03,6.598663383665637319e-06
4.919486660045061521e-01,1.444660232684547149e-03,6.598285627494011272e-06
4.929385023546160038e-01,1.437543500872389248e-03,6.598788022931736449e-06
4.939283387047258556e-01,1.430450528495467869e-03,6.598373133862249954e-06
4.949181750548357073e-01,1.423311411903643593e-03,6.598517549499383135e-06
4.959080114049455590e-01,1.416089892166617426e-03,6.598711527109374842e-06
4.968978477550554107e-01,1.408803665713244651e-03,6.598246952979372370e-06
4.978876841051652624e-01,1.401568629433609572e-03,6.598791385951749743e-06
4.988775204552751141e-01,1.394348194474052645e-03,6.598404863552405841e-06
4.998673568053849658e-01,1.387105421375677645e-03,6.598454393692895459e-06
5.008571931554922640e-01,1.379860924275573509e-03,6.598777518201532228e-06
5.018470295055991182e-01,1.372539203560767728e-03,6.598207397306041721e-06
5.028368658557059723e-01,1.365237813560855667e-03,6.598773133461503450e-06
5.038267022058128264e-01,1.357939836744487348e-03,6.598459132874808846e-06
5.048165385559196805e-01,1.350604498324984616e-03,6.598381509630682895e-06
5.058063749060265346e-01,1.343140411131842158e-03,6.598821363176380131e-06
5.067962112561333887e-01,1.335594007840918297e-03,6.598199425881728815e-06
5.077860476062402428e-01,1.328076230659742474e-03,6.598726012016107120e-06
5.087758839563470969e-01,1.320671825130943213e-03,6.598527475050729907e-06
5.097657203064539511e-01,1.313339102411501327e-03,6.598310548358744431e-06
5.107555566565608052e-01,1.305863112987703384e-03,6.598829948155475477e-06
5.117453930066676593e-01,1.298136261095298458e-03,6.598231166608602879e-06
5.127352293567745134e-01,1.290290321882038311e-03,6.598667127325185160e-06
5.137250657068813675e-01,1.282474962429942843e-03,6.598564281898241322e-06
5.147149020569882216e-01,1.274747128270047047e-03,6.598289983791800235e-06
5.157047384070950757e-01,1.266992920246466474e-03,6.598809929833422981e-06
5.166945747572019298e-01,1.259200308336361684e-03,6.598271675258686248e-06
5.176844111073087840e-01,1.251398080780053140e-03,6.598579690328242668e-06
5.186742474574156381e-01,1.243642167388104344e-03,6.598641478468362342e-06
5.196640838075224922e-01,1.235826860548958246e-03,6.598233654522616037e-06
5.206539201576293463e-01,1.227920094298013808e-03,6.598788618663764068e-06
5.216437565077362004e-01,1.219968221207568416e-03,6.598332333473518811e-06
5.226335928578430545e-01,1.212058327894487836e-03,6.598486538391050219e-06
5.236234292079499086e-01,1.204102350773173392e-03,6.598694346761104477e-06
5.246132655580567627e-01,1.196083448754609122e-03,6.598221040434070372e-06
5.256031019081636169e-01,1.188019765010989463e-03,6.598734173420338623e-06
5.265929382582704710e-01,1.179852053270529161e-03,6.598400118586162055e-06
5.275827746083773251e-01,1.171704641637206666e-03,6.598405191918752168e-06
5.285726109584841792e-01,1.163759517456853295e-03,6.598714802539275531e-06
5.295624473085910333e-01,1.155797811280531110e-03,6.598220507994551939e-06
5.305522836586978874e-01,1.147591373939062112e-03,6.598686946867745340e-06
5.315421200088047415e-01,1.139289964325307684e-03,6.598436481380247374e-06
5.325319563589115957e-01,1.131115123575345298e-03,6.598358051587412885e-06
5.335217927090184498e-01,1.123024675346800645e-03,6.598722336232201960e-06
5.345116290591253039e-01,1.114850623114832214e-03,6.598215774729632945e-06
5.355014654092321580e-01,1.106489927872728301e-03,6.598634859329547642e-06
5.364913017593390121e-01,1.098000728280524880e-03,6.598485091292077958e-06
5.374811381094458662e-01,1.089576583746837846e-03,6.598290875502754748e-06
5.384709744595527203e-01,1.081283048544790090e-03,6.598737267339562597e-06
5.394608108096595744e-01,1.072933976008488745e-03,6.598216741012108596e-06
5.404506471597664286e-01,1.064457760499359223e-03,6.598574039734423490e-06
5.414404835098732827e-01,1.055874158655637721e-03,6.598546796952731158e-06
5.424303198599801368e-01,1.047341587173764932e-03,6.598204034908037754e-06
5.434201562100869909e-01,1.038959556008699908e-03,6.598754010077695863e-06
5.444099925601938450e-01,1.030586908803673160e-03,6.598245760670079895e-06
5.453998289103006991e-01,1.022134966724754348e-03,6.598476209420501885e-06
5.463896652604075532e-01,1.013587334769845130e-03,6.598611613707476969e-06
5.473795016105144073e-01,1.005009003515613866e-03,6.598151337431484266e-06
5.483693379606212615e-01,9.965275611362122386e-04,6.598728404713914244e-06
5.493591743107281156e-01,9.880581951249741129e-04,6.598273213652129102e-06
5.503490106608349697e-01,9.794614344888958636e-04,6.598396640486479707e-06
5.513388470109418238e-01,9.707468848934380171e-04,6.598662935079113659e-06
5.523286833610486779e-01,9.620358980989279904e-04,6.598092666170542308e-06
5.533185197111555320e-01,9.533949527150943019e-04,6.598712848898065882e-06
5.543083560612623861e-01,9.447108625410131954e-04,6.598309376734750387e-06
5.552981924113692402e-01,9.359405949024097917e-04,6.598299677712554175e-06
5.562880287614760944e-01,9.271128808588966841e-04,6.598719032468580776e-06
5.572778651115829485e-01,9.183235758578262367e-04,6.598049751815668086e-06
5.582677014616898026e-01,9.095382362573031006e-04,6.598664381139321983e-06
5.592575378117966567e-01,9.007239539129827588e-04,6.598365352715253147e-06
5.602473741619035108e-01,8.918324605874420555e-04,6.598198455307498156e-06
5.612372105120103649e-01,8.829629967019279619e-04,6.598746487574824291e-06
5.622270468621172190e-01,8.740849167235321699e-04,6.598049661850996022e-06
5.632168832122240731e-01,8.651194572315836721e-04,6.598584620271505745e-06
5.642067195623309273e-01,8.561519331599157494e-04,6.598424708539502025e-06
5.651965559124377814e-01,8.472273995173890994e-04,6.598134260438631523e-06
5.661863922625446355e-01,8.383294223358480051e-04,6.598733184613719539e-06
5.671762286126514896e-01,8.293586538870020364e-04,6.598061701044279778e-06
5.681660649627583437e-01,8.202365771494545422e-04,6.598515152970210515e-06
5.691559013128651978e-01,8.110741991233398401e-04,6.598457754607824356e-06
5.701457376629720519e-01,8.019612836403169779e-04,6.598082971544348837e-06
5.711355740130789060e-01,7.928013217012897266e-04,6.598709559107541500e-06
5.721254103631857602e-01,7.836037360155736955e-04,6.598076766266771525e-06
5.731152467132926143e-01,7.744223063734743126e-04,6.598450377615703484e-06
5.741050830633994684e-01,7.653390673543972048e-04,6.598476846624446754e-06
5.750949194135063225e-01,7.562485959838789479e-04,6.598029667030978025e-06
5.760847557636131766e-01,7.469642180236458215e-04,6.598708580133363878e-06
5.770745921137200307e-01,7.374992461545485344e-04,6.598076105029568668e-06
5.780644284638268848e-01,7.280367626321097461e-04,6.598377382268502365e-06
5.790542648139337389e-01,7.186942995736896132e-04,6.598507777570198181e-06
5.800441011640405931e-01,7.094863810273186952e-04,6.597995360685354982e-06
5.810339375141474472e-01,7.003108069578384363e-04,6.598647179164459872e-06
5.820237738642543013e-01,6.910497257257075055e-04,6.598121850569213597e-06
5.830136102143611554e-01,6.816941639169835521e-04,6.598293182972587835e-06
5.840034465644680095e-01,6.723893933813147351e-04,6.598523308011981987e-06
5.849932829145748636e-01,6.631756404597077348e-04,6.597978319372482734e-06
5.859831192646817177e-01,6.539623884174831925e-04,6.598588556907349539e-06
5.869729556147885718e-01,6.446132562044734789e-04,6.598158645818666243e-06
5.879627919648954260e-01,6.352244769523434937e-04,6.598209568685300234e-06
5.889526283150022801e-01,6.258208195587898872e-04,6.598543726934415428e-06
5.899424646651091342e-01,6.163808139390319820e-04,6.597950428648097454e-06
5.909323010152159883e-01,6.069627524620089956e-04,6.598525878929407400e-06
5.919221373653228424e-01,5.976641303653980851e-04,6.598208500431518936e-06
5.929119737154296965e-01,5.882559321363283952e-04,6.598102409151317498e-06
5.939018100655365506e-01,5.787649350486352576e-04,6.598578016225839842e-06
5.948916464156434047e-01,5.693383104335594629e-04,6.597930287278170103e-06
5.958814827657502589e-01,5.599346071464252539e-04,6.598444659076305502e-06
5.968713191158571130e-01,5.504919349054637669e-04,6.598272302746168795e-06
5.978611554659639671e-01,5.409647106795712965e-04,6.598014701435742592e-06
5.988509918160708212e-01,5.313945794264278736e-04,6.598556121187679828e-06
5.998408281661776753e-01,5.218498522684488590e-04,6.597959517729419647e-06
6.008306645162845294e-01,5.122831024579837080e-04,6.598333674186372624e-06
6.018205008663913835e-01,5.026651212285481547e-04,6.598329944293942654e-06
6.028103372164982376e-01,4.929924810803126703e-04,6.597947950586924851e-06
6.038001735666050918e-01,4.833499394733067086e-04,6.598518278483022267e-06
6.047900099167119459e-01,4.737690168169698241e-04,6.598002133476460463e-06
6.057798462668188000e-01,4.641499372215662691e-04,6.598229486993100615e-06
6.067696826169256541e-01,4.544823947384023146e-04,6.598351130159104734e-06
6.077595189670325082e-01,4.447861658352174319e-04,6.597921833197959933e-06
6.087493553171393623e-01,4.351625337907566644e-04,6.598465689033179085e-06
6.097391916672462164e-01,4.256587998910980560e-04,6.598024266997915681e-06
6.107290280173530705e-01,4.160614953874397417e-04,6.598146951986013415e-06
6.117188643674599247e-01,4.063507535890611999e-04,6.598377746765771741e-06
6.127087007175667788e-01,3.965761452953365184e-04,6.597879302221679170e-06
6.136985370676736329e-01,3.868247644352424503e-04,6.598401045618111795e-06
6.146883734177804870e-01,3.771817547482142637e-04,6.598082657034178271e-06
6.156782097678873411e-01,3.674903947462503833e-04,6.598034337424412335e-06
6.166680461179941952e-01,3.576078931209429449e-04,6.598407473909724934e-06
6.176578824681010493e-01,3.476788505435753768e-04,6.597850207932198166e-06
6.186477188182079034e-01,3.378387555000327328e-04,6.598329565252339150e-06
6.196375551683147576e-01,3.280917756684147255e-04,6.598120913723345313e-06
6.206273915184216117e-01,3.183137415502403480e-04,6.597947916869733994e-06
6.216172278685284658e-01,3.084534103439478766e-04,6.598412934590248892e-06
6.226070642186353199e-01,2.985114447610258620e-04,6.597823300242883298e-06
6.235969005687421740e-01,2.886521347818921633e-04,6.598277244637253415e-06
6.245867369188490281e-01,2.789024753555186540e-04,6.598128523443820494e-06
6.255765732689558822e-01,2.691426516116935774e-04,6.597887433250069128e-06
6.265664096190627363e-01,2.592887387150816063e-04,6.598412894266349277e-06
6.275562459691695905e-01,2.493110817305927243e-04,6.597798599913264425e-06
6.285460823192764446e-01,2.394318441584930178e-04,6.598221887674019773e-06
6.295359186693832987e-01,2.296888963578316823e-04,6.598153972161708855e-06
6.305257550194901528e-01,2.200276221471937882e-04,6.597810058548211181e-06
6.315155913695970069e-01,2.101836473305534352e-04,6.598394545207203121e-06
6.325054277197038610e-01,2.001707004311218513e-04,6.597809081640826984e-06
6.334952640698107151e-01,1.901756146935167373e-04,6.598126438393852492e-06
6.344851004199175692e-01,1.803112792936082081e-04,6.598196566341981320e-06
6.354749367700244234e-01,1.704702035536568260e-04,6.597744614803268243e-06
6.364647731201312775e-01,1.605725041671323794e-04,6.598358680391164303e-06
6.374546094702381316e-01,1.506877927161601454e-04,6.597844600447045106e-06
6.384444458203449857e-01,1.408597883011052066e-04,6.598010020225314687e-06
6.394342821704518398e-01,1.310664526115755738e-04,6.598228637278742664e-06
6.404241185205586939e-01,1.212415513363430757e-04,6.597722999114751419e-06
6.414139548706655480e-01,1.112084391568968385e-04,6.598270667907010080e-06
6.424037912207724021e-01,1.010405965233492119e-04,6.597894611973789740e-06
6.433936275708792563e-01,9.107322909783832957e-05,6.597917384240770309e-06
6.443834639209861104e-01,8.137317064998118789e-05,6.598232250840319026e-06
6.453733002710929645e-01,7.166663234983291163e-05,6.597697257109282557e-06
6.463631366211998186e-01,6.175443404516331480e-05,6.598205919938782465e-06
6.473529729713066727e-01,5.176276513889774619e-05,6.597932498435310464e-06
6.483428093214135268e-01,4.189590536737967014e-05,6.597826510298350825e-06
6.493326456715203809e-01,3.210178399015514044e-05,6.598240279300083327e-06
6.503224820216272350e-01,2.226746171407574727e-05,6.597684736959717191e-06
6.513123183717340892e-01,1.236402415109704685e-05,6.598118585621457440e-06
6.523021547218409433e-01,2.351084193899317297e-06,6.597975075004704930e-06
6.532919910719477974e-01,-7.769740908486250349e-06,6.597754133741289479e-06
6.542818274220546515e-01,-1.780814719451312208e-05,6.598207871617557382e-06
6.552716637721615056e-01,-2.770980849343978417e-05,6.597712433475538750e-06
6.562615001222683597e-01,-3.763885363742277364e-05,6.598012461501360038e-06
6.572513364723752138e-01,-4.765106517369836932e-05,6.598010831089873778e-06
6.582411728224820680e-01,-5.771914962894187376e-05,6.597707136269308200e-06
6.592310091725889221e-01,-6.771179204545251559e-05,6.598157662973687812e-06
6.602208455226957762e-01,-7.759373778604139460e-05,6.597733318810431282e-06
6.612106818728026303e-01,-8.748764482581189818e-05,6.597931376923732062e-06
6.622005182229094844e-01,-9.752881459940768172e-05,6.598019214189697904e-06
6.631903545730163385e-01,-1.075585874747867832e-04,6.597660796403377460e-06
6.641801909231231926e-01,-1.175177450221398805e-04,6.598113294831085571e-06
6.651700272732300467e-01,-1.274336831451767778e-04,6.597758451485424324e-06
6.661598636233369009e-01,-1.373712066605628317e-04,6.597834997768507449e-06
6.671496999734437550e-01,-1.473729224040433352e-04,6.598052503233829115e-06
6.681395363235506091e-01,-1.573030517232932592e-04,6.597605324405995161e-06
6.691293726736574632e-01,-1.671446199374573372e-04,6.598077009150974638e-06
6.701192090237643173e-01,-1.770064938281191091e-04,6.597780546801426270e-06
6.711090453738711714e-01,-1.868771485159504125e-04,6.597721743399803096e-06
6.720988817239780255e-01,-1.967296489139895794e-04,6.598108113990512365e-06
6.730887180740848796e-01,-2.065042561034109529e-04,6.597547901519859645e-06
6.740785544241917338e-01,-2.162199097322724489e-04,6.598011875508604491e-06
6.750683907742985879e-01,-2.259713530649090098e-04,6.597832107227020355e-06
6.760582271244054420e-01,-2.357773036868350135e-04,6.597622515594645701e-06
6.770480634745122961e-01,-2.456667477807438090e-04,6.598110659382651583e-06
6.780378998246191502e-01,-2.554735598997377234e-04,6.597540740235909601e-06
6.790277361747260043e-01,-2.652010252287056915e-04,6.597930975933724431e-06
6.800175725248328584e-01,-2.750033525586680874e-04,6.597875035522994709e-06
6.810074088749397125e-01,-2.848687719815579675e-04,6.597539547124827596e-06
6.819972452250465667e-01,-2.947658474003653738e-04,6.598108664904151414e-06
6.829870815751534208e-01,-3.045895029327783977e-04,6.597530704370568798e-06
6.839769179252602749e-01,-3.142800641263274099e-04,6.597842859188929322e-06
6.849667542753671290e-01,-3.239871473273188830e-04,6.597927620951976726e-06
6.859565906254739831e-01,-3.337998508792862124e-04,6.597449062247070218e-06
6.869464269755808372e-01,-3.435791117753049387e-04,6.598104304489757763e-06
6.879362633256876913e-01,-3.532474035410111549e-04,6.597539188550591958e-06
6.889260996757945454e-01,-3.628588529984473491e-04,6.597741609590794480e-06
6.899159360259013996e-01,-3.725303442127012965e-04,6.597978270864828609e-06
6.909057723760082537e-01,-3.822795477115712099e-04,6.597386149942199829e-06
6.918956087261151078e-01,-3.920213501357417904e-04,6.598058113729277977e-06
6.928854450762219619e-01,-4.016200579519154496e-04,6.597573789381955793e-06
6.938752814263288160e-01,-4.111792998399900912e-04,6.597653037298550480e-06
6.948651177764356701e-01,-4.207980519725314271e-04,6.597978834493214855e-06
6.958549541265425242e-01,-4.305073315806181634e-04,6.597375630497312144e-06
6.968447904766493783e-01,-4.401646796940465929e-04,6.597986874800522162e-06
6.978346268267562325e-01,-4.498563039030870460e-04,6.597615964646492012e-06
6.988244631768630866e-01,-4.596616461145096484e-04,6.597568002616882153e-06
6.998142995269699407e-01,-4.693643434346366329e-04,6.597989048076031640e-06
7.008041358770767948e-01,-4.789332606857101774e-04,6.597355666861726049e-06
7.017939722271836489e-01,-4.884276859576883742e-04,6.597930814350548968e-06
7.027838085772905030e-01,-4.979732453711140224e-04,6.597616207070619862e-06
7.037736449273973571e-01,-5.075273825696718184e-04,6.597521938237450971e-06
7.047634812775042112e-01,-5.172163514083650019e-04,6.597978952913459880e-06
7.057533176276110654e-01,-5.269287332748619126e-04,6.597336784186932496e-06
7.067431539777179195e-01,-5.365541755807922688e-04,6.597866216202792629e-06
7.077329903278247736e-01,-5.460740855732945610e-04,6.597663020934809763e-06
7.087228266779316277e-01,-5.555574077421385898e-04,6.597432474611222778e-06
7.097126630280384818e-01,-5.650491448056010804e-04,6.597976002291159272e-06
7.107024993781453359e-01,-5.744944705793002910e-04,6.597349430805792900e-06
7.116923357282521900e-01,-5.839063855774232099e-04,6.597769213504840725e-06
7.126821720783590441e-01,-5.933636843279789042e-04,6.597716202237300160e-06
7.136720084284658983e-01,-6.028310508454563874e-04,6.597360076878758726e-06
7.146618447785727524e-01,-6.122430047004352987e-04,6.597956692676906591e-06
7.156516811286796065e-01,-6.216310857480096975e-04,6.597357941105682963e-06
7.166415174787864606e-01,-6.310647176941748971e-04,6.597692054462136656e-06
7.176313538288933147e-01,-6.405711531300656379e-04,6.597749793169524379e-06
7.186211901790001688e-01,-6.501181576880323216e-04,6.597305888554124400e-06
7.196110265291070229e-01,-6.595228057545861593e-04,6.597934366445033979e-06
7.206008628792138770e-01,-6.687675989485179686e-04,6.597371607548354473e-06
7.215906992293207312e-01,-6.779891130958026237e-04,6.597608503823809188e-06
7.225805355794275853e-01,-6.873238521060589905e-04,6.597790201675326758e-06
7.235703719295344394e-01,-6.966791816805358115e-04,6.597255728586766666e-06
7.245602082796412935e-01,-7.059055540103452474e-04,6.597885255845146977e-06
7.255500446297481476e-01,-7.150163430907341671e-04,6.597429665861455449e-06
7.265398809798550017e-01,-7.241058204093080413e-04,6.597491020025296612e-06
7.275297173299618558e-01,-7.332930015707981664e-04,6.597825327098575824e-06
7.285195536800687099e-01,-7.425553378281982446e-04,6.597243194078616415e-06
7.295093900301755641e-01,-7.517440818576508026e-04,6.597800703590440696e-06
7.304992263802824182e-01,-7.608254589439945913e-04,6.597503490400405706e-06
7.314890627303892723e-01,-7.698496799404580711e-04,6.597386722120783978e-06
7.324788990804961264e-01,-7.788871191042592498e-04,6.597842223376422417e-06
7.334687354306029805e-01,-7.880493705344179031e-04,6.597251481441451546e-06
7.344585717807098346e-01,-7.971908164940978399e-04,6.597693702531336756e-06
7.354484081308166887e-01,-8.061958765858839599e-04,6.597571936516301308e-06
7.364382444809235428e-01,-8.151153144111733572e-04,6.597315721118594870e-06
7.374280808310303970e-01,-8.240296031080597983e-04,6.597830611130359151e-06
7.384179171811372511e-01,-8.330552104452885543e-04,6.597258760280726873e-06
7.394077535312441052e-01,-8.421522651535427685e-04,6.597630076193160347e-06
7.403975898813509593e-01,-8.511447503456731492e-04,6.597611304585993990e-06
7.413874262314578134e-01,-8.600470846505502013e-04,6.597241571187911977e-06
7.423772625815646675e-01,-8.690045797203790586e-04,6.597841892316219937e-06
7.433670989316715216e-01,-8.780666347226157671e-04,6.597257388915840329e-06
7.443569352817783757e-01,-8.870981867840130710e-04,6.597557649519986062e-06
7.453467716318852299e-01,-8.960578065913390924e-04,6.597656949426885927e-06
7.463366079819920840e-01,-9.049713500627238911e-04,6.597182968394993662e-06
7.473264443320989381e-01,-9.138321349548172339e-04,6.597819870484397007e-06
7.483162806822057922e-01,-9.227120311165456579e-04,6.597279538463909381e-06
7.493061170323126463e-01,-9.315517010794982468e-04,6.597486780359557702e-06
7.502959533824195004e-01,-9.403364232500705747e-04,6.597681439066808520e-06
7.512857897325263545e-01,-9.490382996296076136e-04,6.597160950957935957e-06
7.522756260826332086e-01,-9.576801994884812140e-04,6.597774375835717083e-06
7.532654624327400628e-01,-9.663224579448349751e-04,6.597309696779919928e-06
7.542552987828469169e-01,-9.750571663563352681e-04,6.597422548724670340e-06
7.552451351329537710e-01,-9.837813771995684332e-04,6.597701404027052501e-06
7.562349714830606251e-01,-9.923264063460878262e-04,6.597128486356343486e-06
7.572248078331674792e-01,-1.000796347569145968e-03,6.597747736929833702e-06
7.582146441832743333e-01,-1.009353210234987565e-03,6.597337660338119620e-06
7.592044805333811874e-01,-1.017965746960581295e-03,6.597346428857356365e-06
7.601943168834880415e-01,-1.026455371256900992e-03,6.597731703023360186e-06
7.611841532335948957e-01,-1.034938160159792116e-03,6.597121768701984580e-06
7.621739895837017498e-01,-1.043496542827454304e-03,6.597678854810593703e-06
7.631638259338086039e-01,-1.052070187083698144e-03,6.597407062063686002e-06
7.641536622839154580e-01,-1.060607546798678471e-03,6.597248674453770246e-06
7.651434986340223121e-01,-1.068994407296813874e-03,6.597772620362183618e-06
7.661333349841291662e-01,-1.077115269591430577e-03,6.597106947507506369e-06
7.671231713342360203e-01,-1.085264781852440493e-03,6.597604034373738220e-06
7.681130076843428744e-01,-1.093661895749575754e-03,6.597481386584590766e-06
7.691028440344497286e-01,-1.102162083774864713e-03,6.597186092289913193e-06
7.700926803845565827e-01,-1.110483349151228111e-03,6.597751938843449678e-06
7.710825167346634368e-01,-1.118611588264531095e-03,6.597153627734665283e-06
7.720723530847702909e-01,-1.126765773114716618e-03,6.597523805532006781e-06
7.730621894348771450e-01,-1.134999367204823657e-03,6.597510888708524048e-06
7.740520257849839991e-01,-1.143181123346299812e-03,6.597165239239578955e-06
7.750418621350908532e-01,-1.151192020006856082e-03,6.597713471455900880e-06
7.760316984851977073e-01,-1.159206105248974982e-03,6.597193066373235923e-06
7.770215348353045615e-01,-1.167277800830366415e-03,6.597452891189924524e-06
7.780113711854114156e-01,-1.175390695365282831e-03,6.597547919486824367e-06
7.790012075355182697e-01,-1.183446476948416199e-03,6.597143853563059705e-06
7.799910438856251238e-01,-1.191417558872230349e-03,6.597666522776842563e-06
7.809808802357319779e-01,-1.199425826592623832e-03,6.597257962145953201e-06
7.819707165858388320e-01,-1.207575844128027471e-03,6.597365558664761974e-06
7.829605529359456861e-01,-1.215676990511397899e-03,6.597592944647143308e-06
7.839503892860525402e-01,-1.223636059493564974e-03,6.597135573996083734e-06
7.849402256361593944e-01,-1.231471574380956467e-03,6.597603487891829761e-06
7.859300619862662485e-01,-1.239280496389836509e-03,6.597325318863078364e-06
7.869198983363731026e-01,-1.247156174054616772e-03,6.597296538275898394e-06
7.879097346864799567e-01,-1.255053894928043461e-03,6.597599891172543019e-06
7.888995710365868108e-01,-1.262859414542001060e-03,6.597159308439381724e-06
7.898894073866936649e-01,-1.270534187177365867e-03,6.597540435370933699e-06
7.908792437368005190e-01,-1.278186457148601041e-03,6.597378312691747063e-06
7.918690800869073732e-01,-1.285947016167856075e-03,6.597238100815149624e-06
7.928589164370142273e-01,-1.293760309082376148e-03,6.597623287369855698e-06
7.938487527871210814e-01,-1.301521138094385247e-03,6.597164547658515976e-06
7.948385891372279355e-01,-1.309160069475447065e-03,6.597484116804092952e-06
7.958284254873347896e-01,-1.316736741168506768e-03,6.597435687075301334e-06
7.968182618374416437e-01,-1.324354161181255651e-03,6.597178875337965980e-06
7.978080981875484978e-01,-1.332034119177144017e-03,6.597645183377026486e-06
7.987979345376553519e-01,-1.339669923064293767e-03,6.597158966530144087e-06
7.997877708877622061e-01,-1.347222646391793739e-03,6.597436755054040870e-06
8.007776072378690602e-01,-1.354641767698916335e-03,6.597509311465807495e-06
8.017674435879759143e-01,-1.362011360247342368e-03,6.597109860213186857e-06
8.027572799380827684e-01,-1.369497561615004837e-03,6.597653492699549069e-06
8.037471162881896225e-01,-1.376975971400945260e-03,6.597211827475270123e-06
8.047369526382964766e-01,-1.384379888075345502e-03,6.597338678779496723e-06
8.057267889884033307e-01,-1.391712765968059406e-03,6.597584150166962523e-06
8.067166253385101848e-01,-1.398987660140344055e-03,6.597078334475449210e-06
8.077064616886170390e-01,-1.406307872510786146e-03,6.597622361206371380e-06
8.086962980387238931e-01,-1.413605216569108203e-03,6.597277244231911229e-06
8.096861343888307472e-01,-1.420849784544625082e-03,6.597262267385981003e-06
8.106759707389376013e-01,-1.428033417927964581e-03,6.597637370801624337e-06
8.116658070890444554e-01,-1.435112356456649894e-03,6.597057631496506206e-06
8.126556434391513095e-01,-1.442126490911952970e-03,6.597599106045586556e-06
8.136454797892581636e-01,-1.449129696372832400e-03,6.597330609672832040e-06
8.146353161393650177e-01,-1.456146223684539817e-03,6.597199506648902440e-06
8.156251524894718719e-01,-1.463056834568276371e-03,6.597681773146324315e-06
8.166149888395787260e-01,-1.469874705464304949e-03,6.597048474544470217e-06
8.176048251896855801e-01,-1.476736632668521716e-03,6.597555317403770188e-06
8.185946615397924342e-01,-1.483626615585932531e-03,6.597401152441568101e-06
8.195844978898992883e-01,-1.490510747321610206e-03,6.597137785461698248e-06
8.205743342400061424e-01,-1.497363962585647728e-03,6.597700140899754432e-06
8.215641705901129965e-01,-1.504173764509036514e-03,6.597089823075190209e-06
8.225540069402198506e-01,-1.510831884566191802e-03,6.597484167672937814e-06
8.235438432903267048e-01,-1.517499419419520443e-03,6.597465704221648236e-06
8.245336796404335589e-01,-1.524330228975181653e-03,6.597110819716069243e-06
8.255235159905404130e-01,-1.531206000690975722e-03,6.597692253684115597e-06
8.265133523406472671e-01,-1.537941675558709802e-03,6.597138940232257412e-06
8.275031886907541212e-01,-1.544617008530423195e-03,6.597419775193165000e-06
8.284930250408609753e-01,-1.551275383340675572e-03,6.597526763048722746e-06
8.294828613909678294e-01,-1.557832069652563978e-03,6.597092953512754008e-06
8.304726977410746835e-01,-1.564276645534471225e-03,6.597675269495778045e-06
8.314625340911815377e-01,-1.570640554380681869e-03,6.597178254430722412e-06
8.324523704412883918e-01,-1.577090006183220561e-03,6.597393387425533658e-06
8.334422067913952459e-01,-1.583635172361570883e-03,6.597561294259163852e-06
8.344320431415021000e-01,-1.590150032298833340e-03,6.597073385195059223e-06
8.354218794916089541e-01,-1.596543290258054968e-03,6.597681873383915301e-06
8.364117158417158082e-01,-1.602817733079086454e-03,6.597215648497594725e-06
8.374015521918226623e-01,-1.609033817192287311e-03,6.597331059152084381e-06
8.383913885419295164e-01,-1.615247803529621523e-03,6.597629245684512993e-06
8.393812248920363706e-01,-1.621454934476060806e-03,6.597055030834594736e-06
8.403710612421432247e-01,-1.627659997261660671e-03,6.597660477173073444e-06
8.413608975922500788e-01,-1.633797824591624133e-03,6.597287771978047905e-06
8.423507339423569329e-01,-1.639834467478269806e-03,6.597273941051483241e-06
8.433405702924637870e-01,-1.645810966100709353e-03,6.597666645860043774e-06
8.443304066425706411e-01,-1.651861855201715778e-03,6.597079249402061466e-06
8.453202429926774952e-01,-1.658055672244092065e-03,6.597610283064844902e-06
8.463100793427843493e-01,-1.664126183133243309e-03,6.597367012019362235e-06
8.472999156928912035e-01,-1.669990703566597446e-03,6.597225507608729977e-06
8.482897520429980576e-01,-1.675784856021311818e-03,6.597691958963384148e-06
8.492795883931049117e-01,-1.681593254738918651e-03,6.597108782634476594e-06
8.502694247432117658e-01,-1.687420252017422795e-03,6.597560111417162017e-06
8.512592610933186199e-01,-1.693166491111072237e-03,6.597453429589763932e-06
8.522490974434254740e-01,-1.698729278678961585e-03,6.597169134142329667e-06
8.532389337935323281e-01,-1.704256763156244059e-03,6.597726049717898857e-06
8.542287701436391822e-01,-1.709854925013557306e-03,6.597161850395663928e-06
8.552186064937460364e-01,-1.715459567379061826e-03,6.597474296965254052e-06
8.562084428438528905e-01,-1.720974867385561061e-03,6.597564714702221500e-06
8.571982791939597446e-01,-1.726448873935101372e-03,6.597119688082271637e-06
8.581881155440665987e-01,-1.731891213731059486e-03,6.597733967536061348e-06
8.591779518941734528e-01,-1.737364673099310586e-03,6.597228214507698189e-06
8.601677882442803069e-01,-1.742805583475514480e-03,6.597392949902585896e-06
8.611576245943871610e-01,-1.748143604099563304e-03,6.597662504651680776e-06
8.621474609444940151e-01,-1.753426472895184803e-03,6.597089285540170594e-06
8.631372972946008693e-01,-1.758700146488318197e-03,6.597719851942498289e-06
8.641271336447077234e-01,-1.763986468820290037e-03,6.597310605739932153e-06
8.651169699948145775e-01,-1.769190800212250975e-03,6.597343590235059551e-06
8.661068063449214316e-01,-1.774279460302723372e-03,6.597702451492427741e-06
8.670966426950282857e-01,-1.779285303301287972e-03,6.597110981855703848e-06
8.680864790451351398e-01,-1.784325977020871342e-03,6.597699747946975622e-06
8.690763153952419939e-01,-1.789477345116207568e-03,6.597358459539603092e-06
8.700661517453488480e-01,-1.794566647083597035e-03,6.597317872260708225e-06
8.710559880954557022e-01,-1.799483558495491983e-03,6.597746357802225621e-06
8.720458244455625563e-01,-1.804271456180322770e-03,6.597120212670747561e-06
8.730356607956694104e-01,-1.809162902849565735e-03,6.597687889778247055e-06
8.740254971457762645e-01,-1.814189425752532527e-03,6.597430766503072074e-06
8.750153334958831186e-01,-1.819068705118121951e-03,6.597273179528123916e-06
8.760051698459899727e-01,-1.823736173194757644e-03,6.597788496869705000e-06
8.769950061960968268e-01,-1.828348077418354535e-03,6.597154015691136397e-06
8.779848425462036809e-01,-1.832999337215784679e-03,6.597640037212185583e-06
8.789746788963105351e-01,-1.837684812111278418e-03,6.597526865989057801e-06
8.799645152464173892e-01,-1.842330778182042772e-03,6.597225331822595840e-06
8.809543515965242433e-01,-1.846873933944035134e-03,6.597826588202159717e-06
8.819441879466310974e-01,-1.851332429941673647e-03,6.597188647460089793e-06
8.829340242967379515e-01,-1.855800052585756827e-03,6.597611662338664421e-06
8.839238606468448056e-01,-1.860413700073258909e-03,6.597591506345241785e-06
8.849136969969516597e-01,-1.865024474973181077e-03,6.597207912472940027e-06
8.859035333470585138e-01,-1.869383433535047557e-03,6.597855620915957204e-06
8.868933696971653680e-01,-1.873571550879863734e-03,6.597224357405902707e-06
8.878832060472722221e-01,-1.877815595831735856e-03,6.597571167642298587e-06
8.888730423973790762e-01,-1.882188337735272825e-03,6.597676634408101428e-06
8.898628787474859303e-01,-1.886621809402659914e-03,6.597181099760027696e-06
8.908527150975927844e-01,-1.890923881144809110e-03,6.597872464833658327e-06
8.918425514476996385e-01,-1.894969687592256390e-03,6.597281940929499706e-06
8.928323877978064926e-01,-1.898910916681691456e-03,6.597530000328239161e-06
8.938222241479133467e-01,-1.902860017654321289e-03,6.597756740510705757e-06
8.948120604980202009e-01,-1.906777849053954005e-03,6.597165968728345339e-06
8.958018968481270550e-01,-1.910565832868093639e-03,6.597871088797889911e-06
8.967917331982339091e-01,-1.914286671514901913e-03,6.597375931730071008e-06
8.977815695483407632e-01,-1.918039731132837288e-03,6.597472124255259345e-06
8.987714058984476173e-01,-1.921903112475453410e-03,6.597806871199679338e-06
8.997612422485544714e-01,-1.925707584773194304e-03,6.597221875742541231e-06
9.007510785986613255e-01,-1.929267643581138170e-03,6.597804683386856788e-06
9.017409149487681796e-01,-1.932729240134815028e-03,6.597479960704715405e-06
9.027307512988750338e-01,-1.936167608689584119e-03,6.597443574117777836e-06
9.037205876489818879e-01,-1.939731542536818950e-03,6.597828256397950233e-06
9.047104239990887420e-01,-1.943324330079385879e-03,6.597285538893324334e-06
9.057002603491955961e-01,-1.946705208883513965e-03,6.597758944843121244e-06
9.066900966993024502e-01,-1.949918076508249309e-03,6.597569994651801535e-06
9.076799330494093043e-01,-1.953168907891379615e-03,6.597409467244514979e-06
9.086697693995161584e-01,-1.956591180221088199e-03,6.597864756280679212e-06
9.096596057496230125e-01,-1.960047958779929933e-03,6.597333469681102257e-06
9.106494420997298667e-01,-1.963346997816242754e-03,6.597720725127877475e-06
9.116392784498367208e-01,-1.966446034902581425e-03,6.597662353250812039e-06
9.126291147999435749e-01,-1.969443205241902441e-03,6.597385453065882428e-06
9.136189511500504290e-01,-1.972543472677001485e-03,6.597884510611863460e-06
9.146087875001572831e-01,-1.975684348856957331e-03,6.597407205416577917e-06
9.155986238502641372e-01,-1.978616745658337474e-03,6.597672402968547449e-06
9.165884602003709913e-01,-1.981406558310844831e-03,6.597742270184537748e-06
9.175782965504778455e-01,-1.984225672220242629e-03,6.597397596228383691e-06
9.185681329005846996e-01,-1.987078083878950421e-03,6.597874949090814259e-06
9.195579692506915537e-01,-1.989934771674558515e-03,6.597482716985939918e-06
9.205478056007984078e-01,-1.992706977891837289e-03,6.597632136425464488e-06
9.215376419509052619e-01,-1.995413247884236276e-03,6.597820156509976957e-06
9.225274783010121160e-01,-1.998133096426186941e-03,6.597396601982415481e-06
9.235173146511189701e-01,-2.000825689354222923e-03,6.597878120494263425e-06
9.245071510012258242e-01,-2.003430825148897615e-03,6.597561805744522044e-06
9.254969873513326784e-01,-2.005985276061419877e-03,6.597597340057863610e-06
9.264868237014395325e-01,-2.008513548228151643e-03,6.597887421149195507e-06
9.274766600515463866e-01,-2.010967456415284262e-03,6.597398087118020573e-06
9.284664964016532407e-01,-2.013354447702925699e-03,6.597893163784959668e-06
9.294563327517600948e-01,-2.015671138024706811e-03,6.597637546324192313e-06
9.304461691018669489e-01,-2.017911922114874312e-03,6.597541788808244248e-06
9.314360054519738030e-01,-2.020052236560656526e-03,6.597973114042186331e-06
9.324258418020806571e-01,-2.022227183652373396e-03,6.597418402432563823e-06
9.334156781521875113e-01,-2.024470097454832834e-03,6.597850340701660738e-06
9.344055145022943654e-01,-2.026539426035712296e-03,6.597765965569742159e-06
9.353953508524012195e-01,-2.028483086742621962e-03,6.597484180075639767e-06
9.363851872025080736e-01,-2.030443430847647755e-03,6.598030626075242893e-06
9.373750235526149277e-01,-2.032449219755364054e-03,6.597471801562625149e-06
9.383648599027217818e-01,-2.034386367131927730e-03,6.597816334099595747e-06
9.393546962528286359e-01,-2.036212426818525319e-03,6.597848401409234955e-06
9.403445326029354900e-01,-2.037963229129900657e-03,6.597477847116843688e-06
9.413343689530423442e-01,-2.039638474846465835e-03,6.598044675458530842e-06
9.423242053031491983e-01,-2.041283566852151662e-03,6.597545768294086393e-06
9.433140416532560524e-01,-2.042920857351549282e-03,6.597777423778289989e-06
9.443038780033629065e-01,-2.044506631331949580e-03,6.597936803106725049e-06
9.452937143534697606e-01,-2.046000525114808049e-03,6.597466634739078414e-06
9.462835507035766147e-01,-2.047472327586334628e-03,6.598067471123620897e-06
9.472733870536834688e-01,-2.049022073321752919e-03,6.597618578013594452e-06
9.482632234037903229e-01,-2.050514786270481692e-03,6.597733854020183674e-06
9.492530597538971771e-01,-2.051878292028929719e-03,6.598020646118680233e-06
9.502428961040040312e-01,-2.053164122078998503e-03,6.597481390079602019e-06
9.512327324541108853e-01,-2.054399208301593144e-03,6.598049152823934967e-06
9.522225688042177394e-01,-2.055582765925669051e-03,6.597713173332696528e-06
9.532124051543245935e-01,-2.056772670073262615e-03,6.597698884707583511e-06
9.542022415044314476e-01,-2.057972945160609426e-03,6.598082589734872901e-06
9.551920778545383017e-01,-2.059190177396212976e-03,6.597511106204855967e-06
9.561819142046451558e-01,-2.060280649762555663e-03,6.598036536562626125e-06
9.571717505547520100e-01,-2.061144776425978195e-03,6.597801742176653306e-06
9.581615869048588641e-01,-2.061855752772211343e-03,6.597679623233556462e-06
9.591514232549657182e-01,-2.062612908934516754e-03,6.598115029016425423e-06
9.601412596050725723e-01,-2.063475818185412595e-03,6.597565657220343325e-06
9.611310959551794264e-01,-2.064312889975580649e-03,6.598028733503806851e-06
9.621209323052862805e-01,-2.065069412327242768e-03,6.597857652994133010e-06
9.631107686553931346e-01,-2.065805541102565951e-03,6.597683577272034360e-06
9.641006050054999887e-01,-2.066550372564494344e-03,6.598155933919647296e-06
9.650904413556068429e-01,-2.067267153546751505e-03,6.597597462010616343e-06
9.660802777057136970e-01,-2.067861914663478903e-03,6.598019769129842746e-06
9.670701140558205511e-01,-2.068388994358834419e-03,6.597945339538910529e-06
9.680599504059274052e-01,-2.068975451022091877e-03,6.597666402005141750e-06
9.690497867560342593e-01,-2.069518144210321427e-03,6.598185007344438455e-06
9.700396231061411134e-01,-2.069954654011117983e-03,6.597682390427868764e-06
9.710294594562479675e-01,-2.070350216414095727e-03,6.597951564716629928e-06
9.720192958063548216e-01,-2.070670161978759114e-03,6.598057802019012935e-06
9.730091321564616758e-01,-2.071034021722254013e-03,6.597647222175751431e-06
9.739989685065685299e-01,-2.071420049005866237e-03,6.598194924604049264e-06
9.749888048566753840e-01,-2.071706234547120423e-03,6.597781236036394332e-06
9.759786412067822381e-01,-2.071845907471512108e-03,6.597892577372833026e-06
9.769684775568890922e-01,-2.071902485655224835e-03,6.598154141438775956e-06
9.779583139069959463e-01,-2.071881459301469497e-03,6.597648388342365559e-06
9.789481502571028004e-01,-2.071803326039636794e-03,6.598203439922363052e-06
9.799379866072096545e-01,-2.071714336922108810e-03,6.597860935184732200e-06
9.809278229573165087e-01,-2.071579737173053111e-03,6.597851598911187159e-06
9.819176593074233628e-01,-2.071339396791230681e-03,6.598241517927132121e-06
9.829074956575302169e-01,-2.071026874780023275e-03,6.597660176604847503e-06
9.838973320076370710e-01,-2.070682813125930642e-03,6.598186140641863679e-06
9.848871683577439251e-01,-2.070375218992470592e-03,6.597974416326675751e-06
9.858770047078507792e-01,-2.070154959236805703e-03,6.597801712476300208e-06
9.868668410579576333e-01,-2.069798533200765522e-03,6.598311856010751195e-06
9.878566774080644874e-01,-2.069234416084534105e-03,6.597694535794152396e-06
9.888465137581713416e-01,-2.068643723233759557e-03,6.598161745031138017e-06
9.898363501082781957e-01,-2.068136428378279396e-03,6.598080265190289625e-06
9.908261864583850498e-01,-2.067633268601742989e-03,6.597757260767627136e-06
9.918160228084919039e-01,-2.067005032250825939e-03,6.598354810415117698e-06
9.928058591585987580e-01,-2.066208270759691077e-03,6.597768910380533623e-06
9.937956955087056121e-01,-2.065279628732531042e-03,6.598113035679319092e-06
9.947855318588124662e-01,-2.064382719705245076e-03,6.598165905024032949e-06
9.957753682089193203e-01,-2.063617108668292909e-03,6.597773344288751453e-06
9.967652045590261745e-01,-2.062833511096135494e-03,6.598350077799252099e-06
9.977550409091330286e-01,-2.061787447461924539e-03,6.597850990294644918e-06
9.987448772592398827e-01,-2.060653762776016359e-03,6.598080090738984546e-06
9.997347136093467368e-01,-2.059670838987644106e-03,6.598253068175331167e-06
1.000724549959457921e+00,-2.058724265112797658e-03,6.597756769671559007e-06
1.001714386309570770e+00,-2.057698919438088331e-03,6.598391019658198741e-06
1.002704222659683619e+00,-2.056514682985535053e-03,6.597901378286379817e-06
1.003694059009796469e+00,-2.055261554116570404e-03,6.598045968452678193e-06
1.004683895359909318e+00,-2.054054256742367853e-03,6.598346461880599885e-06
1.005673731710022167e+00,-2.052821395241889810e-03,6.597739142297657815e-06
1.006663568060135017e+00,-2.051524044128472460e-03,6.598423240605968034e-06
1.007653404410247866e+00,-2.050092948995120221e-03,6.597972301666009700e-06
1.008643240760360715e+00,-2.048597129996342341e-03,6.598010604862364356e-06
1.009633077110473565e+00,-2.047152820942801151e-03,6.598422283805780587e-06
1.010622913460586414e+00,-2.045786182656178336e-03,6.597753299189570908e-06
1.011612749810699263e+00,-2.044358448553548497e-03,6.598420997769627732e-06
1.012602586160812113e+00,-2.042780448336660448e-03,6.598044748922472545e-06
1.013592422510924962e+00,-2.041114743696682485e-03,6.597997000546473786e-06
1.014582258861037811e+00,-2.039388986713578083e-03,6.598470127329508696e-06
1.015572095211150661e+00,-2.037693877168569260e-03,6.597781173992219433e-06
1.016561931561263510e+00,-2.035952665643611138e-03,6.598408691790208557e-06
1.017551767911376359e+00,-2.034081635041714176e-03,6.598136715078720565e-06
1.018541604261489208e+00,-2.032225382795853526e-03,6.597964880870773430e-06
1.019531440611602058e+00,-2.030455244956179493e-03,6.598518595334828968e-06
1.020521276961714907e+00,-2.028617479996250132e-03,6.597827463343232099e-06
1.021511113311827756e+00,-2.026496107944427295e-03,6.598385758184261441e-06
1.022500949661940606e+00,-2.024171925755050266e-03,6.598221444474686643e-06
1.023490786012053455e+00,-2.021888719640532826e-03,6.597937101418338328e-06
1.024480622362166304e+00,-2.019826110669671083e-03,6.598555897994027276e-06
1.025470458712279154e+00,-2.017777130375498270e-03,6.597904792947197544e-06
1.026460295062392003e+00,-2.015576404190143854e-03,6.598311504975356968e-06
1.027450131412504852e+00,-2.013249959577765279e-03,6.598345387159849089e-06
1.028439967762617702e+00,-2.010958241753696678e-03,6.597918783691743878e-06
1.029429804112730551e+00,-2.008715905646368122e-03,6.598551859843863968e-06
1.030419640462843400e+00,-2.006374972686440512e-03,6.598008607430118846e-06
1.031409476812956250e+00,-2.003921463618573307e-03,6.598257588840446303e-06
1.032399313163069099e+00,-2.001398889667223291e-03,6.598414987631036635e-06
1.033389149513181948e+00,-1.998863570103575921e-03,6.597944664706457020e-06
1.034378985863294798e+00,-1.996303911201280281e-03,6.598533271404624780e-06
1.035368822213407647e+00,-1.993611191824042929e-03,6.598089473382277634e-06
1.036358658563520496e+00,-1.990890835284093129e-03,6.598225819247035833e-06
1.037348494913633346e+00,-1.988219925808060260e-03,6.598470591704785785e-06
1.038338331263746195e+00,-1.985478418858737781e-03,6.597970627780374463e-06
1.039328167613859044e+00,-1.982684870216377872e-03,6.598524542255070307e-06
1.040318003963971893e+00,-1.979827340619291429e-03,6.598172946643418616e-06
1.041307840314084743e+00,-1.976840053617932684e-03,6.598183579059580754e-06
1.042297676664197592e+00,-1.973814869134184278e-03,6.598531323766993232e-06
1.043287513014310441e+00,-1.970735116011152008e-03,6.597999567303530014e-06
1.044277349364423291e+00,-1.967685878034687325e-03,6.598491529964899794e-06
1.045267185714536140e+00,-1.964628860148584250e-03,6.598270698340914886e-06
1.046257022064648989e+00,-1.961474057898485862e-03,6.598152931915635235e-06
1.047246858414761839e+00,-1.958236206991201874e-03,6.598564436864624100e-06
1.048236694764874688e+00,-1.955048619677882821e-03,6.598051851770892649e-06
1.049226531114987537e+00,-1.951965097729709041e-03,6.598456771917664913e-06
1.050216367465100387e+00,-1.948833703395294993e-03,6.598365674754658923e-06
1.051206203815213236e+00,-1.945584953922935420e-03,6.598114295008531590e-06
1.052196040165326085e+00,-1.942287238010992866e-03,6.598604948074463906e-06
1.053185876515438935e+00,-1.938939525894034250e-03,6.598102096905476912e-06
1.054175712865551784e+00,-1.935557067892579221e-03,6.598421190522645801e-06
1.055165549215664633e+00,-1.932220623860508727e-03,6.598441557955020417e-06
1.056155385565777483e+00,-1.928841110994400235e-03,6.598093072994551197e-06
1.057145221915890332e+00,-1.925234850580954905e-03,6.598647150749932434e-06
1.058135058266003181e+00,-1.921502451180260099e-03,6.598138406521145666e-06
1.059124894616116030e+00,-1.917865492372144943e-03,6.598385903760191325e-06
1.060114730966228880e+00,-1.914273351797069747e-03,6.598537889110465931e-06
1.061104567316341729e+00,-1.910629967012840739e-03,6.598055414048685578e-06
1.062094403666454578e+00,-1.906843468978073036e-03,6.598661989065803552e-06
1.063084240016567428e+00,-1.903001523768070883e-03,6.598224357007734193e-06
1.064074076366680277e+00,-1.899145463890265263e-03,6.598311890365134445e-06
1.065063912716793126e+00,-1.895323568630334415e-03,6.598624236656298971e-06
1.066053749066905976e+00,-1.891485202926726462e-03,6.598066980527456368e-06
1.067043585417018825e+00,-1.887540238230895782e-03,6.598627592192285744e-06
1.068033421767131674e+00,-1.883495769576328232e-03,6.598328084508639701e-06
1.069023258117244524e+00,-1.879372057321177566e-03,6.598251878354741769e-06
1.070013094467357373e+00,-1.875243838440560215e-03,6.598685505573112937e-06
1.071002930817470222e+00,-1.871052693162651194e-03,6.598096061131314234e-06
1.071992767167583072e+00,-1.866791810574748621e-03,6.598603326732987810e-06
1.072982603517695921e+00,-1.862496860170025212e-03,6.598400231757985957e-06
1.073972439867808770e+00,-1.858149720515838745e-03,6.598220622018119986e-06
1.074962276217921620e+00,-1.853788133022810309e-03,6.598722422735626351e-06
1.075952112568034469e+00,-1.849447245021815494e-03,6.598121230606207630e-06
1.076941948918147318e+00,-1.845080715807663170e-03,6.598576143323373656e-06
1.077931785268260167e+00,-1.840568397283941096e-03,6.598478396520284476e-06
1.078921621618373017e+00,-1.835922900578146159e-03,6.598195884306687430e-06
1.079911457968485866e+00,-1.831227649882715726e-03,6.598734466601627500e-06
1.080901294318598715e+00,-1.826552490649564764e-03,6.598183437809859788e-06
1.081891130668711565e+00,-1.821974313787473512e-03,6.598531041228155800e-06
1.082880967018824414e+00,-1.817420001187470841e-03,6.598546658994576838e-06
1.083870803368937263e+00,-1.812689748241237122e-03,6.598182071744174840e-06
1.084860639719050113e+00,-1.807830460020973858e-03,6.598737784437056164e-06
1.085850476069162962e+00,-1.802906112278583519e-03,6.598245675053249971e-06
1.086840312419275811e+00,-1.797948631531694078e-03,6.598483968653356201e-06
1.087830148769388661e+00,-1.792994967301495424e-03,6.598593845851796905e-06
1.088819985119501510e+00,-1.788060593565735145e-03,6.598209968058303333e-06
1.089809821469614359e+00,-1.783111038919468760e-03,6.598708227303968268e-06
1.090799657819727209e+00,-1.778174495538111183e-03,6.598314173009841311e-06
1.091789494169840058e+00,-1.773241218298455320e-03,6.598452084523777908e-06
1.092779330519952907e+00,-1.768239480760483515e-03,6.598636779477749797e-06
1.093769166870065757e+00,-1.763152886822257374e-03,6.598211137923531718e-06
1.094759003220178606e+00,-1.757963975547753230e-03,6.598702148114370396e-06
1.095748839570291455e+00,-1.752784633286033709e-03,6.598383140132524701e-06
1.096738675920404305e+00,-1.747636999546416884e-03,6.598386280653666759e-06
1.097728512270517154e+00,-1.742405290412047314e-03,6.598717045386769562e-06
1.098718348620630003e+00,-1.736963599967753001e-03,6.598202527839259882e-06
1.099708184970742852e+00,-1.731445372051135636e-03,6.598671356075399368e-06
1.100698021320855702e+00,-1.726045300143342742e-03,6.598477935854392515e-06
1.101687857670968551e+00,-1.720733649185202455e-03,6.598313464395404007e-06
1.102677694021081400e+00,-1.715328151373669147e-03,6.598775568068083372e-06
1.103667530371194250e+00,-1.709755828783225944e-03,6.598228224318905880e-06
1.104657366721307099e+00,-1.704083876622532060e-03,6.598617599485012563e-06
1.105647203071419948e+00,-1.698457149540263207e-03,6.598560110164496501e-06
1.106637039421532798e+00,-1.692829150441292315e-03,6.598273338524325731e-06
1.107626875771645647e+00,-1.687162771347587012e-03,6.598785840616685429e-06
1.108616712121758496e+00,-1.681451420931924338e-03,6.598276035606961355e-06
1.109606548471871346e+00,-1.675587019186803271e-03,6.598569152479647368e-06
1.110596384821984195e+00,-1.669723812751298464e-03,6.598633950111110747e-06
1.111586221172097044e+00,-1.664003894450271932e-03,6.598242169501331447e-06
1.112576057522209894e+00,-1.658251288916673481e-03,6.598780296455120888e-06
1.113565893872322743e+00,-1.652386158935815292e-03,6.598353860971543535e-06
1.114555730222435592e+00,-1.646422327971455582e-03,6.598484178712972624e-06
1.115545566572548442e+00,-1.640502429782090404e-03,6.598717248172000118e-06
1.116535402922661291e+00,-1.634575654032796544e-03,6.598213772598290048e-06
1.117525239272774140e+00,-1.628524081215326248e-03,6.598773798718807684e-06
1.118515075622886989e+00,-1.622397062005855994e-03,6.598421506816824455e-06
1.119504911972999839e+00,-1.616220175674552405e-03,6.598404008249392267e-06
1.120494748323112688e+00,-1.609965499920800380e-03,6.598792497965281740e-06
1.121484584673225537e+00,-1.603711512481547936e-03,6.598212752295723215e-06
1.122474421023338387e+00,-1.597384846691271435e-03,6.598723201619119901e-06
1.123464257373451236e+00,-1.590925269496139575e-03,6.598514576899576889e-06
1.124454093723564085e+00,-1.584448777199457155e-03,6.598334408766735369e-06
1.125443930073676935e+00,-1.578064577049037576e-03,6.598829494782647306e-06
1.126433766423789784e+00,-1.571709369330789819e-03,6.598222314624885046e-06
1.127423602773902633e+00,-1.565247688470197381e-03,6.598700325595530484e-06
1.128413439124015483e+00,-1.558635879342100709e-03,6.598553934959951538e-06
1.129403275474128332e+00,-1.552023330229626661e-03,6.598303915683695254e-06
1.130393111824241181e+00,-1.545554376662964689e-03,6.598858096638106420e-06
1.131382948174354031e+00,-1.539106135490054443e-03,6.598218849573287853e-06
1.132372784524466880e+00,-1.532510794132121990e-03,6.598683808993891256e-06
1.133362620874579729e+00,-1.525722541200293970e-03,6.598600074547486386e-06
1.134352457224692579e+00,-1.518898019762456508e-03,6.598259757913960008e-06
1.135342293574805428e+00,-1.512154790197959295e-03,6.598891332661397146e-06
1.136332129924918277e+00,-1.505502652379025292e-03,6.598228450304351921e-06
1.137321966275031127e+00,-1.498701244919619594e-03,6.598637857295876464e-06
1.138311802625143976e+00,-1.491794539908034359e-03,6.598661077878431794e-06
1.139301638975256825e+00,-1.484921987081802520e-03,6.598222867798042927e-06
1.140291475325369674e+00,-1.478098888164761093e-03,6.598882927672124928e-06
1.141281311675482524e+00,-1.471325253051211602e-03,6.598287491461082851e-06
1.142271148025595373e+00,-1.464444572043031075e-03,6.598572779350210280e-06
1.143260984375708222e+00,-1.457340754569458677e-03,6.598717561623509943e-06
1.144250820725821072e+00,-1.450093452824116700e-03,6.598192558218234750e-06
1.145240657075933921e+00,-1.443029669562508922e-03,6.598870207969692283e-06
1.146230493426046770e+00,-1.436178124271095995e-03,6.598340438147099491e-06
1.147220329776159620e+00,-1.429263498282070180e-03,6.598492815793127236e-06
1.148210166126272469e+00,-1.422107845643469674e-03,6.598774664253744633e-06
1.149200002476385318e+00,-1.414732726043284230e-03,6.598174999086221427e-06
1.150189838826498168e+00,-1.407369813781390692e-03,6.598842472162959975e-06
1.151179675176611017e+00,-1.400155978053470394e-03,6.598393126182379803e-06
1.152169511526723866e+00,-1.392916669733480382e-03,6.598426007651317733e-06
1.153159347876836716e+00,-1.385477332817623480e-03,6.598827540930029245e-06
1.154149184226949565e+00,-1.378047709280063801e-03,6.598160396247541677e-06
1.155139020577062414e+00,-1.370710945098009429e-03,6.598794533649256474e-06
1.156128856927175264e+00,-1.363439703824167928e-03,6.598475067144690051e-06
1.157118693277288113e+00,-1.356030535466577151e-03,6.598342165742731383e-06
1.158108529627400962e+00,-1.348414477079955005e-03,6.598846728057540988e-06
1.159098365977513811e+00,-1.340742617574300095e-03,6.598201337448901067e-06
1.160088202327626661e+00,-1.333201195821164409e-03,6.598708345578370313e-06
1.161078038677739510e+00,-1.325651855218339245e-03,6.598547936190074028e-06
1.162067875027852359e+00,-1.317908639421734758e-03,6.598304598877743768e-06
1.163057711377965209e+00,-1.309981437130712046e-03,6.598823920519749353e-06
1.164047547728078058e+00,-1.302087750208412486e-03,6.598252502635563407e-06
1.165037384078190907e+00,-1.294347056503735230e-03,6.598631778646890594e-06
1.166027220428303757e+00,-1.286597191092185262e-03,6.598598033049900172e-06
1.167017056778416606e+00,-1.278784151887414362e-03,6.598273495281071037e-06
1.168006893128529455e+00,-1.270893565800903678e-03,6.598810022657403837e-06
1.168996729478642305e+00,-1.262896148603875847e-03,6.598282202573870349e-06
1.169986565828755154e+00,-1.254920855305279156e-03,6.598564931093713787e-06
1.170976402178868003e+00,-1.247020458472857495e-03,6.598653326212929172e-06
1.171966238528980853e+00,-1.239097625863589238e-03,6.598223826378494576e-06
1.172956074879093702e+00,-1.231060582015364472e-03,6.598800645431666564e-06
1.173945911229206551e+00,-1.222949697613239829e-03,6.598329156511363412e-06
1.174935747579319401e+00,-1.214915015595205471e-03,6.598487356840245558e-06
1.175925583929432250e+00,-1.206891233007414879e-03,6.598693321891058165e-06
1.176915420279545099e+00,-1.198854030567533379e-03,6.598202499401779546e-06
1.177905256629657949e+00,-1.190807958552806897e-03,6.598762203830391754e-06
1.178895092979770798e+00,-1.182708378408925268e-03,6.598383741883138150e-06
1.179884929329883647e+00,-1.174521870472659650e-03,6.598397731163999693e-06
1.180874765679996496e+00,-1.166295706923482561e-03,6.598747783174456847e-06
1.181864602030109346e+00,-1.158100175460431789e-03,6.598178819403544414e-06
1.182854438380222195e+00,-1.149878138313672592e-03,6.598721027172649207e-06
1.183844274730335044e+00,-1.141548045579083084e-03,6.598427886154015941e-06
1.184834111080447894e+00,-1.133157709038497057e-03,6.598338515401598705e-06
1.185823947430560743e+00,-1.124730788975084050e-03,6.598769060183600564e-06
1.186813783780673592e+00,-1.116318658439051153e-03,6.598164810172709835e-06
1.187803620130786442e+00,-1.107910224337783087e-03,6.598674927467740301e-06
1.188793456480899291e+00,-1.099473557093150157e-03,6.598482005957995385e-06
1.189783292831012140e+00,-1.091042086842634396e-03,6.598246084545819219e-06
1.190773129181124990e+00,-1.082641451958283804e-03,6.598806040055856874e-06
1.191762965531237839e+00,-1.074216698178878226e-03,6.598166841162270427e-06
1.192752801881350688e+00,-1.065748398923372893e-03,6.598589918496448421e-06
1.193742638231463538e+00,-1.057259140194040034e-03,6.598565125191497457e-06
1.194732474581576387e+00,-1.048820313576779347e-03,6.598164552222141106e-06
1.195722310931689236e+00,-1.040399903804859957e-03,6.598801418031018443e-06
1.196712147281802086e+00,-1.031876561422219625e-03,6.598201601657876911e-06
1.197701983631914935e+00,-1.023211704431928153e-03,6.598496502568704514e-06
1.198691819982027784e+00,-1.014537235456647920e-03,6.598621142207952150e-06
1.199681656332140633e+00,-1.005885626545421864e-03,6.598126132358908097e-06
1.200671492682253483e+00,-9.972029475275037084e-04,6.598766357668972296e-06
1.201661329032366332e+00,-9.884814771694105766e-04,6.598228570569201771e-06
1.202651165382479181e+00,-9.797595407889387719e-04,6.598444825685251007e-06
1.203641001732592031e+00,-9.710345511476590466e-04,6.598620862150937347e-06
1.204630838082704880e+00,-9.623007861608062936e-04,6.598122032773481547e-06
1.205620674432817729e+00,-9.535722460927710227e-04,6.598715679655555901e-06
1.206610510782930579e+00,-9.446893972785312199e-04,6.598278042488121972e-06
1.207600347133043428e+00,-9.357590842485985320e-04,6.598358577907167402e-06
1.208590183483156277e+00,-9.267973532076346187e-04,6.598639537331970397e-06
1.209580019833269127e+00,-9.178458072329789526e-04,6.598116441158569026e-06
1.210569856183381976e+00,-9.090097578249574199e-04,6.598652038878462004e-06
1.211559692533494825e+00,-9.002471102455899621e-04,6.598322605130349629e-06
1.212549528883607675e+00,-8.913587716536753918e-04,6.598287817715783665e-06
1.213539365233720524e+00,-8.822295138200008692e-04,6.598654766409147037e-06
1.214529201583833373e+00,-8.730656014361953517e-04,6.598113088333772934e-06
1.215519037933946223e+00,-8.639830139982307682e-04,6.598576183556868597e-06
1.216508874284059072e+00,-8.549817070278672342e-04,6.598374920522483675e-06
1.217498710634171921e+00,-8.459738074155643932e-04,6.598224394643139375e-06
1.218488546984284771e+00,-8.368955631675546259e-04,6.598634932900778774e-06
1.219478383334397620e+00,-8.278498550717079598e-04,6.598130165520913860e-06
1.220468219684510469e+00,-8.188496251922486313e-04,6.598505596295786429e-06
1.221458056034623318e+00,-8.097655935299091908e-04,6.598404399197729440e-06
1.222447892384736168e+00,-8.006209490078219134e-04,6.598169429828376784e-06
1.223437728734849017e+00,-7.915620457075966650e-04,6.598636051009265939e-06
1.224427565084961866e+00,-7.824620319505342769e-04,6.598123992225569301e-06
1.225417401435074716e+00,-7.732366317596475877e-04,6.598443137132878606e-06
1.226407237785187565e+00,-7.639285598347947143e-04,6.598446205184427878e-06
1.227397074135300414e+00,-7.547202490643879942e-04,6.598100437446695721e-06
1.228386910485413264e+00,-7.455425932003198908e-04,6.598621167822003164e-06
1.229376746835526113e+00,-7.363288037247028546e-04,6.598148789068172004e-06
1.230366583185638962e+00,-7.270964745529967174e-04,6.598344716099832995e-06
1.231356419535751812e+00,-7.179436169958490184e-04,6.598497231845339966e-06
1.232346255885864661e+00,-7.087501862786131559e-04,6.598058725681358038e-06
1.233336092235977510e+00,-6.995524156750517657e-04,6.598551836906293919e-06
1.234325928586090360e+00,-6.903039917070299394e-04,6.598222406544063614e-06
1.235315764936203209e+00,-6.809605538738589805e-04,6.598230057792162013e-06
1.236305601286316058e+00,-6.716512581404358905e-04,6.598523507149233916e-06
1.237295437636428908e+00,-6.624275192588190402e-04,6.598049599391598796e-06
1.238285273986541757e+00,-6.531759539486461843e-04,6.598475313893073563e-06
1.239275110336654606e+00,-6.437886143203880264e-04,6.598281028235790465e-06
1.240264946686767455e+00,-6.342833757529351942e-04,6.598121227741944543e-06
1.241254783036880305e+00,-6.249368327768998295e-04,6.598548750027253743e-06
1.242244619386993154e+00,-6.156987860294220244e-04,6.598037356532519196e-06
1.243234455737106003e+00,-6.063634937855650166e-04,6.598391153724459438e-06
1.244224292087218853e+00,-5.968336570319372758e-04,6.598340057290428047e-06
1.245214128437331702e+00,-5.871841826389727738e-04,6.598035452659400366e-06
1.246203964787444551e+00,-5.776565530410312241e-04,6.598560362297875882e-06
1.247193801137557401e+00,-5.682639667448438495e-04,6.598023931868071409e-06
1.248183637487670250e+00,-5.588157436113294629e-04,6.598314295207793141e-06
1.249173473837783099e+00,-5.491105228928750553e-04,6.598391979539959812e-06
1.250163310187895949e+00,-5.393238189433597132e-04,6.597951249179475113e-06
1.251153146538008798e+00,-5.296974622781843540e-04,6.598547377774862170e-06
1.252142982888121647e+00,-5.202208445113982614e-04,6.598040464729429631e-06
1.253132819238234497e+00,-5.107438607755500392e-04,6.598228794446134626e-06
1.254122655588347346e+00,-5.011226097662828264e-04,6.598412701113888258e-06
1.255112491938460195e+00,-4.914313869160649067e-04,6.597921548091697875e-06
1.256102328288573045e+00,-4.818499458954369694e-04,6.598497997201998563e-06
1.257092164638685894e+00,-4.723860191605786549e-04,6.598058738778922622e-06
1.258082000988798743e+00,-4.629039255755819674e-04,6.598163949825283023e-06
1.259071837338911592e+00,-4.533098761925737834e-04,6.598411577047618676e-06
1.260061673689024442e+00,-4.436403560526440480e-04,6.597890394355373158e-06
1.261051510039137291e+00,-4.340065562733310734e-04,6.598452234825175010e-06
1.262041346389250140e+00,-4.244135588120662313e-04,6.598074619468864845e-06
1.263031182739362990e+00,-4.147220650919024266e-04,6.598080764247766115e-06
1.264021019089475839e+00,-4.049417357363484975e-04,6.598448887430011728e-06
1.265010855439588688e+00,-3.951642876952608297e-04,6.597827103360007975e-06
1.266000691789701538e+00,-3.854614689839963603e-04,6.598419218969947853e-06
1.266990528139814387e+00,-3.758109845462303720e-04,6.598102926870324879e-06
1.267980364489927236e+00,-3.662017015013969826e-04,6.597984501413089260e-06
1.268970200840040086e+00,-3.565548051250742780e-04,6.598465279682534442e-06
1.269960037190152935e+00,-3.467911205968785601e-04,6.597816162306549412e-06
1.270949873540265784e+00,-3.370331756830064287e-04,6.598338739086642174e-06
1.271939709890378634e+00,-3.273136576978719959e-04,6.598145169027604206e-06
1.272929546240491483e+00,-3.175624583733044478e-04,6.597895584240481166e-06
1.273919382590604332e+00,-3.078618676857347710e-04,6.598470956547140620e-06
1.274909218940717182e+00,-2.982156257668799404e-04,6.597807610525203662e-06
1.275899055290830031e+00,-2.886331903321749334e-04,6.598252930358300159e-06
1.276888891640942880e+00,-2.790509745258180950e-04,6.598190192621302677e-06
1.277878727991055730e+00,-2.692706228139257058e-04,6.597824537036757977e-06
1.278868564341168579e+00,-2.593931081722848924e-04,6.598444197937327852e-06
1.279858400691281428e+00,-2.495961605354309098e-04,6.597811869028005795e-06
1.280848237041394277e+00,-2.399160292184669859e-04,6.598172980952977730e-06
1.281838073391507127e+00,-2.302696864270413609e-04,6.598215224910297784e-06
1.282827909741619976e+00,-2.206244402335838745e-04,6.597768814359873294e-06
1.283817746091732825e+00,-2.109338603152313620e-04,6.598403751450556259e-06
1.284807582441845675e+00,-2.011576854868639798e-04,6.597850018983094949e-06
1.285797418791958524e+00,-1.914166747926118143e-04,6.598053008163825685e-06
1.286787255142071373e+00,-1.817749012034671830e-04,6.598262997644938004e-06
1.287777091492184223e+00,-1.721222444608942932e-04,6.597729166192097416e-06
1.288766927842297072e+00,-1.622793368284311771e-04,6.598322235377644850e-06
1.289756764192409921e+00,-1.523890642531461597e-04,6.597915875805840102e-06
1.290746600542522771e+00,-1.425430490995662847e-04,6.597937495271091338e-06
1.291736436892635620e+00,-1.327131160421980011e-04,6.598277877420314797e-06
1.292726273242748469e+00,-1.229080501703448442e-04,6.597712618188444698e-06
1.293716109592861319e+00,-1.131088378777524926e-04,6.598241632890202854e-06
1.294705945942974168e+00,-1.033041174908121493e-04,6.597954970831044459e-06
1.295695782293087017e+00,-9.349377087444552925e-05,6.597865558070106130e-06
1.296685618643199867e+00,-8.373889759355636992e-05,6.598269295801300050e-06
1.297675454993312716e+00,-7.397822132079800788e-05,6.597693972958456852e-06
1.298665291343425565e+00,-6.413094792924183983e-05,6.598183363838455564e-06
1.299655127693538414e+00,-5.421609909274879461e-05,6.597972618419890075e-06
1.300644964043651264e+00,-4.439482003775435768e-05,6.597786213770890219e-06
1.301634800393764113e+00,-3.460063619044013923e-05,6.598268887663715855e-06
1.302624636743876962e+00,-2.477374040905066784e-05,6.597690102747800754e-06
1.303614473093989812e+00,-1.483971490452656846e-05,6.598083624532656963e-06
1.304604309444102661e+00,-4.933167270362887243e-06,6.598024582532660688e-06
1.305594145794215510e+00,4.890291445434596292e-06,6.597694714603728286e-06
1.306583982144328360e+00,1.464168041815282660e-05,6.598270322220429015e-06
1.307573818494441209e+00,2.443274107499508372e-05,6.597680335662327970e-06
1.308563654844554058e+00,3.435853873601628643e-05,6.597999955979015209e-06
1.309553491194666908e+00,4.431035208318225108e-05,6.598071232320127020e-06
1.310543327544779757e+00,5.411725567510565005e-05,6.597618014156119676e-06
1.311533163894892606e+00,6.388330192147760383e-05,6.598239293754602924e-06
1.312523000245005456e+00,7.368546781016344712e-05,6.597699282733033424e-06
1.313512836595118305e+00,8.356806661994970657e-05,6.597904218337052854e-06
1.314502672945231154e+00,9.346695339684152521e-05,6.598104826901370870e-06
1.315492509295344004e+00,1.033141071510516971e-04,6.597556798433147592e-06
1.316482345645456853e+00,1.130336193467790495e-04,6.598213139368730494e-06
1.317472181995569702e+00,1.226851632961256536e-04,6.597707314376843701e-06
1.318462018345682552e+00,1.324174090816972714e-04,6.597815238568244936e-06
1.319451854695795401e+00,1.421920680731942406e-04,6.598145226925668024e-06
1.320441691045908250e+00,1.519497334124604473e-04,6.597490261061066072e-06
1.321431527396021099e+00,1.616342669740073183e-04,6.598169108022161719e-06
1.322421363746133949e+00,1.712855885284868740e-04,6.597742304047242089e-06
1.323411200096246798e+00,1.809838746036904536e-04,6.597708459906983224e-06
1.324401036446359647e+00,1.907637108930720731e-04,6.598163957839732587e-06
1.325390872796472497e+00,2.005561755275724392e-04,6.597475001988739222e-06
1.326380709146585346e+00,2.103916762396263471e-04,6.598077463204380230e-06
1.327370545496698195e+00,2.202773108533521518e-04,6.597802056285288750e-06
1.328360381846811045e+00,2.301477189530704080e-04,6.597623916912403653e-06
1.329350218196923894e+00,2.399982733882530370e-04,6.598138427906615084e-06
1.330340054547036743e+00,2.498087273662796381e-04,6.597495320616012235e-06
1.331329890897149593e+00,2.595999849458966043e-04,6.597982757083394841e-06
1.332319727247262442e+00,2.693904558995706389e-04,6.597827762381304032e-06
1.333309563597375291e+00,2.791125379725644794e-04,6.597570373717767401e-06
1.334299399947488141e+00,2.888266464250493419e-04,6.598113080646780378e-06
1.335289236297600990e+00,2.986261211087588960e-04,6.597504092741209691e-06
1.336279072647713839e+00,3.085680268492164849e-04,6.597890566578945164e-06
1.337268908997826689e+00,3.184295124051243634e-04,6.597865478741935952e-06
1.338258745347939538e+00,3.280889678745689910e-04,6.597511646023332412e-06
1.339248581698052387e+00,3.376247363416350370e-04,6.598080380878088525e-06
1.340238418048165236e+00,3.472473712215624593e-04,6.597515318849787309e-06
1.341228254398278086e+00,3.571031790420687679e-04,6.597813499407652087e-06
1.342218090748390935e+00,3.669770002966442129e-04,6.597890902097962112e-06
1.343207927098503784e+00,3.767022837325455687e-04,6.597452607120686598e-06
1.344197763448616634e+00,3.864458737653538706e-04,6.598042774237417959e-06
1.345187599798729483e+00,3.962031208474426497e-04,6.597536927275758940e-06
1.346177436148842332e+00,4.059032877631948305e-04,6.597730098540528223e-06
1.347167272498955182e+00,4.155927938990154852e-04,6.597898204287072823e-06
1.348157108849068031e+00,4.252614258374011686e-04,6.597439814908560932e-06
1.349146945199180880e+00,4.349132020419669664e-04,6.597972314826118350e-06
1.350136781549293730e+00,4.445585230642481187e-04,6.597565661477794345e-06
1.351126617899406579e+00,4.542132558329474066e-04,6.597662123220672714e-06
1.352116454249519428e+00,4.639208373926940760e-04,6.597891055383427487e-06
1.353106290599632278e+00,4.735527294367857356e-04,6.597424662661922819e-06
1.354096126949745127e+00,4.831949369788856967e-04,6.597905978022706677e-06
1.355085963299857976e+00,4.929114347392924821e-04,6.597606027467525867e-06
1.356075799649970826e+00,5.026470619175078510e-04,6.597568944044155137e-06
1.357065636000083675e+00,5.122743035573985729e-04,6.597909930663921566e-06
1.358055472350196524e+00,5.217910947197459005e-04,6.597411364258581231e-06
1.359045308700309374e+00,5.312363637727604299e-04,6.597815424536269906e-06
1.360035145050422223e+00,5.407169776704038406e-04,6.597688198122931713e-06
1.361024981400535072e+00,5.502643181236076047e-04,6.597447568467976709e-06
1.362014817750647921e+00,5.598059849726364640e-04,6.597924234568759327e-06
1.363004654100760771e+00,5.692548169389009078e-04,6.597422637170270128e-06
1.363994490450873620e+00,5.786299501033583936e-04,6.597702316321905437e-06
1.364984326800986469e+00,5.880496573771808958e-04,6.597748522958216180e-06
1.365974163151099319e+00,5.975942130949327699e-04,6.597386966041012571e-06
1.366963999501212168e+00,6.071073145265487537e-04,6.597890762471864393e-06
1.367953835851325017e+00,6.165304361537964637e-04,6.597452620258304829e-06
1.368943672201437867e+00,6.258601752291150736e-04,6.597600032853093740e-06
1.369933508551550716e+00,6.351810771391824817e-04,6.597802126320829871e-06
1.370923344901663565e+00,6.445985272144845500e-04,6.597325776638892215e-06
1.371913181251776415e+00,6.540596849342743572e-04,6.597855173611825332e-06
1.372903017601889264e+00,6.634230685801615224e-04,6.597479470962639607e-06
1.373892853952002113e+00,6.726431426145524414e-04,6.597522643976969513e-06
1.374882690302114963e+00,6.819697227633442259e-04,6.597812527962293782e-06
1.375872526652227812e+00,6.913761475564110482e-04,6.597297267890198448e-06
1.376862363002340661e+00,7.007435458398341430e-04,6.597805349753076228e-06
1.377852199352453511e+00,7.100159911085156088e-04,6.597515729897769087e-06
1.378842035702566360e+00,7.192617972520235240e-04,6.597437320442027949e-06
1.379831872052679209e+00,7.285492032042012889e-04,6.597835982002763909e-06
1.380821708402792058e+00,7.378936122385777513e-04,6.597284893035882506e-06
1.381811544752904908e+00,7.471458128017777634e-04,6.597724429987173649e-06
1.382801381103017757e+00,7.562374136592441096e-04,6.597571557803611709e-06
1.383791217453130606e+00,7.653593658085951820e-04,6.597361766288779939e-06
1.384781053803243456e+00,7.746600324339391469e-04,6.597826952248223112e-06
1.385770890153356305e+00,7.839592253641843251e-04,6.597295762360119453e-06
1.386760726503469154e+00,7.931291820457074494e-04,6.597650140573607674e-06
1.387750562853582004e+00,8.021752948788103037e-04,6.597608977820636863e-06
1.388740399203694853e+00,8.112859874321832424e-04,6.597297565631275745e-06
1.389730235553807702e+00,8.205912266314558615e-04,6.597830744081314626e-06
1.390720071903920552e+00,8.299272937529398849e-04,6.597277283628776481e-06
1.391709908254033401e+00,8.391543607483943146e-04,6.597609445394993917e-06
1.392699744604146250e+00,8.482972445786024062e-04,6.597628900246392102e-06
1.393689580954259100e+00,8.573767702963467534e-04,6.597230561305929161e-06
1.394679417304371949e+00,8.664436153524472184e-04,6.597838955914778351e-06
1.395669253654484798e+00,8.755274405662404665e-04,6.597272270405111211e-06
1.396659090004597648e+00,8.845216455780548648e-04,6.597532109418488749e-06
1.397648926354710497e+00,8.933707962515909139e-04,6.597680366041974387e-06
1.398638762704823346e+00,9.021574849887656214e-04,6.597185272712946848e-06
1.399628599054936196e+00,9.110870608485582747e-04,6.597800345706622460e-06
1.400618435405049045e+00,9.202189116212278240e-04,6.597311730698869430e-06
1.401608271755161894e+00,9.291844107133643595e-04,6.597446004009378504e-06
1.402598108105274743e+00,9.377792991790581765e-04,6.597720956336329415e-06
1.403587944455387593e+00,9.463352112475487219e-04,6.597153441077739948e-06
1.404577780805500442e+00,9.550863290371550086e-04,6.597745756670718717e-06
1.405567617155613291e+00,9.640171229809157711e-04,6.597371877825703050e-06
1.406557453505726141e+00,9.728870069462609198e-04,6.597355612951698328e-06
1.407547289855838990e+00,9.816430966227596318e-04,6.597736733375887498e-06
1.408537126205951839e+00,9.903321677518957256e-04,6.597154728675501379e-06
1.409526962556064689e+00,9.990111608569002353e-04,6.597676729340789441e-06
1.410516798906177538e+00,1.007753785500731638e-03,6.597424916349653398e-06
1.411506635256290387e+00,1.016463355812752527e-03,6.597284810888919663e-06
1.412496471606403237e+00,1.025040089792248572e-03,6.597748848409690049e-06
1.413486307956516086e+00,1.033578339919138467e-03,6.597158475504245862e-06
1.414476144306628935e+00,1.042155907694685378e-03,6.597592817177310083e-06
1.415465980656741785e+00,1.050758618762492576e-03,6.597501550038121407e-06
1.416455817006854634e+00,1.059316949060912141e-03,6.597199584067330113e-06
1.417445653356967483e+00,1.067839103115712264e-03,6.597748294686874701e-06
1.418435489707080333e+00,1.076387898115562002e-03,6.597193119789555244e-06
1.419425326057193182e+00,1.084945289088366013e-03,6.597497710373988228e-06
1.420415162407306031e+00,1.093482227217781703e-03,6.597563764183527053e-06
1.421404998757418880e+00,1.101957114471673440e-03,6.597157665408954470e-06
1.422394835107531730e+00,1.110308016759674549e-03,6.597712174058544232e-06
1.423384671457644579e+00,1.118600069602251022e-03,6.597244929571176285e-06
1.424374507807757428e+00,1.126875835420383101e-03,6.597420335554833159e-06
1.425364344157870278e+00,1.135219864784051255e-03,6.597589919264887224e-06
1.426354180507983127e+00,1.143561725168911651e-03,6.597139118220129181e-06
1.427344016858095976e+00,1.151834925250432061e-03,6.597683007054341648e-06
1.428333853208208826e+00,1.160023851251780914e-03,6.597270542585431481e-06
1.429323689558321675e+00,1.168232617238322687e-03,6.597354861684152094e-06
1.430313525908434524e+00,1.176484462041922077e-03,6.597644664949285462e-06
1.431303362258547374e+00,1.184815432758335764e-03,6.597097310622751006e-06
1.432293198608660223e+00,1.193036240496855470e-03,6.597649899500700662e-06
1.433283034958773072e+00,1.201068679296555869e-03,6.597320489634414573e-06
1.434272871308885922e+00,1.209098976420018437e-03,6.597269938258616451e-06
1.435262707658998771e+00,1.217230512953685305e-03,6.597696266573719303e-06
1.436252544009111620e+00,1.225348280410302852e-03,6.597056513604581648e-06
1.437242380359224470e+00,1.233372235869495750e-03,6.597629132829880907e-06
1.438232216709337319e+00,1.241306449651149394e-03,6.597369574925591539e-06
1.439222053059450168e+00,1.249197931176729542e-03,6.597191297849559861e-06
1.440211889409563017e+00,1.257106637860548473e-03,6.597731033395481987e-06
1.441201725759675867e+00,1.265080522704308897e-03,6.597060379615952478e-06
1.442191562109788716e+00,1.272942702245021896e-03,6.597566956947068530e-06
1.443181398459901565e+00,1.280708131957586111e-03,6.597433516503570999e-06
1.444171234810014415e+00,1.288473579614679435e-03,6.597131780608022688e-06
1.445161071160127264e+00,1.296212026851287398e-03,6.597743548464088032e-06
1.446150907510240113e+00,1.303893802752976051e-03,6.597066992984997276e-06
1.447140743860352963e+00,1.311486019572984021e-03,6.597516019574461686e-06
1.448130580210465812e+00,1.319081989098443283e-03,6.597486551200481648e-06
1.449120416560578661e+00,1.326690929102118319e-03,6.597077208681274767e-06
1.450110252910691511e+00,1.334300754453994139e-03,6.597750065066520230e-06
1.451100089260804360e+00,1.341770387847272469e-03,6.597105783748353000e-06
1.452089925610917209e+00,1.349152999217153627e-03,6.597427885771901939e-06
1.453079761961030059e+00,1.356627898944283385e-03,6.597571355677131381e-06
1.454069598311142908e+00,1.364152286777013581e-03,6.597019615251808715e-06
1.455059434661255757e+00,1.371629373189189914e-03,6.597734485284515829e-06
1.456049271011368607e+00,1.379049582669953115e-03,6.597170513504756457e-06
1.457039107361481456e+00,1.386407855216924495e-03,6.597333952231189859e-06
1.458028943711594305e+00,1.393695057371886889e-03,6.597624406585877405e-06
1.459018780061707155e+00,1.400915553106641190e-03,6.597015946756697452e-06
1.460008616411820004e+00,1.408067010633623582e-03,6.597686567544518976e-06
1.460998452761932853e+00,1.415124163702848829e-03,6.597222987711476097e-06
1.461988289112045702e+00,1.422146602560584762e-03,6.597294830224471792e-06
1.462978125462158552e+00,1.429213347278870299e-03,6.597643850872432692e-06
1.463967961812271401e+00,1.436403734787160963e-03,6.597018618113113724e-06
1.464957798162384250e+00,1.443517610384357271e-03,6.597646588090069419e-06
1.465947634512497100e+00,1.450491015576859180e-03,6.597272438815062215e-06
1.466937470862609949e+00,1.457439083442067318e-03,6.597253938032746203e-06
1.467927307212722798e+00,1.464344117798772492e-03,6.597651776924623638e-06
1.468917143562835648e+00,1.471220835501450223e-03,6.597042015578078124e-06
1.469906979912948497e+00,1.478205393396118863e-03,6.597607949576626235e-06
1.470896816263061346e+00,1.485251889152154831e-03,6.597319733773843195e-06
1.471886652613174196e+00,1.492293383991198001e-03,6.597212877906834465e-06
1.472876488963287045e+00,1.499205301683928905e-03,6.597667294129558456e-06
1.473866325313399894e+00,1.505983914452151172e-03,6.597073352666951852e-06
1.474856161663512744e+00,1.512746774920628026e-03,6.597542602506261532e-06
1.475845998013625593e+00,1.519494382332208784e-03,6.597394389761879465e-06
1.476835834363738442e+00,1.526302886118019887e-03,6.597173893073428624e-06
1.477825670713851292e+00,1.533013844147613092e-03,6.597652321158204264e-06
1.478815507063964141e+00,1.539545782933517950e-03,6.597131882353880351e-06
1.479805343414076990e+00,1.546010544655603610e-03,6.597469075335939714e-06
1.480795179764189839e+00,1.552543311618099142e-03,6.597462795480907798e-06
1.481785016114302689e+00,1.559175220324981450e-03,6.597143774792016130e-06
1.482774852464415538e+00,1.565776130956143776e-03,6.597650219840198558e-06
1.483764688814528387e+00,1.572212571967241930e-03,6.597182920074604970e-06
1.484754525164641237e+00,1.578516126988931383e-03,6.597396822949838443e-06
1.485744361514754086e+00,1.584836702919755012e-03,6.597547926732588143e-06
1.486734197864866935e+00,1.591202781493696690e-03,6.597087765260551881e-06
1.487724034214979785e+00,1.597482118315033230e-03,6.597669212457007386e-06
1.488713870565092634e+00,1.603574592616043666e-03,6.597229022989958482e-06
1.489703706915205483e+00,1.609614583598133891e-03,6.597323175068238060e-06
1.490693543265318333e+00,1.615763043162556957e-03,6.597622144655798334e-06
1.491683379615431182e+00,1.621986572344331174e-03,6.597082892088563329e-06
1.492673215965544031e+00,1.628097700277488565e-03,6.597616974004563921e-06
1.493663052315656881e+00,1.634038923459198633e-03,6.597326576260218874e-06
1.494652888665769730e+00,1.640006903193284979e-03,6.597260602824625904e-06
1.495642725015882579e+00,1.646066225340047902e-03,6.597651268550847755e-06
1.496632561365995429e+00,1.652125492052381210e-03,6.597113886063969290e-06
1.497622397716108278e+00,1.658036132674538124e-03,6.597553466081921341e-06
1.498612234066221127e+00,1.663796079069939336e-03,6.597420963952882900e-06
1.499602070416333977e+00,1.669486846390109665e-03,6.597202037109219603e-06
1.500591906766446826e+00,1.675312449142875434e-03,6.597676751672378567e-06
1.501581743116559675e+00,1.681172393535077447e-03,6.597159124005168251e-06
1.502571579466672524e+00,1.686871000656308718e-03,6.597498349368814857e-06
1.503561415816785374e+00,1.692419722138680579e-03,6.597486258594576323e-06
1.504551252166898223e+00,1.697950934100359932e-03,6.597177315986933249e-06
1.505541088517011072e+00,1.703527308493999696e-03,6.597685291198969374e-06
1.506530924867123922e+00,1.709202333922626039e-03,6.597202453647719767e-06
1.507520761217236771e+00,1.714810406809860310e-03,6.597445466525329943e-06
1.508510597567349620e+00,1.720195479793969412e-03,6.597569380346154881e-06
1.509500433917462470e+00,1.725481797226801782e-03,6.597135023847914289e-06
1.510490270267575319e+00,1.730846916015646442e-03,6.597698574534301257e-06
1.511480106617688168e+00,1.736275039934026152e-03,6.597260358618514374e-06
1.512469942967801018e+00,1.741710203463268198e-03,6.597390435063116515e-06
1.513459779317913867e+00,1.746958608967434700e-03,6.597635956088736585e-06
1.514449615668026716e+00,1.752083313991028473e-03,6.597129396006198825e-06
1.515439452018139566e+00,1.757278608688478232e-03,6.597692965546397399e-06
1.516429288368252415e+00,1.762529998362127003e-03,6.597309165116276052e-06
1.517419124718365264e+00,1.767711984563519840e-03,6.597363953348736735e-06
1.518408961068478114e+00,1.772815376688668607e-03,6.597668255049529504e-06
1.519398797418590963e+00,1.777944534772275126e-03,6.597141134961627442e-06
1.520388633768703812e+00,1.783060137902138216e-03,6.597688178998957255e-06
1.521378470118816661e+00,1.788087613578604861e-03,6.597349945887070227e-06
1.522368306468929511e+00,1.793041873758412837e-03,6.597340713021460545e-06
1.523358142819042360e+00,1.797923623618661801e-03,6.597718659451540116e-06
1.524347979169155209e+00,1.802643440679255714e-03,6.597145809457127119e-06
1.525337815519268059e+00,1.807253641047030547e-03,6.597662234204015049e-06
1.526327651869380908e+00,1.811977811468087158e-03,6.597445024779324086e-06
1.527317488219493757e+00,1.816797987870560297e-03,6.597282056658459325e-06
1.528307324569606607e+00,1.821561103907543130e-03,6.597757786447895494e-06
1.529297160919719456e+00,1.826168606359261605e-03,6.597182123566151498e-06
1.530286997269832305e+00,1.830732195218226846e-03,6.597612765400123733e-06
1.531276833619945155e+00,1.835288797948859789e-03,6.597539146266797863e-06
1.532266669970058004e+00,1.839772973306406977e-03,6.597239112802296605e-06
1.533256506320170853e+00,1.844227885131465667e-03,6.597785383260916411e-06
1.534246342670283703e+00,1.848653880595507769e-03,6.597249268586506487e-06
1.535236179020396552e+00,1.853139410435582181e-03,6.597546358441119265e-06
1.536226015370509401e+00,1.857653806869298497e-03,6.597624807424979340e-06
1.537215851720622251e+00,1.862034260785527980e-03,6.597230723243733602e-06
1.538205688070735100e+00,1.866171815412480178e-03,6.597771834951100117e-06
1.539195524420847949e+00,1.870235105338083348e-03,6.597330317329948232e-06
1.540185360770960799e+00,1.874375601433644380e-03,6.597494271628321430e-06
1.541175197121073648e+00,1.878580299396065585e-03,6.597695325086474692e-06
1.542165033471186497e+00,1.882596273703020804e-03,6.597226706917220020e-06
1.543154869821299346e+00,1.886434481088744780e-03,6.597768735232662529e-06
1.544144706171412196e+00,1.890205966978741924e-03,6.597407515058310574e-06
1.545134542521525045e+00,1.894069889300550912e-03,6.597440881695336223e-06
1.546124378871637894e+00,1.898102316418883318e-03,6.597761056900632278e-06
1.547114215221750744e+00,1.902042176644469723e-03,6.597252701499306204e-06
1.548104051571863593e+00,1.905798671358220750e-03,6.597720086395009337e-06
1.549093887921976442e+00,1.909472870022947948e-03,6.597522063138828732e-06
1.550083724272089292e+00,1.913197346287718930e-03,6.597372682035669764e-06
1.551073560622202141e+00,1.916962557539798970e-03,6.597819840182411653e-06
1.552063396972314990e+00,1.920616188407988636e-03,6.597291142197970000e-06
1.553053233322427840e+00,1.924143390744207293e-03,6.597684619892216817e-06
1.554043069672540689e+00,1.927657346267485543e-03,6.597601391349506772e-06
1.555032906022653538e+00,1.931239241619313275e-03,6.597360256374584617e-06
1.556022742372766388e+00,1.934852649638086090e-03,6.597847611662072906e-06
1.557012578722879237e+00,1.938380946429103888e-03,6.597324054318452770e-06
1.558002415072992086e+00,1.941829969374794795e-03,6.597673509483519329e-06
1.558992251423104936e+00,1.945262279205978769e-03,6.597678763774689235e-06
1.559982087773217785e+00,1.948729777406143105e-03,6.597324375925540553e-06
1.560971924123330634e+00,1.952178682430621938e-03,6.597888823350876385e-06
1.561961760473443483e+00,1.955470540534961794e-03,6.597367720194661237e-06
1.562951596823556333e+00,1.958646966483449346e-03,6.597640403669540021e-06
1.563941433173669182e+00,1.961838574171727127e-03,6.597766029194609287e-06
1.564931269523782031e+00,1.965039088276095657e-03,6.597295727129596662e-06
1.565921105873894881e+00,1.968161346952619802e-03,6.597929697537161627e-06
1.566910942224007730e+00,1.971218989683035886e-03,6.597418674937000035e-06
1.567900778574120579e+00,1.974204747227582997e-03,6.597588140897842975e-06
1.568890614924233429e+00,1.977129097974342827e-03,6.597864218269671973e-06
1.569880451274346278e+00,1.980054373427348260e-03,6.597278260152687687e-06
1.570870287624459127e+00,1.982992182241832130e-03,6.597933038408608439e-06
1.571860123974571977e+00,1.985910411797040930e-03,6.597509649547758100e-06
1.572849960324684826e+00,1.988696352660686111e-03,6.597537408871327655e-06
1.573839796674797675e+00,1.991333120275838846e-03,6.597934477439526656e-06
1.574829633024910525e+00,1.993949638205828531e-03,6.597295536169420388e-06
1.575819469375023374e+00,1.996720326252022799e-03,6.597921582520947826e-06
1.576809305725136223e+00,1.999408508160596763e-03,6.597599121699251782e-06
1.577799142075249073e+00,2.001914308774076657e-03,6.597486431940729564e-06
1.578788978425361922e+00,2.004402187821544955e-03,6.598018370821071931e-06
1.579778814775474771e+00,2.006867099511417622e-03,6.597299262909305537e-06
1.580768651125587620e+00,2.009264879380735953e-03,6.597915669697593415e-06
1.581758487475700470e+00,2.011632760758529700e-03,6.597686438112517835e-06
1.582748323825813319e+00,2.014032975201691771e-03,6.597442639201456535e-06
1.583738160175926168e+00,2.016446270377413030e-03,6.598082090309700256e-06
1.584727996526039018e+00,2.018737476363826472e-03,6.597339767684496082e-06
1.585717832876151867e+00,2.020901798243875808e-03,6.597881101271870386e-06
1.586707669226264716e+00,2.023014697758815632e-03,6.597777756588134735e-06
1.587697505576377566e+00,2.025075133884325813e-03,6.597442696212995342e-06
1.588687341926490415e+00,2.027051906146760257e-03,6.598072921456189826e-06
1.589677178276603264e+00,2.028946370327839796e-03,6.597430145209352782e-06
1.590667014626716114e+00,2.030800108537282600e-03,6.597842920004613374e-06
1.591656850976828963e+00,2.032715359207280283e-03,6.597842685302215748e-06
1.592646687326941812e+00,2.034742481739855013e-03,6.597455556416625090e-06
1.593636523677054662e+00,2.036718581447346296e-03,6.598072089674189371e-06
1.594626360027167511e+00,2.038481846577249682e-03,6.597515325845168146e-06
1.595616196377280360e+00,2.040091988900467543e-03,6.597805037399653987e-06
1.596606032727393210e+00,2.041729049792300431e-03,6.597917669328226542e-06
1.597595869077506059e+00,2.043487665247172100e-03,6.597471800533347980e-06
1.598585705427618908e+00,2.045234505148560075e-03,6.598075930584308015e-06
1.599575541777731758e+00,2.046939378902189795e-03,6.597583006342787166e-06
1.600565378127844607e+00,2.048494286871213078e-03,6.597774856917210492e-06
1.601555214477957456e+00,2.049923913853770804e-03,6.597993704406445589e-06
1.602545050828070305e+00,2.051357676953311296e-03,6.597477863096631845e-06
1.603534887178183155e+00,2.052772899289764200e-03,6.598075439873162998e-06
1.604524723528296004e+00,2.054115491790421341e-03,6.597685403432880470e-06
1.605514559878408853e+00,2.055355200851117885e-03,6.597714258577054963e-06
1.606504396228521703e+00,2.056526365578729976e-03,6.598076431595233911e-06
1.607494232578634552e+00,2.057633640996532447e-03,6.597500425190330100e-06
1.608484068928747401e+00,2.058743251279045779e-03,6.598060967283769540e-06
1.609473905278860251e+00,2.059902773304004772e-03,6.597772179566335276e-06
1.610463741628973100e+00,2.061044516800979772e-03,6.597689424113238268e-06
1.611453577979085949e+00,2.062074355943712984e-03,6.598125590564723066e-06
1.612443414329198799e+00,2.063156016010305079e-03,6.597540780562081805e-06
1.613433250679311648e+00,2.064189503783776542e-03,6.598040256662816512e-06
1.614423087029424497e+00,2.065123799419040819e-03,6.597860662247331709e-06
1.615412923379537347e+00,2.065919489165945425e-03,6.597664418327171397e-06
1.616402759729650196e+00,2.066658675038215293e-03,6.598178259781750216e-06
1.617392596079763045e+00,2.067430251378261398e-03,6.597587286234536635e-06
1.618382432429875895e+00,2.068219505509692746e-03,6.598002296878647650e-06
1.619372268779988744e+00,2.068883766764212980e-03,6.597977269653796566e-06
1.620362105130101593e+00,2.069393849713634190e-03,6.597628852338170489e-06
1.621351941480214442e+00,2.069909838966373788e-03,6.598193465720521907e-06
1.622341777830327292e+00,2.070482762654236863e-03,6.597696931253026042e-06
1.623331614180440141e+00,2.071049757971183368e-03,6.597923574453751458e-06
1.624321450530552990e+00,2.071484803323310822e-03,6.598089254103467368e-06
1.625311286880665840e+00,2.071696603061291917e-03,6.597619463665336894e-06
1.626301123230778689e+00,2.071868120779538427e-03,6.598202133835430923e-06
1.627290959580891538e+00,2.072121457077670103e-03,6.597793626064566065e-06
1.628280795931004388e+00,2.072352737885193447e-03,6.597869611124175828e-06
1.629270632281117237e+00,2.072423589258378957e-03,6.598177332837265099e-06
1.630260468631230086e+00,2.072344456423535521e-03,6.597638269987171118e-06
1.631250304981342936e+00,2.072266839801625068e-03,6.598188372384317008e-06
1.632240141331455785e+00,2.072288647915922124e-03,6.597878419395593748e-06
1.633229977681568634e+00,2.072272557763525039e-03,6.597842634376032684e-06
1.634219814031681484e+00,2.072101817653341973e-03,6.598237213792271404e-06
1.635209650381794333e+00,2.071926000637511721e-03,6.597657658945261546e-06
1.636199486731907182e+00,2.071757012170927920e-03,6.598202951348515095e-06
1.637189323082020032e+00,2.071537219890272688e-03,6.597944371754232957e-06
1.638179159432132881e+00,2.071309137846557864e-03,6.597824108962551679e-06
1.639168995782245730e+00,2.070963629628198421e-03,6.598290389401071550e-06
1.640158832132358580e+00,2.070560303249617626e-03,6.597698871139038115e-06
1.641148668482471429e+00,2.070183338303522094e-03,6.598179138554705906e-06
1.642138504832584278e+00,2.069871059049861826e-03,6.598035520531131448e-06
1.643128341182697127e+00,2.069437466567266952e-03,6.597808572925149640e-06
1.644118177532809977e+00,2.068796933467869758e-03,6.598322794164317077e-06
1.645108013882922826e+00,2.068139220157267939e-03,6.597760993690438600e-06
1.646097850233035675e+00,2.067556801621440142e-03,6.598150728227505194e-06
1.647087686583148525e+00,2.067036147044713171e-03,6.598115800673421808e-06
1.648077522933261374e+00,2.066452475019757342e-03,6.597811891304034643e-06
1.649067359283374223e+00,2.065735887625987869e-03,6.598343946430080089e-06
1.650057195633487073e+00,2.064893852385987685e-03,6.597814183320563911e-06
1.651047031983599922e+00,2.063975631437932768e-03,6.598139877836894074e-06
1.652036868333712771e+00,2.063049047643346259e-03,6.598187705403380348e-06
1.653026704683825621e+00,2.062084845851452734e-03,6.597794949964542629e-06
1.654016541033938470e+00,2.061001722212857466e-03,6.598378154974902268e-06
1.655006377384051319e+00,2.059837420186916637e-03,6.597890954657765952e-06
1.655996213734164169e+00,2.058766635833580733e-03,6.598087304609414038e-06
1.656986050084277018e+00,2.057785566498017242e-03,6.598280243324269209e-06
1.657975886434389867e+00,2.056775821950729971e-03,6.597798906804075474e-06
1.658965722784502717e+00,2.055530206348091683e-03,6.598377987602153272e-06
1.659955559134615566e+00,2.054087890805389102e-03,6.597983659199557882e-06
1.660945395484728415e+00,2.052634153314288144e-03,6.598036850627449637e-06
1.661935231834841264e+00,2.051325849228216504e-03,6.598359096775307960e-06
1.662925068184954114e+00,2.050113065473398079e-03,6.597826925339063804e-06
1.663914904535066963e+00,2.048722272889113866e-03,6.598340408909738837e-06
1.664904740885179812e+00,2.047075093546057815e-03,6.598098352334521620e-06
1.665894577235292662e+00,2.045370041342607203e-03,6.597999646010229578e-06
1.666884413585405511e+00,2.043721131400922774e-03,6.598398654392580917e-06
1.667874249935518360e+00,2.042043660955239655e-03,6.597899833636980314e-06
1.668864086285631210e+00,2.040314848803246543e-03,6.598297355777222858e-06
1.669853922635744059e+00,2.038406620219399262e-03,6.598191233181641614e-06
1.670843758985856908e+00,2.036370555500989846e-03,6.597978634013985758e-06
1.671833595335969758e+00,2.034375935473982724e-03,6.598430093352767205e-06
1.672823431686082607e+00,2.032461373974793570e-03,6.597962801457924042e-06
1.673813268036195456e+00,2.030507948844576666e-03,6.598251466528852555e-06
1.674803104386308306e+00,2.028474701039652273e-03,6.598296825925497653e-06
1.675792940736421155e+00,2.026427392346134230e-03,6.597950555336163315e-06
1.676782777086534004e+00,2.024356424939323038e-03,6.598458284807048216e-06
1.677772613436646854e+00,2.022261000471122731e-03,6.598035743811607418e-06
1.678762449786759703e+00,2.020082003158751340e-03,6.598198223853453247e-06
1.679752286136872552e+00,2.017731905027551637e-03,6.598392978331100040e-06
1.680742122486985402e+00,2.015314632215278214e-03,6.597948472386318638e-06
1.681731958837098251e+00,2.012954220625373398e-03,6.598455841646832284e-06
1.682721795187211100e+00,2.010572799251612343e-03,6.598118059445379193e-06
1.683711631537323949e+00,2.008094101139335820e-03,6.598172247372727961e-06
1.684701467887436799e+00,2.005470836257262739e-03,6.598437069822409599e-06
1.685691304237549648e+00,2.002850633855738759e-03,6.597978279773525584e-06
1.686681140587662497e+00,2.000301755236381582e-03,6.598454579492748813e-06
1.687670976937775347e+00,1.997768903960764342e-03,6.598195848599772135e-06
1.688660813287888196e+00,1.995028558557293118e-03,6.598127695590042906e-06
1.689650649638001045e+00,1.992177429031252289e-03,6.598518015999499971e-06
1.690640485988113895e+00,1.989346955272812151e-03,6.597984171295745413e-06
1.691630322338226744e+00,1.986542468149171334e-03,6.598453694742974488e-06
1.692620158688339593e+00,1.983647103876443746e-03,6.598275962725608065e-06
1.693609995038452443e+00,1.980668757184701322e-03,6.598081693490565867e-06
1.694599831388565292e+00,1.977679637468512421e-03,6.598594453298908519e-06
1.695589667738678141e+00,1.974672533846522342e-03,6.597987315303531733e-06
1.696579504088790991e+00,1.971589673066884499e-03,6.598438790208965253e-06
1.697569340438903840e+00,1.968497403905913965e-03,6.598378845601071124e-06
1.698559176789016689e+00,1.965476933128801947e-03,6.598024064950360189e-06
1.699549013139129539e+00,1.962361947365758898e-03,6.598659915481152398e-06
1.700538849489242388e+00,1.959130299968215531e-03,6.598031283491447938e-06
1.701528685839355237e+00,1.955898447139446314e-03,6.598396342226824276e-06
1.702518522189468086e+00,1.952608913867675535e-03,6.598466053926807364e-06
1.703508358539580936e+00,1.949229999893080031e-03,6.598002917813522280e-06
1.704498194889693785e+00,1.945856972385888754e-03,6.598681903811693170e-06
1.705488031239806634e+00,1.942469246582484085e-03,6.598088400277751252e-06
1.706477867589919484e+00,1.938993793118845305e-03,6.598362026873011768e-06
1.707467703940032333e+00,1.935355380138974266e-03,6.598542179150283359e-06
1.708457540290145182e+00,1.931629592496481593e-03,6.597995288302524628e-06
1.709447376640258032e+00,1.927943647311291695e-03,6.598694606411787762e-06
1.710437212990370881e+00,1.924261151663896963e-03,6.598149859103455020e-06
1.711427049340483730e+00,1.920551237972273123e-03,6.598325353001696563e-06
1.712416885690596580e+00,1.916726650945132539e-03,6.598613127428046080e-06
1.713406722040709429e+00,1.912857817584561046e-03,6.598002493333819726e-06
1.714396558390822278e+00,1.908986607337058135e-03,6.598669589465637448e-06
1.715386394740935128e+00,1.905001697651368450e-03,6.598256936821889258e-06
1.716376231091047977e+00,1.900853689929474103e-03,6.598263389083197339e-06
1.717366067441160826e+00,1.896624390782690028e-03,6.598657574042820555e-06
1.718355903791273676e+00,1.892466299403032732e-03,6.598058426939817940e-06
1.719345740141386525e+00,1.888408008441979811e-03,6.598617923739498434e-06
1.720335576491499374e+00,1.884319230836283433e-03,6.598353040699514659e-06
1.721325412841612224e+00,1.880130597557314867e-03,6.598217911990872752e-06
1.722315249191725073e+00,1.875923054483836540e-03,6.598704684755280299e-06
1.723305085541837922e+00,1.871676663612713461e-03,6.598086387631558188e-06
1.724294921891950771e+00,1.867337835674395949e-03,6.598593585458540164e-06
1.725284758242063621e+00,1.862928007089584151e-03,6.598419254504653728e-06
1.726274594592176470e+00,1.858499104486942754e-03,6.598203659613199789e-06
1.727264430942289319e+00,1.854144762609875484e-03,6.598726548819396148e-06
1.728254267292402169e+00,1.849809321225227192e-03,6.598122569548950625e-06
1.729244103642515018e+00,1.845376215370171918e-03,6.598573466092130833e-06
1.730233939992627867e+00,1.840704187506530132e-03,6.598486163097996106e-06
1.731223776342740717e+00,1.835951423647741399e-03,6.598175305438608360e-06
1.732213612692853566e+00,1.831342433436896093e-03,6.598763167365066267e-06
1.733203449042966415e+00,1.826801644560316004e-03,6.598162478379124575e-06
1.734193285393079265e+00,1.822094344970732983e-03,6.598523941487217518e-06
1.735183121743192114e+00,1.817228133056613846e-03,6.598565746325908486e-06
1.736172958093304963e+00,1.812304745872242917e-03,6.598159753659370046e-06
1.737162794443417813e+00,1.807443661489784546e-03,6.598755123539283199e-06
1.738152630793530662e+00,1.802769403517326180e-03,6.598246829912885661e-06
1.739142467143643511e+00,1.798071910359039498e-03,6.598459956168500707e-06
1.740132303493756361e+00,1.793207984300284946e-03,6.598642045091213344e-06
1.741122139843869210e+00,1.788212116340460013e-03,6.598157510077174883e-06
1.742111976193982059e+00,1.783231496922243944e-03,6.598731966430131953e-06
1.743101812544094908e+00,1.778268933129620831e-03,6.598331958971076780e-06
1.744091648894207758e+00,1.773261918266980618e-03,6.598393857605011343e-06
1.745081485244320607e+00,1.768070759522880194e-03,6.598714694523907844e-06
1.746071321594433456e+00,1.762757617421445780e-03,6.598143389733307061e-06
1.747061157944546306e+00,1.757504042717361777e-03,6.598720490922456600e-06
1.748050994294659155e+00,1.752249811243017635e-03,6.598420699490709078e-06
1.749040830644772004e+00,1.746927581365748192e-03,6.598304526431770496e-06
1.750030666994884854e+00,1.741584668156352742e-03,6.598796932449570912e-06
1.751020503344997703e+00,1.736184815225251879e-03,6.598159481729778673e-06
1.752010339695110552e+00,1.730721265151760309e-03,6.598670855265967364e-06
1.753000176045223402e+00,1.725233489102089837e-03,6.598516218974810171e-06
1.753990012395336251e+00,1.719783328027589368e-03,6.598246862886450200e-06
1.754979848745449100e+00,1.714274916336818496e-03,6.598831464019864649e-06
1.755969685095561950e+00,1.708570757761958400e-03,6.598198031474887269e-06
1.756959521445674799e+00,1.702817522838773277e-03,6.598616552399937328e-06
1.757949357795787648e+00,1.697190146403460866e-03,6.598597404875384119e-06
1.758939194145900498e+00,1.691606817677233227e-03,6.598218194094552090e-06
1.759929030496013347e+00,1.685831450034156907e-03,6.598831585590750366e-06
1.760918866846126196e+00,1.679939822927090055e-03,6.598252899098383222e-06
1.761908703196239045e+00,1.674067414544326386e-03,6.598573521219485506e-06
1.762898539546351895e+00,1.668316076207953559e-03,6.598643671592891234e-06
1.763888375896464744e+00,1.662570867710423629e-03,6.598215906586159172e-06
1.764878212246577593e+00,1.656676502920524825e-03,6.598826698506919046e-06
1.765868048596690443e+00,1.650566080161011955e-03,6.598291255214556978e-06
1.766857884946803292e+00,1.644413192558470205e-03,6.598530719319558169e-06
1.767847721296916141e+00,1.638432218416650647e-03,6.598696667952588400e-06
1.768837557647028991e+00,1.632476546420009826e-03,6.598202792176856833e-06
1.769827393997141840e+00,1.626358767736322923e-03,6.598816283865490769e-06
1.770817230347254689e+00,1.620073336953261603e-03,6.598358696980521416e-06
1.771807066697367539e+00,1.613712631096976113e-03,6.598465251660140060e-06
1.772796903047480388e+00,1.607408570024332914e-03,6.598759089426367977e-06
1.773786739397593237e+00,1.601175121618793849e-03,6.598190760711141899e-06
1.774776575747706087e+00,1.594907798472748649e-03,6.598793588500859332e-06
1.775766412097818936e+00,1.588563380429335037e-03,6.598420485771164934e-06
1.776756248447931785e+00,1.582141691200497245e-03,6.598418990683895953e-06
1.777746084798044635e+00,1.575824713835963405e-03,6.598787105044470451e-06
1.778735921148157484e+00,1.569510767765288067e-03,6.598203710492742677e-06
1.779725757498270333e+00,1.563040984037027776e-03,6.598775795301241979e-06
1.780715593848383183e+00,1.556420827500590819e-03,6.598456020173184921e-06
1.781705430198496032e+00,1.549732909047330095e-03,6.598385219305538404e-06
1.782695266548608881e+00,1.543197729254918663e-03,6.598816081629971890e-06
1.783685102898721730e+00,1.536794705654597653e-03,6.598227374714917169e-06
1.784674939248834580e+00,1.530345523006507906e-03,6.598710003329983704e-06
1.785664775598947429e+00,1.523764715328868339e-03,6.598545569479784061e-06
1.786654611949060278e+00,1.517073821416588687e-03,6.598319271265101112e-06
1.787644448299173128e+00,1.510418640252146139e-03,6.598838917208425019e-06
1.788634284649285977e+00,1.503770234546853487e-03,6.598262213422053686e-06
1.789624120999398826e+00,1.497007092216159907e-03,6.598641475610322406e-06
1.790613957349511676e+00,1.490128197162301094e-03,6.598623289396269868e-06
1.791603793699624525e+00,1.483319186713496964e-03,6.598276722693044946e-06
1.792593630049737374e+00,1.476590151219403816e-03,6.598820866322307388e-06
1.793583466399850224e+00,1.469726370331535812e-03,6.598340231213935886e-06
1.794573302749963073e+00,1.462655977784222718e-03,6.598548247950502902e-06
1.795563139100075922e+00,1.455509435160639523e-03,6.598687371080152248e-06
1.796552975450188772e+00,1.448459049551418338e-03,6.598274349141493482e-06
1.797542811800301621e+00,1.441500707122710069e-03,6.598769657440179915e-06
1.798532648150414470e+00,1.434452527588982824e-03,6.598410514288811158e-06
1.799522484500527320e+00,1.427164195226671931e-03,6.598481419239175054e-06
1.800512320850640169e+00,1.419807161133265511e-03,6.598726686090121398e-06
1.801502157200753018e+00,1.412612778456835173e-03,6.598277211269284078e-06
1.802491993550865867e+00,1.405567840570923557e-03,6.598729399866406760e-06
1.803481829900978717e+00,1.398475894850411804e-03,6.598475396639479929e-06
1.804471666251091566e+00,1.391234286226255244e-03,6.598413243837271820e-06
1.805461502601204415e+00,1.383859152274245384e-03,6.598760927245048819e-06
1.806451338951317265e+00,1.376516465000695872e-03,6.598274621371781551e-06
1.807441175301430114e+00,1.369220884947420233e-03,6.598680282744427897e-06
1.808431011651542963e+00,1.361807839951100461e-03,6.598542358947392093e-06
1.809420848001655813e+00,1.354305692339361064e-03,6.598350876677084577e-06
1.810410684351768662e+00,1.346765260447479323e-03,6.598768166724642793e-06
1.811400520701881511e+00,1.339177380674103556e-03,6.598321794022725116e-06
1.812390357051994361e+00,1.331589524534140942e-03,6.598595974473236276e-06
1.813380193402107210e+00,1.324097300852062438e-03,6.598609408091741346e-06
1.814370029752220059e+00,1.316567692017574578e-03,6.598300361673956941e-06
1.815359866102332909e+00,1.308959704399895565e-03,6.598782933885343464e-06
1.816349702452445758e+00,1.301326597489934917e-03,6.598327811815963122e-06
1.817339538802558607e+00,1.293734827889969196e-03,6.598545321038055480e-06
1.818329375152671457e+00,1.286154684106853487e-03,6.598664429754928762e-06
1.819319211502784306e+00,1.278477722380455019e-03,6.598241030714134920e-06
1.820309047852897155e+00,1.270745259202195072e-03,6.598798627969201810e-06
1.821298884203010005e+00,1.263025156640832335e-03,6.598341668132444565e-06
1.822288720553122854e+00,1.255286668058966208e-03,6.598491510893554034e-06
1.823278556903235703e+00,1.247536912614482510e-03,6.598718215108086202e-06
1.824268393253348552e+00,1.239765025892193865e-03,6.598186979402621102e-06
1.825258229603461402e+00,1.231931203693249028e-03,6.598800548693789557e-06
1.826248065953574251e+00,1.224053489120776120e-03,6.598372204829865043e-06
1.827237902303687100e+00,1.216237902954169989e-03,6.598410516776294508e-06
1.828227738653799950e+00,1.208426366617562772e-03,6.598776359850297981e-06
1.829217575003912799e+00,1.200493144934570815e-03,6.598158330757587989e-06
1.830207411354025648e+00,1.192442228810009072e-03,6.598749835207939456e-06
1.831197247704138498e+00,1.184370975723460923e-03,6.598436568790069864e-06
1.832187084054251347e+00,1.176364735592901316e-03,6.598335560489036408e-06
1.833176920404364196e+00,1.168339553438609837e-03,6.598794408921109657e-06
1.834166756754477046e+00,1.160292451134963205e-03,6.598173248438360023e-06
1.835156593104589895e+00,1.152089731209704352e-03,6.598677552376631418e-06
1.836146429454702744e+00,1.143810986673171213e-03,6.598501018117249370e-06
1.837136265804815594e+00,1.135579131147498736e-03,6.598265817898345339e-06
1.838126102154928443e+00,1.127338859052767588e-03,6.598798130818026332e-06
1.839115938505041292e+00,1.119130496082414595e-03,6.598188463903535936e-06
1.840105774855154142e+00,1.110940530798510545e-03,6.598612012454519333e-06
1.841095611205266991e+00,1.102749645512351561e-03,6.598562083718843418e-06
1.842085447555379840e+00,1.094477652162196375e-03,6.598191673417730774e-06
1.843075283905492689e+00,1.086092140195961484e-03,6.598813988505802079e-06
1.844065120255605539e+00,1.077705313208343358e-03,6.598209816242047945e-06
1.845054956605718388e+00,1.069285882658374889e-03,6.598523676547980688e-06
1.846044792955831237e+00,1.060779002754093153e-03,6.598615231560929465e-06
1.847034629305944087e+00,1.052280102275675398e-03,6.598160438380892556e-06
1.848024465656056936e+00,1.043808691942812962e-03,6.598772259569521756e-06
1.849014302006169785e+00,1.035402888499055950e-03,6.598249371037471296e-06
1.850004138356282635e+00,1.027015034815459589e-03,6.598452389149982846e-06
1.850993974706395484e+00,1.018480743438262984e-03,6.598637743330530921e-06
1.851983811056508333e+00,1.009772303584749063e-03,6.598141632957146190e-06
1.852973647406621183e+00,1.001019038718546292e-03,6.598729864333879150e-06
1.853963483756734032e+00,9.923320526455819707e-04,6.598286339205167996e-06
1.854953320106846881e+00,9.837502993642688667e-04,6.598392818991973200e-06
1.855943156456959731e+00,9.751036533569364291e-04,6.598643167354327659e-06
1.856932992807072580e+00,9.663039051717855696e-04,6.598133763717959692e-06
1.857922829157185429e+00,9.574290538704281761e-04,6.598682531866875833e-06
1.858912665507298279e+00,9.485923384733383878e-04,6.598318209213740593e-06
1.859902501857411128e+00,9.397826701056924067e-04,6.598324514936593747e-06
1.860892338207523977e+00,9.310175008099476780e-04,6.598668112938877127e-06
1.861882174557636827e+00,9.222033523016601956e-04,6.598113401118167233e-06
1.862872010907749676e+00,9.132674678344811659e-04,6.598616612347035680e-06
1.863861847257862525e+00,9.043011484824932692e-04,6.598388104322208207e-06
1.864851683607975374e+00,8.954158280792160829e-04,6.598223295017772552e-06
1.865841519958088224e+00,8.866336763218722649e-04,6.598695683676728223e-06
1.866831356308201073e+00,8.778605163580226927e-04,6.598117502635285453e-06
1.867821192658313922e+00,8.689770083117735223e-04,6.598522161681319248e-06
1.868811029008426772e+00,8.600871292241789312e-04,6.598469985098270516e-06
1.869800865358539621e+00,8.512998604957466202e-04,6.598118107154769139e-06
1.870790701708652470e+00,8.423963814545494012e-04,6.598712797709023931e-06
1.871780538058765320e+00,8.333048227022421496e-04,6.598121066942458363e-06
1.872770374408878169e+00,8.242379677838822380e-04,6.598453853140659783e-06
1.873760210758991018e+00,8.152401392338097649e-04,6.598503826515664891e-06
1.874750047109103868e+00,8.061809914693550579e-04,6.598064369524678687e-06
1.875739883459216717e+00,7.970193691988384328e-04,6.598702610036786607e-06
1.876729719809329566e+00,7.878423710317576959e-04,6.598132389469162285e-06
1.877719556159442416e+00,7.787138068500420703e-04,6.598356601704898930e-06
1.878709392509555265e+00,7.696346724021676340e-04,6.598568704170541398e-06
1.879699228859668114e+00,7.605722826209925218e-04,6.598000777349951597e-06
1.880689065209780964e+00,7.514510977750499775e-04,6.598660845594598683e-06
1.881678901559893813e+00,7.422542673845021520e-04,6.598182530934984335e-06
1.882668737910006662e+00,7.330080463115208611e-04,6.598254584979848983e-06
1.883658574260119511e+00,7.237835981538775360e-04,6.598605947895666502e-06
1.884648410610232361e+00,7.146254035476854848e-04,6.597973520226141548e-06
1.885638246960345210e+00,7.053674729211073698e-04,6.598599057633870423e-06
1.886628083310458059e+00,6.960067772422867975e-04,6.598235127307967455e-06
1.887617919660570909e+00,6.866004896997800677e-04,6.598162479043587194e-06
1.888607756010683758e+00,6.772384837507818738e-04,6.598614081433120515e-06
1.889597592360796607e+00,6.679420450850461930e-04,6.597972794680925092e-06
1.890587428710909457e+00,6.586251661055980569e-04,6.598522527613759746e-06
1.891577265061022306e+00,6.491812384409612882e-04,6.598273201006858089e-06
1.892567101411135155e+00,6.396782070826959044e-04,6.598101423334517196e-06
1.893556937761248005e+00,6.302428414303583738e-04,6.598607638056974599e-06
1.894546774111360854e+00,6.208175923999481767e-04,6.597958900211658038e-06
1.895536610461473703e+00,6.113188120728836735e-04,6.598467768407444428e-06
1.896526446811586553e+00,6.017652914325087501e-04,6.598298986801861869e-06
1.897516283161699402e+00,5.922695021425637262e-04,6.598032189140019584e-06
1.898506119511812251e+00,5.827926238988755418e-04,6.598611022181769227e-06
1.899495955861925101e+00,5.732682356593785545e-04,6.597943400483941962e-06
1.900485792212037950e+00,5.637135163028341193e-04,6.598400316624824110e-06
1.901475628562150799e+00,5.540706301715099579e-04,6.598331109264463251e-06
1.902465464912263649e+00,5.444308700883604543e-04,6.597961209939504778e-06
1.903455301262376498e+00,5.349794953917915959e-04,6.598595658370991900e-06
1.904445137612489347e+00,5.256032751946741527e-04,6.597960852397037432e-06
1.905434973962602196e+00,5.161602894122069730e-04,6.598315574946999728e-06
1.906424810312715046e+00,5.066010368582249922e-04,6.598352876833820032e-06
1.907414646662827895e+00,4.969581422983890360e-04,6.597934463171278682e-06
1.908404483012940744e+00,4.873232885692341644e-04,6.598540176663753289e-06
1.909394319363053594e+00,4.777195954421000704e-04,6.597982112881071486e-06
1.910384155713166443e+00,4.681211210996990071e-04,6.598231790717175284e-06
1.911373992063279292e+00,4.584297295668868276e-04,6.598386418419495472e-06
1.912363828413392142e+00,4.487242635121938992e-04,6.597880454495302943e-06
1.913353664763504991e+00,4.391655046990906126e-04,6.598497314048735533e-06
1.914343501113617840e+00,4.296779200973917224e-04,6.598020379508379536e-06
1.915333337463730690e+00,4.200707021439214366e-04,6.598130920575364829e-06
1.916323173813843539e+00,4.102303368801604668e-04,6.598415113430942711e-06
1.917313010163956388e+00,4.003112239535962648e-04,6.597850631019131221e-06
1.918302846514069238e+00,3.906008318639444892e-04,6.598424864763234909e-06
1.919292682864182087e+00,3.810430843681958239e-04,6.598071908908100357e-06
1.920282519214294936e+00,3.713851496793244456e-04,6.598026007901419427e-06
1.921272355564407786e+00,3.615358610556248728e-04,6.598423388260101725e-06
1.922262191914520635e+00,3.516188192742885949e-04,6.597851791876254844e-06
1.923252028264633484e+00,3.418170227609182150e-04,6.598318323972523921e-06
1.924241864614746333e+00,3.321458673827475485e-04,6.598137581442190414e-06
1.925231700964859183e+00,3.224655008573821765e-04,6.597950367165714616e-06
1.926221537314972032e+00,3.126652344536791838e-04,6.598387484778199793e-06
1.927211373665084881e+00,3.027427666335447284e-04,6.597884589922177337e-06
1.928201210015197731e+00,2.928547738536389907e-04,6.598215351909374661e-06
1.929191046365310580e+00,2.831079626648698010e-04,6.598176915731479865e-06
1.930180882715423429e+00,2.734249755425613676e-04,6.597895909610720340e-06
1.931170719065536279e+00,2.635898507865077050e-04,6.598345130670631577e-06
1.932160555415649128e+00,2.537777310831367439e-04,6.597910597211991356e-06
1.933150391765761977e+00,2.440304244099480557e-04,6.598117359793063773e-06
1.934140228115874827e+00,2.342115577332181547e-04,6.598213771874936617e-06
1.935130064465987676e+00,2.242646630359922458e-04,6.597827144390012042e-06
1.936119900816100525e+00,2.142882965541862425e-04,6.598325783228909841e-06
1.937109737166213375e+00,2.043346499728406851e-04,6.597926067960172595e-06
1.938099573516326224e+00,1.943614375641312681e-04,6.598013886359029262e-06
1.939089409866439073e+00,1.843451257770936668e-04,6.598254342574520181e-06
1.940079246216551923e+00,1.742733578203636607e-04,6.597778995706595623e-06
1.941069082566664772e+00,1.642470718748391845e-04,6.598260064558636836e-06
1.942058918916777621e+00,1.543227237842909418e-04,6.597958209594519399e-06
1.943048755266890470e+00,1.444292362923264806e-04,6.597933491608864659e-06
1.944038591617003320e+00,1.345092044587369105e-04,6.598264834285146141e-06
1.945028427967116169e+00,1.245411824406558298e-04,6.597741270545209219e-06
1.946018264317229018e+00,1.146400573418691952e-04,6.598214148741177400e-06
1.947008100667341868e+00,1.047499133061422443e-04,6.597972708329030660e-06
1.947997937017454717e+00,9.482469909345846875e-05,6.597854386074960184e-06
1.948987773367567566e+00,8.486206005543363664e-05,6.598271872570169671e-06
1.949977609717680416e+00,7.490969039363467392e-05,6.597712548447438108e-06
1.950967446067793265e+00,6.500684270074721710e-05,6.598152473818979702e-06
1.951957282417906114e+00,5.504891411263229429e-05,6.597999840604434694e-06
1.952947118768018964e+00,4.506299515918242576e-05,6.597770787396916014e-06
1.953936955118131813e+00,3.514507175076748069e-05,6.598275981022315937e-06
1.954926791468244662e+00,2.526161760810684899e-05,6.597699067872324142e-06
1.955916627818357512e+00,1.540490830753093153e-05,6.598066240076663172e-06
1.956906464168470361e+00,5.517158425196106494e-06,6.598060622668041408e-06
1.957896300518583210e+00,-4.444090680450596551e-06,6.597672937401882336e-06
1.958886136868696060e+00,-1.441387296454995556e-05,6.598259361901890470e-06
1.959875973218808909e+00,-2.427307146408849164e-05,6.597721923404985473e-06
1.960865809568921758e+00,-3.409796680582700832e-05,6.597951040975759547e-06
1.961855645919034608e+00,-4.393318179603571876e-05,6.598110999103462710e-06
1.962845482269147457e+00,-5.381514634006326906e-05,6.597610485045450909e-06
1.963835318619260306e+00,-6.372442953872848085e-05,6.598211035814667921e-06
1.964825154969373155e+00,-7.366663243686920055e-05,6.597755251584324989e-06
1.965814991319486005e+00,-8.358584235219498838e-05,6.597850467930663862e-06
1.966804827669598854e+00,-9.338521301475552114e-05,6.598132998426088951e-06
1.967794664019711703e+00,-1.031993242099497524e-04,6.597572360838925837e-06
1.968784500369824553e+00,-1.130224954475980443e-04,6.598171717022776283e-06
1.969774336719937402e+00,-1.227883133254075072e-04,6.597755709405579617e-06
1.970764173070050251e+00,-1.325707445283970365e-04,6.597786022832883338e-06
1.971754009420163101e+00,-1.424642439097365887e-04,6.598133782821124245e-06
1.972743845770275950e+00,-1.524252989708491676e-04,6.597549947471831193e-06
1.973733682120388799e+00,-1.624483428411285205e-04,6.598086714237356699e-06
1.974723518470501649e+00,-1.723946285776334147e-04,6.597808936066541190e-06
1.975713354820614498e+00,-1.822393252344969145e-04,6.597704242698015593e-06
1.976703191170727347e+00,-1.920692637340123651e-04,6.598114092743622362e-06
1.977693027520840197e+00,-2.019268263850952053e-04,6.597566228091483838e-06
1.978682863870953046e+00,-2.118057564214855838e-04,6.597990747773140095e-06
1.979672700221065895e+00,-2.216777787439298949e-04,6.597847858571384208e-06
1.980662536571178745e+00,-2.315809025711941093e-04,6.597636988111032542e-06
1.981652372921291594e+00,-2.414793408667263480e-04,6.598084462738673027e-06
1.982642209271404443e+00,-2.513956643589351217e-04,6.597582251394479589e-06
1.983632045621517292e+00,-2.612331547412481193e-04,6.597893938835790914e-06
1.984621881971630142e+00,-2.709582408053606405e-04,6.597883977421820473e-06
1.985611718321742991e+00,-2.807372044647296855e-04,6.597572050619863146e-06
1.986601554671855840e+00,-2.906149973375215080e-04,6.598062872535043163e-06
1.987591391021968690e+00,-3.005041894313427854e-04,6.597583938998441059e-06
1.988581227372081539e+00,-3.102268333897447816e-04,6.597818640905099199e-06
1.989571063722194388e+00,-3.198494039511112015e-04,6.597916706276408243e-06
1.990560900072307238e+00,-3.295546875355521684e-04,6.597495762229246525e-06
1.991550736422420087e+00,-3.393631838641294573e-04,6.598044492309551800e-06
1.992540572772532936e+00,-3.491358073198631254e-04,6.597598723776566447e-06
1.993530409122645786e+00,-3.588850986260960904e-04,6.597710985365568292e-06
1.994520245472758635e+00,-3.685748400980624982e-04,6.597977171290300703e-06
1.995510081822871484e+00,-3.781099082230241935e-04,6.597421238978316168e-06
1.996499918172984334e+00,-3.876348012193125037e-04,6.598010353214988763e-06
1.997489754523097183e+00,-3.973324327133155066e-04,6.597633738341414773e-06
1.998479590873210032e+00,-4.071256072300727456e-04,6.597604761745577839e-06
1.999469427223322882e+00,-4.168433923751612455e-04,6.598006930051218090e-06
2.000459263573429958e+00,-4.264496214850265507e-04,6.597401290778709526e-06
2.001449099923530817e+00,-4.360438069535381152e-04,6.597931301067701552e-06
2.002438936273631676e+00,-4.457650384467479947e-04,6.597675648896836921e-06
2.003428772623732534e+00,-4.555994149131099998e-04,6.597526493995662885e-06
2.004418608973833393e+00,-4.653319120376420582e-04,6.598007166059378838e-06
2.005408445323934252e+00,-4.748228998012448679e-04,6.597382723503532120e-06
2.006398281674035111e+00,-4.842501980490984768e-04,6.597851184363996233e-06
2.007388118024135970e+00,-4.937588337574973533e-04,6.597742672254697039e-06
2.008377954374236829e+00,-5.033805164110575743e-04,6.597417433430383116e-06
2.009367790724337688e+00,-5.129002472191124219e-04,6.598021781480092662e-06
2.010357627074438547e+00,-5.222423884491719358e-04,6.597383588509569838e-06
2.011347463424539406e+00,-5.315883961903720067e-04,6.597752692396577100e-06
2.012337299774640265e+00,-5.410718110246547259e-04,6.597799954336923665e-06
2.013327136124741124e+00,-5.506887983943081549e-04,6.597337009440687760e-06
2.014316972474841982e+00,-5.602244525599365827e-04,6.598008631097832990e-06
2.015306808824942841e+00,-5.695812486151378019e-04,6.597396991309934781e-06
2.016296645175043700e+00,-5.789621269990872761e-04,6.597663998058003556e-06
2.017286481525144559e+00,-5.884995055125986094e-04,6.597836817737412272e-06
2.018276317875245418e+00,-5.981103451452716340e-04,6.597293491497900076e-06
2.019266154225346277e+00,-6.075282392858433926e-04,6.597959647162399958e-06
2.020255990575447136e+00,-6.167776136111908234e-04,6.597428706554354564e-06
2.021245826925547995e+00,-6.261394539592439511e-04,6.597589651639899501e-06
2.022235663275648854e+00,-6.356815783452695982e-04,6.597842802509786572e-06
2.023225499625749713e+00,-6.452230750372995064e-04,6.597261606312267363e-06
2.024215335975850572e+00,-6.545901879144068328e-04,6.597922635656877458e-06
2.025205172325951430e+00,-6.638030650247837621e-04,6.597436396291594511e-06
2.026195008676052289e+00,-6.730275279126507471e-04,6.597530895117484199e-06
2.027184845026153148e+00,-6.824299539006106492e-04,6.597854247800383154e-06
2.028174681376254007e+00,-6.919353896285715616e-04,6.597230038885188427e-06
2.029164517726354866e+00,-7.012990439802239311e-04,6.597880663283233226e-06
2.030154354076455725e+00,-7.105187333636471970e-04,6.597461959003933313e-06
2.031144190426556584e+00,-7.197199857086417291e-04,6.597445467934205774e-06
2.032134026776657443e+00,-7.289772049298274582e-04,6.597882457172771179e-06
2.033123863126758302e+00,-7.381809536331958039e-04,6.597207629461472609e-06
2.034113699476859161e+00,-7.473219765242177263e-04,6.597803650264239622e-06
2.035103535826960020e+00,-7.564226504184817443e-04,6.597516091562943147e-06
2.036093372177060878e+00,-7.655660504957583672e-04,6.597372409331575181e-06
2.037083208527161737e+00,-7.748467007373148951e-04,6.597868450348411414e-06
2.038073044877262596e+00,-7.841318431461401228e-04,6.597215129712281284e-06
2.039062881227363455e+00,-7.933217264593550632e-04,6.597738057953569195e-06
2.040052717577464314e+00,-8.023352912266364968e-04,6.597558489786075192e-06
2.041042553927565173e+00,-8.112342545205968513e-04,6.597303629341970769e-06
2.042032390277666032e+00,-8.201973466258885223e-04,6.597865810438671832e-06
2.043022226627766891e+00,-8.293036983768158890e-04,6.597223378168753542e-06
2.044012062977867750e+00,-8.382846422044014324e-04,6.597651588166284947e-06
2.045001899327968609e+00,-8.471473062898746739e-04,6.597608702101643701e-06
2.045991735678069467e+00,-8.560373619956978793e-04,6.597249689764743122e-06
2.046981572028170326e+00,-8.649947982022561420e-04,6.597831263339798459e-06
2.047971408378271185e+00,-8.738566305831403950e-04,6.597272311491274410e-06
2.048961244728372044e+00,-8.825947856120356034e-04,6.597541166364556605e-06
2.049951081078472903e+00,-8.913636728291930190e-04,6.597673415033295354e-06
2.050940917428573762e+00,-9.002193446537812716e-04,6.597195934120321865e-06
2.051930753778674621e+00,-9.090442152583208448e-04,6.597782213139275428e-06
2.052920590128775480e+00,-9.177412823678384422e-04,6.597337765284948672e-06
2.053910426478876339e+00,-9.264134171346308276e-04,6.597434511073363292e-06
2.054900262828977198e+00,-9.351038640134453793e-04,6.597698516165916465e-06
2.055890099179078057e+00,-9.438327696482484794e-04,6.597197767631764785e-06
2.056879935529178915e+00,-9.526412759319192970e-04,6.597697197646191537e-06
2.057869771879279774e+00,-9.614118757004580171e-04,6.597409916919825801e-06
2.058859608229380633e+00,-9.700327389284230193e-04,6.597348127497107663e-06
2.059849444579481492e+00,-9.785355779273572242e-04,6.597717851250027200e-06
2.060839280929582351e+00,-9.871048216567245796e-04,6.597190127158258359e-06
2.061829117279683210e+00,-9.957646584889227881e-04,6.597642520309544193e-06
2.062818953629784069e+00,-1.004507041399785045e-03,6.597440678930856280e-06
2.063808789979884928e+00,-1.013160675489050691e-03,6.597291614088059023e-06
2.064798626329985787e+00,-1.021678969436536728e-03,6.597735668283295840e-06
2.065788462680086646e+00,-1.030181024823558378e-03,6.597170299148509505e-06
2.066778299030187505e+00,-1.038840843514500512e-03,6.597590527836018335e-06
2.067768135380288363e+00,-1.047523100262038329e-03,6.597491632048641789e-06
2.068757971730389222e+00,-1.056034991504380301e-03,6.597227540026848057e-06
2.069747808080490081e+00,-1.064395554092354779e-03,6.597719488748555967e-06
2.070737644430590940e+00,-1.072714313518574169e-03,6.597208557980835921e-06
2.071727480780691799e+00,-1.081035134975148618e-03,6.597511523789185170e-06
2.072717317130792658e+00,-1.089401797490441998e-03,6.597537209388515930e-06
2.073707153480893517e+00,-1.097700660066501521e-03,6.597181302782030219e-06
2.074696989830994376e+00,-1.105934587742998625e-03,6.597702483196737973e-06
2.075686826181095235e+00,-1.114136834442411165e-03,6.597233177077427796e-06
2.076676662531196094e+00,-1.122370437053787397e-03,6.597431900426028588e-06
2.077666498881296953e+00,-1.130708417131079261e-03,6.597594930736745210e-06
2.078656335231397811e+00,-1.138993439061570558e-03,6.597127016443112232e-06
2.079646171581498670e+00,-1.147218064459938017e-03,6.597694539383519731e-06
2.080636007931599529e+00,-1.155430450669754161e-03,6.597258935871346324e-06
2.081625844281700388e+00,-1.163611124393073909e-03,6.597363459106408770e-06
2.082615680631801247e+00,-1.171782909271906151e-03,6.597644653832593822e-06
2.083605516981902106e+00,-1.179904906332660030e-03,6.597081954959062674e-06
2.084595353332002965e+00,-1.187954048386567719e-03,6.597676330835956149e-06
2.085585189682103824e+00,-1.195988523486795187e-03,6.597305866421111984e-06
2.086575026032204683e+00,-1.204029932126142238e-03,6.597272440583700043e-06
2.087564862382305542e+00,-1.212081834717915934e-03,6.597695395435595034e-06
2.088554698732406401e+00,-1.220027989864441980e-03,6.597067659929276045e-06
2.089544535082507259e+00,-1.227850891585435637e-03,6.597618285449579988e-06
2.090534371432608118e+00,-1.235669153186267927e-03,6.597377437452928773e-06
2.091524207782708977e+00,-1.243547270437258103e-03,6.597199428676802364e-06
2.092514044132809836e+00,-1.251443315404746678e-03,6.597708191799234156e-06
2.093503880482910695e+00,-1.259308487894387216e-03,6.597089388572521380e-06
2.094493716833011554e+00,-1.267134524493138212e-03,6.597545686877422651e-06
2.095483553183112413e+00,-1.274868180207227577e-03,6.597420832030114462e-06
2.096473389533213272e+00,-1.282501488490500781e-03,6.597184691085790641e-06
2.097463225883314131e+00,-1.290081994708960379e-03,6.597669116789476787e-06
2.098453062233414990e+00,-1.297686509639351055e-03,6.597134794905926850e-06
2.099442898583515849e+00,-1.305400637511895017e-03,6.597483018887163631e-06
2.100432734933616707e+00,-1.313092156767857888e-03,6.597471140637137192e-06
2.101422571283717566e+00,-1.320713090801876920e-03,6.597144944003971201e-06
2.102412407633818425e+00,-1.328362441366692575e-03,6.597647063129703073e-06
2.103402243983919284e+00,-1.336025365553636856e-03,6.597201022623125527e-06
2.104392080334020143e+00,-1.343561031007338685e-03,6.597385393943335076e-06
2.105381916684121002e+00,-1.351011517356033934e-03,6.597538099524764196e-06
2.106371753034221861e+00,-1.358401855138695932e-03,6.597115317723861958e-06
2.107361589384322720e+00,-1.365776773689105590e-03,6.597617053122141381e-06
2.108351425734423579e+00,-1.373240123759891188e-03,6.597250270900435566e-06
2.109341262084524438e+00,-1.380763118566321387e-03,6.597324252343030361e-06
2.110331098434625297e+00,-1.388175343561145851e-03,6.597577099778249835e-06
2.111320934784726155e+00,-1.395420378483850027e-03,6.597111407068892041e-06
2.112310771134827014e+00,-1.402638106776593965e-03,6.597576198785462546e-06
2.113300607484927873e+00,-1.409948918165229888e-03,6.597308446633313684e-06
2.114290443835028732e+00,-1.417356782469930904e-03,6.597265019660148446e-06
2.115280280185129591e+00,-1.424646576986186592e-03,6.597604394135769854e-06
2.116270116535230450e+00,-1.431794072769374850e-03,6.597107564654514881e-06
2.117259952885331309e+00,-1.438887896213803929e-03,6.597550374814626235e-06
2.118249789235432168e+00,-1.446021773589852141e-03,6.597348764316832457e-06
2.119239625585533027e+00,-1.453205220273800016e-03,6.597214950135015717e-06
2.120229461935633886e+00,-1.460417642259512379e-03,6.597636889382096173e-06
2.121219298285734745e+00,-1.467519641655796450e-03,6.597113603533974035e-06
2.122209134635835603e+00,-1.474488179237903526e-03,6.597500347040090524e-06
2.123198970985936462e+00,-1.481448454152763800e-03,6.597430105380485480e-06
2.124188807336037321e+00,-1.488367487235104031e-03,6.597140362292047214e-06
2.125178643686138180e+00,-1.495227616698529280e-03,6.597667616170360142e-06
2.126168480036239039e+00,-1.502081744778254423e-03,6.597144943039527629e-06
2.127158316386339898e+00,-1.508925921834994993e-03,6.597410968811373401e-06
2.128148152736440757e+00,-1.515711308232458969e-03,6.597536025791843314e-06
2.129137989086541616e+00,-1.522453534870893454e-03,6.597085584125203457e-06
2.130127825436642475e+00,-1.529186605584032009e-03,6.597657268942619717e-06
2.131117661786743334e+00,-1.535866937480216817e-03,6.597212090882348017e-06
2.132107498136844193e+00,-1.542495633542967934e-03,6.597337738636321452e-06
2.133097334486945051e+00,-1.549069089980802680e-03,6.597601184177184262e-06
2.134087170837045910e+00,-1.555595849609135327e-03,6.597050999193165579e-06
2.135077007187146769e+00,-1.561987291608744671e-03,6.597657759090954540e-06
2.136066843537247628e+00,-1.568332320565108068e-03,6.597264744783988642e-06
2.137056679887348487e+00,-1.574646802552159136e-03,6.597265548679220782e-06
2.138046516237449346e+00,-1.580956532046531512e-03,6.597669320773451241e-06
2.139036352587550205e+00,-1.587334523730548654e-03,6.597029282998979464e-06
2.140026188937651064e+00,-1.593702288390880847e-03,6.597631264831201965e-06
2.141016025287751923e+00,-1.599932340313600307e-03,6.597333419154389248e-06
2.142005861637852782e+00,-1.606151693017238754e-03,6.597207739752816979e-06
2.142995697987953641e+00,-1.612466853697429488e-03,6.597715239347667494e-06
2.143985534338054499e+00,-1.618898700702498970e-03,6.597038916437714264e-06
2.144975370688155358e+00,-1.625165984318814854e-03,6.597591162813540489e-06
2.145965207038256217e+00,-1.631253313453098807e-03,6.597404681199185802e-06
2.146955043388357076e+00,-1.637276374647054708e-03,6.597158035837167178e-06
2.147944879738457935e+00,-1.643371044434601422e-03,6.597733387873043255e-06
2.148934716088558794e+00,-1.649536934892689146e-03,6.597077720719016177e-06
2.149924552438659653e+00,-1.655572757137525755e-03,6.597546205580431595e-06
2.150914388788760512e+00,-1.661471420756102570e-03,6.597455940279712924e-06
2.151904225138861371e+00,-1.667306271857017059e-03,6.597146865512460836e-06
2.152894061488962230e+00,-1.673177263895475868e-03,6.597734501859141344e-06
2.153883897839063088e+00,-1.679063201310428133e-03,6.597119367374746397e-06
2.154873734189163947e+00,-1.684852817404268325e-03,6.597507236421012148e-06
2.155863570539264806e+00,-1.690525707021020519e-03,6.597516534392444750e-06
2.156853406889365665e+00,-1.696254095254324948e-03,6.597112107671625862e-06
2.157843243239466524e+00,-1.702092121739159220e-03,6.597764210229865411e-06
2.158833079589567383e+00,-1.707914633729534825e-03,6.597133083571126954e-06
2.159822915939668242e+00,-1.713539404384866122e-03,6.597480221732739484e-06
2.160812752289769101e+00,-1.718942101564511788e-03,6.597587785570184673e-06
2.161802588639869960e+00,-1.724373110382431242e-03,6.597078873622469933e-06
2.162792424989970819e+00,-1.729945146653450111e-03,6.597761165394348270e-06
2.163782261340071678e+00,-1.735502774793183265e-03,6.597208826967319840e-06
2.164772097690172536e+00,-1.741018663880321803e-03,6.597412581555426118e-06
2.165761934040273395e+00,-1.746507843761011805e-03,6.597641435914529410e-06
2.166751770390374254e+00,-1.751887103418908352e-03,6.597093656805577225e-06
2.167741606740475113e+00,-1.757237027075168531e-03,6.597730378073284689e-06
2.168731443090575972e+00,-1.762624152288146681e-03,6.597290181120834529e-06
2.169721279440676831e+00,-1.767851793873304522e-03,6.597352301389194077e-06
2.170711115790777690e+00,-1.772888674620624362e-03,6.597702795600850900e-06
2.171700952140878549e+00,-1.777907494984837201e-03,6.597101940698198839e-06
2.172690788490979408e+00,-1.783094280344215549e-03,6.597696985771496164e-06
2.173680624841080267e+00,-1.788310148753554166e-03,6.597384393844937560e-06
2.174670461191181126e+00,-1.793340097841723043e-03,6.597292138734831988e-06
2.175660297541281984e+00,-1.798142777324939195e-03,6.597753899958132665e-06
2.176650133891382843e+00,-1.802965151539313773e-03,6.597129493036284411e-06
2.177639970241483702e+00,-1.807936878420672794e-03,6.597649044727292744e-06
2.178629806591584561e+00,-1.812911745098585645e-03,6.597478375412177192e-06
2.179619642941685420e+00,-1.817737037702355386e-03,6.597237051199534661e-06
2.180609479291786279e+00,-1.822395478283881124e-03,6.597789632820014545e-06
2.181599315641887138e+00,-1.827013555371345211e-03,6.597188202493508816e-06
2.182589151991987997e+00,-1.831690893312278067e-03,6.597576544575894933e-06
2.183578988342088856e+00,-1.836394832918545423e-03,6.597579637020691196e-06
2.184568824692189715e+00,-1.841058656760937318e-03,6.597211828245287446e-06
2.185558661042290574e+00,-1.845622510348909721e-03,6.597786921046562303e-06
2.186548497392391432e+00,-1.850133483775251962e-03,6.597265092468243550e-06
2.187538333742492291e+00,-1.854523194230619284e-03,6.597519862909167249e-06
2.188528170092593150e+00,-1.858834783112362247e-03,6.597644400748770630e-06
2.189518006442694009e+00,-1.863212089396869406e-03,6.597217650248516491e-06
2.190507842792794868e+00,-1.867571377880148775e-03,6.597773023084079706e-06
2.191497679142895727e+00,-1.871859203704437889e-03,6.597328295941915214e-06
2.192487515492996586e+00,-1.876099505312930384e-03,6.597497529876320567e-06
2.193477351843097445e+00,-1.880286344944490399e-03,6.597697998758705300e-06
2.194467188193198304e+00,-1.884453726794870507e-03,6.597215680344840072e-06
2.195457024543299163e+00,-1.888669094629613979e-03,6.597778062623370510e-06
2.196446860893400022e+00,-1.892856737182634867e-03,6.597405961772370017e-06
2.197436697243500880e+00,-1.896887741358165708e-03,6.597429724380064922e-06
2.198426533593601739e+00,-1.900804697699704296e-03,6.597778854288981716e-06
2.199416369943702598e+00,-1.904718061420500753e-03,6.597223668029638538e-06
2.200406206293803457e+00,-1.908658678983782752e-03,6.597755653603982482e-06
2.201396042643904316e+00,-1.912500930833415476e-03,6.597495751835192573e-06
2.202385878994005175e+00,-1.916305729714711491e-03,6.597376757866585010e-06
2.203375715344106034e+00,-1.920125037870657305e-03,6.597848100425755347e-06
2.204365551694206893e+00,-1.923897137037830236e-03,6.597228876887560351e-06
2.205355388044307752e+00,-1.927692863882169306e-03,6.597750377007345946e-06
2.206345224394408611e+00,-1.931428982758271254e-03,6.597569370224527054e-06
2.207335060744509470e+00,-1.935129820987939583e-03,6.597344067362911481e-06
2.208324897094610328e+00,-1.938812029737407025e-03,6.597893779576845060e-06
2.209314733444711187e+00,-1.942423533304435531e-03,6.597256252125541763e-06
2.210304569794812046e+00,-1.945911623914053923e-03,6.597731104707215462e-06
2.211294406144912905e+00,-1.949282582778244380e-03,6.597639715958323245e-06
2.212284242495013764e+00,-1.952567734656797524e-03,6.597323080652181700e-06
2.213274078845114623e+00,-1.955881396751039166e-03,6.597934420678543583e-06
2.214263915195215482e+00,-1.959162289613789083e-03,6.597302269457446920e-06
2.215253751545316341e+00,-1.962344467281221076e-03,6.597694027486461176e-06
2.216243587895417200e+00,-1.965357209984706314e-03,6.597728437317054683e-06
2.217233424245518059e+00,-1.968368358285467554e-03,6.597310415806369975e-06
2.218223260595618918e+00,-1.971366545544126370e-03,6.597931587019049229e-06
2.219213096945719776e+00,-1.974297033090154172e-03,6.597400418970347567e-06
2.220202933295820635e+00,-1.977190472493222263e-03,6.597621001703115695e-06
2.221192769645921494e+00,-1.980147941930010796e-03,6.597819640372325031e-06
2.222182605996022353e+00,-1.983150079787878491e-03,6.597321351334464910e-06
2.223172442346123212e+00,-1.985986515295744357e-03,6.597900200986096121e-06
2.224162278696224071e+00,-1.988640037754029789e-03,6.597509967723737337e-06
2.225152115046324930e+00,-1.991297743004191538e-03,6.597582228599527018e-06
2.226141951396425789e+00,-1.993978015050030216e-03,6.597858134707134374e-06
2.227131787746526648e+00,-1.996552634770847826e-03,6.597368771660520570e-06
2.228121624096627507e+00,-1.999115361346643239e-03,6.597876342232592616e-06
2.229111460446728366e+00,-2.001739454985904630e-03,6.597589592219300736e-06
2.230101296796829224e+00,-2.004347699056387502e-03,6.597544971278228845e-06
2.231091133146930083e+00,-2.006883659265993464e-03,6.597922594993755547e-06
2.232080969497030942e+00,-2.009307650182066713e-03,6.597396175129782313e-06
2.233070805847131801e+00,-2.011580819052082025e-03,6.597857750887478154e-06
2.234060642197232660e+00,-2.013801678970253244e-03,6.597674657459929814e-06
2.235050478547333519e+00,-2.016053395910025973e-03,6.597524506456075255e-06
2.236040314897434378e+00,-2.018271523269670950e-03,6.597949597557028551e-06
2.237030151247535237e+00,-2.020453151511696598e-03,6.597455005661488776e-06
2.238019987597636096e+00,-2.022578139186649322e-03,6.597826899444231532e-06
2.239009823947736955e+00,-2.024623751447151600e-03,6.597759543505095120e-06
2.239999660297837814e+00,-2.026654844610052165e-03,6.597513116121721681e-06
2.240989496647938672e+00,-2.028678087895570067e-03,6.597968715300940950e-06
2.241979332998039531e+00,-2.030681478366710719e-03,6.597526355699517008e-06
2.242969169348140390e+00,-2.032613184722362795e-03,6.597787378258526651e-06
2.243959005698241249e+00,-2.034483027709586053e-03,6.597835753525385054e-06
2.244948842048342108e+00,-2.036321493134879510e-03,6.597526417043257493e-06
2.245938678398442967e+00,-2.038156801004693732e-03,6.597973899355866972e-06
2.246928514748543826e+00,-2.039864968783259083e-03,6.597601711782265536e-06
2.247918351098644685e+00,-2.041499358670182968e-03,6.597744916881230463e-06
2.248908187448745544e+00,-2.043228604538540119e-03,6.597927539556430363e-06
2.249898023798846403e+00,-2.045009250388673747e-03,6.597509592794183177e-06
2.250887860148947262e+00,-2.046631311965833519e-03,6.597991325720465001e-06
2.251877696499048120e+00,-2.047996607794212373e-03,6.597685312377127478e-06
2.252867532849148979e+00,-2.049289007807643132e-03,6.597682727612728468e-06
2.253857369199249838e+00,-2.050682111231999592e-03,6.598036503481035239e-06
2.254847205549350697e+00,-2.052185398584800355e-03,6.597494524882617627e-06
2.255837041899451556e+00,-2.053636943035438544e-03,6.597993681514395937e-06
2.256826878249552415e+00,-2.054799569534993767e-03,6.597801655287878898e-06
2.257816714599653274e+00,-2.055848873561620920e-03,6.597612909230117120e-06
2.258806550949754133e+00,-2.057052840265016173e-03,6.598109769194015175e-06
2.259796387299854992e+00,-2.058407989771561097e-03,6.597538838559076899e-06
2.260786223649955851e+00,-2.059609342743543622e-03,6.597958590901639576e-06
2.261776060000056709e+00,-2.060564491079672558e-03,6.597893079853017190e-06
2.262765896350157568e+00,-2.061359845551534193e-03,6.597594194244821380e-06
2.263755732700258427e+00,-2.062207456233002261e-03,6.598153368356908371e-06
2.264745569050359286e+00,-2.063159887081180387e-03,6.597592085846651073e-06
2.265735405400460145e+00,-2.064070211744031044e-03,6.597929104984417966e-06
2.266725241750561004e+00,-2.064784299610768550e-03,6.597989261291307424e-06
2.267715078100661863e+00,-2.065349556070622886e-03,6.597569466294850619e-06
2.268704914450762722e+00,-2.066012665780317913e-03,6.598186291339824666e-06
2.269694750800863581e+00,-2.066802081743336020e-03,6.597659431957144120e-06
2.270684587150964440e+00,-2.067529384786006251e-03,6.597892249559728809e-06
2.271674423501065299e+00,-2.068093750253391112e-03,6.598077379634902632e-06
2.272664259851166157e+00,-2.068485517036255071e-03,6.597560811859488126e-06
2.273654096201267016e+00,-2.068941505389033497e-03,6.598206569720452551e-06
2.274643932551367875e+00,-2.069428381294975954e-03,6.597731793485928381e-06
2.275633768901468734e+00,-2.069730660046038753e-03,6.597854923691835369e-06
2.276623605251569593e+00,-2.069888354343477500e-03,6.598155059087001633e-06
2.277613441601670452e+00,-2.070035233310118204e-03,6.597585393202240131e-06
2.278603277951771311e+00,-2.070227480039427918e-03,6.598195146960516473e-06
2.279593114301872170e+00,-2.070430992763503189e-03,6.597816281204510855e-06
2.280582950651973029e+00,-2.070536461106061744e-03,6.597832977240741421e-06
2.281572787002073888e+00,-2.070490565808102978e-03,6.598204976808911423e-06
2.282562623352174747e+00,-2.070409273179188523e-03,6.597618095846318308e-06
2.283552459702275605e+00,-2.070361794770551184e-03,6.598193363700815104e-06
2.284542296052376464e+00,-2.070476016638491713e-03,6.597889707161690124e-06
2.285532132402477323e+00,-2.070590205910290311e-03,6.597819597004576945e-06
2.286521968752578182e+00,-2.070548483433393323e-03,6.598261689651447366e-06
2.287511805102679041e+00,-2.070362843499054962e-03,6.597634747085336974e-06
2.288501641452779900e+00,-2.070182337799204245e-03,6.598211359689661856e-06
2.289491477802880759e+00,-2.069954429612368835e-03,6.597959733031964184e-06
2.290481314152981618e+00,-2.069646748186756546e-03,6.597786794768795814e-06
2.291471150503082477e+00,-2.069297901101409959e-03,6.598317813582329355e-06
2.292460986853183336e+00,-2.068904807482490043e-03,6.597694886347905902e-06
2.293450823203284195e+00,-2.068506842873625400e-03,6.598149958724217133e-06
2.294440659553385053e+00,-2.068150761991861906e-03,6.598082346891331605e-06
2.295430495903485912e+00,-2.067744067690148024e-03,6.597754848917290379e-06
2.296420332253586771e+00,-2.067118001882399352e-03,6.598354608318845953e-06
2.297410168603687630e+00,-2.066322861936868011e-03,6.597763222167090333e-06
2.298400004953788489e+00,-2.065527015419569862e-03,6.598109114348297627e-06
2.299389841303889348e+00,-2.064775300782380803e-03,6.598179124953403205e-06
2.300379677653990207e+00,-2.064012879013229444e-03,6.597738849825139003e-06
2.301369514004091066e+00,-2.063157976927317179e-03,6.598375954682978781e-06
2.302359350354191925e+00,-2.062173328548834016e-03,6.597843791448635122e-06
2.303349186704292784e+00,-2.061151201213585506e-03,6.598065405535038693e-06
2.304339023054393643e+00,-2.060193028747018314e-03,6.598262952549358749e-06
2.305328859404494501e+00,-2.059216943897972801e-03,6.597747397425391212e-06
2.306318695754595360e+00,-2.058138073820453811e-03,6.598376620709148374e-06
2.307308532104696219e+00,-2.056980467341673093e-03,6.597933017131021372e-06
2.308298368454797078e+00,-2.055787798730010409e-03,6.598018661612561532e-06
2.309288204804897937e+00,-2.054603323021028227e-03,6.598346861316208036e-06
2.310278041154998796e+00,-2.053318058818632847e-03,6.597774055960130663e-06
2.311267877505099655e+00,-2.051936218910081332e-03,6.598340366457225096e-06
2.312257713855200514e+00,-2.050566175028102449e-03,6.598055429698767008e-06
2.313247550205301373e+00,-2.049209752471372291e-03,6.597957839709839264e-06
2.314237386555402232e+00,-2.047854928161302584e-03,6.598410496338383060e-06
2.315227222905503091e+00,-2.046390681874295236e-03,6.597824249041045460e-06
2.316217059255603949e+00,-2.044678899939518599e-03,6.598300652093396639e-06
2.317206895605704808e+00,-2.042930742015417519e-03,6.598163127386461705e-06
2.318196731955805667e+00,-2.041306524098557632e-03,6.597928318414264744e-06
2.319186568305906526e+00,-2.039758406481450084e-03,6.598441916380269736e-06
2.320176404656007385e+00,-2.038064472573420521e-03,6.597883590540711896e-06
2.321166241006108244e+00,-2.036185034612972029e-03,6.598279700138707202e-06
2.322156077356209103e+00,-2.034326111070651304e-03,6.598233887249142448e-06
2.323145913706309962e+00,-2.032539598526821728e-03,6.597908061099668129e-06
2.324135750056410821e+00,-2.030786824734156105e-03,6.598501493111315192e-06
2.325125586406511680e+00,-2.028962135735946394e-03,6.597910670006040113e-06
2.326115422756612539e+00,-2.026971472454194064e-03,6.598258736942343026e-06
2.327105259106713397e+00,-2.024866121563988642e-03,6.598335599787351071e-06
2.328095095456814256e+00,-2.022741594362438382e-03,6.597875792073559973e-06
2.329084931806915115e+00,-2.020681233818689103e-03,6.598546932938161838e-06
2.330074768157015974e+00,-2.018591921668678145e-03,6.597960374500409081e-06
2.331064604507116833e+00,-2.016436857177501644e-03,6.598234016286050153e-06
2.332054440857217692e+00,-2.014152722484892615e-03,6.598403849052252712e-06
2.333044277207318551e+00,-2.011879740405932582e-03,6.597878179796693471e-06
2.334034113557419410e+00,-2.009659241007755431e-03,6.598556466239607905e-06
2.335023949907520269e+00,-2.007433635692992911e-03,6.598039119799615514e-06
2.336013786257621128e+00,-2.005139166462543369e-03,6.598192164211884173e-06
2.337003622607721987e+00,-2.002784577817891265e-03,6.598476386822132834e-06
2.337993458957822845e+00,-2.000277802148483445e-03,6.597893055397520900e-06
2.338983295307923704e+00,-1.997673449541844445e-03,6.598548105777002722e-06
2.339973131658024563e+00,-1.995099430057593447e-03,6.598117975753951720e-06
2.340962968008125422e+00,-1.992551645177174230e-03,6.598159728993538535e-06
2.341952804358226281e+00,-1.989849666579648815e-03,6.598540514668435855e-06
2.342942640708327140e+00,-1.987102816363722855e-03,6.597913443762431006e-06
2.343932477058427999e+00,-1.984358842092194888e-03,6.598525499916093950e-06
2.344922313408528858e+00,-1.981601342427930564e-03,6.598220620980132778e-06
2.345912149758629717e+00,-1.978754141758663505e-03,6.598104797778846708e-06
2.346901986108730576e+00,-1.975806590391329665e-03,6.598604729365008012e-06
2.347891822458831435e+00,-1.972903131611906946e-03,6.597956461914613162e-06
2.348881658808932293e+00,-1.970084676428298341e-03,6.598480150694171245e-06
2.349871495159033152e+00,-1.967207020358022456e-03,6.598336221499239518e-06
2.350861331509134011e+00,-1.964262958278853010e-03,6.598054023564874586e-06
2.351851167859234870e+00,-1.961253209848000997e-03,6.598639670028700791e-06
2.352841004209335729e+00,-1.958065943030982883e-03,6.598028921259922607e-06
2.353830840559436588e+00,-1.954743872060887150e-03,6.598432028631460452e-06
2.354820676909537447e+00,-1.951406613642774979e-03,6.598396477537251859e-06
2.355810513259638306e+00,-1.948108712257322177e-03,6.598079007872315356e-06
2.356800349609739165e+00,-1.944802985684208766e-03,6.598626399587061133e-06
2.357790185959840024e+00,-1.941450846434309091e-03,6.598097005233542677e-06
2.358780022309940883e+00,-1.937955139983236477e-03,6.598408444333625032e-06
2.359769858660041741e+00,-1.934426130209255211e-03,6.598453584236918278e-06
2.360759695010142600e+00,-1.930927548404480715e-03,6.598094080677150432e-06
2.361749531360243459e+00,-1.927326213662943280e-03,6.598614715226919209e-06
2.362739367710344318e+00,-1.923547449188269323e-03,6.598178878679172643e-06
2.363729204060445177e+00,-1.919752153302889527e-03,6.598355393979666954e-06
2.364719040410546036e+00,-1.916073623822064226e-03,6.598518936419097172e-06
2.365708876760646895e+00,-1.912411488827638235e-03,6.598109221330873807e-06
2.366698713110747754e+00,-1.908657526475328846e-03,6.598598800224331284e-06
2.367688549460848613e+00,-1.904799145422230019e-03,6.598267081575968338e-06
2.368678385810949472e+00,-1.900911605224509318e-03,6.598303494160884769e-06
2.369668222161050330e+00,-1.897058765210059457e-03,6.598583649121437524e-06
2.370658058511151189e+00,-1.893264904922611642e-03,6.598132826076741023e-06
2.371647894861252048e+00,-1.889446713156298042e-03,6.598565132107816239e-06
2.372637731211352907e+00,-1.885438353385723810e-03,6.598359228540183527e-06
2.373627567561453766e+00,-1.881309740289570593e-03,6.598263911507083107e-06
2.374617403911554625e+00,-1.877182565334446166e-03,6.598625491953445752e-06
2.375607240261655484e+00,-1.873121280254535018e-03,6.598164463157830336e-06
2.376597076611756343e+00,-1.869069257139233846e-03,6.598532407724033536e-06
2.377586912961857202e+00,-1.864937054323898349e-03,6.598448392779814529e-06
2.378576749311958061e+00,-1.860677236380885386e-03,6.598210924911813198e-06
2.379566585662058920e+00,-1.856265100870690661e-03,6.598684861584044526e-06
2.380556422012159778e+00,-1.851868773552116680e-03,6.598187260514150420e-06
2.381546258362260637e+00,-1.847512186438654601e-03,6.598504606040390334e-06
2.382536094712361496e+00,-1.843094318593203884e-03,6.598532908804626197e-06
2.383525931062462355e+00,-1.838580095125880078e-03,6.598158510057141099e-06
2.384515767412563214e+00,-1.833976656056931403e-03,6.598730062714989850e-06
2.385505603762664073e+00,-1.829426700473474462e-03,6.598241658845799576e-06
2.386495440112764932e+00,-1.824896783470060209e-03,6.598430384614887794e-06
2.387485276462865791e+00,-1.820259607984812088e-03,6.598630010323851226e-06
2.388475112812966650e+00,-1.815569311194850438e-03,6.598153142760065800e-06
2.389464949163067509e+00,-1.810840919861202375e-03,6.598698761291664869e-06
2.390454785513168368e+00,-1.806094631677617390e-03,6.598342382181891644e-06
2.391444621863269226e+00,-1.801265687989599780e-03,6.598358884825275782e-06
2.392434458213370085e+00,-1.796287519035337857e-03,6.598702519664695930e-06
2.393424294563470944e+00,-1.791263187707213241e-03,6.598150470518749973e-06
2.394414130913571803e+00,-1.786259913993458069e-03,6.598686319859086283e-06
2.395403967263672662e+00,-1.781275940362549246e-03,6.598408261910227965e-06
2.396393803613773521e+00,-1.776285302091576423e-03,6.598314540028730312e-06
2.397383639963874380e+00,-1.771159861864294791e-03,6.598751261671660228e-06
2.398373476313975239e+00,-1.765866748801053331e-03,6.598171670387402938e-06
2.399363312664076098e+00,-1.760721760089875403e-03,6.598661072421600756e-06
2.400353149014176957e+00,-1.755744124020900592e-03,6.598478271275891407e-06
2.401342985364277816e+00,-1.750578107910056138e-03,6.598275040850458436e-06
2.402332821714378674e+00,-1.745117782676876457e-03,6.598787026368364870e-06
2.403322658064479533e+00,-1.739551364830635959e-03,6.598194291287649351e-06
2.404312494414580392e+00,-1.734137931720102941e-03,6.598623148340006993e-06
2.405302330764681251e+00,-1.728826800757522503e-03,6.598552168522343135e-06
2.406292167114782110e+00,-1.723411119801156188e-03,6.598244370109599716e-06
2.407282003464882969e+00,-1.717787576139888318e-03,6.598794624782666293e-06
2.408271839814983828e+00,-1.712143399331678357e-03,6.598246536811906518e-06
2.409261676165084687e+00,-1.706568207442501865e-03,6.598573611057480405e-06
2.410251512515185546e+00,-1.701015149808548328e-03,6.598613652635876730e-06
2.411241348865286405e+00,-1.695373976496475929e-03,6.598231002979511659e-06
2.412231185215387264e+00,-1.689676127672378944e-03,6.598798442559839963e-06
2.413221021565488122e+00,-1.683983369761532381e-03,6.598292267424008603e-06
2.414210857915588981e+00,-1.678399591557338394e-03,6.598537594753452971e-06
2.415200694265689840e+00,-1.672777072201273680e-03,6.598654240055115638e-06
2.416190530615790699e+00,-1.666992459869124504e-03,6.598222043431333117e-06
2.417180366965891558e+00,-1.661029835108109032e-03,6.598808426976956897e-06
2.418170203315992417e+00,-1.654989234372934844e-03,6.598329772094005409e-06
2.419160039666093276e+00,-1.648924840276709287e-03,6.598483203951994479e-06
2.420149876016194135e+00,-1.642953285854896776e-03,6.598739504636837665e-06
2.421139712366294994e+00,-1.637043573582956440e-03,6.598187972220767048e-06
2.422129548716395853e+00,-1.630993739918355388e-03,6.598795558924962111e-06
2.423119385066496712e+00,-1.624838368723433273e-03,6.598407086225568984e-06
2.424109221416597570e+00,-1.618714249530477925e-03,6.598410878127038926e-06
2.425099057766698429e+00,-1.612605412438313781e-03,6.598788610427994959e-06
2.426088894116799288e+00,-1.606398977810757260e-03,6.598203682961038717e-06
2.427078730466900147e+00,-1.600121276422616055e-03,6.598740212982630846e-06
2.428068566817001006e+00,-1.593780418017581423e-03,6.598492053612336512e-06
2.429058403167101865e+00,-1.587490688164337142e-03,6.598348656087769868e-06
2.430048239517202724e+00,-1.581270805114463884e-03,6.598821024077278482e-06
2.431038075867303583e+00,-1.574986800738606939e-03,6.598242073138280919e-06
2.432027912217404442e+00,-1.568559463949606133e-03,6.598673090403375333e-06
2.433017748567505301e+00,-1.562071487997130498e-03,6.598576271762158363e-06
2.434007584917606160e+00,-1.555654125855117625e-03,6.598296974996547211e-06
2.434997421267707018e+00,-1.549262334296755243e-03,6.598832019430100918e-06
2.435987257617807877e+00,-1.542757756554231658e-03,6.598283767843168023e-06
2.436977093967908736e+00,-1.536133737725427044e-03,6.598603578784354920e-06
2.437966930318009595e+00,-1.529382491477663825e-03,6.598664457078657335e-06
2.438956766668110454e+00,-1.522555366799326244e-03,6.598242929812628976e-06
2.439946603018211313e+00,-1.515809127668529084e-03,6.598834652413409838e-06
2.440936439368312172e+00,-1.509119081052915853e-03,6.598345529153447094e-06
2.441926275718413031e+00,-1.502335246608167739e-03,6.598514746480714419e-06
2.442916112068513890e+00,-1.495382052818019017e-03,6.598749457996559005e-06
2.443905948418614749e+00,-1.488291824442016919e-03,6.598203042209233668e-06
2.444895784768715608e+00,-1.481271035997895787e-03,6.598823462177049384e-06
2.445885621118816466e+00,-1.474287762080701402e-03,6.598403516583916403e-06
2.446875457468917325e+00,-1.467275304784132267e-03,6.598440852295416045e-06
2.447865293819018184e+00,-1.460164265345943908e-03,6.598793659720261981e-06
2.448855130169119043e+00,-1.453002739987618603e-03,6.598202922637711625e-06
2.449844966519219902e+00,-1.445871769135797201e-03,6.598798272096393951e-06
2.450834802869320761e+00,-1.438743580315497185e-03,6.598429703365888660e-06
2.451824639219421620e+00,-1.431627578859782793e-03,6.598417955783590412e-06
2.452814475569522479e+00,-1.424488136380984643e-03,6.598812010975003934e-06
2.453804311919623338e+00,-1.417268465542427264e-03,6.598192831951069482e-06
2.454794148269724197e+00,-1.409981746142514782e-03,6.598778722337770410e-06
2.455783984619825056e+00,-1.402640688952469863e-03,6.598480981500722628e-06
2.456773820969925914e+00,-1.395301921920070066e-03,6.598349816914912760e-06
2.457763657320026773e+00,-1.387888216804716640e-03,6.598856135761529477e-06
2.458753493670127632e+00,-1.380462988222802903e-03,6.598191090107376952e-06
2.459743330020228491e+00,-1.373091928667781675e-03,6.598727146707169204e-06
2.460733166370329350e+00,-1.365649163554709736e-03,6.598550756383368282e-06
2.461723002720430209e+00,-1.358098789750320119e-03,6.598282852314396657e-06
2.462712839070531068e+00,-1.350609396371588340e-03,6.598885224416045025e-06
2.463702675420631927e+00,-1.343215218056221551e-03,6.598207843822134796e-06
2.464692511770732786e+00,-1.335749653055264821e-03,6.598658070397747794e-06
2.465682348120833645e+00,-1.328158756785199034e-03,6.598623374330710567e-06
2.466672184470934504e+00,-1.320452119532913686e-03,6.598220121947789450e-06
2.467662020821035362e+00,-1.312693579947521189e-03,6.598888742688453630e-06
2.468651857171136221e+00,-1.305000882768626814e-03,6.598235379883491258e-06
2.469641693521237080e+00,-1.297307634854626048e-03,6.598600080670029417e-06
2.470631529871337939e+00,-1.289559034828497959e-03,6.598673517215180666e-06
2.471621366221438798e+00,-1.281735590979001839e-03,6.598179343004281665e-06
2.472611202571539657e+00,-1.273893841638782439e-03,6.598879456669428407e-06
2.473601038921640516e+00,-1.266038818047122158e-03,6.598275792034709143e-06
2.474590875271741375e+00,-1.258160150969299049e-03,6.598520333782711355e-06
2.475580711621842234e+00,-1.250198688745007315e-03,6.598730027566308229e-06
2.476570547971943093e+00,-1.242264491879376508e-03,6.598143112710071201e-06
2.477560384322043951e+00,-1.234425602857352512e-03,6.598856439916771390e-06
2.478550220672144810e+00,-1.226585194809107736e-03,6.598318334651535849e-06
2.479540057022245669e+00,-1.218610752067667002e-03,6.598445611151423837e-06
2.480529893372346528e+00,-1.210473117837648164e-03,6.598758240538664208e-06
2.481519729722447387e+00,-1.202262771846203003e-03,6.598167610206019398e-06
2.482509566072548246e+00,-1.194029205997142185e-03,6.598761739630804545e-06
2.483499402422649105e+00,-1.185852511102766490e-03,6.598403424456482080e-06
2.484489238772749964e+00,-1.177569211659553220e-03,6.598386764838355155e-06
2.485479075122850823e+00,-1.169268757514540027e-03,6.598742690846831867e-06
2.486468911472951682e+00,-1.161074719695869960e-03,6.598203579301428694e-06
2.487458747823052541e+00,-1.152933148386985508e-03,6.598688348542984229e-06
2.488448584173153399e+00,-1.144647908218648013e-03,6.598452149815579618e-06
2.489438420523254258e+00,-1.136223936531880266e-03,6.598332635138986150e-06
2.490428256873355117e+00,-1.127822617582999176e-03,6.598745059779431355e-06
2.491418093223455976e+00,-1.119475092448779302e-03,6.598218529150727366e-06
2.492407929573556835e+00,-1.111174045177744070e-03,6.598617603840334005e-06
2.493397765923657694e+00,-1.102832879286798091e-03,6.598511674101115625e-06
2.494387602273758553e+00,-1.094366667146488489e-03,6.598269118978888865e-06
2.495377438623859412e+00,-1.085851810274066033e-03,6.598751125578207436e-06
2.496367274973960271e+00,-1.077436184262442953e-03,6.598230215907640493e-06
2.497357111324061130e+00,-1.069080871676316661e-03,6.598545327997174836e-06
2.498346947674161989e+00,-1.060616189480877289e-03,6.598563817464532512e-06
2.499336784024262847e+00,-1.052011259722067469e-03,6.598213534462538391e-06
2.500326620374363706e+00,-1.043422699129329962e-03,6.598732505750440370e-06
2.501316456724464565e+00,-1.034875126634779256e-03,6.598273307368764947e-06
2.502306293074565424e+00,-1.026253750362678000e-03,6.598463860054201843e-06
2.503296129424666283e+00,-1.017519253811791828e-03,6.598605925450907844e-06
2.504285965774767142e+00,-1.008763615372867658e-03,6.598180076297365241e-06
2.505275802124868001e+00,-1.000118862030038641e-03,6.598695605933132224e-06
2.506265638474968860e+00,-9.915587283550115257e-04,6.598314019290025910e-06
2.507255474825069719e+00,-9.828756496178421825e-04,6.598377174654364928e-06
2.508245311175170578e+00,-9.740652905509263959e-04,6.598648787731849877e-06
2.509235147525271437e+00,-9.652163082485512189e-04,6.598147802663919624e-06
2.510224983875372295e+00,-9.564110086516484097e-04,6.598655839968857066e-06
2.511214820225473154e+00,-9.477854167060760374e-04,6.598349842118536501e-06
2.512204656575574013e+00,-9.391512392310193743e-04,6.598291767791558526e-06
2.513194492925674872e+00,-9.303324670741933101e-04,6.598695884349377293e-06
2.514184329275775731e+00,-9.214303648567394311e-04,6.598118948888353862e-06
2.515174165625876590e+00,-9.125942822064339729e-04,6.598581987021901524e-06
2.516164001975977449e+00,-9.039583426643299155e-04,6.598437080331342394e-06
2.517153838326078308e+00,-8.952829203518974065e-04,6.598183582155779249e-06
2.518143674676179167e+00,-8.864007244349879876e-04,6.598705446812922596e-06
2.519133511026280026e+00,-8.773993252138938530e-04,6.598140380098695356e-06
2.520123347376380885e+00,-8.683937118160172264e-04,6.598487981900710202e-06
2.521113183726481743e+00,-8.594021725396717819e-04,6.598491230096264622e-06
2.522103020076582602e+00,-8.504675516271668380e-04,6.598126562117743494e-06
2.523092856426683461e+00,-8.415121505132899717e-04,6.598686321973032339e-06
2.524082692776784320e+00,-8.323736414304360766e-04,6.598158899955959558e-06
2.525072529126885179e+00,-8.231359432962029885e-04,6.598414937272239438e-06
2.526062365476986038e+00,-8.140560396474459844e-04,6.598521749819235470e-06
2.527052201827086897e+00,-8.051010603334019184e-04,6.598091643794237226e-06
2.528042038177187756e+00,-7.961036455736735570e-04,6.598649207801628705e-06
2.529031874527288615e+00,-7.869146059638111330e-04,6.598181403471913581e-06
2.530021710877389474e+00,-7.776172330037440985e-04,6.598341888933878715e-06
2.531011547227490333e+00,-7.683685557934760886e-04,6.598546344102225854e-06
2.532001383577591191e+00,-7.591975729545918407e-04,6.598051190296946624e-06
2.532991219927692050e+00,-7.499709121086390283e-04,6.598615328979322059e-06
2.533981056277792909e+00,-7.406145109463052384e-04,6.598214387894950005e-06
2.534970892627893768e+00,-7.312870601421672407e-04,6.598260855182873549e-06
2.535960728977994627e+00,-7.220680924420235175e-04,6.598562742913893885e-06
2.536950565328095486e+00,-7.128404018696715043e-04,6.598031659496949087e-06
2.537940401678196345e+00,-7.034788437898566735e-04,6.598552061464838421e-06
2.538930238028297204e+00,-6.940512757799050967e-04,6.598253185978996346e-06
2.539920074378398063e+00,-6.846957899928310561e-04,6.598182841949106031e-06
2.540909910728498922e+00,-6.754528640997796820e-04,6.598573057906574080e-06
2.541899747078599781e+00,-6.662554752420727288e-04,6.598020851662791966e-06
2.542889583428700639e+00,-6.570214170012035702e-04,6.598489123954858596e-06
2.543879419778801498e+00,-6.476948028659782180e-04,6.598273597438380037e-06
2.544869256128902357e+00,-6.381987540495958526e-04,6.598137797365663465e-06
2.545859092479003216e+00,-6.287110816548696114e-04,6.598560964397287334e-06
2.546848928829104075e+00,-6.192867093664709789e-04,6.598005830992447699e-06
2.547838765179204934e+00,-6.098331289139413171e-04,6.598431759023849815e-06
2.548828601529305793e+00,-6.003224667657815466e-04,6.598312520384875351e-06
2.549818437879406652e+00,-5.908707976590043447e-04,6.598050026220074585e-06
2.550808274229507511e+00,-5.814908729123055261e-04,6.598561226282728985e-06
2.551798110579608370e+00,-5.721822291076696489e-04,6.598024587235468079e-06
2.552787946929709229e+00,-5.628034753917888263e-04,6.598320910109562692e-06
2.553777783279810087e+00,-5.532654456610416492e-04,6.598379052137049968e-06
2.554767619629910946e+00,-5.437119287074658556e-04,6.597984468470991995e-06
2.555757455980011805e+00,-5.342671381085566541e-04,6.598514134547755281e-06
2.556747292330112664e+00,-5.249425915512547338e-04,6.598076826251799165e-06
2.557737128680213523e+00,-5.154849430148122609e-04,6.598198070547199142e-06
2.558726965030314382e+00,-5.058872511054699709e-04,6.598435623642776406e-06
2.559716801380415241e+00,-4.962922221757955134e-04,6.597931046765473981e-06
2.560706637730516100e+00,-4.868192638365950839e-04,6.598455617627548766e-06
2.561696474080616959e+00,-4.773738383556380151e-04,6.598123723185980652e-06
2.562686310430717818e+00,-4.678212681753910114e-04,6.598096744496338890e-06
2.563676146780818677e+00,-4.581840970260424631e-04,6.598458885334867963e-06
2.564665983130919535e+00,-4.485409970244889953e-04,6.597900397550377052e-06
2.565655819481020394e+00,-4.389200757644485672e-04,6.598400149047608985e-06
2.566645655831121253e+00,-4.292242752822349639e-04,6.598161734833350917e-06
2.567635492181222112e+00,-4.195190226075804461e-04,6.598004767982918428e-06
2.568625328531322971e+00,-4.098425865479383631e-04,6.598470256114050558e-06
2.569615164881423830e+00,-4.002021399899480746e-04,6.597884878541035053e-06
2.570605001231524689e+00,-3.906056444805581455e-04,6.598320152583263753e-06
2.571594837581625548e+00,-3.809692105226427663e-04,6.598210476121738203e-06
2.572584673931726407e+00,-3.712490195391589557e-04,6.597914675896425076e-06
2.573574510281827266e+00,-3.614646076914604465e-04,6.598480188260095161e-06
2.574564346631928125e+00,-3.518014184649965971e-04,6.597877022595048951e-06
2.575554182982028983e+00,-3.422394698634272873e-04,6.598232903771057711e-06
2.576544019332129842e+00,-3.325994843414782653e-04,6.598248748620750641e-06
2.577533855682230701e+00,-3.228658337721092221e-04,6.597865963613805237e-06
2.578523692032331560e+00,-3.131020487035791997e-04,6.598426942047050043e-06
2.579513528382432419e+00,-3.034359163800240660e-04,6.597900773946460340e-06
2.580503364732533278e+00,-2.938263746744225252e-04,6.598152687246778594e-06
2.581493201082634137e+00,-2.841443920731625194e-04,6.598264861767211430e-06
2.582483037432734996e+00,-2.744285611708640726e-04,6.597804983846815825e-06
2.583472873782835855e+00,-2.646309460654623180e-04,6.598412906346113990e-06
2.584462710132936714e+00,-2.547359114584961002e-04,6.597898604945647473e-06
2.585452546483037573e+00,-2.448880880055124545e-04,6.598065208458074130e-06
2.586442382833138431e+00,-2.351374431359578687e-04,6.598318804542217999e-06
2.587432219183239290e+00,-2.253717489406429091e-04,6.597718832887154436e-06
2.588422055533340149e+00,-2.155315648381715492e-04,6.598398590359570117e-06
2.589411891883441008e+00,-2.056597104295100240e-04,6.597907754943996128e-06
2.590401728233541867e+00,-1.958159793655723992e-04,6.597971568591608008e-06
2.591391564583642726e+00,-1.861459117393284859e-04,6.598356991113093883e-06
2.592381400933743585e+00,-1.765680020669676577e-04,6.597657974838660631e-06
2.593371237283844444e+00,-1.668629648887119416e-04,6.598355186209565341e-06
2.594361073633945303e+00,-1.569827985012663650e-04,6.597933851165124038e-06
2.595350909984046162e+00,-1.471437854709872946e-04,6.597885351779447215e-06
2.596340746334147020e+00,-1.373917281017111652e-04,6.598358735323194026e-06
2.597330582684247879e+00,-1.276796195851238836e-04,6.597651849089466676e-06
2.598320419034348738e+00,-1.179441812991626886e-04,6.598275848770817400e-06
2.599310255384449597e+00,-1.082033956020788534e-04,6.597969931516292477e-06
2.600300091734550456e+00,-9.844569674267405048e-05,6.597802577545108149e-06
2.601289928084651315e+00,-8.867348384294395074e-05,6.598348623455593488e-06
2.602279764434752174e+00,-7.888386408357731037e-05,6.597648023741227921e-06
2.603269600784853033e+00,-6.911407023373487336e-05,6.598188029536825211e-06
2.604259437134953892e+00,-5.936846064583072279e-05,6.598008782804268015e-06
2.605249273485054751e+00,-4.964315639300737580e-05,6.597736934785711884e-06
2.606239109835155610e+00,-3.995124999140133628e-05,6.598324223897954331e-06
2.607228946185256468e+00,-3.022888779606289786e-05,6.597656781540150564e-06
2.608218782535357327e+00,-2.050593770609757547e-05,6.598081751600026240e-06
2.609208618885458186e+00,-1.069575301112752426e-05,6.598068051525398257e-06
2.610198455235559045e+00,-7.171944833435642808e-07,6.597663991624955187e-06
2.611188291585659904e+00,9.333391377566577617e-06,6.598267882108848137e-06
2.612178127935760763e+00,1.922136451470795281e-05,6.597717527133606004e-06
2.613167964285861622e+00,2.896682312412491770e-05,6.597959500608665403e-06
2.614157800635962481e+00,3.879336601904073885e-05,6.598098129741532318e-06
2.615147636986063340e+00,4.867204333611962276e-05,6.597632918755187817e-06
2.616137473336164199e+00,5.854891200521906188e-05,6.598207721385011354e-06
2.617127309686265058e+00,6.836251635875403387e-05,6.597738866405737795e-06
2.618117146036365916e+00,7.815192533335478477e-05,6.597885944478060961e-06
2.619106982386466775e+00,8.802262897431993886e-05,6.598101772358777379e-06
2.620096818736567634e+00,9.794015464496325834e-05,6.597597342374286962e-06
2.621086655086668493e+00,1.078280069741276132e-04,6.598154266809838568e-06
2.622076491436769352e+00,1.176969867262266518e-04,6.597758967204331113e-06
2.623066327786870211e+00,1.274965337325188752e-04,6.597806944615072501e-06
2.624056164136971070e+00,1.373624486422982019e-04,6.598109547966642885e-06
2.625046000487071929e+00,1.473123573507959287e-04,6.597567619056312135e-06
2.626035836837172788e+00,1.572458237894258919e-04,6.598088866106444552e-06
2.627025673187273647e+00,1.670729736591500389e-04,6.597798947999289083e-06
2.628015509537374506e+00,1.767927513644372182e-04,6.597708809024677918e-06
2.629005345887475364e+00,1.866533530650167064e-04,6.598124210145188147e-06
2.629995182237576223e+00,1.967026162133807656e-04,6.597554512742753347e-06
2.630985018587677082e+00,2.066775964427527176e-04,6.598000385737927687e-06
2.631974854937777941e+00,2.164733677660676391e-04,6.597846328208613293e-06
2.632964691287878800e+00,2.261920080637659419e-04,6.597621555007661092e-06
2.633954527637979659e+00,2.359020685055086581e-04,6.598112204580050910e-06
2.634944363988080518e+00,2.457095138334088611e-04,6.597563396086904670e-06
2.635934200338181377e+00,2.555959037883553074e-04,6.597901004364953260e-06
2.636924036688282236e+00,2.653628208136259419e-04,6.597904981372838634e-06
2.637913873038383095e+00,2.750232591931373299e-04,6.597541076328173884e-06
2.638903709388483954e+00,2.846812637381042257e-04,6.598096146661651082e-06
2.639893545738584812e+00,2.944461281688224717e-04,6.597558833078514244e-06
2.640883382088685671e+00,3.042755937270506068e-04,6.597822819036261948e-06
2.641873218438786530e+00,3.139861931136825280e-04,6.597947253265729653e-06
2.642863054788887389e+00,3.236129645572772889e-04,6.597456268213302496e-06
2.643852891138988248e+00,3.333073513259322395e-04,6.598077507608139396e-06
2.644842727489089107e+00,3.430818857599361184e-04,6.597588465837065199e-06
2.645832563839189966e+00,3.528063520375161592e-04,6.597704061222262894e-06
2.646822400189290825e+00,3.624854495568098655e-04,6.597995770233320184e-06
2.647812236539391684e+00,3.722164061301526492e-04,6.597418424745780805e-06
2.648802072889492543e+00,3.820154693481973862e-04,6.598001531841173937e-06
2.649791909239593402e+00,3.918563791916655314e-04,6.597642334170103472e-06
2.650781745589694260e+00,4.016411445916101140e-04,6.597610906020927338e-06
2.651771581939795119e+00,4.112781421845245725e-04,6.597995449388679791e-06
2.652761418289895978e+00,4.209265924148677734e-04,6.597409455250508964e-06
2.653751254639996837e+00,4.306841169446744559e-04,6.597921245895305202e-06
2.654741090990097696e+00,4.404106134670537063e-04,6.597684527616360299e-06
2.655730927340198555e+00,4.499772847383401702e-04,6.597534326733466310e-06
2.656720763690299414e+00,4.594500865273931883e-04,6.597991915780604998e-06
2.657710600040400273e+00,4.689422501154493720e-04,6.597395980777718505e-06
2.658700436390501132e+00,4.785803348001191489e-04,6.597868337016787970e-06
2.659690272740601991e+00,4.883664175936642442e-04,6.597693597272580197e-06
2.660680109090702850e+00,4.980711299243356085e-04,6.597485560266928106e-06
2.661669945440803708e+00,5.075701715360778164e-04,6.597969794944267764e-06
2.662659781790904567e+00,5.170222488747812546e-04,6.597403357643055486e-06
2.663649618141005426e+00,5.266207124787980693e-04,6.597782372335994854e-06
2.664639454491106285e+00,5.363052310847057826e-04,6.597730967310660080e-06
2.665629290841207144e+00,5.459630018920878358e-04,6.597420373055690545e-06
2.666619127191308003e+00,5.555309593319356564e-04,6.597948669317539324e-06
2.667608963541408862e+00,5.650821864980532828e-04,6.597414103474986167e-06
2.668598799891509721e+00,5.745881520673414749e-04,6.597703009904939258e-06
2.669588636241610580e+00,5.841217822141330385e-04,6.597763287641458136e-06
2.670578472591711439e+00,5.936524684343745832e-04,6.597377788393009771e-06
2.671568308941812298e+00,6.030807004563199869e-04,6.597891481795774624e-06
2.672558145291913156e+00,6.124760850348297996e-04,6.597447614434873346e-06
2.673547981642014015e+00,6.220043620287053028e-04,6.597630351089766680e-06
2.674537817992114874e+00,6.316699589725556204e-04,6.597765453197611623e-06
2.675527654342215733e+00,6.413196601732546083e-04,6.597354166108220850e-06
2.676517490692316592e+00,6.508010819731225227e-04,6.597846051559327233e-06
2.677507327042417451e+00,6.601124926349600857e-04,6.597479766494798973e-06
2.678497163392518310e+00,6.694194370827483403e-04,6.597529975861767019e-06
2.679486999742619169e+00,6.787757010644110108e-04,6.597816450504256417e-06
2.680476836092720028e+00,6.881734501776482372e-04,6.597307124613375027e-06
2.681466672442820887e+00,6.974733572910895045e-04,6.597780871194092861e-06
2.682456508792921746e+00,7.066667360321885394e-04,6.597552131665446283e-06
2.683446345143022604e+00,7.158587101860308492e-04,6.597413186954505239e-06
2.684436181493123463e+00,7.251424305068910042e-04,6.597845416052294290e-06
2.685426017843224322e+00,7.344933963458678177e-04,6.597297095686443625e-06
2.686415854193325181e+00,7.437302752888963432e-04,6.597699581944454886e-06
2.687405690543426040e+00,7.528180965363375594e-04,6.597612358620922888e-06
2.688395526893526899e+00,7.619876230852571037e-04,6.597334694779345052e-06
2.689385363243627758e+00,7.712818713628574827e-04,6.597831181070677372e-06
2.690375199593728617e+00,7.805243324442975644e-04,6.597325244421586100e-06
2.691365035943829476e+00,7.895777390489824594e-04,6.597600643938283860e-06
2.692354872293930335e+00,7.986155898329137630e-04,6.597656046147193537e-06
2.693344708644031194e+00,8.077877122772919669e-04,6.597288249047717142e-06
2.694334544994132052e+00,8.170189098363810163e-04,6.597794923454278241e-06
2.695324381344232911e+00,8.262445899708605350e-04,6.597357826378796355e-06
2.696314217694333770e+00,8.353233723206915417e-04,6.597507397623630107e-06
2.697304054044434629e+00,8.442371975827936198e-04,6.597701901304634942e-06
2.698293890394535488e+00,8.531789022724422080e-04,6.597242098165657780e-06
2.699283726744636347e+00,8.622730114414059715e-04,6.597760213989683617e-06
2.700273563094737206e+00,8.713763362912154559e-04,6.597396420585921349e-06
2.701263399444838065e+00,8.803742557961522289e-04,6.597421523890374747e-06
2.702253235794938924e+00,8.892762097709763476e-04,6.597747972415680053e-06
2.703243072145039783e+00,8.981926833370561247e-04,6.597191832671735387e-06
2.704232908495140641e+00,9.072291590468024858e-04,6.597710284880646590e-06
2.705222744845241500e+00,9.162399420374634515e-04,6.597455835219834620e-06
2.706212581195342359e+00,9.251644339644373230e-04,6.597325352135990276e-06
2.707202417545443218e+00,9.340886522603786485e-04,6.597772197935768549e-06
2.708192253895544077e+00,9.430078041228337959e-04,6.597185026810928821e-06
2.709182090245644936e+00,9.519108414107213013e-04,6.597657363707813741e-06
2.710171926595745795e+00,9.607545580143481319e-04,6.597482805950070407e-06
2.711161762945846654e+00,9.695774967983854199e-04,6.597266251763977131e-06
2.712151599295947513e+00,9.784815257546182390e-04,6.597793513999164551e-06
2.713141435646048372e+00,9.874239252223313348e-04,6.597144147900797583e-06
2.714131271996149231e+00,9.962419968823038423e-04,6.597636036311667477e-06
2.715121108346250089e+00,1.004880458302137873e-03,6.597503441585545437e-06
2.716110944696350948e+00,1.013586104954439151e-03,6.597202934789861581e-06
2.717100781046451807e+00,1.022375998282260305e-03,6.597807697458134744e-06
2.718090617396552666e+00,1.031043215672887469e-03,6.597140990288228950e-06
2.719080453746653525e+00,1.039550400558340382e-03,6.597574447143886653e-06
2.720070290096754384e+00,1.047978132394327896e-03,6.597558079683948848e-06
2.721060126446855243e+00,1.056388033757203098e-03,6.597133160970274463e-06
2.722049962796956102e+00,1.064884531766766571e-03,6.597807983919897699e-06
2.723039799147056961e+00,1.073432875898301404e-03,6.597164084539231199e-06
2.724029635497157820e+00,1.081949512799008570e-03,6.597488619661793881e-06
2.725019471847258679e+00,1.090385187624019541e-03,6.597610952937996737e-06
2.726009308197359537e+00,1.098787742779241917e-03,6.597102600876693521e-06
2.726999144547460396e+00,1.107148634116076778e-03,6.597758336238919426e-06
2.727988980897561255e+00,1.115511636409383112e-03,6.597226515790322251e-06
2.728978817247662114e+00,1.123873400366266675e-03,6.597390945546906527e-06
2.729968653597762973e+00,1.132246548610975172e-03,6.597663468157944109e-06
2.730958489947863832e+00,1.140593267896439483e-03,6.597075579715063884e-06
2.731948326297964691e+00,1.148870512529158840e-03,6.597712169150249189e-06
2.732938162648065550e+00,1.157091923158289895e-03,6.597283291307712649e-06
2.733927998998166409e+00,1.165226256640743271e-03,6.597316635625982567e-06
2.734917835348267268e+00,1.173259691695151307e-03,6.597690045240953502e-06
2.735907671698368127e+00,1.181306471308265658e-03,6.597051990615491860e-06
2.736897508048468985e+00,1.189472754424228612e-03,6.597672361874168878e-06
2.737887344398569844e+00,1.197619900880140913e-03,6.597341424736870222e-06
2.738877180748670703e+00,1.205725938474752276e-03,6.597233776408035081e-06
2.739867017098771562e+00,1.213778766697408027e-03,6.597716938748306795e-06
2.740856853448872421e+00,1.221831417831805659e-03,6.597074323555120873e-06
2.741846689798973280e+00,1.229839983503197001e-03,6.597584915964835500e-06
2.742836526149074139e+00,1.237656681337625814e-03,6.597409402007821233e-06
2.743826362499174998e+00,1.245391231552665703e-03,6.597191764427403828e-06
2.744816198849275857e+00,1.253225790603578220e-03,6.597690837850396580e-06
2.745806035199376716e+00,1.261102982736211475e-03,6.597116695781889348e-06
2.746795871549477575e+00,1.268927185755455494e-03,6.597518443908225178e-06
2.747785707899578433e+00,1.276643964969816991e-03,6.597453688821918073e-06
2.748775544249679292e+00,1.284321127770237910e-03,6.597155611622870060e-06
2.749765380599780151e+00,1.292101150637164995e-03,6.597679615695479922e-06
2.750755216949881010e+00,1.299864862259254633e-03,6.597149223045869644e-06
2.751745053299981869e+00,1.307644861929683176e-03,6.597456249711142548e-06
2.752734889650082728e+00,1.315354151782859851e-03,6.597505098436573070e-06
2.753724726000183587e+00,1.322922915127952180e-03,6.597109784918215725e-06
2.754714562350284446e+00,1.330492678534122295e-03,6.597679899150880695e-06
2.755704398700385305e+00,1.338126858146084170e-03,6.597177653695933553e-06
2.756694235050486164e+00,1.345736636832232502e-03,6.597381664600101787e-06
2.757684071400587023e+00,1.353254012882973032e-03,6.597574048839324984e-06
2.758673907750687881e+00,1.360756657733023720e-03,6.597068007076185110e-06
2.759663744100788740e+00,1.368263622940602952e-03,6.597655208279014870e-06
2.760653580450889599e+00,1.375672551677150019e-03,6.597243056538071361e-06
2.761643416800990458e+00,1.383026840451762746e-03,6.597289720410777422e-06
2.762633253151091317e+00,1.390273617667506798e-03,6.597643855808793325e-06
2.763623089501192176e+00,1.397513516332409955e-03,6.597037636705108605e-06
2.764612925851293035e+00,1.404757555108790499e-03,6.597621189395850517e-06
2.765602762201393894e+00,1.412022854581510781e-03,6.597312116993685518e-06
2.766592598551494753e+00,1.419225142139374360e-03,6.597216875230273143e-06
2.767582434901595612e+00,1.426330234325799392e-03,6.597672032473270061e-06
2.768572271251696471e+00,1.433391221155948161e-03,6.597042676745284720e-06
2.769562107601797329e+00,1.440445937225533343e-03,6.597587317721964927e-06
2.770551943951898188e+00,1.447559473183481285e-03,6.597367871858591302e-06
2.771541780301999047e+00,1.454641260277472325e-03,6.597157057798505258e-06
2.772531616652099906e+00,1.461620476756998743e-03,6.597712661267018277e-06
2.773521453002200765e+00,1.468451071182829987e-03,6.597051671942928547e-06
2.774511289352301624e+00,1.475202637022827610e-03,6.597516698484208236e-06
2.775501125702402483e+00,1.482103711756831014e-03,6.597461759604952439e-06
2.776490962052503342e+00,1.489119374265678031e-03,6.597086249872074947e-06
2.777480798402604201e+00,1.495980402601100297e-03,6.597718844152791737e-06
2.778470634752705060e+00,1.502603782450736506e-03,6.597105997315908093e-06
2.779460471102805919e+00,1.509187541966282992e-03,6.597441052272835221e-06
2.780450307452906777e+00,1.515893089380672496e-03,6.597524232330416288e-06
2.781440143803007636e+00,1.522692741873650588e-03,6.597064128519493154e-06
2.782429980153108495e+00,1.529365474311477442e-03,6.597700502527008520e-06
2.783419816503209354e+00,1.535735772541957801e-03,6.597159061534409772e-06
2.784409652853310213e+00,1.542003102414955980e-03,6.597389874839730720e-06
2.785399489203411072e+00,1.548499728638787817e-03,6.597555165108010295e-06
2.786389325553511931e+00,1.555145793566591094e-03,6.597072076779766506e-06
2.787379161903612790e+00,1.561682202942271929e-03,6.597671808248498891e-06
2.788368998253713649e+00,1.568088464980373032e-03,6.597202264740712393e-06
2.789358834603814508e+00,1.574499958728050111e-03,6.597357802227701684e-06
2.790348670953915367e+00,1.580960568465058841e-03,6.597585722201629237e-06
2.791338507304016225e+00,1.587383310516045322e-03,6.597079674891885538e-06
2.792328343654117084e+00,1.593706982856523020e-03,6.597639643276146365e-06
2.793318180004217943e+00,1.600022939373270999e-03,6.597265825596151466e-06
2.794308016354318802e+00,1.606332975183684267e-03,6.597302575747499004e-06
2.795297852704419661e+00,1.612652494368986078e-03,6.597629050212036355e-06
2.796287689054520520e+00,1.618899519085208660e-03,6.597081308444289398e-06
2.797277525404621379e+00,1.625039403797646359e-03,6.597607474803965508e-06
2.798267361754722238e+00,1.631012364445544533e-03,6.597342310653076678e-06
2.799257198104823097e+00,1.636910858315011614e-03,6.597239905561384148e-06
2.800247034454923956e+00,1.642886595180458606e-03,6.597653481372746671e-06
2.801236870805024815e+00,1.648942120654793043e-03,6.597125570294350002e-06
2.802226707155125673e+00,1.654939941704388099e-03,6.597552920045714843e-06
2.803216543505226532e+00,1.660849307331604876e-03,6.597408881712981577e-06
2.804206379855327391e+00,1.666741414468657107e-03,6.597214038227797244e-06
2.805196216205428250e+00,1.672605646913297422e-03,6.597668048679342113e-06
2.806186052555529109e+00,1.678392934266905497e-03,6.597151959426591232e-06
2.807175888905629968e+00,1.684027961761662548e-03,6.597506808359281799e-06
2.808165725255730827e+00,1.689618592881223218e-03,6.597488436808227744e-06
2.809155561605831686e+00,1.695193876544757354e-03,6.597161479783821254e-06
2.810145397955932545e+00,1.700803612736055117e-03,6.597692539926844301e-06
2.811135234306033404e+00,1.706407239950745967e-03,6.597208121605349293e-06
2.812125070656134262e+00,1.711924303930918928e-03,6.597436413673395838e-06
2.813114907006235121e+00,1.717352913971705291e-03,6.597570612786552955e-06
2.814104743356335980e+00,1.722763309414058596e-03,6.597148718124848234e-06
2.815094579706436839e+00,1.728272307082553494e-03,6.597665778190261925e-06
2.816084416056537698e+00,1.733803013793242930e-03,6.597302952164038984e-06
2.817074252406638557e+00,1.739117423806008176e-03,6.597352630715409999e-06
2.818064088756739416e+00,1.744321813322344652e-03,6.597638196626387863e-06
2.819053925106840275e+00,1.749543259418966448e-03,6.597167165103876229e-06
2.820043761456941134e+00,1.754743150739746438e-03,6.597607541652646809e-06
2.821033597807041993e+00,1.759933772768365991e-03,6.597406898629064229e-06
2.822023434157142852e+00,1.765074680176951377e-03,6.597293966986074944e-06
2.823013270507243710e+00,1.770147061693258051e-03,6.597679808584606021e-06
2.824003106857344569e+00,1.775158013272273459e-03,6.597196416137034515e-06
2.824992943207445428e+00,1.780121984044611815e-03,6.597560612160135815e-06
2.825982779557546287e+00,1.785002243594661095e-03,6.597496228950915839e-06
2.826972615907647146e+00,1.789813853356542238e-03,6.597241124722322394e-06
2.827962452257748005e+00,1.794645755508892737e-03,6.597725876219712520e-06
2.828952288607848864e+00,1.799477998829272394e-03,6.597214395575499529e-06
2.829942124957949723e+00,1.804250312492045342e-03,6.597544139591672910e-06
2.830931961308050582e+00,1.808994964025778009e-03,6.597561684679733431e-06
2.831921797658151441e+00,1.813715651013621298e-03,6.597197237385306979e-06
2.832911634008252300e+00,1.818391102582864009e-03,6.597768982977665007e-06
2.833901470358353158e+00,1.823045379207037433e-03,6.597256140941955757e-06
2.834891306708454017e+00,1.827740996640126120e-03,6.597496247081296086e-06
2.835881143058554876e+00,1.832389932180259872e-03,6.597641844092660225e-06
2.836870979408655735e+00,1.836923775097466316e-03,6.597184014369819614e-06
2.837860815758756594e+00,1.841333337076536507e-03,6.597769603508081405e-06
2.838850652108857453e+00,1.845798013410961417e-03,6.597304994560393225e-06
2.839840488458958312e+00,1.850290942024442704e-03,6.597478710236883775e-06
2.840830324809059171e+00,1.854735008830719943e-03,6.597682195398487766e-06
2.841820161159160030e+00,1.859143842300239055e-03,6.597192340889854566e-06
2.842809997509260889e+00,1.863451070896164283e-03,6.597774994549178353e-06
2.843799833859361748e+00,1.867654428053393354e-03,6.597363430984936097e-06
2.844789670209462606e+00,1.871896342750779645e-03,6.597432905400789699e-06
2.845779506559563465e+00,1.876183397571503514e-03,6.597756970727360043e-06
2.846769342909664324e+00,1.880341827689889934e-03,6.597179439425134916e-06
2.847759179259765183e+00,1.884352720280003555e-03,6.597775705562926265e-06
2.848749015609866042e+00,1.888286523095078842e-03,6.597437321702533253e-06
2.849738851959966901e+00,1.892220562630372643e-03,6.597375509926763021e-06
2.850728688310067760e+00,1.896252165758854523e-03,6.597834446125567104e-06
2.851718524660168619e+00,1.900328376152590803e-03,6.597187461965517885e-06
2.852708361010269478e+00,1.904345247644369851e-03,6.597746764658328588e-06
2.853698197360370337e+00,1.908245710130712734e-03,6.597541953868212979e-06
2.854688033710471196e+00,1.911992112700123267e-03,6.597323068587424717e-06
2.855677870060572054e+00,1.915698945403692148e-03,6.597878801545776828e-06
2.856667706410672913e+00,1.919482541092178791e-03,6.597236857149834510e-06
2.857657542760773772e+00,1.923258471290006759e-03,6.597696510084576026e-06
2.858647379110874631e+00,1.926932582188147424e-03,6.597638604775401920e-06
2.859637215460975490e+00,1.930481780238671365e-03,6.597292949809942295e-06
2.860627051811076349e+00,1.933938832868851423e-03,6.597896940545898637e-06
2.861616888161177208e+00,1.937362861170085528e-03,6.597304256297142237e-06
2.862606724511278067e+00,1.940715535607980902e-03,6.597659212425144696e-06
2.863596560861378926e+00,1.944013007314250412e-03,6.597700678025316626e-06
2.864586397211479785e+00,1.947248548268807906e-03,6.597294487465395835e-06
2.865576233561580644e+00,1.950418357115424675e-03,6.597910730433074108e-06
2.866566069911681502e+00,1.953744781257941900e-03,6.597367709031481888e-06
2.867555906261782361e+00,1.957174648978046109e-03,6.597614542588206540e-06
2.868545742611883220e+00,1.960468219840583604e-03,6.597780569355552127e-06
2.869535578961984079e+00,1.963519069274269422e-03,6.597299243940744684e-06
2.870525415312084938e+00,1.966505152396625603e-03,6.597880398027706671e-06
2.871515251662185797e+00,1.969568145393874991e-03,6.597483766828809586e-06
2.872505088012286656e+00,1.972706880187055905e-03,6.597548624650481630e-06
2.873494924362387515e+00,1.975707029861982836e-03,6.597850548946508224e-06
2.874484760712488374e+00,1.978550523762578374e-03,6.597333835622511139e-06
2.875474597062589233e+00,1.981434834125615167e-03,6.597857056695698695e-06
2.876464433412690092e+00,1.984354718503496089e-03,6.597571210402700333e-06
2.877454269762790950e+00,1.987311414061690602e-03,6.597509052612803936e-06
2.878444106112891809e+00,1.990183660992323345e-03,6.597908406857782821e-06
2.879433942462992668e+00,1.992963516675909028e-03,6.597355121536599475e-06
2.880423778813093527e+00,1.995666841648186581e-03,6.597849357632334619e-06
2.881413615163194386e+00,1.998425430865247415e-03,6.597642647035273373e-06
2.882403451513295245e+00,2.001149664456337417e-03,6.597485775811362383e-06
2.883393287863396104e+00,2.003682833683175998e-03,6.597964737707926063e-06
2.884383124213496963e+00,2.006119589440072924e-03,6.597378094983573898e-06
2.885372960563597822e+00,2.008575667047795762e-03,6.597834121431506708e-06
2.886362796913698681e+00,2.011061524772421449e-03,6.597741983821465143e-06
2.887352633263799540e+00,2.013587232957823880e-03,6.597437398082646764e-06
2.888342469613900398e+00,2.015962377089827728e-03,6.598020959934094046e-06
2.889332305964001257e+00,2.018103248552698646e-03,6.597424985027287202e-06
2.890322142314102116e+00,2.020201025599864357e-03,6.597787626603589291e-06
2.891311978664202975e+00,2.022438235510510499e-03,6.597855741146890161e-06
2.892301815014303834e+00,2.024707109030799302e-03,6.597389454855430222e-06
2.893291651364404693e+00,2.026828771756257041e-03,6.598068159492806091e-06
2.894281487714505552e+00,2.028817064858563432e-03,6.597492213582569315e-06
2.895271324064606411e+00,2.030797874846104398e-03,6.597738470871104306e-06
2.896261160414707270e+00,2.032825727196174194e-03,6.597934750164094872e-06
2.897250996764808129e+00,2.034851167333435584e-03,6.597403861448490458e-06
2.898240833114908988e+00,2.036801618177066803e-03,6.598065178361572192e-06
2.899230669465009846e+00,2.038661184430705722e-03,6.597574747700477749e-06
2.900220505815110705e+00,2.040410429275035971e-03,6.597696052547622077e-06
2.901210342165211564e+00,2.042131862851175039e-03,6.598025708146665294e-06
2.902200178515312423e+00,2.043829489453397995e-03,6.597388821960107328e-06
2.903190014865413282e+00,2.045453039018046634e-03,6.598083378505963310e-06
2.904179851215514141e+00,2.047018389832147307e-03,6.597659504157791240e-06
2.905169687565615000e+00,2.048543680086317882e-03,6.597647790791424471e-06
2.906159523915715859e+00,2.049995171313539078e-03,6.598100743715755788e-06
2.907149360265816718e+00,2.051419494730948121e-03,6.597425907483354897e-06
2.908139196615917577e+00,2.052852605290152611e-03,6.598050057512595514e-06
2.909129032966018436e+00,2.054154388503802355e-03,6.597757106226430334e-06
2.910118869316119294e+00,2.055348480308447773e-03,6.597619795939256271e-06
2.911108705666220153e+00,2.056551410733956607e-03,6.598138417273191316e-06
2.912098542016321012e+00,2.057755829253315408e-03,6.597487289760258542e-06
2.913088378366421871e+00,2.058836278452688944e-03,6.598014146738891871e-06
2.914078214716522730e+00,2.059770357318930351e-03,6.597844141143421834e-06
2.915068051066623589e+00,2.060755715006205770e-03,6.597620368078164550e-06
2.916057887416724448e+00,2.061946801246614894e-03,6.598151884713799049e-06
2.917047723766825307e+00,2.063144133031665373e-03,6.597553716960384988e-06
2.918037560116926166e+00,2.064097852240888951e-03,6.597994305746139639e-06
2.919027396467027025e+00,2.064784509009295714e-03,6.597917899472868628e-06
2.920017232817127883e+00,2.065524275936767365e-03,6.597611498432862784e-06
2.921007069167228742e+00,2.066417963111781813e-03,6.598183732645621700e-06
2.921996905517329601e+00,2.067312071490664920e-03,6.597607973458455909e-06
2.922986741867430460e+00,2.068083238616563214e-03,6.597973751438271306e-06
2.923976578217531319e+00,2.068657308569056812e-03,6.597996957662855004e-06
2.924966414567632178e+00,2.069135210772517653e-03,6.597606473589668153e-06
2.925956250917733037e+00,2.069639464089329320e-03,6.598216603989499625e-06
2.926946087267833896e+00,2.070199903058121335e-03,6.597677019232510671e-06
2.927935923617934755e+00,2.070645911421547473e-03,6.597925664293080065e-06
2.928925759968035614e+00,2.070904386423345726e-03,6.598087255059491801e-06
2.929915596318136473e+00,2.071216377843028856e-03,6.597621176790098673e-06
2.930905432668237331e+00,2.071720227684312361e-03,6.598202032704508168e-06
2.931895269018338190e+00,2.072283918191923820e-03,6.597770996404966444e-06
2.932885105368439049e+00,2.072682120525045409e-03,6.597896587396946295e-06
2.933874941718539908e+00,2.072827980184255552e-03,6.598136742456908274e-06
2.934864778068640767e+00,2.072881054414992420e-03,6.597657757933500111e-06
2.935854614418741626e+00,2.073049235618926265e-03,6.598189982799361158e-06
2.936844450768842485e+00,2.073234605601716966e-03,6.597863418310286842e-06
2.937834287118943344e+00,2.073295323768003032e-03,6.597857031342649025e-06
2.938824123469044203e+00,2.073177944968898102e-03,6.598204779571763612e-06
2.939813959819145062e+00,2.072976816412952679e-03,6.597701450927432809e-06
2.940803796169245921e+00,2.072859865788282459e-03,6.598141373966069484e-06
2.941793632519346779e+00,2.072824337405790827e-03,6.597993148475674540e-06
2.942783468869447638e+00,2.072624162074919365e-03,6.597796326478987152e-06
2.943773305219548497e+00,2.072287513835634112e-03,6.598270151259465496e-06
2.944763141569649356e+00,2.071910289864303291e-03,6.597760249488866624e-06
2.945752977919750215e+00,2.071527959130862930e-03,6.598089492795036117e-06
2.946742814269851074e+00,2.071097628029640488e-03,6.598116568009738704e-06
2.947732650619951933e+00,2.070516871710483854e-03,6.597766586501600506e-06
2.948722486970052792e+00,2.069835437827127322e-03,6.598289615715111925e-06
2.949712323320153651e+00,2.069128320921380122e-03,6.597848873397722101e-06
2.950702159670254510e+00,2.068556754989973791e-03,6.598039204966472737e-06
2.951691996020355369e+00,2.067928291298743067e-03,6.598200582604724333e-06
2.952681832370456227e+00,2.067089911555105089e-03,6.597771099897834643e-06
2.953671668720557086e+00,2.066169832681375319e-03,6.598295857313510296e-06
2.954661505070657945e+00,2.065274881083730904e-03,6.597930421179746420e-06
2.955651341420758804e+00,2.064389958815772246e-03,6.598004753988704248e-06
2.956641177770859663e+00,2.063510576028343250e-03,6.598271928554769968e-06
2.957631014120960522e+00,2.062556862825149547e-03,6.597785056575551013e-06
2.958620850471061381e+00,2.061519763218997488e-03,6.598316979214720172e-06
2.959610686821162240e+00,2.060452490834296761e-03,6.597979039146451215e-06
2.960600523171263099e+00,2.059402576279388032e-03,6.597992805175106513e-06
2.961590359521363958e+00,2.058312422498278626e-03,6.598335324757713979e-06
2.962580195871464817e+00,2.057165672250924320e-03,6.597807468844547062e-06
2.963570032221565675e+00,2.055963540521951911e-03,6.598300761143127079e-06
2.964559868571666534e+00,2.054728575574682123e-03,6.598083800624790222e-06
2.965549704921767393e+00,2.053353373065992110e-03,6.597948889265481054e-06
2.966539541271868252e+00,2.051836411912253029e-03,6.598386408338429512e-06
2.967529377621969111e+00,2.050381653985659889e-03,6.597860258736733598e-06
2.968519213972069970e+00,2.049007773315801410e-03,6.598274346495091504e-06
2.969509050322170829e+00,2.047492690879480510e-03,6.598171806303603073e-06
2.970498886672271688e+00,2.045807900281079034e-03,6.597925126259012355e-06
2.971488723022372547e+00,2.044110780685339315e-03,6.598442226586385529e-06
2.972478559372473406e+00,2.042483758844139755e-03,6.597887867641027017e-06
2.973468395722574265e+00,2.040855703359777378e-03,6.598260297831901839e-06
2.974458232072675123e+00,2.039097662423312515e-03,6.598254412149799693e-06
2.975448068422775982e+00,2.037178465067541935e-03,6.597898362211086282e-06
2.976437904772876841e+00,2.035258608725335188e-03,6.598496834601940327e-06
2.977427741122977700e+00,2.033280670504364861e-03,6.597925213346844587e-06
2.978417577473078559e+00,2.031314741367857939e-03,6.598241334156491882e-06
2.979407413823179418e+00,2.029378012269781630e-03,6.598340986254690333e-06
2.980397250173280277e+00,2.027441748572504383e-03,6.597877814163103985e-06
2.981387086523381136e+00,2.025439491236106452e-03,6.598513280435887718e-06
2.982376922873481995e+00,2.023282341552056982e-03,6.598012685660515801e-06
2.983366759223582854e+00,2.021032690393211647e-03,6.598181878539392596e-06
2.984356595573683713e+00,2.018741278628707024e-03,6.598427624819552283e-06
2.985346431923784571e+00,2.016420299640341290e-03,6.597891668174283618e-06
2.986336268273885430e+00,2.014134041006296338e-03,6.598498904842403760e-06
2.987326104623986289e+00,2.011799988392209537e-03,6.598115079461826657e-06
2.988315940974087148e+00,2.009268778696469103e-03,6.598132265299953875e-06
2.989305777324188007e+00,2.006666368250734859e-03,6.598486307101718491e-06
2.990295613674288866e+00,2.004029757151476118e-03,6.597945796417658891e-06
2.991285450024389725e+00,2.001321886096685092e-03,6.598452571850571445e-06
2.992275286374490584e+00,1.998543105372529473e-03,6.598205372773049061e-06
2.993265122724591443e+00,1.995787700970471073e-03,6.598111453100989538e-06
2.994254959074692302e+00,1.993066570872362771e-03,6.598521663596311121e-06
2.995244795424793161e+00,1.990342618917076856e-03,6.597995118981299157e-06
2.996234631774894019e+00,1.987588670855417860e-03,6.598419732478849121e-06
2.997224468124994878e+00,1.984753932337682009e-03,6.598308488927761410e-06
2.998214304475095737e+00,1.981844429807069676e-03,6.598060669543391046e-06
2.999204140825196596e+00,1.978825300961935523e-03,6.598573280316531420e-06
3.000193977175297455e+00,1.975719326710272897e-03,6.598050898764262535e-06
3.001183813525398314e+00,1.972570614697302053e-03,6.598368455680631450e-06
3.002173649875499173e+00,1.969423309699539545e-03,6.598404100995831491e-06
3.003163486225600032e+00,1.966248760123262811e-03,6.598046681507623043e-06
3.004153322575700891e+00,1.962970496977403320e-03,6.598583856266249251e-06
3.005143158925801750e+00,1.959617979643835540e-03,6.598118928252530625e-06
3.006132995275902609e+00,1.956244121289472167e-03,6.598326518948386210e-06
3.007122831626003467e+00,1.952967749241309517e-03,6.598482830649195047e-06
3.008112667976104326e+00,1.949678236813430238e-03,6.598044222490604748e-06
3.009102504326205185e+00,1.946232734439190884e-03,6.598596377821364996e-06
3.010092340676306044e+00,1.942711896564501420e-03,6.598177890511534039e-06
3.011082177026406903e+00,1.939133410357085771e-03,6.598298982282188084e-06
3.012072013376507762e+00,1.935491054051083175e-03,6.598548278865043849e-06
3.013061849726608621e+00,1.931932463098313089e-03,6.598034523849919799e-06
3.014051686076709480e+00,1.928395678161632168e-03,6.598612927487035270e-06
3.015041522426810339e+00,1.924754848553845987e-03,6.598249066469424488e-06
3.016031358776911198e+00,1.920990553126517486e-03,6.598240126926065213e-06
3.017021195127012057e+00,1.917240996848387433e-03,6.598639081245734012e-06
3.018011031477112915e+00,1.913527661800990898e-03,6.598025277867777077e-06
3.019000867827213774e+00,1.909757074484758630e-03,6.598611602364216722e-06
3.019990704177314633e+00,1.905906408467971215e-03,6.598334731836866739e-06
3.020980540527415492e+00,1.901964331558031159e-03,6.598173715914855125e-06
3.021970376877516351e+00,1.898054420120342091e-03,6.598722993327593276e-06
3.022960213227617210e+00,1.894179852061724737e-03,6.598039928936582300e-06
3.023950049577718069e+00,1.890236167604463727e-03,6.598565381003201267e-06
3.024939885927818928e+00,1.886135682196409110e-03,6.598437100923985585e-06
3.025929722277919787e+00,1.881947028603167061e-03,6.598132528567923549e-06
3.026919558628020646e+00,1.877811785801474301e-03,6.598755624267411052e-06
3.027909394978121504e+00,1.873744646865510913e-03,6.598088846407190727e-06
3.028899231328222363e+00,1.869504458813827773e-03,6.598533715299832745e-06
3.029889067678323222e+00,1.865019855512297167e-03,6.598509260409822213e-06
3.030878904028424081e+00,1.860458164746486148e-03,6.598107976676049722e-06
3.031868740378524940e+00,1.856032002801321539e-03,6.598784609596126332e-06
3.032858576728625799e+00,1.851678124622507457e-03,6.598139675641112051e-06
3.033848413078726658e+00,1.847198205601950161e-03,6.598479422862092039e-06
3.034838249428827517e+00,1.842526172525430503e-03,6.598601859103084638e-06
3.035828085778928376e+00,1.837800048475002118e-03,6.598082057648529092e-06
3.036817922129029235e+00,1.833172360777370969e-03,6.598785965863787310e-06
3.037807758479130094e+00,1.828662292367099927e-03,6.598213950559691191e-06
3.038797594829230952e+00,1.824049723928443563e-03,6.598422139951579846e-06
3.039787431179331811e+00,1.819199956000783170e-03,6.598674265452900211e-06
3.040777267529432670e+00,1.814199481681019787e-03,6.598086567794485205e-06
3.041767103879533529e+00,1.809288281350898133e-03,6.598766571754322018e-06
3.042756940229634388e+00,1.804568491546335854e-03,6.598289686355910603e-06
3.043746776579735247e+00,1.799837896387148847e-03,6.598383502684439765e-06
3.044736612929836106e+00,1.794921601086535467e-03,6.598703715562709455e-06
3.045726449279936965e+00,1.789916377150952082e-03,6.598116428596172564e-06
3.046716285630037824e+00,1.784897150615247837e-03,6.598745552568212666e-06
3.047706121980138683e+00,1.779872551983827187e-03,6.598346047664291367e-06
3.048695958330239542e+00,1.774714904297873931e-03,6.598357798589045153e-06
3.049685794680340400e+00,1.769571928133197849e-03,6.598739052745659854e-06
3.050675631030441259e+00,1.764428257511045433e-03,6.598138318487825611e-06
3.051665467380542118e+00,1.759225658920506811e-03,6.598724245106697131e-06
3.052655303730642977e+00,1.753976367194433252e-03,6.598402894462260522e-06
3.053645140080743836e+00,1.748669031534079172e-03,6.598327589907106238e-06
3.054634976430844695e+00,1.743215546225347287e-03,6.598778982009765044e-06
3.055624812780945554e+00,1.737749354369876346e-03,6.598155679936780793e-06
3.056614649131046413e+00,1.732292266767923583e-03,6.598682692086491728e-06
3.057604485481147272e+00,1.726872264574839423e-03,6.598494617893569646e-06
3.058594321831248131e+00,1.721505995079947171e-03,6.598282112321901649e-06
3.059584158181348990e+00,1.716103707033178388e-03,6.598791876446319447e-06
3.060573994531449848e+00,1.710665161675936847e-03,6.598230439845723198e-06
3.061563830881550707e+00,1.705138557301519092e-03,6.598599672667735019e-06
3.062553667231651566e+00,1.699598735320464972e-03,6.598580641202810385e-06
3.063543503581752425e+00,1.693971601072799234e-03,6.598253420569622045e-06
3.064533339931853284e+00,1.688212834192463936e-03,6.598791712580738322e-06
3.065523176281954143e+00,1.682406775750763545e-03,6.598289704188704459e-06
3.066513012632055002e+00,1.676627978105332600e-03,6.598533325885104627e-06
3.067502848982155861e+00,1.670843693643872356e-03,6.598667421248244507e-06
3.068492685332256720e+00,1.664932861487951332e-03,6.598215440869091261e-06
3.069482521682357579e+00,1.658964735069399414e-03,6.598791459349013860e-06
3.070472358032458438e+00,1.653023311414162895e-03,6.598357713203169774e-06
3.071462194382559296e+00,1.647140193450077417e-03,6.598457158480046851e-06
3.072452030732660155e+00,1.641229775166315810e-03,6.598748971387831721e-06
3.073441867082761014e+00,1.635231306281925180e-03,6.598195932501950722e-06
3.074431703432861873e+00,1.629110528679010962e-03,6.598769840089507774e-06
3.075421539782962732e+00,1.622870227924641832e-03,6.598434608818982153e-06
3.076411376133063591e+00,1.616725561668788582e-03,6.598390752276576290e-06
3.077401212483164450e+00,1.610586220448675379e-03,6.598781320119219288e-06
3.078391048833265309e+00,1.604379681951461191e-03,6.598239530222365443e-06
3.079380885183366168e+00,1.598152256975751695e-03,6.598700657898180372e-06
3.080370721533467027e+00,1.591841138146596682e-03,6.598525140832210446e-06
3.081360557883567886e+00,1.585453199168599921e-03,6.598337228791140571e-06
3.082350394233668744e+00,1.579089458093234453e-03,6.598803562259828454e-06
3.083340230583769603e+00,1.572708996280903831e-03,6.598273787532125462e-06
3.084330066933870462e+00,1.566247762608968157e-03,6.598644844489940223e-06
3.085319903283971321e+00,1.559722589694096870e-03,6.598582685686197057e-06
3.086309739634072180e+00,1.553198465551965026e-03,6.598315580971933223e-06
3.087299575984173039e+00,1.546673049573435346e-03,6.598802479576377573e-06
3.088289412334273898e+00,1.540088361902665175e-03,6.598301399448947463e-06
3.089279248684374757e+00,1.533380391876747401e-03,6.598604642278316733e-06
3.090269085034475616e+00,1.526701689290011887e-03,6.598645796016902033e-06
3.091258921384576475e+00,1.520092106373622598e-03,6.598266641615159803e-06
3.092248757734677334e+00,1.513379793707713946e-03,6.598827787581836601e-06
3.093238594084778192e+00,1.506507403516166689e-03,6.598332775756120040e-06
3.094228430434879051e+00,1.499618051477578581e-03,6.598533520529078858e-06
3.095218266784979910e+00,1.492783086487624268e-03,6.598716120231951559e-06
3.096208103135080769e+00,1.485952128988520839e-03,6.598234515458541012e-06
3.097197939485181628e+00,1.479043882839513498e-03,6.598816489211052050e-06
3.098187775835282487e+00,1.472136545162055880e-03,6.598379256820001091e-06
3.099177612185383346e+00,1.465273556637822867e-03,6.598483971141534965e-06
3.100167448535484205e+00,1.458360553050406161e-03,6.598760117967989560e-06
3.101157284885585064e+00,1.451437324562543374e-03,6.598215547998967317e-06
3.102147121235685923e+00,1.444526634621641926e-03,6.598806194464047481e-06
3.103136957585786782e+00,1.437606843541376850e-03,6.598415362022943407e-06
3.104126793935887640e+00,1.430604411029877702e-03,6.598442555779087883e-06
3.105116630285988499e+00,1.423463988032406136e-03,6.598785533877552569e-06
3.106106466636089358e+00,1.416299104113448318e-03,6.598216090783050954e-06
3.107096302986190217e+00,1.409219705852015258e-03,6.598766865928718062e-06
3.108086139336291076e+00,1.402197726164964306e-03,6.598474422939185240e-06
3.109075975686391935e+00,1.395170938674980023e-03,6.598371589457846260e-06
3.110065812036492794e+00,1.388018017877992250e-03,6.598818068294463524e-06
3.111055648386593653e+00,1.380645118851289927e-03,6.598243164226738092e-06
3.112045484736694512e+00,1.373212281874760902e-03,6.598684477153020253e-06
3.113035321086795371e+00,1.365869480038378863e-03,6.598562829239111014e-06
3.114025157436896230e+00,1.358595917392206240e-03,6.598306391457317316e-06
3.115014993786997088e+00,1.351252799334822126e-03,6.598823561817006957e-06
3.116004830137097947e+00,1.343785077743482994e-03,6.598286594042542513e-06
3.116994666487198806e+00,1.336234822940727662e-03,6.598593854088371542e-06
3.117984502837299665e+00,1.328615196862069185e-03,6.598640321207384012e-06
3.118974339187400524e+00,1.321091317925822102e-03,6.598273703930685076e-06
3.119964175537501383e+00,1.313519121626685474e-03,6.598782077448264582e-06
3.120954011887602242e+00,1.305818753216320518e-03,6.598353543783387674e-06
3.121943848237703101e+00,1.298121014957230720e-03,6.598520065491680450e-06
3.122933684587803960e+00,1.290533984809822624e-03,6.598677798085730068e-06
3.123923520937904819e+00,1.283011302067919640e-03,6.598260147187782501e-06
3.124913357288005678e+00,1.275476209893083163e-03,6.598755766656155856e-06
3.125903193638106536e+00,1.267764443862712861e-03,6.598389644373020100e-06
3.126893029988207395e+00,1.259899768686113331e-03,6.598450613263494065e-06
3.127882866338308254e+00,1.252002485069512441e-03,6.598724806969461832e-06
3.128872702688409113e+00,1.244191611485584784e-03,6.598238229830330586e-06
3.129862539038509972e+00,1.236374933955536760e-03,6.598711788043328289e-06
3.130852375388610831e+00,1.228389510351363904e-03,6.598454156645782733e-06
3.131842211738711690e+00,1.220275391539387549e-03,6.598376411655415764e-06
3.132832048088812549e+00,1.212232713346348724e-03,6.598746238350378821e-06
3.133821884438913408e+00,1.204296204008844205e-03,6.598245298680127206e-06
3.134811720789014267e+00,1.196338239021596268e-03,6.598646991748600639e-06
3.135801557139115125e+00,1.188368850274101754e-03,6.598518730156909023e-06
3.136791393489215984e+00,1.180311949969580290e-03,6.598303056687213148e-06
3.137781229839316843e+00,1.172195625998345399e-03,6.598766725213624812e-06
3.138771066189417702e+00,1.164100583511067533e-03,6.598245385468023378e-06
3.139760902539518561e+00,1.156026880757459472e-03,6.598599425222236615e-06
3.140750738889619420e+00,1.147838456328598589e-03,6.598556151774888281e-06
3.141740575239720279e+00,1.139563303110383702e-03,6.598249629357871550e-06
3.142730411589821138e+00,1.131394259721344451e-03,6.598783824503416258e-06
3.143720247939921997e+00,1.123266069806549148e-03,6.598250691876050561e-06
3.144710084290022856e+00,1.115070179920968439e-03,6.598528633923652594e-06
3.145699920640123715e+00,1.106746320725170412e-03,6.598626154428824431e-06
3.146689756990224573e+00,1.098331160517971011e-03,6.598171116425493905e-06
3.147679593340325432e+00,1.089998841676449899e-03,6.598794874289032280e-06
3.148669429690426291e+00,1.081699678383956850e-03,6.598261302065609071e-06
3.149659266040527150e+00,1.073376878843686428e-03,6.598449275295398848e-06
3.150649102390628009e+00,1.064959756902476547e-03,6.598698909855569544e-06
3.151638938740728868e+00,1.056455337187589246e-03,6.598103604387575522e-06
3.152628775090829727e+00,1.047908321930198818e-03,6.598770837454878947e-06
3.153618611440930586e+00,1.039449016453094328e-03,6.598321434571059059e-06
3.154608447791031445e+00,1.031087618088912710e-03,6.598347497309586122e-06
3.155598284141132304e+00,1.022615071321055337e-03,6.598740778501552279e-06
3.156588120491233163e+00,1.013917512792168350e-03,6.598089788150047859e-06
3.157577956841334021e+00,1.005201351613496837e-03,6.598710321973976596e-06
3.158567793191434880e+00,9.966161512665104669e-04,6.598363990913028917e-06
3.159557629541535739e+00,9.880833536545180571e-04,6.598278307117406576e-06
3.160547465891636598e+00,9.794059158975674563e-04,6.598760779119098295e-06
3.161537302241737457e+00,9.706193550346477704e-04,6.598077048396996029e-06
3.162527138591838316e+00,9.618540980330664162e-04,6.598656985823490676e-06
3.163516974941939175e+00,9.532218105885186974e-04,6.598419912363030300e-06
3.164506811292040034e+00,9.446252290395001916e-04,6.598193552998448662e-06
3.165496647642140893e+00,9.358966105076605650e-04,6.598779606814911088e-06
3.166486483992241752e+00,9.270099252238022097e-04,6.598067473644518850e-06
3.167476320342342611e+00,9.181646691765278428e-04,6.598596959030490963e-06
3.168466156692443469e+00,9.093619337282980459e-04,6.598457914231669463e-06
3.169455993042544328e+00,9.004900368592995679e-04,6.598142758616867705e-06
3.170445829392645187e+00,8.914365518952717870e-04,6.598756618913712443e-06
3.171435665742746046e+00,8.823423569093716756e-04,6.598099812367500638e-06
3.172425502092846905e+00,8.734634706282529441e-04,6.598515135775750006e-06
3.173415338442947764e+00,8.646957289897277011e-04,6.598482775506739470e-06
3.174405174793048623e+00,8.556857739814964243e-04,6.598122460071945425e-06
3.175395011143149482e+00,8.464316916437956495e-04,6.598710006695311672e-06
3.176384847493250341e+00,8.371318164389844173e-04,6.598133275241529841e-06
3.177374683843351200e+00,8.280139994998760413e-04,6.598432885709335852e-06
3.178364520193452059e+00,8.190857884714044818e-04,6.598517661996531742e-06
3.179354356543552917e+00,8.100703671142381801e-04,6.598076722978958785e-06
3.180344192893653776e+00,8.008247520258932745e-04,6.598677299163410391e-06
3.181334029243754635e+00,7.915474530082977330e-04,6.598151762784063590e-06
3.182323865593855494e+00,7.823821711283818420e-04,6.598368349522396205e-06
3.183313701943956353e+00,7.732844725371330712e-04,6.598544153758393472e-06
3.184303538294057212e+00,7.640839386460888429e-04,6.598029757310625220e-06
3.185293374644158071e+00,7.548551617995501260e-04,6.598644990796109070e-06
3.186283210994258930e+00,7.456485518339925778e-04,6.598196902973276195e-06
3.187273047344359789e+00,7.364947757610337256e-04,6.598255259369957322e-06
3.188262883694460648e+00,7.274992408443269531e-04,6.598598203968847468e-06
3.189252720044561507e+00,7.184621163703348162e-04,6.597998942189737870e-06
3.190242556394662365e+00,7.092528129657467558e-04,6.598563743191299955e-06
3.191232392744763224e+00,6.998895961883272020e-04,6.598264461869949993e-06
3.192222229094864083e+00,6.905474436412825786e-04,6.598160452992067748e-06
3.193212065444964942e+00,6.812920223015079798e-04,6.598613098772218437e-06
3.194201901795065801e+00,6.720161705031960867e-04,6.597988948248081033e-06
3.195191738145166660e+00,6.625992484781839274e-04,6.598496621481466164e-06
3.196181574495267519e+00,6.531122461728209152e-04,6.598304661180453451e-06
3.197171410845368378e+00,6.436420224511682454e-04,6.598082027183616950e-06
3.198161247195469237e+00,6.342775951169604166e-04,6.598604965014452001e-06
3.199151083545570096e+00,6.250109085589748616e-04,6.597997452281308796e-06
3.200140919895670955e+00,6.156789517621082900e-04,6.598408362086039757e-06
3.201130756245771813e+00,6.062229702591170931e-04,6.598356445818363933e-06
3.202120592595872672e+00,5.967840021503362756e-04,6.598010802831851771e-06
3.203110428945973531e+00,5.873344704454576664e-04,6.598581470912758187e-06
3.204100265296074390e+00,5.778297359770810096e-04,6.598034997232978083e-06
3.205090101646175249e+00,5.683131861510155869e-04,6.598286214271219278e-06
3.206079937996276108e+00,5.587967538775768682e-04,6.598420855528844338e-06
3.207069774346376967e+00,5.492683160855912948e-04,6.597956387634268070e-06
3.208059610696477826e+00,5.397153381991487723e-04,6.598529524222909810e-06
3.209049447046578685e+00,5.301304666726450480e-04,6.598078248223939692e-06
3.210039283396679544e+00,5.205201259590271816e-04,6.598182770196900177e-06
3.211029119746780403e+00,5.108878058727897402e-04,6.598457300638757835e-06
3.212018956096881261e+00,5.011975562827918496e-04,6.597914931290979559e-06
3.213008792446982120e+00,4.915207402357365954e-04,6.598472934294436150e-06
3.213998628797082979e+00,4.819129591450212495e-04,6.598116159844250703e-06
3.214988465147183838e+00,4.722619984364968067e-04,6.598107687433467437e-06
3.215978301497284697e+00,4.624954195840251807e-04,6.598459006812896845e-06
3.216968137847385556e+00,4.527150287618673095e-04,6.597885410873088721e-06
3.217957974197486415e+00,4.430359480811907466e-04,6.598434864541184227e-06
3.218947810547587274e+00,4.334074408293624539e-04,6.598117766843253328e-06
3.219937646897688133e+00,4.236962743907427562e-04,6.598039064163325329e-06
3.220927483247788992e+00,4.139255867084444063e-04,6.598478188801244551e-06
3.221917319597889851e+00,4.041165107087248674e-04,6.597838672266182068e-06
3.222907155947990709e+00,3.942918354925057560e-04,6.598384071208310527e-06
3.223896992298091568e+00,3.845441363367804711e-04,6.598149805395116855e-06
3.224886828648192427e+00,3.748342717693212362e-04,6.597965229603085074e-06
3.225876664998293286e+00,3.650501674085375632e-04,6.598464989341208971e-06
3.226866501348394145e+00,3.552150950883307436e-04,6.597847101012356764e-06
3.227856337698495004e+00,3.454194061658965101e-04,6.598296919247316195e-06
3.228846174048595863e+00,3.357208902484488163e-04,6.598183980709279666e-06
3.229836010398696722e+00,3.260240529751483101e-04,6.597898718179402189e-06
3.230825846748797581e+00,3.162484433872340852e-04,6.598439636466416575e-06
3.231815683098898440e+00,3.063833175793909775e-04,6.597859961776762133e-06
3.232805519448999299e+00,2.964873730745093915e-04,6.598211162667636697e-06
3.233795355799100157e+00,2.865771443883748906e-04,6.598215726403474264e-06
3.234785192149201016e+00,2.766844458827824333e-04,6.597840596326355068e-06
3.235775028499301875e+00,2.668470311493043425e-04,6.598409611377755976e-06
3.236764864849402734e+00,2.570862147556095744e-04,6.597873114874540825e-06
3.237754701199503593e+00,2.472977250334286946e-04,6.598113301680816552e-06
3.238744537549604452e+00,2.374188697414518555e-04,6.598257518393841787e-06
3.239734373899705311e+00,2.274190239239880337e-04,6.597789313180053209e-06
3.240724210249806170e+00,2.174392456591707566e-04,6.598343882368945254e-06
3.241714046599907029e+00,2.076339486070619697e-04,6.597925006238806795e-06
3.242703882950007888e+00,1.978800937994769707e-04,6.598000350834272370e-06
3.243693719300108746e+00,1.880108438157105668e-04,6.598290146148260874e-06
3.244683555650209605e+00,1.781671561811782776e-04,6.597751101786067889e-06
3.245673392000310464e+00,1.683176310459410282e-04,6.598271799157627621e-06
3.246663228350411323e+00,1.584446882472600353e-04,6.597982885266316305e-06
3.247653064700512182e+00,1.485410967737383009e-04,6.597904210109714264e-06
3.248642901050613041e+00,1.386173151945108769e-04,6.598274033241329144e-06
3.249632737400713900e+00,1.287207110768357604e-04,6.597770022256258442e-06
3.250622573750814759e+00,1.189151594050191280e-04,6.598168181087245533e-06
3.251612410100915618e+00,1.091240673278697545e-04,6.598016528600067788e-06
3.252602246451016477e+00,9.928355028375578236e-05,6.597850988178260255e-06
3.253592082801117336e+00,8.938110349024273274e-05,6.598238640008080031e-06
3.254581919151218194e+00,7.951783839804500383e-05,6.597775892303877269e-06
3.255571755501319053e+00,6.960355614878557080e-05,6.598087738405006022e-06
3.256561591851419912e+00,5.956323110598050894e-05,6.598055916724872318e-06
3.257551428201520771e+00,4.946571715539555615e-05,6.597775130848555018e-06
3.258541264551621630e+00,3.941953450017390126e-05,6.598219962494267422e-06
3.259531100901722489e+00,2.947270036773417688e-05,6.597791941966412131e-06
3.260520937251823348e+00,1.943179173084462599e-05,6.597980863988666079e-06
3.261510773601924207e+00,9.356515127954686216e-06,6.598102241042983069e-06
3.262500609952025066e+00,-6.445230191232797127e-07,6.597699655946020259e-06
3.263490446302125925e+00,-1.055026855944162985e-05,6.598192526343322765e-06
3.264480282652226784e+00,-2.036183895393035788e-05,6.597806969655517038e-06
3.265470119002327642e+00,-3.014239261943649136e-05,6.597894575951413963e-06
3.266459955352428501e+00,-4.005374500688263278e-05,6.598121807891879525e-06
3.267449791702529360e+00,-5.010285363386522976e-05,6.597662664265566470e-06
3.268439628052630219e+00,-6.010226907688536092e-05,6.598132329603601866e-06
3.269429464402731078e+00,-6.990795225439688353e-05,6.597832893025853516e-06
3.270419300752831937e+00,-7.963679015053771310e-05,6.597801007874646763e-06
3.271409137102932796e+00,-8.952385750749932368e-05,6.598154848489330400e-06
3.272398973453033655e+00,-9.956005934550746011e-05,6.597605413084891540e-06
3.273388809803134514e+00,-1.094856462532236234e-04,6.598087433685377586e-06
3.274378646153235373e+00,-1.192397482033294805e-04,6.597865122291634581e-06
3.275368482503336232e+00,-1.290037685719265450e-04,6.597703264371954547e-06
3.276358318853437090e+00,-1.389247645105853857e-04,6.598179775391783864e-06
3.277348155203537949e+00,-1.488471180102624708e-04,6.597563143188612186e-06
3.278337991553638808e+00,-1.586673139084478776e-04,6.598031243647441615e-06
3.279327827903739667e+00,-1.684215197732561527e-04,6.597908962392868358e-06
3.280317664253840526e+00,-1.781870181039836240e-04,6.597592720561043290e-06
3.281307500603941385e+00,-1.880129492155089438e-04,6.598196479192974675e-06
3.282297336954042244e+00,-1.978479245849790451e-04,6.597556798175799501e-06
3.283287173304143103e+00,-2.076299365350299747e-04,6.597925392249119763e-06
3.284277009654243962e+00,-2.173019825952525984e-04,6.597971707962346469e-06
3.285266846004344821e+00,-2.270011388821550208e-04,6.597517683786610512e-06
3.286256682354445680e+00,-2.368499192938734418e-04,6.598158517995738863e-06
3.287246518704546538e+00,-2.467150913126742173e-04,6.597578519306856163e-06
3.288236355054647397e+00,-2.565198306600377444e-04,6.597840881687885751e-06
3.289226191404748256e+00,-2.662201758777039029e-04,6.597990810812815877e-06
3.290216027754849115e+00,-2.758936924048279544e-04,6.597469939614916538e-06
3.291205864104949974e+00,-2.856681440101659780e-04,6.598121710297981705e-06
3.292195700455050833e+00,-2.955073156515997221e-04,6.597590423628547401e-06
3.293185536805151692e+00,-3.052573262156175831e-04,6.597757704579284618e-06
3.294175373155252551e+00,-3.148700193869857496e-04,6.598006689360087463e-06
3.295165209505353410e+00,-3.244747807605907254e-04,6.597436116144911952e-06
3.296155045855454269e+00,-3.342816922707958840e-04,6.598067153211630490e-06
3.297144882205555128e+00,-3.442278855091551607e-04,6.597626391111483793e-06
3.298134718555655986e+00,-3.541085522166096842e-04,6.597668202754496305e-06
3.299124554905756845e+00,-3.638281713381161264e-04,6.598016831647813276e-06
3.300114391255857704e+00,-3.734196849021053505e-04,6.597421787044395620e-06
3.301104227605958563e+00,-3.830373408733083384e-04,6.597979884142950846e-06
3.302094063956059422e+00,-3.927920643743800563e-04,6.597673508396716765e-06
3.303083900306160281e+00,-4.026220789288863710e-04,6.597589027164238263e-06
3.304073736656261140e+00,-4.123422365931676955e-04,6.598013264432070680e-06
3.305063573006361999e+00,-4.219769734993586126e-04,6.597410723601626931e-06
3.306053409356462858e+00,-4.316281888399546682e-04,6.597907077400283329e-06
3.307043245706563717e+00,-4.412768815133907060e-04,6.597711624885235170e-06
3.308033082056664576e+00,-4.508437980236519680e-04,6.597510305342786977e-06
3.309022918406765434e+00,-4.603954702979633868e-04,6.598007872946167932e-06
3.310012754756866293e+00,-4.700213049036869794e-04,6.597398660351807027e-06
3.311002591106967152e+00,-4.796222189420215999e-04,6.597849041553803778e-06
3.311992427457068011e+00,-4.892700673158421193e-04,6.597727853496434661e-06
3.312982263807168870e+00,-4.989356854944509631e-04,6.597441305829257058e-06
3.313972100157269729e+00,-5.084592803645770999e-04,6.598006253847513108e-06
3.314961936507370588e+00,-5.179579250642908899e-04,6.597389321354634321e-06
3.315951772857471447e+00,-5.274343706811019349e-04,6.597763527231791522e-06
3.316941609207572306e+00,-5.369491965086446413e-04,6.597792481340646054e-06
3.317931445557673165e+00,-5.464411731009657935e-04,6.597357390592969172e-06
3.318921281907774024e+00,-5.559099299908994412e-04,6.597978130332458153e-06
3.319911118257874882e+00,-5.654132016171942556e-04,6.597433175563178118e-06
3.320900954607975741e+00,-5.749965691451791551e-04,6.597652266545961666e-06
3.321890790958076600e+00,-5.845439724583409349e-04,6.597829357300991719e-06
3.322880627308177459e+00,-5.940274809606137935e-04,6.597324312626978468e-06
3.323870463658278318e+00,-6.034799639058608094e-04,6.597908940461984261e-06
3.324860300008379177e+00,-6.129336812362784015e-04,6.597489225517356845e-06
3.325850136358480036e+00,-6.223226921831796115e-04,6.597538709206789182e-06
3.326839972708580895e+00,-6.316810087891401365e-04,6.597873999896910681e-06
3.327829809058681754e+00,-6.409212648249508395e-04,6.597287586696399144e-06
3.328819645408782613e+00,-6.500371872383850719e-04,6.597852436650754038e-06
3.329809481758883472e+00,-6.591828010805919624e-04,6.597536012819775978e-06
3.330799318108984330e+00,-6.684381366229339263e-04,6.597441740856206248e-06
3.331789154459085189e+00,-6.777929906791609711e-04,6.597900283025821205e-06
3.332778990809186048e+00,-6.870428459745083405e-04,6.597262973746029106e-06
3.333768827159286907e+00,-6.961748411991118112e-04,6.597769911951711370e-06
3.334758663509387766e+00,-7.053134166991587408e-04,6.597607629813894250e-06
3.335748499859488625e+00,-7.145658610964036135e-04,6.597343020639359226e-06
3.336738336209589484e+00,-7.238388022761822055e-04,6.597911969041027391e-06
3.337728172559690343e+00,-7.330529053698330195e-04,6.597257357881274814e-06
3.338718008909791202e+00,-7.422156094995023632e-04,6.597700431899315983e-06
3.339707845259892061e+00,-7.513813748932591987e-04,6.597647554000477378e-06
3.340697681609992920e+00,-7.605587133406087417e-04,6.597277713782361420e-06
3.341687517960093778e+00,-7.697183191805547810e-04,6.597895063881408461e-06
3.342677354310194637e+00,-7.788750148429976526e-04,6.597277897144819023e-06
3.343667190660295496e+00,-7.879751376577474008e-04,6.597627770007944205e-06
3.344657027010396355e+00,-7.970766389492193495e-04,6.597663103342084466e-06
3.345646863360497214e+00,-8.061891732590335466e-04,6.597250523169241116e-06
3.346636699710598073e+00,-8.152130182933633139e-04,6.597860416462858138e-06
3.347626536060698932e+00,-8.241928293464182136e-04,6.597282256955635630e-06
3.348616372410799791e+00,-8.332012718693157906e-04,6.597580589097953372e-06
3.349606208760900650e+00,-8.422637714882680142e-04,6.597681128161919345e-06
3.350596045111001509e+00,-8.512682862949040932e-04,6.597198957169178363e-06
3.351585881461102367e+00,-8.602198212860792496e-04,6.597838866784458303e-06
3.352575717811203226e+00,-8.691951465639137986e-04,6.597310910419411228e-06
3.353565554161304085e+00,-8.781393036196009265e-04,6.597484051748521955e-06
3.354555390511404944e+00,-8.870621378290186911e-04,6.597727966025178444e-06
3.355545226861505803e+00,-8.959426059464123447e-04,6.597161501756540308e-06
3.356535063211606662e+00,-9.047275865140013470e-04,6.597788401525314929e-06
3.357524899561707521e+00,-9.135019218196275149e-04,6.597360215026516289e-06
3.358514735911808380e+00,-9.222876660497329867e-04,6.597395726972021648e-06
3.359504572261909239e+00,-9.310417967778463573e-04,6.597761809973409010e-06
3.360494408612010098e+00,-9.397807000732537937e-04,6.597140436952838002e-06
3.361484244962110957e+00,-9.485839692861819383e-04,6.597736252152813380e-06
3.362474081312211815e+00,-9.574271554437942906e-04,6.597400149200084581e-06
3.363463917662312674e+00,-9.661586467903892066e-04,6.597331286177958779e-06
3.364453754012413533e+00,-9.746546427967540125e-04,6.597762046971860541e-06
3.365443590362514392e+00,-9.831433378231415471e-04,6.597140096246462536e-06
3.366433426712615251e+00,-9.917353650358928883e-04,6.597669146543125199e-06
3.367423263062716110e+00,-1.000369855176693216e-03,6.597461338068562321e-06
3.368413099412816969e+00,-1.008998715539863355e-03,6.597258867739167856e-06
3.369402935762917828e+00,-1.017563932208808818e-03,6.597757579188614887e-06
3.370392772113018687e+00,-1.025973682749695007e-03,6.597169913592069825e-06
3.371382608463119546e+00,-1.034326748397156655e-03,6.597578221363226184e-06
3.372372444813220405e+00,-1.042730430966171780e-03,6.597519586794668993e-06
3.373362281163321263e+00,-1.051161775715798779e-03,6.597198585319744319e-06
3.374352117513422122e+00,-1.059633295094363154e-03,6.597737438939208788e-06
3.375341953863522981e+00,-1.068101656688663853e-03,6.597219036354591855e-06
3.376331790213623840e+00,-1.076479673318798047e-03,6.597475169634031232e-06
3.377321626563724699e+00,-1.084803838557072157e-03,6.597571088713184264e-06
3.378311462913825558e+00,-1.093220134167443864e-03,6.597184959557326808e-06
3.379301299263926417e+00,-1.101661127785124802e-03,6.597663757710946181e-06
3.380291135614027276e+00,-1.109935579994044807e-03,6.597296230013639359e-06
3.381280971964128135e+00,-1.118092308206591759e-03,6.597396323866601140e-06
3.382270808314228994e+00,-1.126239632103997199e-03,6.597586741345462622e-06
3.383260644664329853e+00,-1.134608111639255840e-03,6.597176577608463757e-06
3.384250481014430711e+00,-1.143039224934827916e-03,6.597620296408511373e-06
3.385240317364531570e+00,-1.151269982455026090e-03,6.597337678239902615e-06
3.386230153714632429e+00,-1.159386746055204040e-03,6.597323424500406502e-06
3.387219990064733288e+00,-1.167559318901772048e-03,6.597625178659918085e-06
3.388209826414834147e+00,-1.175851289874469590e-03,6.597157331720365557e-06
3.389199662764935006e+00,-1.184080349177114204e-03,6.597575253921693886e-06
3.390189499115035865e+00,-1.192172217973445740e-03,6.597390709369317167e-06
3.391179335465136724e+00,-1.200087515354042933e-03,6.597250919760290708e-06
3.392169171815237583e+00,-1.207948844111624053e-03,6.597653662928264463e-06
3.393159008165338442e+00,-1.215858783397317285e-03,6.597156383528136884e-06
3.394148844515439301e+00,-1.223882630168115744e-03,6.597513119020881678e-06
3.395138680865540159e+00,-1.231881452860558506e-03,6.597450140220149704e-06
3.396128517215641018e+00,-1.239771231698759109e-03,6.597189721107338135e-06
3.397118353565741877e+00,-1.247639099001396313e-03,6.597653135391114384e-06
3.398108189915842736e+00,-1.255613796471387366e-03,6.597179959919422879e-06
3.399098026265943595e+00,-1.263617585806297433e-03,6.597449393356145651e-06
3.400087862616044454e+00,-1.271492752237362829e-03,6.597517837034717500e-06
3.401077698966145313e+00,-1.279267507989433885e-03,6.597118757155607655e-06
3.402067535316246172e+00,-1.287085256274178623e-03,6.597672876644200559e-06
3.403057371666347031e+00,-1.294998757459441202e-03,6.597194987078540118e-06
3.404047208016447890e+00,-1.302824088906743031e-03,6.597386263166950585e-06
3.405037044366548749e+00,-1.310482786437988049e-03,6.597570215943155307e-06
3.406026880716649607e+00,-1.318062644004878124e-03,6.597074259178546733e-06
3.407016717066750466e+00,-1.325669179244634566e-03,6.597673431356313967e-06
3.408006553416851325e+00,-1.333353166546695284e-03,6.597226765313880466e-06
3.408996389766952184e+00,-1.341020893919275467e-03,6.597310140603599349e-06
3.409986226117053043e+00,-1.348442300345144415e-03,6.597639215408151932e-06
3.410976062467153902e+00,-1.355761334422612248e-03,6.597037113110413240e-06
3.411965898817254761e+00,-1.363145242924054855e-03,6.597635634586364945e-06
3.412955735167355620e+00,-1.370619937606490932e-03,6.597310853675733884e-06
3.413945571517456479e+00,-1.378089379401721505e-03,6.597222215494300401e-06
3.414935407867557338e+00,-1.385414343520283576e-03,6.597667990860095557e-06
3.415925244217658197e+00,-1.392619945384062372e-03,6.597060021552597139e-06
3.416915080567759055e+00,-1.399868795733797289e-03,6.597571939034094038e-06
3.417904916917859914e+00,-1.407245449262982178e-03,6.597369226878348284e-06
3.418894753267960773e+00,-1.414593144396892460e-03,6.597179415396032471e-06
3.419884589618061632e+00,-1.421710496226456484e-03,6.597673143943315225e-06
3.420874425968162491e+00,-1.428706067185435457e-03,6.597087868211091142e-06
3.421864262318263350e+00,-1.435800511953425930e-03,6.597510976937146183e-06
3.422854098668364209e+00,-1.442949709619356343e-03,6.597432126083952399e-06
3.423843935018465068e+00,-1.450065274387599178e-03,6.597134209536281774e-06
3.424833771368565927e+00,-1.457119205056726366e-03,6.597682567839517571e-06
3.425823607718666786e+00,-1.464166808792175195e-03,6.597110992272521809e-06
3.426813444068767645e+00,-1.471261458721265800e-03,6.597454901010994200e-06
3.427803280418868503e+00,-1.478293396612600065e-03,6.597494662461241047e-06
3.428793116768969362e+00,-1.485197631749678995e-03,6.597095734691105084e-06
3.429782953119070221e+00,-1.491950372261354688e-03,6.597675386857373341e-06
3.430772789469171080e+00,-1.498732961857628066e-03,6.597163071250059900e-06
3.431762625819271939e+00,-1.505711177796238091e-03,6.597401052909623322e-06
3.432752462169372798e+00,-1.512722914111767165e-03,6.597540539332704091e-06
3.433742298519473657e+00,-1.519488018065558426e-03,6.597078568309184903e-06
3.434732134869574516e+00,-1.526141523112145354e-03,6.597659090583871663e-06
3.435721971219675375e+00,-1.532785293073534241e-03,6.597210163169422512e-06
3.436711807569776234e+00,-1.539420181211775080e-03,6.597344207904410411e-06
3.437701643919877093e+00,-1.546111276424804891e-03,6.597578805888350613e-06
3.438691480269977951e+00,-1.552839532802839043e-03,6.597084537803610687e-06
3.439681316620078810e+00,-1.559485368959060347e-03,6.597630027847595295e-06
3.440671152970179669e+00,-1.566039443791447574e-03,6.597262529084966138e-06
3.441660989320280528e+00,-1.572524795439451343e-03,6.597295396368528950e-06
3.442650825670381387e+00,-1.579072648160502641e-03,6.597624363558720420e-06
3.443640662020482246e+00,-1.585622465423665176e-03,6.597070873320803163e-06
3.444630498370583105e+00,-1.591993699090916764e-03,6.597607199212219565e-06
3.445620334720683964e+00,-1.598171789913768953e-03,6.597342833418158329e-06
3.446610171070784823e+00,-1.604383879940050319e-03,6.597208956150102712e-06
3.447600007420885682e+00,-1.610757897935586767e-03,6.597679017747844506e-06
3.448589843770986541e+00,-1.617101204485219251e-03,6.597100999791242947e-06
3.449579680121087399e+00,-1.623298828869615537e-03,6.597522424089330601e-06
3.450569516471188258e+00,-1.629396770429730832e-03,6.597463849174560345e-06
3.451559352821289117e+00,-1.635454405071238432e-03,6.597129924625884963e-06
3.452549189171389976e+00,-1.641595900646282196e-03,6.597718121383175194e-06
3.453539025521490835e+00,-1.647717210605203347e-03,6.597134749556402035e-06
3.454528861871591694e+00,-1.653727621722413154e-03,6.597459462400825789e-06
3.455518698221692553e+00,-1.659502430185375802e-03,6.597548467678063948e-06
3.456508534571793412e+00,-1.665182927854208690e-03,6.597086694926063795e-06
3.457498370921894271e+00,-1.670959271321070935e-03,6.597730333709091279e-06
3.458488207271995130e+00,-1.676846777853429303e-03,6.597175697395598644e-06
3.459478043622095988e+00,-1.682727654184733475e-03,6.597413761488962453e-06
3.460467879972196847e+00,-1.688471973648222576e-03,6.597610581755821368e-06
3.461457716322297706e+00,-1.694171992357784229e-03,6.597064093125043231e-06
3.462447552672398565e+00,-1.699923656279887091e-03,6.597724022959928522e-06
3.463437389022499424e+00,-1.705703500082391983e-03,6.597249879067951003e-06
3.464427225372600283e+00,-1.711412742121745613e-03,6.597345250969358011e-06
3.465417061722701142e+00,-1.717021198299118661e-03,6.597672866633983823e-06
3.466406898072802001e+00,-1.722572025236222956e-03,6.597058590782905606e-06
3.467396734422902860e+00,-1.728156591795800738e-03,6.597705290281703548e-06
3.468386570773003719e+00,-1.733679256421833325e-03,6.597315399131296020e-06
3.469376407123104578e+00,-1.739078389650395955e-03,6.597292381473580910e-06
3.470366243473205436e+00,-1.744395422772544767e-03,6.597725455996513156e-06
3.471356079823306295e+00,-1.749743671099802033e-03,6.597081109812694962e-06
3.472345916173407154e+00,-1.755101027922814248e-03,6.597667428155696049e-06
3.473335752523508013e+00,-1.760350812856257066e-03,6.597388263759113491e-06
3.474325588873608872e+00,-1.765524091715210166e-03,6.597265139283611396e-06
3.475315425223709731e+00,-1.770660694185692509e-03,6.597741856463530899e-06
3.476305261573810590e+00,-1.775762702833111979e-03,6.597113811532143504e-06
3.477295097923911449e+00,-1.780902245710475626e-03,6.597647737600686118e-06
3.478284934274012308e+00,-1.786056000197958245e-03,6.597445278851524614e-06
3.479274770624113167e+00,-1.791087444056174444e-03,6.597220541909533808e-06
3.480264606974214026e+00,-1.796132292508024510e-03,6.597800486476540765e-06
3.481254443324314884e+00,-1.801186336000298958e-03,6.597119416802867837e-06
3.482244279674415743e+00,-1.806173208941699989e-03,6.597623111231584554e-06
3.483234116024516602e+00,-1.811093386599474386e-03,6.597528766665877476e-06
3.484223952374617461e+00,-1.815975738136814963e-03,6.597175726534696700e-06
3.485213788724718320e+00,-1.820812868867783488e-03,6.597834296073940537e-06
3.486203625074819179e+00,-1.825541470210364104e-03,6.597158475250628951e-06
3.487193461424920038e+00,-1.830182352335623644e-03,6.597579572076445740e-06
3.488183297775020897e+00,-1.834890055061915793e-03,6.597603108592619821e-06
3.489173134125121756e+00,-1.839652002764356449e-03,6.597164835966152611e-06
3.490162970475222615e+00,-1.844381245265358776e-03,6.597826443699937266e-06
3.491152806825323474e+00,-1.848986148501222766e-03,6.597236570188352610e-06
3.492142643175424332e+00,-1.853419406610168308e-03,6.597528095957510497e-06
3.493132479525525191e+00,-1.857742883616992193e-03,6.597663680537863296e-06
3.494122315875626050e+00,-1.862049044374141033e-03,6.597174860638188491e-06
3.495112152225726909e+00,-1.866486770293166375e-03,6.597809660707560140e-06
3.496101988575827768e+00,-1.870878522522115717e-03,6.597327025222410116e-06
3.497091824925928627e+00,-1.875107926177088788e-03,6.597460891622823803e-06
3.498081661276029486e+00,-1.879267811596763756e-03,6.597733486310600290e-06
3.499071497626130345e+00,-1.883372999632351849e-03,6.597190336743847192e-06
3.500061333976231204e+00,-1.887435667561148311e-03,6.597780777124561068e-06
3.501051170326332063e+00,-1.891439283895820231e-03,6.597415255057929958e-06
3.502041006676432922e+00,-1.895405454387962549e-03,6.597416307342782907e-06
3.503030843026533780e+00,-1.899363206852624272e-03,6.597783259482130419e-06
3.504020679376634639e+00,-1.903369804788100552e-03,6.597235141740530005e-06
3.505010515726735498e+00,-1.907299372011648153e-03,6.597718721868523861e-06
3.506000352076836357e+00,-1.911130310913634282e-03,6.597533776470114784e-06
3.506990188426937216e+00,-1.914882482857321530e-03,6.597358631225392185e-06
3.507980024777038075e+00,-1.918557896536092098e-03,6.597812991377216774e-06
3.508969861127138934e+00,-1.922232449184328902e-03,6.597304113449704528e-06
3.509959697477239793e+00,-1.925876809623302405e-03,6.597668809910948563e-06
3.510949533827340652e+00,-1.929418083220262297e-03,6.597602823017885862e-06
3.511939370177441511e+00,-1.932873223151760841e-03,6.597363921857918617e-06
3.512929206527542370e+00,-1.936377007893578129e-03,6.597818258832755058e-06
3.513919042877643228e+00,-1.939978482347209238e-03,6.597364158087392133e-06
3.514908879227744087e+00,-1.943490416941691867e-03,6.597634178760511331e-06
3.515898715577844946e+00,-1.946833062484440826e-03,6.597684425337253890e-06
3.516888551927945805e+00,-1.950140188750909597e-03,6.597342099582701769e-06
3.517878388278046664e+00,-1.953513186549191063e-03,6.597844116999789523e-06
3.518868224628147523e+00,-1.956866057357952403e-03,6.597419256434971012e-06
3.519858060978248382e+00,-1.960065127716746451e-03,6.597594080622924827e-06
3.520847897328349241e+00,-1.963079030494953303e-03,6.597772768869812271e-06
3.521837733678450100e+00,-1.966042427807279062e-03,6.597323876754959754e-06
3.522827570028550959e+00,-1.969158498397320309e-03,6.597856277307042319e-06
3.523817406378651818e+00,-1.972406716816843195e-03,6.597499253840872986e-06
3.524807242728752676e+00,-1.975565797684447449e-03,6.597542102348304591e-06
3.525797079078853535e+00,-1.978525196207669545e-03,6.597846729013668739e-06
3.526786915428954394e+00,-1.981360402887709891e-03,6.597334623028110744e-06
3.527776751779055253e+00,-1.984293210074354434e-03,6.597852748247725035e-06
3.528766588129156112e+00,-1.987291213631128383e-03,6.597577219074514122e-06
3.529756424479256971e+00,-1.990182812350512007e-03,6.597495655141839854e-06
3.530746260829357830e+00,-1.992893725301233057e-03,6.597915745743042514e-06
3.531736097179458689e+00,-1.995456058910755233e-03,6.597355258435877907e-06
3.532725933529559548e+00,-1.997990268175381043e-03,6.597834573714088279e-06
3.533715769879660407e+00,-2.000588689964143737e-03,6.597666027663829950e-06
3.534705606229761266e+00,-2.003145167300844631e-03,6.597464828474284070e-06
3.535695442579862124e+00,-2.005528570447978262e-03,6.597972453341139235e-06
3.536685278929962983e+00,-2.007839227340982823e-03,6.597384637905764305e-06
3.537675115280063842e+00,-2.010149494898380660e-03,6.597810353963203867e-06
3.538664951630164701e+00,-2.012450123157259827e-03,6.597758831616670494e-06
3.539654787980265560e+00,-2.014721250712617467e-03,6.597423246972479772e-06
3.540644624330366419e+00,-2.016948038143299461e-03,6.598014283888920008e-06
3.541634460680467278e+00,-2.019080021129663911e-03,6.597461801745968966e-06
3.542624297030568137e+00,-2.021164002209128053e-03,6.597742187082496128e-06
3.543614133380668996e+00,-2.023334877245893011e-03,6.597867041764074698e-06
3.544603969730769855e+00,-2.025551861660440049e-03,6.597421965633806471e-06
3.545593806080870714e+00,-2.027589695669731237e-03,6.598006609613540606e-06
3.546583642430971572e+00,-2.029529787864598183e-03,6.597554294126344870e-06
3.547573478781072431e+00,-2.031414890737296038e-03,6.597699851431899500e-06
3.548563315131173290e+00,-2.033319104235271034e-03,6.597937533640936765e-06
3.549553151481274149e+00,-2.035218581998568792e-03,6.597432577601357441e-06
3.550542987831375008e+00,-2.036906828430100781e-03,6.598008016686570644e-06
3.551532824181475867e+00,-2.038469115504784775e-03,6.597621201127546522e-06
3.552522660531576726e+00,-2.040090138164371483e-03,6.597687144753763936e-06
3.553512496881677585e+00,-2.041870324000847736e-03,6.597984081067923081e-06
3.554502333231778444e+00,-2.043678844437487544e-03,6.597461841853134872e-06
3.555492169581879303e+00,-2.045227244890978745e-03,6.598007792836160932e-06
3.556482005931980162e+00,-2.046477246837688415e-03,6.597695834461997479e-06
3.557471842282081020e+00,-2.047760228035350183e-03,6.597662747091797220e-06
3.558461678632181879e+00,-2.049236054030903302e-03,6.598028579156972770e-06
3.559451514982282738e+00,-2.050722588585262175e-03,6.597519353910250558e-06
3.560441351332383597e+00,-2.052043176371820717e-03,6.597970845834948528e-06
3.561431187682484456e+00,-2.053274130526106314e-03,6.597791899939971210e-06
3.562421024032585315e+00,-2.054515521402756721e-03,6.597634674252243387e-06
3.563410860382686174e+00,-2.055698633767770803e-03,6.598076007552601205e-06
3.564400696732787033e+00,-2.056823755339427882e-03,6.597569108042152075e-06
3.565390533082887892e+00,-2.057887517375938963e-03,6.597939947343040858e-06
3.566380369432988751e+00,-2.058975027764326643e-03,6.597886488244895940e-06
3.567370205783089609e+00,-2.060058600871537884e-03,6.597623744959594199e-06
3.568360042133190468e+00,-2.061097596690573269e-03,6.598095279462114821e-06
3.569349878483291327e+00,-2.062118817973932015e-03,6.597640179023342856e-06
3.570339714833392186e+00,-2.063089706718690235e-03,6.597898787127197999e-06
3.571329551183493045e+00,-2.063929875521021071e-03,6.597980586859439293e-06
3.572319387533593904e+00,-2.064673775100990278e-03,6.597597059733410012e-06
3.573309223883694763e+00,-2.065437909458172228e-03,6.598147933957948211e-06
3.574299060233795622e+00,-2.066150335964020163e-03,6.597696743327129308e-06
3.575288896583896481e+00,-2.066761975673373115e-03,6.597845851839133677e-06
3.576278732933997340e+00,-2.067305332029282291e-03,6.598100464293498158e-06
3.577268569284098199e+00,-2.067886709162387784e-03,6.597568176660803348e-06
3.578258405634199057e+00,-2.068471207617418595e-03,6.598160919772094244e-06
3.579248241984299916e+00,-2.068972553116614661e-03,6.597798417066599912e-06
3.580238078334400775e+00,-2.069394609321410176e-03,6.597781833350307649e-06
3.581227914684501634e+00,-2.069751556412569114e-03,6.598191486606416743e-06
3.582217751034602493e+00,-2.070106270166556604e-03,6.597582411728044286e-06
3.583207587384703352e+00,-2.070385479374613463e-03,6.598148337846907469e-06
3.584197423734804211e+00,-2.070532091560291828e-03,6.597898140419346950e-06
3.585187260084905070e+00,-2.070522178730390718e-03,6.597751090740654919e-06
3.586177096435005929e+00,-2.070502189785032414e-03,6.598238599775493956e-06
3.587166932785106788e+00,-2.070587330749697631e-03,6.597639834783212849e-06
3.588156769135207647e+00,-2.070683500344506957e-03,6.598116657697146392e-06
3.589146605485308505e+00,-2.070713535492648121e-03,6.597993741806428128e-06
3.590136441835409364e+00,-2.070619016700355614e-03,6.597716778866216589e-06
3.591126278185510223e+00,-2.070403051764208111e-03,6.598293526347940400e-06
3.592116114535611082e+00,-2.070208357180412448e-03,6.597692861258056842e-06
3.593105950885711941e+00,-2.070054991359446782e-03,6.598076049590842142e-06
3.594095787235812800e+00,-2.069840686837233230e-03,6.598097178116109704e-06
3.595085623585913659e+00,-2.069440372179381146e-03,6.597690706595348450e-06
3.596075459936014518e+00,-2.068921926707360196e-03,6.598335904112834749e-06
3.597065296286115377e+00,-2.068422691400266349e-03,6.597747395834795474e-06
3.598055132636216236e+00,-2.067921024011266842e-03,6.598046707540198118e-06
3.599044968986317095e+00,-2.067353861108947675e-03,6.598190499662922013e-06
3.600034805336417953e+00,-2.066782509719246926e-03,6.597675649651849903e-06
3.601024641686518812e+00,-2.066167383510952426e-03,6.598357861741233167e-06
3.602014478036619671e+00,-2.065454670599124829e-03,6.597818979802504515e-06
3.603004314386720530e+00,-2.064769150437384924e-03,6.598015929848103438e-06
3.603994150736821389e+00,-2.064095040050254511e-03,6.598255957206582233e-06
3.604983987086922248e+00,-2.063348965836933873e-03,6.597699649377361068e-06
3.605973823437023107e+00,-2.062586775496020198e-03,6.598376306616033115e-06
3.606963659787123966e+00,-2.061839811276650232e-03,6.597867655297444993e-06
3.607953496137224825e+00,-2.061019459553471971e-03,6.598012327775289796e-06
3.608943332487325684e+00,-2.060153404387591019e-03,6.598319030422819996e-06
3.609933168837426543e+00,-2.059300608288516798e-03,6.597702396306823459e-06
3.610923005187527401e+00,-2.058388299442348492e-03,6.598391906152288343e-06
3.611912841537628260e+00,-2.057353918711163181e-03,6.597942244693108743e-06
3.612902677887729119e+00,-2.056209160974792772e-03,6.597974740134441528e-06
3.613892514237829978e+00,-2.054993927804095889e-03,6.598392410970652748e-06
3.614882350587930837e+00,-2.053740701180107545e-03,6.597724265296562104e-06
3.615872186938031696e+00,-2.052471206821250387e-03,6.598376475619401002e-06
3.616862023288132555e+00,-2.051134007344998338e-03,6.598046618401024882e-06
3.617851859638233414e+00,-2.049893425450497429e-03,6.597931825254442454e-06
3.618841695988334273e+00,-2.048625244813165065e-03,6.598440674464991607e-06
3.619831532338435132e+00,-2.047132854933749781e-03,6.597790076035781807e-06
3.620821368688535991e+00,-2.045549232314860296e-03,6.598324013498438833e-06
3.621811205038636849e+00,-2.043957303556376975e-03,6.598148377627143222e-06
3.622801041388737708e+00,-2.042375919156124830e-03,6.597908287837639416e-06
3.623790877738838567e+00,-2.040783484749657522e-03,6.598477348699367157e-06
3.624780714088939426e+00,-2.039167033953564936e-03,6.597855652169545111e-06
3.625770550439040285e+00,-2.037568240960158528e-03,6.598275380051870654e-06
3.626760386789141144e+00,-2.035859842758897930e-03,6.598251346229593686e-06
3.627750223139242003e+00,-2.033964655240889409e-03,6.597894883079210432e-06
3.628740059489342862e+00,-2.031995010630324294e-03,6.598492286118420058e-06
3.629729895839443721e+00,-2.030123259912864232e-03,6.597936881626185439e-06
3.630719732189544580e+00,-2.028344874747354479e-03,6.598229935215968467e-06
3.631709568539645439e+00,-2.026461777521610698e-03,6.598340507276001109e-06
3.632699404889746297e+00,-2.024404292793104913e-03,6.597891016104641168e-06
3.633689241239847156e+00,-2.022283465024459197e-03,6.598493149653619792e-06
3.634679077589948015e+00,-2.020219236711103157e-03,6.598030951317432708e-06
3.635668913940048874e+00,-2.018184247979799145e-03,6.598165790094875720e-06
3.636658750290149733e+00,-2.016000395280088172e-03,6.598424776079756081e-06
3.637648586640250592e+00,-2.013602966640493531e-03,6.597925565266498860e-06
3.638638422990351451e+00,-2.011118477316075227e-03,6.598455330535035104e-06
3.639628259340452310e+00,-2.008770202056199029e-03,6.598132103949310979e-06
3.640618095690553169e+00,-2.006500440777234627e-03,6.598133627612913561e-06
3.641607932040654028e+00,-2.004095430157180717e-03,6.598466388741601120e-06
3.642597768390754887e+00,-2.001547314417188254e-03,6.597962339907023258e-06
3.643587604740855745e+00,-1.998957123825230442e-03,6.598440606391087313e-06
3.644577441090956604e+00,-1.996463088576371468e-03,6.598213960347074734e-06
3.645567277441057463e+00,-1.994031922435586090e-03,6.598101710300597638e-06
3.646557113791158322e+00,-1.991503567600888536e-03,6.598527944100714917e-06
3.647546950141259181e+00,-1.988694231472234227e-03,6.597981365975012247e-06
3.648536786491360040e+00,-1.985779131178284831e-03,6.598438368548651675e-06
3.649526622841460899e+00,-1.982968459519897711e-03,6.598291395418471774e-06
3.650516459191561758e+00,-1.980245452760556312e-03,6.598063683781501458e-06
3.651506295541662617e+00,-1.977462375736336719e-03,6.598583602108319672e-06
3.652496131891763476e+00,-1.974564173036256597e-03,6.598022798536805525e-06
3.653485968241864335e+00,-1.971657882799993187e-03,6.598393873392705134e-06
3.654475804591965193e+00,-1.968736408418449244e-03,6.598387040698468241e-06
3.655465640942066052e+00,-1.965822401131648179e-03,6.598042765507875229e-06
3.656455477292166911e+00,-1.962841752214171918e-03,6.598610957896413759e-06
3.657445313642267770e+00,-1.959737274795080378e-03,6.598084639899949060e-06
3.658435149992368629e+00,-1.956569843955717394e-03,6.598345296775244348e-06
3.659424986342469488e+00,-1.953425759262174353e-03,6.598483759998628624e-06
3.660414822692570347e+00,-1.950229940566511550e-03,6.598019676797677171e-06
3.661404659042671206e+00,-1.946870916777330334e-03,6.598624946054877873e-06
3.662394495392772065e+00,-1.943428257514417641e-03,6.598156493965084175e-06
3.663384331742872924e+00,-1.940069827248357918e-03,6.598300400374633956e-06
3.664374168092973783e+00,-1.936723503048017742e-03,6.598557400301238234e-06
3.665364004443074641e+00,-1.933292222780136869e-03,6.598016575734018278e-06
3.666353840793175500e+00,-1.929799860912419967e-03,6.598630644297578352e-06
3.667343677143276359e+00,-1.926223953158408882e-03,6.598227365430509413e-06
3.668333513493377218e+00,-1.922579389280139155e-03,6.598251919152641868e-06
3.669323349843478077e+00,-1.919027764234698544e-03,6.598639807421463160e-06
3.670313186193578936e+00,-1.915443376899281279e-03,6.598027071356193261e-06
3.671303022543679795e+00,-1.911729083054009232e-03,6.598597708808089301e-06
3.672292858893780654e+00,-1.907924948881473039e-03,6.598330538374569428e-06
3.673282695243881513e+00,-1.904072626582141567e-03,6.598201135186782813e-06
3.674272531593982372e+00,-1.900240225838278505e-03,6.598675592912697908e-06
3.675262367944083230e+00,-1.896385785139572495e-03,6.598084884952836039e-06
3.676252204294184089e+00,-1.892371041245759526e-03,6.598555065793125831e-06
3.677242040644284948e+00,-1.888187022188507046e-03,6.598408267613797161e-06
3.678231876994385807e+00,-1.883916396476190440e-03,6.598191497687335641e-06
3.679221713344486666e+00,-1.879645973838039606e-03,6.598680796103430591e-06
3.680211549694587525e+00,-1.875445112718194260e-03,6.598145365727877971e-06
3.681201386044688384e+00,-1.871278944911456462e-03,6.598527069460531233e-06
3.682191222394789243e+00,-1.867055799679592353e-03,6.598452017675537912e-06
3.683181058744890102e+00,-1.862678345558951235e-03,6.598205153080115918e-06
3.684170895094990961e+00,-1.858291221776497103e-03,6.598673771204417705e-06
3.685160731445091820e+00,-1.853933470227998783e-03,6.598215606131514420e-06
3.686150567795192678e+00,-1.849465686217832347e-03,6.598463713653040792e-06
3.687140404145293537e+00,-1.844951354379028132e-03,6.598545332598710121e-06
3.688130240495394396e+00,-1.840450302881861070e-03,6.598186784243517855e-06
3.689120076845495255e+00,-1.836063172763111083e-03,6.598676954776826694e-06
3.690109913195596114e+00,-1.831641347331649291e-03,6.598281784719311378e-06
3.691099749545696973e+00,-1.827031243724493506e-03,6.598414364465413493e-06
3.692089585895797832e+00,-1.822275178250555312e-03,6.598616655642851187e-06
3.693079422245898691e+00,-1.817496670442632009e-03,6.598178381728693997e-06
3.694069258595999550e+00,-1.812818190467236929e-03,6.598668986084029024e-06
3.695059094946100409e+00,-1.808180806394725460e-03,6.598360280371883167e-06
3.696048931296201268e+00,-1.803470860210130283e-03,6.598355906936027454e-06
3.697038767646302126e+00,-1.798599128756578651e-03,6.598676725580012782e-06
3.698028603996402985e+00,-1.793620810523996120e-03,6.598193200319134584e-06
3.699018440346503844e+00,-1.788739074546395226e-03,6.598645495755711136e-06
3.700008276696604703e+00,-1.783883492846023103e-03,6.598429508728004596e-06
3.700998113046705562e+00,-1.778890712639994093e-03,6.598319259553870270e-06
3.701987949396806421e+00,-1.773686171519914820e-03,6.598729696445486143e-06
3.702977785746907280e+00,-1.768436633737972222e-03,6.598198655940979576e-06
3.703967622097008139e+00,-1.763267429765279573e-03,6.598615820120265146e-06
3.704957458447108998e+00,-1.758186587567546824e-03,6.598517928238960948e-06
3.705947294797209857e+00,-1.753036829421012691e-03,6.598251370987874608e-06
3.706937131147310716e+00,-1.747715068780015266e-03,6.598776039237202514e-06
3.707926967497411574e+00,-1.742343895408261572e-03,6.598244936104585005e-06
3.708916803847512433e+00,-1.737092999986310530e-03,6.598544845146319387e-06
3.709906640197613292e+00,-1.731902384409660794e-03,6.598621840358424791e-06
3.710896476547714151e+00,-1.726528547136785925e-03,6.598207131973740099e-06
3.711886312897815010e+00,-1.720985106783466364e-03,6.598778237231392430e-06
3.712876149247915869e+00,-1.715342952186295865e-03,6.598327488613836066e-06
3.713865985598016728e+00,-1.709699355609793419e-03,6.598457969521186054e-06
3.714855821948117587e+00,-1.704151881573372782e-03,6.598706075058015975e-06
3.715845658298218446e+00,-1.698616498268291008e-03,6.598193128049553382e-06
3.716835494648319305e+00,-1.692957380634207455e-03,6.598766978849759226e-06
3.717825330998420164e+00,-1.687224392979474455e-03,6.598388822788698326e-06
3.718815167348521022e+00,-1.681468992389790335e-03,6.598402296869590356e-06
3.719805003698621881e+00,-1.675731550815895681e-03,6.598776699180835289e-06
3.720794840048722740e+00,-1.669907090603387195e-03,6.598176291687283657e-06
3.721784676398823599e+00,-1.664023623252994287e-03,6.598755902944288158e-06
3.722774512748924458e+00,-1.658118921459724804e-03,6.598445247768098502e-06
3.723764349099025317e+00,-1.652128808487971987e-03,6.598353405070095012e-06
3.724754185449126176e+00,-1.646009218853256625e-03,6.598820451484164879e-06
3.725744021799227035e+00,-1.639858226569281029e-03,6.598176010662631120e-06
3.726733858149327894e+00,-1.633766227036251815e-03,6.598738968264687560e-06
3.727723694499428753e+00,-1.627646964002096852e-03,6.598500989723313303e-06
3.728713530849529612e+00,-1.621489468696324637e-03,6.598308702822835345e-06
3.729703367199630470e+00,-1.615288292913157802e-03,6.598856765046841995e-06
3.730693203549731329e+00,-1.609012348959386069e-03,6.598193578443177790e-06
3.731683039899832188e+00,-1.602736130631385921e-03,6.598696180039432918e-06
3.732672876249933047e+00,-1.596536174572045800e-03,6.598560907237716814e-06
3.733662712600033906e+00,-1.590238690566204592e-03,6.598290175745402161e-06
3.734652548950134765e+00,-1.583815676912258587e-03,6.598853756242332743e-06
3.735642385300235624e+00,-1.577385301693841942e-03,6.598227168199388241e-06
3.736632221650336483e+00,-1.571024202333295809e-03,6.598660411957543315e-06
3.737622058000437342e+00,-1.564647554137140427e-03,6.598607303365049748e-06
3.738611894350538201e+00,-1.558132897109092358e-03,6.598258228860606315e-06
3.739601730700639060e+00,-1.551467736677564820e-03,6.598872628450097068e-06
3.740591567050739918e+00,-1.544872618214978861e-03,6.598260811882035136e-06
3.741581403400840777e+00,-1.538294423893599855e-03,6.598599104459413676e-06
3.742571239750941636e+00,-1.531505712291877670e-03,6.598689355618463282e-06
3.743561076101042495e+00,-1.524615192626622550e-03,6.598198275313302643e-06
3.744550912451143354e+00,-1.517848350602511893e-03,6.598891204635654503e-06
3.745540748801244213e+00,-1.511256596130467356e-03,6.598302027640793810e-06
3.746530585151345072e+00,-1.504654405648395317e-03,6.598525646389458630e-06
3.747520421501445931e+00,-1.497848045442808128e-03,6.598753440290210338e-06
3.748510257851546790e+00,-1.490941708005844024e-03,6.598195276216510097e-06
3.749500094201647649e+00,-1.484005529394418757e-03,6.598837148829389997e-06
3.750489930551748508e+00,-1.477102680221412502e-03,6.598388879011559674e-06
3.751479766901849366e+00,-1.470237932592224038e-03,6.598448357683441428e-06
3.752469603251950225e+00,-1.463351449097050451e-03,6.598803687886370602e-06
3.753459439602051084e+00,-1.456397481438472538e-03,6.598193248118066924e-06
3.754449275952151943e+00,-1.449324032857219214e-03,6.598784931712655305e-06
3.755439112302252802e+00,-1.442180709779650139e-03,6.598464791117702304e-06
3.756428948652353661e+00,-1.435003347150952315e-03,6.598379852110735556e-06
3.757418785002454520e+00,-1.427775358122934787e-03,6.598827738582183390e-06
3.758408621352555379e+00,-1.420502239488687047e-03,6.598219184388531383e-06
3.759398457702656238e+00,-1.413182302201578889e-03,6.598725874639645900e-06
3.760388294052757097e+00,-1.405871778683486341e-03,6.598533383496100510e-06
3.761378130402857956e+00,-1.398558249103689331e-03,6.598325690676835878e-06
3.762367966752958814e+00,-1.391173204908978779e-03,6.598842341312124437e-06
3.763357803103059673e+00,-1.383670488824784942e-03,6.598245981255097974e-06
3.764347639453160532e+00,-1.376115783145870439e-03,6.598650222626214087e-06
3.765337475803261391e+00,-1.368616878054098630e-03,6.598616664088707337e-06
3.766327312153362250e+00,-1.361075802375820085e-03,6.598271918884481953e-06
3.767317148503463109e+00,-1.353414426056056804e-03,6.598822327107030688e-06
3.768306984853563968e+00,-1.345734775112992143e-03,6.598306969479187051e-06
3.769296821203664827e+00,-1.338070536136471171e-03,6.598564498898976805e-06
3.770286657553765686e+00,-1.330454440381304568e-03,6.598672598067470351e-06
3.771276493903866545e+00,-1.322872903505216500e-03,6.598243846757690252e-06
3.772266330253967404e+00,-1.315261100826019486e-03,6.598814309447715735e-06
3.773256166604068262e+00,-1.307518212031045634e-03,6.598332717645732167e-06
3.774246002954169121e+00,-1.299786035612893534e-03,6.598514566165116490e-06
3.775235839304269980e+00,-1.292112218973108084e-03,6.598702719719998589e-06
3.776225675654370839e+00,-1.284378640335464422e-03,6.598218384551714460e-06
3.777215512004471698e+00,-1.276438658903412265e-03,6.598800385988304757e-06
3.778205348354572557e+00,-1.268439566412761857e-03,6.598363057330412661e-06
3.779195184704673416e+00,-1.260510642929695219e-03,6.598445549996389588e-06
3.780185021054774275e+00,-1.252675632242460828e-03,6.598763642639103583e-06
3.781174857404875134e+00,-1.244910458053796829e-03,6.598182550751224421e-06
3.782164693754975993e+00,-1.237000976165880369e-03,6.598761173601480540e-06
3.783154530105076851e+00,-1.228936567723871304e-03,6.598435226496625466e-06
3.784144366455177710e+00,-1.220844921854348508e-03,6.598353762726287543e-06
3.785134202805278569e+00,-1.212874879302268220e-03,6.598813128780764065e-06
3.786124039155379428e+00,-1.205007076108659866e-03,6.598159570707833537e-06
3.787113875505480287e+00,-1.196994618988903589e-03,6.598719597434855562e-06
3.788103711855581146e+00,-1.188703364584482117e-03,6.598491418471930769e-06
3.789093548205682005e+00,-1.180428209706018685e-03,6.598279193956881485e-06
3.790083384555782864e+00,-1.172258222018465485e-03,6.598836423187125588e-06
3.791073220905883723e+00,-1.164167527315223410e-03,6.598169758594159285e-06
3.792063057255984582e+00,-1.156043734318684462e-03,6.598651973219022584e-06
3.793052893606085441e+00,-1.147805477986821136e-03,6.598542536996594130e-06
3.794042729956186299e+00,-1.139464507322914119e-03,6.598229087454903221e-06
3.795032566306287158e+00,-1.131183728895646329e-03,6.598829077512591043e-06
3.796022402656388017e+00,-1.123018715563933994e-03,6.598185170371678038e-06
3.797012239006488876e+00,-1.114848276153514433e-03,6.598590289808440906e-06
3.798002075356589735e+00,-1.106474898629649078e-03,6.598593554116818479e-06
3.798991911706690594e+00,-1.097984860831431944e-03,6.598174441107964221e-06
3.799981748056791453e+00,-1.089568023247764568e-03,6.598809546920767100e-06
3.800971584406892312e+00,-1.081298149253933716e-03,6.598233599703500041e-06
3.801961420756993171e+00,-1.072978519024114742e-03,6.598496492364077623e-06
3.802951257107094030e+00,-1.064413056871850493e-03,6.598637852660710583e-06
3.803941093457194889e+00,-1.055770402322984535e-03,6.598167240294376509e-06
3.804930929807295747e+00,-1.047221137741887863e-03,6.598740475389762630e-06
3.805920766157396606e+00,-1.038688439941416698e-03,6.598301763499382396e-06
3.806910602507497465e+00,-1.030009837922812432e-03,6.598409520255438054e-06
3.807900438857598324e+00,-1.021231149416222499e-03,6.598652818557850581e-06
3.808890275207699183e+00,-1.012521317223024058e-03,6.598172959770492134e-06
3.809880111557800042e+00,-1.004013600289214601e-03,6.598675142135248991e-06
3.810869947907900901e+00,-9.955617633966432675e-04,6.598341959261675849e-06
3.811859784258001760e+00,-9.869253806700124809e-04,6.598356202346229322e-06
3.812849620608102619e+00,-9.780936426613221369e-04,6.598662247738085009e-06
3.813839456958203478e+00,-9.692226348138810932e-04,6.598158618146949430e-06
3.814829293308304337e+00,-9.604977869411505248e-04,6.598623791811899109e-06
3.815819129658405195e+00,-9.518440870020569017e-04,6.598388436638388600e-06
3.816808966008506054e+00,-9.431273230787244567e-04,6.598280818234489720e-06
3.817798802358606913e+00,-9.343005712526192058e-04,6.598672362786915987e-06
3.818788638708707772e+00,-9.253957549370011226e-04,6.598154930396090793e-06
3.819778475058808631e+00,-9.164499755566584121e-04,6.598562494474974064e-06
3.820768311408909490e+00,-9.075111520560266839e-04,6.598430269625084701e-06
3.821758147759010349e+00,-8.986016438793353314e-04,6.598218472682053668e-06
3.822747984109111208e+00,-8.896108406870237816e-04,6.598672370203642352e-06
3.823737820459212067e+00,-8.805968600980542847e-04,6.598170591782542752e-06
3.824727656809312926e+00,-8.716513217967159898e-04,6.598475810750199013e-06
3.825717493159413785e+00,-8.627292592732233468e-04,6.598483875347768505e-06
3.826707329509514643e+00,-8.537689251081274477e-04,6.598165725348015198e-06
3.827697165859615502e+00,-8.447681421340257676e-04,6.598632078060218452e-06
3.828687002209716361e+00,-8.357396565795056648e-04,6.598210349866427404e-06
3.829676838559817220e+00,-8.266941063469517492e-04,6.598394199384220106e-06
3.830666674909918079e+00,-8.176769078623328732e-04,6.598519719046876995e-06
3.831656511260018938e+00,-8.086602983107177072e-04,6.598121780402996468e-06
3.832646347610119797e+00,-7.995642494879065748e-04,6.598596339553975827e-06
3.833636183960220656e+00,-7.904428149070886729e-04,6.598258075936828243e-06
3.834626020310321515e+00,-7.814486889857710132e-04,6.598274954862140191e-06
3.835615856660422374e+00,-7.724744472036807613e-04,6.598592557868996319e-06
3.836605693010523233e+00,-7.634147521864077975e-04,6.598062723012520809e-06
3.837595529360624091e+00,-7.543278333153838767e-04,6.598546001117462203e-06
3.838585365710724950e+00,-7.452377188950577887e-04,6.598315835460954429e-06
3.839575202060825809e+00,-7.360888419553658635e-04,6.598157432947851414e-06
3.840565038410926668e+00,-7.268799866011558522e-04,6.598633607567371741e-06
3.841554874761027527e+00,-7.175822232889501840e-04,6.598045913858325778e-06
3.842544711111128386e+00,-7.081876913005811115e-04,6.598464497126359396e-06
3.843534547461229245e+00,-6.988569463636986473e-04,6.598373917368923868e-06
3.844524383811330104e+00,-6.896225051071145327e-04,6.598089996504115162e-06
3.845514220161430963e+00,-6.804155885013451728e-04,6.598616370335365441e-06
3.846504056511531822e+00,-6.710663395717657818e-04,6.598052137030283864e-06
3.847493892861632681e+00,-6.616245554282769187e-04,6.598394010919197912e-06
3.848483729211733539e+00,-6.521972939411299847e-04,6.598409332311558810e-06
3.849473565561834398e+00,-6.429048550180801232e-04,6.598025389848057709e-06
3.850463401911935257e+00,-6.336121564731543978e-04,6.598601473652745152e-06
3.851453238262036116e+00,-6.241426960559268199e-04,6.598057975833472905e-06
3.852443074612136975e+00,-6.146246755469266963e-04,6.598324564962134301e-06
3.853432910962237834e+00,-6.050809648890511728e-04,6.598430732624995430e-06
3.854422747312338693e+00,-5.955679870919820167e-04,6.597982708393874272e-06
3.855412583662439552e+00,-5.861714262653689453e-04,6.598572519252006454e-06
3.856402420012540411e+00,-5.767559411782167186e-04,6.598067622245908968e-06
3.857392256362641270e+00,-5.672517784513119365e-04,6.598246048142398048e-06
3.858382092712742129e+00,-5.577437893045436839e-04,6.598462162173636858e-06
3.859371929062842987e+00,-5.482524170772226342e-04,6.597929181795678870e-06
3.860361765412943846e+00,-5.388316206232963848e-04,6.598526479122626263e-06
3.861351601763044705e+00,-5.293483215251189354e-04,6.598109339596577671e-06
3.862341438113145564e+00,-5.198124114239553728e-04,6.598156984109583632e-06
3.863331274463246423e+00,-5.102709587506305952e-04,6.598473694145137492e-06
3.864321110813347282e+00,-5.007592708789952675e-04,6.597907055869844222e-06
3.865310947163448141e+00,-4.911907363712646017e-04,6.598470390752068659e-06
3.866300783513549000e+00,-4.816355023270373938e-04,6.598131852136009256e-06
3.867290619863649859e+00,-4.721165291615370889e-04,6.598080366361412564e-06
3.868280456213750718e+00,-4.625984274104414490e-04,6.598496655607523213e-06
3.869270292563851577e+00,-4.529261348834074286e-04,6.597863037851404941e-06
3.870260128913952435e+00,-4.431698056332732940e-04,6.598427528692385184e-06
3.871249965264053294e+00,-4.334797119507822517e-04,6.598151145855491322e-06
3.872239801614154153e+00,-4.239172104536368313e-04,6.598001422429251361e-06
3.873229637964255012e+00,-4.144018229972293993e-04,6.598508622992785031e-06
3.874219474314355871e+00,-4.048970306598653627e-04,6.597850693664347994e-06
3.875209310664456730e+00,-3.953602692870856680e-04,6.598335997713747258e-06
3.876199147014557589e+00,-3.857884027772187771e-04,6.598220324741071901e-06
3.877188983364658448e+00,-3.762026824267712482e-04,6.597909322377347785e-06
3.878178819714759307e+00,-3.665665519378997084e-04,6.598480029762295654e-06
3.879168656064860166e+00,-3.569074534525751882e-04,6.597881602681869925e-06
3.880158492414961025e+00,-3.472683656086558951e-04,6.598225291357088062e-06
3.881148328765061883e+00,-3.377088491015766878e-04,6.598269053116195419e-06
3.882138165115162742e+00,-3.281411022300898461e-04,6.597843444663140616e-06
3.883128001465263601e+00,-3.184561331740098531e-04,6.598439474834453709e-06
3.884117837815364460e+00,-3.086818523532799106e-04,6.597920602538740010e-06
3.885107674165465319e+00,-2.988277878711452680e-04,6.598117228420354296e-06
3.886097510515566178e+00,-2.890772405993948424e-04,6.598304966260825597e-06
3.887087346865667037e+00,-2.794397164513040782e-04,6.597804186648852970e-06
3.888077183215767896e+00,-2.698159939537763449e-04,6.598377265412977915e-06
3.889067019565868755e+00,-2.600251592530827718e-04,6.597953991296583341e-06
3.890056855915969614e+00,-2.502115294437129043e-04,6.598027059926216321e-06
3.891046692266070472e+00,-2.405415094819273901e-04,6.598323731768554287e-06
3.892036528616171331e+00,-2.309185822182248176e-04,6.597764066265146352e-06
3.893026364966272190e+00,-2.212356627503140932e-04,6.598320426175832370e-06
3.894016201316373049e+00,-2.114274061937327905e-04,6.598002177906542025e-06
3.895006037666473908e+00,-2.015825568446282239e-04,6.597918097009971135e-06
3.895995874016574767e+00,-1.917513280005636817e-04,6.598341783963856207e-06
3.896985710366675626e+00,-1.820272220036984350e-04,6.597749983735898942e-06
3.897975546716776485e+00,-1.723406751180853441e-04,6.598230002567986391e-06
3.898965383066877344e+00,-1.624986277581102936e-04,6.598050247497040655e-06
3.899955219416978203e+00,-1.526057313823462268e-04,6.597836220548078867e-06
3.900945055767079062e+00,-1.428547890448765676e-04,6.598335345490293790e-06
3.901934892117179920e+00,-1.331543575890968079e-04,6.597738756001655034e-06
3.902924728467280779e+00,-1.233694609379915963e-04,6.598157807120592646e-06
3.903914564817381638e+00,-1.134857506011923816e-04,6.598072642286662263e-06
3.904904401167482497e+00,-1.034706303923773609e-04,6.597769696318943415e-06
3.905894237517583356e+00,-9.346128255341616220e-05,6.598331559799215206e-06
3.906884073867684215e+00,-8.355548580759662009e-05,6.597714856019796063e-06
3.907873910217785074e+00,-7.369972253679046273e-05,6.598093395902246212e-06
3.908863746567885933e+00,-6.387116970918679305e-05,6.598114134178979975e-06
3.909853582917986792e+00,-5.397874322206841301e-05,6.597669434619517604e-06
3.910843419268087651e+00,-4.404642575370972419e-05,6.598330715735122667e-06
3.911833255618188510e+00,-3.423592451704680130e-05,6.597715429404085025e-06
3.912823091968289368e+00,-2.449179809836868671e-05,6.597998995453074570e-06
3.913812928318390227e+00,-1.469359947178510182e-05,6.598158186394766833e-06
3.914802764668491086e+00,-4.852432517005058924e-06,6.597598729620382276e-06
3.915792601018591945e+00,4.976587693002570810e-06,6.598306355416630382e-06
3.916782437368692804e+00,1.477889876296656838e-05,6.597730355342522816e-06
3.917772273718793663e+00,2.466311379634210463e-05,6.597906547416620884e-06
3.918762110068894522e+00,3.450581541860256300e-05,6.598184533878048222e-06
3.919751946418995381e+00,4.430206742655455750e-05,6.597562396606246588e-06
3.920741782769096240e+00,5.406990063109146761e-05,6.598230212371227117e-06
3.921731619119197099e+00,6.383868104617099063e-05,6.597778827051143978e-06
3.922721455469297958e+00,7.362913658976798865e-05,6.597811356906384406e-06
3.923711291819398816e+00,8.340965870980908371e-05,6.598185561165558753e-06
3.924701128169499675e+00,9.320891272949669796e-05,6.597544506089287671e-06
3.925690964519600534e+00,1.030806339579835439e-04,6.598166350586713362e-06
3.926680800869701393e+00,1.128889634050615315e-04,6.597809736396769204e-06
3.927670637219802252e+00,1.226528369835496650e-04,6.597724387050106241e-06
3.928660473569903111e+00,1.325023597503526083e-04,6.598187624189166798e-06
3.929650309920003970e+00,1.424528898676768573e-04,6.597538053850696167e-06
3.930640146270104829e+00,1.523561527720211921e-04,6.598062405059308696e-06
3.931629982620205688e+00,1.620966567539410810e-04,6.597876609705723425e-06
3.932619818970306547e+00,1.718571054489239573e-04,6.597630770641091887e-06
3.933609655320407406e+00,1.818144272123698954e-04,6.598175436216956512e-06
3.934599491670508264e+00,1.919521250027802432e-04,6.597547795104723543e-06
3.935589328020609123e+00,2.019439114840477991e-04,6.597969527956819718e-06
3.936579164370709982e+00,2.116670256530181395e-04,6.597905468102819532e-06
3.937569000720810841e+00,2.213126967995089189e-04,6.597592631564215635e-06
3.938558837070911700e+00,2.311273908741895400e-04,6.598118938573767695e-06
3.939548673421012559e+00,2.410195890351140104e-04,6.597569729908311479e-06
3.940538509771113418e+00,2.508278641880200429e-04,6.597899712905344159e-06
3.941528346121214277e+00,2.605798103334244797e-04,6.597905885886911292e-06
3.942518182471315136e+00,2.704200736522896736e-04,6.597551682176960436e-06
3.943508018821415995e+00,2.803126699670193170e-04,6.598079053103558796e-06
3.944497855171516854e+00,2.901793313638906463e-04,6.597586516605621729e-06
3.945487691521617712e+00,2.999489559255898467e-04,6.597819149288849742e-06
3.946477527871718571e+00,3.096592903875103678e-04,6.597922397481821778e-06
3.947467364221819430e+00,3.194678347752127499e-04,6.597516408881730123e-06
3.948457200571920289e+00,3.294469765172915112e-04,6.598019026934241300e-06
3.949447036922021148e+00,3.394071156612463256e-04,6.597623134880846086e-06
3.950436873272122007e+00,3.491739460540237345e-04,6.597717517146121939e-06
3.951426709622222866e+00,3.588483113739143271e-04,6.597953770302090901e-06
3.952416545972323725e+00,3.685772564907587316e-04,6.597473579576793777e-06
3.953406382322424584e+00,3.783546558228119265e-04,6.597950870864828319e-06
3.954396218672525443e+00,3.880996020136099549e-04,6.597682897835975418e-06
3.955386055022626302e+00,3.977634843372945882e-04,6.597607272887052143e-06
3.956375891372727160e+00,4.073635043429823578e-04,6.597966775700581422e-06
3.957365727722828019e+00,4.169419731938499882e-04,6.597475096128883917e-06
3.958355564072928878e+00,4.266550614743427200e-04,6.597859844428493207e-06
3.959345400423029737e+00,4.364267898921138063e-04,6.597735160385152674e-06
3.960335236773130596e+00,4.461093930584219994e-04,6.597514997673422556e-06
3.961325073123231455e+00,4.556728147555000569e-04,6.597976949754824413e-06
3.962314909473332314e+00,4.653082315342329188e-04,6.597455570547240374e-06
3.963304745823433173e+00,4.749628493968688098e-04,6.597781733368066603e-06
3.964294582173534032e+00,4.845604567917167387e-04,6.597795508715215109e-06
3.965284418523634891e+00,4.941329090965354554e-04,6.597417200617934529e-06
3.966274254873735750e+00,5.036628577201339484e-04,6.597981470814321478e-06
3.967264091223836608e+00,5.131971218449918456e-04,6.597453134301104515e-06
3.968253927573937467e+00,5.227916075071799675e-04,6.597691002489256953e-06
3.969243763924038326e+00,5.324691059749898925e-04,6.597842560170450108e-06
3.970233600274139185e+00,5.421422870203577993e-04,6.597361716294372081e-06
3.971223436624240044e+00,5.517669830425573794e-04,6.597922230405651205e-06
3.972213272974340903e+00,5.612392622900092085e-04,6.597510882872184133e-06
3.973203109324441762e+00,5.706624696666193902e-04,6.597586570714134680e-06
3.974192945674542621e+00,5.801738739178446827e-04,6.597857043872554998e-06
3.975182782024643480e+00,5.896546971051612506e-04,6.597345061081862567e-06
3.976172618374744339e+00,5.991081190237471273e-04,6.597857118581007482e-06
3.977162454724845198e+00,6.085259004070197285e-04,6.597555375533242561e-06
3.978152291074946056e+00,6.178546493870942661e-04,6.597499022990410203e-06
3.979142127425046915e+00,6.272092445852485302e-04,6.597876308674726115e-06
3.980131963775147774e+00,6.366393433435111075e-04,6.597318603077665469e-06
3.981121800125248633e+00,6.461697735353377119e-04,6.597803907819670022e-06
3.982111636475349492e+00,6.556983169351339761e-04,6.597576649431127536e-06
3.983101472825450351e+00,6.650775778766148619e-04,6.597438051734612827e-06
3.984091309175551210e+00,6.743932323705698539e-04,6.597870985939851730e-06
3.985081145525652069e+00,6.837886432315422010e-04,6.597302041852798297e-06
3.986070981875752928e+00,6.932503551568846602e-04,6.597751293102831481e-06
3.987060818225853787e+00,7.026811210491463230e-04,6.597612270798952801e-06
3.988050654575954646e+00,7.119890165540127209e-04,6.597355908706487598e-06
3.989040490926055504e+00,7.212957252396307722e-04,6.597884098218656142e-06
3.990030327276156363e+00,7.306565588362499454e-04,6.597300098745249722e-06
3.991020163626257222e+00,7.400878804354672118e-04,6.597670985028036417e-06
3.992009999976358081e+00,7.494905578716712846e-04,6.597648683620828393e-06
3.992999836326458940e+00,7.587513557028237494e-04,6.597303205582635008e-06
3.993989672676559799e+00,7.679765013903254922e-04,6.597854247516594929e-06
3.994979509026660658e+00,7.772724252035822720e-04,6.597312929081126404e-06
3.995969345376761517e+00,7.865170045463523675e-04,6.597607004173642330e-06
3.996959181726862376e+00,7.957265392654251385e-04,6.597675418377320075e-06
3.997949018076963235e+00,8.049420970582781953e-04,6.597257384344242576e-06
3.998938854427064093e+00,8.142217587280346737e-04,6.597828478839051281e-06
3.999928690777164952e+00,8.234235321631853651e-04,6.597330842290201316e-06
4.000918527127265811e+00,8.325101150832055078e-04,6.597531434325526870e-06
4.001908363477366670e+00,8.414572668174275178e-04,6.597714675096038641e-06
4.002898199827467529e+00,8.503353311939064159e-04,6.597208726688742622e-06
4.003888036177568388e+00,8.592826249043261514e-04,6.597785821343122759e-06
4.004877872527669247e+00,8.683064334647787232e-04,6.597395452434702128e-06
4.005867708877770106e+00,8.773484985576962287e-04,6.597408384712373828e-06
4.006857545227870965e+00,8.863221505257245234e-04,6.597763076481473917e-06
4.007847381577971824e+00,8.952648732115464723e-04,6.597190359739571136e-06
4.008837217928072683e+00,9.041251420131952380e-04,6.597713059519800822e-06
4.009827054278173541e+00,9.129529971864541477e-04,6.597459494128415874e-06
4.010816890628274400e+00,9.218819899596505420e-04,6.597323226104812387e-06
4.011806726978375259e+00,9.308758822580233188e-04,6.597770098972428039e-06
4.012796563328476118e+00,9.397875735297908043e-04,6.597203527359668721e-06
4.013786399678576977e+00,9.485917492091130825e-04,6.597618343999540692e-06
4.014776236028677836e+00,9.573949400291150704e-04,6.597530548566672030e-06
4.015766072378778695e+00,9.662201632642716245e-04,6.597249798410948761e-06
4.016755908728879554e+00,9.750016927238982882e-04,6.597757737335093080e-06
4.017745745078980413e+00,9.836673760261439511e-04,6.597231012888423602e-06
4.018735581429081272e+00,9.922836298614885406e-04,6.597543272119147247e-06
4.019725417779182131e+00,1.000931540711793959e-03,6.597571370901716822e-06
4.020715254129282989e+00,1.009579506871124965e-03,6.597194998657354299e-06
4.021705090479383848e+00,1.018263227987830375e-03,6.597753565863177154e-06
4.022694926829484707e+00,1.026883278413864365e-03,6.597249514546805462e-06
4.023684763179585566e+00,1.035420847854571710e-03,6.597455754106501000e-06
4.024674599529686425e+00,1.044060199430774062e-03,6.597633850504419047e-06
4.025664435879787284e+00,1.052791737854641505e-03,6.597139167340115281e-06
4.026654272229888143e+00,1.061400409150529316e-03,6.597723804570253824e-06
4.027644108579989002e+00,1.069851099651561010e-03,6.597299274892095141e-06
4.028633944930089861e+00,1.078246316471023585e-03,6.597369394505366406e-06
4.029623781280190720e+00,1.086742097039830298e-03,6.597682294098696165e-06
4.030613617630291579e+00,1.095257241877980840e-03,6.597099687002459932e-06
4.031603453980392437e+00,1.103688839006957897e-03,6.597695532532960592e-06
4.032593290330493296e+00,1.112026524469594390e-03,6.597324003415026093e-06
4.033583126680594155e+00,1.120415824303463200e-03,6.597316939694540823e-06
4.034572963030695014e+00,1.128879946831524810e-03,6.597699921496664104e-06
4.035562799380795873e+00,1.137313451403337925e-03,6.597072176497133574e-06
4.036552635730896732e+00,1.145583809484106196e-03,6.597678831850870354e-06
4.037542472080997591e+00,1.153698872200216658e-03,6.597348928850988546e-06
4.038532308431098450e+00,1.161761041103729231e-03,6.597244630611255847e-06
4.039522144781199309e+00,1.169931811640895474e-03,6.597740605375813452e-06
4.040511981131300168e+00,1.178189664552284788e-03,6.597057064547661869e-06
4.041501817481401027e+00,1.186291992836883361e-03,6.597623656216733279e-06
4.042491653831501885e+00,1.194157232339995928e-03,6.597415858074902556e-06
4.043481490181602744e+00,1.202025144785859962e-03,6.597160945501747816e-06
4.044471326531703603e+00,1.210123636328716730e-03,6.597766227860391666e-06
4.045461162881804462e+00,1.218363089631000840e-03,6.597061140955496337e-06
4.046450999231905321e+00,1.226437602712019759e-03,6.597553758597191600e-06
4.047440835582006180e+00,1.234248227254736152e-03,6.597493311287009410e-06
4.048430671932107039e+00,1.242049252137758866e-03,6.597089395924098206e-06
4.049420508282207898e+00,1.249944716859010749e-03,6.597767829039570671e-06
4.050410344632308757e+00,1.257915521248393264e-03,6.597105734392247995e-06
4.051400180982409616e+00,1.265791881430310519e-03,6.597469333705273908e-06
4.052390017332510475e+00,1.273467334502676775e-03,6.597541216397778053e-06
4.053379853682611333e+00,1.281078718661586568e-03,6.597065795184330911e-06
4.054369690032712192e+00,1.288783202803518496e-03,6.597739644909005878e-06
4.055359526382813051e+00,1.296589983807639856e-03,6.597144126639020386e-06
4.056349362732913910e+00,1.304310860774876221e-03,6.597398565762527347e-06
4.057339199083014769e+00,1.311869025471680333e-03,6.597596442685799969e-06
4.058329035433115628e+00,1.319307411283864419e-03,6.597026566995921563e-06
4.059318871783216487e+00,1.326725746118255674e-03,6.597721397365832643e-06
4.060308708133317346e+00,1.334297821275536424e-03,6.597194344046319088e-06
4.061298544483418205e+00,1.341876765262568902e-03,6.597334503784790252e-06
4.062288380833519064e+00,1.349309760973116694e-03,6.597625990024795821e-06
4.063278217183619923e+00,1.356689046187080317e-03,6.597027133067185557e-06
4.064268053533720781e+00,1.364132649564348812e-03,6.597663711280686100e-06
4.065257889883821640e+00,1.371519718046628313e-03,6.597261307344230655e-06
4.066247726233922499e+00,1.378749232026319459e-03,6.597285026664555818e-06
4.067237562584023358e+00,1.385883328372247226e-03,6.597614370667375968e-06
4.068227398934124217e+00,1.393070111330525470e-03,6.597080487116477999e-06
4.069217235284225076e+00,1.400349900907400065e-03,6.597589340580798661e-06
4.070207071634325935e+00,1.407746786429626799e-03,6.597321579720505662e-06
4.071196907984426794e+00,1.415070638527261273e-03,6.597237038070354571e-06
4.072186744334527653e+00,1.422207786675935316e-03,6.597632760499572817e-06
4.073176580684628512e+00,1.429252488408982091e-03,6.597097156171965654e-06
4.074166417034729371e+00,1.436424437283970049e-03,6.597536015459275484e-06
4.075156253384830229e+00,1.443671879867288940e-03,6.597387556631152942e-06
4.076146089734931088e+00,1.450867096037471811e-03,6.597178494269650650e-06
4.077135926085031947e+00,1.457942508844321545e-03,6.597651838605504412e-06
4.078125762435132806e+00,1.464934989757875035e-03,6.597118146117374501e-06
4.079115598785233665e+00,1.471930998930371564e-03,6.597478809381460058e-06
4.080105435135334524e+00,1.478899264224537748e-03,6.597461576609600609e-06
4.081095271485435383e+00,1.485794788721393018e-03,6.597114365453870987e-06
4.082085107835536242e+00,1.492606795621186175e-03,6.597672875040548656e-06
4.083074944185637101e+00,1.499314532101669222e-03,6.597161732805206260e-06
4.084064780535737960e+00,1.506002385255250653e-03,6.597391060791270126e-06
4.085054616885838819e+00,1.512751934257772820e-03,6.597544877673131146e-06
4.086044453235939677e+00,1.519504458035014511e-03,6.597083297089562497e-06
4.087034289586040536e+00,1.526086606441808945e-03,6.597648165926416308e-06
4.088024125936141395e+00,1.532693184081819352e-03,6.597224045631171682e-06
4.089013962286242254e+00,1.539383399728262930e-03,6.597329006706695579e-06
4.090003798636343113e+00,1.546027709340206096e-03,6.597594059233336288e-06
4.090993634986443972e+00,1.552568148536532730e-03,6.597074584940559821e-06
4.091983471336544831e+00,1.558968811786019468e-03,6.597625101740279315e-06
4.092973307686645690e+00,1.565347191214260490e-03,6.597292352223439376e-06
4.093963144036746549e+00,1.571743102619543517e-03,6.597260895766079944e-06
4.094952980386847408e+00,1.578067930443998162e-03,6.597641217578931836e-06
4.095942816736948267e+00,1.584328066907561387e-03,6.597074752194973232e-06
4.096932653087049125e+00,1.590617687731421190e-03,6.597579428203639920e-06
4.097922489437149984e+00,1.596902921393313296e-03,6.597383305076396056e-06
4.098912325787250843e+00,1.603163992526854438e-03,6.597183297950412465e-06
4.099902162137351702e+00,1.609358530682698058e-03,6.597679336087145247e-06
4.100891998487452561e+00,1.615451062627409938e-03,6.597121435921661473e-06
4.101881834837553420e+00,1.621449974924221498e-03,6.597498950994380833e-06
4.102871671187654279e+00,1.627426384106996169e-03,6.597469664268292612e-06
4.103861507537755138e+00,1.633446428893529836e-03,6.597141584293972083e-06
4.104851343887855997e+00,1.639465777043726345e-03,6.597690299197598407e-06
4.105841180237956856e+00,1.645352374319441428e-03,6.597158053808823615e-06
4.106831016588057715e+00,1.651151500565740775e-03,6.597456081405085218e-06
4.107820852938158573e+00,1.656978570395104119e-03,6.597521361331679282e-06
4.108810689288259432e+00,1.662938547195716129e-03,6.597127035950831579e-06
4.109800525638360291e+00,1.668919162718822836e-03,6.597686156137713713e-06
4.110790361988461150e+00,1.674784124325546511e-03,6.597204440005408444e-06
4.111780198338562009e+00,1.680527213022972978e-03,6.597422316810653506e-06
4.112770034688662868e+00,1.686227527972945306e-03,6.597565238591907101e-06
4.113759871038763727e+00,1.691949631142187875e-03,6.597115655308468697e-06
4.114749707388864586e+00,1.697634988725502461e-03,6.597700324141331116e-06
4.115739543738965445e+00,1.703204013982768982e-03,6.597230948121773003e-06
4.116729380089066304e+00,1.708771740176198749e-03,6.597388468833664887e-06
4.117719216439167162e+00,1.714320656872183246e-03,6.597618100750602650e-06
4.118709052789268021e+00,1.719736176407836827e-03,6.597117207631319241e-06
4.119698889139368880e+00,1.725153611788914120e-03,6.597668955622345274e-06
4.120688725489469739e+00,1.730632435395099058e-03,6.597317224101994770e-06
4.121678561839570598e+00,1.736069045097149779e-03,6.597327295740979278e-06
4.122668398189671457e+00,1.741317681374401818e-03,6.597665577195949552e-06
4.123658234539772316e+00,1.746457789731875685e-03,6.597136251173848653e-06
4.124648070889873175e+00,1.751620187947684282e-03,6.597635983488049296e-06
4.125637907239974034e+00,1.756897891825233773e-03,6.597389978721007571e-06
4.126627743590074893e+00,1.762257142202070361e-03,6.597283754823730718e-06
4.127617579940175752e+00,1.767480446076837453e-03,6.597695990057503813e-06
4.128607416290276610e+00,1.772482153913665153e-03,6.597163680736154306e-06
4.129597252640377469e+00,1.777403246875206141e-03,6.597606230241233387e-06
4.130587088990478328e+00,1.782397462684597467e-03,6.597465386158143116e-06
4.131576925340579187e+00,1.787361470032237856e-03,6.597240452481756670e-06
4.132566761690680046e+00,1.792228956436491948e-03,6.597737713662483380e-06
4.133556598040780905e+00,1.797143216450293630e-03,6.597209413907679944e-06
4.134546434390881764e+00,1.802073950174183647e-03,6.597533261313709023e-06
4.135536270740982623e+00,1.806945193772733658e-03,6.597572187104390202e-06
4.136526107091083482e+00,1.811739014466050898e-03,6.597203851881839027e-06
4.137515943441184341e+00,1.816451452219192825e-03,6.597737766208378092e-06
4.138505779791285200e+00,1.821086178781174082e-03,6.597294389416070422e-06
4.139495616141386058e+00,1.825745211837423400e-03,6.597455454724595524e-06
4.140485452491486917e+00,1.830385970229977868e-03,6.597658433264102166e-06
4.141475288841587776e+00,1.835012501057306988e-03,6.597195241697900213e-06
4.142465125191688635e+00,1.839546162850760717e-03,6.597718288178925345e-06
4.143454961541789494e+00,1.843907275113186020e-03,6.597390169520733782e-06
4.144444797891890353e+00,1.848209505579034113e-03,6.597390117987026501e-06
4.145434634241991212e+00,1.852560194908794457e-03,6.597718093656900142e-06
4.146424470592092071e+00,1.856848650725664894e-03,6.597220840171013748e-06
4.147414306942192930e+00,1.861088144307163766e-03,6.597686070910570614e-06
4.148404143292293789e+00,1.865259500020665468e-03,6.597462076833083172e-06
4.149393979642394648e+00,1.869365832277638086e-03,6.597356292212032661e-06
4.150383815992495506e+00,1.873485224076053106e-03,6.597772567018956464e-06
4.151373652342596365e+00,1.877696225777274143e-03,6.597230722282591764e-06
4.152363488692697224e+00,1.881947501051456102e-03,6.597672073397273037e-06
4.153353325042798083e+00,1.886101243715854626e-03,6.597547555158601591e-06
4.154343161392898942e+00,1.890114891973134923e-03,6.597304169069168403e-06
4.155332997742999801e+00,1.894125158777899874e-03,6.597829930235774696e-06
4.156322834093100660e+00,1.898164301619656696e-03,6.597258847253082257e-06
4.157312670443201519e+00,1.902208889267063049e-03,6.597642852032056980e-06
4.158302506793302378e+00,1.906031355671888080e-03,6.597629931576897616e-06
4.159292343143403237e+00,1.909752714678117488e-03,6.597271677736481584e-06
4.160282179493504096e+00,1.913553710789044938e-03,6.597858043543320307e-06
4.161272015843604954e+00,1.917456684069431417e-03,6.597311755560859372e-06
4.162261852193705813e+00,1.921348973019772416e-03,6.597614969225298622e-06
4.163251688543806672e+00,1.925103701894269543e-03,6.597692981667034430e-06
4.164241524893907531e+00,1.928692782042567937e-03,6.597268039107114226e-06
4.165231361244008390e+00,1.932237744826266913e-03,6.597879054232718497e-06
4.166221197594109249e+00,1.935864070710524923e-03,6.597358864622992308e-06
4.167211033944210108e+00,1.939478413158856208e-03,6.597569987217906659e-06
4.168200870294310967e+00,1.942962058132979668e-03,6.597792920344605513e-06
4.169190706644411826e+00,1.946309486732969917e-03,6.597227791730099025e-06
4.170180542994512685e+00,1.949641326662809870e-03,6.597915218531633354e-06
4.171170379344613544e+00,1.953011700078950480e-03,6.597419034810195426e-06
4.172160215694714402e+00,1.956401737122533558e-03,6.597519202357872191e-06
4.173150052044815261e+00,1.959741660334980359e-03,6.597883045317524043e-06
4.174139888394916120e+00,1.963008811763631168e-03,6.597216559333432563e-06
4.175129724745016979e+00,1.966221457072818164e-03,6.597919932990797157e-06
4.176119561095117838e+00,1.969421454287100404e-03,6.597504892815449948e-06
4.177109397445218697e+00,1.972552519869804136e-03,6.597460164018095016e-06
4.178099233795319556e+00,1.975529243096322326e-03,6.597958992364809975e-06
4.179089070145420415e+00,1.978404250614765499e-03,6.597242672472874689e-06
4.180078906495521274e+00,1.981305174414607802e-03,6.597885302265802552e-06
4.181068742845622133e+00,1.984214081437099889e-03,6.597595766325526029e-06
4.182058579195722992e+00,1.987032769832166017e-03,6.597445739591942769e-06
4.183048415545823850e+00,1.989734514760134639e-03,6.597976129113955040e-06
4.184038251895924709e+00,1.992392886810972694e-03,6.597306451030284104e-06
4.185028088246025568e+00,1.995063821616596851e-03,6.597851953377660287e-06
4.186017924596126427e+00,1.997811280390956925e-03,6.597678362326324124e-06
4.187007760946227286e+00,2.000424465142045753e-03,6.597425327789480241e-06
4.187997597296328145e+00,2.002777000348044366e-03,6.598006546776624184e-06
4.188987433646429004e+00,2.005127220325098221e-03,6.597366818067221646e-06
4.189977269996529863e+00,2.007724893149716305e-03,6.597813768982836609e-06
4.190967106346630722e+00,2.010441747907557464e-03,6.597760992269402765e-06
4.191956942696731581e+00,2.012911604842311259e-03,6.597415809125292898e-06
4.192946779046832440e+00,2.015138060069684555e-03,6.598013652864318506e-06
4.193936615396933298e+00,2.017309525772147290e-03,6.597464479371585247e-06
4.194926451747034157e+00,2.019517057508359373e-03,6.597744641539215243e-06
4.195916288097135016e+00,2.021787077651094906e-03,6.597855582761228499e-06
4.196906124447235875e+00,2.024006187653716853e-03,6.597426879751353294e-06
4.197895960797336734e+00,2.026127398210690080e-03,6.598002625269615531e-06
4.198885797147437593e+00,2.028198875069986244e-03,6.597543879632984728e-06
4.199875633497538452e+00,2.030328220810814158e-03,6.597710281628622832e-06
4.200865469847639311e+00,2.032387566287428057e-03,6.597928679308333043e-06
4.201855306197740170e+00,2.034299010938689454e-03,6.597432127452083404e-06
4.202845142547841029e+00,2.036132746577214939e-03,6.598020771068322778e-06
4.203834978897941888e+00,2.037980585703423695e-03,6.597611282626063439e-06
4.204824815248042746e+00,2.039882911310602308e-03,6.597682602379334968e-06
4.205814651598143605e+00,2.041706879658558137e-03,6.597997424729324326e-06
4.206804487948244464e+00,2.043360826414317762e-03,6.597446042648137410e-06
4.207794324298345323e+00,2.044957758747130688e-03,6.598022569135233256e-06
4.208784160648446182e+00,2.046563204466036925e-03,6.597687762947722958e-06
4.209773996998547041e+00,2.048074085774709806e-03,6.597642559481191855e-06
4.210763833348647900e+00,2.049561394115614801e-03,6.598071627069314480e-06
4.211753669698748759e+00,2.051044684013318773e-03,6.597470243342963313e-06
4.212743506048849618e+00,2.052443849157222118e-03,6.597987082963982488e-06
4.213733342398950477e+00,2.053797877757956598e-03,6.597811010900281338e-06
4.214723178749051336e+00,2.055113694231229700e-03,6.597593198928802378e-06
4.215713015099152194e+00,2.056501829908704768e-03,6.598115766123712760e-06
4.216702851449253053e+00,2.057939740255951971e-03,6.597544918901218103e-06
4.217692687799353912e+00,2.059237045404873224e-03,6.597931099678183934e-06
4.218682524149454771e+00,2.060418865590126544e-03,6.597917196798236315e-06
4.219672360499555630e+00,2.061552236773319616e-03,6.597567721145726362e-06
4.220662196849656489e+00,2.062654799567375553e-03,6.598148881434772856e-06
4.221652033199757348e+00,2.063659789604778937e-03,6.597615557852942428e-06
4.222641869549858207e+00,2.064549254658187057e-03,6.597884864249820628e-06
4.223631705899959066e+00,2.065376910763938936e-03,6.598015700485821639e-06
4.224621542250059925e+00,2.066163520885988189e-03,6.597548206396916778e-06
4.225611378600160783e+00,2.066965532261371297e-03,6.598186036274605909e-06
4.226601214950261642e+00,2.067803503977130430e-03,6.597683500824560554e-06
4.227591051300362501e+00,2.068512666352775257e-03,6.597837816265491172e-06
4.228580887650463360e+00,2.069124163931243456e-03,6.598115656642235227e-06
4.229570724000564219e+00,2.069624480907780988e-03,6.597547100754137265e-06
4.230560560350665078e+00,2.070095128545391874e-03,6.598176295128864072e-06
4.231550396700765937e+00,2.070615525150382424e-03,6.597778775586326734e-06
4.232540233050866796e+00,2.071118859099613761e-03,6.597804321536870304e-06
4.233530069400967655e+00,2.071453908659901672e-03,6.598171448073749008e-06
4.234519905751068514e+00,2.071675804745042992e-03,6.597591588926521619e-06
4.235509742101169373e+00,2.071940512065363615e-03,6.598159759998233433e-06
4.236499578451270231e+00,2.072271376992955178e-03,6.597857629577100808e-06
4.237489414801371090e+00,2.072589054606135267e-03,6.597788711091186469e-06
4.238479251151471949e+00,2.072848362955041421e-03,6.598212010137092216e-06
4.239469087501572808e+00,2.073047568249389554e-03,6.597641046461417994e-06
4.240458923851673667e+00,2.073129777346028636e-03,6.598145111774246810e-06
4.241448760201774526e+00,2.073124692969503802e-03,6.597926933443631964e-06
4.242438596551875385e+00,2.073123963053935277e-03,6.597791507221575734e-06
4.243428432901976244e+00,2.073125800343050829e-03,6.598249446243124498e-06
4.244418269252077103e+00,2.072998770537216439e-03,6.597676745498812813e-06
4.245408105602177962e+00,2.072801853564233167e-03,6.598140157045926406e-06
4.246397941952278821e+00,2.072563707532674732e-03,6.598011411100673435e-06
4.247387778302379679e+00,2.072356011668907184e-03,6.597769135951473080e-06
4.248377614652480538e+00,2.072169878205109336e-03,6.598287459614998786e-06
4.249367451002581397e+00,2.071939530621819559e-03,6.597748171443512266e-06
4.250357287352682256e+00,2.071583912875703953e-03,6.598086374017978591e-06
4.251347123702783115e+00,2.071078437757435838e-03,6.598116146191443317e-06
4.252336960052883974e+00,2.070571482805522341e-03,6.597752238186504294e-06
4.253326796402984833e+00,2.070192569525196747e-03,6.598311421025756394e-06
4.254316632753085692e+00,2.069814064445094776e-03,6.597822946573584217e-06
4.255306469103186551e+00,2.069305873650108870e-03,6.598049877110556178e-06
4.256296305453287410e+00,2.068738734968540976e-03,6.598185448592513453e-06
4.257286141803388269e+00,2.068084658112331539e-03,6.597778954509937823e-06
4.258275978153489127e+00,2.067273797327996276e-03,6.598306135815343662e-06
4.259265814503589986e+00,2.066416724921607724e-03,6.597904738903016745e-06
4.260255650853690845e+00,2.065520769347196136e-03,6.598013361199655673e-06
4.261245487203791704e+00,2.064610886386100078e-03,6.598263174716634373e-06
4.262235323553892563e+00,2.063716028747023153e-03,6.597792580320161874e-06
4.263225159903993422e+00,2.062786051216583972e-03,6.598284177841982605e-06
4.264214996254094281e+00,2.061746345687690864e-03,6.598028029508497707e-06
4.265204832604195140e+00,2.060552343250038852e-03,6.597947025369832986e-06
4.266194668954295999e+00,2.059259802613947008e-03,6.598343740733257633e-06
4.267184505304396858e+00,2.058039205442346517e-03,6.597835350452664014e-06
4.268174341654497717e+00,2.056877644383316595e-03,6.598242011701671742e-06
4.269164178004598575e+00,2.055592100467199847e-03,6.598138770162288349e-06
4.270154014354699434e+00,2.054091385840656377e-03,6.597907478044092500e-06
4.271143850704800293e+00,2.052570896475399646e-03,6.598388097084721637e-06
4.272133687054901152e+00,2.051111638612720858e-03,6.597901203111572229e-06
4.273123523405002011e+00,2.049659012013715659e-03,6.598192006686682625e-06
4.274113359755102870e+00,2.048027411224766052e-03,6.598238276639155949e-06
4.275103196105203729e+00,2.046285577369287480e-03,6.597907763056078944e-06
4.276093032455304588e+00,2.044549791628070060e-03,6.598389808084835946e-06
4.277082868805405447e+00,2.042887903891126618e-03,6.597981649277549831e-06
4.278072705155506306e+00,2.041203602170478960e-03,6.598162724153515065e-06
4.279062541505607165e+00,2.039389017104140112e-03,6.598310633206634457e-06
4.280052377855708023e+00,2.037547985599350193e-03,6.597902158849923407e-06
4.281042214205808882e+00,2.035704915797935041e-03,6.598415851736876536e-06
4.282032050555909741e+00,2.033911800903012539e-03,6.598043030032012551e-06
4.283021886906010600e+00,2.032083159156730396e-03,6.598122166868424474e-06
4.284011723256111459e+00,2.030011614525680744e-03,6.598398846993996182e-06
4.285001559606212318e+00,2.027809287051369428e-03,6.597895579272679517e-06
4.285991395956313177e+00,2.025576808530144598e-03,6.598434596826073893e-06
4.286981232306414036e+00,2.023371972309897029e-03,6.598118871443569064e-06
4.287971068656514895e+00,2.021151351222444468e-03,6.598076663932436028e-06
4.288960905006615754e+00,2.018829557993425099e-03,6.598477235441300054e-06
4.289950741356716613e+00,2.016397416944890573e-03,6.597920654378736098e-06
4.290940577706817471e+00,2.013987565382046804e-03,6.598411403409198411e-06
4.291930414056918330e+00,2.011713411509259437e-03,6.598212645442261962e-06
4.292920250407019189e+00,2.009373468083319996e-03,6.598037499476658421e-06
4.293910086757120048e+00,2.006767362325533738e-03,6.598546031218544894e-06
4.294899923107220907e+00,2.004097464721432600e-03,6.597920590247201813e-06
4.295889759457321766e+00,2.001551789861744438e-03,6.598425990059201513e-06
4.296879595807422625e+00,1.999047375570936654e-03,6.598279816841863130e-06
4.297869432157523484e+00,1.996455860801355387e-03,6.598006615292373051e-06
4.298859268507624343e+00,1.993656652233392196e-03,6.598610124826942707e-06
4.299849104857725202e+00,1.990777068501902933e-03,6.597946062412122589e-06
4.300838941207826061e+00,1.988006574402908979e-03,6.598402213144856701e-06
4.301828777557926919e+00,1.985388523895739547e-03,6.598364913389483001e-06
4.302818613908027778e+00,1.982688893014797771e-03,6.597979053235429748e-06
4.303808450258128637e+00,1.979758434330120779e-03,6.598646903811864363e-06
4.304798286608229496e+00,1.976672319127133638e-03,6.598003881890608740e-06
4.305788122958330355e+00,1.973592777452171793e-03,6.598353662576505073e-06
4.306777959308431214e+00,1.970548084107640908e-03,6.598465483172962279e-06
4.307767795658532073e+00,1.967471338650965060e-03,6.597966766279409185e-06
4.308757632008632932e+00,1.964278267314202749e-03,6.598636815300357935e-06
4.309747468358733791e+00,1.960912049202568654e-03,6.598109177779958234e-06
4.310737304708834650e+00,1.957481455611422786e-03,6.598291518149144648e-06
4.311727141058935509e+00,1.954198693133399941e-03,6.598531050638531754e-06
4.312716977409036367e+00,1.951022145568945092e-03,6.597997671653459551e-06
4.313706813759137226e+00,1.947689706379171796e-03,6.598608283398275206e-06
4.314696650109238085e+00,1.944063315476403462e-03,6.598200439312697665e-06
4.315686486459338944e+00,1.940348522769279847e-03,6.598244471353751294e-06
4.316676322809439803e+00,1.936849730834356610e-03,6.598596996439062415e-06
4.317666159159540662e+00,1.933406621287392336e-03,6.598018091053166413e-06
4.318655995509641521e+00,1.929864430436725644e-03,6.598596256261518660e-06
4.319645831859742380e+00,1.926188967864901624e-03,6.598275368380109853e-06
4.320635668209843239e+00,1.922453435638795186e-03,6.598201412284185724e-06
4.321625504559944098e+00,1.918658282592715239e-03,6.598661819362167269e-06
4.322615340910044957e+00,1.914830751180839064e-03,6.598038094203029233e-06
4.323605177260145815e+00,1.910879752082938988e-03,6.598563977336432912e-06
4.324595013610246674e+00,1.906826672571073841e-03,6.598365995227971931e-06
4.325584849960347533e+00,1.902881278995329157e-03,6.598173976777424023e-06
4.326574686310448392e+00,1.898990237023686191e-03,6.598678438673949338e-06
4.327564522660549251e+00,1.895072472008183222e-03,6.598098062315227063e-06
4.328554359010650110e+00,1.890984436449903629e-03,6.598529428317224886e-06
4.329544195360750969e+00,1.886755113581286896e-03,6.598436967920185419e-06
4.330534031710851828e+00,1.882581009009602884e-03,6.598163767871037176e-06
4.331523868060952687e+00,1.878522331141673201e-03,6.598697156919662086e-06
4.332513704411053546e+00,1.874414452298244892e-03,6.598146328805169091e-06
4.333503540761154404e+00,1.870168797066966643e-03,6.598485476837448612e-06
4.334493377111255263e+00,1.865855157589767005e-03,6.598517634676903655e-06
4.335483213461356122e+00,1.861549342838348959e-03,6.598143447393555368e-06
4.336473049811456981e+00,1.857257109272737088e-03,6.598719000286771815e-06
4.337462886161557840e+00,1.852891732100561337e-03,6.598200056118988628e-06
4.338452722511658699e+00,1.848482102163856184e-03,6.598438108830450546e-06
4.339442558861759558e+00,1.844001849831984358e-03,6.598610318374737719e-06
4.340432395211860417e+00,1.839485364887171771e-03,6.598104982309173010e-06
4.341422231561961276e+00,1.834949873905486386e-03,6.598728272025777846e-06
4.342412067912062135e+00,1.830410753111503261e-03,6.598288527347021341e-06
4.343401904262162994e+00,1.825837755632431269e-03,6.598347072360943259e-06
4.344391740612263852e+00,1.821213037298674261e-03,6.598710393197433144e-06
4.345381576962364711e+00,1.816557747427750879e-03,6.598097813462913660e-06
4.346371413312465570e+00,1.811898175307721836e-03,6.598700033854670261e-06
4.347361249662566429e+00,1.807127932217328673e-03,6.598387141442072476e-06
4.348351086012667288e+00,1.802273943122291054e-03,6.598275584725875415e-06
4.349340922362768147e+00,1.797310184206364885e-03,6.598781897312374857e-06
4.350330758712869006e+00,1.792209915596760421e-03,6.598106186143491380e-06
4.351320595062969865e+00,1.787133840473350849e-03,6.598680790480712385e-06
4.352310431413070724e+00,1.782068291833106008e-03,6.598442685762472744e-06
4.353300267763171583e+00,1.776919978527061964e-03,6.598258144903082595e-06
4.354290104113272442e+00,1.771790693100311603e-03,6.598806449786720207e-06
4.355279940463373300e+00,1.766655875827656931e-03,6.598139789548443460e-06
4.356269776813474159e+00,1.761467662877670790e-03,6.598636854136175669e-06
4.357259613163575018e+00,1.756245591356668523e-03,6.598535569777533230e-06
4.358249449513675877e+00,1.750998164166135251e-03,6.598206977725000057e-06
4.359239285863776736e+00,1.745674936464579937e-03,6.598831012932077260e-06
4.360229122213877595e+00,1.740309207844150090e-03,6.598198568456088791e-06
4.361218958563978454e+00,1.734968898043496698e-03,6.598577616469052890e-06
4.362208794914079313e+00,1.729572065335975746e-03,6.598609091853909018e-06
4.363198631264180172e+00,1.724023374123469276e-03,6.598195781025136164e-06
4.364188467614281031e+00,1.718447780703467051e-03,6.598818465909706392e-06
4.365178303964381890e+00,1.712965786017270255e-03,6.598254415446961837e-06
4.366168140314482748e+00,1.707482427140931533e-03,6.598529656144688066e-06
4.367157976664583607e+00,1.701908719569606614e-03,6.598663907625945139e-06
4.368147813014684466e+00,1.696272365482242965e-03,6.598196301330537473e-06
4.369137649364785325e+00,1.690539534930667271e-03,6.598803698747110061e-06
4.370127485714886184e+00,1.684702983347622675e-03,6.598308443223648275e-06
4.371117322064987043e+00,1.678862717979312654e-03,6.598501688577888858e-06
4.372107158415087902e+00,1.673023118387826930e-03,6.598692907496839695e-06
4.373096994765188761e+00,1.667166246505452426e-03,6.598198609536122013e-06
4.374086831115289620e+00,1.661209199137933653e-03,6.598799180306384759e-06
4.375076667465390479e+00,1.655186383533520595e-03,6.598357289305815924e-06
4.376066503815491338e+00,1.649244587879238142e-03,6.598448856979618579e-06
4.377056340165592196e+00,1.643384636612278422e-03,6.598756414525238253e-06
4.378046176515693055e+00,1.637442057218971769e-03,6.598191700830543496e-06
4.379036012865793914e+00,1.631385614264907122e-03,6.598771689176575386e-06
4.380025849215894773e+00,1.625212476629571976e-03,6.598432443257696493e-06
4.381015685565995632e+00,1.619021504655503369e-03,6.598389847163764841e-06
4.382005521916096491e+00,1.612977800613199899e-03,6.598794351201864658e-06
4.382995358266197350e+00,1.607042496353392131e-03,6.598224367551460560e-06
4.383985194616298209e+00,1.600979604462813774e-03,6.598700222481989049e-06
4.384975030966399068e+00,1.594713023321511812e-03,6.598518575893528863e-06
4.385964867316499927e+00,1.588335508320034032e-03,6.598348720795744801e-06
4.386954703666600786e+00,1.581947156940851371e-03,6.598796671504944850e-06
4.387944540016701644e+00,1.575605522374516577e-03,6.598271259562224925e-06
4.388934376366802503e+00,1.569232376114601535e-03,6.598641951777273056e-06
4.389924212716903362e+00,1.562845754111154371e-03,6.598594525621331871e-06
4.390914049067004221e+00,1.556427800960978516e-03,6.598299157312777302e-06
4.391903885417105080e+00,1.549987143851247603e-03,6.598809808370854991e-06
4.392893721767205939e+00,1.543439978833764225e-03,6.598322497658369671e-06
4.393883558117306798e+00,1.536904395919017367e-03,6.598562555861599827e-06
4.394873394467407657e+00,1.530391752520222654e-03,6.598676141893505180e-06
4.395863230817508516e+00,1.523779877356343238e-03,6.598268719183885481e-06
4.396853067167609375e+00,1.517100394887976877e-03,6.598781798073569546e-06
4.397842903517710234e+00,1.510419099699433212e-03,6.598397562451450404e-06
4.398832739867811092e+00,1.503797487789538222e-03,6.598484080298179599e-06
4.399822576217911951e+00,1.497089423309388902e-03,6.598735811378688543e-06
4.400812412568012810e+00,1.490214149721546264e-03,6.598268689603191033e-06
4.401802248918113669e+00,1.483258530202552321e-03,6.598730183859477486e-06
4.402792085268214528e+00,1.476421334630382762e-03,6.598485518066047177e-06
4.403781921618315387e+00,1.469623021622834579e-03,6.598409016645683786e-06
4.404771757968416246e+00,1.462680818651002730e-03,6.598759201718820061e-06
4.405761594318517105e+00,1.455545836637264171e-03,6.598296629994601702e-06
4.406751430668617964e+00,1.448410267617791227e-03,6.598675066822096297e-06
4.407741267018718823e+00,1.441458160474948496e-03,6.598542827763758639e-06
4.408731103368819682e+00,1.434542893238102430e-03,6.598363362907529819e-06
4.409720939718920540e+00,1.427481827187816917e-03,6.598785949456450801e-06
4.410710776069021399e+00,1.420266812981220211e-03,6.598297836204494276e-06
4.411700612419122258e+00,1.413036188741137195e-03,6.598634696735427346e-06
4.412690448769223117e+00,1.405845403916329171e-03,6.598602984083078306e-06
4.413680285119323976e+00,1.398641137633265408e-03,6.598297603446165166e-06
4.414670121469424835e+00,1.391315585323159255e-03,6.598829574854476837e-06
4.415659957819525694e+00,1.383844565617794531e-03,6.598287251127001175e-06
4.416649794169626553e+00,1.376357682244414970e-03,6.598589108610059071e-06
4.417639630519727412e+00,1.369111038055099766e-03,6.598668133141383719e-06
4.418629466869828271e+00,1.361940510216768209e-03,6.598246770008617531e-06
4.419619303219929130e+00,1.354590551241071153e-03,6.598827790886782132e-06
4.420609139570029988e+00,1.347128450671871303e-03,6.598327999097187315e-06
4.421598975920130847e+00,1.339693997712432076e-03,6.598529873430478088e-06
4.422588812270231706e+00,1.332352650786607735e-03,6.598707037569543297e-06
4.423578648620332565e+00,1.325029510614444093e-03,6.598219697639709323e-06
4.424568484970433424e+00,1.317577954470670366e-03,6.598818160600521849e-06
4.425558321320534283e+00,1.309975275020257334e-03,6.598355567520444649e-06
4.426548157670635142e+00,1.302300440064642654e-03,6.598471847330496647e-06
4.427537994020736001e+00,1.294737959938661344e-03,6.598752027631942455e-06
4.428527830370836860e+00,1.287197131332970881e-03,6.598193325462857788e-06
4.429517666720937719e+00,1.279515227481593190e-03,6.598781348883991461e-06
4.430507503071038578e+00,1.271779615594836182e-03,6.598418501927780905e-06
4.431497339421139436e+00,1.264093603612206646e-03,6.598392669695372320e-06
4.432487175771240295e+00,1.256397163652397215e-03,6.598800083075421314e-06
4.433477012121341154e+00,1.248569902200985732e-03,6.598177556344201257e-06
4.434466848471442013e+00,1.240631160464720790e-03,6.598730197213705759e-06
4.435456684821542872e+00,1.232660985197785554e-03,6.598489736883664207e-06
4.436446521171643731e+00,1.224726636400297244e-03,6.598299957653739764e-06
4.437436357521744590e+00,1.216784821947667532e-03,6.598824793776802773e-06
4.438426193871845449e+00,1.208780867512118358e-03,6.598206185715036077e-06
4.439416030221946308e+00,1.200780343788432434e-03,6.598636366887164321e-06
4.440405866572047167e+00,1.192758375996113510e-03,6.598569691708821817e-06
4.441395702922148025e+00,1.184747885984616285e-03,6.598244887490940800e-06
4.442385539272248884e+00,1.176781741918237140e-03,6.598814410636379032e-06
4.443375375622349743e+00,1.168704422261284109e-03,6.598234188445440779e-06
4.444365211972450602e+00,1.160451343690511441e-03,6.598573832687654132e-06
4.445355048322551461e+00,1.152184575981002150e-03,6.598602183743480414e-06
4.446344884672652320e+00,1.144062995595100229e-03,6.598222170968075169e-06
4.447334721022753179e+00,1.136035803130027192e-03,6.598788047253602280e-06
4.448324557372854038e+00,1.127933718468801397e-03,6.598254960620224721e-06
4.449314393722954897e+00,1.119559079591966487e-03,6.598521284778652964e-06
4.450304230073055756e+00,1.111045612270744913e-03,6.598634267975297156e-06
4.451294066423156615e+00,1.102575740725939306e-03,6.598190323059858480e-06
4.452283902773257473e+00,1.094163838034243122e-03,6.598750665920945368e-06
4.453273739123358332e+00,1.085783367183722117e-03,6.598313545272538254e-06
4.454263575473459191e+00,1.077372233137946500e-03,6.598424097260643751e-06
4.455253411823560050e+00,1.068878600337340922e-03,6.598672773193467666e-06
4.456243248173660909e+00,1.060345319201205045e-03,6.598180026410263752e-06
4.457233084523761768e+00,1.051829248959352701e-03,6.598687463623317118e-06
4.458222920873862627e+00,1.043347001212473072e-03,6.598374008850405784e-06
4.459212757223963486e+00,1.034816659261687810e-03,6.598340983883716364e-06
4.460202593574064345e+00,1.026234429068553257e-03,6.598706503843410617e-06
4.461192429924165204e+00,1.017632223826895471e-03,6.598153143596752239e-06
4.462182266274266063e+00,1.008994368655573119e-03,6.598640695009594070e-06
4.463172102624366921e+00,1.000452709593461879e-03,6.598429257088177761e-06
4.464161938974467780e+00,9.918290094789133753e-04,6.598258417890439395e-06
4.465151775324568639e+00,9.830801894835498357e-04,6.598736886166478608e-06
4.466141611674669498e+00,9.743103407747683627e-04,6.598131292734832413e-06
4.467131448024770357e+00,9.656136945133254705e-04,6.598594915244762978e-06
4.468121284374871216e+00,9.569527730706082428e-04,6.598471460921562351e-06
4.469111120724972075e+00,9.481793344048788453e-04,6.598171514129212753e-06
4.470100957075072934e+00,9.393097643702389126e-04,6.598769884098618197e-06
4.471090793425173793e+00,9.304488147241885649e-04,6.598126069993095306e-06
4.472080629775274652e+00,9.217078960817362814e-04,6.598508493824549950e-06
4.473070466125375511e+00,9.129829246333526389e-04,6.598554250068103647e-06
4.474060302475476369e+00,9.042299619479634426e-04,6.598081978419396546e-06
4.475050138825577228e+00,8.953660669952726980e-04,6.598765218259990905e-06
4.476039975175678087e+00,8.864309644286757096e-04,6.598152229277369434e-06
4.477029811525778946e+00,8.775345960541439940e-04,6.598413247595113162e-06
4.478019647875879805e+00,8.686064928421798927e-04,6.598603808977189793e-06
4.479009484225980664e+00,8.595753349792034561e-04,6.598045477291221662e-06
4.479999320576081523e+00,8.505110489703665826e-04,6.598709882891824136e-06
4.480989156926182382e+00,8.414737891100848100e-04,6.598199029401014581e-06
4.481978993276283241e+00,8.324811356070709696e-04,6.598336598800267395e-06
4.482968829626384100e+00,8.235220596853626979e-04,6.598623661699424733e-06
4.483958665976484959e+00,8.145576727716657842e-04,6.598017088275495265e-06
4.484948502326585817e+00,8.055173361064334354e-04,6.598668294647226767e-06
4.485938338676686676e+00,7.963802911510708786e-04,6.598239387949822548e-06
4.486928175026787535e+00,7.872843673955159938e-04,6.598239166381543212e-06
4.487918011376888394e+00,7.782464315637379953e-04,6.598662083180538952e-06
4.488907847726989253e+00,7.690821242874214259e-04,6.597987407253312754e-06
4.489897684077090112e+00,7.597697277596160079e-04,6.598609217471450594e-06
4.490887520427190971e+00,7.504665171927752407e-04,6.598284953643785639e-06
4.491877356777291830e+00,7.411772707048816695e-04,6.598168481749178729e-06
4.492867193127392689e+00,7.318212664042211780e-04,6.598659526487071853e-06
4.493857029477493548e+00,7.224721115599136954e-04,6.597983225087555047e-06
4.494846865827594407e+00,7.131921945988192344e-04,6.598546300404165412e-06
4.495836702177695265e+00,7.039124157055564636e-04,6.598317135126899091e-06
4.496826538527796124e+00,6.945403234745852264e-04,6.598108436158461320e-06
4.497816374877896983e+00,6.850310642487275484e-04,6.598636575405489947e-06
4.498806211227997842e+00,6.755484505219571875e-04,6.597996749212341988e-06
4.499796047578098701e+00,6.661881841321563120e-04,6.598472656687382832e-06
4.500785883928199560e+00,6.568040695909124413e-04,6.598332187774362573e-06
4.501775720278300419e+00,6.473305894915370702e-04,6.598069908380996358e-06
4.502765556628401278e+00,6.378070840607544516e-04,6.598618358444996080e-06
4.503755392978502137e+00,6.283752276106365289e-04,6.597997085595063186e-06
4.504745229328602996e+00,6.190869314351134202e-04,6.598404254112883000e-06
4.505735065678703855e+00,6.098141353587505477e-04,6.598373115695732740e-06
4.506724902028804713e+00,6.003657799895925021e-04,6.597996734942620177e-06
4.507714738378905572e+00,5.907669508748110204e-04,6.598599769484689328e-06
4.508704574729006431e+00,5.811893197992969292e-04,6.598015567744592369e-06
4.509694411079107290e+00,5.717702824623914579e-04,6.598307063022961259e-06
4.510684247429208149e+00,5.624328256199166969e-04,6.598425555558502034e-06
4.511674083779309008e+00,5.529899015831576730e-04,6.597941167252230223e-06
4.512663920129409867e+00,5.434074919398702245e-04,6.598540102563086755e-06
4.513653756479510726e+00,5.337994190651096024e-04,6.598078228814084838e-06
4.514643592829611585e+00,5.241904315270091205e-04,6.598199009255260891e-06
4.515633429179712444e+00,5.144841037099804389e-04,6.598443331809248459e-06
4.516623265529813303e+00,5.047676265709184545e-04,6.597929119780718984e-06
4.517613101879914161e+00,4.951482843278730370e-04,6.598466526878229517e-06
4.518602938230015020e+00,4.855457012581152029e-04,6.598117487836749962e-06
4.519592774580115879e+00,4.759858001232960189e-04,6.598110689583787500e-06
4.520582610930216738e+00,4.663352799858028934e-04,6.598453969953223568e-06
4.521572447280317597e+00,4.566135592077830803e-04,6.597916594911782497e-06
4.522562283630418456e+00,4.469150372706913476e-04,6.598380351542094083e-06
4.523552119980519315e+00,4.372890484367684787e-04,6.598180908031495628e-06
4.524541956330620174e+00,4.276744191607621554e-04,6.598015395091412876e-06
4.525531792680721033e+00,4.179919030393512399e-04,6.598443919659587917e-06
4.526521629030821892e+00,4.082614496288381085e-04,6.597933315043799871e-06
4.527511465380922751e+00,3.984694228518613642e-04,6.598274881384404556e-06
4.528501301731023609e+00,3.886829605558390823e-04,6.598246951742670386e-06
4.529491138081124468e+00,3.790030264607101317e-04,6.597922993896456308e-06
4.530480974431225327e+00,3.692675605486050918e-04,6.598432707658908159e-06
4.531470810781326186e+00,3.593884140624311338e-04,6.597950544752740749e-06
4.532460647131427045e+00,3.494905246437725343e-04,6.598172201562164807e-06
4.533450483481527904e+00,3.396612347537821680e-04,6.598284333069119393e-06
4.534440319831628763e+00,3.298705338520718810e-04,6.597884567757736610e-06
4.535430156181729622e+00,3.200399258773484125e-04,6.598376393456314887e-06
4.536419992531830481e+00,3.101648567280145203e-04,6.597979111221197052e-06
4.537409828881931340e+00,3.003028844338289749e-04,6.598089049818517545e-06
4.538399665232032199e+00,2.905034018879111405e-04,6.598302550594072628e-06
4.539389501582133057e+00,2.807501075467791203e-04,6.597827556922922198e-06
4.540379337932233916e+00,2.709486938866786064e-04,6.598351541835675591e-06
4.541369174282334775e+00,2.609620501021256813e-04,6.597972356107505703e-06
4.542359010632435634e+00,2.508889185363646999e-04,6.598029753110026204e-06
4.543348846982536493e+00,2.409594741118852848e-04,6.598315890661554583e-06
4.544338683332637352e+00,2.311363379210036020e-04,6.597774155089043613e-06
4.545328519682738211e+00,2.212444633228598668e-04,6.598313870116701359e-06
4.546318356032839070e+00,2.112556698201037972e-04,6.598001386123154275e-06
4.547308192382939929e+00,2.013393970309782486e-04,6.597932008423583422e-06
4.548298028733040788e+00,1.915463568143486420e-04,6.598327540008833232e-06
4.549287865083141646e+00,1.817701812619747660e-04,6.597763537221708266e-06
4.550277701433242505e+00,1.719159288770211137e-04,6.598222568175395440e-06
4.551267537783343364e+00,1.620015787384450757e-04,6.598048339412839082e-06
4.552257374133444223e+00,1.520469030106421466e-04,6.597848653631319861e-06
4.553247210483545082e+00,1.421695233816245934e-04,6.598324684246435095e-06
4.554237046833645941e+00,1.323465403144612055e-04,6.597754209224583987e-06
4.555226883183746800e+00,1.224038613319399491e-04,6.598143125156824796e-06
4.556216719533847659e+00,1.123430928240461298e-04,6.598096414358189372e-06
4.557206555883948518e+00,1.023396928726148027e-04,6.597751973802137573e-06
4.558196392234049377e+00,9.251389374560684659e-05,6.598323870466668967e-06
4.559186228584150236e+00,8.279417482589335262e-05,6.597747638277220083e-06
4.560176064934251094e+00,7.300791251958223651e-05,6.598065333062583783e-06
4.561165901284351953e+00,6.306507035767950113e-05,6.598123924411379707e-06
4.562155737634452812e+00,5.309651870423364627e-05,6.597687538229943885e-06
4.563145573984553671e+00,4.325400966808422081e-05,6.598295847923438568e-06
4.564135410334654530e+00,3.349286458686767263e-05,6.597763786583979549e-06
4.565125246684755389e+00,2.372290357668219670e-05,6.597961738770368088e-06
4.566115083034856248e+00,1.381887664924113191e-05,6.598165800494155018e-06
4.567104919384957107e+00,3.867647411121614627e-06,6.597643260205424929e-06
4.568094755735057966e+00,-5.935439676884432303e-06,6.598221197677730874e-06
4.569084592085158825e+00,-1.556619096345452855e-05,6.597818629445994490e-06
4.570074428435259684e+00,-2.522252915750915840e-05,6.597859842911563924e-06
4.571064264785360542e+00,-3.512709789371330191e-05,6.598165289352008648e-06
4.572054101135461401e+00,-4.521818972459374866e-05,6.597637852274334311e-06
4.573043937485562260e+00,-5.517505651856707469e-05,6.598132712950475635e-06
4.574033773835663119e+00,-6.491872570740457430e-05,6.597859776869792467e-06
4.575023610185763978e+00,-7.464368547034622549e-05,6.597799178372741873e-06
4.576013446535864837e+00,-8.453441807154185030e-05,6.598133018605546083e-06
4.577003282885965696e+00,-9.451844756777286064e-05,6.597646319530160611e-06
4.577993119236066555e+00,-1.044926377440589393e-04,6.598051983888783597e-06
4.578982955586167414e+00,-1.144473435208104544e-04,6.597896766220206849e-06
4.579972791936268273e+00,-1.244345314685799825e-04,6.597707284778130322e-06
4.580962628286369132e+00,-1.344272715330287605e-04,6.598139364169640844e-06
4.581952464636469990e+00,-1.443454603253733202e-04,6.597637357763676472e-06
4.582942300986570849e+00,-1.541282497659676861e-04,6.597953202526248486e-06
4.583932137336671708e+00,-1.639274539679269616e-04,6.597958909771723349e-06
4.584921973686772567e+00,-1.738471318151057099e-04,6.597612783848917218e-06
4.585911810036873426e+00,-1.836768757906336123e-04,6.598132726666390365e-06
4.586901646386974285e+00,-1.934538529538690264e-04,6.597636754504785335e-06
4.587891482737075144e+00,-2.032778372121239263e-04,6.597876167330649068e-06
4.588881319087176003e+00,-2.130276285591289995e-04,6.597983724076654802e-06
4.589871155437276862e+00,-2.227875803999135210e-04,6.597547033157327666e-06
4.590860991787377721e+00,-2.325860723836337401e-04,6.598105258395219429e-06
4.591850828137478580e+00,-2.424282076691170818e-04,6.597653634710703525e-06
4.592840664487579438e+00,-2.522292867505837003e-04,6.597780760367441457e-06
4.593830500837680297e+00,-2.619891938303141733e-04,6.598016597530891599e-06
4.594820337187781156e+00,-2.717368494813232984e-04,6.597492215103349209e-06
4.595810173537882015e+00,-2.815049347831475018e-04,6.598071078570281760e-06
4.596800009887982874e+00,-2.913217896513750345e-04,6.597663935337345793e-06
4.597789846238083733e+00,-3.011453070174692861e-04,6.597697477807822533e-06
4.598779682588184592e+00,-3.108874153262719976e-04,6.598052347555647282e-06
4.599769518938285451e+00,-3.205469477691767289e-04,6.597435672755563922e-06
4.600759355288386310e+00,-3.302335271547252342e-04,6.598015421060883150e-06
4.601749191638487169e+00,-3.399534368178983566e-04,6.597719517863435657e-06
4.602739027988588028e+00,-3.495810612116335937e-04,6.597571295104831235e-06
4.603728864338688886e+00,-3.591570278862136600e-04,6.598090985731275092e-06
4.604718700688789745e+00,-3.687953554310673316e-04,6.597406955133484411e-06
4.605708537038890604e+00,-3.785176160541730422e-04,6.597932067390468988e-06
4.606698373388991463e+00,-3.882651154531655251e-04,6.597789483136601670e-06
4.607688209739092322e+00,-3.979656076936705740e-04,6.597470929335930558e-06
4.608678046089193181e+00,-4.076261521324203393e-04,6.598079640585527860e-06
4.609667882439294040e+00,-4.172533581669892562e-04,6.597418786888071583e-06
4.610657718789394899e+00,-4.268214683386269657e-04,6.597841730856369931e-06
4.611647555139495758e+00,-4.364206429453847840e-04,6.597818981840831705e-06
4.612637391489596617e+00,-4.460242079207543415e-04,6.597409319986826588e-06
4.613627227839697476e+00,-4.555378703270349951e-04,6.598066489087271787e-06
4.614617064189798334e+00,-4.650312094458229086e-04,6.597411313371467562e-06
4.615606900539899193e+00,-4.746068173499468144e-04,6.597773476526327309e-06
4.616596736890000052e+00,-4.842158219615385717e-04,6.597845977765020657e-06
4.617586573240100911e+00,-4.937663604791496519e-04,6.597356029210584446e-06
4.618576409590201770e+00,-5.033522954411479879e-04,6.598030813805563954e-06
4.619566245940302629e+00,-5.129735317751713247e-04,6.597440304341520527e-06
4.620556082290403488e+00,-5.226357069213325877e-04,6.597681095710556548e-06
4.621545918640504347e+00,-5.322108191993262958e-04,6.597870834382973924e-06
4.622535754990605206e+00,-5.416500102398276147e-04,6.597312446868058811e-06
4.623525591340706065e+00,-5.510888327861405370e-04,6.597991583872494587e-06
4.624515427690806924e+00,-5.605653723697739694e-04,6.597462737812496635e-06
4.625505264040907782e+00,-5.700426742191664871e-04,6.597603016860935384e-06
4.626495100391008641e+00,-5.794978355642743445e-04,6.597881354130431095e-06
4.627484936741109500e+00,-5.889614319927579051e-04,6.597296356839070246e-06
4.628474773091210359e+00,-5.984192058713363538e-04,6.597920033710608236e-06
4.629464609441311218e+00,-6.078370399346000753e-04,6.597495805602170829e-06
4.630454445791412077e+00,-6.172589405568665267e-04,6.597538531770479010e-06
4.631444282141512936e+00,-6.266328285141474930e-04,6.597877391541253851e-06
4.632434118491613795e+00,-6.359988575907811904e-04,6.597275476066544502e-06
4.633423954841714654e+00,-6.453064397643272802e-04,6.597867448729400022e-06
4.634413791191815513e+00,-6.545834075131960706e-04,6.597527184625573086e-06
4.635403627541916372e+00,-6.639354898753855282e-04,6.597451998038493076e-06
4.636393463892017230e+00,-6.733517508572127615e-04,6.597899610132392978e-06
4.637383300242118089e+00,-6.827889804579420846e-04,6.597250735384291268e-06
4.638373136592218948e+00,-6.921275327567809202e-04,6.597806539602656176e-06
4.639362972942319807e+00,-7.012885773577610992e-04,6.597579821007272321e-06
4.640352809292420666e+00,-7.103780871203905535e-04,6.597359664278711892e-06
4.641342645642521525e+00,-7.196062907723971757e-04,6.597896008864286894e-06
4.642332481992622384e+00,-7.289416664141761069e-04,6.597281343524669261e-06
4.643322318342723243e+00,-7.383042074077994423e-04,6.597688852125361047e-06
4.644312154692824102e+00,-7.475347716918042101e-04,6.597645224723964871e-06
4.645301991042924961e+00,-7.565416884817562039e-04,6.597307671186680882e-06
4.646291827393025820e+00,-7.654806787125111294e-04,6.597847736786327058e-06
4.647281663743126678e+00,-7.745350842086384585e-04,6.597331824465035231e-06
4.648271500093227537e+00,-7.836747256138098605e-04,6.597583963772138827e-06
4.649261336443328396e+00,-7.926535794571773789e-04,6.597700612507474857e-06
4.650251172793429255e+00,-8.014937758728092696e-04,6.597247562053059489e-06
4.651241009143530114e+00,-8.103522485334500826e-04,6.597815271882658922e-06
4.652230845493630973e+00,-8.192889000010152760e-04,6.597372727584004224e-06
4.653220681843731832e+00,-8.283329249459653971e-04,6.597479034141011408e-06
4.654210518193832691e+00,-8.373076397219101274e-04,6.597741639142855826e-06
4.655200354543933550e+00,-8.460920168564696735e-04,6.597212494141380730e-06
4.656190190894034409e+00,-8.549396127904619093e-04,6.597769862823393006e-06
4.657180027244135267e+00,-8.639751683982450090e-04,6.597414728275889423e-06
4.658169863594236126e+00,-8.730268194252698791e-04,6.597396164172646269e-06
4.659159699944336985e+00,-8.818918072501927882e-04,6.597769285675259780e-06
4.660149536294437844e+00,-8.906456852406285842e-04,6.597197379581698224e-06
4.661139372644538703e+00,-8.995454361021717029e-04,6.597695509898845178e-06
4.662129208994639562e+00,-9.085295235075574417e-04,6.597477520416002150e-06
4.663119045344740421e+00,-9.174649927703512750e-04,6.597321486911369905e-06
4.664108881694841280e+00,-9.262648386617737019e-04,6.597760935245118653e-06
4.665098718044942139e+00,-9.349493841417178073e-04,6.597212576422632177e-06
4.666088554395042998e+00,-9.436102199669361588e-04,6.597627502805177843e-06
4.667078390745143857e+00,-9.523589498922298063e-04,6.597510049444414755e-06
4.668068227095244715e+00,-9.611633004495628114e-04,6.597272118181605770e-06
4.669058063445345574e+00,-9.698789844401052530e-04,6.597751987859743699e-06
4.670047899795446433e+00,-9.785086266259586992e-04,6.597216585231152370e-06
4.671037736145547292e+00,-9.871795903077594091e-04,6.597578693314553995e-06
4.672027572495648151e+00,-9.959956122940025625e-04,6.597537683850317259e-06
4.673017408845749010e+00,-1.004785310803770534e-03,6.597210241591579145e-06
4.674007245195849869e+00,-1.013350625574262632e-03,6.597758134915999774e-06
4.674997081545950728e+00,-1.021822171264360904e-03,6.597225789889393461e-06
4.675986917896051587e+00,-1.030338927859788352e-03,6.597490141555741348e-06
4.676976754246152446e+00,-1.038924388971985361e-03,6.597615657633074637e-06
4.677966590596253305e+00,-1.047478729462811243e-03,6.597136330219478287e-06
4.678956426946354163e+00,-1.055910438080463580e-03,6.597747658659101995e-06
4.679946263296455022e+00,-1.064262666064438043e-03,6.597260040712926689e-06
4.680936099646555881e+00,-1.072692744497551155e-03,6.597410874184545597e-06
4.681925935996656740e+00,-1.081189270319368213e-03,6.597653372362648902e-06
4.682915772346757599e+00,-1.089699707414149791e-03,6.597103127058676434e-06
4.683905608696858458e+00,-1.098168559113760342e-03,6.597719474868581120e-06
4.684895445046959317e+00,-1.106524342847293313e-03,6.597293838407550977e-06
4.685885281397060176e+00,-1.114816486898666812e-03,6.597338344647288703e-06
4.686875117747161035e+00,-1.123107366252518906e-03,6.597680756103159744e-06
4.687864954097261894e+00,-1.131361438029514352e-03,6.597098254599801532e-06
4.688854790447362753e+00,-1.139537804679078723e-03,6.597667313855438761e-06
4.689844626797463611e+00,-1.147696805393953268e-03,6.597338713002866846e-06
4.690834463147564470e+00,-1.155854719268591081e-03,6.597285238259392353e-06
4.691824299497665329e+00,-1.164038197045401749e-03,6.597682753615836962e-06
4.692814135847766188e+00,-1.172203571445678888e-03,6.597111267281067781e-06
4.693803972197867047e+00,-1.180362304890233624e-03,6.597590422382141808e-06
4.694793808547967906e+00,-1.188425526344362090e-03,6.597417578302142324e-06
4.695783644898068765e+00,-1.196441875718996795e-03,6.597209972939463177e-06
4.696773481248169624e+00,-1.204446889905590266e-03,6.597676439945222841e-06
4.697763317598270483e+00,-1.212438554619935408e-03,6.597164089671236961e-06
4.698753153948371342e+00,-1.220442993873274663e-03,6.597485416558587285e-06
4.699742990298472201e+00,-1.228446642856563997e-03,6.597491910651175661e-06
4.700732826648573059e+00,-1.236417272875422633e-03,6.597162879469317070e-06
4.701722662998673918e+00,-1.244456681220790185e-03,6.597647390409030843e-06
4.702712499348774777e+00,-1.252431585231181255e-03,6.597224378262077330e-06
4.703702335698875636e+00,-1.260236918342295953e-03,6.597405552207853791e-06
4.704692172048976495e+00,-1.267894054354947505e-03,6.597522892363873041e-06
4.705682008399077354e+00,-1.275631402535754673e-03,6.597149816410464739e-06
4.706671844749178213e+00,-1.283602925448170578e-03,6.597620616777098921e-06
4.707661681099279072e+00,-1.291628163487038537e-03,6.597254787908182716e-06
4.708651517449379931e+00,-1.299351252018486180e-03,6.597352264089235118e-06
4.709641353799480790e+00,-1.306854738678188150e-03,6.597571592502709416e-06
4.710631190149581649e+00,-1.314435053563644271e-03,6.597112642867652932e-06
4.711621026499682507e+00,-1.322097263947535212e-03,6.597603989023097015e-06
4.712610862849783366e+00,-1.329812858667201022e-03,6.597299120234804004e-06
4.713600699199884225e+00,-1.337401503460057279e-03,6.597280338366925316e-06
4.714590535549985084e+00,-1.344830250000130173e-03,6.597606435303623930e-06
4.715580371900085943e+00,-1.352258300655580356e-03,6.597112016849797959e-06
4.716570208250186802e+00,-1.359839754069041640e-03,6.597554797983702962e-06
4.717560044600287661e+00,-1.367487818380363606e-03,6.597362020388977447e-06
4.718549880950388520e+00,-1.374968879203357103e-03,6.597207834310341394e-06
4.719539717300489379e+00,-1.382354355927100644e-03,6.597647769367861441e-06
4.720529553650590238e+00,-1.389810728144622726e-03,6.597117107518276826e-06
4.721519390000691097e+00,-1.397317392492385081e-03,6.597495991202767305e-06
4.722509226350791955e+00,-1.404744316053909694e-03,6.597432280876734927e-06
4.723499062700892814e+00,-1.412075213522128413e-03,6.597148202592512311e-06
4.724488899050993673e+00,-1.419338018855363258e-03,6.597657682009725601e-06
4.725478735401094532e+00,-1.426593003675230131e-03,6.597139420431108608e-06
4.726468571751195391e+00,-1.433845875925594208e-03,6.597438057814041882e-06
4.727458408101296250e+00,-1.441080502401672963e-03,6.597511396102179473e-06
4.728448244451397109e+00,-1.448169217889969541e-03,6.597072647082209946e-06
4.729438080801497968e+00,-1.455118400806296826e-03,6.597693664418200757e-06
4.730427917151598827e+00,-1.462040355429990732e-03,6.597165712758485231e-06
4.731417753501699686e+00,-1.468973359894878376e-03,6.597363321067071424e-06
4.732407589851800545e+00,-1.475916307645662277e-03,6.597597740121168915e-06
4.733397426201901403e+00,-1.482788357486434627e-03,6.597015411033470300e-06
4.734387262552002262e+00,-1.489651898930988063e-03,6.597696969788354603e-06
4.735377098902103121e+00,-1.496551537807562201e-03,6.597223932174430460e-06
4.736366935252203980e+00,-1.503421038663381318e-03,6.597277340214257716e-06
4.737356771602304839e+00,-1.510219487916173321e-03,6.597654483757541068e-06
4.738346607952405698e+00,-1.516958933138545492e-03,6.597018701550951390e-06
4.739336444302506557e+00,-1.523636814612335790e-03,6.597645808994432233e-06
4.740326280652607416e+00,-1.530283431501196657e-03,6.597291884629147402e-06
4.741316117002708275e+00,-1.536901535104434526e-03,6.597234180828446527e-06
4.742305953352809134e+00,-1.543473149760329639e-03,6.597673253451553918e-06
4.743295789702909993e+00,-1.550021531796397451e-03,6.597032874471944877e-06
4.744285626053010851e+00,-1.556558596860563998e-03,6.597611175634540898e-06
4.745275462403111710e+00,-1.563062446726408081e-03,6.597348316877123645e-06
4.746265298753212569e+00,-1.569599375372752710e-03,6.597184101490904666e-06
4.747255135103313428e+00,-1.576153755609859463e-03,6.597705483976817919e-06
4.748244971453414287e+00,-1.582654772605083604e-03,6.597050722308336597e-06
4.749234807803515146e+00,-1.589122029876544918e-03,6.597568120459800532e-06
4.750224644153616005e+00,-1.595548782350962895e-03,6.597408709712642563e-06
4.751214480503716864e+00,-1.601812078645849366e-03,6.597146230378013969e-06
4.752204316853817723e+00,-1.608007646368672617e-03,6.597729569421777896e-06
4.753194153203918582e+00,-1.614233487760560748e-03,6.597073284329199335e-06
4.754183989554019441e+00,-1.620497344883077648e-03,6.597525334639563806e-06
4.755173825904120299e+00,-1.626747218768962800e-03,6.597469322917188700e-06
4.756163662254221158e+00,-1.632912121586913966e-03,6.597120196009773813e-06
4.757153498604322017e+00,-1.638963712792083178e-03,6.597718372117048623e-06
4.758143334954422876e+00,-1.645091011116094374e-03,6.597133259668167922e-06
4.759133171304523735e+00,-1.651289500436570233e-03,6.597472609982627672e-06
4.760123007654624594e+00,-1.657366216517649907e-03,6.597523167842230919e-06
4.761112844004725453e+00,-1.663211993482541836e-03,6.597107563788975958e-06
4.762102680354826312e+00,-1.669018270880832065e-03,6.597716204509252588e-06
4.763092516704927171e+00,-1.675011642705093043e-03,6.597182272946163100e-06
4.764082353055028030e+00,-1.681043503773149402e-03,6.597417769466303614e-06
4.765072189405128888e+00,-1.686997475653813838e-03,6.597588949836845456e-06
4.766062025755229747e+00,-1.692775159146654501e-03,6.597081522963078584e-06
4.767051862105330606e+00,-1.698441320955855829e-03,6.597720452202180438e-06
4.768041698455431465e+00,-1.704069349201641024e-03,6.597241891493913954e-06
4.769031534805532324e+00,-1.709686937760239878e-03,6.597343931490430104e-06
4.770021371155633183e+00,-1.715320952422531462e-03,6.597668814795632563e-06
4.771011207505734042e+00,-1.720983323360929110e-03,6.597082305884066485e-06
4.772001043855834901e+00,-1.726556843576445210e-03,6.597665943582688547e-06
4.772990880205935760e+00,-1.732067117938083456e-03,6.597364488732074130e-06
4.773980716556036619e+00,-1.737434475441804139e-03,6.597257085205361864e-06
4.774970552906137478e+00,-1.742743833611640810e-03,6.597723004635752827e-06
4.775960389256238336e+00,-1.748071851478658545e-03,6.597109568723458350e-06
4.776950225606339195e+00,-1.753411594408882650e-03,6.597618155285677159e-06
4.777940061956440054e+00,-1.758636942101764709e-03,6.597444526065303363e-06
4.778929898306540913e+00,-1.763837764886419480e-03,6.597215412911707006e-06
4.779919734656641772e+00,-1.769058301144208747e-03,6.597754363161726019e-06
4.780909571006742631e+00,-1.774215263798939500e-03,6.597152542172499239e-06
4.781899407356843490e+00,-1.779297963000684617e-03,6.597564910731329228e-06
4.782889243706944349e+00,-1.784392216217057158e-03,6.597524110433235693e-06
4.783879080057045208e+00,-1.789587939820102636e-03,6.597191583229109476e-06
4.784868916407146067e+00,-1.794656268523157861e-03,6.597762328694002358e-06
4.785858752757246926e+00,-1.799537488678527256e-03,6.597204554299674668e-06
4.786848589107347784e+00,-1.804391226889349347e-03,6.597514800718936416e-06
4.787838425457448643e+00,-1.809282720371489404e-03,6.597599717089515160e-06
4.788828261807549502e+00,-1.814172066315732816e-03,6.597169031273907709e-06
4.789818098157650361e+00,-1.818960010567654932e-03,6.597758274247579901e-06
4.790807934507751220e+00,-1.823623165053131229e-03,6.597294456572591448e-06
4.791797770857852079e+00,-1.828223194023039086e-03,6.597440549735758395e-06
4.792787607207952938e+00,-1.832830622762822784e-03,6.597683383629606285e-06
4.793777443558053797e+00,-1.837406925586266898e-03,6.597161172401504090e-06
4.794767279908154656e+00,-1.841917563362322928e-03,6.597752556451996279e-06
4.795757116258255515e+00,-1.846284657582142070e-03,6.597357587535605321e-06
4.796746952608356374e+00,-1.850628437515839308e-03,6.597401464862123632e-06
4.797736788958457232e+00,-1.855089643492215329e-03,6.597734660125975295e-06
4.798726625308558091e+00,-1.859661016076453186e-03,6.597173972794177398e-06
4.799716461658658950e+00,-1.864144108766242411e-03,6.597753072546446983e-06
4.800706298008759809e+00,-1.868454310031595744e-03,6.597405748735317588e-06
4.801696134358860668e+00,-1.872691023155746747e-03,6.597371601714974091e-06
4.802685970708961527e+00,-1.877005787399298273e-03,6.597803638078829572e-06
4.803675807059062386e+00,-1.881355521482347241e-03,6.597159381241733098e-06
4.804665643409163245e+00,-1.885533663116084396e-03,6.597762817481150999e-06
4.805655479759264104e+00,-1.889532997698761688e-03,6.597476388388736712e-06
4.806645316109364963e+00,-1.893525086282877396e-03,6.597323550711854547e-06
4.807635152459465822e+00,-1.897562609480135404e-03,6.597855134009501227e-06
4.808624988809566680e+00,-1.901598775512823884e-03,6.597193574354080845e-06
4.809614825159667539e+00,-1.905555859211359579e-03,6.597720955591638377e-06
4.810604661509768398e+00,-1.909407856975859534e-03,6.597559603004509015e-06
4.811594497859869257e+00,-1.913236899966727026e-03,6.597307811338981725e-06
4.812584334209970116e+00,-1.917125083980845274e-03,6.597870157643114026e-06
4.813574170560070975e+00,-1.920986437010459898e-03,6.597261592670978777e-06
4.814564006910171834e+00,-1.924641657600127068e-03,6.597664180617875418e-06
4.815553843260272693e+00,-1.928135180132455051e-03,6.597651930081131636e-06
4.816543679610373552e+00,-1.931569050461890476e-03,6.597296802582186465e-06
4.817533515960474411e+00,-1.935012645438781691e-03,6.597865575160864396e-06
4.818523352310575270e+00,-1.938529725942727405e-03,6.597345531869915139e-06
4.819513188660676128e+00,-1.942019200536250706e-03,6.597611243753534451e-06
4.820503025010776987e+00,-1.945283036964252097e-03,6.597726540558332443e-06
4.821492861360877846e+00,-1.948526026417606071e-03,6.597296907830998857e-06
4.822482697710978705e+00,-1.951868204485588017e-03,6.597867325872606483e-06
4.823472534061079564e+00,-1.955179509839147928e-03,6.597433819167059143e-06
4.824462370411180423e+00,-1.958388021806383664e-03,6.597547830555637530e-06
4.825452206761281282e+00,-1.961415791062095376e-03,6.597806734663656067e-06
4.826442043111382141e+00,-1.964353737458138238e-03,6.597311009472754440e-06
4.827431879461483000e+00,-1.967418840255892934e-03,6.597838183070517906e-06
4.828421715811583859e+00,-1.970605066325960188e-03,6.597532664497361494e-06
4.829411552161684718e+00,-1.973754703634670801e-03,6.597497019494428619e-06
4.830401388511785576e+00,-1.976610017756847814e-03,6.597862843847575013e-06
4.831391224861886435e+00,-1.979311475669960543e-03,6.597359071895228283e-06
4.832381061211987294e+00,-1.982033109050786862e-03,6.597800409903374046e-06
4.833370897562088153e+00,-1.984854365526015144e-03,6.597608088072253454e-06
4.834360733912189012e+00,-1.987663392084351721e-03,6.597501455379111434e-06
4.835350570262289871e+00,-1.990421876194684546e-03,6.597869486099603055e-06
4.836340406612390730e+00,-1.993145504392423214e-03,6.597420298775785910e-06
4.837330242962491589e+00,-1.995726728602899985e-03,6.597777243690323694e-06
4.838320079312592448e+00,-1.998251493427438599e-03,6.597680638661380074e-06
4.839309915662693307e+00,-2.000787786039126114e-03,6.597482266458227654e-06
4.840299752012794166e+00,-2.003332041186392434e-03,6.597906295457004383e-06
4.841289588362895024e+00,-2.005760510210336314e-03,6.597475522670540797e-06
4.842279424712995883e+00,-2.008154372751163111e-03,6.597728296443523920e-06
4.843269261063096742e+00,-2.010564324512693901e-03,6.597791700759038639e-06
4.844259097413197601e+00,-2.012954400970483337e-03,6.597450648084792717e-06
4.845248933763298460e+00,-2.015235601535781025e-03,6.597939493630784562e-06
4.846238770113399319e+00,-2.017497461030834209e-03,6.597539420938463585e-06
4.847228606463500178e+00,-2.019787437966694046e-03,6.597679039039394910e-06
4.848218442813601037e+00,-2.022061519311477845e-03,6.597894301190383724e-06
4.849208279163701896e+00,-2.024199132711199632e-03,6.597427673574719947e-06
4.850198115513802755e+00,-2.026250138395597339e-03,6.597955938412196107e-06
4.851187951863903614e+00,-2.028217708862067262e-03,6.597621170662245592e-06
4.852177788214004472e+00,-2.030183174023849658e-03,6.597631141964631972e-06
4.853167624564105331e+00,-2.032144782728107207e-03,6.597968440199757526e-06
4.854157460914206190e+00,-2.033998500771782084e-03,6.597445471961855908e-06
4.855147297264307049e+00,-2.035786666831467581e-03,6.597951547167402375e-06
4.856137133614407908e+00,-2.037512634124540208e-03,6.597708567209786139e-06
4.857126969964508767e+00,-2.039187830273524443e-03,6.597578241732931997e-06
4.858116806314609626e+00,-2.040835886052731144e-03,6.598057966594063775e-06
4.859106642664710485e+00,-2.042400510096782727e-03,6.597447322348121290e-06
4.860096479014811344e+00,-2.043893630477417855e-03,6.597950862361767799e-06
4.861086315364912203e+00,-2.045395805380999504e-03,6.597793217730110237e-06
4.862076151715013062e+00,-2.046952402299735511e-03,6.597545096439024845e-06
4.863065988065113920e+00,-2.048514277283591031e-03,6.598119195233633547e-06
4.864055824415214779e+00,-2.050006298482096728e-03,6.597497038759639044e-06
4.865045660765315638e+00,-2.051401946953993090e-03,6.597901411379177796e-06
4.866035497115416497e+00,-2.052748855789836638e-03,6.597909931289802681e-06
4.867025333465517356e+00,-2.054054806996182155e-03,6.597517623291853692e-06
4.868015169815618215e+00,-2.055276209664469358e-03,6.598133052773736245e-06
4.869005006165719074e+00,-2.056388699430347980e-03,6.597586308553784252e-06
4.869994842515819933e+00,-2.057471384357145890e-03,6.597853717224087331e-06
4.870984678865920792e+00,-2.058453068880830746e-03,6.597985754370498107e-06
4.871974515216021651e+00,-2.059390905072907597e-03,6.597526383710855916e-06
4.872964351566122509e+00,-2.060292691596093788e-03,6.598149139515494973e-06
4.873954187916223368e+00,-2.061156496474867914e-03,6.597644207000629456e-06
4.874944024266324227e+00,-2.062039914938634724e-03,6.597838413209563646e-06
4.875933860616425086e+00,-2.062938137531944872e-03,6.598056368012785641e-06
4.876923696966525945e+00,-2.063737112781065253e-03,6.597538005301813560e-06
4.877913533316626804e+00,-2.064446256174303721e-03,6.598155942410463955e-06
4.878903369666727663e+00,-2.065093214808065049e-03,6.597711545560668269e-06
4.879893206016828522e+00,-2.065650049709923282e-03,6.597820135023762287e-06
4.880883042366929381e+00,-2.066174097913835508e-03,6.598114463337437634e-06
4.881872878717030240e+00,-2.066703793660961633e-03,6.597561063469559540e-06
4.882862715067131099e+00,-2.067161585490895001e-03,6.598152834579232889e-06
4.883852551417231957e+00,-2.067562531091934972e-03,6.597804643965157376e-06
4.884842387767332816e+00,-2.068084309053060902e-03,6.597778381120687789e-06
4.885832224117433675e+00,-2.068613424397038741e-03,6.598180524762673404e-06
4.886822060467534534e+00,-2.068949816393921264e-03,6.597605645251479199e-06
4.887811896817635393e+00,-2.069202916007327735e-03,6.598125943559418003e-06
4.888801733167736252e+00,-2.069487130505458065e-03,6.597898469511635242e-06
4.889791569517837111e+00,-2.069745040437537438e-03,6.597748629481369312e-06
4.890781405867937970e+00,-2.069954779371114238e-03,6.598232248023117090e-06
4.891771242218038829e+00,-2.070063422602805205e-03,6.597645934148396065e-06
4.892761078568139688e+00,-2.070191362567330197e-03,6.598105436215962281e-06
4.893750914918240547e+00,-2.070355036020104719e-03,6.597988251035587267e-06
4.894740751268341405e+00,-2.070447627188145168e-03,6.597728136478562552e-06
4.895730587618442264e+00,-2.070346594755461712e-03,6.598284563131932167e-06
4.896720423968543123e+00,-2.070009875440907959e-03,6.597688447963125243e-06
4.897710260318643982e+00,-2.069699843733994495e-03,6.598069801767605418e-06
4.898700096668744841e+00,-2.069635116715898022e-03,6.598101976488706621e-06
4.899689933018845700e+00,-2.069605682378966669e-03,6.597683238122098875e-06
4.900679769368946559e+00,-2.069348523872989194e-03,6.598326673500498725e-06
4.901669605719047418e+00,-2.068802489443275633e-03,6.597774333745961297e-06
4.902659442069148277e+00,-2.068271142417029123e-03,6.598005023230350065e-06
4.903649278419249136e+00,-2.067838969330249108e-03,6.598201653507452943e-06
4.904639114769349995e+00,-2.067453083032863050e-03,6.597699485608262078e-06
4.905628951119450853e+00,-2.066917400572774316e-03,6.598304363689356753e-06
4.906618787469551712e+00,-2.066250876486164841e-03,6.597885256842497779e-06
4.907608623819652571e+00,-2.065482274542694129e-03,6.597952721470706474e-06
4.908598460169753430e+00,-2.064759335469718189e-03,6.598283586688887197e-06
4.909588296519854289e+00,-2.064132348462531606e-03,6.597720475206300172e-06
4.910578132869955148e+00,-2.063424882252517904e-03,6.598282255030053260e-06
4.911567969220056007e+00,-2.062569328568104789e-03,6.597991150582161992e-06
4.912557805570156866e+00,-2.061617599447995979e-03,6.597906379948118202e-06
4.913547641920257725e+00,-2.060675296499901114e-03,6.598350518543688082e-06
4.914537478270358584e+00,-2.059742641605598334e-03,6.597749791205170271e-06
4.915527314620459443e+00,-2.058742507204408805e-03,6.598273758680753487e-06
4.916517150970560301e+00,-2.057576392166314810e-03,6.598078245806553400e-06
4.917506987320661160e+00,-2.056367765908989360e-03,6.597867035709525543e-06
4.918496823670762019e+00,-2.055201690064262232e-03,6.598420114925617399e-06
4.919486660020862878e+00,-2.054057813329593103e-03,6.597787123465147872e-06
4.920476496370963737e+00,-2.052853166350235119e-03,6.598243392640950312e-06
4.921466332721064596e+00,-2.051527974140459742e-03,6.598175710630620234e-06
4.922456169071165455e+00,-2.050099023890336429e-03,6.597835436409508209e-06
4.923446005421266314e+00,-2.048662789741904390e-03,6.598472027405298356e-06
4.924435841771367173e+00,-2.047322930947250569e-03,6.597827616883339295e-06
4.925425678121468032e+00,-2.045992377742656115e-03,6.598230146482132501e-06
4.926415514471568891e+00,-2.044578934325646819e-03,6.598246414139027549e-06
4.927405350821669749e+00,-2.043083663645705456e-03,6.597845752323503600e-06
4.928395187171770608e+00,-2.041592598791603600e-03,6.598486757832327333e-06
4.929385023521871467e+00,-2.040161044196199189e-03,6.597875862697307878e-06
4.930374859871972326e+00,-2.038656310724844527e-03,6.598227291543440871e-06
4.931364696222073185e+00,-2.036963622956863319e-03,6.598301310653859339e-06
4.932354532572174044e+00,-2.035117302917056805e-03,6.597848713271057061e-06
4.933344368922274903e+00,-2.033297765718488932e-03,6.598516371200603448e-06
4.934334205272375762e+00,-2.031532354326636130e-03,6.597942048777763470e-06
4.935324041622476621e+00,-2.029657025551473946e-03,6.598177659127996153e-06
4.936313877972577480e+00,-2.027615104864106954e-03,6.598402500646577062e-06
4.937303714322678339e+00,-2.025485037120260037e-03,6.597843561724178129e-06
4.938293550672779197e+00,-2.023478334164813871e-03,6.598506284879397167e-06
4.939283387022880056e+00,-2.021588436843598565e-03,6.598047493553590654e-06
4.940273223372980915e+00,-2.019593357136637620e-03,6.598117282075847769e-06
4.941263059723081774e+00,-2.017486892320774321e-03,6.598482973435032284e-06
4.942252896073182633e+00,-2.015279038446027640e-03,6.597857465735632170e-06
4.943242732423283492e+00,-2.012996101191177369e-03,6.598486672481038003e-06
4.944232568773384351e+00,-2.010748603910170705e-03,6.598147461215659340e-06
4.945222405123485210e+00,-2.008491319568642217e-03,6.598075316547179275e-06
4.946212241473586069e+00,-2.006048276301305045e-03,6.598533964214721555e-06
4.947202077823686928e+00,-2.003550099742810574e-03,6.597911636105842097e-06
4.948191914173787787e+00,-2.001109868665312472e-03,6.598453461072844903e-06
4.949181750523888645e+00,-1.998739335113319717e-03,6.598229205455888960e-06
4.950171586873989504e+00,-1.996321879235794534e-03,6.598061766209766005e-06
4.951161423224090363e+00,-1.993749573305601732e-03,6.598563168794952311e-06
4.952151259574191222e+00,-1.991021472077522409e-03,6.597969284419692269e-06
4.953141095924292081e+00,-1.988224703608380134e-03,6.598407498411099069e-06
4.954130932274392940e+00,-1.985532061228196914e-03,6.598323779159336179e-06
4.955120768624493799e+00,-1.982831584175533905e-03,6.598045454852933490e-06
4.956110604974594658e+00,-1.979948003411446944e-03,6.598580713016167784e-06
4.957100441324695517e+00,-1.976958240779795421e-03,6.598041178501601323e-06
4.958090277674796376e+00,-1.974067522455339330e-03,6.598362305336788091e-06
4.959080114024897235e+00,-1.971204352516769953e-03,6.598404643894906626e-06
4.960069950374998093e+00,-1.968068024437924241e-03,6.598061030028766794e-06
4.961059786725098952e+00,-1.964663963445334536e-03,6.598544432378972534e-06
4.962049623075199811e+00,-1.961391633506949419e-03,6.598154504111105225e-06
4.963039459425300670e+00,-1.958357606443393746e-03,6.598300202414556230e-06
4.964029295775401529e+00,-1.955336571162587071e-03,6.598467116424135812e-06
4.965019132125502388e+00,-1.952061417674465270e-03,6.598087131771837166e-06
4.966008968475603247e+00,-1.948571543356054881e-03,6.598535542079792177e-06
4.966998804825704106e+00,-1.945111996296738270e-03,6.598222067226491838e-06
4.967988641175804965e+00,-1.941765433174716393e-03,6.598266389834883894e-06
4.968978477525905824e+00,-1.938453685911633619e-03,6.598540107784630676e-06
4.969968313876006683e+00,-1.935040577063004870e-03,6.598081876164676216e-06
4.970958150226107541e+00,-1.931440454723630257e-03,6.598535508349770465e-06
4.971947986576208400e+00,-1.927811808332953718e-03,6.598308073708226223e-06
4.972937822926309259e+00,-1.924228342910746722e-03,6.598212498130686182e-06
4.973927659276410118e+00,-1.920709723281566412e-03,6.598612753862525827e-06
4.974917495626510977e+00,-1.917125409364141102e-03,6.598088585682473900e-06
4.975907331976611836e+00,-1.913441298543742562e-03,6.598523220530706338e-06
4.976897168326712695e+00,-1.909631185220245784e-03,6.598393678856541257e-06
4.977887004676813554e+00,-1.905851108756747604e-03,6.598167916697589091e-06
4.978876841026914413e+00,-1.902036261205158809e-03,6.598662737566188861e-06
4.979866677377015272e+00,-1.898124066742739105e-03,6.598136024325872002e-06
4.980856513727116130e+00,-1.894166636422743360e-03,6.598468151473837636e-06
4.981846350077216989e+00,-1.890187732063626069e-03,6.598488440821308563e-06
4.982836186427317848e+00,-1.886142383072699803e-03,6.598136654990514995e-06
4.983826022777418707e+00,-1.882093436046141516e-03,6.598685412809515366e-06
4.984815859127519566e+00,-1.878028592030456896e-03,6.598191264164706679e-06
4.985805695477620425e+00,-1.873874955549351216e-03,6.598418679533501902e-06
4.986795531827721284e+00,-1.869632755649920869e-03,6.598576420146314176e-06
4.987785368177822143e+00,-1.865332488077786014e-03,6.598113881484295577e-06
4.988775204527923002e+00,-1.861009125719089927e-03,6.598701181948875924e-06
4.989765040878023861e+00,-1.856748773222566999e-03,6.598251285187423188e-06
4.990754877228124720e+00,-1.852476008001819078e-03,6.598372059539340369e-06
4.991744713578225578e+00,-1.848083940669595750e-03,6.598658865966162408e-06
4.992734549928326437e+00,-1.843627580702627286e-03,6.598094486894317812e-06
4.993724386278427296e+00,-1.839144281614938205e-03,6.598693418499123985e-06
4.994714222628528155e+00,-1.834599776008059369e-03,6.598340865821927212e-06
4.995704058978629014e+00,-1.829968979279797403e-03,6.598305520235777242e-06
4.996693895328729873e+00,-1.825232283105646981e-03,6.598721022945819275e-06
4.997683731678830732e+00,-1.820435384104736754e-03,6.598132450989497281e-06
4.998673568028931591e+00,-1.815568753542545462e-03,6.598645631539116834e-06
4.999663404379032450e+00,-1.810668641398411683e-03,6.598420657459432446e-06
5.000653240729133309e+00,-1.805741412716560176e-03,6.598282261647249133e-06
5.001643077079234168e+00,-1.800785594647031978e-03,6.598735324370902014e-06
5.002632913429335026e+00,-1.795840101572171617e-03,6.598169388391113346e-06
5.003622749779435885e+00,-1.790905983694757349e-03,6.598619005096206882e-06
5.004612586129536744e+00,-1.786023205430574976e-03,6.598483852417552395e-06
5.005602422479637603e+00,-1.781072477904008548e-03,6.598260197897432603e-06
5.006592258829738462e+00,-1.776011743373197282e-03,6.598751783859062867e-06
5.007582095179839321e+00,-1.770918232523828332e-03,6.598212320993322736e-06
5.008571931529940180e+00,-1.765724169508513111e-03,6.598584502515621694e-06
5.009561767880041039e+00,-1.760455055789967877e-03,6.598548506584711075e-06
5.010551604230141898e+00,-1.755244084934264905e-03,6.598232901228749306e-06
5.011541440580242757e+00,-1.750049982886125403e-03,6.598777282367162312e-06
5.012531276930343616e+00,-1.744749382248638857e-03,6.598250557910633371e-06
5.013521113280444474e+00,-1.739392096758245925e-03,6.598531678333815200e-06
5.014510949630545333e+00,-1.734085286616524144e-03,6.598626989621495374e-06
5.015500785980646192e+00,-1.728758704026576998e-03,6.598212189411427461e-06
5.016490622330747051e+00,-1.723309670825665108e-03,6.598774617649608169e-06
5.017480458680847910e+00,-1.717692953785261104e-03,6.598315150073534427e-06
5.018470295030948769e+00,-1.712093442071770501e-03,6.598472942979167449e-06
5.019460131381049628e+00,-1.706501067252058114e-03,6.598697215459017937e-06
5.020449967731150487e+00,-1.700937688624058839e-03,6.598202899946074204e-06
5.021439804081251346e+00,-1.695396979236276106e-03,6.598759017910369965e-06
5.022429640431352205e+00,-1.689726147513863222e-03,6.598378324761800194e-06
5.023419476781453064e+00,-1.683902354187777122e-03,6.598428569537005319e-06
5.024409313131553922e+00,-1.677966754645431567e-03,6.598738238642452501e-06
5.025399149481654781e+00,-1.672069454802763361e-03,6.598205257898187492e-06
5.026388985831755640e+00,-1.666287334149120936e-03,6.598731226070356683e-06
5.027378822181856499e+00,-1.660506818362157948e-03,6.598460420592445768e-06
5.028368658531957358e+00,-1.654645951990093688e-03,6.598349808403105778e-06
5.029358494882058217e+00,-1.648671534972574694e-03,6.598809414159633402e-06
5.030348331232159076e+00,-1.642647864083163428e-03,6.598220230128392089e-06
5.031338167582259935e+00,-1.636636718530300703e-03,6.598659433575383277e-06
5.032328003932360794e+00,-1.630606830855181686e-03,6.598576934765137771e-06
5.033317840282461653e+00,-1.624504351306875439e-03,6.598274022928420103e-06
5.034307676632562512e+00,-1.618355229220441813e-03,6.598829896689971290e-06
5.035297512982663370e+00,-1.612180154097796973e-03,6.598277535864507587e-06
5.036287349332764229e+00,-1.605932507132010667e-03,6.598580977565498407e-06
5.037277185682865088e+00,-1.599622406118774223e-03,6.598672130681786498e-06
5.038267022032965947e+00,-1.593281404295572058e-03,6.598216955005273182e-06
5.039256858383066806e+00,-1.586921637738644697e-03,6.598850482845427172e-06
5.040246694733167665e+00,-1.580581895477359972e-03,6.598314667948068676e-06
5.041236531083268524e+00,-1.574178121324293356e-03,6.598530996711298253e-06
5.042226367433369383e+00,-1.567586845620906350e-03,6.598723225841514418e-06
5.043216203783470242e+00,-1.560897131862292028e-03,6.598205161946130055e-06
5.044206040133571101e+00,-1.554256576938390245e-03,6.598840987293690841e-06
5.045195876483671960e+00,-1.547677776261331814e-03,6.598351345022933638e-06
5.046185712833772818e+00,-1.541030032950491168e-03,6.598483147172419879e-06
5.047175549183873677e+00,-1.534278470825484750e-03,6.598777107426112947e-06
5.048165385533974536e+00,-1.527433563335761418e-03,6.598184676991488158e-06
5.049155221884075395e+00,-1.520636597095499686e-03,6.598827136091923830e-06
5.050145058234176254e+00,-1.513910382834777156e-03,6.598402996047657111e-06
5.051134894584277113e+00,-1.507103737205958260e-03,6.598428339802296686e-06
5.052124730934377972e+00,-1.500097429441615447e-03,6.598822430578113200e-06
5.053114567284478831e+00,-1.493103185558075380e-03,6.598177676278466853e-06
5.054104403634579690e+00,-1.486208858155414715e-03,6.598789738612517555e-06
5.055094239984680549e+00,-1.479339205015694179e-03,6.598468181303381047e-06
5.056084076334781408e+00,-1.472469179702518395e-03,6.598373106931078800e-06
5.057073912684882266e+00,-1.465471938830592135e-03,6.598840893148269131e-06
5.058063749034983125e+00,-1.458298554025694044e-03,6.598197076576327753e-06
5.059053585385083984e+00,-1.451171151778107892e-03,6.598750484015591110e-06
5.060043421735184843e+00,-1.444119271297417259e-03,6.598519143527204420e-06
5.061033258085285702e+00,-1.437020303992874934e-03,6.598326505574400046e-06
5.062023094435386561e+00,-1.429731797369834280e-03,6.598879614589629371e-06
5.063012930785487420e+00,-1.422327066461084822e-03,6.598187794195282781e-06
5.064002767135588279e+00,-1.414996213927198401e-03,6.598706930756169572e-06
5.064992603485689138e+00,-1.407758159660492782e-03,6.598596928577634641e-06
5.065982439835789997e+00,-1.400500218747680395e-03,6.598242381198022846e-06
5.066972276185890856e+00,-1.393200377650815822e-03,6.598915540611603190e-06
5.067962112535991714e+00,-1.385870978741562173e-03,6.598208976437883150e-06
5.068951948886092573e+00,-1.378584460238616938e-03,6.598645634873798303e-06
5.069941785236193432e+00,-1.371338050628440617e-03,6.598656680938911890e-06
5.070931621586294291e+00,-1.364042490061058996e-03,6.598203144550225998e-06
5.071921457936395150e+00,-1.356543948254553423e-03,6.598899580135838886e-06
5.072911294286496009e+00,-1.348900682418449105e-03,6.598260800004818871e-06
5.073901130636596868e+00,-1.341314141649392003e-03,6.598569921333433954e-06
5.074890966986697727e+00,-1.333774601017328381e-03,6.598700886093194018e-06
5.075880803336798586e+00,-1.326191278191884678e-03,6.598206925711300381e-06
5.076870639686899445e+00,-1.318538980474729359e-03,6.598831727231244052e-06
5.077860476037000304e+00,-1.310845427702569043e-03,6.598338318873421705e-06
5.078850312387101162e+00,-1.303111171788030225e-03,6.598493989624135928e-06
5.079840148737202021e+00,-1.295378735941321146e-03,6.598735782256097465e-06
5.080829985087302880e+00,-1.287610599950221894e-03,6.598208055317834594e-06
5.081819821437403739e+00,-1.279747834757464890e-03,6.598776998599413904e-06
5.082809657787504598e+00,-1.271742472787704571e-03,6.598405400808041803e-06
5.083799494137605457e+00,-1.263756847517530759e-03,6.598422517849411891e-06
5.084789330487706316e+00,-1.255971518363662798e-03,6.598759229750049844e-06
5.085779166837807175e+00,-1.248218783872275623e-03,6.598212594601166746e-06
5.086769003187908034e+00,-1.240250283284590697e-03,6.598713869457893562e-06
5.087758839538008893e+00,-1.232081668327653524e-03,6.598480497203273818e-06
5.088748675888109751e+00,-1.223882880970376648e-03,6.598342999103042209e-06
5.089738512238210610e+00,-1.215875118155861773e-03,6.598773041694641735e-06
5.090728348588311469e+00,-1.207941570210418298e-03,6.598245186293107282e-06
5.091718184938412328e+00,-1.199937689858271948e-03,6.598628306375040563e-06
5.092708021288513187e+00,-1.191846482859339196e-03,6.598546023482395629e-06
5.093697857638614046e+00,-1.183705861279537230e-03,6.598297357118613880e-06
5.094687693988714905e+00,-1.175573786289131964e-03,6.598762171859460962e-06
5.095677530338815764e+00,-1.167424814240327312e-03,6.598253669560984377e-06
5.096667366688916623e+00,-1.159247109230073956e-03,6.598585249080304632e-06
5.097657203039017482e+00,-1.151047371404178990e-03,6.598574105507431393e-06
5.098647039389118341e+00,-1.142812495665442279e-03,6.598249664690392354e-06
5.099636875739219199e+00,-1.134524980423134858e-03,6.598764460065449040e-06
5.100626712089320058e+00,-1.126191166052623385e-03,6.598280260288008107e-06
5.101616548439420917e+00,-1.117837584985487999e-03,6.598507832488422961e-06
5.102606384789521776e+00,-1.109475488496751471e-03,6.598631584187161276e-06
5.103596221139622635e+00,-1.101188266792292592e-03,6.598195812214135267e-06
5.104586057489723494e+00,-1.092864612677265073e-03,6.598751510816624361e-06
5.105575893839824353e+00,-1.084410282785035250e-03,6.598315558907937899e-06
5.106565730189925212e+00,-1.075888395194630597e-03,6.598418019728721544e-06
5.107555566540026071e+00,-1.067407658745635549e-03,6.598693417662340136e-06
5.108545402890126930e+00,-1.058934163864221545e-03,6.598154453709440537e-06
5.109535239240227789e+00,-1.050474779438468221e-03,6.598701365164251338e-06
5.110525075590328647e+00,-1.041969920066647881e-03,6.598383926960812907e-06
5.111514911940429506e+00,-1.033394005006081683e-03,6.598324414802213725e-06
5.112504748290530365e+00,-1.024894528156856943e-03,6.598730118718770361e-06
5.113494584640631224e+00,-1.016430065373619303e-03,6.598139905720530059e-06
5.114484420990732083e+00,-1.007851046698346074e-03,6.598640260140368344e-06
5.115474257340832942e+00,-9.991837691041820929e-04,6.598438515518780003e-06
5.116464093690933801e+00,-9.905633195686157876e-04,6.598249242076646632e-06
5.117453930041034660e+00,-9.819587006383977829e-04,6.598738885095174685e-06
5.118443766391135519e+00,-9.733171241818463571e-04,6.598139753980851532e-06
5.119433602741236378e+00,-9.646931362536125334e-04,6.598581796329717157e-06
5.120423439091337237e+00,-9.560227449204426612e-04,6.598482184522937996e-06
5.121413275441438095e+00,-9.472971246185471917e-04,6.598179869268343765e-06
5.122403111791538954e+00,-9.385643765360712244e-04,6.598743953533624522e-06
5.123392948141639813e+00,-9.297551209313068433e-04,6.598154960518655934e-06
5.124382784491740672e+00,-9.208720191119634108e-04,6.598494577099089865e-06
5.125372620841841531e+00,-9.119819584306606500e-04,6.598540062725849920e-06
5.126362457191942390e+00,-9.030822486179592660e-04,6.598135458776038102e-06
5.127352293542043249e+00,-8.941257101150115608e-04,6.598689780295009517e-06
5.128342129892144108e+00,-8.850837786631046396e-04,6.598212288769409461e-06
5.129331966242244967e+00,-8.760276171767730465e-04,6.598406224716341617e-06
5.130321802592345826e+00,-8.671140867561369890e-04,6.598560935589817924e-06
5.131311638942446685e+00,-8.581929739166833286e-04,6.598116518611059282e-06
5.132301475292547543e+00,-8.492613365975165956e-04,6.598650165592273799e-06
5.133291311642648402e+00,-8.403522130022591076e-04,6.598240228166284018e-06
5.134281147992749261e+00,-8.313807410859761675e-04,6.598334110677026934e-06
5.135270984342850120e+00,-8.223078577014211570e-04,6.598579717687965906e-06
5.136260820692950979e+00,-8.131803022566885808e-04,6.598087103543719657e-06
5.137250657043051838e+00,-8.040683158656768354e-04,6.598613711315792616e-06
5.138240493393152697e+00,-7.949037526864870468e-04,6.598249631515786239e-06
5.139230329743253556e+00,-7.856041258900397888e-04,6.598285931036147868e-06
5.140220166093354415e+00,-7.763456639818741567e-04,6.598580156691322279e-06
5.141210002443455274e+00,-7.672443720929542554e-04,6.598072456687798816e-06
5.142199838793556133e+00,-7.581705221319150288e-04,6.598546565053539943e-06
5.143189675143656991e+00,-7.489319016442436312e-04,6.598307820643693359e-06
5.144179511493757850e+00,-7.396158798253404032e-04,6.598195144040412739e-06
5.145169347843858709e+00,-7.303215785210661519e-04,6.598594144185180625e-06
5.146159184193959568e+00,-7.211303666575967020e-04,6.598068510050898100e-06
5.147149020544060427e+00,-7.119166150921159590e-04,6.598466870602137835e-06
5.148138856894161286e+00,-7.026195621883291227e-04,6.598365202953623556e-06
5.149128693244262145e+00,-6.934076700926128508e-04,6.598116195430280845e-06
5.150118529594363004e+00,-6.842596470387234857e-04,6.598578930744694671e-06
5.151108365944463863e+00,-6.750869951158424646e-04,6.598097325810729029e-06
5.152098202294564722e+00,-6.657565342965803814e-04,6.598371146514727892e-06
5.153088038644665581e+00,-6.563475210192071035e-04,6.598411980480301614e-06
5.154077874994766439e+00,-6.469978218468543096e-04,6.598054763883839809e-06
5.155067711344867298e+00,-6.377698355474290415e-04,6.598557462921499722e-06
5.156057547694968157e+00,-6.286133714974628719e-04,6.598115455046255022e-06
5.157047384045069016e+00,-6.194003933048930878e-04,6.598267483280344074e-06
5.158037220395169875e+00,-6.100221498433582024e-04,6.598484045175727201e-06
5.159027056745270734e+00,-6.005660125967324367e-04,6.597963425439754061e-06
5.160016893095371593e+00,-5.911331670295915264e-04,6.598530685423446848e-06
5.161006729445472452e+00,-5.818169178636137555e-04,6.598164227077897945e-06
5.161996565795573311e+00,-5.725088879894804509e-04,6.598148059832895477e-06
5.162986402145674170e+00,-5.630561244031550248e-04,6.598531620828622203e-06
5.163976238495775029e+00,-5.534787899355101673e-04,6.597930281774703971e-06
5.164966074845875887e+00,-5.438528566516399746e-04,6.598472217821204292e-06
5.165955911195976746e+00,-5.343596941282844574e-04,6.598200402597253273e-06
5.166945747546077605e+00,-5.249869876525196282e-04,6.598064496547254799e-06
5.167935583896178464e+00,-5.155685521156138556e-04,6.598530121940967110e-06
5.168925420246279323e+00,-5.059780943830636743e-04,6.597927674367417674e-06
5.169915256596380182e+00,-4.962916154684487166e-04,6.598387518692904334e-06
5.170905092946481041e+00,-4.867074070523339652e-04,6.598245744696780856e-06
5.171894929296581900e+00,-4.772268643868622998e-04,6.598000666271033452e-06
5.172884765646682759e+00,-4.677541377441884725e-04,6.598510642307549904e-06
5.173874601996783618e+00,-4.580909011397778967e-04,6.597927734484845034e-06
5.174864438346884477e+00,-4.483517778438618484e-04,6.598313973559832630e-06
5.175854274696985335e+00,-4.388308133485041866e-04,6.598285029087134073e-06
5.176844111047086194e+00,-4.294339603015136079e-04,6.597919477619265998e-06
5.177833947397187053e+00,-4.198626676653462002e-04,6.598508901801581590e-06
5.178823783747287912e+00,-4.101555797461180750e-04,6.597917721350859875e-06
5.179813620097388771e+00,-4.004062545458147797e-04,6.598238310712365766e-06
5.180803456447489630e+00,-3.907622249438194410e-04,6.598323498037013120e-06
5.181793292797590489e+00,-3.812386027455864587e-04,6.597838559790941968e-06
5.182783129147691348e+00,-3.716687797438291492e-04,6.598499754850917619e-06
5.183772965497792207e+00,-3.619125391857570101e-04,6.597929039589231650e-06
5.184762801847893066e+00,-3.521289524746149674e-04,6.598145849070893444e-06
5.185752638197993925e+00,-3.425159623222783921e-04,6.598358102602414977e-06
5.186742474548094783e+00,-3.329631230679049644e-04,6.597785825101706102e-06
5.187732310898195642e+00,-3.232196599864514729e-04,6.598462768408317369e-06
5.188722147248296501e+00,-3.133360931464654721e-04,6.597933916516795731e-06
5.189711983598397360e+00,-3.035340502213355516e-04,6.598084717476694814e-06
5.190701819948498219e+00,-2.938615853217890544e-04,6.598366223641665767e-06
5.191691656298599078e+00,-2.841533043640828075e-04,6.597730801650237316e-06
5.192681492648699937e+00,-2.743155668532020917e-04,6.598438260070925971e-06
5.193671328998800796e+00,-2.644707657621656396e-04,6.597945191785801038e-06
5.194661165348901655e+00,-2.547272179386106828e-04,6.597998309541410630e-06
5.195651001699002514e+00,-2.451218476542216620e-04,6.598384608249807243e-06
5.196640838049103372e+00,-2.356286748215340079e-04,6.597712268246985898e-06
5.197630674399204231e+00,-2.259923741244823983e-04,6.598352365265155303e-06
5.198620510749305090e+00,-2.162164928242162011e-04,6.597999520954813794e-06
5.199610347099405949e+00,-2.064530272723542393e-04,6.597894804506161655e-06
5.200600183449506808e+00,-1.967431487573389765e-04,6.598390452752554778e-06
5.201590019799607667e+00,-1.870248372260802832e-04,6.597711145734077333e-06
5.202579856149708526e+00,-1.771476303396909827e-04,6.598250977178836968e-06
5.203569692499809385e+00,-1.672093506861978046e-04,6.598063057857180099e-06
5.204559528849910244e+00,-1.573618034733756550e-04,6.597814007314480729e-06
5.205549365200011103e+00,-1.476645186955249684e-04,6.598351389136388355e-06
5.206539201550111962e+00,-1.379981273156430702e-04,6.597746800880605834e-06
5.207529037900212820e+00,-1.281956508848510639e-04,6.598137527372832408e-06
5.208518874250313679e+00,-1.182718709079414056e-04,6.598112918045056267e-06
5.209508710600414538e+00,-1.083834220898106899e-04,6.597742346794173470e-06
5.210498546950515397e+00,-9.860029053675709899e-05,6.598318543749686020e-06
5.211488383300616256e+00,-8.883125220551190391e-05,6.597762820304133935e-06
5.212478219650717115e+00,-7.903829165220603223e-05,6.598051602021678927e-06
5.213468056000817974e+00,-6.922051177282471175e-05,6.598135607006259230e-06
5.214457892350918833e+00,-5.939827276468277127e-05,6.597690398199216704e-06
5.215447728701019692e+00,-4.962179072318255354e-05,6.598284526152391373e-06
5.216437565051120551e+00,-3.971335049748046954e-05,6.597783140893491009e-06
5.217427401401221410e+00,-2.970460632270212087e-05,6.597952837746221725e-06
5.218417237751322268e+00,-1.973645025702145124e-05,6.598166054726396491e-06
5.219407074101423127e+00,-9.898805745197722874e-06,6.597650544954262781e-06
5.220396910451523986e+00,-1.308768636157732002e-07,6.598212054978686948e-06
5.221386746801624845e+00,9.725456682731967422e-06,6.597831432682790135e-06
5.222376583151725704e+00,1.970544055114942982e-05,6.597864509623566888e-06
5.223366419501826563e+00,2.976890812634451261e-05,6.598157247392584753e-06
5.224356255851927422e+00,3.971714585210402783e-05,6.597643265029426641e-06
5.225346092202028281e+00,4.958174236253853944e-05,6.598140589267306810e-06
5.226335928552129140e+00,5.945499652441922758e-05,6.597860970526128215e-06
5.227325764902229999e+00,6.942473682002674987e-05,6.597771386262996031e-06
5.228315601252330858e+00,7.945569075812308182e-05,6.598182870668425570e-06
5.229305437602431716e+00,8.949357368170618953e-05,6.597600557678577953e-06
5.230295273952532575e+00,9.940175956767715335e-05,6.598078354833636721e-06
5.231285110302633434e+00,1.091861108453709352e-04,6.597893640763158664e-06
5.232274946652734293e+00,1.189542843780855058e-04,6.597681755861586187e-06
5.233264783002835152e+00,1.288371464032382467e-04,6.598194067551544194e-06
5.234254619352936011e+00,1.388225372760392307e-04,6.597579859168369020e-06
5.235244455703036870e+00,1.486972174856573210e-04,6.598002063547404935e-06
5.236234292053137729e+00,1.584458020947631448e-04,6.597950199696995941e-06
5.237224128403238588e+00,1.682107079529370137e-04,6.597582780067626211e-06
5.238213964753339447e+00,1.780681040488901940e-04,6.598183420839269240e-06
5.239203801103440306e+00,1.879020304817793094e-04,6.597595915945568133e-06
5.240193637453541164e+00,1.976966285309391812e-04,6.597894541846085505e-06
5.241183473803642023e+00,2.074278184483612127e-04,6.597999279796955307e-06
5.242173310153742882e+00,2.171178808728946882e-04,6.597513221220667686e-06
5.243163146503843741e+00,2.269482386964912120e-04,6.598144685338026896e-06
5.244152982853944600e+00,2.368643520636769728e-04,6.597626278193901065e-06
5.245142819204045459e+00,2.467026817962405692e-04,6.597797918185105529e-06
5.246132655554146318e+00,2.564481485194287382e-04,6.598018662228372273e-06
5.247122491904247177e+00,2.662097243695196063e-04,6.597480973533813136e-06
5.248112328254348036e+00,2.759960226204712834e-04,6.598089997666221496e-06
5.249102164604448895e+00,2.858217661191135833e-04,6.597648183989845377e-06
5.250092000954549754e+00,2.956180872218204655e-04,6.597714105684334202e-06
5.251081837304650612e+00,3.054351055367037849e-04,6.598034249793116987e-06
5.252071673654751471e+00,3.152216653730332240e-04,6.597445161828172444e-06
5.253061510004852330e+00,3.249652974119252502e-04,6.598022867156754691e-06
5.254051346354953189e+00,3.347911935356418585e-04,6.597700533492200343e-06
5.255041182705054048e+00,3.446573428901155019e-04,6.597613122081952242e-06
5.256031019055154907e+00,3.544466352105026473e-04,6.598037564365168263e-06
5.257020855405255766e+00,3.642207356926087814e-04,6.597449391710504630e-06
5.258010691755356625e+00,3.739790975745790912e-04,6.597935299953173170e-06
5.259000528105457484e+00,3.837180883041985493e-04,6.597730496085522414e-06
5.259990364455558343e+00,3.933370920316175750e-04,6.597562621021021647e-06
5.260980200805659202e+00,4.029182404090856989e-04,6.598007146227388174e-06
5.261970037155760060e+00,4.125619121277705401e-04,6.597452567974469405e-06
5.262959873505860919e+00,4.222133546082819247e-04,6.597862614936168852e-06
5.263949709855961778e+00,4.318915902126382053e-04,6.597745397281994831e-06
5.264939546206062637e+00,4.416406022522743435e-04,6.597521170676175677e-06
5.265929382556163496e+00,4.514576939562480406e-04,6.597967033508236210e-06
5.266919218906264355e+00,4.612895451581077106e-04,6.597470355952830830e-06
5.267909055256365214e+00,4.710166572270122246e-04,6.597789820307185482e-06
5.268898891606466073e+00,4.806556568792230786e-04,6.597766200236017219e-06
5.269888727956566932e+00,4.903273612280518480e-04,6.597461664335014870e-06
5.270878564306667791e+00,5.000344911074708831e-04,6.597933030206545312e-06
5.271868400656768650e+00,5.096437740986884150e-04,6.597499986832470431e-06
5.272858237006869508e+00,5.192003968056280042e-04,6.597680726453895438e-06
5.273848073356970367e+00,5.288459361352340106e-04,6.597822459828508345e-06
5.274837909707071226e+00,5.385371411461173201e-04,6.597395123596222176e-06
5.275827746057172085e+00,5.481379684250074769e-04,6.597898198906013964e-06
5.276817582407272944e+00,5.575998496840690747e-04,6.597540520701966236e-06
5.277807418757373803e+00,5.669860363545841742e-04,6.597571694460270259e-06
5.278797255107474662e+00,5.764454090311335903e-04,6.597859473919030558e-06
5.279787091457575521e+00,5.860709907298022924e-04,6.597367998795232533e-06
5.280776927807676380e+00,5.957297503200133975e-04,6.597823440206202621e-06
5.281766764157777239e+00,6.052572790767593103e-04,6.597590950009842249e-06
5.282756600507878098e+00,6.146835238828503864e-04,6.597482293584801685e-06
5.283746436857978956e+00,6.240724868000501781e-04,6.597872268769330970e-06
5.284736273208079815e+00,6.334872121486906111e-04,6.597345149562808194e-06
5.285726109558180674e+00,6.429848313428474091e-04,6.597768317773707755e-06
5.286715945908281533e+00,6.524416274546274500e-04,6.597632428751370368e-06
5.287705782258382392e+00,6.618138590561394030e-04,6.597391134223921585e-06
5.288695618608483251e+00,6.711575007205414440e-04,6.597882334477472942e-06
5.289685454958584110e+00,6.805577477908856740e-04,6.597354019688727465e-06
5.290675291308684969e+00,6.899140702921466913e-04,6.597660408922041007e-06
5.291665127658785828e+00,6.992295702976631484e-04,6.597703294433364757e-06
5.292654964008886687e+00,7.085750504805845814e-04,6.597316696072018900e-06
5.293644800358987546e+00,7.179095269594651862e-04,6.597853555321908249e-06
5.294634636709088404e+00,7.272160404336642679e-04,6.597387935877651174e-06
5.295624473059189263e+00,7.364098764343189347e-04,6.597557581159164603e-06
5.296614309409290122e+00,7.455514512728903713e-04,6.597753014257585879e-06
5.297604145759390981e+00,7.547114091601774509e-04,6.597269633674735209e-06
5.298593982109491840e+00,7.639448084743531275e-04,6.597805494750895962e-06
5.299583818459592699e+00,7.732381882754755988e-04,6.597438775595533914e-06
5.300573654809693558e+00,7.824955199805692582e-04,6.597462248457329393e-06
5.301563491159794417e+00,7.915914147538954167e-04,6.597781657465270558e-06
5.302553327509895276e+00,8.006808561913691166e-04,6.597227321581912930e-06
5.303543163859996135e+00,8.098795708619150333e-04,6.597779186903641273e-06
5.304533000210096993e+00,8.191047392292848508e-04,6.597455321381511228e-06
5.305522836560197852e+00,8.282526667558857709e-04,6.597395199520512530e-06
5.306512672910298711e+00,8.373437176576302042e-04,6.597808208309482845e-06
5.307502509260399570e+00,8.464574429828914748e-04,6.597184621390670367e-06
5.308492345610500429e+00,8.555730437015536495e-04,6.597757469438508478e-06
5.309482181960601288e+00,8.647824258515673631e-04,6.597467162865474586e-06
5.310472018310702147e+00,8.739738358137592433e-04,6.597328266120825192e-06
5.311461854660803006e+00,8.829997512208896194e-04,6.597828470256807580e-06
5.312451691010903865e+00,8.918719007349042247e-04,6.597162059737995911e-06
5.313441527361004724e+00,9.008167915918672804e-04,6.597698301102731580e-06
5.314431363711105583e+00,9.099391384270130332e-04,6.597510848263047253e-06
5.315421200061206441e+00,9.190126246130747795e-04,6.597262552127047347e-06
5.316411036411307300e+00,9.278203122584147535e-04,6.597817977386256397e-06
5.317400872761408159e+00,9.365427991884773921e-04,6.597181262392186548e-06
5.318390709111509018e+00,9.454096599016039836e-04,6.597633127717932996e-06
5.319380545461609877e+00,9.543658685408361363e-04,6.597538423846881414e-06
5.320370381811710736e+00,9.632657875286935577e-04,6.597216460596058051e-06
5.321360218161811595e+00,9.719866924624994374e-04,6.597808922809044080e-06
5.322350054511912454e+00,9.806004038147564644e-04,6.597195857668238506e-06
5.323339890862013313e+00,9.892500606197044636e-04,6.597543657999742201e-06
5.324329727212114172e+00,9.978991259809366285e-04,6.597611946527743111e-06
5.325319563562215031e+00,1.006457719218228474e-03,6.597141972735688890e-06
5.326309399912315889e+00,1.014959602949679508e-03,6.597796380569714953e-06
5.327299236262416748e+00,1.023435922612437243e-03,6.597232101729109443e-06
5.328289072612517607e+00,1.031997086338116987e-03,6.597451596069228114e-06
5.329278908962618466e+00,1.040639308828863194e-03,6.597670267619372712e-06
5.330268745312719325e+00,1.049351067423135234e-03,6.597097532107958432e-06
5.331258581662820184e+00,1.057961054965163338e-03,6.597755097858182252e-06
5.332248418012921043e+00,1.066385631142232867e-03,6.597296467284503461e-06
5.333238254363021902e+00,1.074798431532917112e-03,6.597350542001340098e-06
5.334228090713122761e+00,1.083246266375587769e-03,6.597698162272364564e-06
5.335217927063223620e+00,1.091665790438018984e-03,6.597100517558614823e-06
5.336207763413324479e+00,1.099970136579374791e-03,6.597681901107700923e-06
5.337197599763425337e+00,1.108222434270575516e-03,6.597362219313393713e-06
5.338187436113526196e+00,1.116510053785144552e-03,6.597278541883393855e-06
5.339177272463627055e+00,1.124868054555124746e-03,6.597706807817509800e-06
5.340167108813727914e+00,1.133152953053847114e-03,6.597114745746454910e-06
5.341156945163828773e+00,1.141223166906591866e-03,6.597615460788076823e-06
5.342146781513929632e+00,1.149229676702680095e-03,6.597405043943437485e-06
5.343136617864030491e+00,1.157392662674603268e-03,6.597228286800179774e-06
5.344126454214131350e+00,1.165674351932233363e-03,6.597707713140764890e-06
5.345116290564232209e+00,1.173940894436915428e-03,6.597126992837423770e-06
5.346106126914333068e+00,1.182096013954593008e-03,6.597548329095494726e-06
5.347095963264433927e+00,1.190091275669964829e-03,6.597470310041849379e-06
5.348085799614534785e+00,1.198070360178061719e-03,6.597160359329547492e-06
5.349075635964635644e+00,1.206166084174556050e-03,6.597708567896318201e-06
5.350065472314736503e+00,1.214219857937723140e-03,6.597170560358344971e-06
5.351055308664837362e+00,1.222179513866500887e-03,6.597454387344837031e-06
5.352045145014938221e+00,1.230149467254183088e-03,6.597534035482261435e-06
5.353034981365039080e+00,1.238099649919322453e-03,6.597116474719886688e-06
5.354024817715139939e+00,1.245944670009392283e-03,6.597694485851196707e-06
5.355014654065240798e+00,1.253775193870188291e-03,6.597193786762090185e-06
5.356004490415341657e+00,1.261650389636763186e-03,6.597394653051158793e-06
5.356994326765442516e+00,1.269551817560856744e-03,6.597588174277990952e-06
5.357984163115543375e+00,1.277369994251996042e-03,6.597063041952412304e-06
5.358973999465644233e+00,1.285057999744952878e-03,6.597694191945655696e-06
5.359963835815745092e+00,1.292665832028956933e-03,6.597217856065974226e-06
5.360953672165845951e+00,1.300295593622887965e-03,6.597335972338953754e-06
5.361943508515946810e+00,1.307947279325054465e-03,6.597630563625653431e-06
5.362933344866047669e+00,1.315643764320111129e-03,6.597035343577305991e-06
5.363923181216148528e+00,1.323273412598618493e-03,6.597669633701947019e-06
5.364913017566249387e+00,1.330766335623279756e-03,6.597278253097812103e-06
5.365902853916350246e+00,1.338307561217574318e-03,6.597237038979473340e-06
5.366892690266451105e+00,1.345874541617292841e-03,6.597692233586159976e-06
5.367882526616551964e+00,1.353338254118675258e-03,6.597024228806066105e-06
5.368872362966652823e+00,1.360730792703850143e-03,6.597615434831195152e-06
5.369862199316753681e+00,1.368122980527579965e-03,6.597360190553845560e-06
5.370852035666854540e+00,1.375516802718439917e-03,6.597155735987505912e-06
5.371841872016955399e+00,1.382873938556832038e-03,6.597726996378531025e-06
5.372831708367056258e+00,1.390167709783542149e-03,6.597036761661566985e-06
5.373821544717157117e+00,1.397466988911370963e-03,6.597551384826559299e-06
5.374811381067257976e+00,1.404716403194418255e-03,6.597418973188113986e-06
5.375801217417358835e+00,1.411858214282624624e-03,6.597123423964405309e-06
5.376791053767459694e+00,1.418942992902504216e-03,6.597711728681287801e-06
5.377780890117560553e+00,1.426005025529873075e-03,6.597079803818203774e-06
5.378770726467661412e+00,1.433074349170425105e-03,6.597494219232393902e-06
5.379760562817762271e+00,1.440115915689924551e-03,6.597470231754919861e-06
5.380750399167863129e+00,1.447080709639519350e-03,6.597084901073985027e-06
5.381740235517963988e+00,1.453972222735108776e-03,6.597716450615074365e-06
5.382730071868064847e+00,1.460880657475055857e-03,6.597114232847378401e-06
5.383719908218165706e+00,1.467814347210684911e-03,6.597425906926799193e-06
5.384709744568266565e+00,1.474781928560021721e-03,6.597521693737636696e-06
5.385699580918367424e+00,1.481659625495799224e-03,6.597079675453775855e-06
5.386689417268468283e+00,1.488474661991053168e-03,6.597668585023365642e-06
5.387679253618569142e+00,1.495225425439381623e-03,6.597188668007626785e-06
5.388669089968670001e+00,1.501917049543256399e-03,6.597368912036926003e-06
5.389658926318770860e+00,1.508602710713284611e-03,6.597553473483827171e-06
5.390648762668871719e+00,1.515269052856580518e-03,6.597089486443290554e-06
5.391638599018972577e+00,1.521962956429942591e-03,6.597627136349577610e-06
5.392628435369073436e+00,1.528699202879619688e-03,6.597252532846626051e-06
5.393618271719174295e+00,1.535426336003062288e-03,6.597316571079729093e-06
5.394608108069275154e+00,1.542151545811694955e-03,6.597579852740789096e-06
5.395597944419376013e+00,1.548847043415149628e-03,6.597103416746580362e-06
5.396587780769476872e+00,1.555502815940683565e-03,6.597592202623885962e-06
5.397577617119577731e+00,1.562021198204112437e-03,6.597306527314121309e-06
5.398567453469678590e+00,1.568368878346788854e-03,6.597257835363787062e-06
5.399557289819779449e+00,1.574720278283370896e-03,6.597630546204647184e-06
5.400547126169880308e+00,1.581089849938372869e-03,6.597103180769166063e-06
5.401536962519981167e+00,1.587495147204706289e-03,6.597559556921987299e-06
5.402526798870082025e+00,1.593822397033714880e-03,6.597375514421262988e-06
5.403516635220182884e+00,1.600006121844478255e-03,6.597201173574749164e-06
5.404506471570283743e+00,1.606100175933805997e-03,6.597659832441977913e-06
5.405496307920384602e+00,1.612211371752588027e-03,6.597134298173686244e-06
5.406486144270485461e+00,1.618355318939735223e-03,6.597490114600402650e-06
5.407475980620586320e+00,1.624429871214462268e-03,6.597468293834187703e-06
5.408465816970687179e+00,1.630539696106509100e-03,6.597155883093607592e-06
5.409455653320788038e+00,1.636636505013272644e-03,6.597657145842105154e-06
5.410445489670888897e+00,1.642666427313252148e-03,6.597205500042013853e-06
5.411435326020989756e+00,1.648657377303654453e-03,6.597417840788787631e-06
5.412425162371090614e+00,1.654577728714525745e-03,6.597529604081116286e-06
5.413414998721191473e+00,1.660328935070428617e-03,6.597152629656269399e-06
5.414404835071292332e+00,1.666081133529579567e-03,6.597635407852496685e-06
5.415394671421393191e+00,1.671959629040536011e-03,6.597275822227781655e-06
5.416384507771494050e+00,1.677810063730506614e-03,6.597339896522362903e-06
5.417374344121594909e+00,1.683480076184829715e-03,6.597615649564088010e-06
5.418364180471695768e+00,1.688968421661083763e-03,6.597130699321914437e-06
5.419354016821796627e+00,1.694478127386376100e-03,6.597605238949327309e-06
5.420343853171897486e+00,1.700152396787258345e-03,6.597375828064744359e-06
5.421333689521998345e+00,1.705878730553744100e-03,6.597253302670053603e-06
5.422323525872099204e+00,1.711445346949761479e-03,6.597687454172167886e-06
5.423313362222200062e+00,1.716713913859196786e-03,6.597129532558624042e-06
5.424303198572300921e+00,1.721911707686045847e-03,6.597575743413341852e-06
5.425293034922401780e+00,1.727309384703671702e-03,6.597451508691594570e-06
5.426282871272502639e+00,1.732884250764010758e-03,6.597203958014662436e-06
5.427272707622603498e+00,1.738275653442217499e-03,6.597718766190102197e-06
5.428262543972704357e+00,1.743396732135247531e-03,6.597166335771843188e-06
5.429252380322805216e+00,1.748560463034493908e-03,6.597536370431309544e-06
5.430242216672906075e+00,1.753911367733318547e-03,6.597505652711004225e-06
5.431232053023006934e+00,1.759222206347214228e-03,6.597192093021221700e-06
5.432221889373107793e+00,1.764370219670796658e-03,6.597734096708149582e-06
5.433211725723208652e+00,1.769375446044812311e-03,6.597204233258196524e-06
5.434201562073309510e+00,1.774368615759313672e-03,6.597507873833037437e-06
5.435191398423410369e+00,1.779480161407541363e-03,6.597560552928254297e-06
5.436181234773511228e+00,1.784596379202975716e-03,6.597173967428371908e-06
5.437171071123612087e+00,1.789613816157521351e-03,6.597755106217696946e-06
5.438160907473712946e+00,1.794483105856123058e-03,6.597231680412526070e-06
5.439150743823813805e+00,1.799293305400281439e-03,6.597483716180681181e-06
5.440140580173914664e+00,1.804157851328622207e-03,6.597624985064588431e-06
5.441130416524015523e+00,1.809040605989951402e-03,6.597158120512229448e-06
5.442120252874116382e+00,1.813821722451437832e-03,6.597757312558383505e-06
5.443110089224217241e+00,1.818458372170908468e-03,6.597308869602071244e-06
5.444099925574318100e+00,1.823086175457735818e-03,6.597409595272103306e-06
5.445089761924418958e+00,1.827801756510299058e-03,6.597704847327231550e-06
5.446079598274519817e+00,1.832503420041490388e-03,6.597160870555206229e-06
5.447069434624620676e+00,1.837059015845646671e-03,6.597733195458863776e-06
5.448059270974721535e+00,1.841567680625148156e-03,6.597385439932269816e-06
5.449049107324822394e+00,1.846179731558297106e-03,6.597364976577524574e-06
5.450038943674923253e+00,1.850785645552304945e-03,6.597769295077422903e-06
5.451028780025024112e+00,1.855292540365088751e-03,6.597157705872744117e-06
5.452018616375124971e+00,1.859615533923618218e-03,6.597729861026637662e-06
5.453008452725225830e+00,1.863859936507484020e-03,6.597462021840538875e-06
5.453998289075326689e+00,1.868134661188693016e-03,6.597316178824776684e-06
5.454988125425427548e+00,1.872383099875126215e-03,6.597820366132034794e-06
5.455977961775528406e+00,1.876645948345191574e-03,6.597184287027792406e-06
5.456967798125629265e+00,1.880861297446603971e-03,6.597695596637269543e-06
5.457957634475730124e+00,1.885062241999878752e-03,6.597546220317367462e-06
5.458947470825830983e+00,1.889223820477953144e-03,6.597285051448038512e-06
5.459937307175931842e+00,1.893350525380745877e-03,6.597842934338763052e-06
5.460927143526032701e+00,1.897418318504416525e-03,6.597264739880022784e-06
5.461916979876133560e+00,1.901315400492147034e-03,6.597611749453000315e-06
5.462906816226234419e+00,1.905053785693623311e-03,6.597655962770484544e-06
5.463896652576335278e+00,1.908749810608806373e-03,6.597264143052441904e-06
5.464886488926436137e+00,1.912516148571747525e-03,6.597845242975073162e-06
5.465876325276536996e+00,1.916342661263115144e-03,6.597346124662587659e-06
5.466866161626637854e+00,1.920059285665862711e-03,6.597554131739839125e-06
5.467855997976738713e+00,1.923611235652633892e-03,6.597726865196159168e-06
5.468845834326839572e+00,1.927122254045109465e-03,6.597275701565201555e-06
5.469835670676940431e+00,1.930626854874399091e-03,6.597822002767663993e-06
5.470825507027041290e+00,1.934211632299325445e-03,6.597432230342716260e-06
5.471815343377142149e+00,1.937836736786111578e-03,6.597512138487063137e-06
5.472805179727243008e+00,1.941373363810869378e-03,6.597795170894966345e-06
5.473795016077343867e+00,1.944837068115352376e-03,6.597278390981884075e-06
5.474784852427444726e+00,1.948357158602668929e-03,6.597829393056997656e-06
5.475774688777545585e+00,1.951832841874663648e-03,6.597500181344310063e-06
5.476764525127646444e+00,1.955124985952201317e-03,6.597462975245563311e-06
5.477754361477747302e+00,1.958362403943402115e-03,6.597876882393528717e-06
5.478744197827848161e+00,1.961624263043716069e-03,6.597286005849838615e-06
5.479734034177949020e+00,1.964902200071377142e-03,6.597807675046599260e-06
5.480723870528049879e+00,1.968132343735708341e-03,6.597597167118713088e-06
5.481713706878150738e+00,1.971218485033361407e-03,6.597422756029019028e-06
5.482703543228251597e+00,1.974188006553976964e-03,6.597927332445798110e-06
5.483693379578352456e+00,1.977170184764888601e-03,6.597320133871384725e-06
5.484683215928453315e+00,1.980224046106203104e-03,6.597792227192263383e-06
5.485673052278554174e+00,1.983365943620386644e-03,6.597675806288589275e-06
5.486662888628655033e+00,1.986315054325032102e-03,6.597388357169759531e-06
5.487652724978755892e+00,1.988975503989816925e-03,6.597977438995507528e-06
5.488642561328856750e+00,1.991652815941460236e-03,6.597354608027395817e-06
5.489632397678957609e+00,1.994471044369342232e-03,6.597766661015551356e-06
5.490622234029058468e+00,1.997300858862259554e-03,6.597765100904908794e-06
5.491612070379159327e+00,2.000018527817664250e-03,6.597355387166789878e-06
5.492601906729260186e+00,2.002607728484976334e-03,6.598030126990651184e-06
5.493591743079361045e+00,2.005171313316688603e-03,6.597397597910627546e-06
5.494581579429461904e+00,2.007715766084671588e-03,6.597720235814700198e-06
5.495571415779562763e+00,2.010246519024001983e-03,6.597873029629387264e-06
5.496561252129663622e+00,2.012694550314743629e-03,6.597325931321900120e-06
5.497551088479764481e+00,2.015042705746534005e-03,6.598054670638173765e-06
5.498540924829865340e+00,2.017324205172133216e-03,6.597473326916700511e-06
5.499530761179966198e+00,2.019568424976630940e-03,6.597666719952365339e-06
5.500520597530067057e+00,2.021777118840170553e-03,6.597961141303279027e-06
5.501510433880167916e+00,2.024035777218036875e-03,6.597333297178888598e-06
5.502500270230268775e+00,2.026197446271021420e-03,6.598041343092694119e-06
5.503490106580369634e+00,2.028180474266905783e-03,6.597574028897819736e-06
5.504479942930470493e+00,2.030110147148017196e-03,6.597629283656723039e-06
5.505469779280571352e+00,2.032074570987734991e-03,6.598009277789676810e-06
5.506459615630672211e+00,2.034041112505614087e-03,6.597382965328765325e-06
5.507449451980773070e+00,2.035919120251728463e-03,6.598013833704372978e-06
5.508439288330873929e+00,2.037714058482380762e-03,6.597649026841660126e-06
5.509429124680974788e+00,2.039435546664881797e-03,6.597614804953594845e-06
5.510418961031075646e+00,2.041149530383307934e-03,6.598053455363816550e-06
5.511408797381176505e+00,2.042886840266142090e-03,6.597423481042862070e-06
5.512398633731277364e+00,2.044621476710021223e-03,6.597983625274620336e-06
5.513388470081378223e+00,2.046314489177695345e-03,6.597756105532446684e-06
5.514378306431479082e+00,2.047933448852627854e-03,6.597576738588246012e-06
5.515368142781579941e+00,2.049428768464158033e-03,6.598093441247415583e-06
5.516357979131680800e+00,2.050832198191725013e-03,6.597487178235458019e-06
5.517347815481781659e+00,2.052262870398310728e-03,6.597946401507770885e-06
5.518337651831882518e+00,2.053615050686350037e-03,6.597842100534406215e-06
5.519327488181983377e+00,2.054848523435885959e-03,6.597566980868464807e-06
5.520317324532084235e+00,2.056082442388466446e-03,6.598121460900586506e-06
5.521307160882185094e+00,2.057362261298245707e-03,6.597548203025219969e-06
5.522296997232285953e+00,2.058714800105800741e-03,6.597925864407809710e-06
5.523286833582386812e+00,2.060000935150222649e-03,6.597906217208542867e-06
5.524276669932487671e+00,2.061127641361236527e-03,6.597588831851578107e-06
5.525266506282588530e+00,2.062110469466635516e-03,6.598127286677228747e-06
5.526256342632689389e+00,2.063065418914357407e-03,6.597614593643111506e-06
5.527246178982790248e+00,2.064042695768584981e-03,6.597896832390837429e-06
5.528236015332891107e+00,2.064932853874753248e-03,6.597987833741014482e-06
5.529225851682991966e+00,2.065725042788035728e-03,6.597588557560446171e-06
5.530215688033092825e+00,2.066512450312201106e-03,6.598139431438253128e-06
5.531205524383193683e+00,2.067402217383715931e-03,6.597694042970799434e-06
5.532195360733294542e+00,2.068250542150069406e-03,6.597851872955210785e-06
5.533185197083395401e+00,2.068876646730505395e-03,6.598072939756991408e-06
5.534175033433496260e+00,2.069429432637415276e-03,6.597602254958746503e-06
5.535164869783597119e+00,2.070078794545792376e-03,6.598122615769383704e-06
5.536154706133697978e+00,2.070810539252952807e-03,6.597816684447308488e-06
5.537144542483798837e+00,2.071542013522443583e-03,6.597779231256172733e-06
5.538134378833899696e+00,2.072158156635642550e-03,6.598157086687524958e-06
5.539124215184000555e+00,2.072570620284235575e-03,6.597644106916138827e-06
5.540114051534101414e+00,2.072889108431158218e-03,6.598068198923050371e-06
5.541103887884202273e+00,2.073239125478635887e-03,6.597938082980611568e-06
5.542093724234303131e+00,2.073596600326273100e-03,6.597741922640211835e-06
5.543083560584403990e+00,2.073804654890694030e-03,6.598206889686796858e-06
5.544073396934504849e+00,2.073891906811394653e-03,6.597693046319831096e-06
5.545063233284605708e+00,2.073918864965525969e-03,6.598044852382715576e-06
5.546053069634706567e+00,2.073909359898421477e-03,6.598041216791365714e-06
5.547042905984807426e+00,2.073863652749285622e-03,6.597699335512298419e-06
5.548032742334908285e+00,2.073783298971686867e-03,6.598264059159139873e-06
5.549022578685009144e+00,2.073714333328074717e-03,6.597745861695219844e-06
5.550012415035110003e+00,2.073561153654539854e-03,6.598009889991450325e-06
5.551002251385210862e+00,2.073298697797133772e-03,6.598128526741390061e-06
5.551992087735311721e+00,2.073020732819197756e-03,6.597696406537946645e-06
5.552981924085412579e+00,2.072687092767638330e-03,6.598279310847341809e-06
5.553971760435513438e+00,2.072238391838619829e-03,6.597824096620061910e-06
5.554961596785614297e+00,2.071815414310256530e-03,6.597974125696490021e-06
5.555951433135715156e+00,2.071460806523493618e-03,6.598200994754506240e-06
5.556941269485816015e+00,2.071064830561961286e-03,6.597730502412561221e-06
5.557931105835916874e+00,2.070554690791833949e-03,6.598252165633581503e-06
5.558920942186017733e+00,2.069873535014149588e-03,6.597918748948647044e-06
5.559910778536118592e+00,2.069170476468732041e-03,6.597940571338864708e-06
5.560900614886219451e+00,2.068566843127527845e-03,6.598266755575203767e-06
5.561890451236320310e+00,2.067947941468589821e-03,6.597753984649029369e-06
5.562880287586421169e+00,2.067154663849475691e-03,6.598252805942693253e-06
5.563870123936522027e+00,2.066180996035469741e-03,6.597992113834923610e-06
5.564859960286622886e+00,2.065279927227645085e-03,6.597923885817098062e-06
5.565849796636723745e+00,2.064475286882291438e-03,6.598322873277902470e-06
5.566839632986824604e+00,2.063643876727073740e-03,6.597777333759790675e-06
5.567829469336925463e+00,2.062645146170663784e-03,6.598258816609909142e-06
5.568819305687026322e+00,2.061432952103070190e-03,6.598069106977844415e-06
5.569809142037127181e+00,2.060230349875235255e-03,6.597887715233400331e-06
5.570798978387228040e+00,2.059221083367110058e-03,6.598397206297726609e-06
5.571788814737328899e+00,2.058190259149174448e-03,6.597798213938354893e-06
5.572778651087429758e+00,2.056936432769931530e-03,6.598235619735272374e-06
5.573768487437530617e+00,2.055492191283111222e-03,6.598172716891606694e-06
5.574758323787631475e+00,2.054098227987679812e-03,6.597863506682054157e-06
5.575748160137732334e+00,2.052837421754832078e-03,6.598424166736676411e-06
5.576737996487833193e+00,2.051614919280316147e-03,6.597869308402684562e-06
5.577727832837934052e+00,2.050228814968593771e-03,6.598203290111035497e-06
5.578717669188034911e+00,2.048635762050588904e-03,6.598247729754450989e-06
5.579707505538135770e+00,2.046999303453523461e-03,6.597861826406859764e-06
5.580697341888236629e+00,2.045407772407239685e-03,6.598443955953881598e-06
5.581687178238337488e+00,2.043732176957548802e-03,6.597938453199367428e-06
5.582677014588438347e+00,2.041894755844649283e-03,6.598163331095061512e-06
5.583666850938539206e+00,2.040017318175272459e-03,6.598326558851468845e-06
5.584656687288640065e+00,2.038102128951161350e-03,6.597876314616517398e-06
5.585646523638740923e+00,2.036244875961563255e-03,6.598433129364747217e-06
5.586636359988841782e+00,2.034485356918430080e-03,6.598040914788412497e-06
5.587626196338942641e+00,2.032605878383599626e-03,6.598102232265769325e-06
5.588616032689043500e+00,2.030549149721506443e-03,6.598418176964527510e-06
5.589605869039144359e+00,2.028370792581554033e-03,6.597893870347810328e-06
5.590595705389245218e+00,2.026167108044697480e-03,6.598395664403648203e-06
5.591585541739346077e+00,2.023980791640823951e-03,6.598162584320735379e-06
5.592575378089446936e+00,2.021705824962713102e-03,6.598046253903200699e-06
5.593565214439547795e+00,2.019374732034432633e-03,6.598481622057162068e-06
5.594555050789648654e+00,2.017046740219995745e-03,6.597938904749078306e-06
5.595544887139749513e+00,2.014717810896996756e-03,6.598358177912204950e-06
5.596534723489850371e+00,2.012315219724932457e-03,6.598261726247045066e-06
5.597524559839951230e+00,2.009844372087077509e-03,6.598018719180183399e-06
5.598514396190052089e+00,2.007282137939826218e-03,6.598509254565240667e-06
5.599504232540152948e+00,2.004683231002180217e-03,6.598004556197781542e-06
5.600494068890253807e+00,2.002233745897882920e-03,6.598322603126780436e-06
5.601483905240354666e+00,1.999800341452092657e-03,6.598336304576216585e-06
5.602473741590455525e+00,1.997160538123505386e-03,6.598011635087955201e-06
5.603463577940556384e+00,1.994367470960688345e-03,6.598540481209542613e-06
5.604453414290657243e+00,1.991512474822406190e-03,6.598043958487827216e-06
5.605443250640758102e+00,1.988693738713266483e-03,6.598301366829623114e-06
5.606433086990858961e+00,1.985809421379009215e-03,6.598430907324973289e-06
5.607422923340959819e+00,1.982858124097951636e-03,6.597979682359246965e-06
5.608412759691060678e+00,1.979860402752188324e-03,6.598570691833397733e-06
5.609402596041161537e+00,1.976787543325185439e-03,6.598118241771432692e-06
5.610392432391262396e+00,1.973610381237174850e-03,6.598244175009056939e-06
5.611382268741363255e+00,1.970485498883342308e-03,6.598517031255519411e-06
5.612372105091464114e+00,1.967444391729864309e-03,6.597972635417199431e-06
5.613361941441564973e+00,1.964404444755534374e-03,6.598580771202218569e-06
5.614351777791665832e+00,1.961239288209408200e-03,6.598188010537782183e-06
5.615341614141766691e+00,1.957979166936206494e-03,6.598201321731329746e-06
5.616331450491867550e+00,1.954716666447075049e-03,6.598599954607564304e-06
5.617321286841968409e+00,1.951438128068298805e-03,6.597968437448442048e-06
5.618311123192069267e+00,1.948130202394130709e-03,6.598590412449466354e-06
5.619300959542170126e+00,1.944794134270909618e-03,6.598251224825263446e-06
5.620290795892270985e+00,1.941455619977446902e-03,6.598169585421277645e-06
5.621280632242371844e+00,1.938106291147118337e-03,6.598663050287991660e-06
5.622270468592472703e+00,1.934612065516027116e-03,6.597976492968029948e-06
5.623260304942573562e+00,1.931019768685685381e-03,6.598570695916145666e-06
5.624250141292674421e+00,1.927462240537208653e-03,6.598347926780088117e-06
5.625239977642775280e+00,1.923880553146959218e-03,6.598115534167064759e-06
5.626229813992876139e+00,1.920180571357089959e-03,6.598723651055553879e-06
5.627219650342976998e+00,1.916387975031221859e-03,6.598011173508216333e-06
5.628209486693077857e+00,1.912552822828984074e-03,6.598527592258582794e-06
5.629199323043178715e+00,1.908745479997707266e-03,6.598448375365077172e-06
5.630189159393279574e+00,1.904896104263622582e-03,6.598074418592598371e-06
5.631178995743380433e+00,1.900999223066439456e-03,6.598750691570367631e-06
5.632168832093481292e+00,1.896982505795303609e-03,6.598084682783655933e-06
5.633158668443582151e+00,1.892883281387411137e-03,6.598462398477329943e-06
5.634148504793683010e+00,1.888810625790036425e-03,6.598536433070413779e-06
5.635138341143783869e+00,1.884735633575183649e-03,6.598074295743487422e-06
5.636128177493884728e+00,1.880613067900267169e-03,6.598737701488791683e-06
5.637118013843985587e+00,1.876391442253156445e-03,6.598154959109201580e-06
5.638107850194086446e+00,1.872039808487832059e-03,6.598436870284893098e-06
5.639097686544187304e+00,1.867707798634836349e-03,6.598589190691502222e-06
5.640087522894288163e+00,1.863476155905637120e-03,6.598076905480346411e-06
5.641077359244389022e+00,1.859192666437977249e-03,6.598740538477945447e-06
5.642067195594489881e+00,1.854785803837271556e-03,6.598221289948253626e-06
5.643057031944590740e+00,1.850352093111911830e-03,6.598381436450513322e-06
5.644046868294691599e+00,1.845872663077632436e-03,6.598657576664971133e-06
5.645036704644792458e+00,1.841263906073644816e-03,6.598082074745167460e-06
5.646026540994893317e+00,1.836589142813545295e-03,6.598730350153892553e-06
5.647016377344994176e+00,1.831866217171372385e-03,6.598283111850002893e-06
5.648006213695095035e+00,1.827156029670520300e-03,6.598360104915618389e-06
5.648996050045195894e+00,1.822485160338638190e-03,6.598683310584223023e-06
5.649985886395296752e+00,1.817829093785973968e-03,6.598130039425394980e-06
5.650975722745397611e+00,1.813087624072565879e-03,6.598678808607532921e-06
5.651965559095498470e+00,1.808337450886627435e-03,6.598370990722984352e-06
5.652955395445599329e+00,1.803614204249529224e-03,6.598326951471589864e-06
5.653945231795700188e+00,1.798807042703631353e-03,6.598708757297557939e-06
5.654935068145801047e+00,1.793801423202183399e-03,6.598167372540900422e-06
5.655924904495901906e+00,1.788657276860215013e-03,6.598636899341728600e-06
5.656914740846002765e+00,1.783669103887737702e-03,6.598464477633680814e-06
5.657904577196103624e+00,1.778826156170081052e-03,6.598275097994761187e-06
5.658894413546204483e+00,1.773863925658688678e-03,6.598754403434390804e-06
5.659884249896305342e+00,1.768704649401929216e-03,6.598196622553018935e-06
5.660874086246406200e+00,1.763482662488413113e-03,6.598589543772541156e-06
5.661863922596507059e+00,1.758287848932199582e-03,6.598555201620893186e-06
5.662853758946607918e+00,1.753143240749709640e-03,6.598218005486730306e-06
5.663843595296708777e+00,1.748028166919253371e-03,6.598793123503362004e-06
5.664833431646809636e+00,1.742790438279069425e-03,6.598243885504899022e-06
5.665823267996910495e+00,1.737433849399293989e-03,6.598516280610378917e-06
5.666813104347011354e+00,1.732099929497341040e-03,6.598660418169593164e-06
5.667802940697112213e+00,1.726773111241611215e-03,6.598179834185911132e-06
5.668792777047213072e+00,1.721313889882793678e-03,6.598778539532926455e-06
5.669782613397313931e+00,1.715681775296845971e-03,6.598335824470873591e-06
5.670772449747414790e+00,1.710005837082888584e-03,6.598444925463563790e-06
5.671762286097515648e+00,1.704426407870088603e-03,6.598717251694318020e-06
5.672752122447616507e+00,1.698891149875176188e-03,6.598185236065927971e-06
5.673741958797717366e+00,1.693180527042619475e-03,6.598758377947805653e-06
5.674731795147818225e+00,1.687312181139370053e-03,6.598395245432436380e-06
5.675721631497919084e+00,1.681468190647622020e-03,6.598398790762740738e-06
5.676711467848019943e+00,1.675833833687937098e-03,6.598765574596869482e-06
5.677701304198120802e+00,1.670257458274668943e-03,6.598204942422971113e-06
5.678691140548221661e+00,1.664516678327938523e-03,6.598713654787513430e-06
5.679680976898322520e+00,1.658543668714784671e-03,6.598479986441036124e-06
5.680670813248423379e+00,1.652545003245758969e-03,6.598343426816781777e-06
5.681660649598524238e+00,1.646607239659764708e-03,6.598798264446773336e-06
5.682650485948625096e+00,1.640751552471880065e-03,6.598234672115040816e-06
5.683640322298725955e+00,1.634816083912409446e-03,6.598652202303381861e-06
5.684630158648826814e+00,1.628750084679494959e-03,6.598571412928445386e-06
5.685619994998927673e+00,1.622585866785714124e-03,6.598288917015207128e-06
5.686609831349028532e+00,1.616397526714841550e-03,6.598815976379477291e-06
5.687599667699129391e+00,1.610261358945293611e-03,6.598269996840985134e-06
5.688589504049230250e+00,1.604092883138377853e-03,6.598611404411437032e-06
5.689579340399331109e+00,1.597784371066790889e-03,6.598629404944479174e-06
5.690569176749431968e+00,1.591366342489020091e-03,6.598262704856115913e-06
5.691559013099532827e+00,1.584932288316672671e-03,6.598823992569107071e-06
5.692548849449633686e+00,1.578602510446538466e-03,6.598297663969734659e-06
5.693538685799734544e+00,1.572300502785990576e-03,6.598578667503523426e-06
5.694528522149835403e+00,1.565860535975596886e-03,6.598665385211348413e-06
5.695518358499936262e+00,1.559335670364299462e-03,6.598249528830768937e-06
5.696508194850037121e+00,1.552808115727409349e-03,6.598828595746783105e-06
5.697498031200137980e+00,1.546352173206485799e-03,6.598321917936083836e-06
5.698487867550238839e+00,1.539915544561178476e-03,6.598542060615382260e-06
5.699477703900339698e+00,1.533362362805626173e-03,6.598719516847593777e-06
5.700467540250440557e+00,1.526765353299225402e-03,6.598216567250324759e-06
5.701457376600541416e+00,1.520101904447213569e-03,6.598821415594291553e-06
5.702447212950642275e+00,1.513493311407605518e-03,6.598387679908551353e-06
5.703437049300743134e+00,1.506901658172648054e-03,6.598468385960759398e-06
5.704426885650843992e+00,1.500208329207103905e-03,6.598759512936417706e-06
5.705416722000944851e+00,1.493512679197473228e-03,6.598242102067479975e-06
5.706406558351045710e+00,1.486875434436005098e-03,6.598749128859884493e-06
5.707396394701146569e+00,1.480159439776515757e-03,6.598475133623034148e-06
5.708386231051247428e+00,1.473322945714176024e-03,6.598398738897448857e-06
5.709376067401348287e+00,1.466410883247077929e-03,6.598797134428765763e-06
5.710365903751449146e+00,1.459419583289786907e-03,6.598254553931412456e-06
5.711355740101550005e+00,1.452373144933648058e-03,6.598695872144273727e-06
5.712345576451650864e+00,1.445413310785659570e-03,6.598545884283599774e-06
5.713335412801751723e+00,1.438478765448652141e-03,6.598343718271660807e-06
5.714325249151852582e+00,1.431498020321085758e-03,6.598805946817799727e-06
5.715315085501953440e+00,1.424446161961262329e-03,6.598288330946127983e-06
5.716304921852054299e+00,1.417394248673840840e-03,6.598622811610316536e-06
5.717294758202155158e+00,1.410390930155757403e-03,6.598626330230153492e-06
5.718284594552256017e+00,1.403229232461966972e-03,6.598289059093087452e-06
5.719274430902356876e+00,1.395875520086524825e-03,6.598798989481596537e-06
5.720264267252457735e+00,1.388481459888186564e-03,6.598350239088524069e-06
5.721254103602558594e+00,1.381184617137390380e-03,6.598537155766770442e-06
5.722243939952659453e+00,1.373920615828045722e-03,6.598694608798036276e-06
5.723233776302760312e+00,1.366683572405120962e-03,6.598260801793207814e-06
5.724223612652861171e+00,1.359242827204608720e-03,6.598764182383316415e-06
5.725213449002962030e+00,1.351611012655561019e-03,6.598415061788310381e-06
5.726203285353062888e+00,1.344047883807376800e-03,6.598455477961323709e-06
5.727193121703163747e+00,1.336649807564859686e-03,6.598738089198682188e-06
5.728182958053264606e+00,1.329237830707335642e-03,6.598261753074380145e-06
5.729172794403365465e+00,1.321656672348355422e-03,6.598715559232161812e-06
5.730162630753466324e+00,1.313994345240563320e-03,6.598468606657891605e-06
5.731152467103567183e+00,1.306368324143529535e-03,6.598406533182530610e-06
5.732142303453668042e+00,1.298749247934333304e-03,6.598751463698441389e-06
5.733132139803768901e+00,1.291029843828065543e-03,6.598252561124554679e-06
5.734121976153869760e+00,1.283166668174193573e-03,6.598689439690667640e-06
5.735111812503970619e+00,1.275324951942803219e-03,6.598516205867917213e-06
5.736101648854071478e+00,1.267585101721783883e-03,6.598322831299338392e-06
5.737091485204172336e+00,1.259801499335107180e-03,6.598807226447319782e-06
5.738081321554273195e+00,1.251866231177726618e-03,6.598234595513063966e-06
5.739071157904374054e+00,1.243935814861683170e-03,6.598635097406809981e-06
5.740060994254474913e+00,1.236071140264714818e-03,6.598582357980868465e-06
5.741050830604575772e+00,1.228310662133699901e-03,6.598253808838230729e-06
5.742040666954676631e+00,1.220531775655960428e-03,6.598831630725590445e-06
5.743030503304777490e+00,1.212661205296092486e-03,6.598236626879988748e-06
5.744020339654878349e+00,1.204663950413637245e-03,6.598582318918551580e-06
5.745010176004979208e+00,1.196597265641714120e-03,6.598628966255912432e-06
5.746000012355080067e+00,1.188569502255622289e-03,6.598207289238171543e-06
5.746989848705180925e+00,1.180545754249079284e-03,6.598817266957835855e-06
5.747979685055281784e+00,1.172514393484436592e-03,6.598272353820725773e-06
5.748969521405382643e+00,1.164405320574454436e-03,6.598506363746525618e-06
5.749959357755483502e+00,1.156220896475283234e-03,6.598691941495791587e-06
5.750949194105584361e+00,1.147951318756788679e-03,6.598144370875751809e-06
5.751939030455685220e+00,1.139716265587297200e-03,6.598814533708819536e-06
5.752928866805786079e+00,1.131462245675512231e-03,6.598306019186342080e-06
5.753918703155886938e+00,1.123193703401433865e-03,6.598421296516937819e-06
5.754908539505987797e+00,1.114871468253880032e-03,6.598749305157695986e-06
5.755898375856088656e+00,1.106439467009711144e-03,6.598096769731207982e-06
5.756888212206189515e+00,1.098035454973259615e-03,6.598782843260185600e-06
5.757878048556290373e+00,1.089723355260204841e-03,6.598353332270010298e-06
5.758867884906391232e+00,1.081439639736539362e-03,6.598335860412465294e-06
5.759857721256492091e+00,1.073052149108679300e-03,6.598790136295239303e-06
5.760847557606592950e+00,1.064517618676780880e-03,6.598088625290455339e-06
5.761837393956693809e+00,1.056030140630352969e-03,6.598713952646280026e-06
5.762827230306794668e+00,1.047632692599170670e-03,6.598422007964293755e-06
5.763817066656895527e+00,1.039215744862384680e-03,6.598265433179897377e-06
5.764806903006996386e+00,1.030684938899033200e-03,6.598775603602668968e-06
5.765796739357097245e+00,1.022042189756222803e-03,6.598119517005283738e-06
5.766786575707198104e+00,1.013371572952813339e-03,6.598647799332900128e-06
5.767776412057298963e+00,1.004696325483881185e-03,6.598444723206575167e-06
5.768766248407399821e+00,9.961366041755846754e-04,6.598232139352818446e-06
5.769756084757500680e+00,9.875748285964416374e-04,6.598760854081144820e-06
5.770745921107601539e+00,9.788544099472507639e-04,6.598131690682374777e-06
5.771735757457702398e+00,9.700476546514412695e-04,6.598576841580840111e-06
5.772725593807803257e+00,9.612178201580768655e-04,6.598494915078314009e-06
5.773715430157904116e+00,9.523826692045272860e-04,6.598180136688433370e-06
5.774705266508004975e+00,9.434870893085210968e-04,6.598736041593132073e-06
5.775695102858105834e+00,9.345455543951971264e-04,6.598163405853597361e-06
5.776684939208206693e+00,9.255652929015779299e-04,6.598488350668386814e-06
5.777674775558307552e+00,9.166326709138671210e-04,6.598544248551769129e-06
5.778664611908408411e+00,9.078020996823920946e-04,6.598129236981863808e-06
5.779654448258509269e+00,8.990714574219623801e-04,6.598700540890967568e-06
5.780644284608610128e+00,8.902189773599789935e-04,6.598212387656681699e-06
5.781634120958710987e+00,8.811662753585873444e-04,6.598395561978582771e-06
5.782623957308811846e+00,8.720826337590015936e-04,6.598586705854999471e-06
5.783613793658912705e+00,8.631299178787048146e-04,6.598082056912735287e-06
5.784603630009013564e+00,8.541483259163370990e-04,6.598672968565116890e-06
5.785593466359114423e+00,8.450600345767658381e-04,6.598241323883030858e-06
5.786583302709215282e+00,8.359887322668657075e-04,6.598312875416567636e-06
5.787573139059316141e+00,8.269840782793784310e-04,6.598620905163152671e-06
5.788562975409417000e+00,8.179616160409211535e-04,6.598042922966799838e-06
5.789552811759517859e+00,8.088590919348872090e-04,6.598632574847180775e-06
5.790542648109618717e+00,7.996699417566075158e-04,6.598277550137864016e-06
5.791532484459719576e+00,7.905015284929435126e-04,6.598231426741121703e-06
5.792522320809820435e+00,7.814944254271608210e-04,6.598652086964944242e-06
5.793512157159921294e+00,7.724804461226036792e-04,6.598016776360232156e-06
5.794501993510022153e+00,7.633828256578810987e-04,6.598563819104631396e-06
5.795491829860123012e+00,7.541722504260351626e-04,6.598346885812787965e-06
5.796481666210223871e+00,7.449090045272047621e-04,6.598122846067092268e-06
5.797471502560324730e+00,7.356127625497161510e-04,6.598657677980236209e-06
5.798461338910425589e+00,7.264043682070383656e-04,6.598048840522374012e-06
5.799451175260526448e+00,7.172496100563228311e-04,6.598445221306068404e-06
5.800441011610627307e+00,7.079498181461531823e-04,6.598413038537729839e-06
5.801430847960728165e+00,6.984902387236945282e-04,6.598061398016531044e-06
5.802420684310829024e+00,6.890895116113979289e-04,6.598625222773192036e-06
5.803410520660929883e+00,6.798201929238089063e-04,6.598077012408374515e-06
5.804400357011030742e+00,6.706175246117310976e-04,6.598350984443163691e-06
5.805390193361131601e+00,6.613166232107161148e-04,6.598468319565943762e-06
5.806380029711232460e+00,6.519005508834710720e-04,6.597990147596656910e-06
5.807369866061333319e+00,6.424959123743380612e-04,6.598607760911805562e-06
5.808359702411434178e+00,6.331427806711210134e-04,6.598091306454256143e-06
5.809349538761535037e+00,6.236629900283721965e-04,6.598273134292615316e-06
5.810339375111635896e+00,6.140745547718879770e-04,6.598496002205237051e-06
5.811329211461736755e+00,6.044680898959830595e-04,6.597942002519295223e-06
5.812319047811837613e+00,5.949615603777325774e-04,6.598571437942059307e-06
5.813308884161938472e+00,5.854608821153520042e-04,6.598123870582459626e-06
5.814298720512039331e+00,5.758773958800032875e-04,6.598184721790992129e-06
5.815288556862140190e+00,5.661797017600254034e-04,6.598513738793223569e-06
5.816278393212241049e+00,5.564349307608736127e-04,6.597914218999836506e-06
5.817268229562341908e+00,5.467882540701221291e-04,6.598519910998612907e-06
5.818258065912442767e+00,5.372788560416281826e-04,6.598142704218917666e-06
5.819247902262543626e+00,5.276597857314917900e-04,6.598122128564668792e-06
5.820237738612644485e+00,5.178873991005810036e-04,6.598503271669946435e-06
5.821227574962745344e+00,5.081637218253753571e-04,6.597907610896034059e-06
5.822217411312846203e+00,4.985585454564836570e-04,6.598452655323077323e-06
5.823207247662947061e+00,4.890869763950116220e-04,6.598169281639914381e-06
5.824197084013047920e+00,4.794950290545443904e-04,6.598065674114465682e-06
5.825186920363148779e+00,4.697539154532982364e-04,6.598487434399055390e-06
5.826176756713249638e+00,4.600007776928204746e-04,6.597895908468697157e-06
5.827166593063350497e+00,4.503454898603992049e-04,6.598394030080935640e-06
5.828156429413451356e+00,4.408172317909440550e-04,6.598191006542066756e-06
5.829146265763552215e+00,4.312008658756219266e-04,6.597982752253029370e-06
5.830136102113653074e+00,4.213338179785156229e-04,6.598493639269182749e-06
5.831125938463753933e+00,4.113975799812406376e-04,6.597904031662661699e-06
5.832115774813854792e+00,4.016706874302920739e-04,6.598282886188730760e-06
5.833105611163955651e+00,3.920811930597710936e-04,6.598265559609878227e-06
5.834095447514056509e+00,3.823981468584911818e-04,6.597902557295817606e-06
5.835085283864157368e+00,3.726249634319929319e-04,6.598458294945609079e-06
5.836075120214258227e+00,3.627804693379276728e-04,6.597934090451289587e-06
5.837064956564359086e+00,3.529223967386679395e-04,6.598184225078505178e-06
5.838054792914459945e+00,3.431232151833832388e-04,6.598296118732119055e-06
5.839044629264560804e+00,3.333149781898993888e-04,6.597858037124330991e-06
5.840034465614661663e+00,3.234754184871027616e-04,6.598399724710896604e-06
5.841024301964762522e+00,3.135572806947221924e-04,6.597972405688977376e-06
5.842014138314863381e+00,3.037182974956812147e-04,6.598091280238916768e-06
5.843003974664964240e+00,2.940928037997757923e-04,6.598306725214969908e-06
5.843993811015065099e+00,2.845188117048968622e-04,6.597838880765737443e-06
5.844983647365165957e+00,2.747931533922342543e-04,6.598326640554027382e-06
5.845973483715266816e+00,2.649180261707785979e-04,6.598023698610796694e-06
5.846963320065367675e+00,2.550195628038489271e-04,6.597985469447074039e-06
5.847953156415468534e+00,2.451798867332578304e-04,6.598319293618339553e-06
5.848942992765569393e+00,2.354200527725420252e-04,6.597828770169659566e-06
5.849932829115670252e+00,2.256102124335429278e-04,6.598234086124475696e-06
5.850922665465771111e+00,2.157295670385457912e-04,6.598082571892715097e-06
5.851912501815871970e+00,2.058336517111607515e-04,6.597889020069020851e-06
5.852902338165972829e+00,1.960135452470589644e-04,6.598317177646543581e-06
5.853892174516073688e+00,1.861303417023336460e-04,6.597830837672153373e-06
5.854882010866174546e+00,1.762043538520315610e-04,6.598141191198040969e-06
5.855871847216275405e+00,1.662981250254366174e-04,6.598129932366800135e-06
5.856861683566376264e+00,1.564472725966926567e-04,6.597822180952356573e-06
5.857851519916477123e+00,1.466560590472188559e-04,6.598277703763379239e-06
5.858841356266577982e+00,1.368633689975641738e-04,6.597853747657626219e-06
5.859831192616678841e+00,1.269081991396782568e-04,6.598052869419119959e-06
5.860821028966779700e+00,1.168712407503274154e-04,6.598142295953089295e-06
5.861810865316880559e+00,1.069160767501155853e-04,6.597774273778658668e-06
5.862800701666981418e+00,9.705394904694609971e-05,6.598259364855211448e-06
5.863790538017082277e+00,8.720635053766385568e-05,6.597844210457007975e-06
5.864780374367183136e+00,7.722908865326158663e-05,6.597974648977490969e-06
5.865770210717283994e+00,6.718793587893292292e-05,6.598184796192320631e-06
5.866760047067384853e+00,5.721046451614414651e-05,6.597693073266118400e-06
5.867749883417485712e+00,4.737454698956699396e-05,6.598231580266263521e-06
5.868739719767586571e+00,3.761079798268202886e-05,6.597865392871138446e-06
5.869729556117687430e+00,2.778129193820838330e-05,6.597876045367088195e-06
5.870719392467788289e+00,1.790696872344803043e-05,6.598218261045644757e-06
5.871709228817889148e+00,8.085342996934597538e-06,6.597640137440177146e-06
5.872699065167990007e+00,-1.791513174651674597e-06,6.598177903629861095e-06
5.873688901518090866e+00,-1.171761903337103448e-05,6.597904576011066958e-06
5.874678737868191725e+00,-2.164445995133038449e-05,6.597776127408678226e-06
5.875668574218292584e+00,-3.152292457889361064e-05,6.598234155805384451e-06
5.876658410568393442e+00,-4.134087197349723959e-05,6.597617751098227726e-06
5.877648246918494301e+00,-5.114009828085294679e-05,6.598108770664055016e-06
5.878638083268595160e+00,-6.106046771089390104e-05,6.597942650728241120e-06
5.879627919618696019e+00,-7.098599150075796007e-05,6.597676826422167107e-06
5.880617755968796878e+00,-8.078421201933658072e-05,6.598252429026405528e-06
5.881607592318897737e+00,-9.049799859474363614e-05,6.597587408427196203e-06
5.882597428668998596e+00,-1.003050141235844865e-04,6.598045067217882580e-06
5.883587265019099455e+00,-1.101642709577002307e-04,6.597969129631846249e-06
5.884577101369200314e+00,-1.199614485981737299e-04,6.597607638568565059e-06
5.885566937719301173e+00,-1.296574134001200534e-04,6.598229884917712103e-06
5.886556774069402032e+00,-1.393643263413206143e-04,6.597597093653579609e-06
5.887546610419502890e+00,-1.490989509108134304e-04,6.597949276121098174e-06
5.888536446769603749e+00,-1.588690015995603412e-04,6.598012976148535520e-06
5.889526283119704608e+00,-1.686404921337474484e-04,6.597538702891554626e-06
5.890516119469805467e+00,-1.784327104314572491e-04,6.598183420878434350e-06
5.891505955819906326e+00,-1.881631581304965789e-04,6.597641870067822560e-06
5.892495792170007185e+00,-1.979072536382956837e-04,6.597834981763311691e-06
5.893485628520108044e+00,-2.078074782978061035e-04,6.598034798892549529e-06
5.894475464870208903e+00,-2.177107458541136875e-04,6.597531428708760764e-06
5.895465301220309762e+00,-2.275577527840381249e-04,6.598096269085044120e-06
5.896455137570410621e+00,-2.374107123414236325e-04,6.597685482661759753e-06
5.897444973920511480e+00,-2.472309077028527445e-04,6.597752715198008626e-06
5.898434810270612338e+00,-2.569879500102642740e-04,6.598040776338239608e-06
5.899424646620713197e+00,-2.667239686508533899e-04,6.597493528048982398e-06
5.900414482970814056e+00,-2.765206563374404398e-04,6.598044868689041712e-06
5.901404319320914915e+00,-2.863795127128751028e-04,6.597713251330036492e-06
5.902394155671015774e+00,-2.962520180082095023e-04,6.597666701372871283e-06
5.903383992021116633e+00,-3.060926330766101738e-04,6.598053737038544004e-06
5.904373828371217492e+00,-3.158642978631848652e-04,6.597464436553898663e-06
5.905363664721318351e+00,-3.255989625232335563e-04,6.597985073702765168e-06
5.906353501071419210e+00,-3.352916228576928708e-04,6.597748351346896529e-06
5.907343337421520069e+00,-3.449559649769052194e-04,6.597575595606232316e-06
5.908333173771620928e+00,-3.545870815111654508e-04,6.598060634454230431e-06
5.909323010121721786e+00,-3.641380213111481746e-04,6.597454078438489908e-06
5.910312846471822645e+00,-3.737639481558981342e-04,6.597905906865456764e-06
5.911302682821923504e+00,-3.835349322121118024e-04,6.597778683668622004e-06
5.912292519172024363e+00,-3.933878713056691411e-04,6.597507921196061211e-06
5.913282355522125222e+00,-4.031120562930446739e-04,6.598039080452875977e-06
5.914272191872226081e+00,-4.126473929440943990e-04,6.597466249107373927e-06
5.915262028222326940e+00,-4.221750070847418127e-04,6.597815587340674602e-06
5.916251864572427799e+00,-4.319029446322316616e-04,6.597822923185026722e-06
5.917241700922528658e+00,-4.417240440722111053e-04,6.597439531316333845e-06
5.918231537272629517e+00,-4.513974276799765858e-04,6.598013218428211219e-06
5.919221373622730376e+00,-4.609046381777487551e-04,6.597487402369443350e-06
5.920211209972831234e+00,-4.704016128081941204e-04,6.597717877302447410e-06
5.921201046322932093e+00,-4.799825512810321627e-04,6.597873321142986006e-06
5.922190882673032952e+00,-4.895225118465410018e-04,6.597362084203334315e-06
5.923180719023133811e+00,-4.990471860331953261e-04,6.597990443030080187e-06
5.924170555373234670e+00,-5.085356581669601235e-04,6.597520202401314209e-06
5.925160391723335529e+00,-5.180349072201429839e-04,6.597590960924681703e-06
5.926150228073436388e+00,-5.275660763658267857e-04,6.597942906384485585e-06
5.927140064423537247e+00,-5.370562936379130866e-04,6.597313442322930231e-06
5.928129900773638106e+00,-5.465132532821159739e-04,6.597913646600358023e-06
5.929119737123738965e+00,-5.559738170875049403e-04,6.597593326930035275e-06
5.930109573473839824e+00,-5.653967801105214477e-04,6.597474996688965879e-06
5.931099409823940682e+00,-5.748465272643778342e-04,6.597965075701288880e-06
5.932089246174041541e+00,-5.842654808744266945e-04,6.597285333594516730e-06
5.933079082524142400e+00,-5.935822995688193457e-04,6.597858811122287579e-06
5.934068918874243259e+00,-6.028118808893131791e-04,6.597620556506068065e-06
5.935058755224344118e+00,-6.120320884094929267e-04,6.597410191831696514e-06
5.936048591574444977e+00,-6.213784158450542591e-04,6.597959759497051223e-06
5.937038427924545836e+00,-6.308153490022230196e-04,6.597278759226901548e-06
5.938028264274646695e+00,-6.402244437898879778e-04,6.597799596608652865e-06
5.939018100624747554e+00,-6.495876483891524543e-04,6.597638009275081011e-06
5.940007936974848413e+00,-6.588133713661475325e-04,6.597357293251720104e-06
5.940997773324949272e+00,-6.680334372163746013e-04,6.597939475135795595e-06
5.941987609675050130e+00,-6.774297565114705552e-04,6.597295205339548190e-06
5.942977446025150989e+00,-6.868605336960092273e-04,6.597707965005502690e-06
5.943967282375251848e+00,-6.961217744145125090e-04,6.597683988403075341e-06
5.944957118725352707e+00,-7.052330630490419956e-04,6.597295362936441760e-06
5.945946955075453566e+00,-7.144065886572172671e-04,6.597919726697793102e-06
5.946936791425554425e+00,-7.237051421064551269e-04,6.597313160429691146e-06
5.947926627775655284e+00,-7.330277851172409959e-04,6.597631017042922880e-06
5.948916464125756143e+00,-7.421677940561071741e-04,6.597711089117779345e-06
5.949906300475857002e+00,-7.512234545163967150e-04,6.597253381298192556e-06
5.950896136825957861e+00,-7.602955431321175390e-04,6.597879665164735414e-06
5.951885973176058720e+00,-7.694746057248885674e-04,6.597341018511841530e-06
5.952875809526159578e+00,-7.787312385109726454e-04,6.597555749244241570e-06
5.953865645876260437e+00,-7.878513723659039559e-04,6.597726009556071374e-06
5.954855482226361296e+00,-7.968042381467616659e-04,6.597225475987600922e-06
5.955845318576462155e+00,-8.058533252712733871e-04,6.597843792007784441e-06
5.956835154926563014e+00,-8.150679192228169447e-04,6.597354599307564319e-06
5.957824991276663873e+00,-8.242361325200262033e-04,6.597484788506645370e-06
5.958814827626764732e+00,-8.332697223525871227e-04,6.597768023576581581e-06
5.959804663976865591e+00,-8.423074258691863082e-04,6.597177187534658695e-06
5.960794500326966450e+00,-8.513240099872426778e-04,6.597793333159972358e-06
5.961784336677067309e+00,-8.603098207412714603e-04,6.597415065298644809e-06
5.962774173027168167e+00,-8.691676827650519693e-04,6.597381140925576108e-06
5.963764009377269026e+00,-8.779459342120722685e-04,6.597788282255312899e-06
5.964753845727369885e+00,-8.867646107016752743e-04,6.597182611615619992e-06
5.965743682077470744e+00,-8.956703818171917906e-04,6.597713654848472198e-06
5.966733518427571603e+00,-9.045708565323475926e-04,6.597474503279150175e-06
5.967723354777672462e+00,-9.133890489777792086e-04,6.597315349477909555e-06
5.968713191127773321e+00,-9.221602021783467575e-04,6.597765035375043392e-06
5.969703027477874180e+00,-9.308645033872993977e-04,6.597226547729498625e-06
5.970692863827975039e+00,-9.395162611190354058e-04,6.597605897483982610e-06
5.971682700178075898e+00,-9.481723307895836058e-04,6.597535239873639493e-06
5.972672536528176757e+00,-9.567902319417236458e-04,6.597258802046503569e-06
5.973662372878277615e+00,-9.653709267268568289e-04,6.597744393796409121e-06
5.974652209228378474e+00,-9.739876237079570778e-04,6.597259330012726657e-06
5.975642045578479333e+00,-9.827395968695687954e-04,6.597513392937827491e-06
5.976631881928580192e+00,-9.915746320389071632e-04,6.597591339129988402e-06
5.977621718278681051e+00,-1.000276909855845426e-03,6.597209161306937429e-06
5.978611554628781910e+00,-1.008782124778504104e-03,6.597715487243038649e-06
5.979601390978882769e+00,-1.017308786938552053e-03,6.597302081707550926e-06
5.980591227328983628e+00,-1.025999360240561218e-03,6.597426880760430421e-06
5.981581063679084487e+00,-1.034757381710491204e-03,6.597628088732323065e-06
5.982570900029185346e+00,-1.043374034008931646e-03,6.597185532855945164e-06
5.983560736379286205e+00,-1.051818765365830763e-03,6.597660497100542509e-06
5.984550572729387063e+00,-1.060240221045849864e-03,6.597364526802251159e-06
5.985540409079487922e+00,-1.068720228624754544e-03,6.597334185482519250e-06
5.986530245429588781e+00,-1.077169342210883111e-03,6.597660380882558582e-06
5.987520081779689640e+00,-1.085610264157753271e-03,6.597182693849514674e-06
5.988509918129790499e+00,-1.094031072849502555e-03,6.597599544297966058e-06
5.989499754479891358e+00,-1.102428036439983975e-03,6.597407134763328701e-06
5.990489590829992217e+00,-1.110822559662416695e-03,6.597289616214434808e-06
5.991479427180093076e+00,-1.119156854921034413e-03,6.597663725239402824e-06
5.992469263530193935e+00,-1.127521274478287356e-03,6.597170018231529255e-06
5.993459099880294794e+00,-1.135872997872461971e-03,6.597560392906541721e-06
5.994448936230395653e+00,-1.144213251804187788e-03,6.597452404733407367e-06
5.995438772580496511e+00,-1.152519415646817598e-03,6.597202263135063186e-06
5.996428608930597370e+00,-1.160712493292101553e-03,6.597705885561660366e-06
5.997418445280698229e+00,-1.168836534799342101e-03,6.597158197951711819e-06
5.998408281630799088e+00,-1.176965206474761202e-03,6.597506294741217467e-06
5.999398117980899947e+00,-1.185080798803412553e-03,6.597512147327719649e-06
