t,rest_curvature_dxcm,rest_curvature_Lz,rest_curvature_heading,torque_pair_dxcm,torque_pair_Lz,torque_pair_heading,single_torque_dxcm,single_torque_Lz,single_torque_heading
0.000000000000000000e+00,0.000000000000000000e+00,0.000000000000000000e+00,0.000000000000000000e+00,0.000000000000000000e+00,0.000000000000000000e+00,0.000000000000000000e+00,0.000000000000000000e+00,0.000000000000000000e+00,0.000000000000000000e+00
9.598354708771103354e-04,0.000000000000000000e+00,-2.398137151871875888e-28,-5.747103952133501277e-94,0.000000000000000000e+00,-3.281661365719409111e-28,-3.218540858264021946e-93,0.000000000000000000e+00,-3.721940213887797136e-13,0.000000000000000000e+00
1.919670941754212648e-03,0.000000000000000000e+00,-8.885729236409476976e-27,-3.050170544177232448e-54,0.000000000000000000e+00,1.857925203976527004e-26,-2.039965190469546907e-53,0.000000000000000000e+00,-5.243188633875845893e-12,6.566534534387558780e-143
2.879506412631314960e-03,0.000000000000000000e+00,2.261821987449685048e-26,-8.137572381227450512e-31,0.000000000000000000e+00,1.195534479080547811e-25,-8.465289633953075285e-29,0.000000000000000000e+00,-2.515265392758446575e-11,9.590362710531261408e-109
3.839341883508417055e-03,0.000000000000000000e+00,-1.195534479080547811e-25,4.177363745092203165e-16,0.000000000000000000e+00,2.908056841006737919e-26,7.134137782695055131e-16,0.000000000000000000e+00,-7.718300190268880519e-11,1.135930444394783370e-85
4.799177354385559917e-03,0.000000000000000000e+00,-2.067951531382569187e-25,-4.475349819330692534e-14,0.000000000000000000e+00,-4.846761401677896532e-25,-8.019323441356938742e-14,0.000000000000000000e+00,-1.849136225273282041e-10,5.411704401123474722e-68
5.759012825262705380e-03,0.000000000000000000e+00,-3.231174267785264355e-24,-1.763154099346719529e-12,0.000000000000000000e+00,-4.161752456907420489e-24,-2.577990194715858487e-12,0.000000000000000000e+00,-3.783875983198737877e-10,1.865642721587850256e-53
6.718848296139850844e-03,0.000000000000000000e+00,-1.074042326611821872e-23,-5.337984535077858085e-12,0.000000000000000000e+00,-1.499264860252362661e-23,-6.180157305884164079e-12,0.000000000000000000e+00,-6.940703009072791535e-10,6.590514984937290750e-41
7.678683767016996307e-03,0.000000000000000000e+00,-4.187601851049702604e-23,-3.916028843826604442e-12,0.000000000000000000e+00,-5.617073347117903555e-23,-8.266800990853748499e-12,0.000000000000000000e+00,-1.174811213976480143e-09,2.048901819030339070e-29
8.638519237894066310e-03,0.000000000000000000e+00,-9.473802953146395089e-23,-5.910065167762124202e-11,0.000000000000000000e+00,-9.861543865280626811e-23,-8.787257406605911117e-11,0.000000000000000000e+00,-1.869803245640381492e-09,1.705063500111875948e-17
9.598354708771125038e-03,-2.775557561562891351e-17,-1.149264063565862826e-22,-2.552843635659029380e-10,-2.775557561562891351e-17,-7.522173695404095418e-23,-3.491795224908499045e-10,0.000000000000000000e+00,-2.834539104032547401e-09,2.418609568409974571e-16
1.055819017964818377e-02,-2.775557561562891351e-17,-5.449052285193069808e-23,-7.288861864630717964e-10,-5.551115123125782702e-17,-3.774011544773188767e-24,-9.699147389456425403e-10,-8.326672684688674053e-17,-4.130769109476537527e-09,-1.748378328636128489e-14
1.151802565052524249e-02,-8.326672684688674053e-17,1.146679124151634614e-22,-1.729115025168281404e-09,-2.775557561562891351e-17,9.409179467790689802e-23,-2.229665653891120129e-09,-2.775557561562891351e-17,-5.826453836359457790e-09,2.024975698966398003e-14
1.247786112140230122e-02,-5.551115123125782702e-17,2.741586742730441100e-22,-3.612232411586057849e-09,-2.775557561562891351e-17,1.330209822561837630e-22,-4.493502425849473327e-09,0.000000000000000000e+00,-7.995716898605471112e-09,6.888829254711652487e-13
1.343769659227935995e-02,-1.110223024625156540e-16,3.554808682446636433e-22,-6.792775620668979960e-09,-8.326672684688674053e-17,2.486711716487539448e-22,-8.169141036858480385e-09,8.326672684688674053e-17,-1.071878945746667131e-08,-1.589723384327676273e-12
1.439753206315641867e-02,-1.387778780781445676e-16,4.084204274480574145e-22,-1.165466048578705526e-08,-8.326672684688674053e-17,2.977850205190899630e-22,-1.364515053495948736e-08,1.387778780781445676e-16,-1.408195105537109225e-08,5.544714016786321902e-12
1.535736753403347740e-02,-1.387778780781445676e-16,3.546536876321106156e-22,-1.866327818622960251e-08,0.000000000000000000e+00,2.874452628621771170e-22,-2.136591876358491024e-08,2.220446049250313081e-16,-1.817746639427934563e-08,6.212355751038259461e-12
1.631720300491066103e-02,-2.775557561562891351e-17,3.772977569007497482e-22,-2.827135328955981993e-08,1.110223024625156540e-16,3.932209836923955309e-22,-3.176963665960095641e-08,2.775557561562891351e-16,-2.310352220423809909e-08,3.855478055548075065e-11
1.727703847578789323e-02,-2.775557561562891351e-17,5.085092815669737631e-22,-4.102877405191683020e-08,5.551115123125782702e-17,3.873273218279552088e-22,-4.536631992811402783e-08,4.163336342344337027e-16,-2.896416384376076253e-08,1.034345111052890525e-10
1.823687394666512543e-02,0.000000000000000000e+00,5.434576624473391824e-22,-5.735364182620186595e-08,1.110223024625156540e-16,4.799715504338943083e-22,-6.253009109504625917e-08,4.163336342344337027e-16,-3.586922786099155856e-08,3.017417126378992409e-10
1.919670941754235763e-02,1.110223024625156540e-16,3.571352294697696986e-22,-7.770503248788101531e-08,1.942890293094023946e-16,3.457614960471655681e-22,-8.362798949425709125e-08,4.163336342344337027e-16,-4.393426626812577835e-08,7.165135136539143933e-10
2.015654488841958983e-02,1.110223024625156540e-16,3.867069363685404380e-22,-1.026538222240906164e-07,1.942890293094023946e-16,2.299562102897416936e-22,-1.090272340962048136e-07,4.718447854656915297e-16,-5.328046123880400149e-08,1.445190839595376610e-09
2.111638035929682203e-02,1.387778780781445676e-16,3.463818815065803389e-22,-1.330481116670000320e-07,1.942890293094023946e-16,4.160718481141729205e-22,-1.393291258046424885e-07,4.718447854656915297e-16,-6.403452850475433066e-08,2.378790662073524925e-09
2.207621583017405423e-02,1.110223024625156540e-16,3.800894914681162166e-22,-1.700007376050948606e-07,1.942890293094023946e-16,3.015073332755785875e-22,-1.754542385298473456e-07,4.718447854656915297e-16,-7.632862578202151188e-08,3.040234121016969869e-09
2.303605130105128643e-02,1.387778780781445676e-16,3.279771128772754731e-22,-2.146936970600270174e-07,1.942890293094023946e-16,8.478601278668533667e-23,-2.185290611733530686e-07,4.440892098500626162e-16,-9.030027045390431793e-08,2.690710985311265428e-09
2.399588677192851863e-02,1.387778780781445676e-16,2.665589523952131682e-22,-2.683539813214607355e-07,1.942890293094023946e-16,-1.604730388352873689e-22,-2.697828276903066087e-07,4.163336342344337027e-16,-1.060922618461836265e-07,4.891257620272190676e-10
2.495572224280575083e-02,1.387778780781445676e-16,2.148601641106489385e-22,-3.321184239949378525e-07,1.942890293094023946e-16,-4.334426409777865016e-22,-3.303266007155423802e-07,4.440892098500626162e-16,-1.238526020553208099e-07,-4.327824491428944992e-09
2.591555771368298303e-02,1.387778780781445676e-16,1.712263867984767287e-22,-4.071837138424674856e-07,2.498001805406602216e-16,-6.117000629829639656e-22,-4.013687277940075082e-07,4.718447854656915297e-16,-1.437344130594434466e-07,-1.264603172175936790e-08
2.687539318456021523e-02,1.387778780781445676e-16,-1.464109684218858985e-22,-4.945864109748566090e-07,2.498001805406602216e-16,-1.562544177112669278e-21,-4.840828836207214206e-07,4.718447854656915297e-16,-1.658958602583628238e-07,-2.536679806013364815e-08
2.783522865543744743e-02,1.387778780781445676e-16,-2.440182807031431641e-22,-5.951835173187097644e-07,1.942890293094023946e-16,-2.163490892132443884e-21,-5.794482023692330502e-07,4.718447854656915297e-16,-1.905000727889939734e-07,-4.324637648349546856e-08
2.879506412631467963e-02,1.110223024625156540e-16,-1.089396866732337448e-21,-7.096236204027473052e-07,2.220446049250313081e-16,-2.625471264243309840e-21,-6.882225946862777844e-07,4.718447854656915297e-16,-2.177150606823414398e-07,-6.688224974110554093e-08
2.975489959719191183e-02,1.110223024625156540e-16,-8.615086079739783234e-22,-8.383785032623848035e-07,2.220446049250313081e-16,-3.570938704391420472e-21,-8.110248864872706398e-07,4.718447854656915297e-16,-2.477136154268468717e-07,-9.678615787516418628e-08
3.071473506806914403e-02,1.387778780781445676e-16,-2.777672496953066932e-21,-9.817353367487226213e-07,1.942890293094023946e-16,-4.408872664907637507e-21,-9.483118754500368352e-07,4.440892098500626162e-16,-2.806732233032144253e-07,-1.333223906670544002e-07
3.167457053894622010e-02,1.387778780781445676e-16,-3.182990997104050493e-21,-1.139696379991982905e-06,1.942890293094023946e-16,-6.314696796229813270e-21,-1.100265923913860484e-06,4.718447854656915297e-16,-3.167759629225843934e-07,-1.766603553644537520e-07
3.263440600982310535e-02,1.110223024625156540e-16,-3.748782536090321423e-21,-1.311969747008136331e-06,2.498001805406602216e-16,-7.057504986302432122e-21,-1.266765099419821944e-06,4.440892098500626162e-16,-3.562084116747455899e-07,-2.267551287298001817e-07
3.359424148069999061e-02,1.387778780781445676e-16,-5.806807900122254278e-21,-1.497983244241440057e-06,2.498001805406602216e-16,-9.682976250545741962e-21,-1.447384136146044523e-06,4.163336342344337027e-16,-3.991615406103427292e-07,-2.833184379109143390e-07
3.455407695157687586e-02,1.110223024625156540e-16,-6.418921553411494757e-21,-1.696923628274888194e-06,2.498001805406602216e-16,-1.164835738597173572e-20,-1.641471424774542145e-06,4.163336342344337027e-16,-4.458306278730444958e-07,-3.458707641227525754e-07
3.551391242245376112e-02,1.110223024625156540e-16,-8.758188325711457022e-21,-1.907638844802025047e-06,2.498001805406602216e-16,-1.512251595869445195e-20,-1.848035055339410475e-06,4.163336342344337027e-16,-4.964151523222687567e-07,-4.136474806085595748e-07
3.647374789333064637e-02,1.110223024625156540e-16,-1.257976275570644488e-20,-2.128646082863950651e-06,2.220446049250313081e-16,-2.221807125317432335e-20,-2.065732416231452426e-06,4.163336342344337027e-16,-5.511186957334887682e-07,-4.856356403113101906e-07
3.743358336420753163e-02,1.387778780781445676e-16,-1.637817612854994796e-20,-2.358183188102833752e-06,2.498001805406602216e-16,-2.610085704849823525e-20,-2.292997197714691463e-06,3.885780586188047891e-16,-6.101488392413284925e-07,-5.606921292531546630e-07
3.839341883508441688e-02,1.387778780781445676e-16,-2.020636800344536004e-20,-2.594350508686192538e-06,2.220446049250313081e-16,-3.188615825269411081e-20,-2.528157254224918104e-06,4.163336342344337027e-16,-6.737170581964548352e-07,-6.376160019283585530e-07
3.935325430596130214e-02,1.387778780781445676e-16,-2.565914260139491847e-20,-2.835153407231806710e-06,2.220446049250313081e-16,-3.923979389829052684e-20,-2.769447408849187516e-06,4.163336342344337027e-16,-7.420386036557255871e-07,-7.151555282997532968e-07
4.031308977683818739e-02,1.387778780781445676e-16,-2.992904892339364733e-20,-3.078380869517854758e-06,2.498001805406602216e-16,-4.857039120788867901e-20,-3.014786141172851832e-06,3.885780586188047891e-16,-8.153323720085580611e-07,-7.918427969082384957e-07
4.127292524771507265e-02,1.110223024625156540e-16,-3.608989012568859745e-20,-3.321438831398050868e-06,1.942890293094023946e-16,-5.772066314395027115e-20,-3.261553467085647852e-06,4.163336342344337027e-16,-8.938207697291518777e-07,-8.657730974669558841e-07
4.223276071859195790e-02,8.326672684688674053e-17,-4.268582833018644013e-20,-3.561323061903925830e-06,1.665334536937734811e-16,-7.119708968366419803e-20,-3.506650616810255447e-06,4.163336342344337027e-16,-9.777295857439003705e-07,-9.346388288765154580e-07
4.319259618946884316e-02,1.110223024625156540e-16,-5.477920888571170474e-20,-3.794588432836038906e-06,1.387778780781445676e-16,-8.427977825180288374e-20,-3.746547533400572885e-06,4.718447854656915297e-16,-1.067287871801809729e-06,-9.957438269967593648e-07
4.415243166034572841e-02,1.110223024625156540e-16,-6.861628617249875169e-20,-4.017404164612357525e-06,1.387778780781445676e-16,-9.678013166870423796e-20,-3.977320589659931901e-06,4.163336342344337027e-16,-1.162727819557316246e-06,-1.046092381992882095e-06
4.511226713122261367e-02,1.110223024625156540e-16,-8.018027113599007858e-20,-4.225541254643727643e-06,1.387778780781445676e-16,-1.124601673602594306e-19,-4.194573609512671689e-06,4.163336342344337027e-16,-1.264284638501224631e-06,-1.082302777475660893e-06
4.607210260209949892e-02,1.110223024625156540e-16,-9.490077731698375908e-20,-4.414331943909148166e-06,1.387778780781445676e-16,-1.316375226816888242e-19,-4.393401583382180913e-06,4.163336342344337027e-16,-1.372196427789066487e-06,-1.100590836593758554e-06
4.703193807297638418e-02,1.387778780781445676e-16,-1.155207356267056330e-19,-4.578692373836375644e-06,1.387778780781445676e-16,-1.574687188504947724e-19,-4.568562673924626449e-06,3.885780586188047891e-16,-1.486704046042351810e-06,-1.096927055984027848e-06
4.799177354385326943e-02,1.110223024625156540e-16,-1.371002234469890189e-19,-4.713287064857691082e-06,1.387778780781445676e-16,-1.851825780934714116e-19,-4.714572118248040480e-06,3.885780586188047891e-16,-1.608050979511169409e-06,-1.067098996998517038e-06
4.895160901473015469e-02,8.326672684688674053e-17,-1.605193609495903385e-19,-4.812554539259625589e-06,1.387778780781445676e-16,-2.186933190692196688e-19,-4.825666260579973012e-06,3.885780586188047891e-16,-1.736483214457396211e-06,-1.006660827517095957e-06
4.991144448560703994e-02,1.110223024625156540e-16,-1.915419426427790884e-19,-4.870752343906874599e-06,1.387778780781445676e-16,-2.563002584383305190e-19,-4.895888544259382612e-06,3.885780586188047891e-16,-1.872249099940396479e-06,-9.110476138852921206e-07
5.087127995648392520e-02,8.326672684688674053e-17,-2.274680510071821864e-19,-4.881834886324124909e-06,1.387778780781445676e-16,-2.999621598913295318e-19,-4.919027011028978353e-06,4.163336342344337027e-16,-2.015599206636642776e-06,-7.755117714886623659e-07
5.183111542736081045e-02,5.551115123125782702e-17,-2.677550555609648462e-19,-4.839647690319041094e-06,1.387778780781445676e-16,-3.540730068420983902e-19,-4.888823877474833753e-06,4.163336342344337027e-16,-2.166786185012916743e-06,-5.953262097765418434e-07
5.279095089823769571e-02,5.551115123125782702e-17,-3.134088079289915497e-19,-4.737900551323450517e-06,1.942890293094023946e-16,-4.122800521862298416e-19,-4.798851499060165861e-06,4.163336342344337027e-16,-2.326064621659209260e-06,-3.656953537793851671e-07
5.375078636911458096e-02,5.551115123125782702e-17,-3.689093183088494945e-19,-4.570179264516707087e-06,1.387778780781445676e-16,-4.793147690275272044e-19,-4.642525967154772278e-06,4.718447854656915297e-16,-2.493690890467369629e-06,-8.178979226541300255e-08
5.471062183999146622e-02,5.551115123125782702e-17,-4.285722015310742747e-19,-4.329879835537068494e-06,1.665334536937734811e-16,-5.493802756332188605e-19,-4.413120724869986210e-06,4.163336342344337027e-16,-2.669922997411328028e-06,2.611996253088899923e-07
5.567045731086835147e-02,5.551115123125782702e-17,-4.943496038412910354e-19,-4.010352307154909268e-06,1.387778780781445676e-16,-6.291601913527332737e-19,-4.103862992245889651e-06,4.718447854656915297e-16,-2.855020419698717732e-06,6.680316125801608223e-07
5.663029278174523673e-02,5.551115123125782702e-17,-5.643621708877792978e-19,-3.604922075262147511e-06,1.665334536937734811e-16,-7.229426204815453394e-19,-3.707910870255569262e-06,4.718447854656915297e-16,-3.049243930735804678e-06,1.143421852443906673e-06
5.759012825262212198e-02,5.551115123125782702e-17,-6.469081785756710355e-19,-3.106834377948114183e-06,1.942890293094023946e-16,-8.235674876373960500e-19,-3.218333948652359863e-06,4.996003610813204432e-16,-3.252855417030348949e-06,1.692064583456603514e-06
5.854996372349900724e-02,5.551115123125782702e-17,-7.426626062848095192e-19,-2.509355377492895967e-06,1.942890293094023946e-16,-9.469696001405069306e-19,-2.628204763594604538e-06,4.163336342344337027e-16,-3.466117686012631949e-06,2.318537336476844641e-06
5.950979919437589249e-02,5.551115123125782702e-17,-8.414742935379439931e-19,-1.805679578002595690e-06,2.498001805406602216e-16,-1.083077206852432316e-18,-1.930507478025172340e-06,4.163336342344337027e-16,-3.689294299641442540e-06,3.027384539454432695e-06
6.046963466525277775e-02,5.551115123125782702e-17,-9.610250531090079769e-19,-9.890873366756915186e-07,2.220446049250313081e-16,-1.237594545277337886e-18,-1.118270058783087008e-06,3.885780586188047891e-16,-3.922649417212013557e-06,3.823059661983239204e-06
6.142947013612966300e-02,8.326672684688674053e-17,-1.092169576145615197e-18,-5.285798400976802772e-08,2.498001805406602216e-16,-1.406683497372977591e-18,-1.845106639170825178e-07,4.440892098500626162e-16,-4.166447653506642168e-06,4.709948769534299688e-06
6.238930560700654826e-02,8.326672684688674053e-17,-1.241909119352414478e-18,1.009660337662869410e-06,2.498001805406602216e-16,-1.593057215548525363e-18,8.777323154462716884e-07,4.440892098500626162e-16,-4.420953911706627811e-06,5.692362619487209907e-06
6.334914107788404414e-02,1.110223024625156540e-16,-1.400860145860604276e-18,2.205141614239373036e-06,2.498001805406602216e-16,-1.804762512802897054e-18,2.075469777939975147e-06,4.163336342344337027e-16,-4.686433227142780185e-06,6.774588596892405152e-06
6.430897654876162328e-02,1.110223024625156540e-16,-1.578975292800422620e-18,3.540168980272609641e-06,2.775557561562891351e-16,-2.036055446962524440e-18,3.415635187745597168e-06,4.163336342344337027e-16,-4.963150593443095644e-06,7.960795783710012375e-06
6.526881201963920243e-02,1.110223024625156540e-16,-1.773157595958470972e-18,5.021264053423351769e-06,2.775557561562891351e-16,-2.291382941000492598e-18,4.905149596992646987e-06,4.163336342344337027e-16,-5.251370796211680913e-06,9.255111995711468831e-06
6.622864749051678157e-02,1.387778780781445676e-16,-1.982427673489486550e-18,6.654939751594168523e-06,2.775557561562891351e-16,-2.578235942544081748e-18,6.550985436853314272e-06,3.885780586188047891e-16,-5.551358227369912941e-06,1.066166388148116774e-05
6.718848296139436072e-02,1.387778780781445676e-16,-2.224890854641030022e-18,8.447693007108240823e-06,2.775557561562891351e-16,-2.884358943637706230e-18,8.360146950381035298e-06,4.163336342344337027e-16,-5.863376698195983536e-06,1.218451982228090163e-05
6.814831843227193986e-02,1.387778780781445676e-16,-2.489323952861981909e-18,1.040610888623201295e-05,3.053113317719180486e-16,-3.228095501545341986e-18,1.033974519567985407e-05,3.885780586188047891e-16,-6.187689245283473038e-06,1.382771219056496519e-05
6.910815390314951900e-02,1.387778780781445676e-16,-2.787479550295495628e-18,1.253678048023044410e-05,3.330669073875469621e-16,-3.606772168527217631e-18,1.249693379551033950e-05,3.885780586188047891e-16,-6.524557930352630650e-06,1.559521206022184588e-05
7.006798937402709815e-02,1.387778780781445676e-16,-3.110728498791417995e-18,1.484636351410537625e-05,3.053113317719180486e-16,-4.021500675326604435e-18,1.483896021092933576e-05,3.885780586188047891e-16,-6.874243646346594350e-06,1.749105971369532172e-05
7.102782484490467729e-02,1.110223024625156540e-16,-3.463755949339249358e-18,1.734152464771405560e-05,2.775557561562891351e-16,-4.475086818581282266e-18,1.737310271528616452e-05,3.885780586188047891e-16,-7.237005924321654212e-06,1.951927443956798193e-05
7.198766031578225644e-02,1.387778780781445676e-16,-3.849129470560354316e-18,2.002902146064457887e-05,3.053113317719180486e-16,-4.970177576251420815e-18,2.010674155237230664e-05,3.885780586188047891e-16,-7.613102743835451786e-06,2.168386548149361403e-05
7.294749578665983558e-02,1.110223024625156540e-16,-4.268093142096012621e-18,2.291565699117783053e-05,3.608224830031758756e-16,-5.506031794508172567e-18,2.304737008114958176e-05,3.885780586188047891e-16,-8.002790337154844241e-06,2.398889126710373080e-05
7.390733125753741473e-02,1.387778780781445676e-16,-4.741584559611166511e-18,2.600824891526935643e-05,3.608224830031758756e-16,-6.111130956202963371e-18,2.620255916549320236e-05,3.885780586188047891e-16,-8.406322993014567446e-06,2.643847120091172417e-05
7.486716672841499387e-02,1.110223024625156540e-16,-5.238369383175813659e-18,2.931353603956051281e-05,3.885780586188047891e-16,-6.749211463281468495e-18,2.957983691580111219e-05,3.885780586188047891e-16,-8.823952867294118581e-06,2.903664130164720068e-05
7.582700219929257301e-02,1.387778780781445676e-16,-5.794552392166668620e-18,3.283824938803721197e-05,3.330669073875469621e-16,-7.447590128292639125e-18,3.318669846974732837e-05,3.885780586188047891e-16,-9.255929791937851756e-06,3.178733707741460428e-05
7.678683767017015216e-02,1.110223024625156540e-16,-6.382022680646729298e-18,3.658913941905521725e-05,3.885780586188047891e-16,-8.222307637675103573e-18,3.703063824848612897e-05,3.885780586188047891e-16,-9.702501093916367155e-06,3.469441250992995215e-05
7.774667314104773130e-02,1.387778780781445676e-16,-7.033443956644489653e-18,4.057318254238473777e-05,3.885780586188047891e-16,-9.071828744211963419e-18,4.111934778705373083e-05,3.885780586188047891e-16,-1.016391142858901798e-05,3.776186947834635655e-05
7.870650861192531045e-02,1.387778780781445676e-16,-7.754004296961882273e-18,4.479759407630582000e-05,4.163336342344337027e-16,-1.001605872216369472e-17,4.546076858544701745e-05,3.885780586188047891e-16,-1.064040261929991582e-05,4.099387852630464053e-05
7.966634408280288959e-02,1.110223024625156540e-16,-8.515010460510667734e-18,4.926986148769227114e-05,4.163336342344337027e-16,-1.102381617115949855e-17,5.006320303767299674e-05,3.885780586188047891e-16,-1.113221348861368355e-05,4.439488501985423857e-05
8.062617955368046874e-02,1.110223024625156540e-16,-9.336897117143356031e-18,5.399758433015021625e-05,4.163336342344337027e-16,-1.211490048634144417e-17,5.493518527541364484e-05,3.885780586188047891e-16,-1.163957968386461355e-05,4.796947781512019406e-05
8.158601502455804788e-02,1.110223024625156540e-16,-1.023046393693743950e-17,5.898849776280543897e-05,3.885780586188047891e-16,-1.331080512874610947e-17,6.008543477332638184e-05,3.885780586188047891e-16,-1.216273350825620760e-05,5.172233047481578387e-05
8.254585049543562703e-02,1.110223024625156540e-16,-1.121641028754144509e-17,6.425042798633472997e-05,4.163336342344337027e-16,-1.459914224151990028e-17,6.552277248369155660e-05,3.608224830031758756e-16,-1.270190374841092356e-05,5.565809263855860947e-05
8.350568596631320617e-02,1.110223024625156540e-16,-1.229002454818627077e-17,6.979132351488694086e-05,3.885780586188047891e-16,-1.601231083489529361e-17,7.125619347168528383e-05,3.330669073875469621e-16,-1.325731550445955902e-05,5.978146345736175764e-05
8.446552143719078531e-02,8.326672684688674053e-17,-1.344156583997849208e-17,7.561917364355474425e-05,3.885780586188047891e-16,-1.755380491977971344e-17,7.729480904850895544e-05,3.885780586188047891e-16,-1.382919001496606995e-05,6.409715759923937002e-05
8.542535690806836446e-02,1.110223024625156540e-16,-1.468056328357471990e-17,8.174191222294520116e-05,3.885780586188047891e-16,-1.921441301287176925e-17,8.364769937839118573e-05,3.885780586188047891e-16,-1.441774448381903908e-05,6.860976205468749404e-05
8.638519237894594360e-02,1.110223024625156540e-16,-1.604746270220634707e-17,8.816752331895938595e-05,3.885780586188047891e-16,-2.101764027845776789e-17,9.032396726791963246e-05,3.885780586188047891e-16,-1.502319192033889272e-05,7.332371263614746964e-05
8.734502784982352275e-02,1.387778780781445676e-16,-1.749758310790570925e-17,9.490406179823427963e-05,3.885780586188047891e-16,-2.299027413349462659e-17,9.733275294973870036e-05,3.885780586188047891e-16,-1.564574098096797991e-05,7.824334093824450388e-05
8.830486332070110189e-02,1.110223024625156540e-16,-1.908915801579653959e-17,1.019596443832029560e-04,3.885780586188047891e-16,-2.509928029303942765e-17,1.046832802575795138e-04,3.608224830031758756e-16,-1.628559581865235794e-05,8.337297400667784348e-05
8.926469879157868104e-02,1.110223024625156540e-16,-2.079127072330405612e-17,1.093424298296585172e-04,3.885780586188047891e-16,-2.737589309702217338e-17,1.123848335438993088e-04,3.608224830031758756e-16,-1.694295592727850457e-05,8.871688666533536017e-05
9.022453426245626018e-02,1.110223024625156540e-16,-2.266183710819677163e-17,1.170606568540400935e-04,3.885780586188047891e-16,-2.984097073176900095e-17,1.204467103996893833e-04,3.885780586188047891e-16,-1.761801600007552161e-05,9.427923607675281514e-05
9.118436973333383933e-02,1.110223024625156540e-16,-2.462430656786657873e-17,1.251226836213799895e-04,3.330669073875469621e-16,-3.254766451472011768e-17,1.288782663290789299e-04,3.885780586188047891e-16,-1.831096577355629051e-05,1.000640715946439193e-04
9.214420520421141847e-02,1.110223024625156540e-16,-2.675480618844795766e-17,1.335369351538809985e-04,3.885780586188047891e-16,-3.544388191961938411e-17,1.376888769183443495e-04,3.885780586188047891e-16,-1.902198988438962953e-05,1.060753793548476008e-04
9.310404067508899761e-02,8.326672684688674053e-17,-2.906170042029504463e-17,1.423118564190812413e-04,3.885780586188047891e-16,-3.855439866017398853e-17,1.468879481802778421e-04,3.885780586188047891e-16,-1.975126771258912145e-05,1.123171102584364842e-04
9.406387614596657676e-02,5.551115123125782702e-17,-3.152201349471356676e-17,1.514559795230122812e-04,3.330669073875469621e-16,-4.190187286772298347e-17,1.564849955880740330e-04,3.885780586188047891e-16,-2.049897323408832336e-05,1.187932110078576431e-04
9.502371161684415590e-02,1.110223024625156540e-16,-3.419683766302424044e-17,1.609780141866273395e-04,3.608224830031758756e-16,-4.553373838731260975e-17,1.664897534467868381e-04,3.885780586188047891e-16,-2.126527485699631465e-05,1.255077352073127167e-04
9.598354708772173505e-02,1.110223024625156540e-16,-3.702232781682777280e-17,1.708869987649952449e-04,3.885780586188047891e-16,-4.942341956022276370e-17,1.769123050743719768e-04,3.885780586188047891e-16,-2.205033527549753083e-05,1.324649990220379985e-04
9.694338255859931419e-02,1.110223024625156540e-16,-4.007789329492925448e-17,1.811921719291773524e-04,3.330669073875469621e-16,-5.358690413333287023e-17,1.877629120766306748e-04,3.885780586188047891e-16,-2.285431133198420189e-05,1.396694741038397990e-04
9.790321802947689334e-02,1.110223024625156540e-16,-4.330434767013929126e-17,1.919029384407427378e-04,3.330669073875469621e-16,-5.806135567720371177e-17,1.990519318258386335e-04,3.885780586188047891e-16,-2.367735388345977137e-05,1.471256612832306057e-04
9.886305350035447248e-02,1.110223024625156540e-16,-4.679581747872151726e-17,2.030286694491670080e-04,3.330669073875469621e-16,-6.283555100528416884e-17,2.107896162512299136e-04,3.885780586188047891e-16,-2.451960766386066361e-05,1.548378940291880376e-04
9.982288897123205162e-02,1.110223024625156540e-16,-5.049925728235413191e-17,2.145787271146496497e-04,3.330669073875469621e-16,-6.790049039250966451e-17,2.229861684098595400e-04,4.163336342344337027e-16,-2.538121113824888257e-05,1.628104015931570525e-04
1.007827244421096308e-01,1.110223024625156540e-16,-5.441032603718245694e-17,2.265624444592281871e-04,3.330669073875469621e-16,-7.334024185889518807e-17,2.356517825106084995e-04,4.163336342344337027e-16,-2.626229635360672113e-05,1.710473834490507680e-04
1.017425599129872099e-01,1.110223024625156540e-16,-5.862611489478551652e-17,2.389890031830278956e-04,3.053113317719180486e-16,-7.918000463462155497e-17,2.487965444929509111e-04,4.163336342344337027e-16,-2.716298878397050524e-05,1.795529107731307192e-04
1.027023953838647891e-01,1.387778780781445676e-16,-6.305535605509665978e-17,2.518674413420657777e-04,3.330669073875469621e-16,-8.539023844565327148e-17,2.624303404552908239e-04,4.163336342344337027e-16,-2.808340717922400826e-05,1.883308697276348627e-04
1.036622308547423682e-01,1.387778780781445676e-16,-6.777883528546026562e-17,2.652065531006543965e-04,3.330669073875469621e-16,-9.195760252307108237e-17,2.765628009963704676e-04,4.163336342344337027e-16,-2.902366341190898831e-05,1.973848958123966665e-04
1.046220663256199473e-01,1.387778780781445676e-16,-7.280227005827030057e-17,2.790150200481842746e-04,2.775557561562891351e-16,-9.899570516092547068e-17,2.912035252207183407e-04,4.163336342344337027e-16,-2.998386232357007434e-05,2.067185930357238490e-04
1.055819017964975265e-01,1.387778780781445676e-16,-7.815573004315429229e-17,2.933013337864577184e-04,3.053113317719180486e-16,-1.064512891626578223e-16,3.063619823445177994e-04,4.163336342344337027e-16,-3.096410156663253593e-05,2.163354575836110927e-04
1.065417372673751056e-01,1.387778780781445676e-16,-8.381835705378610363e-17,3.080739395818091284e-04,2.775557561562891351e-16,-1.143797293071948870e-16,3.220475657119100982e-04,4.163336342344337027e-16,-3.196447144624457937e-05,2.262389040055156253e-04
1.075015727382526848e-01,1.387778780781445676e-16,-8.982911460573943241e-17,3.233410531758582410e-04,3.053113317719180486e-16,-1.228028366929284632e-16,3.382694532579123598e-04,4.440892098500626162e-16,-3.298505477475914733e-05,2.364321394681608045e-04
1.084614082091302639e-01,1.665334536937734811e-16,-9.617656775422634557e-17,3.391107581537592254e-04,2.775557561562891351e-16,-1.317081175838865498e-16,3.550367134027324848e-04,4.718447854656915297e-16,-3.402592672383439716e-05,2.469182571018339596e-04
1.094212436800078431e-01,1.387778780781445676e-16,-1.028643163892726739e-16,3.553909186567168568e-04,3.330669073875469621e-16,-1.411679932970593895e-16,3.723582477190304435e-04,4.718447854656915297e-16,-3.508715467250350857e-05,2.577002166745067085e-04
1.103810791508854222e-01,1.387778780781445676e-16,-1.100435558919633100e-16,3.721892097508113753e-04,3.053113317719180486e-16,-1.511405357015578946e-16,3.902427820508155539e-04,4.996003610813204432e-16,-3.616879805552449326e-05,2.687808867550242121e-04
1.113409146217630014e-01,1.387778780781445676e-16,-1.175783374742639387e-16,3.895129976523392743e-04,3.330669073875469621e-16,-1.617197654545272922e-16,4.086986555531211011e-04,4.996003610813204432e-16,-3.727090821485555620e-05,2.801628223263305430e-04
1.123007500926405805e-01,1.110223024625156540e-16,-1.255362120137180904e-16,4.073693651964930369e-04,3.330669073875469621e-16,-1.729586221151709763e-16,4.277338670789138965e-04,5.273559366969493567e-16,-3.839352825515324668e-05,2.918483255752368430e-04
1.132605855635181596e-01,1.110223024625156540e-16,-1.339137913785367479e-16,4.257650637605676675e-04,3.330669073875469621e-16,-1.847815079929465004e-16,4.473561146259498900e-04,4.718447854656915297e-16,-3.953669291067566413e-05,3.038394439497751377e-04
1.142204210343957388e-01,1.110223024625156540e-16,-1.427184871070083863e-16,4.447065006297064261e-04,3.053113317719180486e-16,-1.972405156141100041e-16,4.675727165065194551e-04,4.718447854656915297e-16,-4.070042842513246079e-05,3.161379257168251073e-04
1.151802565052733179e-01,1.110223024625156540e-16,-1.520278027138067742e-16,4.641996744374507033e-04,3.330669073875469621e-16,-2.104211953063341717e-16,4.883904693524451519e-04,4.163336342344337027e-16,-4.188475244264533502e-05,3.287451082843850098e-04
1.161400919761508971e-01,1.110223024625156540e-16,-1.617616935854163801e-16,4.842501718577898605e-04,3.053113317719180486e-16,-2.242919950923337805e-16,5.098156712561031619e-04,4.163336342344337027e-16,-4.308967389257394601e-05,3.416619025690514466e-04
1.170999274470284762e-01,1.387778780781445676e-16,-1.721024835637336922e-16,5.048631688687521329e-04,3.053113317719180486e-16,-2.389158071684424622e-16,5.318541831135732484e-04,4.163336342344337027e-16,-4.431519285964342838e-05,3.548888288794354467e-04
1.180597629179060554e-01,1.110223024625156540e-16,-1.829275646296436506e-16,5.260433607945662251e-04,2.775557561562891351e-16,-2.543195248307355411e-16,5.545113608314637113e-04,4.718447854656915297e-16,-4.556130043625566652e-05,3.684259373589521464e-04
1.190195983887836345e-01,1.110223024625156540e-16,-1.943728855711805703e-16,5.477950020063617744e-04,3.053113317719180486e-16,-2.704313620369332150e-16,5.777920106169970142e-04,4.718447854656915297e-16,-4.682797858653901579e-05,3.822727832523409850e-04
1.199794338596612137e-01,8.326672684688674053e-17,-2.063075797979936621e-16,5.701218393959114330e-04,3.053113317719180486e-16,-2.874126785634874282e-16,6.017003337490391904e-04,4.163336342344337027e-16,-4.811520001199793341e-05,3.964284122244369243e-04
1.209392693305387928e-01,1.110223024625156540e-16,-2.189232885143992113e-16,5.930271614835463554e-04,3.330669073875469621e-16,-3.052122289170892955e-16,6.262400680325511853e-04,4.440892098500626162e-16,-4.942292802345231689e-05,4.108914080124671624e-04
1.218991048014163719e-01,8.326672684688674053e-17,-2.321463198539860939e-16,6.165137688639603028e-04,3.053113317719180486e-16,-3.239384333149873674e-16,6.514144348634058179e-04,4.718447854656915297e-16,-5.075111640670358089e-05,4.256598278138297442e-04
1.228589402722939511e-01,1.110223024625156540e-16,-2.460380837054302466e-16,6.405840370911741310e-04,3.330669073875469621e-16,-3.435629161534486248e-16,6.772261311967258572e-04,4.440892098500626162e-16,-5.209970930841712025e-05,4.407312297182941160e-04
1.238187757431715302e-01,5.551115123125782702e-17,-2.605824864427338378e-16,6.652398192577617603e-04,3.330669073875469621e-16,-3.641017710584708994e-16,7.036772443546852407e-04,4.718447854656915297e-16,-5.346864112342622293e-05,4.561026734248171087e-04
1.247786112140491094e-01,5.551115123125782702e-17,-2.758032449884199877e-16,6.904824470191304455e-04,3.330669073875469621e-16,-3.856185255010982638e-16,7.307692899745758548e-04,5.273559366969493567e-16,-5.485783640600553143e-05,4.717707724634322944e-04
1.257384466849256199e-01,2.775557561562891351e-17,-2.916868068153326277e-16,7.163127444007089161e-04,3.885780586188047891e-16,-4.081108501407257685e-16,7.585032755581143024e-04,4.996003610813204432e-16,-5.626720977977188394e-05,4.877316957693658781e-04
1.266982821558018113e-01,5.551115123125782702e-17,-3.083157576358290519e-16,7.427310657458258310e-04,3.608224830031758756e-16,-4.317168113477558647e-16,7.868796875985927409e-04,4.996003610813204432e-16,-5.769666585451623631e-05,5.039811780125555678e-04
1.276581176266780027e-01,2.775557561562891351e-17,-3.257320255807983483e-16,7.697373152915588587e-04,3.330669073875469621e-16,-4.563252360478614253e-16,8.158985325628249083e-04,5.273559366969493567e-16,-5.914609913930108357e-05,5.205145758806733591e-04
1.286179530975541940e-01,5.551115123125782702e-17,-3.439184582330586173e-16,7.973308729067286275e-04,3.885780586188047891e-16,-4.820748258861553420e-16,8.455592776325824645e-04,5.273559366969493567e-16,-6.061539395843272478e-05,5.373268126424888625e-04
1.295777885684303854e-01,0.000000000000000000e+00,-3.629786053704116972e-16,8.255106332071929535e-04,3.330669073875469621e-16,-5.089101002045924582e-16,8.758608583796119711e-04,5.273559366969493567e-16,-6.210442437513677080e-05,5.544123719547895636e-04
1.305376240393065768e-01,0.000000000000000000e+00,-3.827218845797253702e-16,8.542751288740728062e-04,3.885780586188047891e-16,-5.368482114203546735e-16,9.068017820662524096e-04,4.996003610813204432e-16,-6.361305411650588874e-05,5.717653783709992577e-04
1.314974595101827681e-01,0.000000000000000000e+00,-4.033848298115203998e-16,8.836226534148510121e-04,3.885780586188047891e-16,-5.659518399715388060e-16,9.383802343822070539e-04,5.273559366969493567e-16,-6.514113650745549113e-05,5.893796836408124809e-04
1.324572949810589595e-01,2.775557561562891351e-17,-4.249140779901197651e-16,9.135512645040807156e-04,3.885780586188047891e-16,-5.962658786043493336e-16,9.705941273475841629e-04,4.996003610813204432e-16,-6.668851440157448683e-05,6.072489389178354182e-04
1.334171304519351509e-01,2.775557561562891351e-17,-4.473223346097322806e-16,9.440588004426121553e-04,3.885780586188047891e-16,-6.277843980881554764e-16,1.003441180834343258e-03,5.273559366969493567e-16,-6.825502011644108151e-05,6.253667027222572583e-04
1.343769659228113422e-01,5.551115123125782702e-17,-4.705835534072298765e-16,9.751427884148776773e-04,3.885780586188047891e-16,-6.605865960035255113e-16,1.036918837635086897e-03,4.996003610813204432e-16,-6.984047536442975390e-05,6.437263328841584531e-04
1.353368013936875336e-01,5.551115123125782702e-17,-4.948588824008276835e-16,1.006800390211297054e-03,3.608224830031758756e-16,-6.946186857583087904e-16,1.071024167186616829e-03,4.996003610813204432e-16,-7.144469117393669030e-05,6.623208934302058900e-04
1.362966368645637250e-01,5.551115123125782702e-17,-5.200475246698024398e-16,1.039028370981531302e-03,3.885780586188047891e-16,-7.299179368021845027e-16,1.105753772362186912e-03,4.996003610813204432e-16,-7.306746782026377984e-05,6.811430328273411538e-04
1.372564723354399163e-01,8.326672684688674053e-17,-5.461583740601003156e-16,1.071823145430805813e-03,3.885780586188047891e-16,-7.664250568288448473e-16,1.141103791954678134e-03,5.273559366969493567e-16,-7.470859476619612263e-05,7.001850550764063047e-04
1.382163078063161077e-01,5.551115123125782702e-17,-5.734133532039019376e-16,1.105180767989387023e-03,3.608224830031758756e-16,-8.043704387999429939e-16,1.177069964448894867e-03,4.996003610813204432e-16,-7.636785061534947432e-05,7.194389785662446161e-04
1.391761432771922991e-01,8.326672684688674053e-17,-6.015509406787425406e-16,1.139097110297768688e-03,3.885780586188047891e-16,-8.436299923887061875e-16,1.213647781985701009e-03,4.996003610813204432e-16,-7.804500306244098245e-05,7.388966763269426462e-04
1.401359787480684904e-01,5.551115123125782702e-17,-6.306558397793475546e-16,1.173567703720800309e-03,3.330669073875469621e-16,-8.842109173751860896e-16,1.250832311929802633e-03,4.996003610813204432e-16,-7.973980885728096206e-05,7.585496671175510517e-04
1.410958142189446818e-01,1.110223024625156540e-16,-6.607699786366060674e-16,1.208587877222567922e-03,3.330669073875469621e-16,-9.262618680416258299e-16,1.288618326375625149e-03,4.996003610813204432e-16,-8.145201378131805190e-05,7.783892608506997549e-04
1.420556496898208731e-01,8.326672684688674053e-17,-6.920318471373941571e-16,1.244152701701351643e-03,3.330669073875469621e-16,-9.696452015340965847e-16,1.327000309977448712e-03,4.996003610813204432e-16,-8.318135263141380369e-05,7.984066273146202654e-04
1.430154851606970645e-01,5.551115123125782702e-17,-7.242631448463147936e-16,1.280257173332199211e-03,3.330669073875469621e-16,-1.014352024006652184e-15,1.365972629295414626e-03,4.718447854656915297e-16,-8.492754920806409944e-05,8.185929155405999693e-04
1.439753206315732559e-01,5.551115123125782702e-17,-7.575413752780417453e-16,1.316896063221865802e-03,3.608224830031758756e-16,-1.060437392600864157e-15,1.405529378462247849e-03,4.718447854656915297e-16,-8.669031629909306250e-05,8.389390626186899900e-04
1.449351561024494472e-01,1.110223024625156540e-16,-7.918038579944781941e-16,1.354063858224327727e-03,3.330669073875469621e-16,-1.107963564238355694e-15,1.445664359359028796e-03,5.273559366969493567e-16,-8.846935566715834578e-05,8.594357985014771523e-04
1.458949915733256386e-01,8.326672684688674053e-17,-8.270997209065648892e-16,1.391754722307123439e-03,3.330669073875469621e-16,-1.156988137159540089e-15,1.486371028472935601e-03,4.996003610813204432e-16,-9.026435804221131880e-05,8.800736088830723135e-04
1.468548270442018300e-01,5.551115123125782702e-17,-8.635187495067107866e-16,1.429962493250234610e-03,3.330669073875469621e-16,-1.207302317742919157e-15,1.527642445246993200e-03,5.273559366969493567e-16,-9.207500311059685144e-05,9.008426920989623474e-04
1.478146625150780213e-01,5.551115123125782702e-17,-9.010486618171806988e-16,1.468680665765661119e-03,2.775557561562891351e-16,-1.258943375438172085e-15,1.569471327818616237e-03,5.273559366969493567e-16,-9.390095951283152615e-05,9.217329677443409112e-04
1.487744979859542127e-01,2.775557561562891351e-17,-9.395340272921534619e-16,1.507902326937251994e-03,3.330669073875469621e-16,-1.312037941670913394e-15,1.611850058346558879e-03,5.273559366969493567e-16,-9.574188483682523310e-05,9.427340911115127337e-04
1.497343334568304041e-01,5.551115123125782702e-17,-9.790819955994567447e-16,1.547620226802371790e-03,3.330669073875469621e-16,-1.366422539082323001e-15,1.654770676753611770e-03,5.273559366969493567e-16,-9.759742562564519615e-05,9.638354640859409178e-04
1.506941689277065954e-01,5.551115123125782702e-17,-1.019690872673196039e-15,1.587826715957524251e-03,3.330669073875469621e-16,-1.422171283055285659e-15,1.698224700949646764e-03,5.273559366969493567e-16,-9.946721738599372908e-05,9.850260553829588098e-04
1.516540043985827868e-01,5.551115123125782702e-17,-1.061258167526753574e-15,1.628513684722506395e-03,3.053113317719180486e-16,-1.479197352712707803e-15,1.742203069628625242e-03,5.273559366969493567e-16,-1.013508846175098158e-04,1.006294347865123017e-03
1.526138398694589782e-01,8.326672684688674053e-17,-1.103892300377377900e-15,1.669672413631615370e-03,3.330669073875469621e-16,-1.537466443220225631e-15,1.786696037776257977e-03,5.273559366969493567e-16,-1.032480408332313120e-04,1.027628231027003999e-03
1.535736753403351695e-01,8.326672684688674053e-17,-1.147565319137809625e-15,1.711293510837494499e-03,3.330669073875469621e-16,-1.597078504465615154e-15,1.831693127966502318e-03,5.273559366969493567e-16,-1.051582885778579380e-04,1.049014926577643628e-03
1.545335108112113609e-01,1.110223024625156540e-16,-1.192218355018214576e-15,1.753366925007184690e-03,3.330669073875469621e-16,-1.657916222385681648e-15,1.877183153980034819e-03,5.273559366969493567e-16,-1.070812194357934972e-04,1.070441056539170582e-03
1.554933462820875523e-01,5.551115123125782702e-17,-1.237776022086287120e-15,1.795882066699845464e-03,3.330669073875469621e-16,-1.720063029725729664e-15,1.923154344415519378e-03,5.273559366969493567e-16,-1.090164140469382159e-04,1.091892768089531120e-03
1.564531817529637436e-01,5.551115123125782702e-17,-1.284330646933277975e-15,1.838827806984560899e-03,3.330669073875469621e-16,-1.783389330444829293e-15,1.969594405939499322e-03,5.273559366969493567e-16,-1.109634421271566779e-04,1.113355815319771232e-03
1.574130172238399350e-01,5.551115123125782702e-17,-1.331844960109507953e-15,1.882192531631689172e-03,3.053113317719180486e-16,-1.847920112014924537e-15,2.016490503213074197e-03,5.273559366969493567e-16,-1.129218624945042143e-04,1.134815535063363147e-03
1.583728526947161264e-01,5.551115123125782702e-17,-1.380208847331833993e-15,1.925964070914184525e-03,3.330669073875469621e-16,-1.913534672241031659e-15,2.063829170318777408e-03,5.273559366969493567e-16,-1.148912231008517932e-04,1.156256762992989573e-03
1.593326881655923177e-01,5.551115123125782702e-17,-1.429379956952893382e-15,1.970129824777250554e-03,3.053113317719180486e-16,-1.980125014422375734e-15,2.111596477021453894e-03,5.273559366969493567e-16,-1.168710610615418901e-04,1.177664007575034057e-03
1.602925236364685091e-01,5.551115123125782702e-17,-1.479394287872944427e-15,2.014676772241608734e-03,2.775557561562891351e-16,-2.047934660531292375e-15,2.159778037604878197e-03,4.996003610813204432e-16,-1.188609026971604397e-04,1.199021466960919352e-03
1.612523591073447005e-01,5.551115123125782702e-17,-1.530330190639608151e-15,2.059591453125906961e-03,3.053113317719180486e-16,-2.116479531238425749e-15,2.208358972971501220e-03,5.273559366969493567e-16,-1.208602635702469858e-04,1.220312984982913681e-03
1.622121945782208918e-01,8.326672684688674053e-17,-1.581886545040135650e-15,2.104859877418364684e-03,2.775557561562891351e-16,-2.186033641702212621e-15,2.257323796342290169e-03,5.273559366969493567e-16,-1.228686485295892603e-04,1.241521946478389791e-03
1.631720300490970832e-01,8.326672684688674053e-17,-1.634263674366552566e-15,2.150467412410678181e-03,2.775557561562891351e-16,-2.256361093246842670e-15,2.306656303552832420e-03,5.273559366969493567e-16,-1.248855517589297860e-04,1.262631198948633562e-03
1.641318655199732746e-01,1.110223024625156540e-16,-1.687406097960813742e-15,2.196398854380931902e-03,2.775557561562891351e-16,-2.327598681693297464e-15,2.356339699191677042e-03,5.273559366969493567e-16,-1.269104568197981244e-04,1.283623209975556703e-03
1.650917009908494659e-01,1.110223024625156540e-16,-1.741161773408887031e-15,2.242638299064402506e-03,2.498001805406602216e-16,-2.399496955838610612e-15,2.406356457434519636e-03,5.273559366969493567e-16,-1.289428366898901683e-04,1.304479947650272588e-03
1.660515364617256573e-01,1.110223024625156540e-16,-1.795540018073192232e-15,2.289169272847004725e-03,2.775557561562891351e-16,-2.472080056121778863e-15,2.456688433724056944e-03,5.551115123125782702e-16,-1.309821538022960948e-04,1.325182957322581720e-03
1.670113719326018487e-01,5.551115123125782702e-17,-1.850434952835322555e-15,2.335974533343786446e-03,2.498001805406602216e-16,-2.545107848702255621e-15,2.507316681038019267e-03,5.551115123125782702e-16,-1.330278601037402362e-04,1.345713177877424930e-03
1.679712074034780400e-01,1.110223024625156540e-16,-1.905932128022950686e-15,2.383036216917403579e-03,2.775557561562891351e-16,-2.618763292696647815e-15,2.558221594591230264e-03,5.273559366969493567e-16,-1.350793971106729299e-04,1.366051045433893914e-03
1.689310428743542314e-01,1.387778780781445676e-16,-1.961815550234526778e-15,2.430335778228953983e-03,2.775557561562891351e-16,-2.692882910746135366e-15,2.609382942013995822e-03,5.273559366969493567e-16,-1.371361959714448514e-04,1.386176563792386506e-03
1.698908783452304228e-01,1.387778780781445676e-16,-2.018003904307114418e-15,2.477854053653720610e-03,2.775557561562891351e-16,-2.767321860216737789e-15,2.660779893331648941e-03,5.551115123125782702e-16,-1.391976775226221822e-04,1.406069379232070468e-03
1.708507138161066141e-01,1.387778780781445676e-16,-2.074591210897858834e-15,2.525571223936247476e-03,2.775557561562891351e-16,-2.841941227705105377e-15,2.712390951445783991e-03,5.828670879282071837e-16,-1.412632523437109557e-04,1.425708615200708658e-03
1.718105492869828055e-01,1.387778780781445676e-16,-2.131419074845623471e-15,2.573466901753737601e-03,2.498001805406602216e-16,-2.916891785075849397e-15,2.764194031772606013e-03,5.551115123125782702e-16,-1.433323207981384087e-04,1.445072957249320979e-03
1.727703847578589968e-01,1.387778780781445676e-16,-2.188517142303562230e-15,2.621520079504389630e-03,2.775557561562891351e-16,-2.991925351675424338e-15,2.816166475215409280e-03,5.551115123125782702e-16,-1.454042730796702512e-04,1.464140699009259389e-03
1.737302202287351882e-01,1.110223024625156540e-16,-2.245762169977849609e-15,2.669709150301916457e-03,2.775557561562891351e-16,-3.066964847505630060e-15,2.868285082447381319e-03,5.551115123125782702e-16,-1.474784892773062380e-04,1.482889856837732098e-03
1.746900556996113796e-01,1.665334536937734811e-16,-2.303188462702849409e-15,2.718011959910508930e-03,2.775557561562891351e-16,-3.141849336306488244e-15,2.920526093517370608e-03,5.551115123125782702e-16,-1.495543394579987230e-04,1.501298056318312512e-03
1.756498911704875709e-01,1.665334536937734811e-16,-2.360573250813433749e-15,2.766405839547175262e-03,3.053113317719180486e-16,-3.216564418517895568e-15,2.972865166658710586e-03,6.106226635438360972e-16,-1.516311837609546397e-04,1.519342486388069059e-03
1.766097266413637623e-01,1.942890293094023946e-16,-2.418015637164431381e-15,2.814867587663590076e-03,2.775557561562891351e-16,-3.291002520955550736e-15,3.025277432747846933e-03,6.106226635438360972e-16,-1.537083724989180358e-04,1.537000005555182788e-03
1.775695621122399537e-01,1.942890293094023946e-16,-2.475163256049784516e-15,2.863373459379763182e-03,3.330669073875469621e-16,-3.365109433510829473e-15,3.077737489637924484e-03,6.106226635438360972e-16,-1.557852462621543861e-04,1.554247173708962282e-03
1.785293975831161450e-01,1.387778780781445676e-16,-2.532139350763318655e-15,2.911899159397506390e-03,3.330669073875469621e-16,-3.438764030472274413e-15,3.130219335853209883e-03,6.106226635438360972e-16,-1.578611360408833637e-04,1.571060190647345558e-03
1.794892330539923364e-01,1.387778780781445676e-16,-2.588885052515199625e-15,2.960419901691444759e-03,3.330669073875469621e-16,-3.511685943934344384e-15,3.182696379013837725e-03,6.106226635438360972e-16,-1.599353633477055940e-04,1.587414866093100983e-03
1.804490685248685278e-01,1.387778780781445676e-16,-2.645317775593070131e-15,3.008910407768086714e-03,3.885780586188047891e-16,-3.583963265323553832e-15,3.235141509239801774e-03,6.106226635438360972e-16,-1.620072403412441760e-04,1.603286645264644225e-03
1.814089039957447191e-01,1.387778780781445676e-16,-2.701321052966682706e-15,3.057344914243803526e-03,3.608224830031758756e-16,-3.655468939697814612e-15,3.287527164441503540e-03,6.106226635438360972e-16,-1.640760699408659845e-04,1.618650678157711100e-03
1.823687394666209105e-01,1.110223024625156540e-16,-2.756726748596007373e-15,3.105697198853335853e-03,3.608224830031758756e-16,-3.726125887058926583e-15,3.339825260184410734e-03,6.106226635438360972e-16,-1.661411459418883694e-04,1.633481734158354548e-03
1.833285749374971019e-01,1.387778780781445676e-16,-2.811505639844363857e-15,3.153940598884695783e-03,3.608224830031758756e-16,-3.795694397082816779e-15,3.392007163215243672e-03,6.106226635438360972e-16,-1.682017531313347871e-04,1.647754150245873224e-03
1.842884104083732932e-01,1.387778780781445676e-16,-2.865726336380479758e-15,3.202048051636134478e-03,3.330669073875469621e-16,-3.864139741418647772e-15,3.444043760645041242e-03,5.551115123125782702e-16,-1.702571674191565747e-04,1.661441904934040726e-03
1.852482458792494846e-01,1.387778780781445676e-16,-2.919166915572174448e-15,3.249992131727064745e-03,3.330669073875469621e-16,-3.931455143802841529e-15,3.495905510019047500e-03,5.551115123125782702e-16,-1.723066559747488851e-04,1.674518671215260946e-03
1.862080813501256760e-01,1.942890293094023946e-16,-2.971808742694608332e-15,3.297745133194600678e-03,3.330669073875469621e-16,-3.997408517207850370e-15,3.547562554697961806e-03,5.273559366969493567e-16,-1.743494773693544887e-04,1.686957910618052531e-03
1.871679168210018673e-01,1.942890293094023946e-16,-3.023563302804793337e-15,3.345279043573071414e-03,3.330669073875469621e-16,-4.061962592183995108e-15,3.598984719332799006e-03,5.551115123125782702e-16,-1.763848817202385937e-04,1.698732890374377198e-03
1.881277522918780587e-01,1.942890293094023946e-16,-3.074538169087030759e-15,3.392565458226430922e-03,3.330669073875469621e-16,-4.124978455327926036e-15,3.650141391948355258e-03,5.551115123125782702e-16,-1.784121108394356916e-04,1.709816625381745808e-03
1.890875877627542501e-01,1.942890293094023946e-16,-3.124364882209264976e-15,3.439575504642286997e-03,3.885780586188047891e-16,-4.186517516528319091e-15,3.701001503742023125e-03,5.273559366969493567e-16,-1.804303983931625948e-04,1.720181842494943698e-03
1.900474232336304414e-01,1.942890293094023946e-16,-3.173294163923883263e-15,3.486279906907619863e-03,3.885780586188047891e-16,-4.246561988093281934e-15,3.751533565654381879e-03,5.551115123125782702e-16,-1.824389700610587603e-04,1.729800955277302228e-03
1.910072587045066328e-01,1.942890293094023946e-16,-3.220980848304879490e-15,3.532649011018762844e-03,3.608224830031758756e-16,-4.304820067172485457e-15,3.801705615324279652e-03,5.273559366969493567e-16,-1.844370437077794979e-04,1.738646066658939161e-03
1.919670941753828242e-01,1.665334536937734811e-16,-3.267494815570402139e-15,3.578652907704631386e-03,3.330669073875469621e-16,-4.361196039042889924e-15,3.851485328113253559e-03,5.273559366969493567e-16,-1.864238295641894099e-04,1.746689132751950545e-03
1.929269296462590155e-01,1.387778780781445676e-16,-3.312765338469355475e-15,3.624261526664369383e-03,3.330669073875469621e-16,-4.415823734910161516e-15,3.900840202398239264e-03,4.996003610813204432e-16,-1.883985304262039847e-04,1.753902104535616166e-03
1.938867651171352069e-01,1.387778780781445676e-16,-3.356819522056051636e-15,3.669444678429314901e-03,3.330669073875469621e-16,-4.468507913679958116e-15,3.949737660459203860e-03,5.273559366969493567e-16,-1.903603418454017445e-04,1.760256983755233064e-03
1.948466005880113983e-01,1.387778780781445676e-16,-3.399464666334990268e-15,3.714172031877618994e-03,3.330669073875469621e-16,-4.519378594909683258e-15,3.998145009928929898e-03,5.273559366969493567e-16,-1.923084523155698213e-04,1.765725820072686731e-03
1.958064360588875896e-01,1.387778780781445676e-16,-3.440753710865374765e-15,3.758413131315385160e-03,3.053113317719180486e-16,-4.568340063876297208e-15,4.046029390570389864e-03,5.273559366969493567e-16,-1.942420434703669423e-04,1.770280684364740386e-03
1.967662715297637810e-01,1.110223024625156540e-16,-3.480738748173461267e-15,3.802137455509353031e-03,3.330669073875469621e-16,-4.615227996188032630e-15,4.093357880230061308e-03,5.273559366969493567e-16,-1.961602902760195490e-04,1.773893788925332742e-03
1.977261070006399724e-01,1.110223024625156540e-16,-3.519280441339426441e-15,3.845314346306686303e-03,3.330669073875469621e-16,-4.660155894259821602e-15,4.140097487047830586e-03,5.273559366969493567e-16,-1.980623612224273922e-04,1.776537423500987225e-03
1.986859424715161637e-01,1.387778780781445676e-16,-3.556335591682960318e-15,3.887913084561163413e-03,3.330669073875469621e-16,-4.703011526226152927e-15,4.186215182941205662e-03,5.551115123125782702e-16,-1.999474184992401876e-04,1.778184001138260638e-03
1.996457779423923551e-01,1.387778780781445676e-16,-3.591957562279739918e-15,3.929902685722814343e-03,3.053113317719180486e-16,-4.743841902415599221e-15,4.231677648219074432e-03,5.273559366969493567e-16,-2.018146181828960159e-04,1.778805852272841983e-03
2.006056134132685465e-01,1.110223024625156540e-16,-3.626185740161812568e-15,3.971251997236866296e-03,3.053113317719180486e-16,-4.782562319533435052e-15,4.276451325821917747e-03,5.551115123125782702e-16,-2.036631104203524996e-04,1.778375286992562318e-03
2.015654488841447378e-01,1.110223024625156540e-16,-3.658871471046935137e-15,4.011929636787212386e-03,3.885780586188047891e-16,-4.819386229882368505e-15,4.320502440643405814e-03,5.551115123125782702e-16,-2.054920396235973622e-04,1.776864613126837890e-03
2.025252843550209292e-01,1.387778780781445676e-16,-3.690089717350939630e-15,4.051904231688140297e-03,3.885780586188047891e-16,-4.854137450609370685e-15,4.363797235609324573e-03,5.551115123125782702e-16,-2.073005446636891748e-04,1.774246335114227106e-03
2.034851198258971205e-01,1.387778780781445676e-16,-3.719855725666876625e-15,4.091144269511999207e-03,3.608224830031758756e-16,-4.886869344790118613e-15,4.406301789107340723e-03,5.273559366969493567e-16,-2.090877590707143510e-04,1.770493017972512304e-03
2.044449552967733119e-01,1.387778780781445676e-16,-3.748075475337600895e-15,4.129618199914647167e-03,3.330669073875469621e-16,-4.917679321213546534e-15,4.447982061694636877e-03,5.273559366969493567e-16,-2.108528112416599280e-04,1.765577354236926196e-03
2.054047907676495033e-01,1.387778780781445676e-16,-3.774914984820774283e-15,4.167294323585165813e-03,3.608224830031758756e-16,-4.946518251968713697e-15,4.488803784989722073e-03,5.273559366969493567e-16,-2.125948246553503317e-04,1.759472030705201391e-03
2.063646262385256946e-01,1.387778780781445676e-16,-3.800277480602172984e-15,4.204140817000916013e-03,3.330669073875469621e-16,-4.973504721668235706e-15,4.528732470662264094e-03,5.273559366969493567e-16,-2.143129180872291556e-04,1.752149772028318815e-03
2.073244617094018860e-01,1.387778780781445676e-16,-3.824258465646599922e-15,4.240125726863479966e-03,2.775557561562891351e-16,-4.998677693827686258e-15,4.567733496708511164e-03,5.273559366969493567e-16,-2.160062058232277969e-04,1.743583368754149767e-03
2.082842971802780774e-01,1.387778780781445676e-16,-3.846750578527990613e-15,4.275216889409337931e-03,3.053113317719180486e-16,-5.021988887569071858e-15,4.605772037900753881e-03,5.273559366969493567e-16,-2.176737978621904473e-04,1.733745644471115007e-03
2.092441326511542687e-01,1.387778780781445676e-16,-3.867893579682642018e-15,4.309382068087647989e-03,3.053113317719180486e-16,-5.043515382890592647e-15,4.642813247208159300e-03,5.551115123125782702e-16,-2.193148001203570896e-04,1.722609643212968293e-03
2.102039681220304601e-01,1.942890293094023946e-16,-3.887709703725419561e-15,4.342588929524987020e-03,2.775557561562891351e-16,-5.063321554296239951e-15,4.678822232399856319e-03,5.551115123125782702e-16,-2.209283146402699842e-04,1.710148639603121211e-03
2.111638035929066515e-01,1.942890293094023946e-16,-3.906216314831741955e-15,4.374805155757808400e-03,3.053113317719180486e-16,-5.081608572110986669e-15,4.713764081783357492e-03,5.828670879282071837e-16,-2.225134398197853845e-04,1.696336109056735758e-03
2.121236390637828428e-01,1.942890293094023946e-16,-3.923390331353796522e-15,4.405998346638673006e-03,2.775557561562891351e-16,-5.098333449412759642e-15,4.747603762722360510e-03,6.106226635438360972e-16,-2.240692706354355289e-04,1.681145622980964984e-03
2.130834745346590342e-01,1.942890293094023946e-16,-3.939449864275501242e-15,4.436135896329894759e-03,3.053113317719180486e-16,-5.113597194880518948e-15,4.780306032326583909e-03,5.828670879282071837e-16,-2.255948988669814119e-04,1.664550777998033068e-03
2.140433100055352256e-01,1.387778780781445676e-16,-3.954168755799939219e-15,4.465184939011326674e-03,2.775557561562891351e-16,-5.127433054557444317e-15,4.811835382816889717e-03,6.106226635438360972e-16,-2.270894133253229495e-04,1.646525153473382902e-03
2.150031454764114169e-01,1.942890293094023946e-16,-3.967723612296612974e-15,4.493112399850588030e-03,2.775557561562891351e-16,-5.139837428553509918e-15,4.842156048052428594e-03,5.828670879282071837e-16,-2.285519000771879809e-04,1.627042278944766576e-03
2.159629809472876083e-01,1.387778780781445676e-16,-3.980127351017968135e-15,4.519884990549592058e-03,2.775557561562891351e-16,-5.150910478514728573e-15,4.871232002132744147e-03,5.551115123125782702e-16,-2.299814426749438806e-04,1.606075629986611266e-03
2.169228164181637997e-01,1.942890293094023946e-16,-3.991336985041931545e-15,4.545469020974086082e-03,2.775557561562891351e-16,-5.160784553339108766e-15,4.899026798763985412e-03,5.551115123125782702e-16,-2.313771223798991603e-04,1.583598491146598949e-03
2.178826518890399910e-01,1.665334536937734811e-16,-4.001541826232214542e-15,4.569830381974632899e-03,2.775557561562891351e-16,-5.169458594235466428e-15,4.925503576782765125e-03,5.551115123125782702e-16,-2.327380183906147622e-04,1.559583974483848452e-03
2.188424873599161824e-01,1.387778780781445676e-16,-4.010682370524272511e-15,4.592934638836497496e-03,2.775557561562891351e-16,-5.176942977357405426e-15,4.950625118296198522e-03,5.551115123125782702e-16,-2.340632080616130621e-04,1.534005123323219869e-03
2.198023228307923738e-01,1.665334536937734811e-16,-4.018738077369134534e-15,4.614747177141975340e-03,3.053113317719180486e-16,-5.183339770175069902e-15,4.974354016825145719e-03,5.551115123125782702e-16,-2.353517671300791767e-04,1.506835001309722068e-03
2.207621583016685651e-01,1.387778780781445676e-16,-4.025758498194214989e-15,4.635233246221150995e-03,3.053113317719180486e-16,-5.188657866534406027e-15,4.996652720937794570e-03,5.828670879282071837e-16,-2.366027699398230342e-04,1.478046715917350797e-03
2.217219937725447565e-01,1.387778780781445676e-16,-4.031741197779790519e-15,4.654357916829014209e-03,3.053113317719180486e-16,-5.192912513028464377e-15,5.017483508739328975e-03,5.551115123125782702e-16,-2.378152896812969882e-04,1.447613404055988909e-03
2.226818292434209479e-01,1.387778780781445676e-16,-4.036685011455558650e-15,4.672086157805022295e-03,2.775557561562891351e-16,-5.196133779326872482e-15,5.036808537409440123e-03,5.551115123125782702e-16,-2.389883986364626351e-04,1.415508310125056278e-03
2.236416647142971392e-01,1.110223024625156540e-16,-4.040575433782297651e-15,4.688382952788713864e-03,2.775557561562891351e-16,-5.198256020376218131e-15,5.054589946180037055e-03,5.551115123125782702e-16,-2.401211684161900790e-04,1.381704907328664116e-03
2.246015001851733306e-01,1.665334536937734811e-16,-4.043360901629343418e-15,4.703213330352545157e-03,3.053113317719180486e-16,-5.199261872001082613e-15,5.070789948207813508e-03,5.551115123125782702e-16,-2.412126701933940611e-04,1.346176945636426512e-03
2.255613356560495220e-01,1.387778780781445676e-16,-4.045018756865356897e-15,4.716542401550937250e-03,3.053113317719180486e-16,-5.199090559587500431e-15,5.085370829865691437e-03,5.551115123125782702e-16,-2.422619749297111975e-04,1.308898465070762679e-03
2.265211711269257133e-01,1.387778780781445676e-16,-4.045506224326501747e-15,4.728335285712551017e-03,2.775557561562891351e-16,-5.197689884730097038e-15,5.098294806503864303e-03,5.551115123125782702e-16,-2.432681536149640541e-04,1.269843683659856908e-03
2.274810065978019047e-01,1.387778780781445676e-16,-4.044749294509011623e-15,4.738557193904387350e-03,2.775557561562891351e-16,-5.194949839024847783e-15,5.109524174574284552e-03,5.551115123125782702e-16,-2.442302775058439448e-04,1.228987165088542841e-03
2.284408420686780961e-01,1.387778780781445676e-16,-4.042655164365602976e-15,4.747173436111161438e-03,3.053113317719180486e-16,-5.190721715249950333e-15,5.119021346436509329e-03,5.828670879282071837e-16,-2.451474183890020760e-04,1.186303839891163442e-03
2.294006775395542874e-01,1.387778780781445676e-16,-4.039095971625909808e-15,4.754149495514978924e-03,2.775557561562891351e-16,-5.184874236533470071e-15,5.126748899411046924e-03,6.106226635438360972e-16,-2.460186488432680968e-04,1.141769020594730726e-03
2.303605130104304788e-01,1.387778780781445676e-16,-4.033947483688094006e-15,4.759450992305918129e-03,2.775557561562891351e-16,-5.177214474578057581e-15,5.132669519999016362e-03,6.106226635438360972e-16,-2.468430425076093113e-04,1.095358324839102501e-03
2.313203484813066702e-01,1.387778780781445676e-16,-4.027062359832725175e-15,4.763043712707992240e-03,2.775557561562891351e-16,-5.167505389198657215e-15,5.136746040051030394e-03,6.106226635438360972e-16,-2.476196743353304428e-04,1.047047776294499771e-03
2.322801839521828615e-01,1.387778780781445676e-16,-4.018309743395619875e-15,4.764893602370780940e-03,2.775557561562891351e-16,-5.155504996978872712e-15,5.138941491106976435e-03,5.828670879282071837e-16,-2.483476208461516690e-04,9.968138122880714803e-04
2.332400194230590529e-01,1.387778780781445676e-16,-4.007445645874577016e-15,4.764966845803750642e-03,2.775557561562891351e-16,-5.140888914078407725e-15,5.139219184824563198e-03,5.551115123125782702e-16,-2.490259603776875811e-04,9.446333651113412869e-04
2.341998548939352442e-01,1.387778780781445676e-16,-3.994239131677461592e-15,4.763229902607508601e-03,2.775557561562891351e-16,-5.123335797372897656e-15,5.137542771112033752e-03,5.828670879282071837e-16,-2.496537733351275601e-04,8.904838736477231403e-04
2.351596903648114356e-01,1.387778780781445676e-16,-3.978438579079379873e-15,4.759649579445731325e-03,2.775557561562891351e-16,-5.102484757887252968e-15,5.133876284360616542e-03,6.106226635438360972e-16,-2.502301424348661422e-04,8.343433085726032102e-04
2.361195258356876270e-01,1.387778780781445676e-16,-3.959800677866233062e-15,4.754192979771696900e-03,3.330669073875469621e-16,-5.077875062637726526e-15,5.128184117717402707e-03,6.106226635438360972e-16,-2.507541529470438155e-04,7.761901322041582724e-04
2.370793613065638183e-01,1.387778780781445676e-16,-3.937889947224014042e-15,4.746827649776608725e-03,3.330669073875469621e-16,-5.048977898367435629e-15,5.120431159056323608e-03,6.106226635438360972e-16,-2.512248929434114653e-04,7.160034384862814594e-04
2.380391967774400097e-01,1.387778780781445676e-16,-3.912412784357380789e-15,4.737521510809188964e-03,2.775557561562891351e-16,-5.015317550197378581e-15,5.110582749018648119e-03,6.106226635438360972e-16,-2.516414535595475977e-04,6.537629547811490060e-04
2.389990322483162011e-01,1.387778780781445676e-16,-3.882986859769766395e-15,4.726243033985894591e-03,2.775557561562891351e-16,-4.976260119845653945e-15,5.098604779694798812e-03,6.106226635438360972e-16,-2.520029292664583559e-04,5.894491122497313475e-04
2.399588677191923924e-01,1.387778780781445676e-16,-3.849128200010933434e-15,4.712961185648756671e-03,2.775557561562891351e-16,-4.931193520128752082e-15,5.084463647547711636e-03,6.106226635438360972e-16,-2.523084181601836957e-04,5.230429822294257623e-04
2.409187031900685838e-01,1.110223024625156540e-16,-3.810444417068066351e-15,4.697645462248111609e-03,2.498001805406602216e-16,-4.879372256173970801e-15,5.068126380074271589e-03,6.106226635438360972e-16,-2.525570222452044183e-04,4.545264437121090658e-04
2.418785386609447752e-01,1.387778780781445676e-16,-3.766282025022358454e-15,4.680265872035206491e-03,2.775557561562891351e-16,-4.819995246571444347e-15,5.049560659803048815e-03,6.106226635438360972e-16,-2.527478477168582419e-04,3.838822078770910240e-04
2.428383741318209665e-01,1.110223024625156540e-16,-3.716129627731904958e-15,4.660792930609191677e-03,2.775557561562891351e-16,-4.752346960238979651e-15,5.028734688829378068e-03,6.661338147750939243e-16,-2.528800052458532086e-04,3.110936547596551021e-04
2.437982096026971579e-01,8.326672684688674053e-17,-3.659333951036135985e-15,4.639197646728607585e-03,2.498001805406602216e-16,-4.675399734453320431e-15,5.005617127261331213e-03,6.106226635438360972e-16,-2.529526102683194669e-04,2.361447218117891124e-04
2.447580450735733493e-01,1.110223024625156540e-16,-3.595323035937418067e-15,4.615451559476758774e-03,2.498001805406602216e-16,-4.588229244510775434e-15,4.980177171550224241e-03,6.661338147750939243e-16,-2.529647832805546740e-04,1.590199955672068430e-04
2.457178805444495406e-01,1.110223024625156540e-16,-3.523322059047250335e-15,4.589526947242915204e-03,2.498001805406602216e-16,-4.489667643735317792e-15,4.952384776930900470e-03,6.383782391594650107e-16,-2.529156501255766781e-04,7.970492308645941027e-05
2.466777160153257320e-01,1.387778780781445676e-16,-3.442503680934402149e-15,4.561396805699928329e-03,2.498001805406602216e-16,-4.378655505668169190e-15,4.922210624122226770e-03,6.661338147750939243e-16,-2.528043422886403304e-04,-1.814224408600599462e-06
2.476375514862019234e-01,1.387778780781445676e-16,-3.352006680849752701e-15,4.531034944313938433e-03,2.498001805406602216e-16,-4.253752874298997316e-15,4.889626185810449707e-03,6.661338147750939243e-16,-2.526299971835652505e-04,-8.555036213812358518e-05
2.485973869570781147e-01,1.110223024625156540e-16,-3.250903981232532158e-15,4.498415864069617472e-03,2.220446049250313081e-16,-4.113884864817736464e-15,4.854603711746181827e-03,6.661338147750939243e-16,-2.523917584423777255e-04,-1.715155740944318107e-04
2.495572224279543061e-01,1.387778780781445676e-16,-3.138414617705372056e-15,4.463514727229465039e-03,2.220446049250313081e-16,-3.957639049784840088e-15,4.817116198602258530e-03,6.661338147750939243e-16,-2.520887761880754316e-04,-2.597211193016217795e-04
2.505170578988304975e-01,1.110223024625156540e-16,-3.013327333153698745e-15,4.426307322029849819e-03,2.220446049250313081e-16,-3.783464935390359191e-15,4.777137289640819885e-03,6.938893903907228378e-16,-2.517202073117381792e-04,-3.501775417274133806e-04
2.514768933697066888e-01,1.387778780781445676e-16,-2.874526585185978311e-15,4.386770088072660181e-03,1.942890293094023946e-16,-3.589675655519836833e-15,4.734641245210017592e-03,6.938893903907228378e-16,-2.512852157459396856e-04,-4.428947160701561785e-04
2.524367288405828802e-01,1.110223024625156540e-16,-2.720852785697419618e-15,4.344880140012654865e-03,1.942890293094023946e-16,-3.374804149108628568e-15,4.689603036526522779e-03,6.938893903907228378e-16,-2.507829727474007080e-04,-5.378817715168952200e-04
2.533965643114590716e-01,1.110223024625156540e-16,-2.551123476693655662e-15,4.300615149028771782e-03,1.942890293094023946e-16,-3.137074188066342126e-15,4.641998257802209746e-03,6.938893903907228378e-16,-2.502126571712896450e-04,-6.351471046080174208e-04
2.543563997823352629e-01,1.110223024625156540e-16,-2.364114695565903979e-15,4.253953409056951060e-03,1.387778780781445676e-16,-2.874414776836940744e-15,4.591803153518718775e-03,6.938893903907228378e-16,-2.495734557467558764e-04,-7.346983894245923911e-04
2.553162352532114543e-01,1.110223024625156540e-16,-2.158494483004607181e-15,4.204873832089698824e-03,1.387778780781445676e-16,-2.585089074362079478e-15,4.538994579337506975e-03,6.938893903907228378e-16,-2.488645633678832222e-04,-8.365425934882069446e-04
2.562760707240876457e-01,1.110223024625156540e-16,-1.932750461682442716e-15,4.153356132713713691e-03,1.665334536937734811e-16,-2.267075212996662315e-15,4.483550238150513408e-03,6.938893903907228378e-16,-2.480851833823834911e-04,-9.406857562239990264e-04
2.572359061949638370e-01,1.110223024625156540e-16,-1.685394394711084778e-15,4.099380821477942652e-03,1.665334536937734811e-16,-1.917996841807167313e-15,4.425448749865639429e-03,6.938893903907228378e-16,-2.472345278848311553e-04,-1.047132942227704810e-03
2.581957416658400284e-01,1.387778780781445676e-16,-1.414671229823822457e-15,4.042929236580922181e-03,1.387778780781445676e-16,-1.535774071391611539e-15,4.364669668044130271e-03,6.938893903907228378e-16,-2.463118179953839733e-04,-1.155888174276451441e-03
2.591555771367162198e-01,1.110223024625156540e-16,-1.118991509695133058e-15,3.983983432506849748e-03,1.942890293094023946e-16,-1.117864108842337584e-15,4.301193319317633129e-03,6.938893903907228378e-16,-2.453162841491987253e-04,-1.266954601729207517e-03
2.601154126075924111e-01,8.326672684688674053e-17,-7.968089756798038548e-16,3.922526207104704878e-03,1.942890293094023946e-16,-6.621002438802689460e-16,4.235000829396757052e-03,7.216449660063517513e-16,-2.442471663660645957e-04,-1.380334492730930264e-03
2.610752480784686025e-01,1.110223024625156540e-16,-4.460509381559035758e-16,3.858541082636388671e-03,1.942890293094023946e-16,-1.657558774481940334e-16,4.166074150783221491e-03,6.938893903907228378e-16,-2.431037145237452857e-04,-1.496029219024586727e-03
2.620350835493447939e-01,1.110223024625156540e-16,-6.509617606238748966e-17,3.792012322414411128e-03,1.387778780781445676e-16,3.736668906153400860e-16,4.094396151694173862e-03,6.938893903907228378e-16,-2.418851886087009287e-04,-1.614039148358101250e-03
2.629949190202209852e-01,1.110223024625156540e-16,3.481771281336164259e-16,3.722924920708858831e-03,1.387778780781445676e-16,9.591699450754026524e-16,4.019950665569887831e-03,6.938893903907228378e-16,-2.405908589654758131e-04,-1.734363596901973862e-03
2.639547544910971766e-01,8.326672684688674053e-17,7.958399699881449352e-16,3.651264679337226648e-03,1.665334536937734811e-16,1.593633197952658287e-15,3.942722442682396015e-03,7.216449660063517513e-16,-2.392200065434032738e-04,-1.857000854628986864e-03
2.649145899619733679e-01,5.551115123125782702e-17,1.279980285716179889e-15,3.577018222392897018e-03,1.665334536937734811e-16,2.279350414468271635e-15,3.862697090813990448e-03,7.494005416219806648e-16,-2.377719231475938875e-04,-1.981948273782279269e-03
2.658744254328495593e-01,1.110223024625156540e-16,1.802572509117771060e-15,3.500172967789984182e-03,1.387778780781445676e-16,3.020100208599944130e-15,3.779861087667840246e-03,7.494005416219806648e-16,-2.362459116994932427e-04,-2.109202233767246571e-03
2.668342609037257507e-01,5.551115123125782702e-17,2.365891770689243501e-15,3.420717064217442763e-03,1.387778780781445676e-16,3.818427914354174946e-15,3.694201736668447419e-03,6.938893903907228378e-16,-2.346412864894192158e-04,-2.238758236908722655e-03
2.677940963746019420e-01,5.551115123125782702e-17,2.972180166641979343e-15,3.338639328268607626e-03,1.387778780781445676e-16,4.677346427924347627e-15,3.605707035653983334e-03,6.938893903907228378e-16,-2.329573734175317584e-04,-2.370610991049580066e-03
2.687539318454781334e-01,5.551115123125782702e-17,3.623818706590710426e-15,3.253929247765646997e-03,1.110223024625156540e-16,5.600836804162557386e-15,3.514365708468712279e-03,6.938893903907228378e-16,-2.311935102309196151e-04,-2.504754390947230413e-03
2.697137673163543248e-01,5.551115123125782702e-17,4.323459450693289963e-15,3.166577071120695985e-03,1.387778780781445676e-16,6.591723897947897315e-15,3.420167342476570539e-03,7.216449660063517513e-16,-2.293490467622234363e-04,-2.641181391631025610e-03
2.706736027872305161e-01,5.551115123125782702e-17,5.073292826151317575e-15,3.076573810566319775e-03,1.387778780781445676e-16,7.653317067005289964e-15,3.323102412125565966e-03,6.938893903907228378e-16,-2.274233451687092151e-04,-2.779884001038459510e-03
2.716334382581067075e-01,5.551115123125782702e-17,5.875837061916980297e-15,2.983911289769263821e-03,1.387778780781445676e-16,8.789486404870740233e-15,3.223162251883914236e-03,6.938893903907228378e-16,-2.254157801640032743e-04,-2.920853295966295039e-03
2.725932737289828989e-01,5.551115123125782702e-17,6.733691702105401578e-15,2.888582075771444022e-03,1.387778780781445676e-16,1.000354211630211793e-14,3.120339051558282135e-03,7.216449660063517513e-16,-2.233257392500076922e-04,-3.064079390453572187e-03
2.735531091998590902e-01,5.551115123125782702e-17,7.649764610824505429e-15,2.790579631033974703e-03,1.387778780781445676e-16,1.129862330540194748e-14,3.014626026634001279e-03,7.494005416219806648e-16,-2.211526229512246347e-04,-3.209551291221348843e-03
2.745129446707352816e-01,0.000000000000000000e+00,8.626307201648093781e-15,2.689898363209027119e-03,1.387778780781445676e-16,1.267950977909158491e-14,2.906017454055010926e-03,7.494005416219806648e-16,-2.188958450479007250e-04,-3.357256942676942017e-03
2.754727801416114730e-01,2.775557561562891351e-17,9.666215480222829087e-15,2.586533755461300089e-03,1.387778780781445676e-16,1.414889256104445714e-14,2.794508766141080500e-03,6.661338147750939243e-16,-2.165548328200670738e-04,-3.507183162248276101e-03
2.764326156124876643e-01,0.000000000000000000e+00,1.077211101352046341e-14,2.480482109672706246e-03,1.665334536937734811e-16,1.571081115138601991e-14,2.680096281907551423e-03,6.938893903907228378e-16,-2.141290272865256281e-04,-3.659315837615244316e-03
2.773924510833638557e-01,0.000000000000000000e+00,1.194675597598199301e-14,2.371740545577750731e-03,1.942890293094023946e-16,1.736881885333000503e-14,2.562777248800100337e-03,6.938893903907228378e-16,-2.116178834510827329e-04,-3.813639879592054319e-03
2.783522865542400471e-01,2.775557561562891351e-17,1.319293541193799005e-14,2.260307035052966200e-03,1.665334536937734811e-16,1.912735581358591952e-14,2.442549872789063267e-03,6.938893903907228378e-16,-2.090208705288644898e-04,-3.970139226329345156e-03
2.793121220251162384e-01,0.000000000000000000e+00,1.451402474768326289e-14,2.146180427133746911e-03,1.942890293094023946e-16,2.098980931690983334e-14,2.319413318549108736e-03,6.661338147750939243e-16,-2.063374721735221915e-04,-4.128796901887432473e-03
2.802719574959924298e-01,0.000000000000000000e+00,1.591223728030898704e-14,2.029360433890909331e-03,1.942890293094023946e-16,2.296006300936490746e-14,2.193367660037020585e-03,6.938893903907228378e-16,-2.035671866924683535e-04,-4.289595022969044415e-03
2.812317929668686212e-01,0.000000000000000000e+00,1.739045376886877436e-14,1.909847430021083953e-03,1.942890293094023946e-16,2.504180741350232886e-14,2.064413738165942619e-03,6.938893903907228378e-16,-2.007095272823710916e-04,-4.452514907099825239e-03
2.821916284377448125e-01,0.000000000000000000e+00,1.895167270999590509e-14,1.787642618208075754e-03,1.942890293094023946e-16,2.723976982020072379e-14,1.932553319306022427e-03,6.938893903907228378e-16,-1.977640222660682879e-04,-4.617536989975104707e-03
2.831514639086210039e-01,0.000000000000000000e+00,2.059860799725338198e-14,1.662748042287150911e-03,1.942890293094023946e-16,2.955668445181382914e-14,1.797789114544852060e-03,6.938893903907228378e-16,-1.947302153273510297e-04,-4.784640822285981220e-03
2.841112993794971953e-01,0.000000000000000000e+00,2.233439195848015146e-14,1.535166741720076769e-03,1.942890293094023946e-16,3.199751322734666059e-14,1.660124929931380616e-03,6.661338147750939243e-16,-1.916076657434102664e-04,-4.953804945082490585e-03
2.850711348503733866e-01,0.000000000000000000e+00,2.416143524944409926e-14,1.404902673654371626e-03,1.942890293094023946e-16,3.456506660211820792e-14,1.519565589299965661e-03,6.661338147750939243e-16,-1.883959486059751576e-04,-5.125006921017812023e-03
2.860309703212495780e-01,0.000000000000000000e+00,2.608289391490669490e-14,1.271960741803607837e-03,1.942890293094023946e-16,3.726381182789229030e-14,1.376116937560653390e-03,6.383782391594650107e-16,-1.850946550350071249e-04,-5.298223352814115938e-03
2.869908057921257694e-01,0.000000000000000000e+00,2.810161229150481832e-14,1.136346914125511715e-03,1.942890293094023946e-16,4.009757071732691913e-14,1.229786020136841920e-03,6.106226635438360972e-16,-1.817033923801264017e-04,-5.473429718418546149e-03
2.879506412630019607e-01,0.000000000000000000e+00,3.022057024114691015e-14,9.980682622743502000e-04,1.387778780781445676e-16,4.306962298199386308e-14,1.080581086977682381e-03,6.106226635438360972e-16,-1.782217844373747845e-04,-5.650600350394500287e-03
2.889104767338781521e-01,0.000000000000000000e+00,3.244179894884048621e-14,8.571331438292697233e-04,1.665334536937734811e-16,4.618422072728833871e-14,9.285117573032096450e-04,6.106226635438360972e-16,-1.746494716562461513e-04,-5.829708309825661940e-03
2.898703122047543435e-01,0.000000000000000000e+00,3.476862556000236137e-14,7.135510341742835059e-04,1.665334536937734811e-16,4.944430146347142396e-14,7.735888866018194882e-04,6.106226635438360972e-16,-1.709861113567128648e-04,-6.010725510149423322e-03
2.908301476756305348e-01,0.000000000000000000e+00,3.720322694930697921e-14,5.673326512438779798e-04,1.665334536937734811e-16,5.285444594472187008e-14,6.158246157880271823e-04,6.106226635438360972e-16,-1.672313779390432055e-04,-6.193622640460107881e-03
2.917899831465067262e-01,0.000000000000000000e+00,3.974892856810526010e-14,4.184899430686316209e-04,1.665334536937734811e-16,5.641698520571052089e-14,4.552323730234986133e-04,6.106226635438360972e-16,-1.633849631081365431e-04,-6.378369129343362462e-03
2.927498186173829176e-01,0.000000000000000000e+00,4.240772263788914614e-14,2.670362013447219918e-04,1.387778780781445676e-16,6.013588505469642104e-14,2.918270019934398468e-04,6.106226635438360972e-16,-1.594465760987743891e-04,-6.564933032950277282e-03
2.937096540882591089e-01,0.000000000000000000e+00,4.518207741266693639e-14,1.129859910017764118e-04,1.387778780781445676e-16,6.401382042172699960e-14,1.256246964795063536e-04,6.383782391594650107e-16,-1.554159439044506153e-04,-6.753281119291714395e-03
2.946694895591353003e-01,0.000000000000000000e+00,4.807463563523406425e-14,-4.364486197183342593e-05,1.665334536937734811e-16,6.805495362670506421e-14,-4.335699581981976216e-05,6.661338147750939243e-16,-1.512928114934242705e-04,-6.943378825702814332e-03
2.956293250300114916e-01,0.000000000000000000e+00,5.108711508840756144e-14,-2.028392684885076721e-04,1.942890293094023946e-16,7.226147848496400350e-14,-2.150991500990523094e-04,6.661338147750939243e-16,-1.470769420147462908e-04,-7.135190256178411405e-03
2.965891605008876830e-01,0.000000000000000000e+00,5.422269214573963159e-14,-3.645788791926355831e-04,1.665334536937734811e-16,7.663682378587430288e-14,-3.895814769395083499e-04,6.661338147750939243e-16,-1.427681169902223456e-04,-7.328678240353818374e-03
2.975489959717638744e-01,0.000000000000000000e+00,5.748341662696263010e-14,-5.288440883064582767e-04,1.387778780781445676e-16,8.118342898432405474e-14,-5.667823026865438478e-04,6.661338147750939243e-16,-1.383661364967716319e-04,-7.523804355676490252e-03
2.985088314426400657e-01,0.000000000000000000e+00,6.086970188415481708e-14,-6.956140444792003772e-04,1.387778780781445676e-16,8.590338286356118819e-14,-7.466786632347068150e-04,6.661338147750939243e-16,-1.338708193499821395e-04,-7.720528961499561332e-03
2.994686669135162571e-01,0.000000000000000000e+00,6.438535109524936434e-14,-8.648665697172679872e-04,1.387778780781445676e-16,9.080020908064628110e-14,-9.292462168122071851e-04,6.938893903907228378e-16,-1.292820032924774153e-04,-7.918811143310607731e-03
3.004285023843924485e-01,-2.775557561562891351e-17,6.803155518857011141e-14,-1.036578077150937353e-03,1.387778780781445676e-16,9.587553393883806174e-14,-1.114459098442723093e-03,6.938893903907228378e-16,-1.245995451706549348e-04,-8.118608569387413335e-03
3.013883378552686398e-01,0.000000000000000000e+00,7.180950170430910884e-14,-1.210723605628474375e-03,1.387778780781445676e-16,1.011311311251280806e-13,-1.302289883080509419e-03,6.938893903907228378e-16,-1.198233211050049796e-04,-8.319877494108498736e-03
3.023481733261448312e-01,-2.775557561562891351e-17,7.572095077693075105e-14,-1.387276881001487912e-03,1.387778780781445676e-16,1.065694062130865399e-13,-1.492709665119076401e-03,6.938893903907228378e-16,-1.149532266627350310e-04,-8.522572780180426300e-03
3.033080087970210226e-01,0.000000000000000000e+00,7.976745417079440792e-14,-1.566210503882419251e-03,1.387778780781445676e-16,1.121913773363160394e-13,-1.685688308953081074e-03,6.661338147750939243e-16,-1.099891770267803537e-04,-8.726648109776484821e-03
3.042678442678972139e-01,0.000000000000000000e+00,8.394968273599430486e-14,-1.747495913484520399e-03,1.110223024625156540e-16,1.179989706477386352e-13,-1.881194418090823559e-03,6.938893903907228378e-16,-1.049311071691640346e-04,-8.932055983746628805e-03
3.052276797387734053e-01,0.000000000000000000e+00,8.826909675733150829e-14,-1.931103375229605620e-03,8.326672684688674053e-17,1.239935007424884661e-13,-2.079195297661901899e-03,6.661338147750939243e-16,-9.977897200887279688e-05,-9.138747703598884900e-03
3.061875152096495967e-01,2.775557561562891351e-17,9.272631626292340834e-14,-2.117001967080044383e-03,1.110223024625156540e-16,1.301752776346242271e-13,-2.279656989988069950e-03,6.661338147750939243e-16,-9.453274658715311147e-05,-9.346673384224195649e-03
3.071473506805257880e-01,0.000000000000000000e+00,9.732260841405909746e-14,-2.305159619011636421e-03,1.387778780781445676e-16,1.365454922524697579e-13,-2.482544325228900825e-03,6.938893903907228378e-16,-8.919242623261992766e-05,-9.555781996793383248e-03
3.081071861514019794e-01,0.000000000000000000e+00,1.020577902516219687e-13,-2.495543043143831630e-03,1.110223024625156540e-16,1.431046494276616218e-13,-2.687820864533187280e-03,6.661338147750939243e-16,-8.375802673549702891e-05,-9.766021325457058602e-03
3.090670216222781708e-01,0.000000000000000000e+00,1.069325478722992981e-13,-2.688117838989356571e-03,1.110223024625156540e-16,1.498533217544721630e-13,-2.895448970647572420e-03,6.661338147750939243e-16,-7.822958450197416429e-05,-9.977338048161222064e-03
3.100268570931543621e-01,0.000000000000000000e+00,1.119465898967572301e-13,-2.882848378546273242e-03,1.110223024625156540e-16,1.567902522360076559e-13,-3.105389660274427213e-03,6.661338147750939243e-16,-7.260715671590588205e-05,-1.018967760746007818e-02
3.109866925640305535e-01,0.000000000000000000e+00,1.171005295768495769e-13,-3.079697787503647526e-03,5.551115123125782702e-17,1.639160609003854907e-13,-3.317602649806810581e-03,6.661338147750939243e-16,-6.689082148804483007e-05,-1.040298426654682334e-02
3.119465280349067449e-01,-2.775557561562891351e-17,1.223942178347776216e-13,-3.278627991510186558e-03,1.110223024625156540e-16,1.712294483990645794e-13,-3.532046411554508412e-03,6.661338147750939243e-16,-6.108067799708346158e-05,-1.061720118539372093e-02
3.129063635057829362e-01,0.000000000000000000e+00,1.278259419699220162e-13,-3.479599874268627865e-03,1.110223024625156540e-16,1.787297523522801690e-13,-3.748678295688710142e-03,6.661338147750939243e-16,-5.517684661652571323e-05,-1.083227048610488526e-02
3.138661989766591276e-01,0.000000000000000000e+00,1.333966404947883183e-13,-3.682573370562104622e-03,1.110223024625156540e-16,1.864171387784899214e-13,-3.967454623916978444e-03,6.661338147750939243e-16,-4.917946902987559155e-05,-1.104813339373766044e-02
3.148260344475353190e-01,5.551115123125782702e-17,1.391048802296297737e-13,-3.887507483003528348e-03,1.110223024625156540e-16,1.942880230342610565e-13,-4.188330774821168688e-03,6.661338147750939243e-16,-4.308870834206399804e-05,-1.126473031932528034e-02
3.157858699184115103e-01,2.775557561562891351e-17,1.449482318839536571e-13,-4.094360282765989456e-03,5.551115123125782702e-17,2.023417512101582938e-13,-4.411261172141798734e-03,6.661338147750939243e-16,-3.690474917639851432e-05,-1.148200085013136029e-02
3.167457053892877017e-01,8.326672684688674053e-17,1.509270579878613933e-13,-4.303088895552061380e-03,8.326672684688674053e-17,2.105757551022855584e-13,-4.636199219979769345e-03,6.938893903907228378e-16,-3.062779777768014284e-05,-1.169988367452916463e-02
3.177055408601638931e-01,1.110223024625156540e-16,1.570383295515336008e-13,-4.513649565153431652e-03,1.110223024625156540e-16,2.189875359634484500e-13,-4.863097294321299356e-03,6.661338147750939243e-16,-2.425808210301558951e-05,-1.191831651727955944e-02
3.186653763310400844e-01,8.326672684688674053e-17,1.632808742813712799e-13,-4.725997549982859612e-03,1.110223024625156540e-16,2.275738733743815079e-13,-5.091906781340935738e-03,6.938893903907228378e-16,-1.779585192488914895e-05,-1.213723623447128530e-02
3.196252118019162758e-01,1.110223024625156540e-16,1.696530387690613900e-13,-4.940087203255524514e-03,1.387778780781445676e-16,2.363327463144725832e-13,-5.322578245112923566e-03,6.938893903907228378e-16,-1.124137892971178441e-05,-1.235657895961316498e-02
3.205850472727924672e-01,1.110223024625156540e-16,1.761512654762254632e-13,-5.155871988929407353e-03,1.110223024625156540e-16,2.452599145367877209e-13,-5.555061359328642388e-03,6.938893903907228378e-16,-4.594956823198038655e-06,-1.257628006232539009e-02
3.215448827436686585e-01,1.110223024625156540e-16,1.827744278490436511e-13,-5.373304578659727528e-03,1.110223024625156540e-16,2.543524473073294212e-13,-5.789304904505300844e-03,6.938893903907228378e-16,2.143098584098952736e-06,-1.279627409900575136e-02
3.225047182145448499e-01,1.110223024625156540e-16,1.895186617232105797e-13,-5.592336827967290917e-03,1.110223024625156540e-16,2.636045593910679372e-13,-6.025256723662028406e-03,6.661338147750939243e-16,8.972449299720920815e-06,-1.301649477818199278e-02
3.234645536854210413e-01,1.110223024625156540e-16,1.963810041774767534e-13,-5.812919708407876355e-03,1.110223024625156540e-16,2.730134369445524900e-13,-6.262863682986090884e-03,6.661338147750939243e-16,1.589273508739450497e-05,-1.323687494591656820e-02
3.244243891562972326e-01,1.110223024625156540e-16,2.033585803820191912e-13,-6.035003299226565122e-03,5.551115123125782702e-17,2.825735420663739311e-13,-6.502071661128895445e-03,6.661338147750939243e-16,2.290357340217142110e-05,-1.345734657678950875e-02
3.253842246271734240e-01,1.387778780781445676e-16,2.104475312547302024e-13,-6.258536720836998905e-03,8.326672684688674053e-17,2.922797197140152708e-13,-6.742825452407280942e-03,6.661338147750939243e-16,3.000455932383440261e-05,-1.367784065624724245e-02
3.263440600980496153e-01,1.387778780781445676e-16,2.176446245178830646e-13,-6.483468246695304853e-03,5.551115123125782702e-17,3.021278177319690686e-13,-6.985068847449689075e-03,6.661338147750939243e-16,3.719526550294319732e-05,-1.389828724698422523e-02
3.273038955689258067e-01,1.387778780781445676e-16,2.249452252071904024e-13,-6.709745209282774736e-03,1.110223024625156540e-16,3.121105499428230429e-13,-7.228744604906535073e-03,6.938893903907228378e-16,4.447524211641393032e-05,-1.411861548063754641e-02
3.282637310398019981e-01,1.387778780781445676e-16,2.323456351768045033e-13,-6.937314085274563433e-03,1.387778780781445676e-16,3.222233931906388557e-13,-7.473794534417161316e-03,6.938893903907228378e-16,5.184401682536084774e-05,-1.433875368691418968e-02
3.292235665106781894e-01,1.387778780781445676e-16,2.398411483116704226e-13,-7.166120390423412131e-03,1.387778780781445676e-16,3.324593848645900768e-13,-7.720159443685966315e-03,7.494005416219806648e-16,5.930109472678216396e-05,-1.455862936651987176e-02
3.301834019815543808e-01,1.387778780781445676e-16,2.474274854013386316e-13,-7.396108816884233196e-03,1.110223024625156540e-16,3.428124890078945719e-13,-7.967779230695640896e-03,7.771561172376095783e-16,6.684595831435880420e-05,-1.477816924489641116e-02
3.311432374524305722e-01,1.387778780781445676e-16,2.550996252344978066e-13,-7.627223298023778214e-03,1.110223024625156540e-16,3.532754634888533168e-13,-8.216592964571707222e-03,7.771561172376095783e-16,7.447806744984242439e-05,-1.499729932265358133e-02
3.321030729233067635e-01,1.387778780781445676e-16,2.628517198956801040e-13,-7.859407084757890488e-03,1.387778780781445676e-16,3.638412474408179997e-13,-8.466539002073737372e-03,7.494005416219806648e-16,8.219685933871918556e-05,-1.521594501863333775e-02
3.330629083941829549e-01,1.387778780781445676e-16,2.706798645629986816e-13,-8.092602650986440924e-03,1.387778780781445676e-16,3.745027562802177856e-13,-8.717554889101643625e-03,7.771561172376095783e-16,9.000174851855717584e-05,-1.543403110491193761e-02
3.340227438650591463e-01,1.387778780781445676e-16,2.785784501842768213e-13,-8.326751651611070948e-03,1.387778780781445676e-16,3.852529189760089956e-13,-8.969577271948523875e-03,8.049116928532384918e-16,9.789212685594999707e-05,-1.565148162335362400e-02
3.349825793359353376e-01,1.387778780781445676e-16,2.865414340264688109e-13,-8.561794891899926485e-03,1.387778780781445676e-16,3.960819336629260029e-13,-9.222541883794347500e-03,7.494005416219806648e-16,1.058673635303764910e-04,-1.586821982882892154e-02
3.359424148068115290e-01,1.387778780781445676e-16,2.945629630919091232e-13,-8.797672386523966784e-03,1.387778780781445676e-16,4.069842133116487182e-13,-9.476383643455200262e-03,7.771561172376095783e-16,1.139268050212921199e-04,-1.608416836266113314e-02
3.369022502776877204e-01,1.665334536937734811e-16,3.026369844831566791e-13,-9.034323282988599921e-03,1.387778780781445676e-16,4.179510165421614770e-13,-9.731036564208130069e-03,7.494005416219806648e-16,1.220697750797559782e-04,-1.629924917456884378e-02
3.378620857485639117e-01,1.387778780781445676e-16,3.107579314996821232e-13,-9.271685796160909765e-03,1.110223024625156540e-16,4.289730344623739547e-13,-9.986433634676831345e-03,7.494005416219806648e-16,1.302955747233642484e-04,-1.651338339135062852e-02
3.388219212194401031e-01,1.942890293094023946e-16,3.189200375411805483e-13,-9.509697149084488793e-03,1.110223024625156540e-16,4.400429334610288234e-13,-1.024250678530027117e-02,7.771561172376095783e-16,1.386034822269249507e-04,-1.672649130739178522e-02
3.397817566903162945e-01,1.665334536937734811e-16,3.271158910693634791e-13,-9.748293663893157351e-03,1.110223024625156540e-16,4.511508100289067860e-13,-1.049918703825845206e-02,7.771561172376095783e-16,1.469927531350195230e-04,-1.693849252925103827e-02
3.407415921611924858e-01,1.387778780781445676e-16,3.353399304658992441e-13,-9.987410817727106899e-03,5.551115123125782702e-17,4.622880176536822705e-13,-1.075640456285916445e-02,8.049116928532384918e-16,1.554626202625448408e-04,-1.714930602511762284e-02
3.417014276320686772e-01,1.387778780781445676e-16,3.435844409547042511e-13,-1.022698326561468848e-02,2.775557561562891351e-17,4.734453761922729348e-13,-1.101408866000585379e-02,8.049116928532384918e-16,1.640122937044910674e-04,-1.735885011533949002e-02
3.426612631029448686e-01,1.387778780781445676e-16,3.518445605666612602e-13,-1.046694482227684096e-02,2.775557561562891351e-17,4.846142509908144685e-13,-1.127216770243925741e-02,8.049116928532384918e-16,1.726409608358858987e-04,-1.756704244972851978e-02
3.436210985738210599e-01,1.665334536937734811e-16,3.601117512096619483e-13,-1.070722848266020613e-02,0.000000000000000000e+00,4.957861344503846496e-13,-1.153056924363056457e-02,8.049116928532384918e-16,1.813477863101927356e-04,-1.777380013599968306e-02
3.445809340446972513e-01,1.387778780781445676e-16,3.683800785708778516e-13,-1.094776654350297293e-02,2.775557561562891351e-17,5.069505555496895202e-13,-1.178922016997513596e-02,8.049116928532384918e-16,1.901319120649235992e-04,-1.797903986232416221e-02
3.455407695155734427e-01,1.110223024625156540e-16,3.766424868658583419e-13,-1.118849066035311306e-02,2.775557561562891351e-17,5.180979580630181575e-13,-1.204804668479228166e-02,8.049116928532384918e-16,1.989924573244222501e-04,-1.818267787445436781e-02
3.465006049864496340e-01,1.110223024625156540e-16,3.848920253422382504e-13,-1.142933186006054799e-02,0.000000000000000000e+00,5.292198394736460226e-13,-1.230697431745869305e-02,8.326672684688674053e-16,2.079285186162598735e-04,-1.838463001074434194e-02
3.474604404573258254e-01,1.387778780781445676e-16,3.931217263069934631e-13,-1.167022052004661019e-02,0.000000000000000000e+00,5.403058270161010396e-13,-1.256592793776873697e-02,8.326672684688674053e-16,2.169391697801395502e-04,-1.858481173101505027e-02
3.484202759282020168e-01,1.110223024625156540e-16,4.013248948117088821e-13,-1.191108632272936708e-02,0.000000000000000000e+00,5.513481584804545699e-13,-1.282483166376421554e-02,8.326672684688674053e-16,2.260234620018078237e-04,-1.878313804233603529e-02
3.493801113990782081e-01,1.110223024625156540e-16,4.094930334218576523e-13,-1.215185840694253845e-02,0.000000000000000000e+00,5.623348212454486530e-13,-1.308360899697538597e-02,8.326672684688674053e-16,2.351804238515015392e-04,-1.897952360048387258e-02
3.503399468699543995e-01,1.387778780781445676e-16,4.176208905331667970e-13,-1.239246535853811941e-02,0.000000000000000000e+00,5.732578108497317360e-13,-1.334218282149266313e-02,8.604228440844963188e-16,2.444090613453607681e-04,-1.917388275977907966e-02
3.512997823408305909e-01,1.387778780781445676e-16,4.257009292464716474e-13,-1.263283513057212107e-02,0.000000000000000000e+00,5.841073542271583985e-13,-1.360047537998561144e-02,8.881784197001252323e-16,2.537083580037984313e-04,-1.936612959661117295e-02
3.522596178117067822e-01,1.387778780781445676e-16,4.337268730476330492e-13,-1.287289504008894830e-02,0.000000000000000000e+00,5.948742136364058852e-13,-1.385840825415763852e-02,8.326672684688674053e-16,2.630772749135875158e-04,-1.955617781638386773e-02
3.532194532825829736e-01,1.387778780781445676e-16,4.416901889267403625e-13,-1.311257174279953364e-02,0.000000000000000000e+00,6.055496036517452746e-13,-1.411590236680307017e-02,8.049116928532384918e-16,2.725147507819576133e-04,-1.974394072154870422e-02
3.541792887534591650e-01,1.387778780781445676e-16,4.495851255300817306e-13,-1.335179128438005250e-02,5.551115123125782702e-17,6.161233259964916248e-13,-1.437287805756573902e-02,8.604228440844963188e-16,2.820197019909590668e-04,-1.992933128400792980e-02
3.551391242243353563e-01,1.110223024625156540e-16,4.574054893527468302e-13,-1.359047900562055690e-02,2.775557561562891351e-17,6.265872965881963408e-13,-1.462925489387376446e-02,8.326672684688674053e-16,2.915910226565891230e-04,-2.011226200022826760e-02
3.560989596952115477e-01,1.110223024625156540e-16,4.651428947685578436e-13,-1.382855968889332501e-02,0.000000000000000000e+00,6.369317372785163189e-13,-1.488495180578809120e-02,8.049116928532384918e-16,3.012275846968911585e-04,-2.029264496767948026e-02
3.570587951660877390e-01,1.110223024625156540e-16,4.727921985934590426e-13,-1.406595762360495112e-02,2.775557561562891351e-17,6.471488892456547098e-13,-1.513988722438971632e-02,8.326672684688674053e-16,3.109282379105303895e-04,-2.047039199313793051e-02
3.580186306369639304e-01,1.110223024625156540e-16,4.803460079238867919e-13,-1.430259674977133778e-02,2.775557561562891351e-17,6.572288659210511613e-13,-1.539397924786823496e-02,8.326672684688674053e-16,3.206918100498875289e-04,-2.064541473713676564e-02
3.589784661078401218e-01,1.387778780781445676e-16,4.877984782325050367e-13,-1.453840065807836431e-02,2.775557561562891351e-17,6.671642405198241477e-13,-1.564714564188516080e-02,8.326672684688674053e-16,3.305171069046418842e-04,-2.081762477347631063e-02
3.599383015787163131e-01,1.387778780781445676e-16,4.951439343985671732e-13,-1.477329243750348867e-02,2.775557561562891351e-17,6.769461395248182328e-13,-1.589930370766238360e-02,8.049116928532384918e-16,3.404029123991886567e-04,-2.098693346720355984e-02
3.608981370495925045e-01,1.387778780781445676e-16,5.023758813734336554e-13,-1.500719476979595762e-02,5.551115123125782702e-17,6.865675918548775139e-13,-1.615037032979230180e-02,8.049116928532384918e-16,3.503479886978820676e-04,-2.115325202774433894e-02
3.618579725204686959e-01,1.387778780781445676e-16,5.094884136433962263e-13,-1.524002991858597333e-02,5.551115123125782702e-17,6.960200678882231401e-13,-1.640026198784129419e-02,7.494005416219806648e-16,3.603510763128591008e-04,-2.131649147897489438e-02
3.628178079913448872e-01,1.387778780781445676e-16,5.164766133351631275e-13,-1.547171995394343823e-02,5.551115123125782702e-17,7.052978450702634614e-13,-1.664889492528916215e-02,7.771561172376095783e-16,3.704108942266451506e-04,-2.147656283475549155e-02
3.637776434622210786e-01,1.387778780781445676e-16,5.233344427978863303e-13,-1.570218658103116754e-02,5.551115123125782702e-17,7.143928460948134607e-13,-1.689618498708882546e-02,8.049116928532384918e-16,3.805261400230462265e-04,-2.163337701432102578e-02
3.647374789330972700e-01,1.387778780781445676e-16,5.300566063815796009e-13,-1.593135131275306982e-02,5.551115123125782702e-17,7.232986216530127438e-13,-1.714204781439441702e-02,7.494005416219806648e-16,3.906954900354552332e-04,-2.178684498582053250e-02
3.656973144039734613e-01,1.110223024625156540e-16,5.366391975702902023e-13,-1.615913545577635571e-02,5.551115123125782702e-17,7.320090764957728688e-13,-1.738639879633232382e-02,7.494005416219806648e-16,4.009175994925916198e-04,-2.193687772203346473e-02
3.666571498748496527e-01,1.110223024625156540e-16,5.430765903711824716e-13,-1.638546035264455344e-02,2.775557561562891351e-17,7.405176545880820874e-13,-1.762915329693411429e-02,7.494005416219806648e-16,4.111911026817306183e-04,-2.208338639393372244e-02
3.676169853457258441e-01,1.110223024625156540e-16,5.493647427430321112e-13,-1.661024741633469054e-02,5.551115123125782702e-17,7.488191991933575153e-13,-1.787022679596154962e-02,7.494005416219806648e-16,4.215146131031679557e-04,-2.222628250321522295e-02
3.685768208166020354e-01,1.110223024625156540e-16,5.554987181778225230e-13,-1.683341820843210768e-02,2.775557561562891351e-17,7.569080351908525489e-13,-1.810953493798511324e-02,7.494005416219806648e-16,4.318867236463223673e-04,-2.236547796519656670e-02
3.695366562874782268e-01,1.387778780781445676e-16,5.614756469279284096e-13,-1.705489444551866116e-02,5.551115123125782702e-17,7.647793294105701550e-13,-1.834699347917987527e-02,7.494005416219806648e-16,4.423060067495599530e-04,-2.250088504212106183e-02
3.704964917583544182e-01,1.387778780781445676e-16,5.672913853081718027e-13,-1.727459794946342719e-02,5.551115123125782702e-17,7.724287450438203917e-13,-1.858251827224227312e-02,7.494005416219806648e-16,4.527710145703798747e-04,-2.263241632606774467e-02
3.714563272292306095e-01,1.942890293094023946e-16,5.729427095111554527e-13,-1.749245066066875548e-02,0.000000000000000000e+00,7.798526754243138501e-13,-1.881602528465184387e-02,8.049116928532384918e-16,4.632802791494020490e-04,-2.275998472003737741e-02
3.724161627001068009e-01,1.387778780781445676e-16,5.784262161584972917e-13,-1.770837463065172770e-02,0.000000000000000000e+00,7.870469700906089841e-13,-1.904743063081173332e-02,8.049116928532384918e-16,4.738323125753431445e-04,-2.288350349992444160e-02
3.733759981709829923e-01,1.387778780781445676e-16,5.837401213988104021e-13,-1.792229209201939497e-02,0.000000000000000000e+00,7.940083967649790714e-13,-1.927665064594231981e-02,8.049116928532384918e-16,4.844256071548655798e-04,-2.300288643414691650e-02
3.743358336418591836e-01,1.387778780781445676e-16,5.888820840330285730e-13,-1.813412552699469882e-02,0.000000000000000000e+00,8.007345854492376944e-13,-1.950360195615838399e-02,8.049116928532384918e-16,4.950586355877342878e-04,-2.311804783810042507e-02
3.752956691127353750e-01,1.110223024625156540e-16,5.938498848348299983e-13,-1.834379773672297279e-02,0.000000000000000000e+00,8.072229543869616220e-13,-1.972820159092407780e-02,7.771561172376095783e-16,5.057298511583020522e-04,-2.322890269043497921e-02
3.762555045836115664e-01,1.110223024625156540e-16,5.986413553998697068e-13,-1.855123186597183033e-02,0.000000000000000000e+00,8.134720449874156822e-13,-1.995036693956972820e-02,8.049116928532384918e-16,5.164376879333735853e-04,-2.333536659132185928e-02
3.772153400544877577e-01,1.387778780781445676e-16,6.032555046995994111e-13,-1.875635144908344501e-02,0.000000000000000000e+00,8.194800937280036918e-13,-2.017001570721740911e-02,8.049116928532384918e-16,5.271805609834684771e-04,-2.343735571198218154e-02
3.781751755253639491e-01,1.387778780781445676e-16,6.076918990531501169e-13,-1.895908034387012997e-02,0.000000000000000000e+00,8.252461925894061939e-13,-2.038706593477321999e-02,8.049116928532384918e-16,5.379568666027902037e-04,-2.353478687733186539e-02
3.791350109962401405e-01,1.387778780781445676e-16,6.119490595409959183e-13,-1.915934277432781302e-02,0.000000000000000000e+00,8.307702585623943578e-13,-2.060143613074541871e-02,8.049116928532384918e-16,5.487649825334495451e-04,-2.362757766318675581e-02
3.800948464671163318e-01,1.387778780781445676e-16,6.160268980717103007e-13,-1.935706339597851461e-02,0.000000000000000000e+00,8.360523983731195374e-13,-2.081304537686082951e-02,8.049116928532384918e-16,5.596032681797022835e-04,-2.371564645979280794e-02
3.810546819379925232e-01,1.387778780781445676e-16,6.199258872896778322e-13,-1.955216734050220159e-02,0.000000000000000000e+00,8.410926408207019395e-13,-2.102181329012811628e-02,8.049116928532384918e-16,5.704700648333497397e-04,-2.379891245350659185e-02
3.820145174088687146e-01,1.387778780781445676e-16,6.236464185241201441e-13,-1.974458020677353348e-02,0.000000000000000000e+00,8.458927595921331144e-13,-2.122766001495225707e-02,8.049116928532384918e-16,5.813636959063250755e-04,-2.387729568493726293e-02
3.829743528797449059e-01,1.387778780781445676e-16,6.271892286937013478e-13,-1.993422815007253601e-02,0.000000000000000000e+00,8.504535983322285275e-13,-2.143050639088375092e-02,8.326672684688674053e-16,5.922824671693434307e-04,-2.395071721359840269e-02
3.839341883506210973e-01,1.387778780781445676e-16,6.305549818722520905e-13,-2.012103784116427152e-02,0.000000000000000000e+00,8.547770069609449822e-13,-2.163027392168453966e-02,8.049116928532384918e-16,6.032246669819214856e-04,-2.401909902502888036e-02
3.848940238214972887e-01,1.387778780781445676e-16,6.337449198100730471e-13,-2.030493651592852472e-02,0.000000000000000000e+00,8.588660381850243830e-13,-2.182688477544117781e-02,8.049116928532384918e-16,6.141885665249958558e-04,-2.408236403098526837e-02
3.858538592923734800e-01,1.387778780781445676e-16,6.367615243136996728e-13,-2.048585202768519326e-02,0.000000000000000000e+00,8.627226300158500477e-13,-2.202026177380866923e-02,8.049116928532384918e-16,6.251724200494100875e-04,-2.414043607220438953e-02
3.868136947632496714e-01,1.387778780781445676e-16,6.396066673259453994e-13,-2.066371279875391445e-02,0.000000000000000000e+00,8.663502586766375080e-13,-2.221032832064557747e-02,8.326672684688674053e-16,6.361744651341329085e-04,-2.419323984931653904e-02
3.877735302341258627e-01,1.387778780781445676e-16,6.422827595025781128e-13,-2.083844774211892834e-02,-2.775557561562891351e-17,8.697524596829086033e-13,-2.239700838753263049e-02,8.326672684688674053e-16,6.471929229457864131e-04,-2.424070090600033769e-02
3.887333657050020541e-01,1.387778780781445676e-16,6.447922386044200108e-13,-2.100998618479930913e-02,-2.775557561562891351e-17,8.729338934099391267e-13,-2.258022643128728205e-02,8.326672684688674053e-16,6.582259984895403107e-04,-2.428274555630895865e-02
3.896932011758782455e-01,1.387778780781445676e-16,6.471387824485280715e-13,-2.117825791290554524e-02,-2.775557561562891351e-17,8.758986408624689496e-13,-2.275990736486467950e-02,8.326672684688674053e-16,6.692718808625157780e-04,-2.431930086555233669e-02
3.906530366467544368e-01,1.387778780781445676e-16,6.493248457363834381e-13,-2.134319316438445385e-02,-5.551115123125782702e-17,8.786511235524827393e-13,-2.293597655439775715e-02,8.326672684688674053e-16,6.803287435033039633e-04,-2.435029465712788138e-02
3.916128721176306282e-01,1.387778780781445676e-16,6.513548042401916260e-13,-2.150472269424230989e-02,-2.775557561562891351e-17,8.811972148064367572e-13,-2.310835993268153116e-02,8.326672684688674053e-16,6.913947444514425634e-04,-2.437565562659931018e-02
3.925727075885068196e-01,1.387778780781445676e-16,6.532327338824948232e-13,-2.166277771118829687e-02,-5.551115123125782702e-17,8.835424694663990969e-13,-2.327698398248670072e-02,8.326672684688674053e-16,7.024680266165915640e-04,-2.439531330639068199e-02
3.935325430593830109e-01,1.110223024625156540e-16,6.549624361471603068e-13,-2.181728997115939608e-02,-5.551115123125782702e-17,8.856921882645536759e-13,-2.344177576140405589e-02,8.326672684688674053e-16,7.135467180641101408e-04,-2.440919811906750239e-02
3.944923785302592023e-01,1.387778780781445676e-16,6.565483122173820102e-13,-2.196819180046562237e-02,-2.775557561562891351e-17,8.876536489079833031e-13,-2.360266295564146175e-02,8.604228440844963188e-16,7.246289322998995548e-04,-2.441724137406080589e-02
3.954522140011353937e-01,1.387778780781445676e-16,6.579950343268969881e-13,-2.211541621833314902e-02,-2.775557561562891351e-17,8.894327433578690795e-13,-2.375957403463351339e-02,8.604228440844963188e-16,7.357127685596240568e-04,-2.441937545180420180e-02
3.964120494720115850e-01,1.387778780781445676e-16,6.593073932940549109e-13,-2.225889687637563549e-02,-5.551115123125782702e-17,8.910369119516196867e-13,-2.391243820344067517e-02,8.881784197001252323e-16,7.467963120842888419e-04,-2.441553379078490599e-02
3.973718849428877764e-01,1.387778780781445676e-16,6.604912056941045738e-13,-2.239856811736348763e-02,0.000000000000000000e+00,8.924723498882113429e-13,-2.406118542759132228e-02,9.436895709313830594e-16,7.578776344117657505e-04,-2.440565091211848933e-02
3.983317204137639678e-01,1.110223024625156540e-16,6.615508523814491761e-13,-2.253436486666341582e-02,-2.775557561562891351e-17,8.937473377617364059e-13,-2.420574631881218519e-02,9.436895709313830594e-16,7.689547936567675546e-04,-2.438966228937516217e-02
3.992915558846401591e-01,1.110223024625156540e-16,6.624922388697969747e-13,-2.266622277227143059e-02,-2.775557561562891351e-17,8.948685112283036661e-13,-2.434605231431039712e-02,9.436895709313830594e-16,7.800258348101529174e-04,-2.436750449628997950e-02
4.002513913555163505e-01,1.110223024625156540e-16,6.633208776495687006e-13,-2.279407809927333148e-02,-2.775557561562891351e-17,8.958439052424507776e-13,-2.448203560620299327e-02,9.159339953157541458e-16,7.910887900346545709e-04,-2.433911521475237705e-02
4.012112268263925419e-01,1.110223024625156540e-16,6.640423549030514960e-13,-2.291786779966095353e-02,-2.775557561562891351e-17,8.966813014958641657e-13,-2.461362916081505370e-02,9.159339953157541458e-16,8.021416789766099920e-04,-2.430443323043350937e-02
4.021710622972687332e-01,1.387778780781445676e-16,6.646625668265911981e-13,-2.303752944977404890e-02,-2.775557561562891351e-17,8.973883114266078577e-13,-2.474076661820321515e-02,8.881784197001252323e-16,8.131825090711116213e-04,-2.426339829681835661e-02
4.031308977681449246e-01,1.387778780781445676e-16,6.651869403602808650e-13,-2.315300122976130665e-02,-2.775557561562891351e-17,8.979732867795417808e-13,-2.486338228567703396e-02,8.881784197001252323e-16,8.242092758577665434e-04,-2.421595115636363330e-02
4.040907332390211160e-01,1.110223024625156540e-16,6.656216410569435610e-13,-2.326422198394764024e-02,-2.775557561562891351e-17,8.984441422305250793e-13,-2.498141126638522835e-02,8.881784197001252323e-16,8.352199633089459584e-04,-2.416203371155810006e-02
4.050505687098973073e-01,1.110223024625156540e-16,6.659723948593027250e-13,-2.337113128716837920e-02,-8.326672684688674053e-17,8.988085019231159892e-13,-2.509478954803784703e-02,8.604228440844963188e-16,8.462125441486975045e-04,-2.410158911386509062e-02
4.060104041807734987e-01,1.387778780781445676e-16,6.662449556621690555e-13,-2.347366951660639564e-02,-2.775557561562891351e-17,8.990748226342598973e-13,-2.520345402702069484e-02,8.604228440844963188e-16,8.571849801719507497e-04,-2.403456172968590487e-02
4.069702396516496901e-01,1.387778780781445676e-16,6.664457524456122127e-13,-2.357177776181553636e-02,-2.775557561562891351e-17,8.992503456486228806e-13,-2.530734244237927213e-02,8.881784197001252323e-16,8.681352225478518054e-04,-2.396089705793028740e-02
4.079300751225258814e-01,1.387778780781445676e-16,6.665800876358820085e-13,-2.366539791607466525e-02,-2.775557561562891351e-17,8.993430042767889231e-13,-2.540639349078188322e-02,8.881784197001252323e-16,8.790612121328223675e-04,-2.388054185492042431e-02
4.088899105934020728e-01,1.110223024625156540e-16,6.666534932051569606e-13,-2.375447274353265775e-02,-2.775557561562891351e-17,8.993605370117641398e-13,-2.550054686976486323e-02,8.881784197001252323e-16,8.899608797790639148e-04,-2.379344420643254160e-02
4.098497460642782642e-01,1.110223024625156540e-16,6.666717399889067128e-13,-2.383894605232973404e-02,-2.775557561562891351e-17,8.993102808529376477e-13,-2.558974337510230845e-02,8.881784197001252323e-16,9.008321466632860730e-04,-2.369955361307006167e-02
4.108095815351544555e-01,1.387778780781445676e-16,6.666401261782163405e-13,-2.391876271073339888e-02,-2.775557561562891351e-17,8.991993042902542838e-13,-2.567392491512121566e-02,8.604228440844963188e-16,9.116729246238379795e-04,-2.359882100316653200e-02
4.117694170060306469e-01,1.110223024625156540e-16,6.665641828982314145e-13,-2.399386873216285271e-02,-5.551115123125782702e-17,8.990348799485991735e-13,-2.575303466494369142e-02,8.881784197001252323e-16,9.224811165072420655e-04,-2.349119887261502670e-02
4.127292524769068383e-01,1.387778780781445676e-16,6.664485540070852563e-13,-2.406421129376997217e-02,-2.775557561562891351e-17,8.988230560667321862e-13,-2.582701713769770119e-02,8.881784197001252323e-16,9.332546165212152710e-04,-2.337664140742420904e-02
4.136890879477830296e-01,1.110223024625156540e-16,6.662980722512584254e-13,-2.412973872095318731e-02,-2.775557561562891351e-17,8.985703789387861767e-13,-2.589581810801612483e-02,9.436895709313830594e-16,9.439913105891057938e-04,-2.325510441414224347e-02
4.146489234186592210e-01,1.110223024625156540e-16,6.661171964121852685e-13,-2.419040036838513569e-02,-8.326672684688674053e-17,8.982826456582521536e-13,-2.595938446382235754e-02,9.159339953157541458e-16,9.546890767173772359e-04,-2.312654517239763965e-02
4.156087588895354124e-01,5.551115123125782702e-17,6.659101692778985823e-13,-2.424614669980056092e-02,-2.775557561562891351e-17,8.979651467929186670e-13,-2.601766427561078010e-02,9.436895709313830594e-16,9.653457853687977134e-04,-2.299092249981036368e-02
4.165685943604116037e-01,5.551115123125782702e-17,6.656808423072095322e-13,-2.429692928226443588e-02,-8.326672684688674053e-17,8.976228010631104228e-13,-2.607060679640554185e-02,9.159339953157541458e-16,9.759592998413909584e-04,-2.284819670186031063e-02
4.175284298312877951e-01,5.551115123125782702e-17,6.654327112050914365e-13,-2.434270093351805983e-02,-5.551115123125782702e-17,8.972600490390534016e-13,-2.611816260241941676e-02,9.159339953157541458e-16,9.865274766401295557e-04,-2.269832970451432161e-02
4.184882653021639864e-01,8.326672684688674053e-17,6.651689269341080814e-13,-2.438341568598700188e-02,-5.551115123125782702e-17,8.968807548850529776e-13,-2.616028356200248220e-02,8.881784197001252323e-16,9.970481658615895984e-04,-2.254128505486998474e-02
4.194481007730401778e-01,5.551115123125782702e-17,6.648921474836479509e-13,-2.441902875296936629e-02,-8.326672684688674053e-17,8.964881114918038258e-13,-2.619692280777339080e-02,9.436895709313830594e-16,1.007519211582378693e-03,-2.237702787563251514e-02
4.204079362439163692e-01,5.551115123125782702e-17,6.646045029298151526e-13,-2.444949663875278789e-02,-8.326672684688674053e-17,8.960846654638618663e-13,-2.622803487652992233e-02,8.881784197001252323e-16,1.017938452248202561e-03,-2.220552494430833024e-02
4.213677717147925605e-01,5.551115123125782702e-17,6.643077472660852134e-13,-2.447477712340962244e-02,-8.326672684688674053e-17,8.956724094462355148e-13,-2.625357570553478112e-02,9.159339953157541458e-16,1.028303721058300684e-03,-2.202674467700570585e-02
4.223276071856687519e-01,5.551115123125782702e-17,6.640030968317703905e-13,-2.449482938842995408e-02,-8.326672684688674053e-17,8.952524564402174635e-13,-2.627350275126984214e-02,9.159339953157541458e-16,1.038612846356761757e-03,-2.184065727944190655e-02
4.232874426565449433e-01,8.326672684688674053e-17,6.636912410058106305e-13,-2.450961382433724384e-02,-8.326672684688674053e-17,8.948252205390398012e-13,-2.628777480491971755e-02,8.881784197001252323e-16,1.048863652027530848e-03,-2.164723459838819100e-02
4.242472781274211346e-01,8.326672684688674053e-17,6.633722697854565792e-13,-2.451909210315145193e-02,-2.775557561562891351e-17,8.943902729620514827e-13,-2.629635202060145657e-02,8.881784197001252323e-16,1.059053957894711372e-03,-2.144645011401104598e-02
4.252071135982973260e-01,1.110223024625156540e-16,6.630456555750612155e-13,-2.452322697630568427e-02,-2.775557561562891351e-17,8.939464299972523322e-13,-2.629919571161829991e-02,8.881784197001252323e-16,1.069181580119252109e-03,-2.123827876132243497e-02
4.261669490691735174e-01,1.110223024625156540e-16,6.627102617622884426e-13,-2.452198245205982133e-02,-5.551115123125782702e-17,8.934914988715565330e-13,-2.629626852827690597e-02,8.881784197001252323e-16,1.079244331612508540e-03,-2.102269708278543814e-02
4.271267845400497087e-01,8.326672684688674053e-17,6.623642655322357692e-13,-2.451532377515469596e-02,-2.775557561562891351e-17,8.930225255277820335e-13,-2.628753447239037117e-02,8.881784197001252323e-16,1.089240022445636929e-03,-2.079968328096531635e-02
4.280866200109259001e-01,1.110223024625156540e-16,6.620050898930402924e-13,-2.450321753316946072e-02,0.000000000000000000e+00,8.925354508781664729e-13,-2.627295898430874466e-02,8.881784197001252323e-16,1.099166460280469500e-03,-2.056921736188102243e-02
4.290464554818020915e-01,1.110223024625156540e-16,6.616297026785090789e-13,-2.448563170152501939e-02,0.000000000000000000e+00,8.920253045333753628e-13,-2.625250898373993058e-02,8.881784197001252323e-16,1.109021450798133379e-03,-2.033128112777413815e-02
4.300062909526782828e-01,5.551115123125782702e-17,6.612340381304953078e-13,-2.446253568790289837e-02,-2.775557561562891351e-17,8.914861528158549500e-13,-2.622615286981087868e-02,8.881784197001252323e-16,1.118802798150157632e-03,-2.008585817038738286e-02
4.309661264235544742e-01,8.326672684688674053e-17,6.608136270914110287e-13,-2.443390033527316832e-02,0.000000000000000000e+00,8.909110106684057021e-13,-2.619386048915193013e-02,8.881784197001252323e-16,1.128508305401390013e-03,-1.983293382471539371e-02
4.319259618944306656e-01,8.326672684688674053e-17,6.603627531476534591e-13,-2.439969786619711548e-02,0.000000000000000000e+00,8.902918088316556008e-13,-2.615560307260659731e-02,8.881784197001252323e-16,1.138135774975235432e-03,-1.957249518124557636e-02
4.328857973653068569e-01,5.551115123125782702e-17,6.598752361350811949e-13,-2.435990187390197487e-02,-2.775557561562891351e-17,8.896192574717556346e-13,-2.611135332765536846e-02,8.881784197001252323e-16,1.147683009092249993e-03,-1.930453115376217638e-02
4.338456328361830483e-01,1.110223024625156540e-16,6.593441850171518487e-13,-2.431448734020459287e-02,-2.775557561562891351e-17,8.888830909729015552e-13,-2.606108547479015977e-02,8.881784197001252323e-16,1.157147810198957700e-03,-1.902903247000342635e-02
4.348054683070592397e-01,1.110223024625156540e-16,6.587616728360285411e-13,-2.426343068515236442e-02,-8.326672684688674053e-17,8.880718917544808480e-13,-2.600477525496375925e-02,8.881784197001252323e-16,1.166527981391239643e-03,-1.874599169407637281e-02
4.357653037779354310e-01,1.387778780781445676e-16,6.581188959547739845e-13,-2.420670976404089639e-02,-2.775557561562891351e-17,8.871733659802970642e-13,-2.594239992870803896e-02,8.881784197001252323e-16,1.175821326831939188e-03,-1.845540328023951432e-02
4.367251392488116224e-01,1.387778780781445676e-16,6.574063726865766143e-13,-2.414430380737947815e-02,-2.775557561562891351e-17,8.861737874814399479e-13,-2.587393819815552928e-02,8.604228440844963188e-16,1.185025652187904517e-03,-1.815726354109272953e-02
4.376849747196878138e-01,1.387778780781445676e-16,6.566138361450827611e-13,-2.407619343951624205e-02,-2.775557561562891351e-17,8.850580994002391066e-13,-2.579937019442622020e-02,8.326672684688674053e-16,1.194138765056366319e-03,-1.785157058915483666e-02
4.386448101905640051e-01,1.110223024625156540e-16,6.557301173538499298e-13,-2.400236068991778993e-02,-2.775557561562891351e-17,8.838107527528817932e-13,-2.571867750174877676e-02,8.326672684688674053e-16,1.203158475394003855e-03,-1.753832433071105673e-02
4.396046456614401965e-01,1.110223024625156540e-16,6.547426920837200182e-13,-2.392278896453216980e-02,-2.775557561562891351e-17,8.824140894435165972e-13,-2.563184316090538761e-02,8.326672684688674053e-16,1.212082595943700380e-03,-1.721752651091408917e-02
4.405644811323163879e-01,1.387778780781445676e-16,6.536390996330059683e-13,-2.383746298738283892e-02,-2.775557561562891351e-17,8.808496873525736848e-13,-2.553885155569585869e-02,8.326672684688674053e-16,1.220908942668545369e-03,-1.688918064209621317e-02
4.415243166031925792e-01,1.387778780781445676e-16,6.524054046156595524e-13,-2.374636873560521250e-02,-5.551115123125782702e-17,8.790988194286222107e-13,-2.543968833368408927e-02,8.326672684688674053e-16,1.229635335198037051e-03,-1.655329190464393044e-02
4.424841520740687706e-01,1.387778780781445676e-16,6.510269398091661150e-13,-2.364949352978201746e-02,-1.110223024625156540e-16,8.771400828431509533e-13,-2.533434052736714334e-02,8.881784197001252323e-16,1.238259597265973025e-03,-1.620986727727366863e-02
4.434439875449449620e-01,1.942890293094023946e-16,6.494880723734511307e-13,-2.354682589096055920e-02,-8.326672684688674053e-17,8.749518630094118773e-13,-2.522279650729914585e-02,8.604228440844963188e-16,1.246779557136411818e-03,-1.585891552289412504e-02
4.444038230158211533e-01,1.942890293094023946e-16,6.477725612987839457e-13,-2.343835563495302518e-02,-1.110223024625156540e-16,8.725115814171629722e-13,-2.510504608454860315e-02,8.881784197001252323e-16,1.255193048024014603e-03,-1.550044728702034552e-02
4.453636584866973447e-01,1.942890293094023946e-16,6.458632846611687614e-13,-2.332407387612467353e-02,-8.326672684688674053e-17,8.697954821803655437e-13,-2.498108042762197528e-02,8.881784197001252323e-16,1.263497908528281397e-03,-1.513447501183686449e-02
4.463234939575735361e-01,2.498001805406602216e-16,6.437423412662983055e-13,-2.320397315238265090e-02,-8.326672684688674053e-17,8.667778256618184282e-13,-2.485089218822560120e-02,8.326672684688674053e-16,1.271691983070954643e-03,-1.476101305109795737e-02
4.472833294284497274e-01,1.942890293094023946e-16,6.413911590697710802e-13,-2.307804733334704178e-02,-8.326672684688674053e-17,8.634327722744326861e-13,-2.471447553889866144e-02,8.881784197001252323e-16,1.279773122342960957e-03,-1.438007770282401752e-02
4.482431648993259188e-01,1.942890293094023946e-16,6.387899310531484909e-13,-2.294629162997133612e-02,-8.326672684688674053e-17,8.597329764065391594e-13,-2.457182612756849197e-02,8.881784197001252323e-16,1.287739183748065359e-03,-1.399168714179269829e-02
4.492030003702021101e-01,1.942890293094023946e-16,6.359187841294220572e-13,-2.280870258001651066e-02,-8.326672684688674053e-17,8.556506519893361182e-13,-2.442294099366603202e-02,8.326672684688674053e-16,1.295588031843742565e-03,-1.359586133631031195e-02
4.501628358410783015e-01,1.942890293094023946e-16,6.327560511958010142e-13,-2.266527803819497200e-02,-1.110223024625156540e-16,8.511569439984423974e-13,-2.426781855688203357e-02,8.326672684688674053e-16,1.303317538768089838e-03,-1.319262207704862029e-02
4.511226713119544929e-01,1.387778780781445676e-16,6.292808986299146951e-13,-2.251601717447047554e-02,-8.326672684688674053e-17,8.462213982112724159e-13,-2.410645860638620935e-02,8.881784197001252323e-16,1.310925584670405517e-03,-1.278199295389427503e-02
4.520825067828306842e-01,2.220446049250313081e-16,6.254705785149316383e-13,-2.236092033182347782e-02,-8.326672684688674053e-17,8.408131267243715984e-13,-2.393886216620167567e-02,8.604228440844963188e-16,1.318410058136667033e-03,-1.236399919555620196e-02
4.530423422537068756e-01,1.942890293094023946e-16,6.213023852856677451e-13,-2.219998905330727162e-02,-8.326672684688674053e-17,8.348997085046508393e-13,-2.376503152247099945e-02,8.881784197001252323e-16,1.325768856623320627e-03,-1.193866767702159853e-02
4.540021777245830670e-01,1.942890293094023946e-16,6.167525715264137939e-13,-2.203322599764517484e-02,-8.326672684688674053e-17,8.284502268495353566e-13,-2.358497008390878641e-02,9.159339953157541458e-16,1.332999886890843828e-03,-1.150602680398010551e-02
4.549620131954592583e-01,1.942890293094023946e-16,6.117969527524597800e-13,-2.186063507214495993e-02,-1.110223024625156540e-16,8.214308732859684423e-13,-2.339868252175917804e-02,8.881784197001252323e-16,1.340101065446795128e-03,-1.106610666532575893e-02
4.559218486663354497e-01,1.942890293094023946e-16,6.064111378030565686e-13,-2.168222136137549008e-02,-8.326672684688674053e-17,8.138074835870555412e-13,-2.320617471746315788e-02,8.881784197001252323e-16,1.347070318983154252e-03,-1.061893892318039288e-02
4.568816841372116411e-01,1.942890293094023946e-16,6.005700883842833224e-13,-2.149799119584130253e-02,-5.551115123125782702e-17,8.055460222749100813e-13,-2.300745381476693857e-02,8.881784197001252323e-16,1.353905584819633558e-03,-1.016455684397529237e-02
4.578415196080878324e-01,1.942890293094023946e-16,5.942485781609049139e-13,-2.130795205580720414e-02,-2.775557561562891351e-17,7.966112578611239670e-13,-2.280252814457336963e-02,8.881784197001252323e-16,1.360604811337958906e-03,-9.702995282400213306e-03
4.588013550789640238e-01,2.220446049250313081e-16,5.874198696909083139e-13,-2.111211277524562349e-02,-2.775557561562891351e-17,7.869681079350878197e-13,-2.259140738023566325e-02,9.436895709313830594e-16,1.367165958428380327e-03,-9.234290828564742024e-03
4.597611905498402152e-01,2.498001805406602216e-16,5.800581335515999498e-13,-2.091048350573465955e-02,-5.551115123125782702e-17,7.765805651262138593e-13,-2.237410261185240890e-02,8.881784197001252323e-16,1.373586997925544057e-03,-8.758481850996313600e-03
4.607210260207164065e-01,2.498001805406602216e-16,5.721366323009667923e-13,-2.070307581476473965e-02,-8.326672684688674053e-17,7.654116513641567518e-13,-2.215062644556976823e-02,8.881784197001252323e-16,1.379865914041870489e-03,-8.275608522869746034e-03
4.616808614915925979e-01,1.942890293094023946e-16,5.636291214701711141e-13,-2.048990258130915093e-02,-8.326672684688674053e-17,7.534261639596286086e-13,-2.192099282329915133e-02,8.881784197001252323e-16,1.386000703791664132e-03,-7.785712672410547569e-03
4.626406969624687893e-01,2.498001805406602216e-16,5.545091702431267922e-13,-2.027097805238502887e-02,-1.387778780781445676e-16,7.405860728273636062e-13,-2.168521704669868627e-02,8.604228440844963188e-16,1.391989377430200752e-03,-7.288837843690929019e-03
4.636005324333449806e-01,2.775557561562891351e-16,5.447482505501703015e-13,-2.004631785983070763e-02,-8.326672684688674053e-17,7.268562345703801636e-13,-2.144331581684427723e-02,8.881784197001252323e-16,1.397829958907456866e-03,-6.785029317829410940e-03
4.645603679042211720e-01,2.498001805406602216e-16,5.343202043198245349e-13,-1.981593911574036984e-02,-8.326672684688674053e-17,7.121995931913017996e-13,-2.119530737945173396e-02,9.159339953157541458e-16,1.403520486322420383e-03,-6.274334272015092209e-03
4.655202033750973634e-01,2.498001805406602216e-16,5.231980383061263923e-13,-1.957986047382557354e-02,-8.326672684688674053e-17,6.965776510426758064e-13,-2.094121160241045262e-02,9.159339953157541458e-16,1.409059012385978143e-03,-5.756801807571673354e-03
4.664800388459735547e-01,2.498001805406602216e-16,5.113536310152270309e-13,-1.933810194526511261e-02,-8.326672684688674053e-17,6.799560304453049209e-13,-2.068104972092443816e-02,9.159339953157541458e-16,1.414443604875872517e-03,-5.232482731106847910e-03
4.674398743168497461e-01,2.775557561562891351e-16,4.987609615949867986e-13,-1.909068494316520578e-02,-8.326672684688674053e-17,6.622976296620335102e-13,-2.041484448312225197e-02,9.436895709313830594e-16,1.419672347092967076e-03,-4.701429691741693465e-03
4.683997097877259375e-01,2.775557561562891351e-16,4.853931977357025737e-13,-1.883763217695833686e-02,-8.326672684688674053e-17,6.435650216950541957e-13,-2.014262010256371097e-02,9.159339953157541458e-16,1.424743338304276753e-03,-4.163697138800673270e-03
4.693595452586021288e-01,2.498001805406602216e-16,4.712230294010889831e-13,-1.857896778722493633e-02,-8.326672684688674053e-17,6.237243997653761640e-13,-1.986440227042320789e-02,8.881784197001252323e-16,1.429654694188138868e-03,-3.619341290931416422e-03
4.703193807294783202e-01,2.220446049250313081e-16,4.562242375332967170e-13,-1.831471733711069125e-02,-5.551115123125782702e-17,6.027395989542834454e-13,-1.958021810875803723e-02,9.159339953157541458e-16,1.434404547276946001e-03,-3.068420058215700578e-03
4.712792162003545116e-01,2.498001805406602216e-16,4.403711417874309197e-13,-1.804490793330211854e-02,-8.326672684688674053e-17,5.805753217047980586e-13,-1.929009634495835665e-02,8.881784197001252323e-16,1.438991047392823748e-03,-2.510993185811723639e-03
4.722390516712307029e-01,2.498001805406602216e-16,4.236384091021051096e-13,-1.776956826069622450e-02,-2.775557561562891351e-17,5.571979103157279067e-13,-1.899406744503137970e-02,8.881784197001252323e-16,1.443412362085444130e-03,-1.947122422206453958e-03
4.731988871421068943e-01,2.498001805406602216e-16,4.059996222137603195e-13,-1.748872866532229925e-02,-8.326672684688674053e-17,5.325741814243313554e-13,-1.869216364417097473e-02,8.881784197001252323e-16,1.447666677058391787e-03,-1.376871557393890590e-03
4.741587226129830857e-01,2.498001805406602216e-16,3.874321721189684375e-13,-1.720242115691946946e-02,-5.551115123125782702e-17,5.066713345267589291e-13,-1.838441892688392684e-02,8.881784197001252323e-16,1.451752196612535444e-03,-8.003063514702232371e-04
4.751185580838592770e-01,2.498001805406602216e-16,3.679086657722152598e-13,-1.691067942957048820e-02,-2.775557561562891351e-17,4.794573822707905164e-13,-1.807086906651339531e-02,8.881784197001252323e-16,1.455667144079399785e-03,-2.174945953355536836e-04
4.760783935547354684e-01,2.220446049250313081e-16,3.474085846473864980e-13,-1.661353886572700805e-02,-2.775557561562891351e-17,4.509019907125190463e-13,-1.775155166289099987e-02,8.881784197001252323e-16,1.459409762259635673e-03,3.714938714969906507e-04
4.770382290256116598e-01,2.498001805406602216e-16,3.259084489911842630e-13,-1.631103655459172769e-02,-2.775557561562891351e-17,4.209761608319623205e-13,-1.742650613641515828e-02,8.881784197001252323e-16,1.462978313857079410e-03,9.665870962575585446e-04
4.779980644964878511e-01,1.942890293094023946e-16,3.033851652973346136e-13,-1.600321126036493083e-02,-2.775557561562891351e-17,3.896497111511437739e-13,-1.709577365882450697e-02,8.881784197001252323e-16,1.466371081922893333e-03,1.567711116617115331e-03
4.789578999673640425e-01,1.942890293094023946e-16,2.798189536524532672e-13,-1.569010338677940056e-02,0.000000000000000000e+00,3.568954993463015896e-13,-1.675939708193685193e-02,8.881784197001252323e-16,1.469586370297664649e-03,2.174790041237300263e-03
4.799177354382402338e-01,2.498001805406602216e-16,2.551876556746400515e-13,-1.537175493241596871e-02,-2.775557561562891351e-17,3.226880907120956155e-13,-1.641742092828786179e-02,8.881784197001252323e-16,1.472622504056280042e-03,2.787746090411670138e-03
4.808775709091164252e-01,2.498001805406602216e-16,2.294732329502502388e-13,-1.504820957519260177e-02,-2.775557561562891351e-17,2.870007732175012399e-13,-1.606989150533270905e-02,8.881784197001252323e-16,1.475477829948475175e-03,3.406499483653698587e-03
4.818374063799926166e-01,1.942890293094023946e-16,2.026566340142341854e-13,-1.471951278455177481e-02,0.000000000000000000e+00,2.498102805615232819e-13,-1.571685704298110900e-02,9.436895709313830594e-16,1.478150716841486901e-03,4.030968275484774106e-03
4.827972418508688079e-01,1.942890293094023946e-16,1.747195731193265655e-13,-1.438571183043584230e-02,-2.775557561562891351e-17,2.110960264554116728e-13,-1.535836766217001451e-02,9.714451465470119729e-16,1.480639556161881696e-03,4.661068446594582478e-03
4.837570773217449993e-01,2.220446049250313081e-16,1.456479793542075907e-13,-1.404685575957648376e-02,-2.775557561562891351e-17,1.708352562060713731e-13,-1.499447534511135632e-02,9.714451465470119729e-16,1.482942762335560678e-03,5.296713977699599001e-03
4.847169127926211907e-01,1.942890293094023946e-16,1.154223133628499987e-13,-1.370299520142944510e-02,-2.775557561562891351e-17,1.290087015080182420e-13,-1.462523375490676000e-02,9.714451465470119729e-16,1.485058773218341606e-03,5.937817016328852948e-03
4.856767482634973820e-01,1.942890293094023946e-16,8.403073023651938533e-14,-1.335418242447091244e-02,-8.326672684688674053e-17,8.560001801350206052e-14,-1.425069828461550045e-02,9.436895709313830594e-16,1.486986050521766712e-03,6.584287832150128618e-03
4.866365837343735734e-01,1.942890293094023946e-16,5.145872199489517906e-14,-1.300047121867489892e-02,-8.326672684688674053e-17,4.059185848776306060e-14,-1.387092597048717076e-02,9.436895709313830594e-16,1.488723080220450681e-03,7.236034918124079930e-03
4.875964192052497648e-01,1.387778780781445676e-16,1.769596838854803345e-14,-1.264191688111075511e-02,-1.387778780781445676e-16,-6.029559989316479740e-15,-1.348597552865117913e-02,9.714451465470119729e-16,1.490268372958059940e-03,7.892964980710183778e-03
4.885562546761259561e-01,2.220446049250313081e-16,-1.727012088025003944e-14,-1.227857616538539746e-02,-1.387778780781445676e-16,-5.427662781568899641e-14,-1.309590733079358735e-02,9.714451465470119729e-16,1.491620464440832072e-03,8.554982964268993684e-03
4.895160901470021475e-01,1.942890293094023946e-16,-5.344707085220244680e-14,-1.191050732265655152e-02,-1.387778780781445676e-16,-1.041615964759035756e-13,-1.270078338882201473e-02,9.992007221626408864e-16,1.492777915845895469e-03,9.221992025657061581e-03
4.904759256178783389e-01,1.942890293094023946e-16,-9.084499171256761596e-14,-1.153777005375622791e-02,-8.326672684688674053e-17,-1.556903714836684743e-13,-1.230066727476925373e-02,9.714451465470119729e-16,1.493739314222252172e-03,9.893893631493184959e-03
4.914357610887545302e-01,1.942890293094023946e-16,-1.294698262445034831e-13,-1.116042551933863619e-02,-1.110223024625156540e-16,-2.088729512158930823e-13,-1.189562409259064743e-02,9.714451465470119729e-16,1.494503272902503004e-03,1.057058758642850406e-02
4.923955965596307216e-01,1.942890293094023946e-16,-1.693269446368956405e-13,-1.077853628181873677e-02,-8.326672684688674053e-17,-2.637128186720565093e-13,-1.148572047368008088e-02,9.714451465470119729e-16,1.495068431915969791e-03,1.125197205311192876e-02
4.933554320305069130e-01,2.498001805406602216e-16,-2.104214697450090821e-13,-1.039216631434153673e-02,-8.326672684688674053e-17,-3.202152932190675122e-13,-1.107102460664892256e-02,9.714451465470119729e-16,1.495433458394003099e-03,1.193794354049317399e-02
4.943152675013831043e-01,2.498001805406602216e-16,-2.527541876154188599e-13,-1.000138097083408915e-02,-2.775557561562891351e-17,-3.783810253782295824e-13,-1.065160619562544389e-02,9.714451465470119729e-16,1.495597046970829989e-03,1.262839694344813565e-02
4.952751029722592957e-01,1.942890293094023946e-16,-2.963275173742223323e-13,-9.606247036639897763e-03,-2.775557561562891351e-17,-4.382100151495427198e-13,-1.022753647025566835e-02,9.714451465470119729e-16,1.495557920176962194e-03,1.332322553117731498e-02
4.962349384431354871e-01,1.942890293094023946e-16,-3.411422111866766610e-13,-9.206832599452241181e-03,-8.326672684688674053e-17,-4.997001754438248899e-13,-9.798888124614319253e-03,9.714451465470119729e-16,1.495314828839697588e-03,1.402232098656907948e-02
4.971947739140116784e-01,1.665334536937734811e-16,-3.871965715987555484e-13,-8.803207139732649456e-03,-2.775557561562891351e-17,-5.628466646207495871e-13,-9.365735414287085572e-03,9.714451465470119729e-16,1.494866552458584165e-03,1.472557331973648430e-02
4.981546093848878698e-01,1.942890293094023946e-16,-4.344869665331811681e-13,-8.395441539683730012e-03,-8.326672684688674053e-17,-6.276440074593457596e-13,-8.928154200850713443e-03,9.714451465470119729e-16,1.494211899570219593e-03,1.543287086526559659e-02
4.991144448557640612e-01,1.942890293094023946e-16,-4.830098892735518873e-13,-7.983608059586136049e-03,-8.326672684688674053e-17,-6.940860477241527632e-13,-8.486221884670540339e-03,1.026956297778269800e-15,1.493349708102579979e-03,1.614410033805312172e-02
5.000742803266406966e-01,1.942890293094023946e-16,-5.327571405409382843e-13,-7.567780378449247281e-03,-8.326672684688674053e-17,-7.621595954181159538e-13,-8.040017421506548412e-03,1.026956297778269800e-15,1.492278845734535883e-03,1.685914680260010984e-02
5.010341157975224391e-01,1.942890293094023946e-16,-5.837249357921320270e-13,-7.148033530521063529e-03,-8.326672684688674053e-17,-8.318550384113498897e-13,-7.589621274728373251e-03,1.026956297778269800e-15,1.490998210263831192e-03,1.757789375351376249e-02
5.019939512684041816e-01,1.942890293094023946e-16,-6.359041440119617139e-13,-6.724443956077008448e-03,-8.326672684688674053e-17,-9.031580889521002853e-13,-7.135115421893822862e-03,1.026956297778269800e-15,1.489506729957451939e-03,1.830022314468867164e-02
5.029537867392859241e-01,1.665334536937734811e-16,-6.892823239804980739e-13,-6.297089277594879013e-03,-8.326672684688674053e-17,-9.760549878371719418e-13,-6.676583190994143935e-03,1.026956297778269800e-15,1.487803363898935506e-03,1.902601553222291186e-02
5.039136222101676665e-01,1.942890293094023946e-16,-7.438494027819323590e-13,-5.866048388998476235e-03,-8.326672684688674053e-17,-1.050526571793166178e-12,-6.214109313026018946e-03,1.026956297778269800e-15,1.485887102307733220e-03,1.975514997968228978e-02
5.048734576810494090e-01,1.665334536937734811e-16,-7.995932881739095666e-13,-5.431401305937711560e-03,-1.110223024625156540e-16,-1.126553890998987020e-12,-5.747779748328863021e-03,1.026956297778269800e-15,1.483756966866701422e-03,2.048750421774908279e-02
5.058332931519311515e-01,1.387778780781445676e-16,-8.564978560372457639e-13,-4.993229315321588355e-03,-1.110223024625156540e-16,-1.204114993748773427e-12,-5.277681839771460048e-03,1.026956297778269800e-15,1.481412011034706879e-03,2.122295457293038243e-02
5.067931286228128940e-01,1.942890293094023946e-16,-9.145480867837202377e-13,-4.551614789571496560e-03,-1.387778780781445676e-16,-1.283188968493123583e-12,-4.803904193637525619e-03,1.026956297778269800e-15,1.478851320371940775e-03,2.196137607892975283e-02
5.077529640936946365e-01,1.942890293094023946e-16,-9.737263621280300985e-13,-4.106641249233479625e-03,-1.387778780781445676e-16,-1.363751461340738033e-12,-4.326536751260023558e-03,1.054711873393898713e-15,1.476074012858978168e-03,2.270264236724682527e-02
5.087127995645763789e-01,1.942890293094023946e-16,-1.034015951475401179e-12,-3.658393381441922120e-03,-1.387778780781445676e-16,-1.445773507152952470e-12,-3.845670835131419999e-03,1.082467449009527627e-15,1.473079239217597305e-03,2.344662565238020066e-02
5.096726350354581214e-01,1.942890293094023946e-16,-1.095394798087886978e-12,-3.206957065306059035e-03,-1.387778780781445676e-16,-1.529230538586164728e-12,-3.361399116130793941e-03,1.054711873393898713e-15,1.469866183224339574e-03,2.419319677071685160e-02
5.106324705063398639e-01,1.942890293094023946e-16,-1.157841797292573707e-12,-2.752419480725902968e-03,-1.387778780781445676e-16,-1.614091344170334383e-12,-2.873815744854113334e-03,1.026956297778269800e-15,1.466434062023543386e-03,2.494222512867525984e-02
5.115923059772216064e-01,2.498001805406602216e-16,-1.221336183229726480e-12,-2.294868946060932540e-03,-1.387778780781445676e-16,-1.700325769532539180e-12,-2.383016217954187638e-03,1.026956297778269800e-15,1.462782126429421981e-03,2.569357875333421956e-02
5.125521414481033489e-01,2.498001805406602216e-16,-1.285854269470008276e-12,-1.834394990772006580e-03,-1.110223024625156540e-16,-1.787901546105620521e-12,-1.889097484620420788e-03,1.026956297778269800e-15,1.458909661225958740e-03,2.644712420936672082e-02
5.135119769189850913e-01,2.220446049250313081e-16,-1.351371536103661980e-12,-1.371088249274840260e-03,-1.110223024625156540e-16,-1.876784328397633136e-12,-1.392157791879975641e-03,1.082467449009527627e-15,1.454815985457993130e-03,2.720272677034686962e-02
5.144718123898668338e-01,1.942890293094023946e-16,-1.417861020377910591e-12,-9.050405917183649207e-04,-8.326672684688674053e-17,-1.966936406501765267e-12,-8.922967610248865511e-04,1.054711873393898713e-15,1.450500452720148879e-03,2.796025040168157241e-02
5.154316478607485763e-01,1.942890293094023946e-16,-1.485295095466146464e-12,-4.363449711432163761e-04,-1.110223024625156540e-16,-2.058325298398555603e-12,-3.896152893169384105e-04,1.054711873393898713e-15,1.445962451440208421e-03,2.871955786953763953e-02
5.163914833316303188e-01,1.665334536937734811e-16,-1.553647120488112557e-12,3.490462363094721989e-05,-8.326672684688674053e-17,-2.150908472869656612e-12,1.157845438945447872e-04,1.082467449009527627e-15,1.441201405160263873e-03,2.948051080635939736e-02
5.173513188025120613e-01,1.665334536937734811e-16,-1.622886588705180558e-12,5.086132879688062347e-04,-8.326672684688674053e-17,-2.244650185124694164e-12,6.237996793081664352e-04,1.082467449009527627e-15,1.436216772817841113e-03,3.024296990565106258e-02
5.183111542733938037e-01,1.665334536937734811e-16,-1.692985520925036763e-12,9.846851241475471778e-04,-1.387778780781445676e-16,-2.339509018640679311e-12,1.134325990696011819e-03,1.082467449009527627e-15,1.431008049041427492e-03,3.100679483669560241e-02
5.192709897442755462e-01,1.665334536937734811e-16,-1.763911357201188718e-12,1.463023165759058533e-03,-1.387778780781445676e-16,-2.435441784901697451e-12,1.647258151468573763e-03,1.082467449009527627e-15,1.425574764438823205e-03,3.177184415339986967e-02
5.202308252151572887e-01,1.942890293094023946e-16,-1.835631723934392362e-12,1.943529490287769631e-03,-1.387778780781445676e-16,-2.532407592545186936e-12,2.162489743909428060e-03,1.082467449009527627e-15,1.419916485867502931e-03,3.253797542738199461e-02
5.211906606860390312e-01,1.942890293094023946e-16,-1.908113556346518677e-12,2.426105325402020882e-03,-1.387778780781445676e-16,-2.630361315043849846e-12,2.679913360310002667e-03,9.992007221626408864e-16,1.414032816692200158e-03,3.330504534071750816e-02
5.221504961569207737e-01,1.942890293094023946e-16,-1.981324579094145485e-12,2.910651110558943721e-03,-8.326672684688674053e-17,-2.729259211616289968e-12,3.199420737196288517e-03,1.026956297778269800e-15,1.407923397040901619e-03,3.407290977882449640e-02
5.231103316278025162e-01,1.942890293094023946e-16,-2.055228407029990531e-12,3.397066410985583040e-03,-1.110223024625156540e-16,-2.829051696953775036e-12,3.720902669646068521e-03,9.992007221626408864e-16,1.401587904052757063e-03,3.484142382492868423e-02
5.240701670986842586e-01,1.942890293094023946e-16,-2.129789756149602989e-12,3.885249820420474953e-03,-1.110223024625156540e-16,-2.929694640639753100e-12,4.244248910875134811e-03,1.026956297778269800e-15,1.395026052120648457e-03,3.561044165921041504e-02
5.250300025695660011e-01,1.942890293094023946e-16,-2.204971560291211011e-12,4.375098975131689813e-03,-2.775557561562891351e-17,-3.031138423484174005e-12,4.769348215255363524e-03,1.026956297778269800e-15,1.388237593137282844e-03,3.637981660262420286e-02
5.259898380404477436e-01,2.498001805406602216e-16,-2.280738335550588219e-12,4.866510577452554630e-03,-8.326672684688674053e-17,-3.133335184737386092e-12,5.296088365536871616e-03,1.026956297778269800e-15,1.381222316736403473e-03,3.714940111241584603e-02
5.269496735113294861e-01,2.498001805406602216e-16,-2.357051199727323854e-12,5.359380416248222048e-03,-8.326672684688674053e-17,-3.236235877803611549e-12,5.824356148406048019e-03,1.026956297778269800e-15,1.373980050535073211e-03,3.791904674292580213e-02
5.279095089822112286e-01,2.498001805406602216e-16,-2.433872100713295461e-12,5.853603390535074523e-03,-8.326672684688674053e-17,-3.339788732029114193e-12,6.354037392560862169e-03,9.992007221626408864e-16,1.366510660371299127e-03,3.868860417277934782e-02
5.288693444530929710e-01,2.498001805406602216e-16,-2.511161180526137043e-12,6.349073606581877825e-03,-8.326672684688674053e-17,-3.443944036744285564e-12,6.885017028190821425e-03,1.026956297778269800e-15,1.358814050541216250e-03,3.945792325952356822e-02
5.298291799239747135e-01,2.775557561562891351e-16,-2.588881020638370695e-12,6.845684471757100716e-03,-8.326672684688674053e-17,-3.548649357221558831e-12,7.417179244381548291e-03,1.054711873393898713e-15,1.350890164033489039e-03,4.022685320948134191e-02
5.307890153948564560e-01,2.775557561562891351e-16,-2.666990922810946740e-12,7.343328761265774038e-03,-8.326672684688674053e-17,-3.653851933472715419e-12,7.950407603585271654e-03,1.026956297778269800e-15,1.342738982750932069e-03,4.099524264887349778e-02
5.317488508657381985e-01,2.498001805406602216e-16,-2.745448457469471318e-12,7.841898653825733062e-03,-1.110223024625156540e-16,-3.759500021949073456e-12,8.484585036461943924e-03,1.026956297778269800e-15,1.334360527730545608e-03,4.176293960701418784e-02
5.327086863366199410e-01,2.498001805406602216e-16,-2.824214901655727750e-12,8.341285787230307350e-03,-8.326672684688674053e-17,-3.865539453199590136e-12,9.019593858889042581e-03,9.992007221626408864e-16,1.325754859344315494e-03,4.252979155856097954e-02
5.336685218075016834e-01,2.498001805406602216e-16,-2.903249906108240630e-12,8.841381331453191869e-03,-8.326672684688674053e-17,-3.971918280387676248e-12,9.555315879262683484e-03,1.026956297778269800e-15,1.316922077507112158e-03,4.329564556794359559e-02
5.346283572783834259e-01,2.498001805406602216e-16,-2.982510302639886091e-12,9.342075972089809721e-03,-2.775557561562891351e-17,-4.078583106556336879e-12,1.009163245503045918e-02,9.992007221626408864e-16,1.307862321856749499e-03,4.406034830441028782e-02
5.355881927492651684e-01,2.498001805406602216e-16,-3.061955250710079318e-12,9.843259913423756807e-03,-8.326672684688674053e-17,-4.185477471877439848e-12,1.062842440174664033e-02,9.714451465470119729e-16,1.298575771936621558e-03,4.482374596363675884e-02
5.365480282201469109e-01,2.498001805406602216e-16,-3.141541876899162089e-12,1.034482282506474747e-02,-5.551115123125782702e-17,-4.292547017164562162e-12,1.116557187650176440e-02,9.714451465470119729e-16,1.289062647357310009e-03,4.558568412131996928e-02
5.375078636910286534e-01,2.498001805406602216e-16,-3.221228276793167838e-12,1.084665396689164091e-02,-2.775557561562891351e-17,-4.399738623287515610e-12,1.170295457509635401e-02,9.436895709313830594e-16,1.279323207960322752e-03,4.634600797348406576e-02
5.384676991619103958e-01,2.498001805406602216e-16,-3.300972752654169132e-12,1.134864220002892478e-02,-2.775557561562891351e-17,-4.506996731661223887e-12,1.224045187562989093e-02,9.436895709313830594e-16,1.269357753963447702e-03,4.710456245246677498e-02
5.394275346327921383e-01,2.775557561562891351e-16,-3.380733830360936609e-12,1.185067630307913220e-02,-2.775557561562891351e-17,-4.614262375240030939e-12,1.277794308214305966e-02,9.436895709313830594e-16,1.259166626102459739e-03,4.786119241269794905e-02
5.403873701036738808e-01,2.775557561562891351e-16,-3.460466444372544553e-12,1.235264491976882824e-02,-2.775557561562891351e-17,-4.721483986658107923e-12,1.331530734672274098e-02,9.436895709313830594e-16,1.248750205760286057e-03,4.861574254661467365e-02
5.413472055745556233e-01,3.330669073875469621e-16,-3.540129191718531174e-12,1.285443657105566663e-02,-2.775557561562891351e-17,-4.828604557209972836e-12,1.385242364866495768e-02,9.436895709313830594e-16,1.238108915086900703e-03,4.936805737850612219e-02
5.423070410454373658e-01,2.775557561562891351e-16,-3.619677728530041813e-12,1.335593962272331632e-02,-5.551115123125782702e-17,-4.935569409224814519e-12,1.438917085042967607e-02,9.436895709313830594e-16,1.227243217114688464e-03,5.011798132058110228e-02
5.432668765163191082e-01,3.330669073875469621e-16,-3.699071739426918956e-12,1.385704238724181150e-02,-2.775557561562891351e-17,-5.042320632754095089e-12,1.492542782724777008e-02,9.436895709313830594e-16,1.216153615878726038e-03,5.086535873122407375e-02
5.442267119872008507e-01,3.053113317719180486e-16,-3.778267388760076298e-12,1.435763321848002386e-02,0.000000000000000000e+00,-5.148804004136663115e-12,1.546107356445315835e-02,9.436895709313830594e-16,1.204840656536075279e-03,5.161003400324426504e-02
5.451865474580825932e-01,3.053113317719180486e-16,-3.857221257620637583e-12,1.485760042256741888e-02,0.000000000000000000e+00,-5.254964798267862391e-12,1.599598710002668109e-02,9.436895709313830594e-16,1.193304925483360587e-03,5.235185157899362174e-02
5.461463829289643357e-01,3.053113317719180486e-16,-3.935891780407815149e-12,1.535683242505117910e-02,0.000000000000000000e+00,-5.360747754718214048e-12,1.653004774071117899e-02,9.159339953157541458e-16,1.181547050458387925e-03,5.309065613466297517e-02
5.471062183998460782e-01,3.330669073875469621e-16,-4.014237096753355688e-12,1.585521776613370640e-02,0.000000000000000000e+00,-5.466096467869694525e-12,1.706313501086839310e-02,9.436895709313830594e-16,1.169567700632597341e-03,5.382629254796210405e-02
5.480660538707278207e-01,3.330669073875469621e-16,-4.092214428105291069e-12,1.635264532897074199e-02,0.000000000000000000e+00,-5.570958509771000572e-12,1.759512883111617743e-02,9.436895709313830594e-16,1.157367586689731593e-03,5.455860608022885389e-02
5.490258893416095631e-01,3.608224830031758756e-16,-4.169784695751566767e-12,1.684900429758837137e-02,5.551115123125782702e-17,-5.675277203753565508e-12,1.812590951909414869e-02,9.436895709313830594e-16,1.144947460888649836e-03,5.528744239281634110e-02
5.499857248124913056e-01,3.885780586188047891e-16,-4.246904389303748223e-12,1.734418429846913343e-02,2.775557561562891351e-17,-5.779000653802776957e-12,1.865535792126243528e-02,9.436895709313830594e-16,1.132308117109384529e-03,5.601264764534116813e-02
5.509455602833730481e-01,3.885780586188047891e-16,-4.323533935382539717e-12,1.783807540733384905e-02,0.000000000000000000e+00,-5.882074002676838942e-12,1.918335546372504363e-02,9.436895709313830594e-16,1.119450390894021711e-03,5.673406856245288843e-02
5.519053957542547906e-01,3.885780586188047891e-16,-4.399629566101490724e-12,1.833056825895026248e-02,0.000000000000000000e+00,-5.984443118194158334e-12,1.970978422616198600e-02,9.714451465470119729e-16,1.106375159477096829e-03,5.745155252247494820e-02
5.528652312251365331e-01,3.885780586188047891e-16,-4.475154147536193616e-12,1.882155415893813424e-02,0.000000000000000000e+00,-6.086056395719456613e-12,2.023452706333400339e-02,9.436895709313830594e-16,1.093083341799916397e-03,5.816494766497132263e-02
5.538250666960182755e-01,3.885780586188047891e-16,-4.550066469839698577e-12,1.931092505121537184e-02,0.000000000000000000e+00,-6.186861664799446492e-12,2.075746758212820842e-02,9.436895709313830594e-16,1.079575898526770718e-03,5.887410288460761393e-02
5.547849021669000180e-01,3.885780586188047891e-16,-4.624328291168502969e-12,1.979857360040388620e-02,0.000000000000000000e+00,-6.286804932165938192e-12,2.127849031714354813e-02,9.159339953157541458e-16,1.065853832061491391e-03,5.957886798516971727e-02
5.557447376377817605e-01,3.885780586188047891e-16,-4.697899868736721621e-12,2.028439326580137175e-02,2.775557561562891351e-17,-6.385836941158982982e-12,2.179748081021371311e-02,9.436895709313830594e-16,1.051918186571757386e-03,6.027909380850660082e-02
5.567045731086635030e-01,4.163336342344337027e-16,-4.770741331009461378e-12,2.076827842144724628e-02,2.775557561562891351e-17,-6.483906314148132205e-12,2.231432565728210665e-02,9.159339953157541458e-16,1.037770047992782416e-03,6.097463224307045349e-02
5.576644085795452455e-01,4.163336342344337027e-16,-4.842817156813046184e-12,2.125012437230345413e-02,2.775557561562891351e-17,-6.580963936774972267e-12,2.282891250663667687e-02,8.881784197001252323e-16,1.023410544014437653e-03,6.166533620050024950e-02
5.586242440504269879e-01,4.440892098500626162e-16,-4.914092021485443745e-12,2.172982737197147809e-02,5.551115123125782702e-17,-6.676960850535151870e-12,2.334113014072323675e-02,8.881784197001252323e-16,1.008840844056004774e-03,6.235105966543339623e-02
5.595840795213087304e-01,4.163336342344337027e-16,-4.984527371475026836e-12,2.220728456805395878e-02,5.551115123125782702e-17,-6.771848998167375594e-12,2.385086843706142254e-02,8.604228440844963188e-16,9.940621592376061577e-04,6.303165773869456867e-02
5.605439149921904729e-01,4.163336342344337027e-16,-5.054087716101305500e-12,2.268239401748162534e-02,0.000000000000000000e+00,-6.865581935161079591e-12,2.435801833282492251e-02,8.604228440844963188e-16,9.790757423582560712e-04,6.370698661569706989e-02
5.615037504630722154e-01,4.163336342344337027e-16,-5.122740427655151502e-12,2.315505470818205250e-02,5.551115123125782702e-17,-6.958112308986380556e-12,2.486247179044435290e-02,8.326672684688674053e-16,9.638828878568749328e-04,6.437690348736287149e-02
5.624635859339539579e-01,3.885780586188047891e-16,-5.190451638371201826e-12,2.362516654931092613e-02,5.551115123125782702e-17,-7.049396948068022833e-12,2.536412185504643632e-02,8.326672684688674053e-16,9.484849317835847326e-04,6.504126664430483207e-02
5.634234214048357003e-01,3.885780586188047891e-16,-5.257189608230856959e-12,2.409263030651322829e-02,5.551115123125782702e-17,-7.139391593240446490e-12,2.586286261959655497e-02,8.326672684688674053e-16,9.328832517351701636e-04,6.569993546731905942e-02
5.643832568757174428e-01,3.885780586188047891e-16,-5.322922014456849676e-12,2.455734764747696114e-02,0.000000000000000000e+00,-7.228054577258910193e-12,2.635858923996595854e-02,8.881784197001252323e-16,9.170792667976547215e-04,6.635277045794335526e-02
5.653430923465991853e-01,3.885780586188047891e-16,-5.387617943734736986e-12,2.501922113901325351e-02,0.000000000000000000e+00,-7.315343778869012881e-12,2.685119799402702068e-02,8.881784197001252323e-16,9.010744374600622875e-04,6.699963325306484974e-02
5.663029278174809278e-01,3.885780586188047891e-16,-5.451246933371603834e-12,2.547815435494722724e-02,0.000000000000000000e+00,-7.401220918957802236e-12,2.734058636755701266e-02,8.881784197001252323e-16,8.848702655367678702e-04,6.764038673393600598e-02
5.672627632883626703e-01,3.885780586188047891e-16,-5.513783545273978279e-12,2.593405189788421106e-02,0.000000000000000000e+00,-7.485643256242759808e-12,2.782665307664938109e-02,8.881784197001252323e-16,8.684682940638665258e-04,6.827489505142911308e-02
5.682225987592444127e-01,3.885780586188047891e-16,-5.575199461436367715e-12,2.638681940625177066e-02,0.000000000000000000e+00,-7.568579911290760492e-12,2.830929806348245550e-02,8.881784197001252323e-16,8.518701071930383142e-04,6.890302365686681862e-02
5.691824342301261552e-01,3.885780586188047891e-16,-5.635466916118761146e-12,2.683636356655467320e-02,0.000000000000000000e+00,-7.649990517899669940e-12,2.878842255065614322e-02,8.881784197001252323e-16,8.350773300814809614e-04,6.952463934730016004e-02
5.701422697010078977e-01,3.885780586188047891e-16,-5.694563025879055551e-12,2.728259213376056994e-02,-2.775557561562891351e-17,-7.729842272177506884e-12,2.926392908533649584e-02,8.881784197001252323e-16,8.180916287770039451e-04,7.013961035895316387e-02
5.711021051718896402e-01,3.885780586188047891e-16,-5.752464853065039282e-12,2.772541395163215239e-02,0.000000000000000000e+00,-7.808104423440154207e-12,2.973572153659853265e-02,8.881784197001252323e-16,8.009147100990027203e-04,7.074780629660640252e-02
5.720619406427713827e-01,4.163336342344337027e-16,-5.809150032618773038e-12,2.816473896519568892e-02,0.000000000000000000e+00,-7.884745424792524368e-12,3.020370503793733119e-02,8.604228440844963188e-16,7.835483215162833371e-04,7.134909810942637043e-02
5.730217761136531252e-01,4.163336342344337027e-16,-5.864596338395720865e-12,2.860047815027880191e-02,0.000000000000000000e+00,-7.959737679901195823e-12,3.066778595244604166e-02,8.604228440844963188e-16,7.659942510214287799e-04,7.194335806268098432e-02
5.739816115845348676e-01,4.163336342344337027e-16,-5.918785986092122212e-12,2.903254341402430883e-02,0.000000000000000000e+00,-8.033053280724622436e-12,3.112787172027306828e-02,8.881784197001252323e-16,7.482543269927578039e-04,7.253045963360896242e-02
5.749414470554166101e-01,4.163336342344337027e-16,-5.971700263056106336e-12,2.946084764278614904e-02,0.000000000000000000e+00,-8.104668178303365764e-12,3.158387089091235778e-02,8.881784197001252323e-16,7.303304180384597062e-04,7.311027757571975094e-02
5.759012825262983526e-01,4.163336342344337027e-16,-6.023322716519705772e-12,2.988530484383164834e-02,0.000000000000000000e+00,-8.174558997916213376e-12,3.203569324354593739e-02,8.881784197001252323e-16,7.122244328286832845e-04,7.368268799927370216e-02
5.768611179971800951e-01,4.163336342344337027e-16,-6.073640427536408995e-12,3.030583009701108207e-02,0.000000000000000000e+00,-8.242703625226978359e-12,3.248324981024738878e-02,8.881784197001252323e-16,6.939383199215180516e-04,7.424756842473459462e-02
5.778209534680618376e-01,4.163336342344337027e-16,-6.122638237604591943e-12,3.072233950048371826e-02,-2.775557561562891351e-17,-8.309084425009698877e-12,3.292645284769742109e-02,8.881784197001252323e-16,6.754740675979465725e-04,7.480479777287064869e-02
5.787807889389435800e-01,4.163336342344337027e-16,-6.170304281486729478e-12,3.113475003437683047e-02,-2.775557561562891351e-17,-8.373682698165031343e-12,3.336521567651577064e-02,8.326672684688674053e-16,6.568337036914135207e-04,7.535425626169470203e-02
5.797406244098253225e-01,4.718447854656915297e-16,-6.216630166780380204e-12,3.154297967451405449e-02,-2.775557561562891351e-17,-8.436484539800113633e-12,3.379945278285961807e-02,8.326672684688674053e-16,6.380192954094017791e-04,7.589582547686327119e-02
5.807004598807070650e-01,4.163336342344337027e-16,-6.261605600341169087e-12,3.194694751154837642e-02,-2.775557561562891351e-17,-8.497477373169744913e-12,3.422907989052256100e-02,8.049116928532384918e-16,6.190329491525029502e-04,7.642938841144952811e-02
5.816602953515888075e-01,4.163336342344337027e-16,-6.305225286519109892e-12,3.234657378155598312e-02,-2.775557561562891351e-17,-8.556650579868898404e-12,3.465401404424619386e-02,8.049116928532384918e-16,5.998768103252716732e-04,7.695482958312768740e-02
5.826201308224705500e-01,4.440892098500626162e-16,-6.347483780586417670e-12,3.274177991146819816e-02,-5.551115123125782702e-17,-8.613996194399738127e-12,3.507417363392702908e-02,8.049116928532384918e-16,5.805530631392395334e-04,7.747203510929426273e-02
5.835799662933522924e-01,4.163336342344337027e-16,-6.388376495012650091e-12,3.313248849287193931e-02,-8.326672684688674053e-17,-8.669506617182661315e-12,3.548947838145864037e-02,8.049116928532384918e-16,5.610639304008347089e-04,7.798089270023039754e-02
5.845398017642340349e-01,4.440892098500626162e-16,-6.427903070655837520e-12,3.351862340943030649e-02,-8.326672684688674053e-17,-8.723179341000144096e-12,3.589984949054419311e-02,8.049116928532384918e-16,5.414116732942536809e-04,7.848129180173783748e-02
5.854996372351157774e-01,4.440892098500626162e-16,-6.466061779568767556e-12,3.390010974854742315e-02,-8.326672684688674053e-17,-8.775012685338819118e-12,3.630520957493287015e-02,8.049116928532384918e-16,5.215985911455063139e-04,7.897312355424333796e-02
5.864594727059975199e-01,4.718447854656915297e-16,-6.502855213672258800e-12,3.427687383080904593e-02,-8.326672684688674053e-17,-8.825006846710330144e-12,3.670548266233200629e-02,8.049116928532384918e-16,5.016270211782399751e-04,7.945628082253999858e-02
5.874193081768792624e-01,4.718447854656915297e-16,-6.538285751434827139e-12,3.464884308183928396e-02,-8.326672684688674053e-17,-8.873164518679449442e-12,3.710059408644198614e-02,8.049116928532384918e-16,4.814993382600612159e-04,7.993065813452199242e-02
5.883791436477610048e-01,4.718447854656915297e-16,-6.572358271766248761e-12,3.501594606556086842e-02,-8.326672684688674053e-17,-8.919490417525627324e-12,3.749047045617530383e-02,8.049116928532384918e-16,4.612179546418232598e-04,8.039615162787754066e-02
5.893389791186427473e-01,5.273559366969493567e-16,-6.605079286655822154e-12,3.537811247829348443e-02,-8.326672684688674053e-17,-8.963993142327344316e-12,3.787503965719728888e-02,8.049116928532384918e-16,4.407853196903779185e-04,8.085265903581587144e-02
5.902988145895244898e-01,5.273559366969493567e-16,-6.636457008935003898e-12,3.573527306791088320e-02,-5.551115123125782702e-17,-9.006681715679554570e-12,3.825423079072812899e-02,8.049116928532384918e-16,4.202039196063900219e-04,8.130007965292720962e-02
5.912586500604062323e-01,4.718447854656915297e-16,-6.666499878440080434e-12,3.608735968825395324e-02,-2.775557561562891351e-17,-9.047566928782006107e-12,3.862797422517384033e-02,8.049116928532384918e-16,3.994762771468801069e-04,8.173831439929098164e-02
5.922184855312879748e-01,4.718447854656915297e-16,-6.695220827670090441e-12,3.643430530016072283e-02,-2.775557561562891351e-17,-9.086662869486677660e-12,3.899620156530002324e-02,8.049116928532384918e-16,3.786049513293791467e-04,8.216726577877885018e-02
5.931783210021697172e-01,4.996003610813204432e-16,-6.722630529240169323e-12,3.677604419806054098e-02,-2.775557561562891351e-17,-9.123986519110095783e-12,3.935884589939764311e-02,8.049116928532384918e-16,3.575925371449203407e-04,8.258683807992844850e-02
5.941381564730514597e-01,4.718447854656915297e-16,-6.748744795561376422e-12,3.711251197725668610e-02,-2.775557561562891351e-17,-9.159555153736252675e-12,3.971584182053387174e-02,7.771561172376095783e-16,3.364416652382930945e-04,8.299693743430643089e-02
5.950979919439332022e-01,4.718447854656915297e-16,-6.773578544577978783e-12,3.744364553587403721e-02,-8.326672684688674053e-17,-9.193391057107924702e-12,4.006712533478808819e-02,8.049116928532384918e-16,3.151550016039453977e-04,8.339747176521765393e-02
5.960578274148149447e-01,4.718447854656915297e-16,-6.797150072201637097e-12,3.776938294239814975e-02,-8.326672684688674053e-17,-9.225514083677395505e-12,4.041263367229071951e-02,8.049116928532384918e-16,2.937352472515697421e-04,8.378835057818292964e-02
5.970176628856966872e-01,5.273559366969493567e-16,-6.819477396517205359e-12,3.808966343497287299e-02,-2.775557561562891351e-17,-9.255950098442742441e-12,4.075230528446776440e-02,8.049116928532384918e-16,2.721851378789991627e-04,8.416948499590924671e-02
5.979774983565784297e-01,5.273559366969493567e-16,-6.840581486672325795e-12,3.840442745269757180e-02,-2.775557561562891351e-17,-9.284726325042890263e-12,4.108607996547695984e-02,8.326672684688674053e-16,2.505074435289662859e-04,8.454078784904582589e-02
5.989373338274601721e-01,5.273559366969493567e-16,-6.860483664180346691e-12,3.871361669918476495e-02,-2.775557561562891351e-17,-9.311870569875431436e-12,4.141389891835133702e-02,8.326672684688674053e-16,2.287049682450650011e-04,8.490217381186722367e-02
5.998971692983419146e-01,5.273559366969493567e-16,-6.879207090310177769e-12,3.901717413484376978e-02,-2.775557561562891351e-17,-9.337413715761622851e-12,4.173570468518048027e-02,8.326672684688674053e-16,2.067805497041722322e-04,8.525355934621563214e-02
6.008570047692236571e-01,5.273559366969493567e-16,-6.896776085071800594e-12,3.931504392146598081e-02,-2.775557561562891351e-17,-9.361387567094568013e-12,4.205144100398561235e-02,8.326672684688674053e-16,1.847370588288343583e-04,8.559486258419829463e-02
6.018168402401053996e-01,5.273559366969493567e-16,-6.913215578338918754e-12,3.960717149971476614e-02,-2.775557561562891351e-17,-9.383826737028623521e-12,4.236105290461184003e-02,8.049116928532384918e-16,1.625773993846968760e-04,8.592600341707540279e-02
6.027766757109871421e-01,5.273559366969493567e-16,-6.928553098682318015e-12,3.989350365191270814e-02,-5.551115123125782702e-17,-9.404765764179246618e-12,4.266448679629583629e-02,8.326672684688674053e-16,1.403045075650163334e-04,8.624690358942380120e-02
6.037365111818688845e-01,5.273559366969493567e-16,-6.942815835859605239e-12,4.017398843612415144e-02,-2.775557561562891351e-17,-9.424241640169309792e-12,4.296169040272268536e-02,8.049116928532384918e-16,1.179213515721160900e-04,8.655748660953518914e-02
6.046963466527506270e-01,5.551115123125782702e-16,-6.956031874095179590e-12,4.044857512364937596e-02,-8.326672684688674053e-17,-9.442293653775038487e-12,4.325261265241636677e-02,8.049116928532384918e-16,9.543093118776907740e-05,8.685767767310773046e-02
6.056561821236323695e-01,5.273559366969493567e-16,-6.968231557497343506e-12,4.071721420020502774e-02,-2.775557561562891351e-17,-9.458959924867190935e-12,4.353720372151780038e-02,8.049116928532384918e-16,7.283627733931148803e-05,8.714740370914228484e-02
6.066160175945141120e-01,5.273559366969493567e-16,-6.979445729923838306e-12,4.097985733994675972e-02,-8.326672684688674053e-17,-9.474283194728285590e-12,4.381541503547174699e-02,8.049116928532384918e-16,5.014045166391949251e-05,8.742659340271211055e-02
6.075758530653958545e-01,5.273559366969493567e-16,-6.989705540164266317e-12,4.123645740568492035e-02,-5.551115123125782702e-17,-9.488306028457987873e-12,4.408719929074977895e-02,8.049116928532384918e-16,2.734654607490141488e-05,8.769517719187447380e-02
6.085356885362775969e-01,5.273559366969493567e-16,-6.999042855292169144e-12,4.148696841831105847e-02,-8.326672684688674053e-17,-9.501070591356412104e-12,4.435251036562862931e-02,8.049116928532384918e-16,4.457682321723612027e-06,8.795308722328035178e-02
6.094955240071593394e-01,5.273559366969493567e-16,-7.007489908299321599e-12,4.173134548416031209e-02,-8.326672684688674053e-17,-9.512622374175023522e-12,4.461130325711210043e-02,8.049116928532384918e-16,-1.852298845413404739e-05,8.820025736123297821e-02
6.104553594780410819e-01,5.273559366969493567e-16,-7.015081158180083883e-12,4.196954487011410329e-02,-8.326672684688674053e-17,-9.523004944900497100e-12,4.486353421539837627e-02,8.049116928532384918e-16,-4.159228616903781154e-05,8.843662328679553764e-02
6.114151949489228244e-01,5.273559366969493567e-16,-7.021850506581136901e-12,4.220152395193420281e-02,-8.326672684688674053e-17,-9.532266264232372270e-12,4.510916062249061692e-02,8.049116928532384918e-16,-6.474700226292499070e-05,8.866212236345069608e-02
6.123750304198045669e-01,5.551115123125782702e-16,-7.027831475678401191e-12,4.242724128161886460e-02,-1.387778780781445676e-16,-9.540452114301448128e-12,4.534814099200021320e-02,8.049116928532384918e-16,-8.798390019089353479e-05,8.887669366907305357e-02
6.133348658906863093e-01,5.551115123125782702e-16,-7.033059840755436984e-12,4.264665642682954894e-02,-1.387778780781445676e-16,-9.547609796815631142e-12,4.558043482868431862e-02,8.049116928532384918e-16,-1.112997159186005858e-04,8.908027793396751381e-02
6.142947013615680518e-01,5.551115123125782702e-16,-7.037569593244417596e-12,4.285972996798913942e-02,-1.387778780781445676e-16,-9.553786008701303442e-12,4.580600268772192646e-02,8.049116928532384918e-16,-1.346911584186652727e-04,8.927281761043855124e-02
6.152545368324497943e-01,5.551115123125782702e-16,-7.041396064583638897e-12,4.306642347986387731e-02,-1.110223024625156540e-16,-9.559028878370528018e-12,4.602480613212703298e-02,7.494005416219806648e-16,-1.581549101610244055e-04,8.945425685312438646e-02
6.162143723033315368e-01,5.551115123125782702e-16,-7.044573989900201894e-12,4.326669958619130951e-02,-1.387778780781445676e-16,-9.563386195422188957e-12,4.623680775415933003e-02,7.494005416219806648e-16,-1.816876276129797993e-04,8.962454152016346987e-02
6.171742077742132793e-01,6.106226635438360972e-16,-7.047138797194158442e-12,4.346052198052857002e-02,-1.387778780781445676e-16,-9.566905414030123234e-12,4.644197118197711249e-02,7.494005416219806648e-16,-2.052859417523292881e-04,8.978361923475630668e-02
6.181340432450950217e-01,6.106226635438360972e-16,-7.049124637139875943e-12,4.364785532182042377e-02,-1.387778780781445676e-16,-9.569634342427939776e-12,4.664026103294167946e-02,7.494005416219806648e-16,-2.289464585912140480e-04,8.993143935563233105e-02
6.190938787159767642e-01,5.828670879282071837e-16,-7.050566548102250516e-12,4.382866530986965353e-02,-1.110223024625156540e-16,-9.571619728363997548e-12,4.683164300812155123e-02,7.494005416219806648e-16,-2.526657597091038474e-04,9.006795307323781086e-02
6.200537141868585067e-01,6.106226635438360972e-16,-7.051498914536743004e-12,4.400291865212269810e-02,-1.387778780781445676e-16,-9.572908709221811252e-12,4.701608388207773048e-02,8.049116928532384918e-16,-2.764404027808534049e-04,9.019311338830382496e-02
6.210135496577402492e-01,5.551115123125782702e-16,-7.051955858318600598e-12,4.417058319985194687e-02,-1.387778780781445676e-16,-9.573547666831506639e-12,4.719355151284850697e-02,8.049116928532384918e-16,-3.002669221163146627e-04,9.030687509575258121e-02
6.219733851286219917e-01,5.828670879282071837e-16,-7.051970217221122453e-12,4.433162778216126476e-02,-1.387778780781445676e-16,-9.573582490050034158e-12,4.736401467198612242e-02,7.494005416219806648e-16,-3.241418291883921689e-04,9.040919472402603185e-02
6.229332205995037341e-01,6.106226635438360972e-16,-7.051574876451452770e-12,4.448602217094616007e-02,-1.387778780781445676e-16,-9.573057634554597503e-12,4.752744308419172559e-02,7.494005416219806648e-16,-3.480616131869783934e-04,9.050003053651471674e-02
6.238930560703854766e-01,5.828670879282071837e-16,-7.050802118129277304e-12,4.463373702649943431e-02,-8.326672684688674053e-17,-9.572016891948569722e-12,4.768380735300759704e-02,7.494005416219806648e-16,-3.720227415513803156e-04,9.057934249948970673e-02
6.248528915412672191e-01,5.551115123125782702e-16,-7.049683197770349741e-12,4.477474386055058098e-02,-1.387778780781445676e-16,-9.570503962355765559e-12,4.783307890009809438e-02,8.049116928532384918e-16,-3.960216605204632846e-04,9.064709218247912759e-02
6.258127270121489616e-01,6.106226635438360972e-16,-7.048249184543175366e-12,4.490901504309853520e-02,-5.551115123125782702e-17,-9.568559615166002258e-12,4.797522992217428256e-02,7.771561172376095783e-16,-4.200547956686300497e-04,9.070324271992928622e-02
6.267725624830307041e-01,5.551115123125782702e-16,-7.046528767453677684e-12,4.503652362528442338e-02,-8.326672684688674053e-17,-9.566224650262283163e-12,4.811023321364751859e-02,7.771561172376095783e-16,-4.441185524713480944e-04,9.074775867210414793e-02
6.277323979539124466e-01,5.551115123125782702e-16,-7.044550757480524603e-12,4.515724334735905787e-02,-2.775557561562891351e-17,-9.563538700316210305e-12,4.823806220389007665e-02,7.494005416219806648e-16,-4.682093168653956596e-04,9.078060608504325002e-02
6.286922334247941890e-01,5.828670879282071837e-16,-7.042342398591431608e-12,4.527114857776661644e-02,-2.775557561562891351e-17,-9.560538092876825524e-12,4.835869089508999102e-02,7.494005416219806648e-16,-4.923234558265368035e-04,9.080175242714150219e-02
6.296520688956759315e-01,5.551115123125782702e-16,-7.039930284232810698e-12,4.537821444184629571e-02,-5.551115123125782702e-17,-9.557258831079551865e-12,4.847209393769194574e-02,8.049116928532384918e-16,-5.164573179559242902e-04,9.081116666548744165e-02
6.306119043665576740e-01,5.551115123125782702e-16,-7.037338626841459135e-12,4.547841673671868673e-02,0.000000000000000000e+00,-9.553735489962263301e-12,4.857824666346410858e-02,7.494005416219806648e-16,-5.406072340707820945e-04,9.080881929382110529e-02
6.315717398374394165e-01,5.551115123125782702e-16,-7.034591493164507256e-12,4.557173195190631493e-02,0.000000000000000000e+00,-9.550000350797612642e-12,4.867712513253268092e-02,7.494005416219806648e-16,-5.647695177984438921e-04,9.079468240130116052e-02
6.325315753083211590e-01,5.551115123125782702e-16,-7.031710784932872216e-12,4.565813721838298672e-02,0.000000000000000000e+00,-9.546083679766871177e-12,4.876870605580953255e-02,7.771561172376095783e-16,-5.889404661594899518e-04,9.076872957204129566e-02
6.334914107792029014e-01,5.551115123125782702e-16,-7.028717204478817857e-12,4.573761022573517854e-02,2.775557561562891351e-17,-9.542013762688279516e-12,4.885296666445607811e-02,7.494005416219806648e-16,-6.131163601559741928e-04,9.073093577076211946e-02
6.344512462500846439e-01,6.106226635438360972e-16,-7.025630038742553159e-12,4.581012925616073650e-02,0.000000000000000000e+00,-9.537816737304524034e-12,4.892988475324372422e-02,7.494005416219806648e-16,-6.372934653719882717e-04,9.068127736656834970e-02
6.354110817209663864e-01,6.106226635438360972e-16,-7.022466579901696319e-12,4.587567330100175006e-02,-2.775557561562891351e-17,-9.533516218894174180e-12,4.899943879035664057e-02,7.494005416219806648e-16,-6.614680325845127959e-04,9.061973222731549427e-02
6.363709171918481289e-01,6.106226635438360972e-16,-7.019242788598072449e-12,4.593422207653569123e-02,0.000000000000000000e+00,-9.529134149845728576e-12,4.906160788843802467e-02,7.771561172376095783e-16,-6.856362983804610654e-04,9.054627972234768896e-02
6.373307526627298714e-01,6.106226635438360972e-16,-7.015972412176415488e-12,4.598575596554824174e-02,2.775557561562891351e-17,-9.524689585435885128e-12,4.911637174877912099e-02,7.494005416219806648e-16,-7.097944857793714009e-04,9.046090068331132106e-02
6.382905881336116138e-01,6.106226635438360972e-16,-7.012667853316655606e-12,4.603025592172995534e-02,5.551115123125782702e-17,-9.520199334609965626e-12,4.916371064871681573e-02,7.771561172376095783e-16,-7.339388048660638311e-04,9.036357737296392412e-02
6.392504236044933563e-01,5.551115123125782702e-16,-7.009339672825579170e-12,4.606770349718113805e-02,0.000000000000000000e+00,-9.515677594063682524e-12,4.920360541436848839e-02,8.049116928532384918e-16,-7.580654534295282318e-04,9.025429346888000359e-02
6.402102590753750988e-01,5.551115123125782702e-16,-7.005996228377276737e-12,4.609808080101076427e-02,0.000000000000000000e+00,-9.511135991018302782e-12,4.923603733141851402e-02,8.049116928532384918e-16,-7.821706176026873084e-04,9.013303397868351052e-02
6.411700945462568413e-01,5.828670879282071837e-16,-7.002644239695877113e-12,4.612137054262309410e-02,0.000000000000000000e+00,-9.506583567127021867e-12,4.926098821456985355e-02,8.049116928532384918e-16,-8.062504725102802522e-04,8.999978532654616392e-02
6.421299300171385838e-01,6.106226635438360972e-16,-6.999288400085061917e-12,4.613755593787307457e-02,0.000000000000000000e+00,-9.502026617538703772e-12,4.927844030299446260e-02,8.049116928532384918e-16,-8.303011829099199350e-04,8.985453522982185526e-02
6.430897654880203262e-01,6.106226635438360972e-16,-6.995931343446720193e-12,4.614662081444304703e-02,0.000000000000000000e+00,-9.497468653946068695e-12,4.928837635435950881e-02,8.049116928532384918e-16,-8.543189038395570872e-04,8.969727274865378630e-02
6.440496009589020687e-01,6.106226635438360972e-16,-6.992573777159242018e-12,4.614854961545689083e-02,2.775557561562891351e-17,-9.492910496065251342e-12,4.929077962165285404e-02,8.049116928532384918e-16,-8.782997812604859122e-04,8.952798828975215562e-02
6.450094364297838112e-01,5.828670879282071837e-16,-6.989214337181944958e-12,4.614332748249622140e-02,5.551115123125782702e-17,-9.488350087300255779e-12,4.928563397734996715e-02,8.049116928532384918e-16,-9.022399527147526759e-04,8.934667375093435782e-02
6.459692719006655537e-01,6.106226635438360972e-16,-6.985849561797052702e-12,4.613094036673363180e-02,5.551115123125782702e-17,-9.483782553188228794e-12,4.927292406060137381e-02,8.049116928532384918e-16,-9.261355479796535379e-04,8.915332263641402577e-02
6.469291073715472962e-01,5.551115123125782702e-16,-6.982473891768513742e-12,4.611137503786291031e-02,0.000000000000000000e+00,-9.479200110237538950e-12,4.925263528144993574e-02,8.049116928532384918e-16,-9.499826897271906575e-04,8.894793004681740556e-02
6.478889428424290386e-01,6.106226635438360972e-16,-6.979079793055899608e-12,4.608461919057552092e-02,5.551115123125782702e-17,-9.474592339307660307e-12,4.922475392935206362e-02,8.326672684688674053e-16,-9.737774941934773708e-04,8.873049280325757959e-02
6.488487783133107811e-01,6.106226635438360972e-16,-6.975657463158669962e-12,4.605066142976007443e-02,5.551115123125782702e-17,-9.469945594062537889e-12,4.918926714968250430e-02,8.049116928532384918e-16,-9.975160718510246369e-04,8.850100946910816058e-02
6.498086137841925236e-01,6.106226635438360972e-16,-6.972195375228962093e-12,4.600949118190469228e-02,5.551115123125782702e-17,-9.465243405005303520e-12,4.914616284111021638e-02,8.049116928532384918e-16,-1.021194528101373620e-03,8.825948024256377589e-02
6.507684492550742661e-01,5.551115123125782702e-16,-6.968679590492595985e-12,4.596109860595230800e-02,-2.775557561562891351e-17,-9.460466627073766885e-12,4.909542958223578335e-02,8.049116928532384918e-16,-1.044808963954463711e-03,8.800590686473086510e-02
6.517282847259560086e-01,6.106226635438360972e-16,-6.965093869633906878e-12,4.590547461666047435e-02,0.000000000000000000e+00,-9.455593155249103487e-12,4.903705665384553575e-02,8.049116928532384918e-16,-1.068355476724344461e-03,8.774029266402001703e-02
6.526881201968377511e-01,6.106226635438360972e-16,-6.961420604531987251e-12,4.584261097941202262e-02,0.000000000000000000e+00,-9.450598008835632904e-12,4.897103420752786651e-02,8.049116928532384918e-16,-1.091830160715739125e-03,8.746264271168355253e-02
6.536479556677194935e-01,6.106226635438360972e-16,-6.957639367293248171e-12,4.577250037561205603e-02,0.000000000000000000e+00,-9.445453305202797419e-12,4.889735332293532188e-02,7.771561172376095783e-16,-1.115229107936983053e-03,8.717296386559868215e-02
6.546077911386012360e-01,6.106226635438360972e-16,-6.953728273127431428e-12,4.569513641721097141e-02,0.000000000000000000e+00,-9.440128463073069361e-12,4.881600599167993521e-02,7.771561172376095783e-16,-1.138548408795937716e-03,8.687126478105425265e-02
6.555676266094829785e-01,6.106226635438360972e-16,-6.949663151102354174e-12,4.561051362557733829e-02,0.000000000000000000e+00,-9.434590017868768608e-12,4.872698507447504462e-02,7.494005416219806648e-16,-1.161784152825707508e-03,8.655755584121940793e-02
6.565274620803647210e-01,5.828670879282071837e-16,-6.945417637317533120e-12,4.551862744259935201e-02,2.775557561562891351e-17,-9.428801764860630669e-12,4.863028428500696526e-02,7.771561172376095783e-16,-1.184932429396565916e-03,8.623184913237680327e-02
6.574872975512464635e-01,5.551115123125782702e-16,-6.940963927916474641e-12,4.541947433474693291e-02,5.551115123125782702e-17,-9.422724985325603604e-12,4.852589833516132017e-02,7.771561172376095783e-16,-1.207989328432832821e-03,8.589415849183404394e-02
6.584471330221282059e-01,5.551115123125782702e-16,-6.936271868526256486e-12,4.531305172364404055e-02,2.775557561562891351e-17,-9.416318014560044920e-12,4.841382293725477598e-02,7.494005416219806648e-16,-1.230950941113047054e-03,8.554449958517916508e-02
6.594069684930099484e-01,5.551115123125782702e-16,-6.931309402337956869e-12,4.519935795871808659e-02,2.775557561562891351e-17,-9.409536695889381304e-12,4.829405477768456550e-02,7.216449660063517513e-16,-1.253813360576454435e-03,8.518288989275310530e-02
6.603668039638916909e-01,5.273559366969493567e-16,-6.926043412904436987e-12,4.507839229167651812e-02,5.551115123125782702e-17,-9.402335043894906319e-12,4.816659139661181449e-02,7.494005416219806648e-16,-1.276572682632812379e-03,8.480934857719329978e-02
6.613266394347734334e-01,5.551115123125782702e-16,-6.920437686179069930e-12,4.495015495427566454e-02,8.326672684688674053e-17,-9.394663175112290265e-12,4.803143129906637526e-02,7.494005416219806648e-16,-1.299225006466629088e-03,8.442389653915624570e-02
6.622864749056551759e-01,5.551115123125782702e-16,-6.914455136518326064e-12,4.481464719196600471e-02,5.551115123125782702e-17,-9.386469489988452305e-12,4.788857401944274922e-02,7.494005416219806648e-16,-1.321766435348679459e-03,8.402655654277878250e-02
6.632463103765369183e-01,5.551115123125782702e-16,-6.908057025717395661e-12,4.467187118096931780e-02,5.551115123125782702e-17,-9.377701072681111569e-12,4.773802004036899888e-02,8.049116928532384918e-16,-1.344193077347584971e-03,8.361735318366092518e-02
6.642061458474186608e-01,5.273559366969493567e-16,-6.901202340440972666e-12,4.452183011995510670e-02,5.551115123125782702e-17,-9.368300861968743322e-12,4.757977081113794887e-02,8.049116928532384918e-16,-1.366501046056990253e-03,8.319631286971490569e-02
6.651659813183004033e-01,5.828670879282071837e-16,-6.893848928941469917e-12,4.436452818537213461e-02,5.551115123125782702e-17,-9.358211739031582418e-12,4.741382866717466088e-02,8.049116928532384918e-16,-1.388686461329570118e-03,8.276346368232276318e-02
6.661258167891821458e-01,5.551115123125782702e-16,-6.885953148693313083e-12,4.419997062928830711e-02,5.551115123125782702e-17,-9.347372434588422166e-12,4.724019697667296291e-02,8.049116928532384918e-16,-1.410745450020535734e-03,8.231883552223960565e-02
6.670856522600638883e-01,5.828670879282071837e-16,-6.877469991753816861e-12,4.402816363781923703e-02,5.551115123125782702e-17,-9.335721249065318667e-12,4.705888002923979546e-02,8.326672684688674053e-16,-1.432674146735132175e-03,8.186246006214936699e-02
6.680454877309456307e-01,5.551115123125782702e-16,-6.868352003949144274e-12,4.384911440385091258e-02,8.326672684688674053e-17,-9.323193960424211099e-12,4.686988305342511957e-02,8.881784197001252323e-16,-1.454468694572041585e-03,8.139437074548824813e-02
6.690053232018273732e-01,5.828670879282071837e-16,-6.858552461247858882e-12,4.366283100747897494e-02,5.551115123125782702e-17,-9.309724283254779131e-12,4.667321213634553073e-02,8.881784197001252323e-16,-1.476125245852013233e-03,8.091460269083350365e-02
6.699651586727091157e-01,5.551115123125782702e-16,-6.848021656368484013e-12,4.346932253135017687e-02,8.326672684688674053e-17,-9.295245281625398939e-12,4.646887437738131399e-02,8.604228440844963188e-16,-1.497639962838708113e-03,8.042319281009864540e-02
6.709249941435908582e-01,5.551115123125782702e-16,-6.836709428019883267e-12,4.326859902416155951e-02,8.326672684688674053e-17,-9.279686827984301445e-12,4.625687787550610691e-02,8.604228440844963188e-16,-1.519009018460214244e-03,7.992017981010457461e-02
6.718848296144726007e-01,6.106226635438360972e-16,-6.824564347749631152e-12,4.306067154639529188e-02,8.326672684688674053e-17,-9.262978584715546651e-12,4.603723172349918902e-02,8.881784197001252323e-16,-1.540228597041065281e-03,7.940560419312207852e-02
6.728446650853543431e-01,5.828670879282071837e-16,-6.811532828865352572e-12,4.284555209672590015e-02,1.387778780781445676e-16,-9.245048266027415876e-12,4.580994593823480010e-02,8.326672684688674053e-16,-1.561294895032081399e-03,7.887950815977132213e-02
6.738045005562360856e-01,5.551115123125782702e-16,-6.797563896924281764e-12,4.262325363033533931e-02,1.110223024625156540e-16,-9.225822954241611785e-12,4.557503154715358135e-02,8.881784197001252323e-16,-1.582204121739435188e-03,7.834193569982574046e-02
6.747643360271178281e-01,6.106226635438360972e-16,-6.782600858317193102e-12,4.239379001926004559e-02,1.110223024625156540e-16,-9.205227686942302374e-12,4.533250050886391408e-02,8.604228440844963188e-16,-1.602952500039037673e-03,7.779293249491281426e-02
6.757241714979995706e-01,6.106226635438360972e-16,-6.766591007265976634e-12,4.215717610644184599e-02,1.110223024625156540e-16,-9.183187430562888068e-12,4.508236572815674942e-02,8.604228440844963188e-16,-1.623536267090588221e-03,7.723254595694883928e-02
6.766840069688813131e-01,6.106226635438360972e-16,-6.749476906466479048e-12,4.191342762522709542e-02,1.110223024625156540e-16,-9.159624752739462666e-12,4.482464097055288005e-02,8.326672684688674053e-16,-1.643951675050034800e-03,7.666082516306553518e-02
6.776438424397630556e-01,5.551115123125782702e-16,-6.731202522995173576e-12,4.166256108650552570e-02,1.110223024625156540e-16,-9.134463249406117938e-12,4.455934075710527714e-02,8.326672684688674053e-16,-1.664194991781593833e-03,7.607782076764105228e-02
6.786036779106447980e-01,6.106226635438360972e-16,-6.711712091590944784e-12,4.140459386333906339e-02,1.110223024625156540e-16,-9.107626152272778330e-12,4.428648053818262653e-02,8.881784197001252323e-16,-1.684262501571696241e-03,7.548358515059672147e-02
6.795635133815265405e-01,5.828670879282071837e-16,-6.690947793784813094e-12,4.113954416146296117e-02,1.387778780781445676e-16,-9.079032447720236654e-12,4.400607666559117059e-02,8.326672684688674053e-16,-1.704150505829619706e-03,7.487817235913997449e-02
6.805233488524082830e-01,5.551115123125782702e-16,-6.668852990177661505e-12,4.086743110576993021e-02,1.387778780781445676e-16,-9.048606346628504382e-12,4.371814641703396231e-02,8.326672684688674053e-16,-1.723855323795678253e-03,7.426163812273778309e-02
6.814831843232900255e-01,6.106226635438360972e-16,-6.645368662901857126e-12,4.058827466374713422e-02,1.110223024625156540e-16,-9.016266445743218588e-12,4.342270791779098693e-02,8.326672684688674053e-16,-1.743373293243901051e-03,7.363403985089039816e-02
6.824430197941717680e-01,6.106226635438360972e-16,-6.620436986712156802e-12,4.030209574487571278e-02,1.110223024625156540e-16,-8.981934357247308570e-12,4.311978026578339868e-02,8.326672684688674053e-16,-1.762700771207265224e-03,7.299543670773248061e-02
6.834028552650535104e-01,6.106226635438360972e-16,-6.594000315934302192e-12,4.000891622280607768e-02,1.110223024625156540e-16,-8.945531032638004768e-12,4.280938367270015893e-02,8.326672684688674053e-16,-1.781834134675278894e-03,7.234588974887862234e-02
6.843626907359352529e-01,5.551115123125782702e-16,-6.566000523779320919e-12,3.970875905028715958e-02,1.110223024625156540e-16,-8.906977802883297990e-12,4.249153953549354018e-02,8.326672684688674053e-16,-1.800769781299441184e-03,7.168546195316768954e-02
6.853225262068169954e-01,5.551115123125782702e-16,-6.536380201742179874e-12,3.940164826269260123e-02,1.387778780781445676e-16,-8.866194135478695088e-12,4.216627038809028782e-02,8.326672684688674053e-16,-1.819504130077341693e-03,7.101421819854161765e-02
6.862823616776987379e-01,5.273559366969493567e-16,-6.505082463090141459e-12,3.908760891361945378e-02,1.387778780781445676e-16,-8.823102726809297844e-12,4.183359987267459834e-02,8.881784197001252323e-16,-1.838033622045917798e-03,7.033222522263651855e-02
6.872421971485804804e-01,5.273559366969493567e-16,-6.472049746852242061e-12,3.876666707119456878e-02,1.110223024625156540e-16,-8.777625172117376612e-12,4.149355274606782162e-02,8.881784197001252323e-16,-1.856354720946760137e-03,6.963955159107483583e-02
6.882020326194622228e-01,5.273559366969493567e-16,-6.437225112085635456e-12,3.843884979146155317e-02,1.110223024625156540e-16,-8.729684238938800744e-12,4.114615481006714953e-02,8.326672684688674053e-16,-1.874463913901447181e-03,6.893626761922985735e-02
6.891618680903439653e-01,5.273559366969493567e-16,-6.400551611071211844e-12,3.810418522499831040e-02,8.326672684688674053e-17,-8.679202203530330187e-12,4.079143292513427027e-02,8.326672684688674053e-16,-1.892357712089483626e-03,6.822244537120525365e-02
6.901217035612257078e-01,5.273559366969493567e-16,-6.361974081635314235e-12,3.776270260417361607e-02,1.110223024625156540e-16,-8.626105106363142483e-12,4.042941502841389950e-02,8.326672684688674053e-16,-1.910032651429340684e-03,6.749815869217239139e-02
6.910815390321074503e-01,5.273559366969493567e-16,-6.321437859659658626e-12,3.741443227161797558e-02,1.110223024625156540e-16,-8.570316690755062222e-12,4.006013024277155221e-02,8.604228440844963188e-16,-1.927485293261761061e-03,6.676348332176969269e-02
6.920413745029891928e-01,5.273559366969493567e-16,-6.278887782970588027e-12,3.705940561617241530e-02,1.387778780781445676e-16,-8.511762048500366024e-12,3.968360881957758851e-02,8.604228440844963188e-16,-1.944712225019233631e-03,6.601849678414471734e-02
6.930012099738709352e-01,5.273559366969493567e-16,-6.234270542702534043e-12,3.669765500344434467e-02,1.387778780781445676e-16,-8.450370279553236913e-12,3.929988206230106834e-02,8.881784197001252323e-16,-1.961710060897980858e-03,6.526327830018691101e-02
6.939610454447526777e-01,5.273559366969493567e-16,-6.187534242840884297e-12,3.632921377819612468e-02,1.387778780781445676e-16,-8.386068539080211021e-12,3.890898233205378892e-02,8.881784197001252323e-16,-1.978475442522694642e-03,6.449790879246222741e-02
6.949208809156344202e-01,5.273559366969493567e-16,-6.138626831516964116e-12,3.595411632827046067e-02,1.110223024625156540e-16,-8.318788901815182130e-12,3.851094310018393641e-02,8.881784197001252323e-16,-1.995005039612327523e-03,6.372247094469650486e-02
6.958807163865161627e-01,5.551115123125782702e-16,-6.087499072399615505e-12,3.557239811644533761e-02,1.110223024625156540e-16,-8.248462317632290070e-12,3.810579903058638335e-02,8.326672684688674053e-16,-2.011295550635839192e-03,6.293704920945208947e-02
6.968405518573979052e-01,5.273559366969493567e-16,-6.034101305641206836e-12,3.518409574103038839e-02,1.110223024625156540e-16,-8.175021552444313583e-12,3.769358602329819091e-02,8.326672684688674053e-16,-2.027343703464389631e-03,6.214172981041871102e-02
6.978003873282796476e-01,5.551115123125782702e-16,-5.978385412994070489e-12,3.478924690031625494e-02,1.110223024625156540e-16,-8.098402875492301256e-12,3.727434115163219541e-02,8.326672684688674053e-16,-2.043146256024027958e-03,6.133660068487484934e-02
6.987602227991613901e-01,5.551115123125782702e-16,-5.920305492048728857e-12,3.438789050797692870e-02,1.110223024625156540e-16,-8.018543365780799251e-12,3.684810282202745368e-02,8.326672684688674053e-16,-2.058699996946689904e-03,6.052175166496183423e-02
6.997200582700431326e-01,5.551115123125782702e-16,-5.859815979208883238e-12,3.398006663885813627e-02,1.387778780781445676e-16,-7.935381179740262636e-12,3.641491077912228924e-02,8.326672684688674053e-16,-2.074001746226593335e-03,5.969727444576203995e-02
7.006798937409248751e-01,5.551115123125782702e-16,-5.796873404743680541e-12,3.356581672155902613e-02,1.110223024625156540e-16,-7.848859074884115966e-12,3.597480623828868546e-02,8.326672684688674053e-16,-2.089048355878447838e-03,5.886326268160122638e-02
7.016397292118066176e-01,5.273559366969493567e-16,-5.731436646897597464e-12,3.314518339599454438e-02,1.387778780781445676e-16,-7.758919618990403611e-12,3.552783175442889713e-02,8.049116928532384918e-16,-2.103836710586430396e-03,5.801981184908270445e-02
7.025995646826883601e-01,5.551115123125782702e-16,-5.663464509376211348e-12,3.271821057803980110e-02,1.387778780781445676e-16,-7.665509245695541207e-12,3.507403127774385426e-02,8.049116928532384918e-16,-2.118363728359993255e-03,5.716701931690791605e-02
7.035594001535701025e-01,5.551115123125782702e-16,-5.592918401358445285e-12,3.228494326037642526e-02,1.110223024625156540e-16,-7.568576272437219088e-12,3.461344991942758714e-02,8.049116928532384918e-16,-2.132626361181968327e-03,5.630498413391693546e-02
7.045192356244518450e-01,5.551115123125782702e-16,-5.519759840443439619e-12,3.184542760566543701e-02,1.110223024625156540e-16,-7.468069118297081255e-12,3.414613404307165895e-02,8.049116928532384918e-16,-2.146621595660097234e-03,5.543380706088405635e-02
7.054790710953335875e-01,5.828670879282071837e-16,-5.443958079335209019e-12,3.139971093782593231e-02,1.110223024625156540e-16,-7.363942714346070201e-12,3.367213125894241710e-02,8.049116928532384918e-16,-2.160346453661906273e-03,5.455359054390261642e-02
7.064389065662153300e-01,5.828670879282071837e-16,-5.365475574145399384e-12,3.094784179631471580e-02,5.551115123125782702e-17,-7.256152723491594847e-12,3.319149049846911725e-02,8.049116928532384918e-16,-2.173797992941390884e-03,5.366443878080660174e-02
7.073987420370970725e-01,6.106226635438360972e-16,-5.284283823909401503e-12,3.048987002687295750e-02,1.110223024625156540e-16,-7.144657830854619918e-12,3.270426215722201102e-02,8.049116928532384918e-16,-2.186973307763175230e-03,5.276645783262316758e-02
7.083585775079788149e-01,6.106226635438360972e-16,-5.200351085220484074e-12,3.002584687427904686e-02,1.110223024625156540e-16,-7.029419608244394380e-12,3.221049812868770346e-02,8.049116928532384918e-16,-2.199869529521938580e-03,5.185975568358015819e-02
7.093184129788605574e-01,5.828670879282071837e-16,-5.113651892880120842e-12,2.955582506822199834e-02,1.387778780781445676e-16,-6.910401392686829278e-12,3.171025187175549598e-02,8.049116928532384918e-16,-2.212483827365863218e-03,5.094444227316188845e-02
7.102782484497422999e-01,5.551115123125782702e-16,-5.024160774913521976e-12,2.907985868037714014e-02,1.387778780781445676e-16,-6.787568943722064804e-12,3.120357826167817830e-02,8.049116928532384918e-16,-2.224813408796716494e-03,5.002062933689165741e-02
7.112380839206240424e-01,5.551115123125782702e-16,-4.931854295613102845e-12,2.859800318970816269e-02,1.110223024625156540e-16,-6.660895634022371073e-12,3.069053368363877307e-02,8.049116928532384918e-16,-2.236855520277930380e-03,4.908843044419154700e-02
7.121979193915057849e-01,5.273559366969493567e-16,-4.836712309147245953e-12,2.811031544441639635e-02,1.110223024625156540e-16,-6.530350401195506374e-12,3.017117605867192590e-02,7.494005416219806648e-16,-2.248607447815051223e-03,4.814796107257158370e-02
7.131577548623875273e-01,5.273559366969493567e-16,-4.738716858417469507e-12,2.761685371933319047e-02,8.326672684688674053e-17,-6.395914119237521706e-12,2.964556489821527224e-02,6.938893903907228378e-16,-2.260066517544791556e-03,4.719933868465623489e-02
7.141175903332692698e-01,5.273559366969493567e-16,-4.637849539091895568e-12,2.711767767444296651e-02,5.551115123125782702e-17,-6.257563125436002571e-12,2.911376127816341780e-02,6.938893903907228378e-16,-2.271230096303998580e-03,4.624268269645019636e-02
7.150774258041510123e-01,5.273559366969493567e-16,-4.534098462216076472e-12,2.661284833271242503e-02,5.551115123125782702e-17,-6.115281322776819350e-12,2.857582778850571714e-02,6.938893903907228378e-16,-2.282095592215887050e-03,4.527811438540394612e-02
7.160372612750327548e-01,5.273559366969493567e-16,-4.427451637191610889e-12,2.610242807253978017e-02,8.326672684688674053e-17,-5.969056276816306350e-12,2.803182851513051285e-02,7.216449660063517513e-16,-2.292660455261880895e-03,4.430575692010755434e-02
7.169970967459144973e-01,4.996003610813204432e-16,-4.317901118849453573e-12,2.558648073844899465e-02,1.110223024625156540e-16,-5.818872117545163813e-12,2.748182917326238636e-02,6.938893903907228378e-16,-2.302922177855569463e-03,4.332573546702155748e-02
7.179569322167962397e-01,5.273559366969493567e-16,-4.205437213744556146e-12,2.506507158560585327e-02,5.551115123125782702e-17,-5.664724819862826388e-12,2.692589709242862450e-02,6.938893903907228378e-16,-2.312878295407408587e-03,4.233817718932245122e-02
7.189167676876779822e-01,5.273559366969493567e-16,-4.090056716704246198e-12,2.453826728315622666e-02,8.326672684688674053e-17,-5.506609355781719173e-12,2.636410118424750704e-02,6.661338147750939243e-16,-2.322526386889811091e-03,4.134321114908407618e-02
7.198766031585597247e-01,5.273559366969493567e-16,-3.971758475763715462e-12,2.400613584792042621e-02,8.326672684688674053e-17,-5.344526043786230335e-12,2.579651187672224455e-02,6.661338147750939243e-16,-2.331864075397165406e-03,4.034096820162094699e-02
7.208364386294414672e-01,5.273559366969493567e-16,-3.850542240201211552e-12,2.346874667487455421e-02,5.551115123125782702e-17,-5.178473718359024452e-12,2.522320116736523690e-02,6.661338147750939243e-16,-2.340889028688738095e-03,3.933158107551892879e-02
7.217962741003232097e-01,5.551115123125782702e-16,-3.726407935477835109e-12,2.292617049768603046e-02,5.551115123125782702e-17,-5.008458518794903225e-12,2.464424260838210187e-02,6.661338147750939243e-16,-2.349598959719625436e-03,3.831518436444397019e-02
7.227561095712049521e-01,5.273559366969493567e-16,-3.599365231321711989e-12,2.237847931529057463e-02,5.551115123125782702e-17,-4.834491219352955726e-12,2.405971126499089827e-02,6.938893903907228378e-16,-2.357991627144966854e-03,3.729191446978792623e-02
7.237159450420866946e-01,5.273559366969493567e-16,-3.469419155720417092e-12,2.182574642997268596e-02,0.000000000000000000e+00,-4.656582343570518645e-12,2.346968376762550990e-02,6.938893903907228378e-16,-2.366064835815135606e-03,3.626190960813106129e-02
7.246757805129684371e-01,5.273559366969493567e-16,-3.336579066693951684e-12,2.126804636196593171e-02,5.551115123125782702e-17,-4.474748669476211194e-12,2.287423817498773077e-02,6.938893903907228378e-16,-2.373816437256877354e-03,3.522530968336439611e-02
7.256356159838501796e-01,5.551115123125782702e-16,-3.200858089864866418e-12,2.070545499061685751e-02,5.551115123125782702e-17,-4.289007462989630204e-12,2.227345409118025241e-02,6.938893903907228378e-16,-2.381244330159024494e-03,3.418225638118266296e-02
7.265954514547319221e-01,5.273559366969493567e-16,-3.062273023590571241e-12,2.013804935283557834e-02,5.551115123125782702e-17,-4.099382034457484114e-12,2.166741250320821863e-02,6.938893903907228378e-16,-2.388346460862501765e-03,3.313289301100063450e-02
7.275552869256136646e-01,5.273559366969493567e-16,-2.920840523926940963e-12,1.956590775040242466e-02,5.551115123125782702e-17,-3.905897618685337525e-12,2.105619588041288473e-02,7.216449660063517513e-16,-2.395120823841377210e-03,3.207736459605568802e-02
7.285151223964954070e-01,5.551115123125782702e-16,-2.776580221709561147e-12,1.898910957884854950e-02,5.551115123125782702e-17,-3.708584966357307555e-12,2.043988797161476467e-02,6.938893903907228378e-16,-2.401565462170481176e-03,3.101581766315364072e-02
7.294749578673771495e-01,5.551115123125782702e-16,-2.629514627686038025e-12,1.840773542640456242e-02,2.775557561562891351e-17,-3.507475709071776471e-12,1.981857384302891656e-02,6.938893903907228378e-16,-2.407678467981559222e-03,2.994840024354705060e-02
7.304347933382588920e-01,5.273559366969493567e-16,-2.479667892459763712e-12,1.782186695037129079e-02,2.775557561562891351e-17,-3.302604758138698304e-12,1.919233981851260415e-02,6.938893903907228378e-16,-2.413457982912983572e-03,2.887526184718731612e-02
7.313946288091406345e-01,5.551115123125782702e-16,-2.327069831590481558e-12,1.723158692379450282e-02,0.000000000000000000e+00,-3.094011551412097216e-12,1.856127354171386093e-02,7.216449660063517513e-16,-2.418902198554273401e-03,2.779655353972665735e-02
7.323544642800223770e-01,5.551115123125782702e-16,-2.171747224871851956e-12,1.663697916294720053e-02,2.775557561562891351e-17,-2.881735567403578835e-12,1.792546389615350469e-02,7.216449660063517513e-16,-2.424009356883909116e-03,2.671242777889125397e-02
7.333142997509041194e-01,5.273559366969493567e-16,-2.013735952619520597e-12,1.603812856172473836e-02,2.775557561562891351e-17,-2.665825080214873077e-12,1.728500102085189435e-02,7.216449660063517513e-16,-2.428777750702167549e-03,2.562303843791072580e-02
7.342741352217858619e-01,5.551115123125782702e-16,-1.853068893264368106e-12,1.543512109041076871e-02,0.000000000000000000e+00,-2.446326730868187554e-12,1.663997639155147951e-02,7.494005416219806648e-16,-2.433205724044433700e-03,2.452854081921118298e-02
7.352339706926676044e-01,5.551115123125782702e-16,-1.689781825478086502e-12,1.482804384002518912e-02,0.000000000000000000e+00,-2.223292351003630651e-12,1.599048282511104924e-02,7.771561172376095783e-16,-2.437291672591656265e-03,2.342909170924270534e-02
7.361938061635493469e-01,5.551115123125782702e-16,-1.523914634348096098e-12,1.421698498411756544e-02,5.551115123125782702e-17,-1.996775832245438476e-12,1.533661437128577484e-02,7.494005416219806648e-16,-2.441034044071515013e-03,2.232484924528019624e-02
7.371536416344310894e-01,5.551115123125782702e-16,-1.355509027776719694e-12,1.360203375011205876e-02,8.326672684688674053e-17,-1.766833451462626603e-12,1.467846630646822172e-02,7.771561172376095783e-16,-2.444431338653703985e-03,2.121597289526501104e-02
7.381134771053128318e-01,5.551115123125782702e-16,-1.184607316753738537e-12,1.298328042771279035e-02,1.110223024625156540e-16,-1.533526913311336615e-12,1.401613523202320348e-02,8.049116928532384918e-16,-2.447482109331944496e-03,2.010262351391110813e-02
7.390733125761945743e-01,5.551115123125782702e-16,-1.011258337810759522e-12,1.236081635112320533e-02,8.326672684688674053e-17,-1.296917515871895410e-12,1.334971905532441640e-02,8.049116928532384918e-16,-2.450184962277337022e-03,1.898496330850055550e-02
7.400331480470763168e-01,5.828670879282071837e-16,-8.355094095963480627e-13,1.173473381081269716e-02,5.551115123125782702e-17,-1.057073658748859668e-12,1.267931681706602025e-02,8.049116928532384918e-16,-2.452538557188274886e-03,1.786315569683527560e-02
7.409929835179580593e-01,5.551115123125782702e-16,-6.574102088987947290e-13,1.110512598797503553e-02,8.326672684688674053e-17,-8.140608413059746695e-13,1.200502857920799152e-02,8.049116928532384918e-16,-2.454541607623975628e-03,1.673736517509698610e-02
7.419528189888398018e-01,5.551115123125782702e-16,-4.770127841986424033e-13,1.047208694497385982e-02,5.551115123125782702e-17,-5.679525521217441975e-13,1.132695547087892406e-02,8.049116928532384918e-16,-2.456192881348635403e-03,1.560775730287048899e-02
7.429126544597215442e-01,5.551115123125782702e-16,-2.943738121644577654e-13,9.835711578796188514e-03,1.110223024625156540e-16,-3.188213717553525783e-13,1.064519965869169423e-02,8.049116928532384918e-16,-2.457491200652469916e-03,1.447449870618389839e-02
7.438724899306032867e-01,5.551115123125782702e-16,-1.095453277242565415e-13,9.196095743124787017e-03,8.326672684688674053e-17,-6.674385165644086682e-14,9.959864457014720035e-03,8.049116928532384918e-16,-2.458435442683805979e-03,1.333775718771789895e-02
7.448323254014850292e-01,5.551115123125782702e-16,7.741007677529096465e-14,8.553336246293345019e-03,1.110223024625156540e-16,1.881997907667541658e-13,9.271054339276815770e-03,8.049116928532384918e-16,-2.459024539766700278e-03,1.219770175101292028e-02
7.457921608723667717e-01,5.551115123125782702e-16,2.664350809205781601e-13,7.907530850867960578e-03,8.326672684688674053e-17,4.459315132866042974e-13,8.578874969976337320e-03,8.049116928532384918e-16,-2.459257479718369478e-03,1.105450257710246381e-02
7.467519963432485142e-01,5.828670879282071837e-16,4.574661707930881283e-13,7.258778223571349386e-03,8.326672684688674053e-17,7.063654403147850980e-13,7.883433242497071489e-03,7.771561172376095783e-16,-2.459133306136629133e-03,9.908331033508062033e-03
7.477118318141302566e-01,6.106226635438360972e-16,6.504390193226745887e-13,6.607177940432217879e-03,8.326672684688674053e-17,9.694173225662308657e-13,7.184837245101620765e-03,7.771561172376095783e-16,-2.458651118681534718e-03,8.759359661590594356e-03
7.486716672850119991e-01,5.828670879282071837e-16,8.452905937055346652e-13,5.952830515120181853e-03,1.110223024625156540e-16,1.234997367772269067e-12,6.483196235649698637e-03,7.494005416219806648e-16,-2.457810073347001158e-03,7.607762159470454755e-03
7.496315027558937416e-01,6.106226635438360972e-16,1.041953483671594072e-12,5.295837542062688426e-03,1.387778780781445676e-16,1.503018257000433150e-12,5.778620749590827714e-03,7.771561172376095783e-16,-2.456609382724289983e-03,6.453713426513534371e-03
7.505913382267754841e-01,5.551115123125782702e-16,1.240355610105173256e-12,4.636301701922546786e-03,1.387778780781445676e-16,1.773389052793505893e-12,5.071222618684974141e-03,8.049116928532384918e-16,-2.455048316259251899e-03,5.297389547650631879e-03
7.515511736976572266e-01,5.551115123125782702e-16,1.440430267467610048e-12,3.974326763331674159e-03,1.387778780781445676e-16,2.046016852577832446e-12,4.361114991325162719e-03,8.049116928532384918e-16,-2.453126200491239847e-03,4.138967825843679373e-03
7.525110091685389690e-01,6.106226635438360972e-16,1.642107978728438861e-12,3.310017512458062264e-03,1.110223024625156540e-16,2.320804274669532874e-12,3.648412263459585060e-03,8.049116928532384918e-16,-2.450842419297642565e-03,2.978626743420272234e-03
7.534708446394207115e-01,6.106226635438360972e-16,1.845312368620871668e-12,2.643479771401400016e-03,1.110223024625156540e-16,2.597654554024712847e-12,2.933230022968191797e-03,8.049116928532384918e-16,-2.448196414124643137e-03,1.816545876486661167e-03
7.544306801103024540e-01,6.383782391594650107e-16,2.049970653297816803e-12,1.974820416415185714e-03,1.387778780781445676e-16,2.876472368943620156e-12,2.215685074234935263e-03,8.049116928532384918e-16,-2.445187684218778565e-03,6.529058917364888607e-04
7.553905155811841965e-01,6.383782391594650107e-16,2.256008151558380748e-12,1.304147308600349994e-03,1.110223024625156540e-16,3.157155384293699324e-12,1.495895417010494619e-03,8.049116928532384918e-16,-2.441815786844060785e-03,-5.121114622116017734e-04
7.563503510520659390e-01,6.106226635438360972e-16,2.463349755297064569e-12,6.315692555016539159e-04,1.387778780781445676e-16,3.439602864140599292e-12,7.739802004809846368e-04,7.771561172376095783e-16,-2.438080337490074103e-03,-1.678323434074369559e-03
7.573101865229476815e-01,6.661338147750939243e-16,2.671914393296420664e-12,-4.280415440345679550e-05,1.387778780781445676e-16,3.723714411363147903e-12,5.005944207925438469e-05,8.049116928532384918e-16,-2.433981010065424180e-03,-2.845546560921152421e-03
7.582700219938294239e-01,6.661338147750939243e-16,2.881628150073339834e-12,-7.188624787085801712e-04,1.387778780781445676e-16,4.009383692833278640e-12,-6.757458857826492173e-04,8.049116928532384918e-16,-2.429517537081301703e-03,-4.013596563339096208e-03
7.592298574647111664e-01,6.383782391594650107e-16,3.092408605933922444e-12,-1.396494572390761602e-03,1.387778780781445676e-16,4.296510304653555767e-12,-1.403313895602789629e-03,8.049116928532384918e-16,-2.424689709832378477e-03,-5.182288420077499867e-03
7.601896929355929089e-01,6.383782391594650107e-16,3.304177393389888528e-12,-2.075588308590144929e-03,1.387778780781445676e-16,4.584985813054203579e-12,-2.132521536749476098e-03,7.771561172376095783e-16,-2.419497378555936652e-03,-6.351436189459157798e-03
7.611495284064746514e-01,6.106226635438360972e-16,3.516852323140300107e-12,-2.756030743908659091e-03,1.110223024625156540e-16,4.874701567425011872e-12,-2.863244753572380744e-03,7.771561172376095783e-16,-2.413940452582003394e-03,-7.520853167208179681e-03
7.621093638773563939e-01,5.828670879282071837e-16,3.730351578578715993e-12,-3.437707963565460410e-03,1.110223024625156540e-16,5.165553355608414055e-12,-3.595358369944539733e-03,7.771561172376095783e-16,-2.408018900482011924e-03,-8.690351734844246889e-03
7.630691993482381363e-01,6.106226635438360972e-16,3.944593424413857935e-12,-4.120505286306855829e-03,1.387778780781445676e-16,5.457429599648334212e-12,-4.328736248784556886e-03,7.494005416219806648e-16,-2.401732750215048676e-03,-9.859743491883093958e-03
7.640290348191198788e-01,5.828670879282071837e-16,4.159493265771217752e-12,-4.804307163175356755e-03,1.110223024625156540e-16,5.750223261685293713e-12,-5.063251260233137506e-03,7.494005416219806648e-16,-2.395082089268625244e-03,-1.102883928706978323e-02
7.649888702900016213e-01,6.106226635438360972e-16,4.374969428345889394e-12,-5.488997389536866105e-03,1.110223024625156540e-16,6.043824227436149499e-12,-5.798775493032782072e-03,7.494005416219806648e-16,-2.388067064781555782e-03,-1.219744946011959257e-02
7.659487057608833638e-01,6.106226635438360972e-16,4.590938008442249640e-12,-6.174459177314010894e-03,1.110223024625156540e-16,6.338118845408170776e-12,-6.535180319341382139e-03,7.494005416219806648e-16,-2.380687883658003795e-03,-1.336538384335192453e-02
7.669085412317651063e-01,5.828670879282071837e-16,4.807311165355536431e-12,-6.860575189169040508e-03,1.110223024625156540e-16,6.632997834798634584e-12,-7.272336380881281280e-03,6.938893903907228378e-16,-2.372944812670068054e-03,-1.453245173944155491e-02
7.678683767026468487e-01,5.551115123125782702e-16,5.024008708782567306e-12,-7.547227579378762083e-03,1.110223024625156540e-16,6.928348709632145552e-12,-8.010113665194527194e-03,7.494005416219806648e-16,-2.364838178555862119e-03,-1.569846195844705819e-02
7.688282121735285912e-01,5.551115123125782702e-16,5.240942730255944426e-12,-8.234297889919160729e-03,1.110223024625156540e-16,7.224060759314365754e-12,-8.748381454104815769e-03,7.771561172376095783e-16,-2.356368368112453024e-03,-1.686322288316832729e-02
7.697880476444103337e-01,5.551115123125782702e-16,5.458029624235642002e-12,-8.921667269630159658e-03,1.387778780781445676e-16,7.520022148391203309e-12,-9.487008590218261317e-03,7.494005416219806648e-16,-2.347535828268593021e-03,-1.802654266027749197e-02
7.707478831152920762e-01,5.551115123125782702e-16,5.675179984700011449e-12,-9.609216394456899721e-03,1.387778780781445676e-16,7.816119686155850732e-12,-1.022586339445726196e-02,7.494005416219806648e-16,-2.338341066163829914e-03,-1.918822912286213822e-02
7.717077185861738187e-01,5.551115123125782702e-16,5.892310375515616427e-12,-1.029682554422125217e-02,1.387778780781445676e-16,8.112241299984990911e-12,-1.096481374049264844e-02,8.049116928532384918e-16,-2.328784649195757891e-03,-2.034808986889392532e-02
7.726675540570555611e-01,6.106226635438360972e-16,6.109338322778448682e-12,-1.098437453599808780e-02,1.387778780781445676e-16,8.408275134095741232e-12,-1.170372696714382793e-02,8.049116928532384918e-16,-2.318867205061676037e-03,-2.150593224501490958e-02
7.736273895279373036e-01,6.383782391594650107e-16,6.326173221068206315e-12,-1.167174284113606936e-02,1.387778780781445676e-16,8.704104887476311891e-12,-1.244247001899223201e-02,8.326672684688674053e-16,-2.308589421776684972e-03,-2.266156345789516885e-02
7.745872249988190461e-01,6.383782391594650107e-16,6.542732345759128681e-12,-1.235880968666719891e-02,1.665334536937734811e-16,8.999621658794740298e-12,-1.318090960932300978e-02,8.326672684688674053e-16,-2.297952047687876458e-03,-2.381479071211040771e-02
7.755470604697007886e-01,6.106226635438360972e-16,6.758929292714332265e-12,-1.304545409196718533e-02,1.387778780781445676e-16,9.294710847881394733e-12,-1.391891219811950894e-02,8.881784197001252323e-16,-2.286955891459574799e-03,-2.496542117694322549e-02
7.765068959405825311e-01,5.551115123125782702e-16,6.974679514493153931e-12,-1.373155490473619740e-02,1.942890293094023946e-16,9.589259575737592300e-12,-1.465634401204293780e-02,8.881784197001252323e-16,-2.275601822041623933e-03,-2.611326197932036311e-02
7.774667314114642735e-01,5.551115123125782702e-16,7.189893916782069683e-12,-1.441699077917219830e-02,1.665334536937734811e-16,9.883153716532151745e-12,-1.539307104047237668e-02,8.881784197001252323e-16,-2.263890768624867052e-03,-2.725812019658285790e-02
7.784265668823460160e-01,5.551115123125782702e-16,7.404488033455579321e-12,-1.510164026563750109e-02,1.942890293094023946e-16,1.017627871075302282e-11,-1.612895917821084019e-02,8.604228440844963188e-16,-2.251823720588672084e-03,-2.839980299665771299e-02
7.793864023532277585e-01,5.273559366969493567e-16,7.618381213424577081e-12,-1.578538184727798499e-02,2.220446049250313081e-16,1.046852291268149382e-11,-1.686387425613117275e-02,8.326672684688674053e-16,-2.239401727451273503e-03,-2.953811768887792955e-02
7.803462378241095010e-01,5.273559366969493567e-16,7.831482315943938399e-12,-1.646809400475197568e-02,1.942890293094023946e-16,1.075977506962214059e-11,-1.759768213521913094e-02,8.326672684688674053e-16,-2.226625898813179138e-03,-3.067287175552427941e-02
7.813060732949912435e-01,5.551115123125782702e-16,8.043708697703065569e-12,-1.714965523276361023e-02,1.942890293094023946e-16,1.104992300730769234e-11,-1.833024870998818320e-02,8.049116928532384918e-16,-2.213497404301618260e-03,-3.180387289221927455e-02
7.822659087658729860e-01,5.551115123125782702e-16,8.254976956449840142e-12,-1.782994405870286583e-02,1.942890293094023946e-16,1.133885413134253645e-11,-1.906143992097899739e-02,8.326672684688674053e-16,-2.200017473489539535e-03,-3.293092902133793604e-02
7.832257442367547284e-01,5.551115123125782702e-16,8.465201697710651729e-12,-1.850883922467807738e-02,1.942890293094023946e-16,1.162645701284839572e-11,-1.979112195174630856e-02,8.049116928532384918e-16,-2.186187395796456833e-03,-3.405384848369944623e-02
7.841855797076364709e-01,5.273559366969493567e-16,8.674303435913729987e-12,-1.918621970998165074e-02,1.387778780781445676e-16,1.191261956564942590e-11,-2.051916124499954946e-02,8.326672684688674053e-16,-2.172008520367064120e-03,-3.517244005487579067e-02
7.851454151785182134e-01,5.273559366969493567e-16,8.882197881116427746e-12,-1.986196471795015003e-02,1.387778780781445676e-16,1.219723420300879851e-11,-2.124542448872511480e-02,8.049116928532384918e-16,-2.157482255945052975e-03,-3.628651292301919573e-02
7.861052506493999559e-01,5.273559366969493567e-16,9.088799604963816725e-12,-2.053595375437847204e-02,1.387778780781445676e-16,1.248019350082001100e-11,-2.196977870985667228e-02,8.049116928532384918e-16,-2.142610070735730295e-03,-3.739587682198289298e-02
7.870650861202816984e-01,5.273559366969493567e-16,9.294032367714380460e-12,-2.120806662797711586e-02,1.387778780781445676e-16,1.276138271661189649e-11,-2.269209119420796325e-02,8.049116928532384918e-16,-2.127393492251537267e-03,-3.850034197487232912e-02
7.880249215911634408e-01,5.273559366969493567e-16,9.497815877420982822e-12,-2.187818360901813350e-02,1.387778780781445676e-16,1.304070066721670779e-11,-2.341222972161701929e-02,7.771561172376095783e-16,-2.111834107146898926e-03,-3.959971933777649972e-02
7.889847570620451833e-01,5.273559366969493567e-16,9.700067043539629952e-12,-2.254618535521268896e-02,1.387778780781445676e-16,1.331803597796627631e-11,-2.413006253935433276e-02,7.494005416219806648e-16,-2.095933561037657648e-03,-4.069382056274510606e-02
7.899445925329269258e-01,5.273559366969493567e-16,9.900710500466806951e-12,-2.321195303782546196e-02,1.110223024625156540e-16,1.359328266132197802e-11,-2.484545849373677451e-02,7.771561172376095783e-16,-2.079693558312326572e-03,-4.178245811977911867e-02
7.909044280038086683e-01,4.996003610813204432e-16,1.009966483817188732e-11,-2.387536827354438257e-02,1.110223024625156540e-16,1.386633568519835338e-11,-2.555828701039787598e-02,8.049116928532384918e-16,-2.063115861932332713e-03,-4.286544528549502547e-02
7.918642634746904108e-01,4.718447854656915297e-16,1.029685470460388330e-11,-2.453631335852742359e-02,1.387778780781445676e-16,1.413709011915389654e-11,-2.626841826005334168e-02,8.049116928532384918e-16,-2.046202293224642921e-03,-4.394259632896956036e-02
7.928240989455721532e-01,5.273559366969493567e-16,1.049220555408717295e-11,-2.519467122982476520e-02,1.387778780781445676e-16,1.440544435989251845e-11,-2.697572320013080088e-02,7.771561172376095783e-16,-2.028954731661985252e-03,-4.501372653166693660e-02
7.937839344164538957e-01,4.996003610813204432e-16,1.068564105201254971e-11,-2.585032555108808527e-02,1.387778780781445676e-16,1.467129479156784738e-11,-2.768007364265446732e-02,7.494005416219806648e-16,-2.011375114624370901e-03,-4.607865230209364643e-02
7.947437698873356382e-01,4.718447854656915297e-16,1.087708727612064080e-11,-2.650316066298090412e-02,1.387778780781445676e-16,1.493454201316945715e-11,-2.838134224071758513e-02,7.771561172376095783e-16,-1.993465437155672593e-03,-4.713719112408164963e-02
7.957036053582173807e-01,4.996003610813204432e-16,1.106647169328610694e-11,-2.715306175068908298e-02,1.387778780781445676e-16,1.519508532942057816e-11,-2.907940268783407167e-02,8.049116928532384918e-16,-1.975227751718277875e-03,-4.818916179516229831e-02
7.966634408290991232e-01,4.718447854656915297e-16,1.125372378971015511e-11,-2.779991474302420662e-02,1.387778780781445676e-16,1.545282953381793903e-11,-2.977412963834043941e-02,8.049116928532384918e-16,-1.956664167949366106e-03,-4.923438435632572496e-02
7.976232762999808656e-01,4.718447854656915297e-16,1.143877491506647623e-11,-2.844360632360553795e-02,1.387778780781445676e-16,1.570767473068387238e-11,-3.046539865106034917e-02,8.049116928532384918e-16,-1.937776852408867228e-03,-5.027268003028011883e-02
7.985831117708626081e-01,4.718447854656915297e-16,1.162155521963010793e-11,-2.908402385141435620e-02,1.665334536937734811e-16,1.595952868151855400e-11,-3.115308613472170599e-02,8.049116928532384918e-16,-1.918568028307763521e-03,-5.130387114876817922e-02
7.995429472417443506e-01,4.163336342344337027e-16,1.180199856706852860e-11,-2.972105542096297945e-02,1.387778780781445676e-16,1.620829947985907502e-11,-3.183706934705167468e-02,8.049116928532384918e-16,-1.899039975232065828e-03,-5.232778120141305667e-02
8.005027827126260931e-01,4.163336342344337027e-16,1.198003818408044027e-11,-3.035458990006039207e-02,1.387778780781445676e-16,1.645389530733395306e-11,-3.251722651399902020e-02,7.771561172376095783e-16,-1.879195028842682103e-03,-5.334423498684674747e-02
8.014626181835078356e-01,4.163336342344337027e-16,1.215561398553669653e-11,-3.098451698846656568e-02,1.110223024625156540e-16,1.669622866882786855e-11,-3.319343690388965040e-02,8.049116928532384918e-16,-1.859035580570050352e-03,-5.435305867558748449e-02
8.024224536543895780e-01,4.163336342344337027e-16,1.232866278277943220e-11,-3.161072731543106140e-02,1.110223024625156540e-16,1.693521007022774638e-11,-3.386558090089985401e-02,8.049116928532384918e-16,-1.838564077281083873e-03,-5.535407985610806686e-02
8.033822891252713205e-01,4.163336342344337027e-16,1.249912196313318624e-11,-3.223311231428079709e-02,8.326672684688674053e-17,1.717075638033201124e-11,-3.453353994442503322e-02,8.049116928532384918e-16,-1.817783020954730037e-03,-5.634712753218528575e-02
8.043421245961530630e-01,4.163336342344337027e-16,1.266693670662561236e-11,-3.285156428246719523e-02,1.387778780781445676e-16,1.740278266545297603e-11,-3.519719662107281821e-02,8.049116928532384918e-16,-1.796694968342466697e-03,-5.733203219684594037e-02
8.053019600670348055e-01,4.163336342344337027e-16,1.283205055342857837e-11,-3.346597631873091117e-02,1.110223024625156540e-16,1.763121223183946457e-11,-3.585643461956267847e-02,8.049116928532384918e-16,-1.775302530625128775e-03,-5.830862582074315681e-02
8.062617955379165480e-01,4.718447854656915297e-16,1.299440722667306869e-11,-3.407624254298166622e-02,1.110223024625156540e-16,1.785596496372719375e-11,-3.651113887246625750e-02,8.049116928532384918e-16,-1.753608373062125062e-03,-5.927674194224819698e-02
8.072216310087982905e-01,4.163336342344337027e-16,1.315395709022837423e-11,-3.468225806847611420e-02,1.110223024625156540e-16,1.807696803661149043e-11,-3.716119549993714133e-02,8.049116928532384918e-16,-1.731615214627229117e-03,-6.023621561292060583e-02
8.081814664796800329e-01,4.163336342344337027e-16,1.331065010816423477e-11,-3.528391905558200814e-02,1.110223024625156540e-16,1.829414721652485726e-11,-3.780649187506501807e-02,8.049116928532384918e-16,-1.709325827642875495e-03,-6.118688346680346141e-02
8.091413019505617754e-01,4.163336342344337027e-16,1.346443816223298270e-11,-3.588112261202387049e-02,5.551115123125782702e-17,1.850743455787239727e-11,-3.844691659950494333e-02,8.049116928532384918e-16,-1.686743037397789172e-03,-6.212858371924095263e-02
8.101011374214435179e-01,3.885780586188047891e-16,1.361527503154075225e-11,-3.647376684737141384e-02,8.326672684688674053e-17,1.871676031934936535e-11,-3.908235948157092604e-02,8.049116928532384918e-16,-1.663869721760034013e-03,-6.306115615789564810e-02
8.110609728923252604e-01,3.885780586188047891e-16,1.376311838476897143e-11,-3.706175096015634080e-02,1.387778780781445676e-16,1.892206473431100322e-11,-3.971271160402148337e-02,8.049116928532384918e-16,-1.640708810765209580e-03,-6.398444219296178792e-02
8.120208083632070029e-01,3.885780586188047891e-16,1.390792833005395635e-11,-3.764497517775953345e-02,1.110223024625156540e-16,1.912328626073149518e-11,-4.033786528355179368e-02,8.049116928532384918e-16,-1.617263286203929774e-03,-6.489828483873835707e-02
8.129806438340887453e-01,3.885780586188047891e-16,1.404966505007092248e-11,-3.822334075812438420e-02,1.110223024625156540e-16,1.932036572827727783e-11,-4.095771411797154149e-02,8.326672684688674053e-16,-1.593536181189679360e-03,-6.580252871855754582e-02
8.139404793049704878e-01,4.440892098500626162e-16,1.418829656085578150e-11,-3.879674982985020087e-02,1.387778780781445676e-16,1.951324944183575882e-11,-4.157215278434001765e-02,8.326672684688674053e-16,-1.569530579729046423e-03,-6.669701995187901633e-02
8.149003147758522303e-01,4.163336342344337027e-16,1.432378774781067204e-11,-3.936510542033912208e-02,1.387778780781445676e-16,1.970188832770610604e-11,-4.218107702320066793e-02,8.604228440844963188e-16,-1.545249616278627147e-03,-6.758160611769511994e-02
8.158601502467339728e-01,3.885780586188047891e-16,1.445610994734065902e-11,-3.992831141301822484e-02,1.387778780781445676e-16,1.988623664610916775e-11,-4.278438361135715462e-02,8.604228440844963188e-16,-1.520696475292529276e-03,-6.845613621747156929e-02
8.168199857176157153e-01,3.885780586188047891e-16,1.458523472624376899e-11,-4.048627270232682540e-02,1.110223024625156540e-16,2.006624926712951423e-11,-4.338197059658608495e-02,8.881784197001252323e-16,-1.495874390766135931e-03,-6.932046084764498239e-02
8.177798211884974577e-01,3.885780586188047891e-16,1.471113927561679829e-11,-4.103889515642439312e-02,1.387778780781445676e-16,2.024188873158208613e-11,-4.397373730839183176e-02,8.326672684688674053e-16,-1.470786645772867440e-03,-7.017443225309417942e-02
8.187396566593792002e-01,3.885780586188047891e-16,1.483380139642026530e-11,-4.158608581257575848e-02,1.110223024625156540e-16,2.041311911171739268e-11,-4.455958453478998244e-02,8.881784197001252323e-16,-1.445436572000596874e-03,-7.101790456527484752e-02
8.196994921302609427e-01,4.163336342344337027e-16,1.495320303668799811e-11,-4.212775284137457166e-02,1.387778780781445676e-16,2.057991012441350367e-11,-4.513941443230134326e-02,8.881784197001252323e-16,-1.419827549256701777e-03,-7.185073366844012266e-02
8.206593276011426852e-01,4.163336342344337027e-16,1.506932836706827844e-11,-4.266380565431630162e-02,1.387778780781445676e-16,2.074223080892213106e-11,-4.571313062545222933e-02,8.326672684688674053e-16,-1.393963004966140146e-03,-7.267277729975274436e-02
8.216191630720244277e-01,4.163336342344337027e-16,1.518216592212313226e-11,-4.319415481621675934e-02,1.110223024625156540e-16,2.090005973192157751e-11,-4.628063818975266391e-02,8.881784197001252323e-16,-1.367846413660030310e-03,-7.348389501902385934e-02
8.225789985429061701e-01,4.163336342344337027e-16,1.529170536127433949e-11,-4.371871205743274591e-02,1.110223024625156540e-16,2.105337826546326702e-11,-4.684184363762415593e-02,8.881784197001252323e-16,-1.341481296463581602e-03,-7.428394827376615106e-02
8.235388340137879126e-01,4.163336342344337027e-16,1.539794127028730128e-11,-4.423739019419126867e-02,1.387778780781445676e-16,2.120217084446976083e-11,-4.739665483862014889e-02,9.159339953157541458e-16,-1.314871220570828754e-03,-7.507280030430224516e-02
8.244986694846696551e-01,4.718447854656915297e-16,1.550086966810716553e-11,-4.475010323829861636e-02,1.110223024625156540e-16,2.134643015735265825e-11,-4.794498110756978404e-02,9.436895709313830594e-16,-1.288019798706114974e-03,-7.585031624122938465e-02
8.254585049555513976e-01,4.718447854656915297e-16,1.560049275363146332e-11,-4.525676640355252855e-02,1.110223024625156540e-16,2.148614917712662886e-11,-4.848673329234019780e-02,9.436895709313830594e-16,-1.260930688577075950e-03,-7.661636318576232896e-02
8.264183404264331401e-01,4.718447854656915297e-16,1.569681082840392386e-11,-4.575729612206429209e-02,1.387778780781445676e-16,2.162132379059968079e-11,-4.902182368712990762e-02,9.436895709313830594e-16,-1.233607592311547095e-03,-7.737081018738639626e-02
8.273781758973148825e-01,4.718447854656915297e-16,1.578983012319890716e-11,-4.625161004634873591e-02,1.387778780781445676e-16,2.175195792122842572e-11,-4.955016598217466123e-02,9.436895709313830594e-16,-1.206054255888690903e-03,-7.811352815166922037e-02
8.283380113681966250e-01,4.163336342344337027e-16,1.587956140888737051e-11,-4.673962712091592198e-02,1.387778780781445676e-16,2.187806030361661574e-11,-5.007167536957206344e-02,9.436895709313830594e-16,-1.178274468557052087e-03,-7.884438997641605995e-02
8.292978468390783675e-01,4.718447854656915297e-16,1.596601808553053947e-11,-4.722126767314548806e-02,1.387778780781445676e-16,2.199964288092880714e-11,-5.058626868480905342e-02,9.714451465470119729e-16,-1.150272062244218603e-03,-7.956327063841493741e-02
8.302576823099601100e-01,4.718447854656915297e-16,1.604921558268058122e-11,-4.769645344771133305e-02,1.387778780781445676e-16,2.211672026278927415e-11,-5.109386438785602780e-02,9.436895709313830594e-16,-1.122050910963499817e-03,-8.027004720121384829e-02
8.312175177808418525e-01,4.718447854656915297e-16,1.612917388015065560e-11,-4.816510755360301627e-02,1.387778780781445676e-16,2.222931428909552878e-11,-5.159438250100791684e-02,9.436895709313830594e-16,-1.093614930199695396e-03,-8.096459874122939604e-02
8.321773532517235950e-01,4.718447854656915297e-16,1.620591426218466122e-11,-4.862715444906044043e-02,1.387778780781445676e-16,2.233745231562363556e-11,-5.208774454734454995e-02,9.436895709313830594e-16,-1.064968076302844372e-03,-8.164680632064275079e-02
8.331371887226053374e-01,4.440892098500626162e-16,1.627946349841186309e-11,-4.908251996571805914e-02,1.387778780781445676e-16,2.244116218265250484e-11,-5.257387367579130499e-02,9.714451465470119729e-16,-1.036114345871449625e-03,-8.231655314949391788e-02
8.340970241934870799e-01,4.718447854656915297e-16,1.634984850415119317e-11,-4.953113137245109682e-02,1.942890293094023946e-16,2.254048057687314810e-11,-5.305269475031716003e-02,9.436895709313830594e-16,-1.007057775142924461e-03,-8.297372466334905494e-02
8.350568596643688224e-01,4.718447854656915297e-16,1.641710420765326445e-11,-4.997291734660818524e-02,1.665334536937734811e-16,2.263544873862570125e-11,-5.352413423167843437e-02,9.714451465470119729e-16,-9.778024393673062642e-04,-8.361820842788239561e-02
8.360166951352505649e-01,4.718447854656915297e-16,1.648126479177969630e-11,-5.040780798700196519e-02,1.942890293094023946e-16,2.272610779305381939e-11,-5.398812018773651439e-02,9.436895709313830594e-16,-9.483524521635188290e-04,-8.424989416473120662e-02
8.369765306061323074e-01,4.718447854656915297e-16,1.654236686190633729e-11,-5.083573474729610742e-02,1.665334536937734811e-16,2.281250974120420036e-11,-5.444458223886129017e-02,9.714451465470119729e-16,-9.187119648561560244e-04,-8.486867372774120621e-02
8.379363660770140498e-01,4.718447854656915297e-16,1.660045462637677049e-11,-5.125663048729465349e-02,1.942890293094023946e-16,2.289470557784840064e-11,-5.489345160940769380e-02,9.436895709313830594e-16,-8.888851657853155544e-04,-8.547444114630443901e-02
8.388962015478957923e-01,4.718447854656915297e-16,1.665557035891132749e-11,-5.167042951106393112e-02,1.665334536937734811e-16,2.297275347382110589e-11,-5.533466114392401880e-02,9.436895709313830594e-16,-8.588762796200617592e-04,-8.606709263953303546e-02
8.398560370187775348e-01,4.718447854656915297e-16,1.670776310271765430e-11,-5.207706743071852107e-02,1.942890293094023946e-16,2.304671601808085460e-11,-5.576814520555968546e-02,9.436895709313830594e-16,-8.286895666541138974e-04,-8.664652652162049828e-02
8.408158724896592773e-01,4.718447854656915297e-16,1.675708116239066695e-11,-5.247648117478086183e-02,1.942890293094023946e-16,2.311665782568899513e-11,-5.619383961715018749e-02,9.436895709313830594e-16,-7.983293221146895964e-04,-8.721264320105649726e-02
8.417757079605410198e-01,4.718447854656915297e-16,1.680357911056909112e-11,-5.286860888185575258e-02,2.220446049250313081e-16,2.318264892255334289e-11,-5.661168159597308042e-02,9.714451465470119729e-16,-7.677998754508149216e-04,-8.776534510904886177e-02
8.427355434314227622e-01,4.718447854656915297e-16,1.684731077111452716e-11,-5.325339005361099526e-02,1.942890293094023946e-16,2.324476441000313323e-11,-5.702160990512177008e-02,9.436895709313830594e-16,-7.371055896204583039e-04,-8.830453683409680843e-02
8.436953789023045047e-01,4.718447854656915297e-16,1.688833587001415185e-11,-5.363076545945542895e-02,1.942890293094023946e-16,2.330308265552664612e-11,-5.742356482589691669e-02,9.436895709313830594e-16,-7.062508603668465152e-04,-8.883012507807953873e-02
8.446552143731862472e-01,4.718447854656915297e-16,1.692671541396895823e-11,-5.400067710775094398e-02,2.498001805406602216e-16,2.335768421195716545e-11,-5.781748806747167430e-02,9.159339953157541458e-16,-6.752401154997505171e-04,-8.934201858897727888e-02
8.456150498440679897e-01,5.273559366969493567e-16,1.696251036902235790e-11,-5.436306821017571761e-02,1.942890293094023946e-16,2.340865478547642618e-11,-5.820332269549882698e-02,9.436895709313830594e-16,-6.440778141668046736e-04,-8.984012814974230710e-02
8.465748853149497322e-01,5.273559366969493567e-16,1.699578653269369355e-11,-5.471788319658578426e-02,1.942890293094023946e-16,2.345608300283576544e-11,-5.858101314673352239e-02,9.159339953157541458e-16,-6.127684461140247077e-04,-9.032436657571882299e-02
8.475347207858314746e-01,5.273559366969493567e-16,1.702661425615143234e-11,-5.506506781917003962e-02,1.942890293094023946e-16,2.350006168190554336e-11,-5.895050530420525153e-02,9.436895709313830594e-16,-5.813165309463186109e-04,-9.079464879179273418e-02
8.484945562567132171e-01,4.996003610813204432e-16,1.705506030930874044e-11,-5.540456895197651277e-02,1.942890293094023946e-16,2.354068500597323102e-11,-5.931174626884747753e-02,9.436895709313830594e-16,-5.497266173718968248e-04,-9.125089166820422870e-02
8.494543917275949596e-01,4.718447854656915297e-16,1.708119752005842276e-11,-5.573633468230187321e-02,1.942890293094023946e-16,2.357805252851518513e-11,-5.966468447337636843e-02,9.159339953157541458e-16,-5.180032824489210841e-04,-9.169301416516434378e-02
8.504142271984767021e-01,5.273559366969493567e-16,1.710509763886737533e-11,-5.606031405881834601e-02,1.942890293094023946e-16,2.361226367087062260e-11,-6.000926944659867174e-02,8.881784197001252323e-16,-4.861511308266947885e-04,-9.212093713171912168e-02
8.513740626693584446e-01,4.718447854656915297e-16,1.712683626512020649e-11,-5.637645732091552814e-02,1.665334536937734811e-16,2.364342272312414117e-11,-6.034545197520853332e-02,9.159339953157541458e-16,-4.541747939937153993e-04,-9.253458342399080439e-02
8.523338981402401870e-01,4.996003610813204432e-16,1.714648933362657168e-11,-5.668471568529417914e-02,1.387778780781445676e-16,2.367163527979107736e-11,-6.067318385208684411e-02,8.881784197001252323e-16,-4.220789295077049565e-04,-9.293387768306254904e-02
8.532937336111219295e-01,4.718447854656915297e-16,1.716413549647782116e-11,-5.698504135083407030e-02,1.665334536937734811e-16,2.369700945615681870e-11,-6.099241786350574623e-02,9.436895709313830594e-16,-3.898682202147947247e-04,-9.331874640757967243e-02
8.542535690820036720e-01,4.718447854656915297e-16,1.717985234189192342e-11,-5.727738745413959998e-02,1.110223024625156540e-16,2.371965291688522479e-11,-6.130310785545114299e-02,9.159339953157541458e-16,-3.575473734570735855e-04,-9.368911800381742039e-02
8.552134045528854145e-01,4.718447854656915297e-16,1.719372017536854175e-11,-5.756170817870232687e-02,1.387778780781445676e-16,2.373967785996048893e-11,-6.160520875125080620e-02,9.436895709313830594e-16,-3.251211202772071322e-04,-9.404492283349490112e-02
8.561732400237671570e-01,4.996003610813204432e-16,1.720581801491725960e-11,-5.783795878786156253e-02,1.110223024625156540e-16,2.375719583962176452e-11,-6.189867664887897802e-02,9.436895709313830594e-16,-2.925942146233090043e-04,-9.438609326310347380e-02
8.571330754946488995e-01,4.718447854656915297e-16,1.721622712487903654e-11,-5.810609550914846294e-02,1.387778780781445676e-16,2.377231952480356354e-11,-6.218346873057443991e-02,9.436895709313830594e-16,-2.599714325508962597e-04,-9.471256365765320928e-02
8.580929109655306419e-01,4.718447854656915297e-16,1.722502938284668599e-11,-5.836607545469221087e-02,1.387778780781445676e-16,2.378516226206675577e-11,-6.245954316813547708e-02,9.436895709313830594e-16,-2.272575714257752647e-04,-9.502427026949331057e-02
8.590527464364123844e-01,4.718447854656915297e-16,1.723230583970886479e-11,-5.861785653606330776e-02,1.387778780781445676e-16,2.379583929702007872e-11,-6.272685899124266773e-02,9.714451465470119729e-16,-1.944574491330611308e-04,-9.532115113893112335e-02
8.600125819072941269e-01,4.440892098500626162e-16,1.723813733290192711e-11,-5.886139754555911457e-02,1.387778780781445676e-16,2.380446500282833427e-11,-6.298537616269429817e-02,9.714451465470119729e-16,-1.615759032801685824e-04,-9.560314614943973832e-02
8.609724173781758694e-01,4.440892098500626162e-16,1.724260572307802740e-11,-5.909665816288828949e-02,1.387778780781445676e-16,2.381115175704670052e-11,-6.323505554277678020e-02,9.714451465470119729e-16,-1.286177903997667740e-04,-9.587019703006700866e-02
8.619322528490576119e-01,4.163336342344337027e-16,1.724579018410081141e-11,-5.932359891520060796e-02,1.942890293094023946e-16,2.381601484255336468e-11,-6.347585883201437018e-02,9.714451465470119729e-16,-9.558798514076104571e-05,-9.612224728433478582e-02
8.628920883199393543e-01,4.440892098500626162e-16,1.724777129590861734e-11,-5.954218109373440176e-02,2.498001805406602216e-16,2.381916658099933037e-11,-6.370774847127590179e-02,9.436895709313830594e-16,-6.249137946064538219e-05,-9.635924214342117544e-02
8.638519237908210968e-01,4.163336342344337027e-16,1.724862854746134731e-11,-5.975236666080900594e-02,2.220446049250313081e-16,2.382071919916791108e-11,-6.393068758833003740e-02,9.714451465470119729e-16,-2.933288180786086473e-05,-9.658112854497009903e-02
8.648117592617028393e-01,4.163336342344337027e-16,1.724843979802751295e-11,-5.995411828784696917e-02,2.498001805406602216e-16,2.382078200835501588e-11,-6.414464006523276640e-02,9.436895709313830594e-16,3.882583700530480275e-06,-9.678785521913929601e-02
8.657715947325845818e-01,4.718447854656915297e-16,1.724728183792004644e-11,-6.014739936819431948e-02,2.498001805406602216e-16,2.381946573440157575e-11,-6.434957052565673519e-02,9.436895709313830594e-16,3.715007810055847258e-05,-9.697937266699986625e-02
8.667314302034663243e-01,4.163336342344337027e-16,1.724522950588796948e-11,-6.033217398413408261e-02,2.220446049250313081e-16,2.381687539922865485e-11,-6.454544426804370572e-02,9.714451465470119729e-16,7.046464841472825018e-05,-9.715563307812026539e-02
8.676912656743480667e-01,4.163336342344337027e-16,1.724235634133176268e-11,-6.050840679799362326e-02,2.498001805406602216e-16,2.381311619585797269e-11,-6.473222716926431419e-02,9.714451465470119729e-16,1.038213284725036532e-04,-9.731659031097920909e-02
8.686511011452298092e-01,4.163336342344337027e-16,1.723873432849941552e-11,-6.067606304618336499e-02,2.775557561562891351e-16,2.380828943959441626e-11,-6.490988572398198597e-02,9.992007221626408864e-16,1.372151397446214939e-04,-9.746219992579518987e-02
8.696109366161115517e-01,4.163336342344337027e-16,1.723443231253481492e-11,-6.083510854890017416e-02,2.775557561562891351e-16,2.380249417908270569e-11,-6.507838700367868379e-02,9.714451465470119729e-16,1.706410921604419517e-04,-9.759241912299865263e-02
8.705707720869932942e-01,4.163336342344337027e-16,1.722951829663109825e-11,-6.098550978874125311e-02,2.775557561562891351e-16,2.379582638993202846e-11,-6.523769874104683175e-02,1.026956297778269800e-15,2.040941849424444303e-04,-9.770720678610948784e-02
8.715306075578750367e-01,4.163336342344337027e-16,1.722405661294060947e-11,-6.112723395836854728e-02,2.775557561562891351e-16,2.378837814292968523e-11,-6.538778937962226590e-02,1.026956297778269800e-15,2.375694074327405693e-04,-9.780652359014224695e-02
8.724904430287567791e-01,4.163336342344337027e-16,1.721810890343905207e-11,-6.126024901340820783e-02,2.775557561562891351e-16,2.378023778361207461e-11,-6.552862817931906503e-02,1.026956297778269800e-15,2.710617399340018861e-04,-9.789033210412061148e-02
8.734502784996385216e-01,4.163336342344337027e-16,1.721173452311317194e-11,-6.138452366832893026e-02,2.775557561562891351e-16,2.377148999663919720e-11,-6.566018514431624931e-02,1.026956297778269800e-15,3.045661545455194863e-04,-9.795859674704235354e-02
8.744101139705202641e-01,4.163336342344337027e-16,1.720498923807111747e-11,-6.150002733057680082e-02,2.220446049250313081e-16,2.376221404481315821e-11,-6.578243090466312504e-02,1.026956297778269800e-15,3.380776160113205080e-04,-9.801128362413641382e-02
8.753699494414020066e-01,4.163336342344337027e-16,1.719792559569583747e-11,-6.160673006413004693e-02,2.220446049250313081e-16,2.375248515736516804e-11,-6.589533662923530155e-02,1.054711873393898713e-15,3.715910825805295459e-04,-9.804836049734431958e-02
8.763297849122837491e-01,4.718447854656915297e-16,1.719059265613563691e-11,-6.170460252868715384e-02,2.498001805406602216e-16,2.374237349742237954e-11,-6.599887399133606836e-02,1.026956297778269800e-15,4.051015068622408686e-04,-9.806979674424802507e-02
8.772896203831654915e-01,4.163336342344337027e-16,1.718303611342988837e-11,-6.179361591687637656e-02,2.498001805406602216e-16,2.373194447456304559e-11,-6.609301514402667055e-02,1.026956297778269800e-15,4.386038366757783846e-04,-9.807556332551570222e-02
8.782494558540472340e-01,4.163336342344337027e-16,1.717529734259696638e-11,-6.187374196986270003e-02,2.498001805406602216e-16,2.372125736754094683e-11,-6.617773275581416426e-02,9.992007221626408864e-16,4.720930158975113157e-04,-9.806563286123626266e-02
8.792092913249289765e-01,4.163336342344337027e-16,1.716741375538808527e-11,-6.194495304268361063e-02,2.498001805406602216e-16,2.371036597819482696e-11,-6.625299997361899784e-02,9.992007221626408864e-16,5.055639853264795851e-04,-9.803997955856522117e-02
8.801691267958107190e-01,4.163336342344337027e-16,1.715941907133784229e-11,-6.200722216465007902e-02,2.498001805406602216e-16,2.369931821470818269e-11,-6.631879047293048890e-02,9.714451465470119729e-16,5.390116835454596481e-04,-9.799857931039247794e-02
8.811289622666924615e-01,4.163336342344337027e-16,1.715134234621742710e-11,-6.206052300159695806e-02,2.498001805406602216e-16,2.368815585020487375e-11,-6.637507846825910218e-02,9.714451465470119729e-16,5.724310477900643136e-04,-9.794140965476227922e-02
8.820887977375742039e-01,3.885780586188047891e-16,1.714320820666274817e-11,-6.210482991698117877e-02,2.498001805406602216e-16,2.367691399674166268e-11,-6.642183875340154642e-02,1.026956297778269800e-15,6.058170148080157386e-04,-9.786844986325229923e-02
8.830486332084559464e-01,4.163336342344337027e-16,1.713503664222784423e-11,-6.214011793203783746e-02,1.942890293094023946e-16,2.366562133612469293e-11,-6.645904667829473367e-02,1.026956297778269800e-15,6.391645217256480436e-04,-9.777968087439901923e-02
8.840084686793376889e-01,3.885780586188047891e-16,1.712684301258466432e-11,-6.216636286787729365e-02,1.942890293094023946e-16,2.365429961380730289e-11,-6.648667823417357681e-02,9.714451465470119729e-16,6.724685069153914577e-04,-9.767508537612638875e-02
8.849683041502194314e-01,3.885780586188047891e-16,1.711863784402340219e-11,-6.218354120493538306e-02,2.220446049250313081e-16,2.364296382883716429e-11,-6.650471001686486527e-02,9.714451465470119729e-16,7.057239108645058968e-04,-9.755464779585133750e-02
8.859281396211011739e-01,3.885780586188047891e-16,1.711042668487125145e-11,-6.219163009342468934e-02,2.498001805406602216e-16,2.363162173050695333e-11,-6.651311919204438983e-02,1.026956297778269800e-15,7.389256770447825192e-04,-9.741835430431827758e-02
8.868879750919829164e-01,4.163336342344337027e-16,1.710221007930386731e-11,-6.219060727674218664e-02,2.498001805406602216e-16,2.362027381242512002e-11,-6.651188341886377087e-02,9.992007221626408864e-16,7.720687527807594888e-04,-9.726619273771103247e-02
8.878478105628646588e-01,3.885780586188047891e-16,1.709398340574074470e-11,-6.218045118981556374e-02,2.498001805406602216e-16,2.360891321044841806e-11,-6.650098091339522177e-02,9.992007221626408864e-16,8.051480901174203585e-04,-9.709815269092454681e-02
8.888076460337464013e-01,4.163336342344337027e-16,1.708573691023022780e-11,-6.216114096798432131e-02,2.498001805406602216e-16,2.359752551294652461e-11,-6.648039051349657891e-02,9.992007221626408864e-16,8.381586466875643729e-04,-9.691422556057414928e-02
8.897674815046281438e-01,3.885780586188047891e-16,1.707745554449085481e-11,-6.213265647088958565e-02,2.498001805406602216e-16,2.358608877604863340e-11,-6.645009169124750648e-02,9.714451465470119729e-16,8.710953865899256606e-04,-9.671440459196065098e-02
8.907273169755098863e-01,3.885780586188047891e-16,1.706911894881518905e-11,-6.209497826243537411e-02,2.775557561562891351e-16,2.357457325936917515e-11,-6.641006446591386780e-02,9.714451465470119729e-16,9.039532812823670646e-04,-9.649868479413772904e-02
8.916871524463916288e-01,3.885780586188047891e-16,1.706070147673965356e-11,-6.204808767242031564e-02,2.498001805406602216e-16,2.356294157169748450e-11,-6.636028942457683488e-02,9.714451465470119729e-16,9.367273104723831999e-04,-9.626706293592682262e-02
8.926469879172733712e-01,3.885780586188047891e-16,1.705217228313595759e-11,-6.199196685419247621e-02,2.498001805406602216e-16,2.355114872584318335e-11,-6.630074782477449191e-02,9.992007221626408864e-16,9.694124630097168379e-04,-9.601953764377632594e-02
8.936068233881551137e-01,3.885780586188047891e-16,1.704349475034627488e-11,-6.192659876327157031e-02,2.775557561562891351e-16,2.353914189829058208e-11,-6.623142161340640766e-02,1.026956297778269800e-15,1.002003737764098302e-03,-9.575610945220958126e-02
8.945666588590368562e-01,3.885780586188047891e-16,1.703462710651729509e-11,-6.185196719529612031e-02,2.775557561562891351e-16,2.352686016111275175e-11,-6.615229344812929846e-02,9.992007221626408864e-16,1.034496144489843250e-03,-9.547678083866792398e-02
8.955264943299185987e-01,3.885780586188047891e-16,1.702552211050396749e-11,-6.176805681669635811e-02,2.775557561562891351e-16,2.351423521973722112e-11,-6.606334665689993224e-02,9.714451465470119729e-16,1.066884704683321392e-03,-9.518155619000591428e-02
8.964863298008003412e-01,3.885780586188047891e-16,1.701612751053784185e-11,-6.167485314938719182e-02,2.498001805406602216e-16,2.350119130198466064e-11,-6.596456524510370401e-02,9.714451465470119729e-16,1.099164452433270232e-03,-9.487044180946724303e-02
8.974461652716820836e-01,3.885780586188047891e-16,1.700638557539433217e-11,-6.157234265233339082e-02,2.498001805406602216e-16,2.348764440251549339e-11,-6.585593405397835443e-02,9.436895709313830594e-16,1.131330435287262884e-03,-9.454344606356333836e-02
8.984060007425638261e-01,3.608224830031758756e-16,1.699623309015755191e-11,-6.146051275872892183e-02,2.498001805406602216e-16,2.347350303499515234e-11,-6.573743877768301047e-02,9.714451465470119729e-16,1.163377715093602983e-03,-9.420057940841693178e-02
8.993658362134455686e-01,3.608224830031758756e-16,1.698560177296052406e-11,-6.133935185026957032e-02,2.498001805406602216e-16,2.345866891480263578e-11,-6.560906591224929807e-02,9.714451465470119729e-16,1.195301368860457545e-03,-9.384185436654669810e-02
9.003256716843273111e-01,3.330669073875469621e-16,1.697441895769373661e-11,-6.120884918798210478e-02,2.498001805406602216e-16,2.344303633053206048e-11,-6.547080260451805522e-02,9.714451465470119729e-16,1.227096489594237984e-03,-9.346728541957299852e-02
9.012855071552090536e-01,3.330669073875469621e-16,1.696260542305969878e-11,-6.106899497488744999e-02,1.942890293094023946e-16,2.342649169167706786e-11,-6.532263676593277890e-02,9.714451465470119729e-16,1.258758187159372214e-03,-9.307688905591035566e-02
9.022453426260907960e-01,3.330669073875469621e-16,1.695007918135131401e-11,-6.091978037090364784e-02,1.942890293094023946e-16,2.340891498722155913e-11,-6.516455713565205699e-02,9.992007221626408864e-16,1.290281589123261786e-03,-9.267068387689941789e-02
9.032051780969725385e-01,3.053113317719180486e-16,1.693675196665328075e-11,-6.076119743454126004e-02,1.942890293094023946e-16,2.339017958743398566e-11,-6.499655320863079178e-02,9.714451465470119729e-16,1.321661841606299858e-03,-9.224869053653886319e-02
9.041650135678542810e-01,2.775557561562891351e-16,1.692253139477610784e-11,-6.059323908603689995e-02,2.220446049250313081e-16,2.337015188811351115e-11,-6.481861520710753555e-02,9.714451465470119729e-16,1.352894110118045426e-03,-9.181093171340387604e-02
9.051248490387360235e-01,3.053113317719180486e-16,1.690731980790317456e-11,-6.041589905925539433e-02,2.498001805406602216e-16,2.334869215423482705e-11,-6.463073408151023824e-02,9.714451465470119729e-16,1.383973580389725793e-03,-9.135743205664112465e-02
9.060846845096177660e-01,3.330669073875469621e-16,1.689101725275857311e-11,-6.022917197501581610e-02,2.498001805406602216e-16,2.332565448437276881e-11,-6.443290153098528428e-02,9.714451465470119729e-16,1.414895459206216236e-03,-9.088821818665805685e-02
9.070445199804995084e-01,3.330669073875469621e-16,1.687351770622829567e-11,-6.003305339277742458e-02,2.498001805406602216e-16,2.330088763910053828e-11,-6.422511007519202120e-02,9.714451465470119729e-16,1.445654975226918744e-03,-9.040331877937939076e-02
9.080043554513812509e-01,2.775557561562891351e-16,1.685471138606611449e-11,-5.982753975681387448e-02,2.498001805406602216e-16,2.327423342146270856e-11,-6.400735300234701441e-02,9.992007221626408864e-16,1.476247379823318389e-03,-8.990276453525497535e-02
9.089641909222629934e-01,2.775557561562891351e-16,1.683448608920563860e-11,-5.961262847943015614e-02,2.498001805406602216e-16,2.324553047168282770e-11,-6.377962447353732744e-02,9.714451465470119729e-16,1.506667947900397877e-03,-8.938658826133101531e-02
9.099240263931447359e-01,3.330669073875469621e-16,1.681272526730145760e-11,-5.938831794194216612e-02,2.498001805406602216e-16,2.321461069776657900e-11,-6.354191955908770895e-02,9.714451465470119729e-16,1.536911978714498948e-03,-8.885482486689406934e-02
9.108838618640264784e-01,3.330669073875469621e-16,1.678930851631418517e-11,-5.915460761637350573e-02,2.498001805406602216e-16,2.318130209612149530e-11,-6.329423434181742636e-02,9.714451465470119729e-16,1.566974796668818863e-03,-8.830751146127932549e-02
9.118436973349082209e-01,3.330669073875469621e-16,1.676411294362163597e-11,-5.891149792218038084e-02,2.498001805406602216e-16,2.314542947492309599e-11,-6.303656572891438992e-02,9.714451465470119729e-16,1.596851752109502759e-03,-8.774468717172663468e-02
9.128035328057899633e-01,3.330669073875469621e-16,1.673701303926981767e-11,-5.865899017510883134e-02,2.498001805406602216e-16,2.310681219931318142e-11,-6.276891136432448393e-02,9.436895709313830594e-16,1.626538222112534600e-03,-8.716639307528244174e-02
9.137633682766717058e-01,3.608224830031758756e-16,1.670788020332854631e-11,-5.839708659619890357e-02,2.498001805406602216e-16,2.306526712382789626e-11,-6.249126966210872408e-02,9.436895709313830594e-16,1.656029611267375093e-03,-8.657267217016846594e-02
9.147232037475534483e-01,3.885780586188047891e-16,1.667658375894285130e-11,-5.812579040680664749e-02,2.775557561562891351e-16,2.302060767082588291e-11,-6.220363983429333388e-02,9.436895709313830594e-16,1.685321352454059686e-03,-8.596356944313664206e-02
9.156830392184351908e-01,3.330669073875469621e-16,1.664299077784418823e-11,-5.784510593438561138e-02,2.775557561562891351e-16,2.297264469446188770e-11,-6.190602203044909269e-02,9.436895709313830594e-16,1.714408907621248722e-03,-8.533913193011151421e-02
9.166428746893169333e-01,3.608224830031758756e-16,1.660696778796886056e-11,-5.755503853939478165e-02,2.775557561562891351e-16,2.292118766653288703e-11,-6.159841724810267288e-02,9.436895709313830594e-16,1.743287768566452933e-03,-8.469940865641473193e-02
9.176027101601986757e-01,3.330669073875469621e-16,1.656837742090161436e-11,-5.725559460047865284e-02,2.775557561562891351e-16,2.286604337543548041e-11,-6.128082738817592495e-02,9.436895709313830594e-16,1.771953457706332193e-03,-8.404445068618887626e-02
9.185625456310804182e-01,3.885780586188047891e-16,1.652708378545265575e-11,-5.694678149041428050e-02,2.775557561562891351e-16,2.280701676642257411e-11,-6.095325527287177164e-02,9.436895709313830594e-16,1.800401528842707558e-03,-8.337431116333281211e-02
9.195223811019621607e-01,3.608224830031758756e-16,1.648294856452982987e-11,-5.662860773001312381e-02,3.053113317719180486e-16,2.274391306257388112e-11,-6.061570483267059856e-02,9.159339953157541458e-16,1.828627567921845606e-03,-8.268904538511631652e-02
9.204822165728439032e-01,3.330669073875469621e-16,1.643583207562387093e-11,-5.630108310112189735e-02,2.775557561562891351e-16,2.267653603007244514e-11,-6.026818117265008573e-02,8.881784197001252323e-16,1.856627193780908654e-03,-8.198871084241567131e-02
9.214420520437256457e-01,3.608224830031758756e-16,1.638559623542371751e-11,-5.596421856316447646e-02,3.330669073875469621e-16,2.260469026858172997e-11,-5.991069050860408501e-02,8.881784197001252323e-16,1.884396058886323323e-03,-8.127336719418130906e-02
9.224018875146073881e-01,3.330669073875469621e-16,1.633210216101920603e-11,-5.561802636048760601e-02,3.330669073875469621e-16,2.252818140775726327e-11,-5.954324029335324175e-02,8.881784197001252323e-16,1.911929850063141985e-03,-8.054307636986279828e-02
9.233617229854891306e-01,2.775557561562891351e-16,1.627521059680567608e-11,-5.526251997423834578e-02,3.330669073875469621e-16,2.244681533475258867e-11,-5.916583917379816815e-02,8.604228440844963188e-16,1.939224289216774470e-03,-7.979790246608696458e-02
9.243215584563708731e-01,3.330669073875469621e-16,1.621478516031422436e-11,-5.489771437280031863e-02,3.330669073875469621e-16,2.236039865839332084e-11,-5.877849724856900465e-02,8.604228440844963188e-16,1.966275134044506365e-03,-7.903791193043183116e-02
9.252813939272526156e-01,3.330669073875469621e-16,1.615068776484565767e-11,-5.452362602127247548e-02,3.608224830031758756e-16,2.226874296128254077e-11,-5.838122608628192045e-02,8.326672684688674053e-16,1.993078178739111309e-03,-7.826317364391023601e-02
9.262412293981343581e-01,3.330669073875469621e-16,1.608278291900973322e-11,-5.414027299757966094e-02,3.330669073875469621e-16,2.217165809129985343e-11,-5.797403886683853702e-02,8.881784197001252323e-16,2.019629254702753028e-03,-7.747375901785916175e-02
9.272010648690161005e-01,3.330669073875469621e-16,1.601093717445967700e-11,-5.374767494524144984e-02,3.330669073875469621e-16,2.206895886671419831e-11,-5.755695032754586105e-02,8.604228440844963188e-16,2.045924231239664316e-03,-7.666974194135067755e-02
9.281609003398978430e-01,3.608224830031758756e-16,1.593501826530670934e-11,-5.334585313825286612e-02,3.608224830031758756e-16,2.196046336517729590e-11,-5.712997681075329681e-02,8.881784197001252323e-16,2.071959016262002982e-03,-7.585119875719043003e-02
9.291207358107795855e-01,3.330669073875469621e-16,1.585489621942727176e-11,-5.293483045317344537e-02,3.330669073875469621e-16,2.184599406552406066e-11,-5.669313625136900014e-02,8.881784197001252323e-16,2.097729556967741459e-03,-7.501820825678673366e-02
9.300805712816613280e-01,3.330669073875469621e-16,1.577044304336677055e-11,-5.251463129729127405e-02,3.885780586188047891e-16,2.172537733616470082e-11,-5.624644812965837876e-02,8.881784197001252323e-16,2.123231840531495697e-03,-7.417085162885368732e-02
9.310404067525430705e-01,3.330669073875469621e-16,1.568153646622520367e-11,-5.208528171731650891e-02,3.608224830031758756e-16,2.159844329617131506e-11,-5.578993359671262364e-02,8.881784197001252323e-16,2.148461894766577184e-03,-7.330921252504442320e-02
9.320002422234248129e-01,3.330669073875469621e-16,1.558805358691005630e-11,-5.164680947710800774e-02,3.885780586188047891e-16,2.146502724845763925e-11,-5.532361564745632426e-02,8.881784197001252323e-16,2.173415788788341223e-03,-7.243337717196579595e-02
9.329600776943065554e-01,3.330669073875469621e-16,1.548987584452563536e-11,-5.119924417586101811e-02,3.885780586188047891e-16,2.132497246143524525e-11,-5.484751926424383250e-02,8.881784197001252323e-16,2.198089633655326853e-03,-7.154343450010186567e-02
9.339199131651882979e-01,2.775557561562891351e-16,1.538688903531372845e-11,-5.074261733239248534e-02,3.885780586188047891e-16,2.117812450744532143e-11,-5.436167147970745461e-02,9.436895709313830594e-16,2.222479583018225138e-03,-7.063947618112847993e-02
9.348797486360700404e-01,3.330669073875469621e-16,1.527898463402500157e-11,-5.027696248191702855e-02,3.885780586188047891e-16,2.102434116965602381e-11,-5.386610141739568008e-02,9.436895709313830594e-16,2.246581833769896973e-03,-6.972159662275689840e-02
9.358395841069517829e-01,3.053113317719180486e-16,1.516605458297230757e-11,-4.980231522650526571e-02,3.608224830031758756e-16,2.086347982127156192e-11,-5.336084040739578344e-02,9.436895709313830594e-16,2.270392626680277966e-03,-6.878989301729782069e-02
9.367994195778335254e-01,3.053113317719180486e-16,1.504799950825027460e-11,-4.931871327609515382e-02,3.885780586188047891e-16,2.069541036480750107e-11,-5.284592211445992421e-02,9.436895709313830594e-16,2.293908247024396049e-03,-6.784446544554179059e-02
9.377592550487152678e-01,2.775557561562891351e-16,1.492472256688797717e-11,-4.882619648733364792e-02,3.885780586188047891e-16,2.052000687695777065e-11,-5.232138254380052506e-02,8.881784197001252323e-16,2.317125025198043912e-03,-6.688541684281705535e-02
9.387190905195970103e-01,3.330669073875469621e-16,1.479613092407439622e-11,-4.832480689337843860e-02,3.608224830031758756e-16,2.033715433742439710e-11,-5.178726003799726668e-02,9.159339953157541458e-16,2.340039337342206607e-03,-6.591285295396433208e-02
9.396789259904787528e-01,3.608224830031758756e-16,1.466213982230469767e-11,-4.781458873670329374e-02,4.163336342344337027e-16,2.014674535598219574e-11,-5.124359535998626591e-02,9.436895709313830594e-16,2.362647605953371085e-03,-6.492688244301121625e-02
9.406387614613604953e-01,3.330669073875469621e-16,1.452266792608715440e-11,-4.729558846208230943e-02,4.163336342344337027e-16,1.994867617448325969e-11,-5.069043167711373421e-02,8.881784197001252323e-16,2.384946300493910338e-03,-6.392761681401593066e-02
9.415985969322422378e-01,3.330669073875469621e-16,1.437763818591675236e-11,-4.676785481101754932e-02,4.163336342344337027e-16,1.974285589612795322e-11,-5.012781465016175747e-02,8.881784197001252323e-16,2.406931937985061758e-03,-6.291517048546739488e-02
9.425584324031239802e-01,3.330669073875469621e-16,1.422698328639110735e-11,-4.623143888221518949e-02,4.163336342344337027e-16,1.952920461521616413e-11,-4.955579253678359108e-02,9.159339953157541458e-16,2.428601083598214139e-03,-6.188966081939650116e-02
9.435182678740057227e-01,2.775557561562891351e-16,1.407064027602157943e-11,-4.568639420581738914e-02,3.885780586188047891e-16,1.930764882284059791e-11,-4.897441622041988352e-02,9.436895709313830594e-16,2.449950351239858163e-03,-6.085120813872707535e-02
9.444781033448874652e-01,2.775557561562891351e-16,1.390854788383289603e-11,-4.513277680745257647e-02,3.885780586188047891e-16,1.907812253174653166e-11,-4.838373930346587942e-02,9.436895709313830594e-16,2.470976404138909999e-03,-5.979993577559723772e-02
9.454379388157692077e-01,2.775557561562891351e-16,1.374065893347802686e-11,-4.457064522136663237e-02,3.885780586188047891e-16,1.884057002071856321e-11,-4.778381812761917785e-02,9.714451465470119729e-16,2.491675955426139732e-03,-5.873597003225090180e-02
9.463977742866509502e-01,2.775557561562891351e-16,1.356692934536239681e-11,-4.400006050028688193e-02,4.163336342344337027e-16,1.859495015106051030e-11,-4.717471184045633065e-02,9.436895709313830594e-16,2.512045768699940583e-03,-5.765944019364487722e-02
9.473576097575326926e-01,2.775557561562891351e-16,1.338731739125489234e-11,-4.342108625763185098e-02,3.885780586188047891e-16,1.834122460300183916e-11,-4.655648244845685124e-02,9.714451465470119729e-16,2.532082658569566672e-03,-5.657047856059527202e-02
9.483174452284144351e-01,3.053113317719180486e-16,1.320179532913242498e-11,-4.283378867361122000e-02,4.163336342344337027e-16,1.807937027626001225e-11,-4.592919485330204665e-02,9.436895709313830594e-16,2.551783491181272481e-03,-5.546922048071115802e-02
9.492772806992961776e-01,3.330669073875469621e-16,1.301033681288220334e-11,-4.223823650585536993e-02,4.163336342344337027e-16,1.780937031149124744e-11,-4.529291691684068227e-02,9.436895709313830594e-16,2.571145184735345018e-03,-5.435580441363255244e-02
9.502371161701779201e-01,2.775557561562891351e-16,1.281292225910248689e-11,-4.163450108743509820e-02,4.440892098500626162e-16,1.753121885400381330e-11,-4.464771949515584926e-02,9.436895709313830594e-16,2.590164709991904946e-03,-5.323037188778101392e-02
9.511969516410596626e-01,3.330669073875469621e-16,1.260954342785676474e-11,-4.102265636230976315e-02,4.163336342344337027e-16,1.724492053198573363e-11,-4.399367644876148870e-02,9.436895709313830594e-16,2.608839090778023503e-03,-5.209306746955733730e-02
9.521567871119414050e-01,2.775557561562891351e-16,1.240019465418868566e-11,-4.040277891727307724e-02,3.885780586188047891e-16,1.695049055814874112e-11,-4.333086469254814749e-02,9.436895709313830594e-16,2.627165404495225391e-03,-5.094403882065928063e-02
9.531166225828231475e-01,2.775557561562891351e-16,1.218487929234872078e-11,-3.977494801076768977e-02,3.885780586188047891e-16,1.664795565130012395e-11,-4.265936428865833158e-02,9.436895709313830594e-16,2.645140782620710243e-03,-4.978343677980449217e-02
9.540764580537048900e-01,2.775557561562891351e-16,1.196360655127907263e-11,-3.913924553734460937e-02,4.163336342344337027e-16,1.633734804612572283e-11,-4.197925843082809388e-02,9.436895709313830594e-16,2.662762411191902951e-03,-4.861141532337028698e-02
9.550362935245866325e-01,3.053113317719180486e-16,1.173639515379600734e-11,-3.849575610344489057e-02,3.885780586188047891e-16,1.601871060926893242e-11,-4.129063346284513047e-02,9.436895709313830594e-16,2.680027531287058375e-03,-4.742813153384111552e-02
9.559961289954683750e-01,2.775557561562891351e-16,1.150326569296453855e-11,-3.784456697723959095e-02,4.163336342344337027e-16,1.569209755083837698e-11,-4.059357880531744289e-02,9.436895709313830594e-16,2.696933439489797302e-03,-4.623374551807137023e-02
9.569559644663501174e-01,2.775557561562891351e-16,1.126424856710307731e-11,-3.718576820640986935e-02,3.885780586188047891e-16,1.535757321823299354e-11,-3.988818718348861175e-02,9.436895709313830594e-16,2.713477488355858953e-03,-4.502842062050510519e-02
9.579157999372318599e-01,2.775557561562891351e-16,1.101938138447448173e-11,-3.651945257576702519e-02,3.885780586188047891e-16,1.501520868090518851e-11,-3.917455467843823647e-02,9.436895709313830594e-16,2.729657086842459789e-03,-4.381232346358072960e-02
9.588756354081136024e-01,2.775557561562891351e-16,1.076870569712701231e-11,-3.584571567962199778e-02,3.885780586188047891e-16,1.466508235377708691e-11,-3.845278071164523470e-02,9.436895709313830594e-16,2.745469700739570050e-03,-4.258562386016181284e-02
9.598354708789953449e-01,3.330669073875469621e-16,1.051227098533731585e-11,-3.516465585171694302e-02,3.885780586188047891e-16,1.430728602811511679e-11,-3.772296793995669195e-02,8.881784197001252323e-16,2.760912853065196522e-03,-4.134849469138386635e-02
9.607953063498770874e-01,2.775557561562891351e-16,1.025013526069788392e-11,-3.447637430904809674e-02,3.885780586188047891e-16,1.394191636731921882e-11,-3.698522242087279310e-02,8.881784197001252323e-16,2.775984124477217166e-03,-4.010111203940170538e-02
9.617551418207588299e-01,2.775557561562891351e-16,9.982357971369086591e-12,-3.378097511644342216e-02,3.885780586188047891e-16,1.356908051089282530e-11,-3.623965361857413303e-02,8.604228440844963188e-16,2.790681153656552910e-03,-3.884365524986229529e-02
9.627149772916405723e-01,2.775557561562891351e-16,9.709009895423996450e-12,-3.307856522305076263e-02,3.885780586188047891e-16,1.318889314709699445e-11,-3.548637446687264579e-02,8.881784197001252323e-16,2.805001637692568130e-03,-3.757630692140328382e-02
9.636748127625223148e-01,3.053113317719180486e-16,9.430161214624491195e-12,-3.236925443561729926e-02,3.885780586188047891e-16,1.280147555072098237e-11,-3.472550129606481739e-02,9.159339953157541458e-16,2.818943332448637599e-03,-3.629925283812748815e-02
9.646346482334040573e-01,3.330669073875469621e-16,9.145893942088655776e-12,-3.165315537324145390e-02,4.163336342344337027e-16,1.240695834102151923e-11,-3.395715384192393022e-02,9.436895709313830594e-16,2.832504052911210581e-03,-3.501268194979707121e-02
9.655944837042857998e-01,3.330669073875469621e-16,8.856295064712041420e-12,-3.093038345718753662e-02,4.163336342344337027e-16,1.200547473934054921e-11,-3.318145523746757197e-02,9.159339953157541458e-16,2.845681673526148561e-03,-3.371678632126971775e-02
9.665543191751675423e-01,3.330669073875469621e-16,8.561454747457817455e-12,-3.020105678382063383e-02,4.440892098500626162e-16,1.159717300354889610e-11,-3.239853185483271281e-02,8.881784197001252323e-16,2.858474128518856752e-03,-3.241176099360416202e-02
9.675141546460492847e-01,3.330669073875469621e-16,8.261470636284143354e-12,-2.946529611812092123e-02,4.718447854656915297e-16,1.118219796272801325e-11,-3.160851332787059653e-02,8.881784197001252323e-16,2.870879412222717125e-03,-3.109780398892850531e-02
9.684739901169310272e-01,3.330669073875469621e-16,7.956440018007208959e-12,-2.872322488326309320e-02,4.718447854656915297e-16,1.076070793750013785e-11,-3.081153252332036879e-02,8.881784197001252323e-16,2.882895579388714425e-03,-2.977511626407266729e-02
9.694338255878127697e-01,3.330669073875469621e-16,7.646474328281555044e-12,-2.797496925695118139e-02,4.718447854656915297e-16,1.033286046244093204e-11,-3.000772568760448622e-02,9.159339953157541458e-16,2.894520745497095732e-03,-2.844390176995978750e-02
9.703936610586945122e-01,3.885780586188047891e-16,7.331678328142098022e-12,-2.722065813395956047e-02,5.273559366969493567e-16,9.898823609215921804e-12,-2.919723246649971390e-02,8.881784197001252323e-16,2.905753087050556068e-03,-2.710436750578008869e-02
9.713534965295762547e-01,3.608224830031758756e-16,7.012169999113995050e-12,-2.646042310107649120e-02,5.273559366969493567e-16,9.458767807630358293e-12,-2.838019588047355907e-02,8.881784197001252323e-16,2.916590841866836814e-03,-2.575672349083048956e-02
9.723133320004579971e-01,3.885780586188047891e-16,6.688070026451570921e-12,-2.569439836720495418e-02,5.273559366969493567e-16,9.012864226102222653e-12,-2.755676227722232349e-02,8.881784197001252323e-16,2.927032309354143848e-03,-2.440118271343375694e-02
9.732731674713397396e-01,3.885780586188047891e-16,6.359498715938390057e-12,-2.492272072180473988e-02,4.718447854656915297e-16,8.561295044477810340e-12,-2.672708129139226771e-02,8.881784197001252323e-16,2.937075850772007894e-03,-2.303796101178169284e-02
9.742330029422214821e-01,3.885780586188047891e-16,6.026586808803927053e-12,-2.414552957080294202e-02,4.718447854656915297e-16,8.104245153108848021e-12,-2.589130586869435591e-02,9.159339953157541458e-16,2.946719889477895839e-03,-2.166727710551770436e-02
9.751928384131032246e-01,3.608224830031758756e-16,5.689460675587648675e-12,-2.336296700063918499e-02,4.718447854656915297e-16,7.641895349483861233e-12,-2.504959230297423844e-02,9.159339953157541458e-16,2.955962911160787791e-03,-2.028935261594627323e-02
9.761526738839849671e-01,3.608224830031758756e-16,5.348254608281144407e-12,-2.257517763334023625e-02,4.163336342344337027e-16,7.174436019504338430e-12,-2.420209998149855032e-02,9.159339953157541458e-16,2.964803464068636613e-03,-1.890441184431590135e-02
9.771125093548667095e-01,3.330669073875469621e-16,5.003108021731268729e-12,-2.178230858786325483e-02,4.163336342344337027e-16,6.702061960419357367e-12,-2.334899136381366619e-02,8.881784197001252323e-16,2.973240159222869956e-03,-1.751268172084703353e-02
9.780723448257484520e-01,3.330669073875469621e-16,4.654156793575288387e-12,-2.098450938594597845e-02,4.440892098500626162e-16,6.224961843735721256e-12,-2.249043193104013211e-02,8.881784197001252323e-16,2.981271670626590032e-03,-1.611439171912762078e-02
9.790321802966301945e-01,3.885780586188047891e-16,4.301540663920709606e-12,-2.018193202361233049e-02,4.718447854656915297e-16,5.743333827729242558e-12,-2.162659023002715120e-02,9.159339953157541458e-16,2.988896735467079600e-03,-1.470977394134574678e-02
9.799920157675119370e-01,3.885780586188047891e-16,3.945409591480514289e-12,-1.937473097849899684e-02,4.163336342344337027e-16,5.257372960370751414e-12,-2.075763784196727607e-02,9.436895709313830594e-16,2.996114154309753152e-03,-1.329906308977645696e-02
9.809518512383936795e-01,3.885780586188047891e-16,3.585904942665467388e-12,-1.856306307004507855e-02,4.163336342344337027e-16,4.767274885942272833e-12,-1.988374922083506122e-02,8.881784197001252323e-16,3.002922791284774566e-03,-1.188249631286226668e-02
9.819116867092754219e-01,3.885780586188047891e-16,3.223173843710375186e-12,-1.774708740493037562e-02,4.163336342344337027e-16,4.273245711276796310e-12,-1.900510166935544948e-02,8.881784197001252323e-16,3.009321574270230025e-03,-1.046031316848650139e-02
9.828715221801571644e-01,4.163336342344337027e-16,2.857370088693404753e-12,-1.692696519562758226e-02,4.163336342344337027e-16,3.775476269509206451e-12,-1.812187512945894960e-02,8.881784197001252323e-16,3.015309495058514019e-03,-9.032755435777150427e-03
9.838313576510389069e-01,3.885780586188047891e-16,2.488634786527305076e-12,-1.610285988591074469e-02,3.885780586188047891e-16,3.274171637480428887e-12,-1.723425228167758602e-02,8.881784197001252323e-16,3.020885609508138035e-03,-7.600067187527394935e-03
9.847911931219206494e-01,3.885780586188047891e-16,2.117131672068912202e-12,-1.527493699292423526e-02,4.163336342344337027e-16,2.769533605543553906e-12,-1.634241839828059692e-02,8.881784197001252323e-16,3.026049037680584187e-03,-6.162494690207210093e-03
9.857510285928023919e-01,3.885780586188047891e-16,1.743009416541128204e-12,-1.444336423998724556e-02,4.163336342344337027e-16,2.261758651461026615e-12,-1.544656147603747434e-02,8.326672684688674053e-16,3.030798963975671334e-03,-4.720286501393681534e-03
9.867108640636841344e-01,3.885780586188047891e-16,1.366422220597934833e-12,-1.360831147566405643e-02,4.163336342344337027e-16,1.751046586916972514e-12,-1.454687218752179559e-02,8.326672684688674053e-16,3.035134637242476764e-03,-3.273693465164088934e-03
9.876706995345658768e-01,3.885780586188047891e-16,9.875266972431476220e-13,-1.276995081344986863e-02,4.163336342344337027e-16,1.237598165496154451e-12,-1.364354393617176787e-02,8.881784197001252323e-16,3.039055370900274611e-03,-1.822968737329332687e-03
9.886305350054476193e-01,3.885780586188047891e-16,6.064745602420151815e-13,-1.192845649913584771e-02,4.163336342344337027e-16,7.216075203738195332e-13,-1.273677264001390162e-02,8.881784197001252323e-16,3.042560543034415754e-03,-3.683676450167783570e-04
9.895903704763293618e-01,3.885780586188047891e-16,2.234221447715463438e-13,-1.108400479200232977e-02,4.163336342344337027e-16,2.032762453914142842e-13,-1.182675659160268081e-02,8.881784197001252323e-16,3.045649596513726534e-03,1.089852423603712532e-03
9.905502059472111043e-01,3.885780586188047891e-16,-1.614694841592725916e-13,-1.023677392463876422e-02,3.885780586188047891e-16,-3.172043384251990727e-13,-1.091369643070275175e-02,8.881784197001252323e-16,3.048322039072640533e-03,2.551432076890933470e-03
9.915100414180928468e-01,3.330669073875469621e-16,-5.480492768590236596e-13,-9.386943958108642794e-03,4.163336342344337027e-16,-8.396352054384700891e-13,-9.997794964637270188e-03,9.436895709313830594e-16,3.050577443394861255e-03,4.016110046225310724e-03
9.924698768889745892e-01,3.330669073875469621e-16,-9.361593599388658149e-13,-8.534696693288192082e-03,4.163336342344337027e-16,-1.363824580612876813e-12,-9.079257078451861626e-03,8.604228440844963188e-16,3.052415447172059527e-03,5.483623263535284710e-03
9.934297123598563317e-01,3.330669073875469621e-16,-1.325643892889031422e-12,-7.680215529535138613e-03,4.163336342344337027e-16,-1.889580817661905277e-12,-8.158289547814202847e-03,8.604228440844963188e-16,3.053835753169150281e-03,6.953706968330955820e-03
9.943895478307380742e-01,3.330669073875469621e-16,-1.716347739931164962e-12,-6.823685400617313102e-03,4.163336342344337027e-16,-2.416711165768078290e-12,-7.235100906788861398e-03,8.326672684688674053e-16,3.054838129277428430e-03,8.426094811533942769e-03
9.953493833016198167e-01,3.330669073875469621e-16,-2.108117323827533862e-12,-5.965292721216736149e-03,3.885780586188047891e-16,-2.945026492638669335e-12,-6.309901409884625077e-03,8.881784197001252323e-16,3.055422408548426338e-03,9.900518916468793729e-03
9.963092187725015592e-01,3.608224830031758756e-16,-2.500795414934336991e-12,-5.105225296414194099e-03,4.163336342344337027e-16,-3.474339929252986958e-12,-5.382902949407754843e-03,8.881784197001252323e-16,3.055588489220639834e-03,1.137670994359387885e-02
9.972690542433833016e-01,3.330669073875469621e-16,-2.894229791266557383e-12,-4.243672282444297533e-03,4.440892098500626162e-16,-4.004468753663649461e-12,-4.454318976136777825e-03,8.881784197001252323e-16,3.055336334726281057e-03,1.285439715137456744e-02
9.982288897142650441e-01,3.330669073875469621e-16,-3.288267458345130179e-12,-3.380824064201958575e-03,4.718447854656915297e-16,-4.535220289592079013e-12,-3.524364350867973013e-03,8.326672684688674053e-16,3.054665973704645369e-03,1.433330849304477288e-02
9.991887251851467866e-01,3.330669073875469621e-16,-3.682756329710309973e-12,-2.516872183713493062e-03,4.163336342344337027e-16,-5.066415941835412939e-12,-2.593255226424207114e-03,8.326672684688674053e-16,3.053577499998882169e-03,1.581317072730256679e-02
1.000148560656028529e+00,3.608224830031758756e-16,-4.077539412887520864e-12,-1.652009192820087661e-03,4.163336342344337027e-16,-5.597868028221330422e-12,-1.661208905754758694e-03,8.326672684688674053e-16,3.052071072646727994e-03,1.729370957366714590e-02
1.001108396126910272e+00,3.330669073875469621e-16,-4.472467772379581236e-12,-7.864285148808344058e-04,4.440892098500626162e-16,-6.129401118062059728e-12,-7.284436969008015574e-04,8.604228440844963188e-16,3.050146915185072364e-03,1.877464979024133160e-02
1.002068231597792014e+00,3.330669073875469621e-16,-4.867391510459881387e-12,7.967565185763388254e-05,3.885780586188047891e-16,-6.660832665593072188e-12,2.048212197469069463e-04,8.881784197001252323e-16,3.047805311856792345e-03,2.025571525659415617e-02
1.003028067068673757e+00,3.330669073875469621e-16,-5.262159184413715829e-12,9.461085152454103316e-04,4.163336342344337027e-16,-7.191981087279267215e-12,1.138366026775228116e-03,8.326672684688674053e-16,3.045046605464611211e-03,2.173662913403846125e-02
1.003987902539555499e+00,3.053113317719180486e-16,-5.656619676787030815e-12,1.812674700382952385e-03,3.885780586188047891e-16,-7.722670999866718122e-12,2.071970345822504115e-03,8.326672684688674053e-16,3.041871197266511964e-03,2.321711395375417736e-02
1.004947738010437241e+00,3.053113317719180486e-16,-6.050628544745396964e-12,2.679178436853145613e-03,4.163336342344337027e-16,-8.252722412242265160e-12,3.005413449198811576e-03,8.326672684688674053e-16,3.038279546961300103e-03,2.469689183117472833e-02
1.005907573481318984e+00,3.053113317719180486e-16,-6.444035605959134300e-12,3.545423615507608660e-03,4.163336342344337027e-16,-8.781960639107130179e-12,3.938474353056258676e-03,8.326672684688674053e-16,3.034272172658813646e-03,2.617568454082181903e-02
1.006867408952200726e+00,3.330669073875469621e-16,-6.836690379942965412e-12,4.411214006752339246e-03,3.885780586188047891e-16,-9.310211401738349712e-12,4.870932138047318061e-03,8.049116928532384918e-16,3.029849650844472324e-03,2.765321373763855728e-02
1.007827244423082469e+00,3.053113317719180486e-16,-7.228451493509861769e-12,5.276353267831025706e-03,3.608224830031758756e-16,-9.837299052607717531e-12,5.802565960969252069e-03,8.049116928532384918e-16,3.025012616333637439e-03,2.912920098595671650e-02
1.008787079893964211e+00,2.775557561562891351e-16,-7.619172084699296632e-12,6.140645082161729808e-03,4.163336342344337027e-16,-1.036304853372195869e-11,6.733155204772136963e-03,8.049116928532384918e-16,3.019761762210226505e-03,3.060336799818474604e-02
1.009746915364845954e+00,2.775557561562891351e-16,-8.008707791992003555e-12,7.003893305605705423e-03,3.608224830031758756e-16,-1.088729090605380923e-11,7.662479712162519746e-03,8.049116928532384918e-16,3.014097839742904857e-03,3.207543678689370875e-02
1.010706750835727696e+00,2.775557561562891351e-16,-8.396915195769353440e-12,7.865902084823021140e-03,3.330669073875469621e-16,-1.140984630723911736e-11,8.590319873463404809e-03,8.049116928532384918e-16,3.008021658293045120e-03,3.354512976741146763e-02
1.011666586306609439e+00,3.053113317719180486e-16,-8.783651594696656462e-12,8.726475968421911270e-03,3.330669073875469621e-16,-1.193054132591665761e-11,9.516456810462469232e-03,8.326672684688674053e-16,3.001534085214725613e-03,3.501216991428804381e-02
1.012626421777491181e+00,3.330669073875469621e-16,-9.168773108369360214e-12,9.585419944786201935e-03,3.330669073875469621e-16,-1.244920312670760865e-11,1.044067238250049115e-02,8.049116928532384918e-16,2.994636045740684416e-03,3.647628081350950957e-02
1.013586257248372924e+00,3.053113317719180486e-16,-9.552138187417583137e-12,1.044253974315318377e-02,3.885780586188047891e-16,-1.296565955863577049e-11,1.136274953565405595e-02,7.771561172376095783e-16,2.987328522852225523e-03,3.793718689319867249e-02
1.014546092719254666e+00,2.775557561562891351e-16,-9.933603229263579526e-12,1.129764196378710978e-02,3.885780586188047891e-16,-1.347972984454140835e-11,1.228247250390165565e-02,8.049116928532384918e-16,2.979612557157661559e-03,3.939461358699240801e-02
1.015505928190136409e+00,2.775557561562891351e-16,-1.031302786360733040e-11,1.215053421221435649e-02,3.885780586188047891e-16,-1.399123941432222490e-11,1.319962698954213129e-02,8.049116928532384918e-16,2.971489246761980108e-03,4.084828748411208771e-02
1.016465763661018151e+00,2.775557561562891351e-16,-1.069027177435892539e-11,1.300102516506002059e-02,3.885780586188047891e-16,-1.450001804146087633e-11,1.411400019994557900e-02,8.049116928532384918e-16,2.962959747141705527e-03,4.229793639452510134e-02
1.017425599131899894e+00,2.775557561562891351e-16,-1.106519158255731689e-11,1.384892469584702787e-02,3.330669073875469621e-16,-1.500588192658407205e-11,1.502538096165523945e-02,8.049116928532384918e-16,2.954025270992348667e-03,4.374328938801520794e-02
1.018385434602781636e+00,2.775557561562891351e-16,-1.143764949965890912e-11,1.469404417269522603e-02,3.330669073875469621e-16,-1.550865416855484388e-11,1.593356003643522575e-02,8.049116928532384918e-16,2.944687088080493072e-03,4.518407706576753335e-02
1.019345270073663379e+00,2.775557561562891351e-16,-1.180750810981460314e-11,1.553619649394430251e-02,3.608224830031758756e-16,-1.600816162028624590e-11,1.683833024662543740e-02,8.326672684688674053e-16,2.934946525072443767e-03,4.662003170262183499e-02
1.020305105544545121e+00,2.775557561562891351e-16,-1.217462767969315629e-11,1.637519605324881666e-02,3.330669073875469621e-16,-1.650422748228526360e-11,1.773948658059527894e-02,8.049116928532384918e-16,2.924804965382621531e-03,4.805088740402261444e-02
1.021264941015426864e+00,3.053113317719180486e-16,-1.253887057660503512e-11,1.721085869406678570e-02,3.330669073875469621e-16,-1.699667082153809988e-11,1.863682603334410395e-02,8.049116928532384918e-16,2.914263849006145605e-03,4.947637987962857226e-02
1.022224776486308606e+00,3.053113317719180486e-16,-1.290010288802941052e-11,1.804300180194698053e-02,3.885780586188047891e-16,-1.748531686465455010e-11,1.953014757003831980e-02,8.049116928532384918e-16,2.903324672353185809e-03,5.089624635368741878e-02
1.023184611957190349e+00,2.775557561562891351e-16,-1.325818781475716912e-11,1.887144450540853904e-02,3.330669073875469621e-16,-1.796998799221370680e-11,2.041925231234281712e-02,8.326672684688674053e-16,2.891988988053140024e-03,5.231022581585753617e-02
1.024144447428072091e+00,2.775557561562891351e-16,-1.361299292149294182e-11,1.969600777925062038e-02,3.330669073875469621e-16,-1.845051016266183175e-11,2.130394379824028517e-02,8.326672684688674053e-16,2.880258404744781651e-03,5.371805930031719328e-02
1.025104282898953834e+00,2.775557561562891351e-16,-1.396438494623720300e-11,2.051651457893380326e-02,3.608224830031758756e-16,-1.892670089122076849e-11,2.218402813252818087e-02,8.049116928532384918e-16,2.868134586854707239e-03,5.511948998351136331e-02
1.026064118369835576e+00,3.330669073875469621e-16,-1.431223158921985511e-11,2.133278991739468930e-02,3.330669073875469621e-16,-1.939838894848616366e-11,2.305931396618282614e-02,8.049116928532384918e-16,2.855619254360611346e-03,5.651426313958047426e-02
1.027023953840717319e+00,2.775557561562891351e-16,-1.465640683226713745e-11,2.214466111499606427e-02,3.885780586188047891e-16,-1.986539375380992622e-11,2.392961275962870310e-02,8.049116928532384918e-16,2.842714182541528425e-03,5.790212646571585298e-02
1.027983789311599061e+00,2.775557561562891351e-16,-1.499677755568105952e-11,2.295195794157693994e-02,3.330669073875469621e-16,-2.032754219398642814e-11,2.479473913092335863e-02,8.049116928532384918e-16,2.829421201708638874e-03,5.928283043450703615e-02
1.028943624782480804e+00,2.775557561562891351e-16,-1.533321609465581117e-11,2.375451262167124766e-02,3.885780586188047891e-16,-2.078465841819955584e-11,2.565451086140605602e-02,8.049116928532384918e-16,2.815742196940261826e-03,6.065612827197169876e-02
1.029903460253362546e+00,2.775557561562891351e-16,-1.566560044256566989e-11,2.455215992879248785e-02,3.330669073875469621e-16,-2.123656869660369567e-11,2.650874893363462312e-02,7.494005416219806648e-16,2.801679107817670652e-03,6.202177599819096859e-02
1.030863295724244288e+00,2.775557561562891351e-16,-1.599380384262414495e-11,2.534473724103826139e-02,3.330669073875469621e-16,-2.168310172525559493e-11,2.735727761809022412e-02,7.494005416219806648e-16,2.787233928149767618e-03,6.337953260314264925e-02
1.031823131195126031e+00,2.775557561562891351e-16,-1.631770800159795462e-11,2.613208476018346466e-02,3.608224830031758756e-16,-2.212408374720458565e-11,2.819992471439628293e-02,7.216449660063517513e-16,2.772408705704717397e-03,6.472916023418225084e-02
1.032782966666007773e+00,2.775557561562891351e-16,-1.663718982188294032e-11,2.691404560743577631e-02,3.608224830031758756e-16,-2.255934803248533030e-11,2.903652160149034975e-02,7.494005416219806648e-16,2.757205541926767770e-03,6.607042425104706074e-02
1.033742802136889516e+00,2.775557561562891351e-16,-1.695213522508176585e-11,2.769046577218918850e-02,3.053113317719180486e-16,-2.298872793244765428e-11,2.986690314879701658e-02,7.494005416219806648e-16,2.741626591658314401e-03,6.740309317963162627e-02
1.034702637607771258e+00,2.498001805406602216e-16,-1.726243060713554545e-11,2.846119406327642445e-02,3.330669073875469621e-16,-2.341206075577931256e-11,3.069090765170705976e-02,7.494005416219806648e-16,2.725674062837711575e-03,6.872693871333347693e-02
1.035662473078653001e+00,2.498001805406602216e-16,-1.756796102228520493e-11,2.922608233683351292e-02,3.330669073875469621e-16,-2.382918335038213681e-11,3.150837708948751870e-02,7.494005416219806648e-16,2.709350216204211778e-03,7.004173599926533100e-02
1.036622308549534743e+00,2.498001805406602216e-16,-1.786861857208579124e-11,2.998498558653928808e-02,3.330669073875469621e-16,-2.423994074310809738e-11,3.231915723040807570e-02,7.494005416219806648e-16,2.692657364987562085e-03,7.134726367799026914e-02
1.037582144020416486e+00,2.498001805406602216e-16,-1.816430080620826809e-11,3.073776192798725188e-02,3.053113317719180486e-16,-2.464417701213226369e-11,3.312309752405302732e-02,7.494005416219806648e-16,2.675597874592007368e-03,7.264330388204691402e-02
1.038541979491298228e+00,2.498001805406602216e-16,-1.845490366834913118e-11,3.148427238926668897e-02,3.330669073875469621e-16,-2.504174202255880083e-11,3.392005090109317944e-02,7.771561172376095783e-16,2.658174162270874816e-03,7.392964207944185961e-02
1.039501814962179971e+00,2.498001805406602216e-16,-1.874032839446673065e-11,3.222438090229063495e-02,3.330669073875469621e-16,-2.543248990853792801e-11,3.470987379152602054e-02,7.494005416219806648e-16,2.640388696803841213e-03,7.520606714005284577e-02
1.040461650433061713e+00,2.498001805406602216e-16,-1.902048126205951872e-11,3.295795435837024778e-02,3.053113317719180486e-16,-2.581628198028299362e-11,3.549242634665718266e-02,8.049116928532384918e-16,2.622243998186550573e-03,7.647237151157697255e-02
1.041421485903943456e+00,2.775557561562891351e-16,-1.929527299385485478e-11,3.368486288043224391e-02,3.330669073875469621e-16,-2.619298050346051052e-11,3.626757272102188595e-02,7.771561172376095783e-16,2.603742637322854249e-03,7.772835154067604668e-02
1.042381321374825198e+00,2.775557561562891351e-16,-1.956461862905999743e-11,3.440497988208811309e-02,2.775557561562891351e-16,-2.656245904654463974e-11,3.703518105129388616e-02,7.494005416219806648e-16,2.584887235696850180e-03,7.897380750225262147e-02
1.043341156845706941e+00,2.775557561562891351e-16,-1.982843631041092403e-11,3.511818212199508543e-02,3.330669073875469621e-16,-2.692458852171421974e-11,3.779512343800166263e-02,8.049116928532384918e-16,2.565680465039119930e-03,8.020854360385237802e-02
1.044300992316588683e+00,2.775557561562891351e-16,-2.008665060454148388e-11,3.582434976175547653e-02,3.330669073875469621e-16,-2.727925417972182007e-11,3.854727607726505384e-02,8.049116928532384918e-16,2.546125046981897316e-03,8.143236809358460337e-02
1.045260827787470426e+00,2.775557561562891351e-16,-2.033918949332236964e-11,3.652336637838210498e-02,3.608224830031758756e-16,-2.762634404281181372e-11,3.929151928453883391e-02,8.049116928532384918e-16,2.526223752712695308e-03,8.264509337205418193e-02
1.046220663258352168e+00,1.942890293094023946e-16,-2.058598583075778657e-11,3.721511911691113145e-02,3.885780586188047891e-16,-2.796575309922753189e-11,4.002773750794531155e-02,8.326672684688674053e-16,2.505979402605074471e-03,8.384653597723458474e-02
1.047180498729233911e+00,2.220446049250313081e-16,-2.082697809515070969e-11,3.789949852139646441e-02,3.885780586188047891e-16,-2.829738558003582621e-11,4.075581902571059900e-02,8.326672684688674053e-16,2.485394865857213764e-03,8.503651633090991702e-02
1.048140334200115653e+00,2.498001805406602216e-16,-2.106211528156518714e-11,3.857639840570791651e-02,3.885780586188047891e-16,-2.862115084593507691e-11,4.147565595539338262e-02,8.326672684688674053e-16,2.464473060108197076e-03,8.621485875375907437e-02
1.049100169670997396e+00,2.498001805406602216e-16,-2.129134179075856115e-11,3.924571570996002873e-02,4.163336342344337027e-16,-2.893696778505025491e-11,4.218714417594886940e-02,8.326672684688674053e-16,2.443216951066347863e-03,8.738139148924851940e-02
1.050060005141879138e+00,2.498001805406602216e-16,-2.151461706001705360e-11,3.990735049674707519e-02,4.163336342344337027e-16,-2.924475813831329749e-11,4.289018314714986707e-02,8.604228440844963188e-16,2.421629552113639759e-03,8.853594653080901211e-02
1.051019840612760881e+00,2.220446049250313081e-16,-2.173190207161498216e-11,4.056120596007821433e-02,4.163336342344337027e-16,-2.954445852733095929e-11,4.358467585312291587e-02,8.326672684688674053e-16,2.399713923917766445e-03,8.967835959126203849e-02
1.051979676083642623e+00,1.942890293094023946e-16,-2.194316265963138640e-11,4.120718826521158756e-02,4.440892098500626162e-16,-2.983600941585144370e-11,4.427052865476346910e-02,8.604228440844963188e-16,2.377473174025942267e-03,9.080846996791130943e-02
1.052939511554524366e+00,2.498001805406602216e-16,-2.214837655726414889e-11,4.184520653537090323e-02,4.163336342344337027e-16,-3.011936366140903834e-11,4.494765142011973580e-02,8.326672684688674053e-16,2.354910456471311260e-03,9.192612063851086923e-02
1.053899347025406108e+00,2.775557561562891351e-16,-2.234752258191332469e-11,4.247517290863234152e-02,3.885780586188047891e-16,-3.039448469928547614e-11,4.561595747956342234e-02,8.326672684688674053e-16,2.332028971370758881e-03,9.303115824129230826e-02
1.054859182496287850e+00,2.498001805406602216e-16,-2.254058842788425610e-11,4.309700259368647035e-02,4.163336342344337027e-16,-3.066133805185167205e-11,4.627536358924025373e-02,8.049116928532384918e-16,2.308831964513718797e-03,9.412343303045686560e-02
1.055819017967169593e+00,2.498001805406602216e-16,-2.272756913495200398e-11,4.371061373669108546e-02,4.163336342344337027e-16,-3.091990509115905006e-11,4.692578986668108354e-02,8.326672684688674053e-16,2.285322726950277539e-03,9.520279886065169395e-02
1.056778853438051335e+00,2.775557561562891351e-16,-2.290846361891439587e-11,4.431592739600023756e-02,4.163336342344337027e-16,-3.117017664214672551e-11,4.756715978881854295e-02,8.326672684688674053e-16,2.261504594571204889e-03,9.626911316246777872e-02
1.057738688908933078e+00,2.775557561562891351e-16,-2.308327998418267107e-11,4.491286753406702886e-02,3.885780586188047891e-16,-3.141215084134221444e-11,4.819940010271001746e-02,8.049116928532384918e-16,2.237380947709072428e-03,9.732223690161638519e-02
1.058698524379814820e+00,2.775557561562891351e-16,-2.325203552378148075e-11,4.550136095028618072e-02,3.885780586188047891e-16,-3.164583532559456930e-11,4.882244081007563324e-02,8.049116928532384918e-16,2.212955210736482908e-03,9.836203460765766127e-02
1.059658359850696563e+00,2.498001805406602216e-16,-2.341474834388710541e-11,4.608133725814839154e-02,3.885780586188047891e-16,-3.187125226683821741e-11,4.943621511134528579e-02,8.049116928532384918e-16,2.188230851641059533e-03,9.938837439112793715e-02
1.060618195321578305e+00,2.498001805406602216e-16,-2.357144872084521170e-11,4.665272881136383470e-02,4.163336342344337027e-16,-3.208842598508314034e-11,5.004065928544477321e-02,8.326672684688674053e-16,2.163211381570489568e-03,1.004011278603208629e-01
1.061578030792460048e+00,2.220446049250313081e-16,-2.372216931624624575e-11,4.721547069631649302e-02,4.163336342344337027e-16,-3.229739450872053802e-11,5.063571264581383236e-02,8.326672684688674053e-16,2.137900354353494767e-03,1.014001700741308659e-01
1.062537866263341790e+00,2.498001805406602216e-16,-2.386695286120833065e-11,4.776950076732604245e-02,4.440892098500626162e-16,-3.249821276614297400e-11,5.122131759249336225e-02,8.326672684688674053e-16,2.112301366030158029e-03,1.023853796436802327e-01
1.063497701734223533e+00,2.220446049250313081e-16,-2.400584662016992318e-11,4.831475954949656509e-02,4.163336342344337027e-16,-3.269093027828467654e-11,5.179741945625400412e-02,8.604228440844963188e-16,2.086418054355342316e-03,1.033566386222729006e-01
1.064457537205105275e+00,2.220446049250313081e-16,-2.413890410528449909e-11,4.885119024774512569e-02,4.163336342344337027e-16,-3.287561895485473576e-11,5.236396644084686386e-02,8.326672684688674053e-16,2.060254098314589187e-03,1.043138324704259851e-01
1.065417372675987018e+00,1.942890293094023946e-16,-2.426618672982886610e-11,4.937873868350288464e-02,4.163336342344337027e-16,-3.305235214213012029e-11,5.292090959905095676e-02,8.326672684688674053e-16,2.033813217620082311e-03,1.052568500579735833e-01
1.066377208146868760e+00,2.498001805406602216e-16,-2.438776219884056413e-11,4.989735340953946330e-02,4.163336342344337027e-16,-3.322121418426358594e-11,5.346820289954792166e-02,8.326672684688674053e-16,2.007099172226901179e-03,1.061855837387625928e-01
1.067337043617750503e+00,1.942890293094023946e-16,-2.450370187653946527e-11,5.040698554800836229e-02,4.163336342344337027e-16,-3.338230336418206851e-11,5.400580306682938037e-02,8.049116928532384918e-16,1.980115761848308571e-03,1.070999291565398609e-01
1.068296879088632245e+00,1.942890293094023946e-16,-2.461408772522167762e-11,5.090758889001509996e-02,4.718447854656915297e-16,-3.353572086505331520e-11,5.453366965387300425e-02,8.049116928532384918e-16,1.952866825469167997e-03,1.079997853371276323e-01
1.069256714559513988e+00,1.942890293094023946e-16,-2.471900444140566304e-11,5.139911981577800770e-02,4.996003610813204432e-16,-3.368158063991378605e-11,5.505176501746521928e-02,8.049116928532384918e-16,1.925356240863823924e-03,1.088850546887447091e-01
1.070216550030395730e+00,2.220446049250313081e-16,-2.481854132269285286e-11,5.188153727258907472e-02,4.996003610813204432e-16,-3.382000303520462693e-11,5.556005424088841793e-02,8.326672684688674053e-16,1.897587924107213336e-03,1.097556430398207855e-01
1.071176385501277473e+00,2.498001805406602216e-16,-2.491279628609194968e-11,5.235480271422381787e-02,4.718447854656915297e-16,-3.395111753854655051e-11,5.605850504605131707e-02,8.049116928532384918e-16,1.869565829078537059e-03,1.106114594653162947e-01
1.072136220972159215e+00,2.220446049250313081e-16,-2.500187200554868788e-11,5.281887999491485103e-02,4.718447854656915297e-16,-3.407506178940535382e-11,5.654708763105368435e-02,8.049116928532384918e-16,1.841293946949122771e-03,1.114524162207747027e-01
1.073096056443040958e+00,2.220446049250313081e-16,-2.508587407896653576e-11,5.327373540314810085e-02,4.718447854656915297e-16,-3.419197884486956454e-11,5.702577476457012379e-02,8.049116928532384918e-16,1.812776305653314608e-03,1.122784288734002267e-01
1.074055891913922700e+00,1.942890293094023946e-16,-2.516491715394897008e-11,5.371933753457924787e-02,4.440892098500626162e-16,-3.430202204839582179e-11,5.749454167667733540e-02,8.049116928532384918e-16,1.784016969359039683e-03,1.130894162790246765e-01
1.075015727384804443e+00,2.498001805406602216e-16,-2.523911558333200196e-11,5.415565721190469806e-02,4.718447854656915297e-16,-3.440534833486046107e-11,5.795336595918271910e-02,8.049116928532384918e-16,1.755020037919470663e-03,1.138853004194523982e-01
1.075975562855686185e+00,2.220446049250313081e-16,-2.530859227837254158e-11,5.458266733456685477e-02,4.718447854656915297e-16,-3.450212289940511948e-11,5.840222730737084506e-02,8.049116928532384918e-16,1.725789646334337322e-03,1.146660061685580573e-01
1.076935398326567928e+00,2.220446049250313081e-16,-2.537346877135786098e-11,5.500034288675947208e-02,4.718447854656915297e-16,-3.459251838428510639e-11,5.884110750913431470e-02,8.049116928532384918e-16,1.696329964180276527e-03,1.154314613163066466e-01
1.077895233797449670e+00,2.498001805406602216e-16,-2.543387536306030219e-11,5.540866105381347245e-02,4.718447854656915297e-16,-3.467670684560893168e-11,5.926999052994078032e-02,8.049116928532384918e-16,1.666645195031327912e-03,1.161815966853921023e-01
1.078855069268331413e+00,1.942890293094023946e-16,-2.548994279132120802e-11,5.580760125237526487e-02,4.718447854656915297e-16,-3.475487120861188439e-11,5.968886254674506814e-02,8.049116928532384918e-16,1.636739575851308814e-03,1.169163461186404768e-01
1.079814904739213155e+00,1.942890293094023946e-16,-2.554180550059809846e-11,5.619714511730263679e-02,4.996003610813204432e-16,-3.482719363619960103e-11,6.009771210778213496e-02,8.049116928532384918e-16,1.606617376404206703e-03,1.176356466263372702e-01
1.080774740210094897e+00,1.942890293094023946e-16,-2.558960033075766832e-11,5.657727628118159463e-02,4.718447854656915297e-16,-3.489386655054077524e-11,6.049652982953777902e-02,8.049116928532384918e-16,1.576282898647688412e-03,1.183394381501518267e-01
1.081734575680976640e+00,1.665334536937734811e-16,-2.563346739460192064e-11,5.694798041847622810e-02,4.718447854656915297e-16,-3.495508065940941544e-11,6.088530835747980180e-02,7.771561172376095783e-16,1.545740476134416274e-03,1.190276635220566953e-01
1.082694411151858382e+00,1.942890293094023946e-16,-2.567354749272361160e-11,5.730924513748906352e-02,4.440892098500626162e-16,-3.501103247106115285e-11,6.126404224958640482e-02,8.049116928532384918e-16,1.514994473401114509e-03,1.197002683200526635e-01
1.083654246622740125e+00,1.665334536937734811e-16,-2.570998553213122567e-11,5.766105988014673389e-02,4.718447854656915297e-16,-3.506191937127775202e-11,6.163272797388125862e-02,7.494005416219806648e-16,1.484049285360587245e-03,1.203572008654110737e-01
1.084614082093621867e+00,1.387778780781445676e-16,-2.574292331630452860e-11,5.800341577561856504e-02,4.718447854656915297e-16,-3.510794247278594543e-11,6.199136370986439715e-02,7.494005416219806648e-16,1.452909336703120955e-03,1.209984121170883387e-01
1.085573917564503610e+00,1.387778780781445676e-16,-2.577250849663875396e-11,5.833630548088621082e-02,4.440892098500626162e-16,-3.514930280699730264e-11,6.233994904525676922e-02,8.049116928532384918e-16,1.421579081290258017e-03,1.216238553510666232e-01
1.086533753035385352e+00,1.387778780781445676e-16,-2.579888615971337104e-11,5.865972325920247588e-02,4.718447854656915297e-16,-3.518620298080467508e-11,6.267848499034749110e-02,7.771561172376095783e-16,1.390063001535441021e-03,1.222334861220662483e-01
1.087493588506267095e+00,1.387778780781445676e-16,-2.582220362827482990e-11,5.897366489378543658e-02,4.163336342344337027e-16,-3.521884711220769210e-11,6.300697393667414881e-02,7.494005416219806648e-16,1.358365607770566780e-03,1.228272622696661848e-01
1.088453423977148837e+00,1.942890293094023946e-16,-2.584260625317687937e-11,5.927812756674417927e-02,4.718447854656915297e-16,-3.524743837730534568e-11,6.332541956862833277e-02,7.494005416219806648e-16,1.326491437613646013e-03,1.234051438941329154e-01
1.089413259448030580e+00,1.665334536937734811e-16,-2.586023945303590407e-11,5.957310973464159665e-02,4.163336342344337027e-16,-3.527217909499928521e-11,6.363382675540900368e-02,7.771561172376095783e-16,1.294445055322050731e-03,1.239670932481042182e-01
1.090373094918912322e+00,1.942890293094023946e-16,-2.587524861258697073e-11,5.985861110292409887e-02,4.163336342344337027e-16,-3.529327158757929184e-11,6.393220143512891307e-02,8.049116928532384918e-16,1.262231051137897462e-03,1.245130745962240992e-01
1.091332930389794065e+00,2.220446049250313081e-16,-2.588777764272781785e-11,6.013463273536264614e-02,4.163336342344337027e-16,-3.531091529742312607e-11,6.422055080786441550e-02,7.771561172376095783e-16,1.229854040635962103e-03,1.250430543949090367e-01
1.092292765860675807e+00,1.942890293094023946e-16,-2.589796830628062971e-11,6.040117687981863548e-02,4.163336342344337027e-16,-3.532530854204879445e-11,6.449888318341717719e-02,8.049116928532384918e-16,1.197318664057747542e-03,1.255570012124742618e-01
1.093252601331557550e+00,1.942890293094023946e-16,-2.590596073807026594e-11,6.065824683193213329e-02,4.440892098500626162e-16,-3.533664694540953125e-11,6.476720783280411065e-02,8.049116928532384918e-16,1.164629585660605440e-03,1.260548855947458413e-01
1.094212436802439292e+00,1.942890293094023946e-16,-2.591189392434490972e-11,6.090584677900501981e-02,4.440892098500626162e-16,-3.534512222833074979e-11,6.502553488106971313e-02,8.049116928532384918e-16,1.131791493054069191e-03,1.265366799235043693e-01
1.095172272273321035e+00,2.498001805406602216e-16,-2.591590255858976753e-11,6.114398202241934366e-02,4.440892098500626162e-16,-3.535092460391921730e-11,6.527387552130749226e-02,8.049116928532384918e-16,1.098809096556160490e-03,1.270023586261659898e-01
1.096132107744202777e+00,1.942890293094023946e-16,-2.591812013489139255e-11,6.137265903755221436e-02,4.440892098500626162e-16,-3.535423767334251472e-11,6.551224210355073574e-02,8.326672684688674053e-16,1.065687128530704367e-03,1.274518982829439817e-01
1.097091943215084520e+00,1.942890293094023946e-16,-2.591867613240016795e-11,6.159188548231908644e-02,4.163336342344337027e-16,-3.535524324544650661e-11,6.574064804983971444e-02,8.604228440844963188e-16,1.032430342720604263e-03,1.278852776114565437e-01
1.098051778685966262e+00,1.942890293094023946e-16,-2.591769762977510442e-11,6.180166998929335215e-02,4.718447854656915297e-16,-3.535411702027544192e-11,6.595910755693407124e-02,8.326672684688674053e-16,9.990435135642035565e-04,1.283024770899805767e-01
1.099011614156848005e+00,1.942890293094023946e-16,-2.591530587470040371e-11,6.200202203927519806e-02,4.718447854656915297e-16,-3.535102948353874633e-11,6.616763541477091448e-02,8.326672684688674053e-16,9.655314355074813646e-04,1.287034788758910087e-01
1.099971449627729747e+00,1.942890293094023946e-16,-2.591161994306779084e-11,6.219295186315592500e-02,4.163336342344337027e-16,-3.534614631488090276e-11,6.636624699105844738e-02,8.604228440844963188e-16,9.318989223231846381e-04,1.290882667652809845e-01
1.100931285098611490e+00,2.220446049250313081e-16,-2.590675453160865352e-11,6.237447045074297897e-02,4.163336342344337027e-16,-3.533962703432280174e-11,6.655495820458942613e-02,8.881784197001252323e-16,8.981508064301838186e-04,1.294568262068643283e-01
1.101891120569493232e+00,2.220446049250313081e-16,-2.590081903293406373e-11,6.254658932154623374e-02,4.163336342344337027e-16,-3.533162480405603167e-11,6.673378532721391254e-02,9.159339953157541458e-16,8.642919382109398151e-04,1.298091440761228454e-01
1.102850956040374975e+00,2.220446049250313081e-16,-2.589392017319537553e-11,6.270932039830172389e-02,4.163336342344337027e-16,-3.532228665036551106e-11,6.690274477552338173e-02,9.436895709313830594e-16,8.303271853325824587e-04,1.301452085328813624e-01
1.103810791511256717e+00,2.498001805406602216e-16,-2.588615747368169361e-11,6.286267597054337464e-02,4.163336342344337027e-16,-3.531175276736840587e-11,6.706185319704344172e-02,9.436895709313830594e-16,7.962614320645191842e-04,1.304650091037636850e-01
1.104770626982138459e+00,2.498001805406602216e-16,-2.587762752833625696e-11,6.300666872481425207e-02,4.440892098500626162e-16,-3.530015585124623295e-11,6.721112755007478679e-02,9.436895709313830594e-16,7.620995786059359730e-04,1.307685367924782682e-01
1.105730462453020202e+00,2.220446049250313081e-16,-2.586841993461016023e-11,6.314131186420707254e-02,4.440892098500626162e-16,-3.528762205061582689e-11,6.735058514632337456e-02,9.159339953157541458e-16,7.278465404012487983e-04,1.310557840771196803e-01
1.106690297923901944e+00,2.498001805406602216e-16,-2.585862061044337523e-11,6.326661910953987333e-02,4.163336342344337027e-16,-3.527426984675178373e-11,6.748024362668199327e-02,9.436895709313830594e-16,6.935072474676052178e-04,1.313267448624973466e-01
1.107650133394783687e+00,2.775557561562891351e-16,-2.584830836462834744e-11,6.338260467964323963e-02,4.718447854656915297e-16,-3.526020978084185194e-11,6.760012098446993578e-02,9.436895709313830594e-16,6.590866437037710837e-04,1.315814144841946087e-01
1.108609968865665429e+00,2.498001805406602216e-16,-2.583755747263718865e-11,6.348928326626446239e-02,4.718447854656915297e-16,-3.524554509434384055e-11,6.771023561905480104e-02,9.436895709313830594e-16,6.245896862111587977e-04,1.318197898182889849e-01
1.109569804336547172e+00,2.498001805406602216e-16,-2.582643692106828797e-11,6.358667015228586239e-02,4.996003610813204432e-16,-3.523037081588410203e-11,6.781060641427885671e-02,9.714451465470119729e-16,5.900213445962134698e-04,1.320418693314209246e-01
1.110529639807428914e+00,1.942890293094023946e-16,-2.581500906171095870e-11,6.367478113528796113e-02,5.273559366969493567e-16,-3.521477427625356420e-11,6.790125261860614769e-02,9.714451465470119729e-16,5.553866002784407221e-04,1.322476529759883945e-01
1.111489475278310657e+00,2.220446049250313081e-16,-2.580333092783463830e-11,6.375363239076110855e-02,4.996003610813204432e-16,-3.519883435793653894e-11,6.798219359530012496e-02,9.714451465470119729e-16,5.206904457881684004e-04,1.324371419883823287e-01
1.112449310749192399e+00,2.498001805406602216e-16,-2.579145367599417621e-11,6.382324048863466381e-02,4.996003610813204432e-16,-3.518262195420257966e-11,6.805344898462152570e-02,9.714451465470119729e-16,4.859378840734999874e-04,1.326103390730723752e-01
1.113409146220074142e+00,2.498001805406602216e-16,-2.577942234504896029e-11,6.388362229415936455e-02,5.273559366969493567e-16,-3.516619943971088921e-11,6.811503865547187397e-02,9.992007221626408864e-16,4.511339277969414257e-04,1.327672483506887879e-01
1.114368981690955884e+00,2.498001805406602216e-16,-2.576727646221499066e-11,6.393479509458192822e-02,5.551115123125782702e-16,-3.514962105252217913e-11,6.816698272119602053e-02,9.714451465470119729e-16,4.162835986173723992e-04,1.329078753621611153e-01
1.115328817161837627e+00,2.498001805406602216e-16,-2.575504930614621549e-11,6.397677648894821434e-02,6.106226635438360972e-16,-3.513293340655360272e-11,6.820930133092184544e-02,9.992007221626408864e-16,3.813919264542612567e-04,1.330322269298405136e-01
1.116288652632719369e+00,2.775557561562891351e-16,-2.574276850451627540e-11,6.400958442843893148e-02,6.106226635438360972e-16,-3.511617408804516144e-11,6.824201478776971419e-02,9.992007221626408864e-16,3.464639487414929533e-04,1.331403111996012356e-01
1.117248488103601112e+00,2.498001805406602216e-16,-2.573045580108444287e-11,6.403323718496906070e-02,5.551115123125782702e-16,-3.509937322849988797e-11,6.826514362186625329e-02,9.714451465470119729e-16,3.115047097109790498e-04,1.332321377080830371e-01
1.118208323574482854e+00,2.775557561562891351e-16,-2.571812734040457169e-11,6.404775339606036400e-02,6.106226635438360972e-16,-3.508255257400639540e-11,6.827870858751027006e-02,9.714451465470119729e-16,2.765192596869315992e-04,1.333077173414332628e-01
1.119168159045364597e+00,2.498001805406602216e-16,-2.570579348986876867e-11,6.405315206520463545e-02,6.106226635438360972e-16,-3.506572612791189108e-11,6.828273054182645851e-02,9.992007221626408864e-16,2.415126543821966107e-04,1.333670622772237524e-01
1.120127994516246339e+00,2.498001805406602216e-16,-2.569345891813735062e-11,6.404945252645764808e-02,6.106226635438360972e-16,-3.504889997449373983e-11,6.827723051750080041e-02,9.714451465470119729e-16,2.064899541915997242e-04,1.334101860623557179e-01
1.121087829987128082e+00,2.498001805406602216e-16,-2.568112288720639247e-11,6.403667445579377948e-02,6.106226635438360972e-16,-3.503207256237139407e-11,6.826222980798993256e-02,9.436895709313830594e-16,1.714562234876100706e-04,1.334371035978439424e-01
1.122047665458009824e+00,2.775557561562891351e-16,-2.566877924526088676e-11,6.401483791714408789e-02,6.106226635438360972e-16,-3.501523490072687005e-11,6.823774999309858980e-02,9.714451465470119729e-16,1.364165299268471306e-04,1.334478311704813958e-01
1.123007500928891567e+00,2.775557561562891351e-16,-2.565641664904736211e-11,6.398396336320830158e-02,6.661338147750939243e-16,-3.499837056347373816e-11,6.820381288565890987e-02,9.714451465470119729e-16,1.013759437337890032e-04,1.334423864304129237e-01
1.123967336399773309e+00,2.775557561562891351e-16,-2.564401852064873309e-11,6.394407159702608645e-02,6.661338147750939243e-16,-3.498145606725881047e-11,6.816044048354141793e-02,9.714451465470119729e-16,6.633953698438155126e-05,1.334207884601097127e-01
1.124927171870655052e+00,2.775557561562891351e-16,-2.563156332891099697e-11,6.389518375603836509e-02,6.661338147750939243e-16,-3.496446106140927920e-11,6.810765503682762734e-02,9.714451465470119729e-16,3.131238285450816143e-05,1.333830577634134151e-01
1.125887007341536794e+00,2.775557561562891351e-16,-2.561902481454223944e-11,6.383732138666421696e-02,6.938893903907228378e-16,-3.494734832517985964e-11,6.804547903900301509e-02,9.714451465470119729e-16,-3.700445124065631044e-06,1.333292162651671942e-01
1.126846842812418537e+00,2.775557561562891351e-16,-2.560637211843812613e-11,6.377050640844614260e-02,6.661338147750939243e-16,-3.493007428338409676e-11,6.797393515638780470e-02,9.714451465470119729e-16,-3.869387382885768539e-05,1.332592872836652065e-01
1.127806678283300279e+00,2.775557561562891351e-16,-2.559356977617618847e-11,6.369476125281449408e-02,6.661338147750939243e-16,-3.491258954129567143e-11,6.789304642461573003e-02,9.992007221626408864e-16,-7.366283131473635580e-05,1.331732957703298525e-01
1.128766513754182022e+00,2.775557561562891351e-16,-2.558057803565317884e-11,6.361010877478116832e-02,6.106226635438360972e-16,-3.489483811257786897e-11,6.780283618716506644e-02,9.436895709313830594e-16,-1.086022475789621885e-04,1.330712681552839727e-01
1.129726349225063764e+00,3.053113317719180486e-16,-2.556735330855363156e-11,6.351657236648011740e-02,6.661338147750939243e-16,-3.487675907015079339e-11,6.770332814193161242e-02,9.714451465470119729e-16,-1.435070553240676945e-04,1.329532324287067135e-01
1.130686184695945506e+00,3.053113317719180486e-16,-2.555384778156174000e-11,6.341417598639426112e-02,6.106226635438360972e-16,-3.485828548655315034e-11,6.759454636928707849e-02,9.436895709313830594e-16,-1.783721907143799904e-04,1.328192181376809666e-01
1.131646020166827249e+00,2.775557561562891351e-16,-2.554001028372309464e-11,6.330294432103616975e-02,6.106226635438360972e-16,-3.483934592641430017e-11,6.747651538349543066e-02,9.714451465470119729e-16,-2.131925941415598047e-04,1.326692564738523872e-01
1.132605855637708991e+00,2.775557561562891351e-16,-2.552578631354973735e-11,6.318290286676281342e-02,6.383782391594650107e-16,-3.481986366210174880e-11,6.734926033701423009e-02,9.714451465470119729e-16,-2.479632109870069700e-04,1.325033804007679783e-01
1.133565691108590734e+00,2.775557561562891351e-16,-2.551111811694719254e-11,6.305407800797468987e-02,6.383782391594650107e-16,-3.479975821870924350e-11,6.721280713466895596e-02,9.714451465470119729e-16,-2.826789923824444151e-04,1.323216248547532392e-01
1.134525526579472476e+00,2.775557561562891351e-16,-2.549594446020963731e-11,6.291649698834191062e-02,6.106226635438360972e-16,-3.477894469473634918e-11,6.706718246087157997e-02,9.436895709313830594e-16,-3.173348959686649907e-04,1.321240267654925082e-01
1.135485362050354219e+00,2.775557561562891351e-16,-2.548020156006207751e-11,6.277018781281763771e-02,6.383782391594650107e-16,-3.475733379427570040e-11,6.691241364731823071e-02,9.714451465470119729e-16,-3.519258866243429027e-04,1.319106249143221499e-01
1.136445197521235961e+00,2.498001805406602216e-16,-2.546382314464671996e-11,6.261517923634039862e-02,6.661338147750939243e-16,-3.473483363796944258e-11,6.674852855196111712e-02,9.714451465470119729e-16,-3.864469372127045583e-04,1.316814598182938778e-01
1.137405032992117704e+00,2.498001805406602216e-16,-2.544674112945526437e-11,6.245150073924165407e-02,6.661338147750939243e-16,-3.471134911079386265e-11,6.657555558258286543e-02,9.714451465470119729e-16,-4.208930293170809185e-04,1.314365737966814440e-01
1.138364868462999446e+00,2.498001805406602216e-16,-2.542888473980276995e-11,6.227918259037876214e-02,6.661338147750939243e-16,-3.468678114038731795e-11,6.639352383563279503e-02,9.436895709313830594e-16,-4.552591539947032327e-04,1.311760111339597690e-01
1.139324703933881189e+00,2.220446049250313081e-16,-2.541018095297885391e-11,6.209825594425414513e-02,6.661338147750939243e-16,-3.466102958712665230e-11,6.620246317114790446e-02,9.714451465470119729e-16,-4.895403125101183747e-04,1.308998181306088027e-01
1.140284539404762931e+00,2.498001805406602216e-16,-2.539055578404370538e-11,6.190875274824599039e-02,6.661338147750939243e-16,-3.463399085888241649e-11,6.600240403442435289e-02,9.714451465470119729e-16,-5.237315170831947746e-04,1.306080428931245541e-01
1.141244374875644674e+00,2.498001805406602216e-16,-2.536993377760831704e-11,6.171070588233848464e-02,6.661338147750939243e-16,-3.460556093323242412e-11,6.579337768152641874e-02,9.714451465470119729e-16,-5.578277916407727889e-04,1.303007355800997746e-01
1.142204210346526416e+00,2.220446049250313081e-16,-2.534823851605425352e-11,6.150414923889565427e-02,6.661338147750939243e-16,-3.457563328053696490e-11,6.557541630399277288e-02,9.714451465470119729e-16,-5.918241725803181095e-04,1.299779485837504189e-01
1.143164045817408159e+00,2.498001805406602216e-16,-2.532539116263698206e-11,6.128911782707573142e-02,6.106226635438360972e-16,-3.454409992103592286e-11,6.534855322060890981e-02,9.714451465470119729e-16,-6.257157095285164478e-04,1.296397366515439076e-01
1.144123881288289901e+00,2.775557561562891351e-16,-2.530131423925281731e-11,6.106564770987705365e-02,5.551115123125782702e-16,-3.451085238707820441e-11,6.511282281823986551e-02,1.026956297778269800e-15,-6.594974660822023379e-04,1.292861568140132034e-01
1.145083716759171644e+00,2.775557561562891351e-16,-2.527592853815679563e-11,6.083377599863899754e-02,5.551115123125782702e-16,-3.447578037803341808e-11,6.486826061756723050e-02,1.026956297778269800e-15,-6.931645205534062810e-04,1.289172684737876773e-01
1.146043552230053386e+00,2.775557561562891351e-16,-2.524915355394947818e-11,6.059354095707079890e-02,6.106226635438360972e-16,-3.443877570746540877e-11,6.461490329191450777e-02,1.054711873393898713e-15,-7.267119667050716799e-04,1.285331334370057865e-01
1.147003387700935129e+00,2.775557561562891351e-16,-2.522090987390392808e-11,6.034498201671889550e-02,5.828670879282071837e-16,-3.439972717350072914e-11,6.435278862736512617e-02,1.054711873393898713e-15,-7.601349144837077094e-04,1.281338158279423378e-01
1.147963223171816871e+00,2.775557561562891351e-16,-2.519111699262070649e-11,6.008813969037152952e-02,6.106226635438360972e-16,-3.435852566474324570e-11,6.408195554897636037e-02,1.054711873393898713e-15,-7.934284907346879053e-04,1.277193820948245018e-01
1.148923058642698614e+00,2.498001805406602216e-16,-2.515969712706426706e-11,5.982305548590286653e-02,5.828670879282071837e-16,-3.431506209351374743e-11,6.380244405333597435e-02,1.082467449009527627e-15,-8.265878399175881092e-04,1.272899009959770622e-01
1.149882894113580356e+00,2.498001805406602216e-16,-2.512656993277143092e-11,5.954977202798975716e-02,6.106226635438360972e-16,-3.426922626760206016e-11,6.351429518977892708e-02,9.992007221626408864e-16,-8.596081248196869081e-04,1.268454435333855601e-01
1.150842729584462099e+00,2.498001805406602216e-16,-2.509165707105303830e-11,5.926833325787975171e-02,6.383782391594650107e-16,-3.422091193858341207e-11,6.321755119392297173e-02,1.054711873393898713e-15,-8.924845272705227367e-04,1.263860830443497285e-01
1.151802565055343841e+00,2.498001805406602216e-16,-2.505488078767266306e-11,5.897878422982448521e-02,6.106226635438360972e-16,-3.417001246839787565e-11,6.291225530924494935e-02,1.026956297778269800e-15,-9.252122488718409051e-04,1.259118950443889606e-01
1.152762400526225584e+00,2.775557561562891351e-16,-2.501616381967298845e-11,5.868117101968781113e-02,6.383782391594650107e-16,-3.411642222526066470e-11,6.259845170896592703e-02,1.054711873393898713e-15,-9.577865117159310975e-04,1.254229571409750943e-01
1.153722235997107326e+00,2.498001805406602216e-16,-2.497542945975031112e-11,5.837554044981209389e-02,6.106226635438360972e-16,-3.406003664464850658e-11,6.227618520435786176e-02,1.026956297778269800e-15,-9.902025591091005198e-04,1.249193487115533019e-01
1.154682071467989068e+00,1.942890293094023946e-16,-2.493260308430197796e-11,5.806194027613263697e-02,6.106226635438360972e-16,-3.400075554628066363e-11,6.194550144358026283e-02,9.992007221626408864e-16,-1.022455656268143149e-03,1.244011510856310593e-01
1.155641906938870811e+00,1.942890293094023946e-16,-2.488761156389145482e-11,5.774041916485499193e-02,6.106226635438360972e-16,-3.393847771649620253e-11,6.160644703146831574e-02,9.714451465470119729e-16,-1.054541091023096814e-03,1.238684476029688342e-01
1.156601742409752553e+00,2.498001805406602216e-16,-2.484038279568613963e-11,5.741102675174504510e-02,5.828670879282071837e-16,-3.387310676633385753e-11,6.125906962795293897e-02,9.714451465470119729e-16,-1.086454174505944135e-03,1.233213237281915453e-01
1.157561577880634296e+00,2.220446049250313081e-16,-2.479084549678132327e-11,5.707381361183989921e-02,5.828670879282071837e-16,-3.380454666597433253e-11,6.090341787829758879e-02,9.714451465470119729e-16,-1.118190241848709054e-03,1.227598669219239907e-01
1.158521413351516038e+00,1.942890293094023946e-16,-2.473893047474961041e-11,5.672883128150705417e-02,5.828670879282071837e-16,-3.373270418419518912e-11,6.053954138550236841e-02,1.054711873393898713e-15,-1.149744652873249673e-03,1.221841666712415592e-01
1.159481248822397781e+00,1.942890293094023946e-16,-2.468457089530333090e-11,5.637613247303469022e-02,6.383782391594650107e-16,-3.365748973201566213e-11,6.016749106069183700e-02,1.026956297778269800e-15,-1.181112792778079949e-03,1.215943146979304446e-01
1.160441084293279523e+00,2.498001805406602216e-16,-2.462770270919914517e-11,5.601577117425204921e-02,5.828670879282071837e-16,-3.357881441841013490e-11,5.978731915063539154e-02,1.026956297778269800e-15,-1.212290072833793449e-03,1.209904050280767585e-01
1.161400919764161266e+00,2.220446049250313081e-16,-2.456826112858098363e-11,5.564780266244215984e-02,6.106226635438360972e-16,-3.349659529852428048e-11,5.939907920271452618e-02,1.054711873393898713e-15,-1.243271931066779017e-03,1.203725338783554616e-01
1.162360755235043008e+00,1.942890293094023946e-16,-2.450618512980719428e-11,5.527228336243396323e-02,5.551115123125782702e-16,-3.341075002381496684e-11,5.900282592943440624e-02,1.054711873393898713e-15,-1.274053832947933968e-03,1.197407995696008615e-01
1.163320590705924751e+00,1.942890293094023946e-16,-2.444141608803343177e-11,5.488927080866868452e-02,5.828670879282071837e-16,-3.332120052156137963e-11,5.859861520038290444e-02,1.026956297778269800e-15,-1.304631272085099566e-03,1.190953024863167925e-01
1.164280426176806493e+00,1.942890293094023946e-16,-2.437389542584919577e-11,5.449882369000437488e-02,5.828670879282071837e-16,-3.322787010817673803e-11,5.818650408039487826e-02,1.026956297778269800e-15,-1.334999770899923232e-03,1.184361451461908299e-01
1.165240261647688236e+00,1.942890293094023946e-16,-2.430356911949311041e-11,5.410100179268360898e-02,5.551115123125782702e-16,-3.313068643349481937e-11,5.776655077113463516e-02,9.992007221626408864e-16,-1.365154881302771146e-03,1.177634321282980540e-01
1.166200097118569978e+00,2.498001805406602216e-16,-2.423038329766973031e-11,5.369586598203913291e-02,5.551115123125782702e-16,-3.302957962746187054e-11,5.733881456433418539e-02,9.714451465470119729e-16,-1.395092185348727806e-03,1.170772700200671257e-01
1.167159932589451721e+00,2.498001805406602216e-16,-2.415428798543516747e-11,5.328347805757938788e-02,5.551115123125782702e-16,-3.292448498014885309e-11,5.690335572740935072e-02,9.436895709313830594e-16,-1.424807295901804518e-03,1.163777672997242246e-01
1.168119768060333463e+00,2.498001805406602216e-16,-2.407523559309031336e-11,5.286390091631195526e-02,5.551115123125782702e-16,-3.281533828645836516e-11,5.646023576778862185e-02,9.714451465470119729e-16,-1.454295857279397190e-03,1.156650345025729276e-01
1.169079603531215206e+00,2.498001805406602216e-16,-2.399317781265212016e-11,5.243719862090191058e-02,5.551115123125782702e-16,-3.270208155851483771e-11,5.600951749864536977e-02,9.714451465470119729e-16,-1.483553545907372343e-03,1.149391843180266742e-01
1.170039439002096948e+00,2.498001805406602216e-16,-2.390807389167142957e-11,5.200343645894826144e-02,5.551115123125782702e-16,-3.258465994585273834e-11,5.555126509111719957e-02,9.436895709313830594e-16,-1.512576070960704611e-03,1.142003316212668318e-01
1.170999274472978691e+00,2.498001805406602216e-16,-2.381988168517691802e-11,5.156268087105130710e-02,6.106226635438360972e-16,-3.246302092565307371e-11,5.508554396347518228e-02,9.436895709313830594e-16,-1.541359174999579456e-03,1.134485932729635549e-01
1.171959109943860433e+00,2.498001805406602216e-16,-2.372856408634923218e-11,5.111499957552878559e-02,5.551115123125782702e-16,-3.233711582062643100e-11,5.461242099147290557e-02,9.436895709313830594e-16,-1.569898634578094842e-03,1.126840882690712531e-01
1.172918945414742176e+00,2.775557561562891351e-16,-2.363408420859758503e-11,5.066046151831242461e-02,5.551115123125782702e-16,-3.220689812866400596e-11,5.413196454504286270e-02,9.436895709313830594e-16,-1.598190260834167833e-03,1.119069378443309226e-01
1.173878780885623918e+00,2.775557561562891351e-16,-2.353640927174691783e-11,5.019913693953596129e-02,5.551115123125782702e-16,-3.207233003821503316e-11,5.364424454367477252e-02,9.159339953157541458e-16,-1.626229900087329192e-03,1.111172655544990090e-01
1.174838616356505661e+00,2.775557561562891351e-16,-2.343550792202565500e-11,4.973109736940453662e-02,5.273559366969493567e-16,-3.193337257898767531e-11,5.314933231890023313e-02,8.881784197001252323e-16,-1.654013434448189197e-03,1.103151970457551118e-01
1.175798451827387403e+00,2.498001805406602216e-16,-2.333135169573863701e-11,4.925641562384772132e-02,5.273559366969493567e-16,-3.178998961316827077e-11,5.264730066753502136e-02,8.881784197001252323e-16,-1.681536782440043714e-03,1.095008600689308109e-01
1.176758287298269146e+00,2.775557561562891351e-16,-2.322391475838097262e-11,4.877516578440329459e-02,5.551115123125782702e-16,-3.164215215528936448e-11,5.213822394010100836e-02,8.881784197001252323e-16,-1.708795899608926347e-03,1.086743846360012089e-01
1.177718122769150888e+00,2.775557561562891351e-16,-2.311317349128596058e-11,4.828742322578136875e-02,5.273559366969493567e-16,-3.148983313078983041e-11,5.162217801279387480e-02,8.881784197001252323e-16,-1.735786779142945487e-03,1.078359029780486256e-01
1.178677958240032630e+00,2.775557561562891351e-16,-2.299910817213845701e-11,4.779326458712816056e-02,6.106226635438360972e-16,-3.133300661707335080e-11,5.109924014344648102e-02,8.604228440844963188e-16,-1.762505452499557503e-03,1.069855493885852743e-01
1.179637793710914373e+00,2.775557561562891351e-16,-2.288169888211167430e-11,4.729276774482702589e-02,6.106226635438360972e-16,-3.117165289182478177e-11,5.056948892209243984e-02,8.326672684688674053e-16,-1.788947990038771167e-03,1.061234601447781090e-01
1.180597629181796115e+00,2.775557561562891351e-16,-2.276092912778006350e-11,4.678601181870953307e-02,5.551115123125782702e-16,-3.100575152799756734e-11,5.003300437499118292e-02,8.604228440844963188e-16,-1.815110501642423334e-03,1.052497735540060403e-01
1.181557464652677858e+00,2.775557561562891351e-16,-2.263678610200546212e-11,4.627307715043585401e-02,5.828670879282071837e-16,-3.083529099916736127e-11,4.948986798511174900e-02,8.326672684688674053e-16,-1.840989137317620939e-03,1.043646299784073417e-01
1.182517300123559600e+00,2.498001805406602216e-16,-2.250925751264573962e-11,4.575404529670182990e-02,5.551115123125782702e-16,-3.066025931134763044e-11,4.894016258254207941e-02,8.326672684688674053e-16,-1.866580087788266085e-03,1.034681715973335275e-01
1.183477135594441343e+00,2.220446049250313081e-16,-2.237833627172919337e-11,4.522899902734973943e-02,5.828670879282071837e-16,-3.048064892933327608e-11,4.838397237635105874e-02,8.326672684688674053e-16,-1.891879585066160406e-03,1.025605424431015600e-01
1.184436971065323085e+00,2.498001805406602216e-16,-2.224401224874177421e-11,4.469802217576084036e-02,5.551115123125782702e-16,-3.029645235857678087e-11,4.782138281855193018e-02,8.326672684688674053e-16,-1.916883903028256640e-03,1.016418882206927971e-01
1.185396806536204828e+00,2.220446049250313081e-16,-2.210628185226378578e-11,4.416119971713504400e-02,5.551115123125782702e-16,-3.010767176748248980e-11,4.725248063713587826e-02,8.326672684688674053e-16,-1.941589357972290123e-03,1.007123563494928958e-01
1.186356642007086570e+00,2.498001805406602216e-16,-2.196514625458882708e-11,4.361861766878281921e-02,5.273559366969493567e-16,-2.991430509606627514e-11,4.667735383722490528e-02,8.326672684688674053e-16,-1.965992309186531586e-03,9.977209584213785065e-02
1.187316477477968313e+00,2.498001805406602216e-16,-2.182060443927736140e-11,4.307036317205586995e-02,5.273559366969493567e-16,-2.971635950006247529e-11,4.609609171122917154e-02,8.049116928532384918e-16,-1.990089159508735654e-03,9.882125736532369753e-02
1.188276312948850055e+00,2.220446049250313081e-16,-2.167265741599266188e-11,4.251652423968586142e-02,5.273559366969493567e-16,-2.951384433749109151e-11,4.550878469043979219e-02,8.049116928532384918e-16,-2.013876355889186558e-03,9.785999314002075122e-02
1.189236148419731798e+00,2.498001805406602216e-16,-2.152131217106247746e-11,4.195718970076852544e-02,5.273559366969493567e-16,-2.930676752980424654e-11,4.491552431587089028e-02,8.049116928532384918e-16,-2.037350389948848657e-03,9.688845688375580245e-02
1.190195983890613540e+00,1.942890293094023946e-16,-2.136657482345281911e-11,4.139244904650395823e-02,5.273559366969493567e-16,-2.909514556365122573e-11,4.431640305090098209e-02,7.771561172376095783e-16,-2.060507798526059562e-03,9.590680350567959422e-02
1.191155819361495283e+00,2.220446049250313081e-16,-2.120845731294011133e-11,4.082239245162808811e-02,5.273559366969493567e-16,-2.887899215418951102e-11,4.371151417991028798e-02,8.049116928532384918e-16,-2.083345164225387097e-03,9.491518909253796044e-02
1.192115654832377025e+00,2.498001805406602216e-16,-2.104697079325420356e-11,4.024711078545099158e-02,5.273559366969493567e-16,-2.865833061176581084e-11,4.310095183182600931e-02,7.771561172376095783e-16,-2.105859115969985207e-03,9.391377093625971617e-02
1.193075490303258768e+00,2.220446049250313081e-16,-2.088212904731521352e-11,3.966669564387392127e-02,5.273559366969493567e-16,-2.843318011998231462e-11,4.248481110799013499e-02,8.049116928532384918e-16,-2.128046329559356558e-03,9.290270763872469917e-02
1.194035325774140510e+00,1.942890293094023946e-16,-2.071394772829200648e-11,3.908123943553853258e-02,4.996003610813204432e-16,-2.820356493108636814e-11,4.186318818980089979e-02,8.049116928532384918e-16,-2.149903528212115857e-03,9.188215912567614108e-02
1.194995161245022253e+00,2.498001805406602216e-16,-2.054244587748523670e-11,3.849083529673721221e-02,5.273559366969493567e-16,-2.796951410169619401e-11,4.123618019716113886e-02,8.049116928532384918e-16,-2.171427483089670776e-03,9.085228654514246327e-02
1.195954996715903995e+00,2.498001805406602216e-16,-2.036764562617175006e-11,3.789557714429026697e-02,5.551115123125782702e-16,-2.773105603113244777e-11,4.060388517476560405e-02,8.049116928532384918e-16,-2.192615013829292501e-03,8.981325227300490655e-02
1.196914832186785738e+00,1.942890293094023946e-16,-2.018956818405654580e-11,3.729555959709872359e-02,5.551115123125782702e-16,-2.748822544096970327e-11,3.996640209553581347e-02,8.049116928532384918e-16,-2.213462989052612188e-03,8.876521990962109310e-02
1.197874667657667480e+00,1.942890293094023946e-16,-2.000823694957775886e-11,3.669087795775603789e-02,6.106226635438360972e-16,-2.724105762876493850e-11,3.932383092179147360e-02,7.494005416219806648e-16,-2.233968326868590593e-03,8.770835430654280729e-02
1.198834503128549223e+00,1.942890293094023946e-16,-1.982368151467843453e-11,3.608162814597859480e-02,5.551115123125782702e-16,-2.698958753970942537e-11,3.867627249840845799e-02,7.216449660063517513e-16,-2.254127995338761365e-03,8.664282145678287028e-02
1.199794338599430965e+00,2.498001805406602216e-16,-1.963592969592056064e-11,3.546790652147266409e-02,5.828670879282071837e-16,-2.673385916530631248e-11,3.802382821764109522e-02,7.216449660063517513e-16,-2.273939012936200283e-03,8.556878820754285075e-02
1.200754174070312708e+00,1.942890293094023946e-16,-1.944501094294564733e-11,3.484980986958853555e-02,6.106226635438360972e-16,-2.647391511470097852e-11,3.736659997276693679e-02,6.938893903907228378e-16,-2.293398448994057089e-03,8.448642219752537652e-02
1.201714009541194450e+00,1.942890293094023946e-16,-1.925096269460996323e-11,3.422743525216166705e-02,5.551115123125782702e-16,-2.620979908124097466e-11,3.670469004387517942e-02,6.938893903907228378e-16,-2.312503424148552259e-03,8.339589174286365925e-02
1.202673845012076193e+00,2.498001805406602216e-16,-1.905382012649774193e-11,3.360088011635806865e-02,6.106226635438360972e-16,-2.594156501753690919e-11,3.603820127798529338e-02,6.938893903907228378e-16,-2.331251110772316563e-03,8.229736599088344207e-02
1.203633680482957935e+00,2.498001805406602216e-16,-1.885361760104158763e-11,3.297024204973626749e-02,5.551115123125782702e-16,-2.566925948329582680e-11,3.536723676599999588e-02,6.938893903907228378e-16,-2.349638733389992646e-03,8.119101466208117346e-02
1.204593515953839677e+00,2.775557561562891351e-16,-1.865039611463614744e-11,3.233561892937338728e-02,5.551115123125782702e-16,-2.539293968373485325e-11,3.469189997736377151e-02,6.938893903907228378e-16,-2.367663569107348806e-03,8.007700814058610339e-02
1.205553351424721420e+00,2.775557561562891351e-16,-1.844419963167951565e-11,3.169710881369661865e-02,5.551115123125782702e-16,-2.511265957824086043e-11,3.401229467298833714e-02,6.938893903907228378e-16,-2.385322948029261914e-03,7.895551738311452905e-02
1.206513186895603162e+00,2.498001805406602216e-16,-1.823507076131707094e-11,3.105480994661229122e-02,5.273559366969493567e-16,-2.482847919773288614e-11,3.332852489975798166e-02,7.494005416219806648e-16,-2.402614253679546952e-03,7.782671392980643199e-02
1.207473022366484905e+00,2.775557561562891351e-16,-1.802305672055342506e-11,3.040882058852071440e-02,5.273559366969493567e-16,-2.454045702814187241e-11,3.264069494926879339e-02,6.938893903907228378e-16,-2.419534923401594432e-03,7.669076986269705853e-02
1.208432857837366647e+00,2.775557561562891351e-16,-1.780820621717117691e-11,2.975923885081652176e-02,5.273559366969493567e-16,-2.424865984276911718e-11,3.194890916730075414e-02,6.938893903907228378e-16,-2.436082448742550935e-03,7.554785762359852996e-02
1.209392693308248390e+00,2.775557561562891351e-16,-1.759056753882458357e-11,2.910616282330820079e-02,5.273559366969493567e-16,-2.395315045757798883e-11,3.125327213570257279e-02,7.216449660063517513e-16,-2.452254375818768532e-03,7.439815015095969930e-02
1.210352528779130132e+00,2.775557561562891351e-16,-1.737019455003282684e-11,2.844969067281427622e-02,5.273559366969493567e-16,-2.365400164286305187e-11,3.055388881479189842e-02,7.216449660063517513e-16,-2.468048305674339603e-03,7.324182106005358572e-02
1.211312364250011875e+00,2.220446049250313081e-16,-1.714713918407996876e-11,2.778992067726510432e-02,5.273559366969493567e-16,-2.335128120869393170e-11,2.985086444487310142e-02,7.494005416219806648e-16,-2.483461894644373516e-03,7.207904450428477550e-02
1.212272199720893617e+00,2.220446049250313081e-16,-1.692146313206962377e-11,2.712695115082791597e-02,5.273559366969493567e-16,-2.304506080050543887e-11,2.914430445936483718e-02,7.494005416219806648e-16,-2.498492854703489568e-03,7.090999513204787608e-02
1.213232035191775360e+00,2.498001805406602216e-16,-1.669322687893048940e-11,2.646088027452672339e-02,5.551115123125782702e-16,-2.273541859605047316e-11,2.843431428599341171e-02,6.938893903907228378e-16,-2.513138953817540839e-03,6.973484785648771667e-02
1.214191870662657102e+00,2.220446049250313081e-16,-1.646248182262180504e-11,2.579180615829430867e-02,5.551115123125782702e-16,-2.242243273920061647e-11,2.772099933936980620e-02,6.938893903907228378e-16,-2.527398016278850374e-03,6.855377785447923367e-02
1.215151706133538845e+00,2.220446049250313081e-16,-1.622929499394288461e-11,2.511982683253436571e-02,6.106226635438360972e-16,-2.210618033028285967e-11,2.700446498732368347e-02,6.938893903907228378e-16,-2.541267923041684151e-03,6.736696047711127067e-02
1.216111541604420587e+00,2.498001805406602216e-16,-1.599373075384519227e-11,2.444504016048599029e-02,6.106226635438360972e-16,-2.178674667567938664e-11,2.628481642268190588e-02,6.938893903907228378e-16,-2.554746612041957146e-03,6.617457117967032176e-02
1.217071377075302330e+00,2.498001805406602216e-16,-1.575585321255843982e-11,2.376754346234367585e-02,6.106226635438360972e-16,-2.146421357166784782e-11,2.556215836957603446e-02,6.938893903907228378e-16,-2.567832078514787914e-03,6.497678518565550010e-02
1.218031212546184072e+00,2.775557561562891351e-16,-1.551573270092230367e-11,2.308743350904382194e-02,5.828670879282071837e-16,-2.113866783573720501e-11,2.483659503125478299e-02,6.938893903907228378e-16,-2.580522375293791727e-03,6.377377749167585652e-02
1.218991048017065815e+00,2.498001805406602216e-16,-1.527343282772299082e-11,2.240480655973021637e-02,5.551115123125782702e-16,-2.081020219427826001e-11,2.410823013188494179e-02,6.938893903907228378e-16,-2.592815613100039104e-03,6.256572288282712113e-02
1.219950883487947557e+00,2.498001805406602216e-16,-1.502903137091384997e-11,2.171975842640530563e-02,5.551115123125782702e-16,-2.047890391201337076e-11,2.337716700608686790e-02,6.661338147750939243e-16,-2.604709960821292077e-03,6.135279603605308524e-02
1.220910718958829300e+00,2.498001805406602216e-16,-1.478259956935387698e-11,2.103238447328854843e-02,5.551115123125782702e-16,-2.014486624388189817e-11,2.264350866274471644e-02,6.938893903907228378e-16,-2.616203645772210550e-03,6.013517148371674143e-02
1.221870554429711042e+00,2.775557561562891351e-16,-1.453421104714684720e-11,2.034277955128480087e-02,5.551115123125782702e-16,-1.980818627341212473e-11,2.190735767687302174e-02,6.661338147750939243e-16,-2.627294953960728624e-03,5.891302355437005173e-02
1.222830389900592785e+00,2.775557561562891351e-16,-1.428394493072256133e-11,1.965103810726744407e-02,6.383782391594650107e-16,-1.946896502791773537e-11,2.116881629118821939e-02,6.661338147750939243e-16,-2.637982230353138995e-03,5.768652646284176677e-02
1.223790225371474527e+00,2.775557561562891351e-16,-1.403187748015132658e-11,1.895725437252634982e-02,6.383782391594650107e-16,-1.912729885231428256e-11,2.042798662535464174e-02,6.661338147750939243e-16,-2.648263879131168997e-03,5.645585452354880823e-02
1.224750060842356270e+00,2.775557561562891351e-16,-1.377809192827867193e-11,1.826152233881013498e-02,6.383782391594650107e-16,-1.878329212816592236e-11,1.968497064899902421e-02,6.661338147750939243e-16,-2.658138363944399351e-03,5.522118208918577048e-02
1.225709896313238012e+00,3.053113317719180486e-16,-1.352266501628961864e-11,1.756393572967664823e-02,6.383782391594650107e-16,-1.843704847809529007e-11,1.893987006974624104e-02,6.661338147750939243e-16,-2.667604208142060947e-03,5.398268345797574419e-02
1.226669731784119755e+00,2.775557561562891351e-16,-1.326568180662086177e-11,1.686458786461980316e-02,6.106226635438360972e-16,-1.808866913948024152e-11,1.819278614386190401e-02,6.383782391594650107e-16,-2.676659995007711710e-03,5.274053277736553969e-02
1.227629567255001497e+00,3.330669073875469621e-16,-1.300722627750692389e-11,1.616357178590264315e-02,6.106226635438360972e-16,-1.773826821104690366e-11,1.744381991104937760e-02,6.661338147750939243e-16,-2.685304367974208732e-03,5.149490426319980330e-02
1.228589402725883239e+00,3.330669073875469621e-16,-1.274738200738277649e-11,1.546098024057687877e-02,6.106226635438360972e-16,-1.738595011501701398e-11,1.669307211610204789e-02,6.106226635438360972e-16,-2.693536030856984349e-03,5.024597216187730309e-02
1.229549238196764982e+00,3.053113317719180486e-16,-1.248623644392989410e-11,1.475690568766202179e-02,5.551115123125782702e-16,-1.703182330548913895e-11,1.594064312988364290e-02,5.828670879282071837e-16,-2.701353748084960819e-03,4.899391062914477957e-02
1.230509073667646724e+00,3.053113317719180486e-16,-1.222387557115681839e-11,1.405144024253924748e-02,5.551115123125782702e-16,-1.667600607569656029e-11,1.518663287139795058e-02,5.828670879282071837e-16,-2.708756344933688481e-03,4.773889371470591697e-02
1.231468909138528467e+00,3.330669073875469621e-16,-1.196038908646453180e-11,1.334467570685703847e-02,5.828670879282071837e-16,-1.631860383041923435e-11,1.443114091529873466e-02,6.106226635438360972e-16,-2.715742707741154466e-03,4.648109545491593136e-02
1.232428744609410209e+00,3.330669073875469621e-16,-1.169586065637943234e-11,1.263670358475391456e-02,6.106226635438360972e-16,-1.595973098686767622e-11,1.367426648910160039e-02,6.106226635438360972e-16,-2.722311784094581626e-03,4.522068983195344505e-02
1.233388580080291952e+00,2.775557561562891351e-16,-1.143038443030767320e-11,1.192761514461720442e-02,6.106226635438360972e-16,-1.559950381894862140e-11,1.291610852603755459e-02,5.551115123125782702e-16,-2.728462583017840677e-03,4.395785087243676142e-02
1.234348415551173694e+00,2.775557561562891351e-16,-1.116404641258658681e-11,1.121750141270684738e-02,6.661338147750939243e-16,-1.523803563934162178e-11,1.215676563623889657e-02,5.828670879282071837e-16,-2.734194175137696133e-03,4.269275260016389129e-02
1.235308251022055437e+00,3.053113317719180486e-16,-1.089693926184433920e-11,1.050645321924977005e-02,6.383782391594650107e-16,-1.487544610330893829e-11,1.139633617488276449e-02,5.551115123125782702e-16,-2.739505692838985554e-03,4.142556906850004134e-02
1.236268086492937179e+00,3.330669073875469621e-16,-1.062915192331665565e-11,9.794561181437264757e-03,6.383782391594650107e-16,-1.451185300264034791e-11,1.063491833758504167e-02,5.551115123125782702e-16,-2.744396330383967655e-03,4.015647438037758810e-02
1.237227921963818922e+00,3.330669073875469621e-16,-1.036077786878333157e-11,9.081915825821320482e-03,6.661338147750939243e-16,-1.414737208947029062e-11,9.872610246207468021e-03,5.551115123125782702e-16,-2.748865344030668179e-03,3.888564283861093568e-02
1.238187757434700664e+00,3.330669073875469621e-16,-1.009190567756185902e-11,8.368607486857963795e-03,6.661338147750939243e-16,-1.378212537720075251e-11,9.109509857988407761e-03,5.551115123125782702e-16,-2.752912052143475889e-03,3.761324892358103994e-02
1.239147592905582407e+00,3.885780586188047891e-16,-9.822629661688717095e-12,7.654726416058320326e-03,6.661338147750939243e-16,-1.341623138268171339e-11,8.345714977990839958e-03,5.828670879282071837e-16,-2.756535835313325515e-03,3.633946726114938713e-02
1.240107428376464149e+00,3.330669073875469621e-16,-9.553040270730145389e-12,6.940362740496812573e-03,6.661338147750939243e-16,-1.304981120451957632e-11,7.581323226784941575e-03,5.551115123125782702e-16,-2.759736136483986052e-03,3.506447257823318286e-02
1.241067263847345892e+00,3.608224830031758756e-16,-9.283229621213223703e-12,6.225606521843885660e-03,6.383782391594650107e-16,-1.268298483001351756e-11,6.816432233299881890e-03,5.551115123125782702e-16,-2.762512461067737762e-03,3.378843996922485660e-02
1.242027099318227634e+00,3.330669073875469621e-16,-9.013290039729202757e-12,5.510547737349361444e-03,6.661338147750939243e-16,-1.231587362204421970e-11,6.051139630346889786e-03,6.106226635438360972e-16,-2.764864377063577534e-03,3.251154489914635792e-02
1.242986934789109377e+00,3.330669073875469621e-16,-8.743312606036834911e-12,4.795276310944421479e-03,6.661338147750939243e-16,-1.194859415945027925e-11,5.285542939361665554e-03,5.828670879282071837e-16,-2.766791515162546952e-03,3.123396310522021449e-02
1.243946770259991119e+00,3.053113317719180486e-16,-8.473387566414452426e-12,4.079881955921769304e-03,6.106226635438360972e-16,-1.158126906549740431e-11,4.519739396685884709e-03,5.828670879282071837e-16,-2.768293568848080415e-03,2.995587031542153514e-02
1.244906605730872862e+00,3.608224830031758756e-16,-8.203605668583892341e-12,3.364454250986932855e-03,6.106226635438360972e-16,-1.121401539336264186e-11,3.753826102110219189e-03,5.551115123125782702e-16,-2.769370294475817593e-03,2.867744245111370285e-02
1.245866441201754604e+00,3.885780586188047891e-16,-7.934052937211277801e-12,2.649082745931240906e-03,5.828670879282071837e-16,-1.084695264923045410e-11,2.987900081859811829e-03,5.273559366969493567e-16,-2.770021511349323243e-03,2.739885562390029575e-02
1.246826276672636347e+00,3.885780586188047891e-16,-7.664823867292204496e-12,1.933857035001753212e-03,5.551115123125782702e-16,-1.048019756101723626e-11,2.222058266001475900e-03,5.273559366969493567e-16,-2.770247101775552383e-03,2.612028611770364495e-02
1.247786112143518089e+00,3.885780586188047891e-16,-7.396002118576806839e-12,1.218866758312723685e-03,6.106226635438360972e-16,-1.011386539974271428e-11,1.456397583909569684e-03,5.551115123125782702e-16,-2.770047011120148079e-03,2.484191039221038053e-02
1.248745947614399832e+00,3.885780586188047891e-16,-7.127675077760187161e-12,5.042015501018952623e-04,6.106226635438360972e-16,-9.748074201142153949e-12,6.910149877002026535e-04,5.551115123125782702e-16,-2.769421247840631907e-03,2.356390513698775752e-02
1.249705783085281574e+00,3.885780586188047891e-16,-6.859929616541415864e-12,-2.100490562421522328e-04,6.106226635438360972e-16,-9.382941228456773142e-12,-7.399263231732605489e-05,5.828670879282071837e-16,-2.768369883497251611e-03,2.228644714510488387e-02
1.250665618556163317e+00,3.885780586188047891e-16,-6.592852837012525002e-12,-9.237956794740147465e-04,6.106226635438360972e-16,-9.018575545648860325e-12,-8.385286176328292720e-04,6.106226635438360972e-16,-2.766893052751649706e-03,2.100971313747765704e-02
1.251625454027045059e+00,3.885780586188047891e-16,-6.326527409589166595e-12,-1.636949175362425925e-03,6.106226635438360972e-16,-8.655096990939793039e-12,-1.602496604520072801e-03,6.106226635438360972e-16,-2.764990953356352352e-03,1.973387966973830579e-02
1.252585289497926802e+00,3.885780586188047891e-16,-6.061036357052698720e-12,-2.349420720408219691e-03,6.383782391594650107e-16,-8.292616498540607284e-12,-2.365800490076269864e-03,5.828670879282071837e-16,-2.762663846144341930e-03,1.845912319754480779e-02
1.253545124968808544e+00,4.163336342344337027e-16,-5.796463007116340466e-12,-3.061121853282182739e-03,6.383782391594650107e-16,-7.931244568981470067e-12,-3.128344507363647973e-03,6.106226635438360972e-16,-2.759912054992127821e-03,1.718561995919247118e-02
1.254504960439690286e+00,3.885780586188047891e-16,-5.532890382561449910e-12,-3.771964517231257003e-03,6.106226635438360972e-16,-7.571094223562599423e-12,-3.890033378595051348e-03,6.106226635438360972e-16,-2.756735966778046682e-03,1.591354578753165216e-02
1.255464795910572029e+00,4.163336342344337027e-16,-5.270395800555452426e-12,-4.481861091423114049e-03,6.383782391594650107e-16,-7.212272716983908483e-12,-4.650772388288260985e-03,6.106226635438360972e-16,-2.753136031350252033e-03,1.464307605412785464e-02
1.256424631381453771e+00,3.885780586188047891e-16,-5.009059505611639096e-12,-5.190724302410642393e-03,6.106226635438360972e-16,-6.854886694081588350e-12,-5.410467174511861092e-03,6.106226635438360972e-16,-2.749112761488141810e-03,1.337438584649181667e-02
1.257384466852335514e+00,3.885780586188047891e-16,-4.748960610607283472e-12,-5.898467184091514721e-03,6.106226635438360972e-16,-6.499042325353379668e-12,-6.169023629857930610e-03,6.106226635438360972e-16,-2.744666732864317615e-03,1.210765005225843995e-02
1.258344302323217256e+00,4.163336342344337027e-16,-4.490172841290114569e-12,-6.605002998965842781e-03,5.828670879282071837e-16,-6.144844060126074259e-12,-6.926347798902333409e-03,5.551115123125782702e-16,-2.739798583980487985e-03,1.084304342386537695e-02
1.259304137794098999e+00,3.885780586188047891e-16,-4.232771902076826187e-12,-7.310245315204073717e-03,6.106226635438360972e-16,-5.792393440709388969e-12,-7.682346036265515384e-03,5.551115123125782702e-16,-2.734509016105995428e-03,9.580740417187596017e-03
1.260263973264980741e+00,3.885780586188047891e-16,-3.976831708450527525e-12,-8.014107899220853509e-03,5.551115123125782702e-16,-5.441790044296603013e-12,-8.436924927802126953e-03,6.106226635438360972e-16,-2.728798793201970413e-03,8.320915222635038785e-03
1.261223808735862484e+00,3.885780586188047891e-16,-3.722421479943668204e-12,-8.716504840294108519e-03,5.828670879282071837e-16,-5.093131984408062751e-12,-9.189991376025771069e-03,6.106226635438360972e-16,-2.722668741830827806e-03,7.063741703638790580e-03
1.262183644206744226e+00,3.885780586188047891e-16,-3.469611669368669049e-12,-9.417350516667472374e-03,5.828670879282071837e-16,-4.746513728934309562e-12,-9.941452487554729156e-03,6.106226635438360972e-16,-2.716119751039128370e-03,5.809393463756305429e-03
1.263143479677625969e+00,3.885780586188047891e-16,-3.218471394614026010e-12,-1.011655972489100726e-02,5.828670879282071837e-16,-4.402031771868694654e-12,-1.069121567256418361e-02,6.106226635438360972e-16,-2.709152772210131170e-03,4.558043727284268737e-03
1.264103315148507711e+00,3.885780586188047891e-16,-2.969065125051420506e-12,-1.081404747524094753e-02,6.106226635438360972e-16,-4.059776955800745157e-12,-1.143918861624059445e-02,6.106226635438360972e-16,-2.701768818919176619e-03,3.309865335026467448e-03
1.265063150619389454e+00,3.608224830031758756e-16,-2.721458895369420483e-12,-1.150972899375355372e-02,6.106226635438360972e-16,-3.719838835829908374e-12,-1.218527934194929031e-02,6.106226635438360972e-16,-2.693968966766666865e-03,2.065030686171987536e-03
1.266022986090271196e+00,3.885780586188047891e-16,-2.475716314354232950e-12,-1.220351968915125637e-02,6.106226635438360972e-16,-3.382307793759788128e-12,-1.292939607810623601e-02,6.661338147750939243e-16,-2.685754353227603249e-03,8.237118578210439902e-04
1.266982821561152939e+00,3.885780586188047891e-16,-2.231900197969226285e-12,-1.289533531389868391e-02,6.106226635438360972e-16,-3.047270226951004357e-12,-1.367144747742433247e-02,6.661338147750939243e-16,-2.677126177478021153e-03,-4.139196631320612042e-04
1.267942657032034681e+00,3.885780586188047891e-16,-1.990070190886414347e-12,-1.358509205763321070e-02,6.106226635438360972e-16,-2.714807728393300174e-12,-1.441134280796742967e-02,6.661338147750939243e-16,-2.668085700213076051e-03,-1.647693162008508376e-03
1.268902492502916424e+00,4.163336342344337027e-16,-1.750284372460924470e-12,-1.427270652938510478e-02,5.551115123125782702e-16,-2.385002135021907499e-12,-1.514899180366442548e-02,6.661338147750939243e-16,-2.658634243448922477e-03,-2.877438619191799787e-03
1.269862327973798166e+00,4.163336342344337027e-16,-1.512599792055820125e-12,-1.495809577193368996e-02,5.551115123125782702e-16,-2.057935107589205226e-12,-1.588430464991837793e-02,6.383782391594650107e-16,-2.648773190315654828e-03,-4.102986648462218257e-03
1.270822163444679909e+00,4.163336342344337027e-16,-1.277070856291369350e-12,-1.564117724133523221e-02,5.551115123125782702e-16,-1.733686545019041958e-12,-1.661719186959377884e-02,6.106226635438360972e-16,-2.638503984845523218e-03,-5.324168484600181814e-03
1.271781998915561651e+00,4.163336342344337027e-16,-1.043752134418166055e-12,-1.632186888881055273e-02,5.273559366969493567e-16,-1.412329739378277715e-12,-1.734756443254145339e-02,6.106226635438360972e-16,-2.627828131740452770e-03,-6.540816073772334240e-03
1.272741834386443394e+00,4.440892098500626162e-16,-8.126968878679335928e-13,-1.700008919686843770e-02,5.273559366969493567e-16,-1.093939148251107940e-12,-1.807533375604843465e-02,5.828670879282071837e-16,-2.616747196136735756e-03,-7.752762079835003907e-03
1.273701669857325136e+00,4.718447854656915297e-16,-5.839538379757980291e-13,-1.767575697527838316e-02,5.273559366969493567e-16,-7.785879417316482476e-13,-1.880041143605767906e-02,5.828670879282071837e-16,-2.605262803352493585e-03,-8.959839610882302033e-03
1.274661505328206879e+00,4.718447854656915297e-16,-3.575747147379140789e-13,-1.834879125357984433e-02,5.551115123125782702e-16,-4.663448379088434848e-13,-1.952270918382342096e-02,5.828670879282071837e-16,-2.593376638639852041e-03,-1.016188232142548747e-02
1.275621340799088621e+00,4.440892098500626162e-16,-1.336044583343312664e-13,-1.901911111486621203e-02,5.551115123125782702e-16,-1.572737301719709380e-13,-2.024213869225633539e-02,6.106226635438360972e-16,-2.581090446926204672e-03,-1.135872427845633498e-02
1.276581176269970364e+00,4.440892098500626162e-16,8.790854871300324280e-14,-1.968663599338700554e-02,5.828670879282071837e-16,1.485583913372369447e-13,-2.095861192951445351e-02,6.106226635438360972e-16,-2.568406032558476389e-03,-1.255020023776960009e-02
1.277541011740852106e+00,4.163336342344337027e-16,3.069222258072698550e-13,-2.035128560652672489e-02,6.106226635438360972e-16,4.510870572470987439e-13,-2.167204112985214592e-02,6.106226635438360972e-16,-2.555325259045945936e-03,-1.373614562676831775e-02
1.278500847211733848e+00,4.718447854656915297e-16,5.233930557837704334e-13,-2.101297994812890285e-02,5.828670879282071837e-16,7.502529820275702366e-13,-2.238233878498880128e-02,6.106226635438360972e-16,-2.541850048796287769e-03,-1.491639664331361088e-02
1.279460682682615591e+00,4.718447854656915297e-16,7.372809231621230142e-13,-2.167163929841714118e-02,5.828670879282071837e-16,1.045997334158266928e-12,-2.308941771516043184e-02,5.828670879282071837e-16,-2.527982382832952204e-03,-1.609079033436763492e-02
1.280420518153497333e+00,4.440892098500626162e-16,9.485463087731405007e-13,-2.232718439183897438e-02,5.551115123125782702e-16,1.338264704131911231e-12,-2.379319125049390513e-02,5.551115123125782702e-16,-2.513724300496646396e-03,-1.725916474315409080e-02
1.281380353624379076e+00,4.718447854656915297e-16,1.157153203552169218e-12,-2.297953665405171736e-02,5.551115123125782702e-16,1.627000238094838958e-12,-2.449357343617673821e-02,5.551115123125782702e-16,-2.499077899150015450e-03,-1.842135911713405766e-02
1.282340189095260818e+00,4.718447854656915297e-16,1.363065124096105030e-12,-2.362861811701965145e-02,5.273559366969493567e-16,1.912152707494400167e-12,-2.519047894783628394e-02,5.828670879282071837e-16,-2.484045333874512936e-03,-1.957721391835192531e-02
1.283300024566142561e+00,4.718447854656915297e-16,1.566246318838310225e-12,-2.427435136188672155e-02,5.273559366969493567e-16,2.193670131612687757e-12,-2.588382302835279605e-02,5.828670879282071837e-16,-2.468628817167400208e-03,-2.072657079019216142e-02
1.284259860037024303e+00,4.718447854656915297e-16,1.766667907343415223e-12,-2.491665944542030553e-02,5.273559366969493567e-16,2.471504737791476586e-12,-2.657352141385720817e-02,5.828670879282071837e-16,-2.452830618633103105e-03,-2.186927250651487034e-02
1.285219695507906046e+00,4.718447854656915297e-16,1.964295127379264705e-12,-2.555546606166532453e-02,5.273559366969493567e-16,2.745611816243678782e-12,-2.725949048881514888e-02,6.106226635438360972e-16,-2.436653064661933356e-03,-2.300516314975973448e-02
1.286179530978787788e+00,4.440892098500626162e-16,2.159098624172038627e-12,-2.619069554368858715e-02,5.273559366969493567e-16,3.015944807262249672e-12,-2.794164731303744667e-02,6.106226635438360972e-16,-2.420098538090084510e-03,-2.413408820412404204e-02
1.287139366449669531e+00,4.440892098500626162e-16,2.351049368208568691e-12,-2.682227271568326382e-02,5.273559366969493567e-16,3.282464035823939863e-12,-2.861990935098469163e-02,5.551115123125782702e-16,-2.403169477835954537e-03,-2.525589431428983470e-02
1.288099201920551273e+00,4.163336342344337027e-16,2.540121758765057081e-12,-2.745012293628502562e-02,5.273559366969493567e-16,3.545125645950872317e-12,-2.929419461684499432e-02,5.828670879282071837e-16,-2.385868378542370816e-03,-2.637042934090030877e-02
1.289059037391433016e+00,4.440892098500626162e-16,2.726288243553795509e-12,-2.807417197267124409e-02,5.273559366969493567e-16,3.803892449508530782e-12,-2.996442155028596066e-02,6.106226635438360972e-16,-2.368197790207357718e-03,-2.747754234342001875e-02
1.290018872862314758e+00,4.163336342344337027e-16,2.909523689413173048e-12,-2.869434622424756401e-02,5.273559366969493567e-16,4.058727380335143409e-12,-3.063050919455254789e-02,5.551115123125782702e-16,-2.350160317816456755e-03,-2.857708376208434320e-02
1.290978708333196501e+00,4.440892098500626162e-16,3.089807909853990731e-12,-2.931057260673915546e-02,5.273559366969493567e-16,4.309593846607388812e-12,-3.129237714372665180e-02,5.551115123125782702e-16,-2.331758620964690006e-03,-2.966890535637796075e-02
1.291938543804078243e+00,4.440892098500626162e-16,3.267116368025832496e-12,-2.992277860508625598e-02,5.273559366969493567e-16,4.556458820816587652e-12,-3.194994555797745633e-02,5.273559366969493567e-16,-2.312995413470861697e-03,-3.075286012511401629e-02
1.292898379274959986e+00,4.718447854656915297e-16,3.441430808674619118e-12,-3.053089222116548568e-02,5.273559366969493567e-16,4.799291227017971062e-12,-3.260313519492202827e-02,5.551115123125782702e-16,-2.293873463014937681e-03,-3.182880235383481887e-02
1.293858214745841728e+00,4.718447854656915297e-16,3.612730028871614929e-12,-3.113484209755885967e-02,5.551115123125782702e-16,5.038063729764265253e-12,-3.325186758110056789e-02,5.551115123125782702e-16,-2.274395590760836319e-03,-3.289658783781127666e-02
1.294818050216723471e+00,4.718447854656915297e-16,3.780998233146419529e-12,-3.173455749998554259e-02,5.273559366969493567e-16,5.272746323760346687e-12,-3.389606496806855246e-02,5.273559366969493567e-16,-2.254564670985591008e-03,-3.395607375784488735e-02
1.295777885687605213e+00,4.718447854656915297e-16,3.946218758666894533e-12,-3.232996835606434527e-02,5.273559366969493567e-16,5.503314248539101228e-12,-3.453565032489722825e-02,6.106226635438360972e-16,-2.234383630674446203e-03,-3.500711871646615403e-02
1.296737721158486956e+00,4.996003610813204432e-16,4.108378147773573963e-12,-3.292100523036572274e-02,5.273559366969493567e-16,5.729743868493168690e-12,-3.517054730177884836e-02,5.551115123125782702e-16,-2.213855449105600181e-03,-3.604958271305003237e-02
1.297697556629368698e+00,4.718447854656915297e-16,4.267463010569627624e-12,-3.350759942658142199e-02,5.273559366969493567e-16,5.952012157878910914e-12,-3.580068034313425851e-02,5.551115123125782702e-16,-2.192983157401367893e-03,-3.708332731025020673e-02
1.298657392100250441e+00,4.996003610813204432e-16,4.423460987150289181e-12,-3.408968301014367319e-02,5.273559366969493567e-16,6.170099485860742333e-12,-3.642597484426257637e-02,5.551115123125782702e-16,-2.171769838072915362e-03,-3.810821575520649540e-02
1.299617227571132183e+00,4.996003610813204432e-16,4.576363756263884808e-12,-3.466718881881509368e-02,5.273559366969493567e-16,6.383989108291361625e-12,-3.704635708466400695e-02,5.273559366969493567e-16,-2.150218624554120841e-03,-3.912411294982787863e-02
1.300577063042013926e+00,4.718447854656915297e-16,4.726159954116394141e-12,-3.524005032935844522e-02,4.996003610813204432e-16,6.593661340125074599e-12,-3.766175406468674769e-02,5.551115123125782702e-16,-2.128332700711622980e-03,-4.013088530264462273e-02
1.301536898512895668e+00,4.163336342344337027e-16,4.872843068718518689e-12,-3.580820170414325543e-02,4.718447854656915297e-16,6.799100189379837095e-12,-3.827209346283058644e-02,5.551115123125782702e-16,-2.106115300355247601e-03,-4.112840069871532417e-02
1.302496733983777411e+00,4.718447854656915297e-16,5.016402996661263602e-12,-3.637157784036814528e-02,4.996003610813204432e-16,7.000293302927146355e-12,-3.887730374526671140e-02,5.551115123125782702e-16,-2.083569706735587546e-03,-4.211652852206005521e-02
1.303456569454659153e+00,4.163336342344337027e-16,5.156837874472144922e-12,-3.693011453843361713e-02,4.718447854656915297e-16,7.197230075914502756e-12,-3.947731436441644093e-02,5.551115123125782702e-16,-2.060699252046017341e-03,-4.309513987158192228e-02
1.304416404925540895e+00,4.163336342344337027e-16,5.294143622840488672e-12,-3.748374854096525599e-02,5.273559366969493567e-16,7.389896467923772611e-12,-4.007205572345781674e-02,5.551115123125782702e-16,-2.037507316908290008e-03,-4.406410751056922398e-02
1.305376240396422638e+00,4.440892098500626162e-16,5.428316907844614458e-12,-3.803241754924498175e-02,5.273559366969493567e-16,7.578286631039488075e-12,-4.066145924904423364e-02,5.551115123125782702e-16,-2.013997329854472305e-03,-4.502330598750209356e-02
1.306336075867304380e+00,4.440892098500626162e-16,5.559355168056889784e-12,-3.857606023782365195e-02,4.996003610813204432e-16,7.762395476287702045e-12,-4.124545743754121779e-02,5.551115123125782702e-16,-1.990172766807993092e-03,-4.597261157063471659e-02
1.307295911338186123e+00,4.163336342344337027e-16,5.687259040446090985e-12,-3.911461625748285931e-02,4.718447854656915297e-16,7.942218775279941828e-12,-4.182398387287593333e-02,5.828670879282071837e-16,-1.966037150569972195e-03,-4.691190231373891517e-02
1.308255746809067865e+00,4.718447854656915297e-16,5.812029385597692471e-12,-3.964802616899674309e-02,4.718447854656915297e-16,8.117753566789023822e-12,-4.239697321313559003e-02,6.106226635438360972e-16,-1.941594050297707234e-03,-4.784105807008611627e-02
1.309215582279949608e+00,4.718447854656915297e-16,5.933673521876358520e-12,-4.017623148839934849e-02,5.273559366969493567e-16,8.288999803381102982e-12,-4.296436116348668205e-02,6.106226635438360972e-16,-1.916847080966408443e-03,-4.875996051127003822e-02
1.310175417750831350e+00,4.718447854656915297e-16,6.052192557201184139e-12,-4.069917462135965586e-02,4.718447854656915297e-16,8.455962072586621636e-12,-4.352608446200374737e-02,6.106226635438360972e-16,-1.891799902831914262e-03,-4.966849306173412582e-02
1.311135253221713093e+00,4.440892098500626162e-16,6.167595243116580361e-12,-4.121679878780327988e-02,4.718447854656915297e-16,8.618644968712285692e-12,-4.408208082142085066e-02,6.106226635438360972e-16,-1.866456220887310891e-03,-5.056654086680744536e-02
1.312095088692594835e+00,4.163336342344337027e-16,6.279887837501961501e-12,-4.172904805807615275e-02,4.718447854656915297e-16,8.777052211926799491e-12,-4.463228889651069814e-02,6.106226635438360972e-16,-1.840819784307958472e-03,-5.145399080521304708e-02
1.313054924163476578e+00,4.163336342344337027e-16,6.389081788854642646e-12,-4.223586740891420443e-02,4.996003610813204432e-16,8.931195687796478905e-12,-4.517664829948212640e-02,5.551115123125782702e-16,-1.814894385868476550e-03,-5.233073147682108794e-02
1.314014759634358320e+00,4.163336342344337027e-16,6.495187644428883009e-12,-4.273720279776691000e-02,5.273559366969493567e-16,9.081084584934735748e-12,-4.571509971189562788e-02,6.106226635438360972e-16,-1.788683861350574313e-03,-5.319665335029623299e-02
1.314974595105240063e+00,3.885780586188047891e-16,6.598216507132555197e-12,-4.323300125768887725e-02,5.273559366969493567e-16,9.226735383214591801e-12,-4.624758517859398760e-02,5.551115123125782702e-16,-1.762192088937285153e-03,-5.405164901203531741e-02
1.315934430576121805e+00,4.163336342344337027e-16,6.698185625944597099e-12,-4.372321091468654025e-02,5.273559366969493567e-16,9.368159097452493159e-12,-4.677404800517205585e-02,5.551115123125782702e-16,-1.735422988600461829e-03,-5.489561309292949332e-02
1.316894266047003548e+00,3.885780586188047891e-16,6.795110457522230210e-12,-4.420778106879259123e-02,5.273559366969493567e-16,9.505377774221990955e-12,-4.729443275446637562e-02,5.273559366969493567e-16,-1.708380521478181178e-03,-5.572844223595639634e-02
1.317854101517885290e+00,3.885780586188047891e-16,6.889006048558729556e-12,-4.468666213818250216e-02,5.273559366969493567e-16,9.638409306247062991e-12,-4.780868517240716153e-02,5.828670879282071837e-16,-1.681068689233088977e-03,-5.655003505043815215e-02
1.318813936988767033e+00,3.885780586188047891e-16,6.979896464954192525e-12,-4.515980559720368659e-02,5.273559366969493567e-16,9.767275611352252418e-12,-4.831675229134019256e-02,5.551115123125782702e-16,-1.653491533424866983e-03,-5.736029218022272586e-02
1.319773772459648775e+00,3.885780586188047891e-16,7.067798948911293427e-12,-4.562716387772824261e-02,5.273559366969493567e-16,9.892002425786628611e-12,-4.881858239767894458e-02,5.551115123125782702e-16,-1.625653134888480934e-03,-5.815911627309181681e-02
1.320733607930530518e+00,3.885780586188047891e-16,7.152737583270788596e-12,-4.608869048935104046e-02,5.273559366969493567e-16,1.001261694269593022e-11,-4.931412500415804923e-02,5.551115123125782702e-16,-1.597557613115999911e-03,-5.894641195222745378e-02
1.321693443401412260e+00,3.885780586188047891e-16,7.234737948427685111e-12,-4.654433996471626228e-02,6.106226635438360972e-16,1.012914751396696775e-11,-4.980333072839886882e-02,5.273559366969493567e-16,-1.569209125630346199e-03,-5.972208568858962396e-02
1.322653278872294003e+00,3.885780586188047891e-16,7.313824615113716926e-12,-4.699406795918369129e-02,5.828670879282071837e-16,1.024162991827143321e-11,-5.028615139800873823e-02,5.273559366969493567e-16,-1.540611867336208170e-03,-6.048604588347339384e-02
1.323613114343175745e+00,3.885780586188047891e-16,7.390026545079416559e-12,-4.743783104846730631e-02,5.551115123125782702e-16,1.035009563812991015e-11,-5.076253988953947915e-02,5.273559366969493567e-16,-1.511770069871656158e-03,-6.123820272703484752e-02
1.324572949814057488e+00,4.163336342344337027e-16,7.463374489008901130e-12,-4.787558669839651893e-02,5.551115123125782702e-16,1.045458623914318624e-11,-5.123244999918823150e-02,5.551115123125782702e-16,-1.482688000940856135e-03,-6.197846807794064883e-02
1.325532785284939230e+00,3.885780586188047891e-16,7.533898543676852480e-12,-4.830729313058412105e-02,5.273559366969493567e-16,1.055513739156273625e-11,-5.169583633794744976e-02,5.273559366969493567e-16,-1.453369963666284719e-03,-6.270675529789367098e-02
1.326492620755820973e+00,4.163336342344337027e-16,7.601634707983528916e-12,-4.873290935402025542e-02,5.551115123125782702e-16,1.065179562121428697e-11,-5.215265435126466287e-02,5.551115123125782702e-16,-1.423820295908014791e-03,-6.342297927532158930e-02
1.327452456226702715e+00,3.885780586188047891e-16,7.666616941173851757e-12,-4.915239503312169439e-02,5.551115123125782702e-16,1.074460258856631614e-11,-5.260286029657824936e-02,5.828670879282071837e-16,-1.394043369589922227e-03,-6.412705637202294195e-02
1.328412291697584457e+00,3.885780586188047891e-16,7.728881638559498626e-12,-4.956571043514376024e-02,5.551115123125782702e-16,1.083360808560359517e-11,-5.304641123329619651e-02,5.828670879282071837e-16,-1.364043590015295848e-03,-6.481890448165063268e-02
1.329372127168466200e+00,3.885780586188047891e-16,7.788469677950504017e-12,-4.997281630014890896e-02,5.273559366969493567e-16,1.091886227022912867e-11,-5.348326495277729020e-02,5.551115123125782702e-16,-1.333825395190514932e-03,-6.549844291410929220e-02
1.330331962639347942e+00,3.885780586188047891e-16,7.845419897501565432e-12,-5.037367384029168421e-02,6.106226635438360972e-16,1.100041731967246750e-11,-5.391337991870750329e-02,5.551115123125782702e-16,-1.303393255147676337e-03,-6.616559235655722349e-02
1.331291798110229685e+00,3.608224830031758756e-16,7.899775773719799540e-12,-5.076824491829023955e-02,5.828670879282071837e-16,1.107832829785144677e-11,-5.433671551006444972e-02,5.273559366969493567e-16,-1.272751671254716008e-03,-6.682027503302556681e-02
1.332251633581111427e+00,3.885780586188047891e-16,7.951581952017790222e-12,-5.115649210348877790e-02,5.551115123125782702e-16,1.115265460888072331e-11,-5.475323210058253426e-02,5.273559366969493567e-16,-1.241905175534322933e-03,-6.746241483862069899e-02
1.333211469051993170e+00,3.885780586188047891e-16,8.000882993104826632e-12,-5.153837858142234357e-02,5.828670879282071837e-16,1.122345425418839332e-11,-5.516289096254204521e-02,5.273559366969493567e-16,-1.210858329957415760e-03,-6.809193720895931334e-02
1.334171304522874912e+00,3.885780586188047891e-16,8.047726879703304831e-12,-5.191386808776900924e-02,5.551115123125782702e-16,1.129079182850701440e-11,-5.556565409874653777e-02,4.718447854656915297e-16,-1.179615725740104258e-03,-6.870876895341396229e-02
1.335131139993756655e+00,3.885780586188047891e-16,8.092163088701739837e-12,-5.228292486311734294e-02,5.551115123125782702e-16,1.135473161486101959e-11,-5.596148415002046017e-02,4.996003610813204432e-16,-1.148181982626715093e-03,-6.931283813981001241e-02
1.336090975464638397e+00,4.163336342344337027e-16,8.134240636202723362e-12,-5.264551374359899977e-02,5.551115123125782702e-16,1.141534210772265565e-11,-5.635034454538666998e-02,4.996003610813204432e-16,-1.116561748178274615e-03,-6.990407432955723921e-02
1.337050810935520140e+00,4.163336342344337027e-16,8.174013183437529861e-12,-5.300159994735828550e-02,6.106226635438360972e-16,1.147269114426660228e-11,-5.673219921839122576e-02,4.718447854656915297e-16,-1.084759697072113383e-03,-7.048240825466085824e-02
1.338010646406401882e+00,3.885780586188047891e-16,8.211533493782509699e-12,-5.335114894492389709e-02,5.828670879282071837e-16,1.152685186748192078e-11,-5.710701240687156288e-02,4.718447854656915297e-16,-1.052780530398609270e-03,-7.104777161468781022e-02
1.338970481877283625e+00,3.885780586188047891e-16,8.246855763793759994e-12,-5.369412624384652111e-02,5.551115123125782702e-16,1.157789774561832422e-11,-5.747474847012610383e-02,4.996003610813204432e-16,-1.020628974953310996e-03,-7.160009697202854295e-02
1.339930317348165367e+00,3.608224830031758756e-16,8.280037019117421696e-12,-5.403049748068546737e-02,6.106226635438360972e-16,1.162590427302833546e-11,-5.783537202317112769e-02,5.273559366969493567e-16,-9.883097825148579648e-04,-7.213931788338702467e-02
1.340890152819047110e+00,3.330669073875469621e-16,8.311133912705138960e-12,-5.436022849925507827e-02,6.106226635438360972e-16,1.167094969183935828e-11,-5.818884801955546276e-02,5.273559366969493567e-16,-9.558277291275215108e-04,-7.266536892273907366e-02
1.341849988289928852e+00,3.330669073875469621e-16,8.340205360780591007e-12,-5.468328523986415446e-02,5.551115123125782702e-16,1.171311286759504564e-11,-5.853514156224501330e-02,4.996003610813204432e-16,-9.231876143711953116e-04,-7.317818545502706440e-02
1.342809823760810595e+00,3.330669073875469621e-16,8.367311024956450641e-12,-5.499963369523048345e-02,6.106226635438360972e-16,1.175247661978884826e-11,-5.887421787354128744e-02,5.273559366969493567e-16,-8.903942606455769260e-04,-7.367770367832614242e-02
1.343769659231692337e+00,3.330669073875469621e-16,8.392511112334608697e-12,-5.530923984859169307e-02,5.551115123125782702e-16,1.178912281923731598e-11,-5.920604236138190396e-02,4.996003610813204432e-16,-8.574525124536627047e-04,-7.416386067848780572e-02
1.344729494702574080e+00,3.330669073875469621e-16,8.415867063296927214e-12,-5.561206989740932749e-02,5.551115123125782702e-16,1.182313582703386351e-11,-5.953058074673265448e-02,4.996003610813204432e-16,-8.243672356880233547e-04,-7.463659452815341044e-02
1.345689330173455822e+00,3.885780586188047891e-16,8.437441710747433515e-12,-5.590809021536137513e-02,5.273559366969493567e-16,1.185460194228328892e-11,-5.984779901602304414e-02,4.718447854656915297e-16,-7.911433169107241281e-04,-7.509584422336895715e-02
1.346649165644337565e+00,3.608224830031758756e-16,8.457297687690379373e-12,-5.619726731306425721e-02,5.551115123125782702e-16,1.188360705751457559e-11,-6.015766339658960848e-02,4.718447854656915297e-16,-7.577856626262476775e-04,-7.554154967525161801e-02
1.347609001115219307e+00,3.330669073875469621e-16,8.475498826528669871e-12,-5.647956782284225402e-02,5.273559366969493567e-16,1.191024092772694637e-11,-6.046014039078895924e-02,4.996003610813204432e-16,-7.242991985592956046e-04,-7.597365175633201406e-02
1.348568836586101050e+00,3.330669073875469621e-16,8.492109091802349866e-12,-5.675495836838556629e-02,5.551115123125782702e-16,1.193459181714163694e-11,-6.075519654934095209e-02,4.718447854656915297e-16,-6.906888689226015803e-04,-7.639209212251661663e-02
1.349528672056982792e+00,3.330669073875469621e-16,8.507191695886207050e-12,-5.702340578864561332e-02,5.273559366969493567e-16,1.195674992460313453e-11,-6.104279869688440663e-02,4.163336342344337027e-16,-6.569596356694024607e-04,-7.679681338671491553e-02
1.350488507527864535e+00,3.053113317719180486e-16,8.520812732761115678e-12,-5.728487696195072587e-02,5.273559366969493567e-16,1.197680432070804060e-11,-6.132291372663092877e-02,4.718447854656915297e-16,-6.231164777239681877e-04,-7.718775902917959786e-02
1.351448342998746277e+00,3.330669073875469621e-16,8.533037256251490774e-12,-5.753933884012166905e-02,5.273559366969493567e-16,1.199484513992633838e-11,-6.159550858599109613e-02,4.996003610813204432e-16,-5.891643901972582788e-04,-7.756487339363972444e-02
1.352408178469628020e+00,3.053113317719180486e-16,8.543928077238503033e-12,-5.778675831339413760e-02,5.551115123125782702e-16,1.201096381777061808e-11,-6.186055020454041958e-02,4.996003610813204432e-16,-5.551083836102555522e-04,-7.792810158300379764e-02
1.353368013940509762e+00,3.330669073875469621e-16,8.553551164342150515e-12,-5.802710234848232340e-02,5.551115123125782702e-16,1.202525225731565679e-11,-6.211800564595210822e-02,5.273559366969493567e-16,-5.209534831095369647e-04,-7.827738960423503978e-02
1.354327849411391504e+00,3.330669073875469621e-16,8.561970958134994432e-12,-5.826033787321029805e-02,5.273559366969493567e-16,1.203779909378312109e-11,-6.236784207106460531e-02,5.273559366969493567e-16,-4.867047277103604165e-04,-7.861268435641058372e-02
1.355287684882273247e+00,3.330669073875469621e-16,8.569251970340363567e-12,-5.848643176798193344e-02,5.273559366969493567e-16,1.204869674693788591e-11,-6.261002654015151991e-02,5.273559366969493567e-16,-4.523671695235455519e-04,-7.893393347338481525e-02
1.356247520353154989e+00,3.330669073875469621e-16,8.575456149559888309e-12,-5.870535084268834608e-02,5.273559366969493567e-16,1.205803324044382990e-11,-6.284452601581046183e-02,5.273559366969493567e-16,-4.179458730049001114e-04,-7.924108520568907965e-02
1.357207355824036732e+00,2.775557561562891351e-16,8.580647013100217366e-12,-5.891706191375808976e-02,5.551115123125782702e-16,1.206589850887116074e-11,-6.307130750951579767e-02,4.718447854656915297e-16,-3.834459141900454409e-04,-7.953408862670283130e-02
1.358167191294918474e+00,2.775557561562891351e-16,8.584888039304483867e-12,-5.912153196275901634e-02,5.551115123125782702e-16,1.207238159062922790e-11,-6.329033830878530442e-02,4.718447854656915297e-16,-3.488723799481058176e-04,-7.981289382750794692e-02
1.359127026765800217e+00,2.775557561562891351e-16,8.588239094767333853e-12,-5.931872817356738381e-02,5.551115123125782702e-16,1.207756921003336897e-11,-6.350158594160219827e-02,4.440892098500626162e-16,-3.142303672266559631e-04,-8.007745195508308989e-02
1.360086862236681959e+00,2.775557561562891351e-16,8.590761142144047111e-12,-5.950861776244432272e-02,5.551115123125782702e-16,1.208154945681603250e-11,-6.370501805956245434e-02,4.718447854656915297e-16,-2.795249822842714080e-04,-8.032771509500914731e-02
1.361046697707563702e+00,2.775557561562891351e-16,8.592513409366427449e-12,-5.969116795058188735e-02,5.828670879282071837e-16,1.208440548420165045e-11,-6.390060237765415874e-02,4.718447854656915297e-16,-2.447613399291536968e-04,-8.056363624808368651e-02
1.362006533178445444e+00,2.775557561562891351e-16,8.593553894474439264e-12,-5.986634598838821292e-02,5.551115123125782702e-16,1.208622097735134564e-11,-6.408830674608596845e-02,4.163336342344337027e-16,-2.099445627424805655e-04,-8.078516938955514204e-02
1.362966368649327187e+00,2.775557561562891351e-16,8.593939382556866485e-12,-6.003411920887059827e-02,5.273559366969493567e-16,1.208707756483024497e-11,-6.426809915290461472e-02,4.440892098500626162e-16,-1.750797803105157960e-04,-8.099226955955975138e-02
1.363926204120208929e+00,2.775557561562891351e-16,8.593724605494628896e-12,-6.019445491872794235e-02,5.273559366969493567e-16,1.208705424262507527e-11,-6.443994758286325508e-02,4.163336342344337027e-16,-1.401721284334422250e-04,-8.118489275616884437e-02
1.364886039591090672e+00,2.775557561562891351e-16,8.592963597213497742e-12,-6.034732044103416349e-02,5.273559366969493567e-16,1.208622864808171597e-11,-6.460382006581072423e-02,4.718447854656915297e-16,-1.052267483304882457e-04,-8.136299598356640239e-02
1.365845875061972414e+00,2.498001805406602216e-16,8.591707267781734797e-12,-6.049268315188600920e-02,5.273559366969493567e-16,1.208467541666128145e-11,-6.475968462196969588e-02,4.163336342344337027e-16,-7.024878584155083109e-05,-8.152653716525359862e-02
1.366805710532854157e+00,2.498001805406602216e-16,8.590005426124770402e-12,-6.063051055394333422e-02,4.996003610813204432e-16,1.208246627680781109e-11,-6.490750933088515473e-02,4.163336342344337027e-16,-3.524339062804584128e-05,-8.167547528091669007e-02
1.367765546003735899e+00,2.498001805406602216e-16,8.587906132892031766e-12,-6.076077033499719532e-02,5.273559366969493567e-16,1.207966995338651331e-11,-6.504726245863823308e-02,4.163336342344337027e-16,-2.157153726519152773e-07,-8.180977048547868891e-02
1.368725381474617642e+00,2.498001805406602216e-16,8.585454534939607543e-12,-6.088343040731176992e-02,5.273559366969493567e-16,1.207635354665340371e-11,-6.517891248909998825e-02,4.163336342344337027e-16,3.482908503831001334e-05,-8.192938415249845230e-02
1.369685216945499384e+00,2.220446049250313081e-16,8.582693664929350041e-12,-6.099845896251183258e-02,5.551115123125782702e-16,1.207257964048482311e-11,-6.530242811449255003e-02,3.885780586188047891e-16,6.988585431069545468e-05,-8.203427886634764854e-02
1.370645052416381127e+00,2.498001805406602216e-16,8.579664822493701486e-12,-6.110582442242320361e-02,5.551115123125782702e-16,1.206840780840201782e-11,-6.541777823392633251e-02,3.885780586188047891e-16,1.049494355394282679e-04,-8.212441843117963824e-02
1.371604887887262869e+00,2.220446049250313081e-16,8.576405875934634774e-12,-6.120549535910668054e-02,5.551115123125782702e-16,1.206389446279927495e-11,-6.552493179843443816e-02,4.163336342344337027e-16,1.400146719956353440e-04,-8.219976775470991259e-02
1.372564723358144612e+00,1.942890293094023946e-16,8.572952445528680791e-12,-6.129744043372627876e-02,5.828670879282071837e-16,1.205909178090614538e-11,-6.562385769133248503e-02,3.885780586188047891e-16,1.750764079166862441e-04,-8.226029271604833049e-02
1.373524558829026354e+00,2.498001805406602216e-16,8.569337442741005104e-12,-6.138162833535905361e-02,6.106226635438360972e-16,1.205404837733160383e-11,-6.571452471036930143e-02,4.163336342344337027e-16,2.101294892853714489e-04,-8.230596021925276617e-02
1.374484394299908097e+00,2.775557561562891351e-16,8.565590943170465869e-12,-6.145802780843870328e-02,6.106226635438360972e-16,1.204880821647374457e-11,-6.579690163703268146e-02,3.885780586188047891e-16,2.451687646077520396e-04,-8.233673822207925042e-02
1.375444229770789839e+00,2.775557561562891351e-16,8.561739925663466085e-12,-6.152660767446587603e-02,6.106226635438360972e-16,1.204341162980635113e-11,-6.587095722282908239e-02,4.163336342344337027e-16,2.801890856857604316e-04,-8.235259581360242220e-02
1.376404065241671582e+00,2.775557561562891351e-16,8.557808404451093358e-12,-6.158733692386705871e-02,6.661338147750939243e-16,1.203789409615145219e-11,-6.593666019513089172e-02,4.163336342344337027e-16,3.151853084075048822e-04,-8.235350314976042085e-02
1.377363900712553324e+00,2.498001805406602216e-16,8.553817374939011280e-12,-6.164018470995745458e-02,6.661338147750939243e-16,1.203228691761161354e-11,-6.599397910656296107e-02,3.885780586188047891e-16,3.501522935540842029e-04,-8.233943137849651650e-02
1.378323736183435066e+00,1.942890293094023946e-16,8.549784185209012566e-12,-6.168512034051045617e-02,6.661338147750939243e-16,1.202661642801764884e-11,-6.604288252662814107e-02,3.885780586188047891e-16,3.850849076061860091e-04,-8.231035286672575002e-02
1.379283571654316809e+00,2.498001805406602216e-16,8.545723300889770425e-12,-6.172211317294026139e-02,6.383782391594650107e-16,1.202090425275597620e-11,-6.608333899766867525e-02,3.885780586188047891e-16,4.199780235435285596e-04,-8.226624115524187875e-02
1.380243407125198551e+00,2.775557561562891351e-16,8.541645510216417563e-12,-6.175113275261281259e-02,6.106226635438360972e-16,1.201516705105884399e-11,-6.611531714731518072e-02,3.885780586188047891e-16,4.548265216337929353e-04,-8.220707102981909820e-02
1.381203242596080294e+00,2.775557561562891351e-16,8.537558351993942778e-12,-6.177214881624194798e-02,6.106226635438360972e-16,1.200941640991345417e-11,-6.613878567035691436e-02,3.885780586188047891e-16,4.896252902139415714e-04,-8.213281852623700863e-02
1.382163078066962036e+00,2.775557561562891351e-16,8.533465708915497167e-12,-6.178513136954277840e-02,6.106226635438360972e-16,1.200365873140658032e-11,-6.615371342029487123e-02,3.885780586188047891e-16,5.243692264828463730e-04,-8.204346114754115793e-02
1.383122913537843779e+00,2.498001805406602216e-16,8.529367904124150106e-12,-6.179005068228278497e-02,6.106226635438360972e-16,1.199789520164904640e-11,-6.616006958803788418e-02,3.330669073875469621e-16,5.590532372738841365e-04,-8.193897800703435486e-02
1.384082749008725521e+00,2.498001805406602216e-16,8.525261634826682014e-12,-6.178687735112638885e-02,5.828670879282071837e-16,1.199212167806740518e-11,-6.615782361987922189e-02,3.608224830031758756e-16,5.936722398241011745e-04,-8.181934974275455186e-02
1.385042584479607264e+00,2.498001805406602216e-16,8.521139904954465045e-12,-6.177558235421428540e-02,5.828670879282071837e-16,1.198632849172762420e-11,-6.614694526211915837e-02,3.330669073875469621e-16,6.282211625134157982e-04,-8.168455857760001382e-02
1.386002419950489006e+00,2.498001805406602216e-16,8.516991939930772769e-12,-6.175613724600474697e-02,6.106226635438360972e-16,1.198050062870601557e-11,-6.612740463351884923e-02,3.608224830031758756e-16,6.626949456318778370e-04,-8.153458847130544418e-02
1.386962255421370749e+00,2.498001805406602216e-16,8.512803254009899479e-12,-6.172851410896424557e-02,6.106226635438360972e-16,1.197461725072152742e-11,-6.609917222273928306e-02,3.885780586188047891e-16,6.970885421286644474e-04,-8.136942504805837195e-02
1.387922090892252491e+00,2.498001805406602216e-16,8.508555584102711188e-12,-6.169268554581634756e-02,6.106226635438360972e-16,1.196865230537004282e-11,-6.606221890951717579e-02,3.885780586188047891e-16,7.313969183694461794e-04,-8.118905565295884974e-02
1.388881926363134234e+00,2.498001805406602216e-16,8.504226787497417249e-12,-6.164862453657473512e-02,6.106226635438360972e-16,1.196257364203374106e-11,-6.601651575345560130e-02,3.330669073875469621e-16,7.656150548752591566e-04,-8.099346916178172540e-02
1.389841761834015976e+00,2.220446049250313081e-16,8.499790928468689208e-12,-6.159630445096007934e-02,6.383782391594650107e-16,1.195634412424711568e-11,-6.596203390887746265e-02,3.885780586188047891e-16,7.997379470583625225e-04,-8.078265596918841884e-02
1.390801597304897719e+00,1.942890293094023946e-16,8.495218169433927085e-12,-6.153569906367610531e-02,6.106226635438360972e-16,1.194991993541932168e-11,-6.589874474739099153e-02,3.330669073875469621e-16,8.337606059508139529e-04,-8.055660806265525775e-02
1.391761432775779461e+00,1.942890293094023946e-16,8.490475150000503270e-12,-6.146678257847088683e-02,6.106226635438360972e-16,1.194325281796577163e-11,-6.582661993558353020e-02,3.330669073875469621e-16,8.676780589078847373e-04,-8.031531908954361865e-02
1.392721268246661204e+00,1.942890293094023946e-16,8.485524233953472412e-12,-6.138952951711602879e-02,6.106226635438360972e-16,1.193628796673719579e-11,-6.574563137731311013e-02,3.330669073875469621e-16,9.014853503216820833e-04,-8.005878432787218169e-02
1.393681103717542946e+00,1.387778780781445676e-16,8.480324317325003101e-12,-6.130391475819669395e-02,5.551115123125782702e-16,1.192896501962467399e-11,-6.565575118178387792e-02,3.330669073875469621e-16,9.351775423244061214e-04,-7.978700069335499523e-02
1.394640939188424689e+00,1.942890293094023946e-16,8.474830341350433199e-12,-6.120991368134205690e-02,5.551115123125782702e-16,1.192121808932337110e-11,-6.555695188094537440e-02,3.330669073875469621e-16,9.687497155132050860e-04,-7.949996686525105660e-02
1.395600774659306431e+00,2.220446049250313081e-16,8.468993595706064952e-12,-6.110750232691256750e-02,5.551115123125782702e-16,1.191297633253867762e-11,-6.544920664191042348e-02,3.053113317719180486e-16,1.002196969659424706e-03,-7.919768346344516208e-02
1.396560610130188174e+00,1.942890293094023946e-16,8.462761776954438354e-12,-6.099665742135966517e-02,5.273559366969493567e-16,1.190416259642755993e-11,-6.533248925206487645e-02,3.330669073875469621e-16,1.035514424408892544e-03,-7.888015305135465116e-02
1.397520445601069916e+00,1.942890293094023946e-16,8.456078210968085568e-12,-6.087735632941784075e-02,5.273559366969493567e-16,1.189469484584907647e-11,-6.520677406243974294e-02,3.330669073875469621e-16,1.068697219987200294e-03,-7.854738012336763553e-02
1.398480281071951659e+00,2.220446049250313081e-16,8.448882974401153087e-12,-6.074957703261726211e-02,5.551115123125782702e-16,1.188448527313275011e-11,-6.507203590469141929e-02,3.330669073875469621e-16,1.101740517888178013e-03,-7.819937096726403691e-02
1.399440116542833401e+00,1.942890293094023946e-16,8.441113164892911913e-12,-6.061329825134433719e-02,5.273559366969493567e-16,1.187344078512251287e-11,-6.492825027186870102e-02,3.053113317719180486e-16,1.134639501577031865e-03,-7.783613381337714521e-02
1.400399952013715144e+00,1.942890293094023946e-16,8.432701995589536939e-12,-6.046849949969392013e-02,5.273559366969493567e-16,1.186146374433053475e-11,-6.477539333874507421e-02,3.053113317719180486e-16,1.167389377184967301e-03,-7.745767892746049932e-02
1.401359787484596886e+00,2.220446049250313081e-16,8.423578522399497934e-12,-6.031516101604671165e-02,5.273559366969493567e-16,1.184845112105724352e-11,-6.461344184592734963e-02,2.775557561562891351e-16,1.199985374219406315e-03,-7.706401842722006290e-02
1.402319622955478629e+00,1.942890293094023946e-16,8.413669361776376573e-12,-6.015326373438924235e-02,5.551115123125782702e-16,1.183429485253329437e-11,-6.444237303366415204e-02,2.775557561562891351e-16,1.232422746255446922e-03,-7.665516621749443593e-02
1.403279458426360371e+00,2.220446049250313081e-16,8.402897389676259460e-12,-5.998278920869232894e-02,5.828670879282071837e-16,1.181888146175474365e-11,-6.426216458259775832e-02,2.775557561562891351e-16,1.264696771639440328e-03,-7.623113790329381911e-02
1.404239293897242113e+00,2.498001805406602216e-16,8.391182303987615096e-12,-5.980371978264675120e-02,5.551115123125782702e-16,1.180209393789619175e-11,-6.407279477480733176e-02,2.775557561562891351e-16,1.296802754188309354e-03,-7.579195102825575514e-02
1.405199129368123856e+00,2.498001805406602216e-16,8.378440519499208428e-12,-5.961603867120605915e-02,5.551115123125782702e-16,1.178380987283829916e-11,-6.387424259118430758e-02,3.330669073875469621e-16,1.328736023894708110e-03,-7.533762509151654962e-02
1.406158964839005598e+00,2.775557561562891351e-16,8.364585786234152338e-12,-5.941972998004722839e-02,5.551115123125782702e-16,1.176390360246707713e-11,-6.366648768982298423e-02,3.330669073875469621e-16,1.360491937616793798e-03,-7.486818146725210399e-02
1.407118800309887341e+00,2.498001805406602216e-16,8.349528188256963995e-12,-5.921477868620134838e-02,5.551115123125782702e-16,1.174224353004977434e-11,-6.344951049373148688e-02,3.330669073875469621e-16,1.392065879749112374e-03,-7.438364345579696890e-02
1.408078635780769083e+00,2.498001805406602216e-16,8.333176225680549200e-12,-5.900117067463243881e-02,5.551115123125782702e-16,1.171869606832621341e-11,-6.322329225915772344e-02,2.775557561562891351e-16,1.423453262874183447e-03,-7.388403637360442533e-02
1.409038471251650826e+00,2.498001805406602216e-16,8.315434983380970424e-12,-5.877889299624309422e-02,5.551115123125782702e-16,1.169312225476513371e-11,-6.298781533883629491e-02,2.775557561562891351e-16,1.454649528403021558e-03,-7.336938774922718842e-02
1.409998306722532568e+00,2.775557561562891351e-16,8.296206698509521471e-12,-5.854793378528633241e-02,5.551115123125782702e-16,1.166538117188323231e-11,-6.274306300424342675e-02,2.775557561562891351e-16,1.485650147212800145e-03,-7.283972713511342734e-02
1.410958142193414311e+00,2.775557561562891351e-16,8.275392063229400352e-12,-5.830828245437872509e-02,5.551115123125782702e-16,1.163532724690412821e-11,-6.248901965202542652e-02,2.775557561562891351e-16,1.516450620286758505e-03,-7.229508627549507960e-02
1.411917977664296053e+00,2.498001805406602216e-16,8.252888888097718520e-12,-5.805992960435299444e-02,5.273559366969493567e-16,1.160281278946907225e-11,-6.222567086655531737e-02,2.775557561562891351e-16,1.547046479350923593e-03,-7.173549920894997656e-02
1.412877813135177796e+00,2.498001805406602216e-16,8.228592801714715299e-12,-5.780286733901653790e-02,5.273559366969493567e-16,1.156768677021543720e-11,-6.195300368007530811e-02,3.053113317719180486e-16,1.577433287524527888e-03,-7.116100254392049296e-02
1.413837648606059538e+00,2.498001805406602216e-16,8.202398755054272211e-12,-5.753708919385363413e-02,5.273559366969493567e-16,1.152979477164880681e-11,-6.167100660530152462e-02,2.775557561562891351e-16,1.607606639950001550e-03,-7.057163545773363633e-02
1.414797484076941281e+00,2.498001805406602216e-16,8.174197538464433865e-12,-5.726259005368373317e-02,5.273559366969493567e-16,1.148898263038464901e-11,-6.137966942589624664e-02,3.330669073875469621e-16,1.637562164447744877e-03,-6.996743955864341558e-02
1.415757319547823023e+00,2.498001805406602216e-16,8.143879478119189774e-12,-5.697936615340191968e-02,5.273559366969493567e-16,1.144509029785351420e-11,-6.107898326800424021e-02,3.330669073875469621e-16,1.667295522152400372e-03,-6.934845890678947855e-02
1.416717155018704766e+00,2.220446049250313081e-16,8.111335086539777847e-12,-5.668741508881135205e-02,5.273559366969493567e-16,1.139795978885821230e-11,-6.076894059254049629e-02,3.330669073875469621e-16,1.696802408156490452e-03,-6.871474002767218037e-02
1.417676990489586508e+00,2.498001805406602216e-16,8.076450010890186965e-12,-5.638673608382409330e-02,5.551115123125782702e-16,1.134742956066317476e-11,-6.044953548767707102e-02,3.885780586188047891e-16,1.726078552125533258e-03,-6.806633209884818680e-02
1.418636825960468251e+00,2.498001805406602216e-16,8.039111490756346845e-12,-5.607732995071745830e-02,5.551115123125782702e-16,1.129333670850385385e-11,-6.012076361834928218e-02,3.608224830031758756e-16,1.755119718921109573e-03,-6.740328697464817442e-02
1.419596661431349993e+00,2.498001805406602216e-16,7.999205234288618571e-12,-5.575919912035234155e-02,5.551115123125782702e-16,1.123551631167728736e-11,-5.978262222605866538e-02,3.330669073875469621e-16,1.783921709212686136e-03,-6.672565908714521432e-02
1.420556496902231736e+00,2.498001805406602216e-16,7.956615089553011055e-12,-5.543234771994871857e-02,5.828670879282071837e-16,1.117380471664180218e-11,-5.943511019796563627e-02,3.330669073875469621e-16,1.812480360073432870e-03,-6.603350547441501350e-02
1.421516332373113478e+00,2.498001805406602216e-16,7.911225406059037984e-12,-5.509678166481384032e-02,5.551115123125782702e-16,1.110803689088608708e-11,-5.907822824899283676e-02,3.608224830031758756e-16,1.840791545570371690e-03,-6.532688589727610184e-02
1.422476167843995221e+00,2.775557561562891351e-16,7.862920299535119603e-12,-5.475250873563034665e-02,5.551115123125782702e-16,1.103804987543548569e-11,-5.871197902641650535e-02,3.608224830031758756e-16,1.868851177330127945e-03,-6.460586294455848699e-02
1.423436003314876963e+00,2.775557561562891351e-16,7.811581087112818428e-12,-5.439953849232227051e-02,5.273559366969493567e-16,1.096367786867277067e-11,-5.833636706183409348e-02,3.608224830031758756e-16,1.896655205117779661e-03,-6.387050196551397052e-02
1.424395838785758706e+00,3.053113317719180486e-16,7.757093443061177651e-12,-5.403788231318692320e-02,5.273559366969493567e-16,1.088475721366813712e-11,-5.795139872693918365e-02,3.330669073875469621e-16,1.924199617394427384e-03,-6.312087096905383277e-02
1.425355674256640448e+00,2.775557561562891351e-16,7.699339941508653515e-12,-5.366755319002608493e-02,5.551115123125782702e-16,1.080112541562098377e-11,-5.755708205004350653e-02,3.608224830031758756e-16,1.951480441871570161e-03,-6.235704043345152714e-02
1.426315509727522191e+00,2.775557561562891351e-16,7.638203783388083229e-12,-5.328856580636751744e-02,5.551115123125782702e-16,1.071262175849989860e-11,-5.715342685472246664e-02,3.885780586188047891e-16,1.978493746061195466e-03,-6.157908335955516316e-02
1.427275345198403933e+00,2.775557561562891351e-16,7.573570778493781547e-12,-5.290093645742948575e-02,5.273559366969493567e-16,1.061908564824621398e-11,-5.674044461860007493e-02,3.885780586188047891e-16,2.005235637818714254e-03,-6.078707515946257106e-02
1.428235180669285675e+00,2.775557561562891351e-16,7.505325787943162297e-12,-5.250468307852176886e-02,5.273559366969493567e-16,1.052035847624649065e-11,-5.631814856625327187e-02,3.885780586188047891e-16,2.031702265900311132e-03,-5.998109372643428694e-02
1.429195016140167418e+00,2.775557561562891351e-16,7.433355268663711934e-12,-5.209982534012907313e-02,5.273559366969493567e-16,1.041628469675842661e-11,-5.588655383608757965e-02,3.330669073875469621e-16,2.057889820502163854e-03,-5.916121952809184903e-02
1.430154851611049160e+00,2.775557561562891351e-16,7.357546450076964811e-12,-5.168638469703802640e-02,5.273559366969493567e-16,1.030671191839041545e-11,-5.544567751569069031e-02,3.885780586188047891e-16,2.083794533818840618e-03,-5.832753555903557457e-02
1.431114687081930903e+00,2.498001805406602216e-16,7.277790579928757053e-12,-5.126438450418172726e-02,5.273559366969493567e-16,1.019148703146691148e-11,-5.499553867961512466e-02,3.608224830031758756e-16,2.109412680586715202e-03,-5.748012737766997060e-02
1.432074522552812645e+00,2.498001805406602216e-16,7.193975975230927286e-12,-5.083384993718761957e-02,5.273559366969493567e-16,1.007046479355438312e-11,-5.453615834851030519e-02,3.885780586188047891e-16,2.134740578638757991e-03,-5.661908303438879103e-02
1.433034358023694388e+00,2.498001805406602216e-16,7.105996055521788396e-12,-5.039480798824014229e-02,4.996003610813204432e-16,9.943499047423715737e-12,-5.406755960185286730e-02,3.885780586188047891e-16,2.159774589436973778e-03,-5.574449315910025987e-02
1.433994193494576130e+00,2.775557561562891351e-16,7.013747174461782558e-12,-4.994728740225387598e-02,5.273559366969493567e-16,9.810450202045201823e-12,-5.358976759219252067e-02,3.885780586188047891e-16,2.184511118587638065e-03,-5.485645083081425177e-02
1.434954028965457873e+00,2.498001805406602216e-16,6.917125767026514882e-12,-4.949131880315688070e-02,5.551115123125782702e-16,9.671180116509539570e-12,-5.310280959721015021e-02,3.885780586188047891e-16,2.208946616326743807e-03,-5.395505165462422675e-02
1.435913864436339615e+00,2.498001805406602216e-16,6.816030053737043293e-12,-4.902693469551763078e-02,5.551115123125782702e-16,9.525557785312974840e-12,-5.260671505235662432e-02,3.885780586188047891e-16,2.233077578000955670e-03,-5.304039375487383523e-02
1.436873699907221358e+00,2.498001805406602216e-16,6.710363710006606031e-12,-4.855416942327960700e-02,5.828670879282071837e-16,9.373456566865497747e-12,-5.210151544358493370e-02,3.608224830031758756e-16,2.256900544542870483e-03,-5.211257769828966241e-02
1.437833535378103100e+00,2.498001805406602216e-16,6.600032335707297498e-12,-4.807305921595853709e-02,5.828670879282071837e-16,9.214753370339213295e-12,-5.158724435544365799e-02,3.608224830031758756e-16,2.280412102939452425e-03,-5.117170642725377833e-02
1.438793370848984843e+00,2.220446049250313081e-16,6.484943285763478810e-12,-4.758364213004907112e-02,5.828670879282071837e-16,9.049331494922780578e-12,-5.106393743397427687e-02,3.885780586188047891e-16,2.303608886678287174e-03,-5.021788520565140940e-02
1.439753206319866585e+00,1.942890293094023946e-16,6.365011043728795170e-12,-4.708595814787907424e-02,6.106226635438360972e-16,8.877081415867987824e-12,-5.053163247882106607e-02,3.885780586188047891e-16,2.326487576188156561e-03,-4.925122171792150477e-02
1.440713041790748328e+00,1.942890293094023946e-16,6.240150686079954864e-12,-4.658004907908495223e-02,6.106226635438360972e-16,8.697894862035385199e-12,-4.999036925401898618e-02,3.608224830031758756e-16,2.349044899270900152e-03,-4.827182580255992561e-02
1.441672877261630070e+00,2.498001805406602216e-16,6.110282290176186765e-12,-4.606595861765628436e-02,6.661338147750939243e-16,8.511676904748508021e-12,-4.944018956370409973e-02,3.330669073875469621e-16,2.371277631550961461e-03,-4.727980950188887671e-02
1.442632712732511813e+00,2.498001805406602216e-16,5.975327864611839485e-12,-4.554373217596922874e-02,6.383782391594650107e-16,8.318330263967430027e-12,-4.888113727444037132e-02,3.330669073875469621e-16,2.393182596900085123e-03,-4.627528706887275300e-02
1.443592548203393555e+00,2.775557561562891351e-16,5.835217942520842804e-12,-4.501341690901841663e-02,6.661338147750939243e-16,8.117772730062422504e-12,-4.831325832395233499e-02,3.608224830031758756e-16,2.414756667848406025e-03,-4.525837501565119908e-02
1.444552383674275298e+00,2.498001805406602216e-16,5.689883473777336553e-12,-4.447506166838416375e-02,6.661338147750939243e-16,7.909922852345277478e-12,-4.773660077591678624e-02,3.885780586188047891e-16,2.435996765967781124e-03,-4.422919207394870184e-02
1.445512219145157040e+00,2.775557561562891351e-16,5.539262401359473093e-12,-4.392871715977203495e-02,6.938893903907228378e-16,7.694710591355652385e-12,-4.715121481691410960e-02,3.885780586188047891e-16,2.456899862266051331e-03,-4.318785919111291227e-02
1.446472054616038783e+00,2.498001805406602216e-16,5.383297770771879043e-12,-4.337443601703155904e-02,6.661338147750939243e-16,7.472069905628715702e-12,-4.655715306339205245e-02,3.885780586188047891e-16,2.477462977555667210e-03,-4.213449979786310085e-02
1.447431890086920525e+00,2.498001805406602216e-16,5.221935934335807106e-12,-4.281227283387722266e-02,6.938893903907228378e-16,7.241944735135886352e-12,-4.595447064428084122e-02,3.885780586188047891e-16,2.497683182831252416e-03,-4.106923990829926263e-02
1.448391725557802268e+00,2.775557561562891351e-16,5.055128719593481035e-12,-4.224228422070493844e-02,6.661338147750939243e-16,7.004288330434739474e-12,-4.534322514376114277e-02,3.885780586188047891e-16,2.517557599636767451e-03,-3.999220796815316364e-02
1.449351561028684010e+00,2.775557561562891351e-16,4.882837271449544381e-12,-4.166452891133671371e-02,6.661338147750939243e-16,6.759057004953987480e-12,-4.472347663637475657e-02,3.885780586188047891e-16,2.537083400432408025e-03,-3.890353487145397499e-02
1.450311396499565753e+00,2.498001805406602216e-16,4.705024076508829145e-12,-4.107906788414533716e-02,6.938893903907228378e-16,6.506218971241185811e-12,-4.409528783064097651e-02,3.885780586188047891e-16,2.556257808953436503e-03,-3.780335408692517968e-02
1.451271231970447495e+00,2.498001805406602216e-16,4.521656066605074520e-12,-4.048596433547245466e-02,6.938893903907228378e-16,6.245748953833188399e-12,-4.345872404991835830e-02,3.885780586188047891e-16,2.575078100546721298e-03,-3.669180164213043521e-02
1.452231067441329238e+00,2.775557561562891351e-16,4.332711008817480974e-12,-3.988528357464200813e-02,6.661338147750939243e-16,5.977628433201636476e-12,-4.281385307262194212e-02,3.885780586188047891e-16,2.593541602501881274e-03,-3.556901592091447906e-02
1.453190902912210980e+00,2.775557561562891351e-16,4.138166582133822463e-12,-3.927709293446813438e-02,6.661338147750939243e-16,5.701849223620127777e-12,-4.216074501868794649e-02,3.885780586188047891e-16,2.611645694366832374e-03,-3.443513751460808292e-02
1.454150738383092722e+00,2.775557561562891351e-16,3.938009328894633010e-12,-3.866146186347971941e-02,6.661338147750939243e-16,5.418415932947895364e-12,-4.149947245402853951e-02,3.885780586188047891e-16,2.629387808275360228e-03,-3.329030934297936423e-02
1.455110573853974465e+00,3.053113317719180486e-16,3.732233333421808991e-12,-3.803846195546876918e-02,6.661338147750939243e-16,5.127333114834063676e-12,-4.083011044602881390e-02,4.163336342344337027e-16,2.646765429257616140e-03,-3.213467666245821419e-02
1.456070409324856207e+00,2.775557561562891351e-16,3.520835370213887261e-12,-3.740816695033487294e-02,6.661338147750939243e-16,4.828617222046600183e-12,-4.015273661468179989e-02,3.885780586188047891e-16,2.663776095544926215e-03,-3.096838702280265906e-02
1.457030244795737950e+00,2.775557561562891351e-16,3.303823021909811641e-12,-3.677065262882638075e-02,6.938893903907228378e-16,4.522296592919788222e-12,-3.946743106219335884e-02,3.885780586188047891e-16,2.680417398869184686e-03,-2.979159018386933963e-02
1.457990080266619692e+00,2.775557561562891351e-16,3.081206513891321386e-12,-3.612599682176668991e-02,6.661338147750939243e-16,4.208403238522770429e-12,-3.877427637440736263e-02,3.885780586188047891e-16,2.696686984741084470e-03,-2.860443814222321871e-02
1.458949915737501435e+00,2.775557561562891351e-16,2.853001790706615609e-12,-3.547427961810681318e-02,6.661338147750939243e-16,3.886980499837391911e-12,-3.807335786646213333e-02,3.330669073875469621e-16,2.712582552744232170e-03,-2.740708531289236249e-02
1.459909751208383177e+00,2.775557561562891351e-16,2.619234283672902674e-12,-3.481558340132429041e-02,6.938893903907228378e-16,3.558082424341951072e-12,-3.736476371989157913e-02,3.330669073875469621e-16,2.728101856799741102e-03,-2.619968861974241933e-02
1.460869586679264920e+00,2.775557561562891351e-16,2.379932473426001061e-12,-3.414999288538396460e-02,6.661338147750939243e-16,3.221765824230286152e-12,-3.664858508536254084e-02,3.330669073875469621e-16,2.743242705437384191e-03,-2.498240750092199300e-02
1.461829422150146662e+00,2.775557561562891351e-16,2.135136414459920529e-12,-3.347759504287665944e-02,6.661338147750939243e-16,2.878103002234774777e-12,-3.592491595325112558e-02,3.330669073875469621e-16,2.758002962029726998e-03,-2.375540385692257242e-02
1.462789257621028405e+00,2.498001805406602216e-16,1.884885016080126152e-12,-3.279847914934767850e-02,6.661338147750939243e-16,2.527169357840249736e-12,-3.519385319241084137e-02,3.330669073875469621e-16,2.772380545038857433e-03,-2.251884201578269878e-02
1.463749093091910147e+00,2.775557561562891351e-16,1.629232108924481837e-12,-3.211273683085919678e-02,6.661338147750939243e-16,2.169052331951921986e-12,-3.445549659448338825e-02,3.053113317719180486e-16,2.786373428257502352e-03,-2.127288884811346162e-02
1.464708928562791890e+00,2.498001805406602216e-16,1.368230148049345146e-12,-3.142046217024008908e-02,6.661338147750939243e-16,1.803842340254713239e-12,-3.370994901341411304e-02,2.775557561562891351e-16,2.799979641062691395e-03,-2.001771382582642755e-02
1.465668764033673632e+00,1.942890293094023946e-16,1.101939218583862512e-12,-3.072175171134022137e-02,6.661338147750939243e-16,1.431642022813039983e-12,-3.295731626702012862e-02,2.775557561562891351e-16,2.813197268671187648e-03,-1.875348898751082530e-02
1.466628599504555375e+00,2.220446049250313081e-16,8.304328904217006535e-13,-3.001670434570713822e-02,6.383782391594650107e-16,1.052558715641978282e-12,-3.219770701591623957e-02,2.775557561562891351e-16,2.826024452395358919e-03,-1.748038882558379872e-02
1.467588434975437117e+00,1.942890293094023946e-16,5.537788923173220246e-13,-2.930542138720669196e-02,5.828670879282071837e-16,6.667134766903497212e-13,-3.143123295768626702e-02,2.775557561562891351e-16,2.838459389890091340e-03,-1.619859049066657564e-02
1.468548270446318860e+00,1.942890293094023946e-16,2.720611008612955350e-13,-2.858800658655489754e-02,6.106226635438360972e-16,2.742221123027029084e-13,-3.065800882226354940e-02,2.775557561562891351e-16,2.850500335391899752e-03,-1.490827377976490509e-02
1.469508105917200602e+00,1.942890293094023946e-16,-1.463865378741047163e-14,-2.786456605785212273e-02,5.551115123125782702e-16,-1.247798590256650464e-13,-2.987815214256753574e-02,3.053113317719180486e-16,2.862145599939696413e-03,-1.360962088844375195e-02
1.470467941388082345e+00,1.942890293094023946e-16,-3.062265068257130629e-13,-2.713520829953362454e-02,6.106226635438360972e-16,-5.301528123837287443e-13,-2.909178323958108020e-02,2.775557561562891351e-16,2.873393551589342905e-03,-1.230281640611825475e-02
1.471427776858964087e+00,1.387778780781445676e-16,-6.026092710768871097e-13,-2.640004418613190254e-02,6.383782391594650107e-16,-9.417609853307022660e-13,-2.829902530863233345e-02,2.498001805406602216e-16,2.884242615604899924e-03,-1.098804734083746147e-02
1.472387612329845830e+00,1.665334536937734811e-16,-9.036811284088980267e-13,-2.565918718222782308e-02,6.106226635438360972e-16,-1.359446321518627959e-12,-2.750000464430585670e-02,2.775557561562891351e-16,2.894691274643561817e-03,-9.665503365137058378e-03
1.473347447800727572e+00,1.387778780781445676e-16,-1.209341844330899529e-12,-2.491275336073755370e-02,6.106226635438360972e-16,-1.783055013316811599e-12,-2.669485062248700205e-02,2.775557561562891351e-16,2.904738068913377200e-03,-8.335376786624154946e-03
1.474307283271609315e+00,1.387778780781445676e-16,-1.519477489523354125e-12,-2.416086140002814478e-02,6.106226635438360972e-16,-2.212426768210314781e-12,-2.588369559503651829e-02,2.775557561562891351e-16,2.914381596347451198e-03,-6.997862484691033495e-03
1.475267118742491057e+00,1.665334536937734811e-16,-1.833970163776267592e-12,-2.340363245408329240e-02,6.106226635438360972e-16,-2.647389238711293780e-12,-2.506667491166463327e-02,2.498001805406602216e-16,2.923620512754859443e-03,-5.653157900782531699e-03
1.476226954213372800e+00,1.387778780781445676e-16,-2.152698090856879076e-12,-2.264119019977327632e-02,6.106226635438360972e-16,-3.087768539120072653e-12,-2.424392691275235531e-02,2.498001805406602216e-16,2.932453531977969718e-03,-4.301463094998837083e-03
1.477186789684254542e+00,1.387778780781445676e-16,-2.475537400666982107e-12,-2.187366091069554291e-02,6.106226635438360972e-16,-3.533389536904477102e-12,-2.341559310261970978e-02,2.498001805406602216e-16,2.940879426031499985e-03,-2.942980926732192710e-03
1.478146625155136284e+00,1.387778780781445676e-16,-2.802357263885675576e-12,-2.110117333913185886e-02,6.106226635438360972e-16,-3.984066467574778891e-12,-2.258181790986995077e-02,1.942890293094023946e-16,2.948897025252831313e-03,-1.577916921723438847e-03
1.479106460626018027e+00,1.387778780781445676e-16,-3.133024926733202209e-12,-2.032385863542973681e-02,6.661338147750939243e-16,-4.439614488213096399e-12,-2.174274858303309327e-02,1.942890293094023946e-16,2.956505218446916702e-03,-2.064791549414886752e-04
1.480066296096899769e+00,1.387778780781445676e-16,-3.467401821395654782e-12,-1.954185025081784516e-02,6.661338147750939243e-16,-4.899840875107006749e-12,-2.089853509233708176e-02,1.942890293094023946e-16,2.963702953026224260e-03,1.171121849812255733e-03
1.481026131567781512e+00,1.387778780781445676e-16,-3.805349664662196346e-12,-1.875528403116872786e-02,6.661338147750939243e-16,-5.364556157150604521e-12,-2.004933018585266721e-02,1.665334536937734811e-16,2.970489235143966567e-03,2.554673035970292643e-03
1.481985967038663254e+00,1.110223024625156540e-16,-4.146719907282669232e-12,-1.796429829203073300e-02,6.106226635438360972e-16,-5.833561024103268988e-12,-1.919528955463759012e-02,1.665334536937734811e-16,2.976863129811433469e-03,3.943958585326591895e-03
1.482945802509544997e+00,1.110223024625156540e-16,-4.491372185733318034e-12,-1.716903382977430503e-02,6.383782391594650107e-16,-6.306658740704539079e-12,-1.833657179119519212e-02,1.387778780781445676e-16,2.982823761028568187e-03,5.338759968764575717e-03
1.483905637980426739e+00,1.387778780781445676e-16,-4.839154040859900557e-12,-1.636963399659575880e-02,6.661338147750939243e-16,-6.783647001605292576e-12,-1.747333843125837768e-02,1.665334536937734811e-16,2.988370311886731027e-03,6.738855976133199636e-03
1.484865473451308482e+00,1.110223024625156540e-16,-5.189917336764337391e-12,-1.556624458350812715e-02,6.661338147750939243e-16,-7.264323420141244325e-12,-1.660575385303970225e-02,1.387778780781445676e-16,2.993502024669153321e-03,8.144022732862212649e-03
1.485825308922190224e+00,1.110223024625156540e-16,-5.543506097411589340e-12,-1.475901385914470294e-02,6.661338147750939243e-16,-7.748483881700896775e-12,-1.573398524844357368e-02,1.942890293094023946e-16,2.998218200933919653e-03,9.554033744560104513e-03
1.486785144393071967e+00,8.326672684688674053e-17,-5.899765485178898317e-12,-1.394809243168142025e-02,6.661338147750939243e-16,-8.235921500180948956e-12,-1.485820250706082479e-02,1.387778780781445676e-16,3.002518201576036272e-03,1.096865997106039915e-02
1.487744979863953709e+00,1.110223024625156540e-16,-6.258544274191993328e-12,-1.313363305816592219e-02,6.661338147750939243e-16,-8.726430019670612659e-12,-1.397857807314751427e-02,1.387778780781445676e-16,3.006401446879315795e-03,1.238767001999796502e-02
1.488704815334835452e+00,5.551115123125782702e-17,-6.619679725704784301e-12,-1.231579060701387673e-02,6.661338147750939243e-16,-9.219803191035363249e-12,-1.309528689474662687e-02,1.110223024625156540e-16,3.009867416531029991e-03,1.381083011663990397e-02
1.489664650805717194e+00,8.326672684688674053e-17,-6.983014345799190559e-12,-1.149472199171920443e-02,6.661338147750939243e-16,-9.715830360569350371e-12,-1.220850633664831777e-02,1.387778780781445676e-16,3.012915649653179467e-03,1.523790418405886540e-02
1.490624486276598937e+00,1.110223024625156540e-16,-7.348389353067051599e-12,-1.067058620353425816e-02,6.661338147750939243e-16,-1.021430418815961333e-11,-1.131841610699573994e-02,1.110223024625156540e-16,3.015545744802415606e-03,1.666865390407490377e-02
1.491584321747480679e+00,1.110223024625156540e-16,-7.715642774480061666e-12,-9.843544137073955563e-03,6.661338147750939243e-16,-1.071501142479135138e-11,-1.042519808078608626e-02,1.110223024625156540e-16,3.017757360001696240e-03,1.810283886732444100e-02
1.492544157218362422e+00,1.110223024625156540e-16,-8.084614317523282356e-12,-9.013758546586900927e-03,6.938893903907228378e-16,-1.121774870801832413e-11,-9.529036230619309517e-03,8.326672684688674053e-17,3.019550212752596975e-03,1.954021658522239399e-02
1.493503992689244164e+00,1.110223024625156540e-16,-8.455142625808393514e-12,-8.181393931632103406e-03,6.938893903907228378e-16,-1.172230785069462364e-11,-8.630116582832747518e-03,1.110223024625156540e-16,3.020924080050990494e-03,2.098054256658307345e-02
1.494463828160125907e+00,1.110223024625156540e-16,-8.827068009907915180e-12,-7.346616556061905112e-03,7.216449660063517513e-16,-1.222848191928310388e-11,-7.728627220792697559e-03,1.387778780781445676e-16,3.021878798385322674e-03,2.242357030077130400e-02
1.495423663631007649e+00,1.110223024625156540e-16,-9.200226287731615160e-12,-6.509594410901297853e-03,7.216449660063517513e-16,-1.273606559299735042e-11,-6.824758172243029081e-03,1.110223024625156540e-16,3.022414263737498597e-03,2.386905140842694728e-02
1.496383499101889392e+00,1.110223024625156540e-16,-9.574460839499414344e-12,-5.670496993470540772e-03,7.494005416219806648e-16,-1.324485545518101423e-11,-5.918701243718387656e-03,1.387778780781445676e-16,3.022530431582761551e-03,2.531673566308029547e-02
1.497343334572771134e+00,5.551115123125782702e-17,-9.949607767724150814e-12,-4.829495347889933496e-03,7.494005416219806648e-16,-1.375465010850429257e-11,-5.010650086017432066e-03,1.387778780781445676e-16,3.022227316878065180e-03,2.676637095452519266e-02
1.498303170043652877e+00,1.110223024625156540e-16,-1.032550826389260976e-11,-3.986761931957336080e-03,6.938893903907228378e-16,-1.426524631926995301e-11,-4.100800067606657183e-03,1.387778780781445676e-16,3.021504994022494901e-03,2.821770342527272699e-02
1.499263005514534619e+00,1.110223024625156540e-16,-1.070200372955574727e-11,-3.142470704927124558e-03,6.938893903907228378e-16,-1.477644666781491312e-11,-3.189348278034174079e-03,1.387778780781445676e-16,3.020363596802185663e-03,2.967047747155809531e-02
1.500222840985416362e+00,1.110223024625156540e-16,-1.107893930676201455e-11,-2.296797025529603766e-03,7.216449660063517513e-16,-1.528805208784404096e-11,-2.276493305275542351e-03,1.387778780781445676e-16,3.018803318331335708e-03,3.112443589643906772e-02
1.501182676456298104e+00,8.326672684688674053e-17,-1.145615924309307046e-11,-1.449917692919637903e-03,7.494005416219806648e-16,-1.579987089241324111e-11,-1.362435231151339120e-03,1.110223024625156540e-16,3.016824411010901943e-03,3.257931988286447145e-02
1.502142511927179847e+00,1.110223024625156540e-16,-1.183350601074951644e-11,-6.020107868440121917e-04,7.216449660063517513e-16,-1.631170585837107487e-11,-4.473754806929765987e-04,1.387778780781445676e-16,3.014427186465627306e-03,3.403486924767058081e-02
1.503102347398061589e+00,1.110223024625156540e-16,-1.221082628999163588e-11,2.467444481026534746e-04,6.938893903907228378e-16,-1.682337082142826290e-11,4.684834000257310799e-04,1.110223024625156540e-16,3.011612015483719658e-03,3.549082258040496540e-02
1.504062182868943331e+00,1.110223024625156540e-16,-1.258796867198604119e-11,1.096167709899054359e-03,7.494005416219806648e-16,-1.733467240057481526e-11,1.384937920000978758e-03,1.387778780781445676e-16,3.008379327933681773e-03,3.694691738358470146e-02
1.505022018339825074e+00,1.110223024625156540e-16,-1.296478318446722330e-11,1.946077803254022374e-03,7.494005416219806648e-16,-1.784542134832152460e-11,2.301783936059753968e-03,1.387778780781445676e-16,3.004729612685881884e-03,3.840289032100319133e-02
1.505981853810706816e+00,1.110223024625156540e-16,-1.334112051924350381e-11,2.796292695923731971e-03,7.494005416219806648e-16,-1.835543983518331257e-11,3.218816561621836488e-03,1.665334536937734811e-16,3.000663417508315015e-03,3.985847720616891854e-02
1.506941689281588559e+00,1.110223024625156540e-16,-1.371683859162017849e-11,3.646629839658366463e-03,7.494005416219806648e-16,-1.886453844426438237e-11,4.135830520204727447e-03,1.387778780781445676e-16,2.996181348962043394e-03,4.131341325168862849e-02
1.507901524752470301e+00,1.110223024625156540e-16,-1.409178319416700201e-11,4.496906192688605690e-03,7.494005416219806648e-16,-1.937254008469238564e-11,5.052620121064905351e-03,1.110223024625156540e-16,2.991284072288705707e-03,4.276743303269804619e-02
1.508861360223352044e+00,1.110223024625156540e-16,-1.446581339415407841e-11,5.346938266219081366e-03,7.494005416219806648e-16,-1.987926224458411162e-11,5.968979354753852287e-03,1.110223024625156540e-16,2.985972311301542201e-03,4.422027058337461847e-02
1.509821195694233786e+00,1.110223024625156540e-16,-1.483879006133762349e-11,6.196542073677883435e-03,7.494005416219806648e-16,-2.038453391137564144e-11,6.884701849519537196e-03,1.110223024625156540e-16,2.980246848270805358e-03,4.567165939631505356e-02
1.510781031165115529e+00,8.326672684688674053e-17,-1.521057292706157194e-11,7.045533199147475945e-03,8.049116928532384918e-16,-2.088817770281529290e-11,7.799580856204062912e-03,8.326672684688674053e-17,2.974108523798596557e-03,4.712133238950172442e-02
1.511740866635997271e+00,1.110223024625156540e-16,-1.558102184464260284e-11,7.893726918138558452e-03,7.216449660063517513e-16,-2.139002210489564237e-11,8.713409424900753555e-03,1.110223024625156540e-16,2.967558236688059257e-03,4.856902200687721050e-02
1.512700702106879014e+00,1.110223024625156540e-16,-1.594999749410155182e-11,8.740938231383008419e-03,7.216449660063517513e-16,-2.188989228324011299e-11,9.625980457794046721e-03,8.326672684688674053e-17,2.960596943800364051e-03,5.001446028967179713e-02
1.513660537577760756e+00,1.387778780781445676e-16,-1.631736682350306417e-11,9.586981877540158223e-03,7.494005416219806648e-16,-2.238762373727408439e-11,1.053708685860018854e-02,8.326672684688674053e-17,2.953225659917314231e-03,5.145737899434511819e-02
1.514620373048642499e+00,1.387778780781445676e-16,-1.668299936266820840e-11,1.043167229583727949e-02,7.494005416219806648e-16,-2.288304802263753379e-11,1.144652146802625781e-02,5.551115123125782702e-17,2.945445457589623839e-03,5.289750959051743584e-02
1.515580208519524241e+00,1.110223024625156540e-16,-1.704675883416016668e-11,1.127482385525634297e-02,6.938893903907228378e-16,-2.337600039481035202e-11,1.235407724251497141e-02,1.110223024625156540e-16,2.937257466981620883e-03,5.433458335592870198e-02
1.516540043990405984e+00,8.326672684688674053e-17,-1.740852201162577245e-11,1.211625101055979932e-02,6.661338147750939243e-16,-2.386631570947287881e-11,1.325954759696558981e-02,8.326672684688674053e-17,2.928662875703231128e-03,5.576833173603458482e-02
1.517499879461287726e+00,1.110223024625156540e-16,-1.776815883146190891e-11,1.295576847328605563e-02,7.216449660063517513e-16,-2.435383509712552713e-11,1.416272665654188904e-02,5.551115123125782702e-17,2.919662928632638186e-03,5.719848656512867974e-02
1.518459714932169469e+00,1.110223024625156540e-16,-1.812554351266404060e-11,1.379319126629179222e-02,6.661338147750939243e-16,-2.483839771637600877e-11,1.506340930596950303e-02,8.326672684688674053e-17,2.910258927768001949e-03,5.862478010822405605e-02
1.519419550403051211e+00,5.551115123125782702e-17,-1.848055298473306324e-11,1.462833472910814170e-02,6.938893903907228378e-16,-2.531984269872698118e-11,1.596139118419321115e-02,8.326672684688674053e-17,2.900452232056483382e-03,6.004694503458707366e-02
1.520379385873932954e+00,1.387778780781445676e-16,-1.883306234757870651e-11,1.546101470892335267e-02,6.661338147750939243e-16,-2.579801529464711279e-11,1.685646886656978413e-02,8.326672684688674053e-17,2.890244257231973282e-03,6.146471468981658248e-02
1.521339221344814696e+00,1.110223024625156540e-16,-1.918295673675705915e-11,1.629104776810627597e-02,6.661338147750939243e-16,-2.627275817962491239e-11,1.774844008920074476e-02,8.326672684688674053e-17,2.879636475613654885e-03,6.287782326201984962e-02
1.522299056815696439e+00,1.110223024625156540e-16,-1.953011178072640991e-11,1.711825134857746303e-02,6.661338147750939243e-16,-2.674391807457824483e-11,1.863710386810187025e-02,1.110223024625156540e-16,2.868630415914864232e-03,6.428600594823526138e-02
1.523258892286578181e+00,1.387778780781445676e-16,-1.987441558304629471e-11,1.794244378585370045e-02,6.661338147750939243e-16,-2.721134061622280248e-11,1.952226054204802413e-02,1.387778780781445676e-16,2.857227663017550962e-03,6.568899900331635899e-02
1.524218727757459924e+00,1.110223024625156540e-16,-2.021574861720346061e-11,1.876344437464383744e-02,6.661338147750939243e-16,-2.767487464644695014e-11,2.040371183858738502e-02,1.110223024625156540e-16,2.845429857749564098e-03,6.708653990171425940e-02
1.525178563228341666e+00,1.387778780781445676e-16,-2.055399786189768957e-11,1.958107353069999529e-02,6.661338147750939243e-16,-2.813436130930362794e-11,2.128126107660496466e-02,1.387778780781445676e-16,2.833238696647429923e-03,6.847836749542893231e-02
1.526138398699223409e+00,1.110223024625156540e-16,-2.088904656888379563e-11,2.039515290590370594e-02,6.661338147750939243e-16,-2.858965530137293209e-11,2.215471324927706029e-02,1.387778780781445676e-16,2.820655931718819755e-03,6.986422214713995660e-02
1.527098234170105151e+00,1.387778780781445676e-16,-2.122078709043857814e-11,2.120550537643316538e-02,6.661338147750939243e-16,-2.904060656229792703e-11,2.302387497473914676e-02,1.387778780781445676e-16,2.807683370206629295e-03,7.124384566542457664e-02
1.528058069640986893e+00,1.110223024625156540e-16,-2.154911127739533167e-11,2.201195514530333852e-02,6.661338147750939243e-16,-2.948706173168131467e-11,2.388855465225714347e-02,1.387778780781445676e-16,2.794322874352882756e-03,7.261698142397632338e-02
1.529017905111868636e+00,1.387778780781445676e-16,-2.187390515300067367e-11,2.281432797977697366e-02,6.938893903907228378e-16,-2.992887598721790526e-11,2.474856266981715139e-02,1.665334536937734811e-16,2.780576361162624428e-03,7.398337459321610576e-02
1.529977740582750378e+00,1.110223024625156540e-16,-2.219506373937925325e-11,2.361245140274582238e-02,6.661338147750939243e-16,-3.036590567211984448e-11,2.560371167525936700e-02,1.387778780781445676e-16,2.766445802177705093e-03,7.534277240477496584e-02
1.530937576053632121e+00,1.110223024625156540e-16,-2.251248076438937609e-11,2.440615486373576976e-02,6.661338147750939243e-16,-3.079799994675988528e-11,2.645381676397204340e-02,1.942890293094023946e-16,2.751933223236534103e-03,7.669492434591751451e-02
1.531897411524513863e+00,1.110223024625156540e-16,-2.282605425881671993e-11,2.519526971649363803e-02,6.938893903907228378e-16,-3.122502019589027539e-11,2.729869543644695626e-02,1.942890293094023946e-16,2.737040704233132792e-03,7.803958205799992054e-02
1.532857246995395606e+00,1.110223024625156540e-16,-2.313567557205107456e-11,2.597962941072578039e-02,6.938893903907228378e-16,-3.164682370462379782e-11,2.813816779068876311e-02,1.387778780781445676e-16,2.721770378855968391e-03,7.937649962445535168e-02
1.533817082466277348e+00,1.387778780781445676e-16,-2.344124770187932041e-11,2.675906959287501635e-02,6.938893903907228378e-16,-3.206326893714309817e-11,2.897205681168010458e-02,1.387778780781445676e-16,2.706124434336426490e-03,8.070543385742980080e-02
1.534776917937159091e+00,1.110223024625156540e-16,-2.374267614652959824e-11,2.753342827847950550e-02,6.661338147750939243e-16,-3.247421565867342902e-11,2.980018852870805479e-02,1.942890293094023946e-16,2.690105111165608329e-03,8.202614450767939380e-02
1.535736753408040833e+00,1.110223024625156540e-16,-2.403985876060473273e-11,2.830254581371549963e-02,6.938893903907228378e-16,-3.287953073596427273e-11,3.062239192397041634e-02,1.942890293094023946e-16,2.673714702806184555e-03,8.333839417817992534e-02
1.536696588878922576e+00,1.110223024625156540e-16,-2.433270361731302428e-11,2.906626484689599915e-02,6.938893903907228378e-16,-3.327907810164298236e-11,3.143849875887846229e-02,1.942890293094023946e-16,2.656955555380930822e-03,8.464194817691250705e-02
1.537656424349804318e+00,1.387778780781445676e-16,-2.462111628264524940e-11,2.982443046040164289e-02,6.938893903907228378e-16,-3.367272476476057541e-11,3.224834386072852194e-02,1.665334536937734811e-16,2.639830067358118343e-03,8.593657485125466566e-02
1.538616259820686061e+00,1.387778780781445676e-16,-2.490500553454112059e-11,3.057689020812156405e-02,6.938893903907228378e-16,-3.406033770726301507e-11,3.305176522670181388e-02,1.942890293094023946e-16,2.622340689224785665e-03,8.722204569256505891e-02
1.539576095291567803e+00,1.110223024625156540e-16,-2.518428365426862020e-11,3.132349447874496068e-02,7.494005416219806648e-16,-3.444178832922011740e-11,3.384860429536491744e-02,1.942890293094023946e-16,2.604489923146877280e-03,8.849813558490850218e-02
1.540535930762449546e+00,1.110223024625156540e-16,-2.545886013805140000e-11,3.206409649254427646e-02,7.494005416219806648e-16,-3.481695140528096033e-11,3.463870595673488456e-02,1.942890293094023946e-16,2.586280322620495686e-03,8.976462282658181913e-02
1.541495766233331288e+00,1.387778780781445676e-16,-2.572865351487246127e-11,3.279855244257432606e-02,7.494005416219806648e-16,-3.518570470520312327e-11,3.542191863339043401e-02,2.220446049250313081e-16,2.567714492105002601e-03,9.102128925034370932e-02
1.542455601704213031e+00,1.387778780781445676e-16,-2.599358042991353063e-11,3.352672154465672488e-02,7.494005416219806648e-16,-3.554792069292980403e-11,3.619809439273950075e-02,1.942890293094023946e-16,2.548795086660115249e-03,9.226792030622872620e-02
1.543415437175094773e+00,1.387778780781445676e-16,-2.625356126885382974e-11,3.424846616114953640e-02,7.494005416219806648e-16,-3.590349275750612940e-11,3.696708902780648787e-02,2.220446049250313081e-16,2.529524811572746515e-03,9.350430511729387884e-02
1.544375272645976516e+00,1.387778780781445676e-16,-2.650852086937775104e-11,3.496365177902405891e-02,7.494005416219806648e-16,-3.625230219912300295e-11,3.772876204316218118e-02,2.498001805406602216e-16,2.509906421993047827e-03,9.473023650082142144e-02
1.545335108116858258e+00,1.387778780781445676e-16,-2.675838421824748570e-11,3.567214691447721103e-02,7.494005416219806648e-16,-3.659424472430769515e-11,3.848297661178576301e-02,1.942890293094023946e-16,2.489942722570152780e-03,9.594551103205910259e-02
1.546294943587740001e+00,1.387778780781445676e-16,-2.700308283454331409e-11,3.637382323476560930e-02,7.771561172376095783e-16,-3.692921265823195104e-11,3.922959970793877399e-02,1.942890293094023946e-16,2.469636567082647647e-03,9.714992905900581011e-02
1.547254779058621743e+00,1.387778780781445676e-16,-2.724254873878902139e-11,3.706855556430110193e-02,7.771561172376095783e-16,-3.725710801612443224e-11,3.996850201358565641e-02,2.220446049250313081e-16,2.448990858069255254e-03,9.834329471442822268e-02
1.548214614529503486e+00,1.387778780781445676e-16,-2.747671935219046443e-11,3.775622202734872646e-02,7.771561172376095783e-16,-3.757783976566023143e-11,4.069955801937038403e-02,2.220446049250313081e-16,2.428008546431829201e-03,9.952541605342368758e-02
1.549174450000385228e+00,1.387778780781445676e-16,-2.770553799130281297e-11,3.843670397490022567e-02,7.494005416219806648e-16,-3.789131681352806910e-11,4.142264599007387804e-02,2.498001805406602216e-16,2.406692631040826570e-03,1.006961051216835462e-01
1.550134285471266971e+00,1.387778780781445676e-16,-2.792894846057221436e-11,3.910988599800037380e-02,7.494005416219806648e-16,-3.819745926758036023e-11,4.213764791355111006e-02,2.220446049250313081e-16,2.385046158299362375e-03,1.018551778286561765e-01
1.551094120942148713e+00,1.387778780781445676e-16,-2.814690174050794511e-11,3.977565605779576768e-02,7.494005416219806648e-16,-3.849618775066555171e-11,4.284444967947580174e-02,2.498001805406602216e-16,2.363072221735357855e-03,1.030024541646721442e-01
1.552053956413030456e+00,1.387778780781445676e-16,-2.835934990259771776e-11,4.043390550918282700e-02,7.494005416219806648e-16,-3.878743183030001346e-11,4.354294109470874946e-02,2.498001805406602216e-16,2.340773961550808580e-03,1.041377582702782828e-01
1.553013791883912198e+00,1.110223024625156540e-16,-2.856625217406358330e-11,4.108452916173503666e-02,7.494005416219806648e-16,-3.907112909031992820e-11,4.423301587323516526e-02,2.220446049250313081e-16,2.318154564174936157e-03,1.052609184849738200e-01
1.553973627354793940e+00,1.110223024625156540e-16,-2.876757345386020751e-11,4.172742515324600471e-02,7.494005416219806648e-16,-3.934722182406466540e-11,4.491457157248592014e-02,2.220446049250313081e-16,2.295217261796000247e-03,1.063717672829829625e-01
1.554933462825675683e+00,1.110223024625156540e-16,-2.896327955573783919e-11,4.236249497872403985e-02,7.494005416219806648e-16,-3.961565814568400803e-11,4.558750968834344303e-02,1.942890293094023946e-16,2.271965331907104153e-03,1.074701414154181078e-01
1.555893298296557425e+00,1.110223024625156540e-16,-2.915334660691989294e-11,4.298964359194955981e-02,7.494005416219806648e-16,-3.987639770252834892e-11,4.625173575399667281e-02,1.942890293094023946e-16,2.248402096866625004e-03,1.085558820245684369e-01
1.556853133767439168e+00,1.387778780781445676e-16,-2.933775328250488867e-11,4.360877942599147156e-02,7.494005416219806648e-16,-4.012940213416957280e-11,4.690715922463729870e-02,1.665334536937734811e-16,2.224530923451661230e-03,1.096288346065490832e-01
1.557812969238320910e+00,1.110223024625156540e-16,-2.951648247242729187e-11,4.421981445129511551e-02,7.494005416219806648e-16,-4.037464665981177481e-11,4.755369347119058065e-02,1.387778780781445676e-16,2.200355222397033707e-03,1.106888489671738057e-01
1.558772804709202653e+00,1.110223024625156540e-16,-2.968952388354272748e-11,4.482266409799871842e-02,7.216449660063517513e-16,-4.061211145210772561e-11,4.819125579973476681e-02,1.387778780781445676e-16,2.175878447919349628e-03,1.117357792591515270e-01
1.559732640180084395e+00,8.326672684688674053e-17,-2.985687601152068119e-11,4.541724727700877789e-02,7.494005416219806648e-16,-4.084178541153768438e-11,4.881976736914424991e-02,1.387778780781445676e-16,2.151104097240694266e-03,1.127694839750685574e-01
1.560692475650966138e+00,1.110223024625156540e-16,-3.001853813807721372e-11,4.600348629189802280e-02,7.494005416219806648e-16,-4.106366593601643716e-11,4.943915302473256973e-02,1.387778780781445676e-16,2.126035710115129103e-03,1.137898257614838732e-01
1.561652311121847880e+00,1.110223024625156540e-16,-3.017451722243501971e-11,4.658130683215148948e-02,6.938893903907228378e-16,-4.127775791800628730e-11,5.004934118362875523e-02,1.110223024625156540e-16,2.100676868338798107e-03,1.147966713213960099e-01
1.562612146592729623e+00,1.110223024625156540e-16,-3.032482992742623756e-11,4.715063780385769093e-02,6.938893903907228378e-16,-4.148407823040354409e-11,5.065026373693218287e-02,1.110223024625156540e-16,2.075031195275681660e-03,1.157898913237156158e-01
1.563571982063611365e+00,1.387778780781445676e-16,-3.046949540277173879e-11,4.771141117278271393e-02,6.938893903907228378e-16,-4.168264941106086807e-11,5.124185591437009635e-02,1.387778780781445676e-16,2.049102355360863693e-03,1.167693603783499928e-01
1.564531817534493108e+00,1.110223024625156540e-16,-3.060853733151272862e-11,4.826356190384160916e-02,6.661338147750939243e-16,-4.187350261723819106e-11,5.182405623924751792e-02,1.387778780781445676e-16,2.022894053617394286e-03,1.177349569313957123e-01
1.565491653005374850e+00,1.387778780781445676e-16,-3.074198758241681456e-11,4.880702782442140203e-02,6.938893903907228378e-16,-4.205667818125632951e-11,5.239680640095823599e-02,1.387778780781445676e-16,1.996410035150640323e-03,1.186865631560787560e-01
1.566451488476256593e+00,1.387778780781445676e-16,-3.086988680628920123e-11,4.934174974169917155e-02,6.661338147750939243e-16,-4.223223113992806421e-11,5.296005143332305903e-02,1.387778780781445676e-16,1.969654084644306691e-03,1.196240651167790187e-01
1.567411323947138335e+00,1.110223024625156540e-16,-3.099227809338998135e-11,4.986767132816277009e-02,6.938893903907228378e-16,-4.240021444297699393e-11,5.351373954842974373e-02,1.387778780781445676e-16,1.942630025842737333e-03,1.205473526353290359e-01
1.568371159418020078e+00,1.387778780781445676e-16,-3.110921058518262283e-11,5.038473913561804240e-02,6.661338147750939243e-16,-4.256069775716896444e-11,5.405782222807638260e-02,1.387778780781445676e-16,1.915341721030681217e-03,1.214563193743138786e-01
1.569330994888901820e+00,1.110223024625156540e-16,-3.122074359091409242e-11,5.089290246319069094e-02,6.661338147750939243e-16,-4.271375588567761367e-11,5.459225410435938203e-02,1.387778780781445676e-16,1.887793070516055908e-03,1.223508627201094767e-01
1.570290830359783563e+00,1.387778780781445676e-16,-3.132693835106647659e-11,5.139211343817453453e-02,6.938893903907228378e-16,-4.285947511744334429e-11,5.511699295624092332e-02,1.387778780781445676e-16,1.859988012095154658e-03,1.232308838277324931e-01
1.571250665830665305e+00,1.387778780781445676e-16,-3.142786438671595420e-11,5.188232700467178271e-02,7.216449660063517513e-16,-4.299794738264598772e-11,5.563199968604159301e-02,1.387778780781445676e-16,1.831930520520963415e-03,1.240962875397331744e-01
1.572210501301547048e+00,1.387778780781445676e-16,-3.152359533213069595e-11,5.236350088344069592e-02,6.938893903907228378e-16,-4.312927544332270484e-11,5.613723822387437640e-02,1.387778780781445676e-16,1.803624606963757666e-03,1.249469823459725681e-01
1.573170336772428790e+00,1.387778780781445676e-16,-3.161421339694043056e-11,5.283559541169809137e-02,6.661338147750939243e-16,-4.325356813981908605e-11,5.663267546256275237e-02,1.387778780781445676e-16,1.775074318481214240e-03,1.257828802565705839e-01
1.574130172243310533e+00,1.387778780781445676e-16,-3.169980265763550249e-11,5.329857330203451732e-02,6.938893903907228378e-16,-4.337094352819918786e-11,5.711828083381266519e-02,1.387778780781445676e-16,1.746283737484358254e-03,1.266038964851005366e-01
1.575090007714192275e+00,1.387778780781445676e-16,-3.178045413976455548e-11,5.375239967040706252e-02,6.938893903907228378e-16,-4.348152562425088366e-11,5.759402625526318514e-02,1.942890293094023946e-16,1.717256981187911423e-03,1.274099493695878549e-01
1.576049843185074018e+00,1.387778780781445676e-16,-3.185626449995126661e-11,5.419704201246480779e-02,6.938893903907228378e-16,-4.358544733083172945e-11,5.805988608645036575e-02,1.387778780781445676e-16,1.687998201044008930e-03,1.282009603860872482e-01
1.577009678655955760e+00,1.387778780781445676e-16,-3.192733666286312263e-11,5.463247011123686242e-02,7.494005416219806648e-16,-4.368284767654155576e-11,5.851583713668404713e-02,1.387778780781445676e-16,1.658511582163705146e-03,1.289768540806539576e-01
1.577969514126837502e+00,1.942890293094023946e-16,-3.199377542002822608e-11,5.505865589897173534e-02,6.938893903907228378e-16,-4.377387447879405383e-11,5.896185855469895931e-02,1.387778780781445676e-16,1.628801342760068408e-03,1.297375580222984159e-01
1.578929349597719245e+00,1.387778780781445676e-16,-3.205569316255428222e-11,5.547557326056795635e-02,6.938893903907228378e-16,-4.385868008154698502e-11,5.939793152003448873e-02,1.110223024625156540e-16,1.598871733572360815e-03,1.304830025142010574e-01
1.579889185068600987e+00,1.665334536937734811e-16,-3.211320427377048828e-11,5.588319800994787784e-02,6.938893903907228378e-16,-4.393742209052677906e-11,5.982403929606121967e-02,1.110223024625156540e-16,1.568727037313763636e-03,1.312131206583795617e-01
1.580849020539482730e+00,1.942890293094023946e-16,-3.216642834795273298e-11,5.628150788715905600e-02,7.216449660063517513e-16,-4.401026799464029422e-11,6.024016720328051466e-02,1.110223024625156540e-16,1.538371568094684108e-03,1.319278482529473995e-01
1.581808856010364472e+00,1.942890293094023946e-16,-3.221548871987440013e-11,5.667048251335719822e-02,6.938893903907228378e-16,-4.407738650252183282e-11,6.064630259905687965e-02,8.326672684688674053e-17,1.507809670878250234e-03,1.326271237974257777e-01
1.582768691481246215e+00,1.665334536937734811e-16,-3.226051221408461622e-11,5.705010326144455829e-02,6.938893903907228378e-16,-4.413895420360023844e-11,6.104243469759865898e-02,1.110223024625156540e-16,1.477045720908709428e-03,1.333108883241871379e-01
1.583728526952127957e+00,1.942890293094023946e-16,-3.230162850793947410e-11,5.742035327899448760e-02,6.938893903907228378e-16,-4.419515050961813490e-11,6.142855457318376067e-02,1.110223024625156540e-16,1.446084123149913268e-03,1.339790854462294956e-01
1.584688362423009700e+00,1.942890293094023946e-16,-3.233896958611281493e-11,5.778121752640968944e-02,6.938893903907228378e-16,-4.424615756315236799e-11,6.180465524366331870e-02,1.110223024625156540e-16,1.414929311701059594e-03,1.346316614120797728e-01
1.585648197893891442e+00,1.942890293094023946e-16,-3.237267221393243417e-11,5.813268266044117893e-02,7.494005416219806648e-16,-4.429216235180824177e-11,6.217073150796617598e-02,8.326672684688674053e-17,1.383585749201985500e-03,1.352685649913429600e-01
1.586608033364773185e+00,2.220446049250313081e-16,-3.240287172015824876e-11,5.847473691466519019e-02,6.938893903907228378e-16,-4.433335700637511603e-11,6.252677980123845514e-02,5.551115123125782702e-17,1.352057926227811504e-03,1.358897473549272872e-01
1.587567868835654927e+00,1.942890293094023946e-16,-3.242970848864280484e-11,5.880736991326034058e-02,6.938893903907228378e-16,-4.436993287159577554e-11,6.287279798034896283e-02,1.110223024625156540e-16,1.320350360663844359e-03,1.364951619209958389e-01
1.588527704306536670e+00,1.942890293094023946e-16,-3.245332363168698317e-11,5.913057268297993579e-02,6.661338147750939243e-16,-4.440208258986748022e-11,6.320878529619483599e-02,8.326672684688674053e-17,1.288467597076696633e-03,1.370847643297171958e-01
1.589487539777418412e+00,1.942890293094023946e-16,-3.247385717061322848e-11,5.944433759209785673e-02,6.661338147750939243e-16,-4.443000387223264638e-11,6.353474238320502843e-02,8.326672684688674053e-17,1.256414206075989574e-03,1.376585124014500505e-01
1.590447375248300155e+00,1.942890293094023946e-16,-3.249145326026476807e-11,5.974865823565043976e-02,6.661338147750939243e-16,-4.445389255270867923e-11,6.385067097887567322e-02,1.110223024625156540e-16,1.224194783666310944e-03,1.382163659313567772e-01
1.591407210719181897e+00,1.942890293094023946e-16,-3.250625277238512571e-11,6.004352931206324850e-02,6.661338147750939243e-16,-4.447394456695693762e-11,6.415657378378072928e-02,8.326672684688674053e-17,1.191813950600585778e-03,1.387582865027504608e-01
1.592367046190063640e+00,1.942890293094023946e-16,-3.251839840492085944e-11,6.032894657481964462e-02,6.661338147750939243e-16,-4.449035847982904870e-11,6.445245437615768069e-02,8.326672684688674053e-17,1.159276351724593994e-03,1.392842373913905640e-01
1.593326881660945382e+00,2.220446049250313081e-16,-3.252803123290340034e-11,6.060490697058135839e-02,6.383782391594650107e-16,-4.450332793322115017e-11,6.473831747077357646e-02,5.551115123125782702e-17,1.126586655337793530e-03,1.397941837461394721e-01
1.594286717131827125e+00,1.942890293094023946e-16,-3.253529344944766991e-11,6.087140868531074056e-02,6.106226635438360972e-16,-4.451304967594623026e-11,6.501416897711047305e-02,5.551115123125782702e-17,1.093749552533568575e-03,1.402880927408331202e-01
1.595246552602708867e+00,2.498001805406602216e-16,-3.254032418818558411e-11,6.112845109999673343e-02,6.106226635438360972e-16,-4.451971618777122303e-11,6.528001583821305132e-02,5.551115123125782702e-17,1.060769756550227882e-03,1.407659333779170963e-01
1.596206388073590610e+00,2.775557561562891351e-16,-3.254326181025501107e-11,6.137603462778758873e-02,6.661338147750939243e-16,-4.452351734129565090e-11,6.553586583871437443e-02,5.551115123125782702e-17,1.027652002103804970e-03,1.412276762491986859e-01
1.597166223544472352e+00,2.220446049250313081e-16,-3.254424200694596911e-11,6.161416065060382197e-02,6.661338147750939243e-16,-4.452464219596740692e-11,6.578172759096601041e-02,8.326672684688674053e-17,9.944010447269701833e-04,1.416732935790723236e-01
1.598126059015354095e+00,2.498001805406602216e-16,-3.254339871110807809e-11,6.184283137510095119e-02,6.661338147750939243e-16,-4.452327589116590427e-11,6.601761044431699033e-02,8.326672684688674053e-17,9.610216601096827896e-04,1.421027591425019776e-01
1.599085894486235837e+00,2.498001805406602216e-16,-3.254086314847365845e-11,6.206204989502515229e-02,6.106226635438360972e-16,-4.451959816220035261e-11,6.624352460245622187e-02,8.326672684688674053e-17,9.275186434317407276e-04,1.425160484576000197e-01
1.600045729957117580e+00,2.498001805406602216e-16,-3.253676396640673915e-11,6.227181997639073124e-02,6.661338147750939243e-16,-4.451378723496724962e-11,6.645948084030146863e-02,5.551115123125782702e-17,8.938968086955030676e-04,1.429131384455437637e-01
1.601005565427999322e+00,2.498001805406602216e-16,-3.253122564825738049e-11,6.247214608182261042e-02,6.661338147750939243e-16,-4.450601405087974659e-11,6.666549046627781583e-02,5.551115123125782702e-17,8.601609880380177257e-04,1.432940074688528742e-01
1.601965400898881065e+00,2.775557561562891351e-16,-3.252436966363241640e-11,6.266303333073769410e-02,6.661338147750939243e-16,-4.449644660367633835e-11,6.686156539474330529e-02,2.775557561562891351e-17,8.263160310356074687e-04,1.436586354240587393e-01
1.602925236369762807e+00,2.498001805406602216e-16,-3.251631291154889747e-11,6.284448763594534249e-02,6.661338147750939243e-16,-4.448524617690051159e-11,6.704771816682655872e-02,5.551115123125782702e-17,7.923668039910948058e-04,1.440070038115610906e-01
1.603885071840644549e+00,2.498001805406602216e-16,-3.250716945854569863e-11,6.301651557864021425e-02,6.383782391594650107e-16,-4.447256749128447768e-11,6.722396192178183016e-02,8.326672684688674053e-17,7.583181892228046473e-04,1.443390956500898992e-01
1.604844907311526292e+00,2.498001805406602216e-16,-3.249704685917239634e-11,6.317912432999889250e-02,6.661338147750939243e-16,-4.445855968730739148e-11,6.739031026109260081e-02,5.551115123125782702e-17,7.241750843480231114e-04,1.446548953846080177e-01
1.605804742782408034e+00,2.498001805406602216e-16,-3.248604909180546375e-11,6.333232169059806183e-02,6.938893903907228378e-16,-4.444336589829074591e-11,6.754677734274897039e-02,5.551115123125782702e-17,6.899424015625276168e-04,1.449543889778399097e-01
1.606764578253289777e+00,2.498001805406602216e-16,-3.247427488999336462e-11,6.347611603081422527e-02,6.938893903907228378e-16,-4.442712190700411762e-11,6.769337787460914801e-02,2.775557561562891351e-17,6.556250669386106452e-04,1.452375639549847997e-01
1.607724413724171519e+00,2.220446049250313081e-16,-3.246181751545172342e-11,6.361051633270782546e-02,6.938893903907228378e-16,-4.440995540874650288e-11,6.783012707111182871e-02,0.000000000000000000e+00,6.212280197101781873e-04,1.455044092822259105e-01
1.608684249195053262e+00,2.220446049250313081e-16,-3.244876561017847032e-11,6.373553199465530061e-02,6.938893903907228378e-16,-4.439198758767463242e-11,6.795704046737831294e-02,0.000000000000000000e+00,5.867562115785239247e-04,1.457549153340565729e-01
1.609644084665935004e+00,2.498001805406602216e-16,-3.243520109581213198e-11,6.385117279308548388e-02,7.216449660063517513e-16,-4.437333077136874047e-11,6.807413387441794972e-02,0.000000000000000000e+00,5.522146060037613682e-04,1.459890738287039635e-01
1.610603920136816747e+00,2.220446049250313081e-16,-3.242120089903794506e-11,6.395744892607015120e-02,6.938893903907228378e-16,-4.435409035613845389e-11,6.818142344886227169e-02,-2.775557561562891351e-17,5.176081775358812006e-04,1.462068779099434390e-01
1.611563755607698489e+00,2.498001805406602216e-16,-3.240683605119183339e-11,6.405437103207166361e-02,7.494005416219806648e-16,-4.433436279870767421e-11,6.827892555238218586e-02,-2.775557561562891351e-17,4.829419111100298392e-04,1.464083219705984984e-01
1.612523591078580232e+00,2.498001805406602216e-16,-3.239217116479404645e-11,6.414195015800702726e-02,7.216449660063517513e-16,-4.431423599907346978e-11,6.836665667128899448e-02,-2.775557561562891351e-17,4.482208013446519184e-04,1.465934016518903038e-01
1.613483426549461974e+00,2.498001805406602216e-16,-3.237726451994652008e-11,6.422019757990465871e-02,7.494005416219806648e-16,-4.429379014753902308e-11,6.844463326780288182e-02,-2.775557561562891351e-17,4.134498518052232311e-04,1.467621137350285099e-01
1.614443262020343717e+00,2.498001805406602216e-16,-3.236216921714471766e-11,6.428912479204830499e-02,7.494005416219806648e-16,-4.427309587479367385e-11,6.851287179937905203e-02,0.000000000000000000e+00,3.786340742823928254e-04,1.469144561366077240e-01
1.615403097491225459e+00,2.775557561562891351e-16,-3.234693079796208126e-11,6.434874344227120568e-02,7.771561172376095783e-16,-4.425221563427068905e-11,6.857138860186771934e-02,-8.326672684688674053e-17,3.437784880767366744e-04,1.470504277927067172e-01
1.616362932962107202e+00,2.775557561562891351e-16,-3.233158918390844792e-11,6.439906531821283642e-02,8.049116928532384918e-16,-4.423120272678882406e-11,6.862019985488160279e-02,-5.551115123125782702e-17,3.088881192772813581e-04,1.471700286626180798e-01
1.617322768432988944e+00,2.775557561562891351e-16,-3.231617806233116289e-11,6.444010228462750123e-02,8.049116928532384918e-16,-4.421010185705296909e-11,6.865932157515304557e-02,-2.775557561562891351e-17,2.739680000399923997e-04,1.472732597708898139e-01
1.618282603903870687e+00,2.498001805406602216e-16,-3.230072432313816971e-11,6.447186618762798527e-02,8.049116928532384918e-16,-4.418894905022140379e-11,6.868876959044323272e-02,-2.775557561562891351e-17,2.390231678516576406e-04,1.473601231735351680e-01
1.619242439374752429e+00,2.498001805406602216e-16,-3.228524885289139825e-11,6.449436894043017454e-02,8.049116928532384918e-16,-4.416777139631360551e-11,6.870855962281612050e-02,0.000000000000000000e+00,2.040586648057234281e-04,1.474306220305781345e-01
1.620202274845634172e+00,2.775557561562891351e-16,-3.226976627402649607e-11,6.450762255163007552e-02,7.771561172376095783e-16,-4.414658730167315542e-11,6.871870740602138705e-02,0.000000000000000000e+00,1.690795368684582304e-04,1.474847606938696765e-01
1.621162110316515914e+00,2.775557561562891351e-16,-3.225428489875570727e-11,6.451163928197625741e-02,7.494005416219806648e-16,-4.412540659828792833e-11,6.871922863431051409e-02,-2.775557561562891351e-17,1.340908331387781125e-04,1.475225447107968990e-01
1.622121945787397657e+00,2.498001805406602216e-16,-3.223880690566100708e-11,6.450643163128619295e-02,7.494005416219806648e-16,-4.410423064760456830e-11,6.871013899253759771e-02,0.000000000000000000e+00,9.909760512039608238e-05,1.475439808236896633e-01
1.623081781258279399e+00,2.498001805406602216e-16,-3.222332855147880845e-11,6.449201225789172320e-02,7.771561172376095783e-16,-4.408305243232568422e-11,6.869145411108415478e-02,0.000000000000000000e+00,6.410490597576699032e-05,1.475490769725792128e-01
1.624041616729161142e+00,2.775557561562891351e-16,-3.220784008605256021e-11,6.446839406365031944e-02,7.494005416219806648e-16,-4.406185671035808805e-11,6.866318958151887419e-02,0.000000000000000000e+00,2.911778980267180997e-05,1.475378423092405522e-01
1.625001452200042884e+00,3.053113317719180486e-16,-3.219232596526888906e-11,6.443559016083724722e-02,7.494005416219806648e-16,-4.404062046146385578e-11,6.862536088997765737e-02,0.000000000000000000e+00,-5.858689101277739220e-06,1.475102871508959246e-01
1.625961287670924627e+00,3.330669073875469621e-16,-3.217676510690125431e-11,6.439361399251505857e-02,7.494005416219806648e-16,-4.401931256840536238e-11,6.857798347052383725e-02,0.000000000000000000e+00,-4.081947696071590092e-05,1.474664230275959664e-01
1.626921123141806369e+00,3.330669073875469621e-16,-3.216113099458324217e-11,6.434247912977200667e-02,7.771561172376095783e-16,-4.399789444586724510e-11,6.852107253383327157e-02,0.000000000000000000e+00,-7.575952125079772387e-05,1.474062625310645080e-01
1.627880958612688111e+00,2.775557561562891351e-16,-3.214539149146131733e-11,6.428219934628670584e-02,7.494005416219806648e-16,-4.397632047943122839e-11,6.845464322208144603e-02,5.551115123125782702e-17,-1.106737714160524716e-04,1.473298195078445727e-01
1.628840794083569854e+00,2.775557561562891351e-16,-3.212950969696864913e-11,6.421278849443703973e-02,7.771561172376095783e-16,-4.395453753726162984e-11,6.837871044954280109e-02,2.775557561562891351e-17,-1.455571795827873775e-04,1.472371088840329634e-01
1.629800629554451596e+00,2.775557561562891351e-16,-3.211344380791170822e-11,6.413426069050488787e-02,7.494005416219806648e-16,-4.393248610767060830e-11,6.829328900249312384e-02,0.000000000000000000e+00,-1.804047012879313747e-04,1.471281468603795328e-01
1.630760465025333339e+00,3.053113317719180486e-16,-3.209714712694059597e-11,6.404663033794159854e-02,7.771561172376095783e-16,-4.391009996623421565e-11,6.819839373942299110e-02,0.000000000000000000e+00,-2.152112961994110643e-04,1.470029510436582920e-01
1.631720300496215081e+00,3.053113317719180486e-16,-3.208056851613518782e-11,6.394991224507652616e-02,8.049116928532384918e-16,-4.388730715242138494e-11,6.809403976762377908e-02,2.775557561562891351e-17,-2.499719288474585655e-04,1.468615406812020241e-01
1.632680135967096824e+00,3.053113317719180486e-16,-3.206365284466204581e-11,6.384412164012652491e-02,7.494005416219806648e-16,-4.386402942664581125e-11,6.798024252682396962e-02,-2.775557561562891351e-17,-2.846815693251709988e-04,1.467039366744205264e-01
1.633639971437978566e+00,3.330669073875469621e-16,-3.204634050257750694e-11,6.372927410494286238e-02,7.771561172376095783e-16,-4.384018340105493624e-11,6.785701763415034893e-02,0.000000000000000000e+00,-3.193351939812165245e-04,1.465301615602300211e-01
1.634599806908860309e+00,2.775557561562891351e-16,-3.202856835882194643e-11,6.360538570012522208e-02,7.494005416219806648e-16,-4.381568041162797311e-11,6.772438108334991047e-02,0.000000000000000000e+00,-3.539277861210918079e-04,1.463402396205332467e-01
1.635559642379742051e+00,2.775557561562891351e-16,-3.201027011951471449e-11,6.347247310020209810e-02,7.216449660063517513e-16,-4.379042695948007213e-11,6.758234929731582463e-02,0.000000000000000000e+00,-3.884543367045539320e-04,1.461341969675934160e-01
1.636519477850623794e+00,3.053113317719180486e-16,-3.199137566896250329e-11,6.333055373386309306e-02,7.494005416219806648e-16,-4.376432516487198041e-11,6.743093926257687221e-02,0.000000000000000000e+00,-4.229098450548214876e-04,1.459120616542499693e-01
1.637479313321505536e+00,3.330669073875469621e-16,-3.197181234698503148e-11,6.317964575190718191e-02,7.216449660063517513e-16,-4.373727340926101582e-11,6.727016855519840632e-02,0.000000000000000000e+00,-4.572893195526247503e-04,1.456738637770016720e-01
1.638439148792387279e+00,3.053113317719180486e-16,-3.195150442714274862e-11,6.301976802313094539e-02,7.494005416219806648e-16,-4.370916678592259505e-11,6.710005527478965504e-02,0.000000000000000000e+00,-4.915877783630307482e-04,1.454196354014164749e-01
1.639398984263269021e+00,2.775557561562891351e-16,-3.193037373845901850e-11,6.285094026401620571e-02,7.216449660063517513e-16,-4.367989552277488571e-11,6.692061814863339841e-02,0.000000000000000000e+00,-5.258002501470693864e-04,1.451494106748448532e-01
1.640358819734150764e+00,2.775557561562891351e-16,-3.190833994663505764e-11,6.267318303614186070e-02,7.494005416219806648e-16,-4.364934904813695324e-11,6.673187647129008582e-02,-2.775557561562891351e-17,-5.599217748044592064e-04,1.448632257645083299e-01
1.641318655205032506e+00,2.775557561562891351e-16,-3.188532141632947556e-11,6.248651777873204249e-02,7.216449660063517513e-16,-4.361741176403435404e-11,6.653385026525357460e-02,0.000000000000000000e+00,-5.939474041899693059e-04,1.445611190437649796e-01
1.642278490675914249e+00,2.775557561562891351e-16,-3.186123379322512109e-11,6.229096668225908573e-02,7.216449660063517513e-16,-4.358396857732428110e-11,6.632656008656738489e-02,-2.775557561562891351e-17,-6.278722028458805227e-04,1.442431308623092767e-01
1.643238326146795991e+00,2.775557561562891351e-16,-3.183599208434200085e-11,6.208655287290339164e-02,7.494005416219806648e-16,-4.354890024779061765e-11,6.611002715740529889e-02,0.000000000000000000e+00,-6.616912487135168542e-04,1.439093036251540558e-01
1.644198161617677734e+00,2.775557561562891351e-16,-3.180951008713707277e-11,6.187330050960392069e-02,7.494005416219806648e-16,-4.351208794179306158e-11,6.588427346778219507e-02,0.000000000000000000e+00,-6.953996338507044276e-04,1.435596818993734036e-01
1.645157997088559476e+00,2.775557561562891351e-16,-3.178169980674557839e-11,6.165123479041379612e-02,7.494005416219806648e-16,-4.347341083855201654e-11,6.564932184035471296e-02,0.000000000000000000e+00,-7.289924651423001405e-04,1.431943124656062383e-01
1.646117832559441219e+00,2.775557561562891351e-16,-3.175247346344912784e-11,6.142038206739187239e-02,7.771561172376095783e-16,-4.343274692805362824e-11,6.540519603588081099e-02,0.000000000000000000e+00,-7.624648650024220360e-04,1.428132443354747372e-01
1.647077668030322961e+00,2.775557561562891351e-16,-3.172174208151880975e-11,6.118076981464722064e-02,7.494005416219806648e-16,-4.338997557586554872e-11,6.515192073823018737e-02,0.000000000000000000e+00,-7.958119720834306784e-04,1.424165287009211689e-01
1.648037503501204704e+00,2.775557561562891351e-16,-3.168941702403889164e-11,6.093242685477982118e-02,8.049116928532384918e-16,-4.334497366744296046e-11,6.488952184926091715e-02,0.000000000000000000e+00,-8.290289419731185303e-04,1.420042192663842628e-01
1.648997338972086446e+00,2.775557561562891351e-16,-3.165541005728132393e-11,6.067538341443440286e-02,8.049116928532384918e-16,-4.329762112739526068e-11,6.461802663314959727e-02,5.551115123125782702e-17,-8.621109479108279806e-04,1.415763724066796958e-01
1.649957174442968189e+00,2.775557561562891351e-16,-3.161963334392947633e-11,6.040967109850179512e-02,7.494005416219806648e-16,-4.324779682323472846e-11,6.433746360503708739e-02,0.000000000000000000e+00,-8.950531815057145759e-04,1.411330470000921045e-01
1.650917009913849931e+00,2.498001805406602216e-16,-3.158199834193530647e-11,6.013532276188513631e-02,7.771561172376095783e-16,-4.319538072361647427e-11,6.404786240321595769e-02,0.000000000000000000e+00,-9.278508534579074565e-04,1.406743042883748240e-01
1.651876845384731674e+00,2.775557561562891351e-16,-3.154241841338083739e-11,5.985237246523666954e-02,7.494005416219806648e-16,-4.314025523665049669e-11,6.374925373186844657e-02,0.000000000000000000e+00,-9.604991942823360622e-04,1.402002079110289678e-01
1.652836680855613416e+00,3.330669073875469621e-16,-3.150080635114195157e-11,5.956085561690235841e-02,7.494005416219806648e-16,-4.308230107976903159e-11,6.344166967336825613e-02,0.000000000000000000e+00,-9.929934550264173272e-04,1.397108241505974069e-01
1.653796516326495158e+00,2.775557561562891351e-16,-3.145707745531205538e-11,5.926080899521528333e-02,7.494005416219806648e-16,-4.302140448628286734e-11,6.312514367388864789e-02,0.000000000000000000e+00,-1.025328907998730504e-03,1.392062219366042575e-01
1.654756351797376901e+00,3.330669073875469621e-16,-3.141114724282498966e-11,5.895227098357794931e-02,7.494005416219806648e-16,-4.295745093394940338e-11,6.279971075318258045e-02,0.000000000000000000e+00,-1.057500847481066507e-03,1.386864730035916871e-01
1.655716187268258643e+00,3.330669073875469621e-16,-3.136293391740310396e-11,5.863528145667860902e-02,7.216449660063517513e-16,-4.289032992562660448e-11,6.246540733759362723e-02,0.000000000000000000e+00,-1.089504590461241569e-03,1.381516517690390133e-01
1.656676022739140386e+00,2.775557561562891351e-16,-3.131235563872303458e-11,5.830988203661003483e-02,6.938893903907228378e-16,-4.281993303432095853e-11,6.212227146521959870e-02,2.775557561562891351e-17,-1.121335477353963212e-03,1.376018355176684693e-01
1.657635858210022128e+00,3.330669073875469621e-16,-3.125933288394356149e-11,5.797611613414544590e-02,6.938893903907228378e-16,-4.274615209053696935e-11,6.177034297834253090e-02,0.000000000000000000e+00,-1.152988872713345140e-03,1.370371044730968324e-01
1.658595693680903871e+00,2.775557561562891351e-16,-3.120378867471043823e-11,5.763402908536489205e-02,6.938893903907228378e-16,-4.266888622620314611e-11,6.140966362169236054e-02,0.000000000000000000e+00,-1.184460165932446195e-03,1.364575419792269373e-01
1.659555529151785613e+00,2.775557561562891351e-16,-3.114564594796612358e-11,5.728366800310460971e-02,7.216449660063517513e-16,-4.258803466472755629e-11,6.104027693455246067e-02,2.775557561562891351e-17,-1.215744771921249516e-03,1.358632343162295419e-01
1.660515364622667356e+00,2.775557561562891351e-16,-3.108483137776243965e-11,5.692508185654584357e-02,6.938893903907228378e-16,-4.250349934679996215e-11,6.066222821630438272e-02,2.775557561562891351e-17,-1.246838131788490390e-03,1.352542707282170242e-01
1.661475200093549098e+00,3.053113317719180486e-16,-3.102127425040081786e-11,5.655832146419405293e-02,7.494005416219806648e-16,-4.241518664139837420e-11,6.027556462781814145e-02,5.551115123125782702e-17,-1.277735713501476980e-03,1.346307433854264934e-01
1.662435035564430841e+00,2.775557561562891351e-16,-3.095490350998137893e-11,5.618343955605762524e-02,6.938893903907228378e-16,-4.232300741016355519e-11,5.988033526838944937e-02,5.551115123125782702e-17,-1.308433012545849030e-03,1.339927475772230980e-01
1.663394871035312583e+00,2.775557561562891351e-16,-3.088565296934962442e-11,5.580049068906152432e-02,6.938893903907228378e-16,-4.222687424607161205e-11,5.947659108669629824e-02,5.551115123125782702e-17,-1.338925552576956772e-03,1.333403816134368647e-01
1.664354706506194326e+00,2.775557561562891351e-16,-3.081345842679628425e-11,5.540953122624748400e-02,6.661338147750939243e-16,-4.212670422459700859e-11,5.906438475131643717e-02,5.551115123125782702e-17,-1.369208886071688258e-03,1.326737466688674982e-01
1.665314541977076068e+00,3.330669073875469621e-16,-3.073825753392017690e-11,5.501061939445575644e-02,6.661338147750939243e-16,-4.202241997436221080e-11,5.864377082689566090e-02,2.775557561562891351e-17,-1.399278594988564604e-03,1.319929468378911730e-01
1.666274377447957811e+00,2.775557561562891351e-16,-3.065998953813019352e-11,5.460381529206910500e-02,6.661338147750939243e-16,-4.191394338537695469e-11,5.821480582774250095e-02,0.000000000000000000e+00,-1.429130291418505673e-03,1.312980892272437583e-01
1.667234212918839553e+00,2.775557561562891351e-16,-3.057859801686765161e-11,5.418918094673615127e-02,6.106226635438360972e-16,-4.180120392351365649e-11,5.777754824134350570e-02,0.000000000000000000e+00,-1.458759618265269937e-03,1.305892839435690012e-01
1.668194048389721296e+00,2.775557561562891351e-16,-3.049402899380502033e-11,5.376678015293539364e-02,6.106226635438360972e-16,-4.168413432080377706e-11,5.733205841687930016e-02,0.000000000000000000e+00,-1.488162249909185915e-03,1.298666439656549210e-01
1.669153883860603038e+00,2.498001805406602216e-16,-3.040623014602308188e-11,5.333667844833844818e-02,6.106226635438360972e-16,-4.156267010787563498e-11,5.687839861331230040e-02,0.000000000000000000e+00,-1.517333892875500365e-03,1.291302850715616291e-01
1.670113719331484781e+00,2.775557561562891351e-16,-3.031515256922759360e-11,5.289894313941145843e-02,6.106226635438360972e-16,-4.143675008151659345e-11,5.641663318366237079e-02,5.551115123125782702e-17,-1.546270286458745809e-03,1.283803260339991814e-01
1.671073554802366523e+00,2.775557561562891351e-16,-3.022074937167459549e-11,5.245364335438482822e-02,6.106226635438360972e-16,-4.130632024845846267e-11,5.594682850589960399e-02,5.551115123125782702e-17,-1.574967203360028286e-03,1.276168884993278407e-01
1.672033390273248266e+00,2.775557561562891351e-16,-3.012297656863720252e-11,5.200085004650008280e-02,6.383782391594650107e-16,-4.117132641553327733e-11,5.546905302997710840e-02,2.775557561562891351e-17,-1.603420450307375305e-03,1.268400969928825672e-01
1.672993225744130008e+00,2.775557561562891351e-16,-3.002179127991949290e-11,5.154063589052572392e-02,6.383782391594650107e-16,-4.103171998676678756e-11,5.498337721609151268e-02,5.551115123125782702e-17,-1.631625868692907367e-03,1.260500788015193330e-01
1.673953061215011751e+00,2.775557561562891351e-16,-2.991715485032588571e-11,5.107307538655709439e-02,6.106226635438360972e-16,-4.088745724509451965e-11,5.448987368352636862e-02,5.551115123125782702e-17,-1.659579335191047446e-03,1.252469640526011618e-01
1.674912896685893493e+00,2.775557561562891351e-16,-2.980903431672220563e-11,5.059824480334507851e-02,6.106226635438360972e-16,-4.073849479193638809e-11,5.398861705334645489e-02,0.000000000000000000e+00,-1.687276762367846726e-03,1.244308855304064043e-01
1.675872732156775236e+00,2.775557561562891351e-16,-2.969739328718490681e-11,5.011622229838626208e-02,5.828670879282071837e-16,-4.058479838683253307e-11,5.347968397793383816e-02,0.000000000000000000e+00,-1.714714099291242758e-03,1.236019786291455286e-01
1.676832567627656978e+00,3.053113317719180486e-16,-2.958220235611819238e-11,4.962708771252379719e-02,5.828670879282071837e-16,-4.042633311169673699e-11,5.296315294817179747e-02,2.775557561562891351e-17,-1.741887332128589077e-03,1.227603811753311958e-01
1.677792403098538720e+00,3.330669073875469621e-16,-2.946343279216449146e-11,4.913092240597904947e-02,5.828670879282071837e-16,-4.026306941524353603e-11,5.243910416790126261e-02,2.775557561562891351e-17,-1.768792484749706889e-03,1.219062332497677786e-01
1.678752238569420463e+00,3.330669073875469621e-16,-2.934105842878199748e-11,4.862780924633523794e-02,5.828670879282071837e-16,-4.009497975873774905e-11,5.190761958685925770e-02,0.000000000000000000e+00,-1.795425619307757653e-03,1.210396772194487769e-01
1.679712074040302205e+00,3.330669073875469621e-16,-2.921505560664642773e-11,4.811783254188976150e-02,5.828670879282071837e-16,-3.992204375240226977e-11,5.136878286842515295e-02,0.000000000000000000e+00,-1.821782836821523623e-03,1.201608576051462346e-01
1.680671909511183948e+00,3.330669073875469621e-16,-2.908540546402811275e-11,4.760107803849645408e-02,5.828670879282071837e-16,-3.974423900068597276e-11,5.082267932852988640e-02,2.775557561562891351e-17,-1.847860277742170189e-03,1.192699209966478213e-01
1.681631744982065690e+00,3.330669073875469621e-16,-2.895208842091344381e-11,4.707763277895030130e-02,6.106226635438360972e-16,-3.956155379420539520e-11,5.026939593740351736e-02,0.000000000000000000e+00,-1.873654122521236200e-03,1.183670160478201006e-01
1.682591580452947433e+00,2.775557561562891351e-16,-2.881509047076560512e-11,4.654758505067689567e-02,6.106226635438360972e-16,-3.937397317097055677e-11,4.970902125933995136e-02,0.000000000000000000e+00,-1.899160592179754883e-03,1.174522934020012649e-01
1.683551415923829175e+00,3.330669073875469621e-16,-2.867439851506710033e-11,4.601102442707678819e-02,6.383782391594650107e-16,-3.918149095780533789e-11,4.914164560840044577e-02,0.000000000000000000e+00,-1.924375948856286165e-03,1.165259057977326429e-01
1.684511251394710918e+00,3.330669073875469621e-16,-2.853000266724936909e-11,4.546804184195964160e-02,6.661338147750939243e-16,-3.898409835234335069e-11,4.856736106053293617e-02,0.000000000000000000e+00,-1.949296496367166655e-03,1.155880080360848217e-01
1.685471086865592660e+00,3.053113317719180486e-16,-2.838189469415216409e-11,4.491872968721470627e-02,6.661338147750939243e-16,-3.878179242046246589e-11,4.798626151358195008e-02,0.000000000000000000e+00,-1.973918580750586363e-03,1.146387570559459779e-01
1.686430922336474403e+00,3.053113317719180486e-16,-2.823006966265560053e-11,4.436318165312548578e-02,6.661338147750939243e-16,-3.857457777679818012e-11,4.739844264655120043e-02,2.775557561562891351e-17,-1.998238590811735743e-03,1.136783118318803326e-01
1.687390757807356145e+00,2.775557561562891351e-16,-2.807452497745072800e-11,4.380149282690957296e-02,6.661338147750939243e-16,-3.836245591212848055e-11,4.680400192379471913e-02,5.551115123125782702e-17,-2.022252958641787904e-03,1.127068333931514621e-01
1.688350593278237888e+00,2.775557561562891351e-16,-2.791526250878629406e-11,4.323375944042215369e-02,6.661338147750939243e-16,-3.814543392120133339e-11,4.620303831605136052e-02,2.775557561562891351e-17,-2.045958160125758204e-03,1.117244844866830678e-01
1.689310428749119630e+00,2.498001805406602216e-16,-2.775228283942096641e-11,4.266007905159525243e-02,6.938893903907228378e-16,-3.792352444174831166e-11,4.559565227993156444e-02,5.551115123125782702e-17,-2.069350715461405581e-03,1.107314296022307160e-01
1.690270264220001373e+00,2.498001805406602216e-16,-2.758559374850533263e-11,4.208055040362405907e-02,7.494005416219806648e-16,-3.769673623547822178e-11,4.498194566658628851e-02,5.551115123125782702e-17,-2.092427189669953790e-03,1.097278348121910052e-01
1.691230099690883115e+00,2.498001805406602216e-16,-2.741519953219050121e-11,4.149527350709921597e-02,6.938893903907228378e-16,-3.746508889256906782e-11,4.436202178302917076e-02,5.551115123125782702e-17,-2.115184193123276907e-03,1.087138679086387394e-01
1.692189935161764858e+00,2.775557561562891351e-16,-2.724111127644368580e-11,4.090434946697740076e-02,6.938893903907228378e-16,-3.722859854730442911e-11,4.373598528371130945e-02,2.775557561562891351e-17,-2.137618382043797189e-03,1.076896981635553224e-01
1.693149770632646600e+00,2.775557561562891351e-16,-2.706334054834681410e-11,4.030788036929561224e-02,7.216449660063517513e-16,-3.698728878108155718e-11,4.310394198203009591e-02,5.551115123125782702e-17,-2.159726459005086377e-03,1.066554962195267048e-01
1.694109606103528343e+00,3.330669073875469621e-16,-2.688190350928851974e-11,3.970596921419598108e-02,6.938893903907228378e-16,-3.674118036314831873e-11,4.246599882005867854e-02,5.551115123125782702e-17,-2.181505173433261925e-03,1.056114340231705806e-01
1.695069441574410085e+00,3.330669073875469621e-16,-2.669681577855635007e-11,3.909871987354298500e-02,7.216449660063517513e-16,-3.649030291255281333e-11,4.182226381837691326e-02,1.110223024625156540e-16,-2.202951322089970448e-03,1.045576847715442570e-01
1.696029277045291828e+00,2.775557561562891351e-16,-2.650809782724257435e-11,3.848623708358236972e-02,7.494005416219806648e-16,-3.623468591959413260e-11,4.117284617699163568e-02,5.551115123125782702e-17,-2.224061749552439481e-03,1.034944228796554205e-01
1.696989112516173570e+00,3.053113317719180486e-16,-2.631577030939857842e-11,3.786862631491909326e-02,7.494005416219806648e-16,-3.597436202553393192e-11,4.051785615797284801e-02,1.110223024625156540e-16,-2.244833348658273591e-03,1.024218238831624550e-01
1.697948947987055313e+00,2.775557561562891351e-16,-2.611985678609282310e-11,3.724599379437159435e-02,7.494005416219806648e-16,-3.570936651437666212e-11,3.985740504081056873e-02,5.551115123125782702e-17,-2.265263060968581311e-03,1.013400643964547376e-01
1.698908783457937055e+00,2.775557561562891351e-16,-2.592038815031096066e-11,3.661844650583718358e-02,7.494005416219806648e-16,-3.543973694695133625e-11,3.919160516718313281e-02,1.110223024625156540e-16,-2.285347877202343822e-03,1.002493221324024658e-01
1.699868618928818798e+00,2.775557561562891351e-16,-2.571739089724358121e-11,3.598609219834145861e-02,7.494005416219806648e-16,-3.516551606115234097e-11,3.852056996019385948e-02,1.110223024625156540e-16,-2.305084837696165252e-03,9.914977585579476393e-02
1.700828454399700540e+00,2.775557561562891351e-16,-2.551089976201778575e-11,3.534903933219989830e-02,7.771561172376095783e-16,-3.488674354555545282e-11,3.784441393597581110e-02,1.110223024625156540e-16,-2.324471032842004986e-03,9.804160541321843558e-02
1.701788289870582283e+00,3.330669073875469621e-16,-2.530094856496509226e-11,3.470739697435596544e-02,8.049116928532384918e-16,-3.460346976135158376e-11,3.716325254474080186e-02,1.110223024625156540e-16,-2.343503603536706108e-03,9.692499160388655388e-02
1.702748125341464025e+00,3.330669073875469621e-16,-2.508757076049878548e-11,3.406127481933870355e-02,7.771561172376095783e-16,-3.431574156640337589e-11,3.647720227120158226e-02,1.110223024625156540e-16,-2.362179741628004509e-03,9.580011630246698662e-02
1.703707960812345767e+00,2.775557561562891351e-16,-2.487081134978528715e-11,3.341078308406514319e-02,7.494005416219806648e-16,-3.402360955907096640e-11,3.578638035622889318e-02,1.110223024625156540e-16,-2.380496690365383090e-03,9.466716219099509388e-02
1.704667796283227510e+00,3.330669073875469621e-16,-2.465070989942762941e-11,3.275603245038671146e-02,7.216449660063517513e-16,-3.372712936570206738e-11,3.509090478437343341e-02,1.110223024625156540e-16,-2.398451744850812334e-03,9.352631271364431065e-02
1.705627631754109252e+00,3.330669073875469621e-16,-2.442731302334296556e-11,3.209713389157256569e-02,7.494005416219806648e-16,-3.342635909275686046e-11,3.439089407466574405e-02,1.110223024625156540e-16,-2.416042252471996624e-03,9.237775192698491344e-02
1.706587467224990995e+00,3.885780586188047891e-16,-2.420066661716450962e-11,3.143419858691658825e-02,7.494005416219806648e-16,-3.312135431914921269e-11,3.368646711669740640e-02,1.110223024625156540e-16,-2.433265613330167030e-03,9.122166431859111968e-02
1.707547302695872737e+00,3.885780586188047891e-16,-2.397082165194689557e-11,3.076733800497607335e-02,7.216449660063517513e-16,-3.281217851136379593e-11,3.297774335161166720e-02,1.110223024625156540e-16,-2.450119280639672693e-03,9.005823495853164384e-02
1.708507138166754480e+00,3.885780586188047891e-16,-2.373782706586568397e-11,3.009666399890819147e-02,7.494005416219806648e-16,-3.249889709422545611e-11,3.226484280593051174e-02,1.110223024625156540e-16,-2.466600761138209967e-03,8.888764952853461798e-02
1.709466973637636222e+00,3.885780586188047891e-16,-2.350173865467517637e-11,2.942228880696945437e-02,8.049116928532384918e-16,-3.218157626505308705e-11,3.154788602664888864e-02,1.387778780781445676e-16,-2.482707615472963189e-03,8.771009430666143469e-02
1.710426809108517965e+00,3.885780586188047891e-16,-2.326261467391335311e-11,2.874432491499264233e-02,7.494005416219806648e-16,-3.186028638856768305e-11,3.082699396021184451e-02,1.387778780781445676e-16,-2.498437458582795923e-03,8.652575600115744447e-02
1.711386644579399707e+00,3.885780586188047891e-16,-2.302051335201314025e-11,2.806288494294222752e-02,7.494005416219806648e-16,-3.153510052644314249e-11,3.010228771803126133e-02,1.387778780781445676e-16,-2.513787960068779651e-03,8.533482150418016110e-02
1.712346480050281450e+00,4.440892098500626162e-16,-2.277549738974142535e-11,2.737808167326809261e-02,8.049116928532384918e-16,-3.120609734432334276e-11,2.937388875459925539e-02,1.387778780781445676e-16,-2.528756844546467108e-03,8.413747811591860970e-02
1.713306315521163192e+00,4.163336342344337027e-16,-2.252763175113713101e-11,2.669002784013567789e-02,7.494005416219806648e-16,-3.087335205873400004e-11,2.864191868645339298e-02,1.387778780781445676e-16,-2.543341891992451868e-03,8.293391343959681528e-02
1.714266150992044935e+00,4.163336342344337027e-16,-2.227698446988658071e-11,2.599883615171529050e-02,7.494005416219806648e-16,-3.053695294406074540e-11,2.790649927032544733e-02,1.110223024625156540e-16,-2.557540938069809838e-03,8.172431531998310128e-02
1.715225986462926677e+00,4.163336342344337027e-16,-2.202362630373405628e-11,2.530461896382753609e-02,7.494005416219806648e-16,-3.019698391077546562e-11,2.716775199331186025e-02,1.110223024625156540e-16,-2.571351874465913675e-03,8.050887149117917641e-02
1.716185821933808420e+00,3.885780586188047891e-16,-2.176762796976625808e-11,2.460748837712582737e-02,7.494005416219806648e-16,-2.985353195932623910e-11,2.642579812244337176e-02,1.387778780781445676e-16,-2.584772649220578710e-03,7.928776970776291178e-02
1.717145657404690162e+00,3.885780586188047891e-16,-2.150906787612904755e-11,2.390755619696262671e-02,7.771561172376095783e-16,-2.950669079188582289e-11,2.568075880849218437e-02,1.387778780781445676e-16,-2.597801267058573449e-03,7.806119785117046628e-02
1.718105492875571905e+00,3.885780586188047891e-16,-2.124802282499381814e-11,2.320493397387839857e-02,8.049116928532384918e-16,-2.915655268761162267e-11,2.493275500485343452e-02,1.387778780781445676e-16,-2.610435789712333213e-03,7.682934393114360105e-02
1.719065328346453647e+00,3.885780586188047891e-16,-2.098457338613451267e-11,2.249973286971764311e-02,8.326672684688674053e-16,-2.880321748797119719e-11,2.418190730541713157e-02,1.387778780781445676e-16,-2.622674336238647354e-03,7.559239581909546479e-02
1.720025163817335390e+00,3.885780586188047891e-16,-2.071880206733645730e-11,2.179206369514552835e-02,8.326672684688674053e-16,-2.844678360464049025e-11,2.342833590267335078e-02,1.110223024625156540e-16,-2.634515083346771792e-03,7.435054133488926131e-02
1.720984999288217132e+00,3.608224830031758756e-16,-2.045079559799718727e-11,2.108203696079946274e-02,8.326672684688674053e-16,-2.808735602227111633e-11,2.267216073617689745e-02,1.110223024625156540e-16,-2.645956265703276310e-03,7.310396829072367264e-02
1.721944834759098875e+00,3.053113317719180486e-16,-2.018063876272659096e-11,2.036976284170186058e-02,8.049116928532384918e-16,-2.772503622896268366e-11,2.191350137428644054e-02,1.110223024625156540e-16,-2.656996176235301970e-03,7.185286453310855970e-02
1.722904670229980617e+00,3.608224830031758756e-16,-1.990842224148386963e-11,1.965535109350454931e-02,8.049116928532384918e-16,-2.735993608049807485e-11,2.115247696170527436e-02,1.110223024625156540e-16,-2.667633166403896722e-03,7.059741779013975482e-02
1.723864505700862360e+00,3.885780586188047891e-16,-1.963423740540710949e-11,1.893891098224736308e-02,8.049116928532384918e-16,-2.699216575892306874e-11,2.038920606622885920e-02,1.387778780781445676e-16,-2.677865646459462977e-03,6.933781560893720330e-02
1.724824341171744102e+00,3.885780586188047891e-16,-1.935817734002908200e-11,1.822055128327243131e-02,7.771561172376095783e-16,-2.662183943072642806e-11,1.962380667543940638e-02,1.110223024625156540e-16,-2.687692085675682466e-03,6.807424534302074226e-02
1.725784176642625845e+00,3.885780586188047891e-16,-1.908033946769124856e-11,1.750038037076188935e-02,7.771561172376095783e-16,-2.624907856720905264e-11,1.885639623376994187e-02,1.387778780781445676e-16,-2.697111012560855000e-03,6.680689419903704240e-02
1.726744012113507587e+00,3.885780586188047891e-16,-1.880081886614787257e-11,1.677850612012996012e-02,7.771561172376095783e-16,-2.587399556625491134e-11,1.808709152502608816e-02,1.387778780781445676e-16,-2.706121015094933250e-03,6.553594914897574453e-02
1.727703847584389329e+00,3.330669073875469621e-16,-1.851971467213510067e-11,1.605503588429062559e-02,7.494005416219806648e-16,-2.549671711011159553e-11,1.731600863170083826e-02,1.387778780781445676e-16,-2.714720740940405712e-03,6.426159690586924489e-02
1.728663683055271072e+00,3.608224830031758756e-16,-1.823713176866059368e-11,1.533007641043362609e-02,7.771561172376095783e-16,-2.511736731959906405e-11,1.654326278412610388e-02,1.387778780781445676e-16,-2.722908897666817193e-03,6.298402377613712688e-02
1.729623518526152814e+00,3.330669073875469621e-16,-1.795316879101699348e-11,1.460373386853172466e-02,8.049116928532384918e-16,-2.473607256525678366e-11,1.576896844067468204e-02,1.387778780781445676e-16,-2.730684252939771708e-03,6.170341571446384676e-02
1.730583353997034557e+00,3.330669073875469621e-16,-1.766793144891611739e-11,1.387611380025942885e-02,8.049116928532384918e-16,-2.435296613618933431e-11,1.499323921446787077e-02,1.387778780781445676e-16,-2.738045634716796631e-03,6.041995830717589167e-02
1.731543189467916299e+00,3.053113317719180486e-16,-1.738152557404252715e-11,1.314732106477522339e-02,8.326672684688674053e-16,-2.396817485016957891e-11,1.421618791417617565e-02,1.665334536937734811e-16,-2.744991931426960310e-03,5.913383683681174702e-02
1.732503024938798042e+00,2.775557561562891351e-16,-1.709405867181788830e-11,1.241745974470641160e-02,8.326672684688674053e-16,-2.358183585877233687e-11,1.343792641414659136e-02,1.942890293094023946e-16,-2.751522092153461680e-03,5.784523613917129381e-02
1.733462860409679784e+00,2.775557561562891351e-16,-1.680563797661332320e-11,1.168663317257457104e-02,8.326672684688674053e-16,-2.319408329135887181e-11,1.265856582653729183e-02,1.942890293094023946e-16,-2.757635126798235140e-03,5.655434077843880802e-02
1.734422695880561527e+00,3.330669073875469621e-16,-1.651637236265574016e-11,1.095494400757884151e-02,8.049116928532384918e-16,-2.280505314753919488e-11,1.187821665333083261e-02,1.665334536937734811e-16,-2.763330106231261241e-03,5.526133518134613426e-02
1.735382531351443269e+00,3.608224830031758756e-16,-1.622637362474164957e-11,1.022249436878711233e-02,8.049116928532384918e-16,-2.241488539781377395e-11,1.109698884819980066e-02,1.665334536937734811e-16,-2.768606162441316319e-03,5.396640366938775663e-02
1.736342366822325012e+00,3.885780586188047891e-16,-1.593575030506104440e-11,9.489385822998856052e-03,8.049116928532384918e-16,-2.202372045314020949e-11,1.031499170286548535e-02,1.942890293094023946e-16,-2.773462488667716944e-03,5.266973041036174946e-02
1.737302202293206754e+00,3.885780586188047891e-16,-1.564461262631728494e-11,8.755719362141117790e-03,8.049116928532384918e-16,-2.163170033045056992e-11,9.532333913066853501e-03,2.498001805406602216e-16,-2.777898339544370050e-03,5.137149947788674509e-02
1.738262037764088497e+00,3.885780586188047891e-16,-1.535307831931377598e-11,8.021595490841686160e-03,8.049116928532384918e-16,-2.123896365854513468e-11,8.749123704497955775e-03,2.498001805406602216e-16,-2.781913031217778370e-03,5.007189496722566635e-02
1.739221873234970239e+00,3.885780586188047891e-16,-1.506125296501332686e-11,7.287114360627409797e-03,8.049116928532384918e-16,-2.084565532071546573e-11,7.965468841214804266e-03,2.498001805406602216e-16,-2.785505941464461264e-03,4.877110094759292552e-02
1.740181708705851982e+00,3.885780586188047891e-16,-1.476925150239874820e-11,6.552375771230971487e-03,8.049116928532384918e-16,-2.045191843842459473e-11,7.181476508999335741e-03,2.220446049250313081e-16,-2.788676509783843092e-03,4.746930141139253656e-02
1.741141544176733724e+00,3.608224830031758756e-16,-1.447718546876853446e-11,5.817479027673666710e-03,8.049116928532384918e-16,-2.005789862680055005e-11,6.397253225531758514e-03,2.220446049250313081e-16,-2.791424237493564994e-03,4.616668017430992227e-02
1.742101379647615467e+00,3.330669073875469621e-16,-1.418516637431612576e-11,5.082522840106512042e-03,8.049116928532384918e-16,-1.966374051841314127e-11,5.612904738862000385e-03,1.942890293094023946e-16,-2.793748687808460772e-03,4.486342073631846561e-02
1.743061215118497209e+00,3.330669073875469621e-16,-1.389330322201743836e-11,4.347605369484837737e-03,8.049116928532384918e-16,-1.926958809531087446e-11,4.828536062759306892e-03,2.498001805406602216e-16,-2.795649485903318326e-03,4.355970632320636804e-02
1.744021050589378952e+00,3.053113317719180486e-16,-1.360170911448785325e-11,3.612824217553670548e-03,7.494005416219806648e-16,-1.887558426889261037e-11,4.044251351342305519e-03,1.942890293094023946e-16,-2.797126318984469954e-03,4.225571976287516990e-02
1.744980886060260694e+00,2.775557561562891351e-16,-1.331049274977142566e-11,2.878276577580522397e-03,7.494005416219806648e-16,-1.848187512862482784e-11,3.260154141356747404e-03,1.942890293094023946e-16,-2.798178936356296009e-03,4.095164375806903401e-02
1.745940721531142437e+00,3.053113317719180486e-16,-1.301976297499000956e-11,2.144059047728811597e-03,7.216449660063517513e-16,-1.808860542227381726e-11,2.476347324745021942e-03,1.665334536937734811e-16,-2.798807149493071945e-03,3.964766076512090537e-02
1.746900557002024179e+00,3.053113317719180486e-16,-1.272962700418593662e-11,1.410267821893021077e-03,6.938893903907228378e-16,-1.769591657723671579e-11,1.692933315236212766e-03,1.665334536937734811e-16,-2.799010832080090373e-03,3.834395318371566080e-02
1.747860392472905922e+00,2.775557561562891351e-16,-1.244019271547536915e-11,6.769985042740619052e-04,6.938893903907228378e-16,-1.730395221642005987e-11,9.100139680659699321e-04,1.387778780781445676e-16,-2.798789920047303412e-03,3.704070325581377415e-02
1.748820227943787664e+00,2.775557561562891351e-16,-1.215156390766379546e-11,-5.565367876325178539e-05,6.661338147750939243e-16,-1.691285220868036371e-11,1.276906354327893864e-04,1.942890293094023946e-16,-2.798144411597125111e-03,3.573809316679053133e-02
1.749780063414669407e+00,2.775557561562891351e-16,-1.186384797097640026e-11,-7.875938790864613461e-04,6.661338147750939243e-16,-1.652275850318705996e-11,-6.539357155837509112e-04,1.942890293094023946e-16,-2.797074367223990887e-03,3.443630502540900168e-02
1.750739898885551149e+00,2.775557561562891351e-16,-1.157714442839635413e-11,-1.518727464499793111e-03,6.661338147750939243e-16,-1.613381018952635138e-11,-1.434764398030223195e-03,1.942890293094023946e-16,-2.795579909731579858e-03,3.313552100533211087e-02
1.751699734356432892e+00,2.775557561562891351e-16,-1.129155894220162937e-11,-2.248960025013421824e-03,6.938893903907228378e-16,-1.574614240672277468e-11,-2.214694975708474210e-03,1.387778780781445676e-16,-2.793661224223599557e-03,3.183592333027093768e-02
1.752659569827314634e+00,2.775557561562891351e-16,-1.100718724066779286e-11,-2.978197339122933864e-03,6.661338147750939243e-16,-1.535988678369633320e-11,-2.993627332943683047e-03,1.942890293094023946e-16,-2.791318558110435135e-03,3.053769430727822781e-02
1.753619405298196376e+00,2.775557561562891351e-16,-1.072412812849407593e-11,-3.706345293787548321e-03,6.938893903907228378e-16,-1.497518249812465618e-11,-3.771461655341125808e-03,1.942890293094023946e-16,-2.788552221110698892e-03,2.924101620198683513e-02
1.754579240769078119e+00,2.775557561562891351e-16,-1.044247940071643677e-11,-4.433309913575812951e-03,6.938893903907228378e-16,-1.459215974913613198e-11,-4.548098457718920476e-03,1.942890293094023946e-16,-2.785362585252150990e-03,2.794607127699463844e-02
1.755539076239959861e+00,2.775557561562891351e-16,-1.016233143913847919e-11,-5.158997280929616611e-03,7.494005416219806648e-16,-1.421094569331680241e-11,-5.323438405075681980e-03,2.220446049250313081e-16,-2.781750084873030413e-03,2.665304195193487699e-02
1.756498911710841604e+00,2.498001805406602216e-16,-9.883776170551902829e-12,-5.883313714647011965e-03,6.938893903907228378e-16,-1.383166267610556888e-11,-6.097382514561314713e-03,2.220446049250313081e-16,-2.777715216596155119e-03,2.536211058733988527e-02
1.757458747181723346e+00,2.775557561562891351e-16,-9.606902851900557538e-12,-6.606165692209518651e-03,7.494005416219806648e-16,-1.345443544173863942e-11,-6.869832209424011314e-03,2.498001805406602216e-16,-2.773258539313449168e-03,2.407345937442622458e-02
1.758418582652605089e+00,2.775557561562891351e-16,-9.331794234915258279e-12,-7.327459892747922171e-03,7.494005416219806648e-16,-1.307938543441185958e-11,-7.640689276375899584e-03,2.220446049250313081e-16,-2.768380674134628301e-03,2.278727036825115362e-02
1.759378418123486831e+00,2.498001805406602216e-16,-9.058536195184329481e-12,-8.047103262960425898e-03,7.216449660063517513e-16,-1.270663069663675870e-11,-8.409855919108394362e-03,2.498001805406602216e-16,-2.763082304347160793e-03,2.150372541935084356e-02
1.760338253594368574e+00,2.775557561562891351e-16,-8.787211816475501425e-12,-8.765002922687633799e-03,6.938893903907228378e-16,-1.233628482569595897e-11,-9.177234603726817930e-03,2.498001805406602216e-16,-2.757364175332054860e-03,2.022300619904325580e-02
1.761298089065250316e+00,2.498001805406602216e-16,-8.517899384961891140e-12,-9.481066241196914671e-03,6.938893903907228378e-16,-1.196845609272891020e-11,-9.942728102667693427e-03,2.498001805406602216e-16,-2.751227094472740147e-03,1.894529410750906209e-02
1.762257924536132059e+00,2.775557561562891351e-16,-8.250673419214066273e-12,-1.019520066273066697e-02,6.661338147750939243e-16,-1.160325996526698211e-11,-1.070623922328087577e-02,2.220446049250313081e-16,-2.744671931051085798e-03,1.767077055377187095e-02
1.763217760007013801e+00,2.775557561562891351e-16,-7.985610233512442646e-12,-1.090731373031370716e-02,6.661338147750939243e-16,-1.124079658970959447e-11,-1.146767083439269308e-02,2.498001805406602216e-16,-2.737699616138454181e-03,1.639961692641615787e-02
1.764177595477895544e+00,2.775557561562891351e-16,-7.722777671807963540e-12,-1.161731295370239600e-02,6.661338147750939243e-16,-1.088117108623363333e-11,-1.222692573747035001e-02,2.775557561562891351e-16,-2.730311142494670166e-03,1.513201460146965625e-02
1.765137430948777286e+00,2.775557561562891351e-16,-7.462244336993092975e-12,-1.232510610000564152e-02,6.938893903907228378e-16,-1.052448248993129165e-11,-1.298390695077338702e-02,2.775557561562891351e-16,-2.722507564442239354e-03,1.386814466509522434e-02
1.766097266419659029e+00,2.775557561562891351e-16,-7.204082572457790046e-12,-1.303060123693297601e-02,6.938893903907228378e-16,-1.017082654263066349e-11,-1.373851765430873784e-02,2.498001805406602216e-16,-2.714289997746136517e-03,1.260818794388962605e-02
1.767057101890540771e+00,2.498001805406602216e-16,-6.948351738270998335e-12,-1.373370677561731000e-02,6.938893903907228378e-16,-9.820294120802593868e-12,-1.449066123437213645e-02,1.942890293094023946e-16,-2.705659619470721696e-03,1.135232502259063588e-02
1.768016937361422514e+00,2.775557561562891351e-16,-6.695110503322776463e-12,-1.443433145358121242e-02,6.661338147750939243e-16,-9.472975680789585962e-12,-1.524024125245231412e-02,1.942890293094023946e-16,-2.696617667850915740e-03,1.010073617340606980e-02
1.768976772832304256e+00,2.498001805406602216e-16,-6.444423689350511908e-12,-1.513238430495133201e-02,6.661338147750939243e-16,-9.128957891002802832e-12,-1.598716141317838013e-02,2.498001805406602216e-16,-2.687165442138712401e-03,8.853601332817682273e-03
1.769936608303185999e+00,2.775557561562891351e-16,-6.196344693311199581e-12,-1.582777480952748256e-02,6.661338147750939243e-16,-8.788320040502371061e-12,-1.673132580047212090e-02,1.942890293094023946e-16,-2.677304302455159584e-03,7.611099887785114163e-03
1.770896443774067741e+00,2.498001805406602216e-16,-5.950926844399198612e-12,-1.652041282242426232e-02,6.661338147750939243e-16,-8.451143878132096054e-12,-1.747263883273869611e-02,2.498001805406602216e-16,-2.667035669635136729e-03,6.373410694146884430e-03
1.771856279244949484e+00,2.498001805406602216e-16,-5.708218931712270849e-12,-1.721020849989406132e-02,6.383782391594650107e-16,-8.117498494675419451e-12,-1.821100515276977139e-02,2.220446049250313081e-16,-2.656361025058052733e-03,5.140712098157499896e-03
1.772816114715831226e+00,2.498001805406602216e-16,-5.468270476184644568e-12,-1.789707227732935044e-02,6.383782391594650107e-16,-7.787462589657536544e-12,-1.894632957720896599e-02,1.942890293094023946e-16,-2.645281910460470665e-03,3.913181871148340048e-03
1.773775950186712969e+00,2.498001805406602216e-16,-5.231127190490417189e-12,-1.858091490020235756e-02,6.106226635438360972e-16,-7.461096980044060190e-12,-1.967851711675835946e-02,2.220446049250313081e-16,-2.633799927730778086e-03,2.690997206439783331e-03
1.774735785657594711e+00,2.498001805406602216e-16,-4.996833615010087132e-12,-1.926164765153667857e-02,5.551115123125782702e-16,-7.138470221293609363e-12,-2.040747332714042475e-02,1.942890293094023946e-16,-2.621916738700007590e-03,1.474334301711210157e-03
1.775695621128476454e+00,2.220446049250313081e-16,-4.765430834229728019e-12,-1.993918223494096920e-02,5.551115123125782702e-16,-6.819643631815301699e-12,-2.113310411833770053e-02,1.942890293094023946e-16,-2.609634064905263888e-03,2.633685016384094035e-04
1.776655456599358196e+00,2.220446049250313081e-16,-4.536954145706317831e-12,-2.061343098081832442e-02,5.551115123125782702e-16,-6.504677886273214915e-12,-2.185531585266829030e-02,1.942890293094023946e-16,-2.596953687341320947e-03,-9.417258392573207848e-04
1.777615292070239938e+00,2.498001805406602216e-16,-4.311444715241093129e-12,-2.128430678654972749e-02,5.828670879282071837e-16,-6.193626273204126675e-12,-2.257401538151795894e-02,2.220446049250313081e-16,-2.583877446187024876e-03,-2.140775335780765749e-03
1.778575127541121681e+00,2.498001805406602216e-16,-4.088932758193348366e-12,-2.195172338615977714e-02,5.551115123125782702e-16,-5.886542365747884920e-12,-2.328911024275076222e-02,1.942890293094023946e-16,-2.570407240520375999e-03,-3.333607883407360434e-03
1.779534963012003423e+00,2.498001805406602216e-16,-3.869455781181987963e-12,-2.261559526293384359e-02,5.551115123125782702e-16,-5.583476904566161969e-12,-2.400050873484197225e-02,1.942890293094023946e-16,-2.556545028037717025e-03,-4.520052690612728560e-03
1.780494798482885166e+00,2.498001805406602216e-16,-3.653039581442453498e-12,-2.327583772320745634e-02,5.273559366969493567e-16,-5.284475588780528088e-12,-2.470811984579333181e-02,1.942890293094023946e-16,-2.542292824765735992e-03,-5.699940318659293091e-03
1.781454633953766908e+00,2.498001805406602216e-16,-3.439716786683873206e-12,-2.393236687748189276e-02,5.273559366969493567e-16,-4.989585337239997587e-12,-2.541185327785972989e-02,2.498001805406602216e-16,-2.527652704791356376e-03,-6.873102619890792200e-03
1.782414469424648651e+00,2.498001805406602216e-16,-3.229512116715779757e-12,-2.458509968376370453e-02,5.551115123125782702e-16,-4.698847532586241521e-12,-2.611161944828386747e-02,2.498001805406602216e-16,-2.512626799978316672e-03,-8.039372857116894311e-03
1.783374304895530393e+00,2.498001805406602216e-16,-3.022451809230747299e-12,-2.523395411257937232e-02,5.273559366969493567e-16,-4.412300765640336797e-12,-2.680732972305988754e-02,2.775557561562891351e-16,-2.497217299675428496e-03,-9.198585901125140227e-03
1.784334140366412136e+00,2.775557561562891351e-16,-2.818560163909966665e-12,-2.587884910152705997e-02,5.273559366969493567e-16,-4.129979507255104876e-12,-2.749889632252139685e-02,2.775557561562891351e-16,-2.481426450403056115e-03,-1.035057822909993958e-02
1.785293975837293878e+00,2.775557561562891351e-16,-2.617857184283520211e-12,-2.651970452805074707e-02,5.273559366969493567e-16,-3.851917699734808131e-12,-2.818623226270657728e-02,2.775557561562891351e-16,-2.465256555524461806e-03,-1.149518783614126780e-02
1.786253811308175621e+00,2.498001805406602216e-16,-2.420361952309643683e-12,-2.715644125125770206e-02,5.273559366969493567e-16,-3.578147984341101956e-12,-2.886925142314870907e-02,2.775557561562891351e-16,-2.448709974920901689e-03,-1.263225430675679432e-02
1.787213646779057363e+00,2.220446049250313081e-16,-2.226095054277087149e-12,-2.778898114638360395e-02,5.273559366969493567e-16,-3.308697486457089221e-12,-2.954786850850193991e-02,3.330669073875469621e-16,-2.431789124634279198e-03,-1.376161885756565888e-02
1.788173482249939106e+00,2.220446049250313081e-16,-2.035071418294513018e-12,-2.841724710574905152e-02,5.273559366969493567e-16,-3.043593155283019769e-12,-3.022199917838274200e-02,3.053113317719180486e-16,-2.414496476522038325e-03,-1.488312447414041027e-02
1.789133317720820848e+00,1.942890293094023946e-16,-1.847304712085558187e-12,-2.904116296624442012e-02,5.551115123125782702e-16,-2.782857806498360842e-12,-3.089155996612370780e-02,2.775557561562891351e-16,-2.396834557871535022e-03,-1.599661590020531876e-02
1.790093153191702591e+00,1.942890293094023946e-16,-1.662810629476669383e-12,-2.966065348666488063e-02,5.551115123125782702e-16,-2.526513971179509405e-12,-3.155646832403874447e-02,2.775557561562891351e-16,-2.378805951025738091e-03,-1.710193963792202426e-02
1.791052988662584333e+00,1.942890293094023946e-16,-1.481601198335697617e-12,-3.027564437165352132e-02,5.551115123125782702e-16,-2.274581334372159647e-12,-3.221664270022219639e-02,2.775557561562891351e-16,-2.360413292992360416e-03,-1.819894407439353462e-02
1.792012824133466076e+00,1.665334536937734811e-16,-1.303685464974519564e-12,-3.088606246052890206e-02,5.551115123125782702e-16,-2.027077724425785377e-12,-3.287200279112115209e-02,2.775557561562891351e-16,-2.341659275050767160e-03,-1.928747972218028753e-02
1.792972659604347818e+00,1.665334536937734811e-16,-1.129072861952035850e-12,-3.149183572448888829e-02,5.551115123125782702e-16,-1.784020386931192692e-12,-3.352246946971902675e-02,3.053113317719180486e-16,-2.322546642355292207e-03,-2.036739918921214726e-02
1.793932495075229561e+00,1.942890293094023946e-16,-9.577692778412957852e-13,-3.209289325534846887e-02,5.551115123125782702e-16,-1.545423023493336379e-12,-3.416796476379544562e-02,3.330669073875469621e-16,-2.303078193509424266e-03,-2.143855719494673975e-02
1.794892330546111303e+00,1.942890293094023946e-16,-7.897831152091361329e-13,-3.268916530015405358e-02,5.551115123125782702e-16,-1.311296367713724043e-12,-3.480841189855967549e-02,3.330669073875469621e-16,-2.283256780148239847e-03,-2.250081059737491646e-02
1.795852166016993046e+00,1.942890293094023946e-16,-6.251184398137037135e-13,-3.328058347599611999e-02,5.551115123125782702e-16,-1.081650123201799429e-12,-3.544373552162363716e-02,2.775557561562891351e-16,-2.263085306495941224e-03,-2.355401865040770287e-02
1.796812001487874788e+00,1.942890293094023946e-16,-4.637808420724504055e-13,-3.386708076707264925e-02,6.106226635438360972e-16,-8.564964059168400645e-13,-3.607386162737038354e-02,3.053113317719180486e-16,-2.242566728946251108e-03,-2.459804295591840398e-02
1.797771836958756531e+00,1.942890293094023946e-16,-3.057697256741813419e-13,-3.444859152025766397e-02,5.551115123125782702e-16,-6.358348499406127341e-13,-3.669871746073542079e-02,3.053113317719180486e-16,-2.221704055616943469e-03,-2.563274733663600119e-02
1.798731672429638273e+00,1.942890293094023946e-16,-1.510874894162031468e-13,-3.502505124888569826e-02,5.551115123125782702e-16,-4.196748946082816401e-13,-3.731823133196001535e-02,3.330669073875469621e-16,-2.200500345914928411e-03,-2.665799770756041576e-02
1.799691507900520016e+00,2.220446049250313081e-16,2.640709916360006737e-16,-3.559639664892441657e-02,5.273559366969493567e-16,-2.080193723980224008e-13,-3.793233259303192828e-02,3.053113317719180486e-16,-2.178958710088932469e-03,-2.767366204816627817e-02
1.800651343371401758e+00,2.220446049250313081e-16,1.482888519008934702e-13,-3.616256557139683331e-02,5.828670879282071837e-16,-8.640549213623227587e-16,-3.854095164577187038e-02,2.775557561562891351e-16,-2.157082308784614468e-03,-2.867961045262450159e-02
1.801611178842283501e+00,2.498001805406602216e-16,2.929896248033726780e-13,-3.672349712764610280e-02,5.551115123125782702e-16,2.017875883747466403e-13,-3.914401999621266309e-02,3.330669073875469621e-16,-2.134874352578317817e-03,-2.967571512969064546e-02
1.802571014313165243e+00,2.498001805406602216e-16,4.343700285526150284e-13,-3.727913162081061826e-02,5.551115123125782702e-16,3.999382476669449682e-13,-3.974147019698078681e-02,2.775557561562891351e-16,-2.112338101493557978e-03,-3.066185035741047366e-02
1.803530849784046985e+00,2.775557561562891351e-16,5.724356738948631340e-13,-3.782941051711459501e-02,5.828670879282071837e-16,5.935935879115838976e-13,-4.033323601118504048e-02,3.053113317719180486e-16,-2.089476864520726541e-03,-3.163789270611695736e-02
1.804490685254928728e+00,2.775557561562891351e-16,7.071948210954186187e-13,-3.837427636307250839e-02,5.551115123125782702e-16,7.827607174091567865e-13,-4.091925239011087040e-02,3.053113317719180486e-16,-2.066293999128119511e-03,-3.260372093973140650e-02
1.805450520725810470e+00,2.775557561562891351e-16,8.386555881180479677e-13,-3.891367287911520756e-02,5.828670879282071837e-16,9.674451249331618430e-13,-4.149945555137218162e-02,2.775557561562891351e-16,-2.042792910779435249e-03,-3.355921613405796200e-02
1.806410356196692213e+00,2.775557561562891351e-16,9.668256456931215159e-13,-3.944754495782974713e-02,5.828670879282071837e-16,1.147660945769422847e-12,-4.207378294055645618e-02,2.775557561562891351e-16,-2.018977052432649293e-03,-3.450426154200798845e-02
1.807370191667573955e+00,2.775557561562891351e-16,1.091717970365391199e-12,-3.997583879670151691e-02,5.828670879282071837e-16,1.323416094593798942e-12,-4.264217340128624578e-02,2.498001805406602216e-16,-1.994849924036506961e-03,-3.543874282795848180e-02
1.808330027138455698e+00,2.775557561562891351e-16,1.213344867829514728e-12,-4.049850181208723698e-02,6.106226635438360972e-16,1.494724672810796018e-12,-4.320456724052805508e-02,2.498001805406602216e-16,-1.970415072025871912e-03,-3.636254802773536410e-02
1.809289862609337440e+00,2.775557561562891351e-16,1.331720676659223224e-12,-4.101548274208112466e-02,6.106226635438360972e-16,1.661603810814739346e-12,-4.376090615355055641e-02,2.498001805406602216e-16,-1.945676088813149459e-03,-3.727556751120256195e-02
1.810249698080219183e+00,2.775557561562891351e-16,1.446860081017690286e-12,-4.152673161590490075e-02,5.828670879282071837e-16,1.824069412496246573e-12,-4.431113321502046926e-02,2.498001805406602216e-16,-1.920636612265373471e-03,-3.817769390373899896e-02
1.811209533551100925e+00,2.775557561562891351e-16,1.558779289727394574e-12,-4.203219984777500223e-02,5.551115123125782702e-16,1.982139888963459218e-12,-4.485519283850717548e-02,2.498001805406602216e-16,-1.895300325153530122e-03,-3.906882212700762969e-02
1.812169369021982668e+00,2.498001805406602216e-16,1.667497113696028710e-12,-4.253184017575550868e-02,5.828670879282071837e-16,2.135836673538074604e-12,-4.539303092711494819e-02,2.498001805406602216e-16,-1.869670954605500259e-03,-3.994884943568874358e-02
1.813129204492864410e+00,2.775557561562891351e-16,1.773032167319641556e-12,-4.302560660085047450e-02,5.551115123125782702e-16,2.285181199541790054e-12,-4.592459480468150806e-02,2.498001805406602216e-16,-1.843752271536896201e-03,-4.081767535874334524e-02
1.814089039963746153e+00,2.498001805406602216e-16,1.875407835483840907e-12,-4.351345438496635742e-02,5.551115123125782702e-16,2.430199135461039162e-12,-4.644983310367092888e-02,2.775557561562891351e-16,-1.817548090086973031e-03,-4.167520157945475007e-02
1.815048875434627895e+00,2.498001805406602216e-16,1.974644494413205914e-12,-4.399533993809427723e-02,5.551115123125782702e-16,2.570914814858330649e-12,-4.696869568946332452e-02,2.775557561562891351e-16,-1.791062267042752227e-03,-4.252133189167700555e-02
1.816008710905509638e+00,2.498001805406602216e-16,2.070766345533105526e-12,-4.447122080794661120e-02,5.551115123125782702e-16,2.707359300125906226e-12,-4.748113362141726662e-02,2.498001805406602216e-16,-1.764298701248933135e-03,-4.335597207565244221e-02
1.816968546376391380e+00,2.775557561562891351e-16,2.163797681748466997e-12,-4.494105559057414573e-02,5.551115123125782702e-16,2.839559581121597204e-12,-4.798709918676360292e-02,2.498001805406602216e-16,-1.737261333037465804e-03,-4.417902984357584273e-02
1.817928381847273123e+00,2.775557561562891351e-16,2.253767756189156701e-12,-4.540480392609635985e-02,5.551115123125782702e-16,2.967550948626117985e-12,-4.848654593732043550e-02,2.498001805406602216e-16,-1.709954143645288664e-03,-4.499041491116043817e-02
1.818888217318154865e+00,2.775557561562891351e-16,2.340703931407502741e-12,-4.586242660335685534e-02,5.551115123125782702e-16,3.091366226860240568e-12,-4.897942883873396269e-02,2.775557561562891351e-16,-1.682381154656570907e-03,-4.579003909386027832e-02
1.819848052789036608e+00,2.775557561562891351e-16,2.424636446479722096e-12,-4.631388558844459075e-02,5.551115123125782702e-16,3.211041770478061108e-12,-4.946570426446810637e-02,2.775557561562891351e-16,-1.654546427408760956e-03,-4.657781631127046185e-02
1.820807888259918350e+00,2.498001805406602216e-16,2.505597895233625111e-12,-4.675914413154259874e-02,6.106226635438360972e-16,3.326617783051388083e-12,-4.994533015817680111e-02,2.775557561562891351e-16,-1.626454062400369211e-03,-4.735366266301965082e-02
1.821767723730800093e+00,2.775557561562891351e-16,2.583618838617948721e-12,-4.719816665553823454e-02,6.106226635438360972e-16,3.438133922662811939e-12,-5.041826591907675598e-02,2.498001805406602216e-16,-1.598108198684804497e-03,-4.811749635047061352e-02
1.822727559201681835e+00,2.775557561562891351e-16,2.658736241150511104e-12,-4.763091873649528962e-02,6.106226635438360972e-16,3.545635559785119406e-12,-5.088447240465580890e-02,2.775557561562891351e-16,-1.569513013256887152e-03,-4.886923767867740881e-02
1.823687394672563578e+00,2.775557561562891351e-16,2.730987318070882824e-12,-4.805736689884915203e-02,5.828670879282071837e-16,3.649166038788287381e-12,-5.134391170482833361e-02,2.775557561562891351e-16,-1.540672720444206988e-03,-4.960880885304976007e-02
1.824647230143445320e+00,2.775557561562891351e-16,2.800409101659517841e-12,-4.847747874665109952e-02,5.551115123125782702e-16,3.748775609054878777e-12,-5.179654732065413353e-02,2.775557561562891351e-16,-1.511591571262567045e-03,-5.033613413125544861e-02
1.825607065614327063e+00,2.775557561562891351e-16,2.867041897132178302e-12,-4.889122286227811504e-02,5.551115123125782702e-16,3.844512131334545252e-12,-5.224234408110939309e-02,2.775557561562891351e-16,-1.482273852787475499e-03,-5.105113978022993854e-02
1.826566901085208805e+00,2.775557561562891351e-16,2.930929695992012807e-12,-4.929856880166894051e-02,5.551115123125782702e-16,3.936429036465599607e-12,-5.268126800673417209e-02,2.775557561562891351e-16,-1.452723887486932200e-03,-5.175375393053045087e-02
1.827526736556090547e+00,2.775557561562891351e-16,2.992112410431495978e-12,-4.969948701037191913e-02,5.828670879282071837e-16,4.024578257732103898e-12,-5.311328616549516185e-02,2.775557561562891351e-16,-1.422946032571349283e-03,-5.244390644191027073e-02
1.828486572026972290e+00,2.775557561562891351e-16,3.050634777342769999e-12,-5.009394885824575150e-02,5.551115123125782702e-16,4.109018277676868350e-12,-5.353836672892366144e-02,3.053113317719180486e-16,-1.392944679308471580e-03,-5.312152893688508459e-02
1.829446407497854032e+00,2.775557561562891351e-16,3.106545030169983318e-12,-5.048192675562472587e-02,5.273559366969493567e-16,4.189806359115259143e-12,-5.395647914573593190e-02,2.775557561562891351e-16,-1.362724252353000095e-03,-5.378655495740031905e-02
1.830406242968735775e+00,3.330669073875469621e-16,3.159889149249644688e-12,-5.086339416894700843e-02,5.551115123125782702e-16,4.267004393050666256e-12,-5.436759404977176136e-02,2.775557561562891351e-16,-1.332289209066095988e-03,-5.443891982964176729e-02
1.831366078439617517e+00,2.775557561562891351e-16,3.210717201005200416e-12,-5.123832551406660302e-02,5.551115123125782702e-16,4.340675456332605819e-12,-5.477168312636890996e-02,2.775557561562891351e-16,-1.301644038827039912e-03,-5.507856047192415810e-02
1.832325913910499260e+00,3.053113317719180486e-16,3.259078187986715058e-12,-5.160669605356642958e-02,5.273559366969493567e-16,4.410882724066415850e-12,-5.516871902379154313e-02,2.775557561562891351e-16,-1.270793262344632876e-03,-5.570541534431958791e-02
1.833285749381381002e+00,3.053113317719180486e-16,3.305025195443058936e-12,-5.196848187092296956e-02,5.273559366969493567e-16,4.477696652452648959e-12,-5.555867538979689102e-02,2.775557561562891351e-16,-1.239741430962425402e-03,-5.631942444155290523e-02
1.834245584852262745e+00,2.775557561562891351e-16,3.348612951867020043e-12,-5.232365990554065788e-02,5.273559366969493567e-16,4.541184377322704524e-12,-5.594152691744294637e-02,2.775557561562891351e-16,-1.208493125981299765e-03,-5.692052937711000044e-02
1.835205420323144487e+00,2.775557561562891351e-16,3.389893563337381677e-12,-5.267220768094185018e-02,4.996003610813204432e-16,4.601419414360140639e-12,-5.631724902958663154e-02,2.775557561562891351e-16,-1.177052957974333803e-03,-5.750867301418121497e-02
1.836165255794026230e+00,2.775557561562891351e-16,3.428924448523572310e-12,-5.301410334485973791e-02,4.718447854656915297e-16,4.658474195046342914e-12,-5.668581793147228765e-02,2.775557561562891351e-16,-1.145425566100674196e-03,-5.808379957061705900e-02
1.837125091264907972e+00,3.330669073875469621e-16,3.465763761319618635e-12,-5.334932546257450253e-02,4.996003610813204432e-16,4.712424298437128956e-12,-5.704721043026187571e-02,2.775557561562891351e-16,-1.113615617396767916e-03,-5.864585438150944630e-02
1.838084926735789715e+00,3.330669073875469621e-16,3.500469513318012205e-12,-5.367785320696279172e-02,5.273559366969493567e-16,4.763347041699924136e-12,-5.740140403531433094e-02,3.330669073875469621e-16,-1.081627806049605253e-03,-5.919478405727311709e-02
1.839044762206671457e+00,3.608224830031758756e-16,3.533101294980658252e-12,-5.399966619622964537e-02,4.996003610813204432e-16,4.811322073036824673e-12,-5.774837694281767519e-02,3.330669073875469621e-16,-1.049466852653868718e-03,-5.973053640115422863e-02
1.840004597677553200e+00,3.330669073875469621e-16,3.563719103345276695e-12,-5.431474443103348482e-02,4.996003610813204432e-16,4.856428010657862920e-12,-5.808810791409126095e-02,3.053113317719180486e-16,-1.017137503453476814e-03,-6.025306031384770888e-02
1.840964433148434942e+00,3.330669073875469621e-16,3.592384920894815814e-12,-5.462306822255891953e-02,4.996003610813204432e-16,4.898749839072702797e-12,-5.842057620540538204e-02,3.330669073875469621e-16,-9.846445295955111223e-04,-6.076230566988669035e-02
1.841924268619316685e+00,3.330669073875469621e-16,3.619161353528473068e-12,-5.492461815635333450e-02,4.718447854656915297e-16,4.938368382165171308e-12,-5.874576146829866424e-02,3.330669073875469621e-16,-9.519927263701081881e-04,-6.125822329089289364e-02
1.842884104090198427e+00,3.330669073875469621e-16,3.644111583127850051e-12,-5.521937516723156997e-02,4.718447854656915297e-16,4.975370054236547337e-12,-5.906364398429351376e-02,3.330669073875469621e-16,-9.191869124545218837e-04,-6.174076512359370078e-02
1.843843939561080170e+00,3.885780586188047891e-16,3.667298500195214500e-12,-5.550732037772682093e-02,4.718447854656915297e-16,5.009840517422852607e-12,-5.937420453420468036e-02,3.330669073875469621e-16,-8.862319291493674913e-04,-6.220988412948331991e-02
1.844803775031961912e+00,3.885780586188047891e-16,3.688786597819170357e-12,-5.578843514878339266e-02,4.440892098500626162e-16,5.041865640536147969e-12,-5.967742436705501113e-02,3.330669073875469621e-16,-8.531326396254101897e-04,-6.266553422754272962e-02
1.845763610502843655e+00,3.608224830031758756e-16,3.708641270331377443e-12,-5.606270099345935648e-02,4.718447854656915297e-16,5.071535358146641095e-12,-5.997328511158966924e-02,3.330669073875469621e-16,-8.198939281748007226e-04,-6.310767023367624962e-02
1.846723445973725397e+00,3.885780586188047891e-16,3.726926929505276764e-12,-5.633009969626034952e-02,4.440892098500626162e-16,5.098937615991179506e-12,-6.026176883785353683e-02,3.608224830031758756e-16,-7.865206994537270050e-04,-6.353624793453767350e-02
1.847683281444607140e+00,3.885780586188047891e-16,3.743709064540218234e-12,-5.659061330032734427e-02,4.163336342344337027e-16,5.124161660849217703e-12,-6.054285808031632798e-02,3.608224830031758756e-16,-7.530178777415624065e-04,-6.395122407679248999e-02
1.848643116915488882e+00,3.885780586188047891e-16,3.759052558159961532e-12,-5.684422393252342581e-02,4.163336342344337027e-16,5.147298182844352310e-12,-6.081653549919229657e-02,3.885780586188047891e-16,-7.193904061725397026e-04,-6.435255615843275823e-02
1.849602952386370625e+00,3.330669073875469621e-16,3.773023794030648873e-12,-5.709091382290822775e-02,4.440892098500626162e-16,5.168437223272942353e-12,-6.108278394738297923e-02,3.885780586188047891e-16,-6.856432459847575144e-04,-6.474020246190349825e-02
1.850562787857252367e+00,3.885780586188047891e-16,3.785687275405279564e-12,-5.733066513340430437e-02,4.440892098500626162e-16,5.187669578984735810e-12,-6.134158629810673724e-02,3.330669073875469621e-16,-6.517813757616665055e-04,-6.511412195241313150e-02
1.851522623328134109e+00,3.608224830031758756e-16,3.797108105236179573e-12,-5.756346010345583797e-02,4.718447854656915297e-16,5.205085653806193133e-12,-6.159292557639402255e-02,3.608224830031758756e-16,-6.178097906828815614e-04,-6.547427432649779999e-02
1.852482458799015852e+00,3.608224830031758756e-16,3.807351345818093397e-12,-5.778928078160400911e-02,5.273559366969493567e-16,5.220775671992789954e-12,-6.183678466148206931e-02,3.330669073875469621e-16,-5.837335017827963201e-04,-6.582061982112320797e-02
1.853442294269897594e+00,3.885780586188047891e-16,3.816480927809748000e-12,-5.800810888338625571e-02,4.718447854656915297e-16,5.234830350773177210e-12,-6.207314615724236762e-02,3.608224830031758756e-16,-5.495575351880435102e-04,-6.615311914021118622e-02
1.854402129740779337e+00,3.885780586188047891e-16,3.824560780175804454e-12,-5.821992570290580871e-02,4.996003610813204432e-16,5.247337971309249532e-12,-6.230199237724862171e-02,3.330669073875469621e-16,-5.152869313715159345e-04,-6.647173342693732390e-02
1.855361965211661079e+00,4.163336342344337027e-16,3.831653828993914282e-12,-5.842471226534540901e-02,5.273559366969493567e-16,5.258387739722879956e-12,-6.252330546577690440e-02,3.330669073875469621e-16,-4.809267443748233462e-04,-6.677642436687734884e-02
1.856321800682542822e+00,3.885780586188047891e-16,3.837821916139556519e-12,-5.862244934090469345e-02,4.718447854656915297e-16,5.268067935481897217e-12,-6.273706748677723710e-02,3.330669073875469621e-16,-4.464820410617245487e-04,-6.706715429023661634e-02
1.857281636153424564e+00,3.885780586188047891e-16,3.843126510793713410e-12,-5.881311742625677103e-02,4.718447854656915297e-16,5.276464473138141320e-12,-6.294326041075942735e-02,3.330669073875469621e-16,-4.119579003314172887e-04,-6.734388626167833736e-02
1.858241471624306307e+00,3.885780586188047891e-16,3.847626668093467525e-12,-5.899669660608390653e-02,4.718447854656915297e-16,5.283663766992891149e-12,-6.314186596613816094e-02,3.330669073875469621e-16,-3.773594123562124523e-04,-6.760658389489562770e-02
1.859201307095188049e+00,3.885780586188047891e-16,3.851381948007537998e-12,-5.917316657136433705e-02,4.718447854656915297e-16,5.289747864045549544e-12,-6.333286560627998663e-02,3.330669073875469621e-16,-3.426916778130472828e-04,-6.785521128054110285e-02
1.860161142566069792e+00,3.885780586188047891e-16,3.854448732437025862e-12,-5.934250663189076513e-02,4.718447854656915297e-16,5.294800493502952593e-12,-6.351624053942746262e-02,3.330669073875469621e-16,-3.079598071256651418e-04,-6.808973310004243218e-02
1.861120978036951534e+00,3.885780586188047891e-16,3.856883006871612840e-12,-5.950469579732099029e-02,4.718447854656915297e-16,5.298901450950929334e-12,-6.369197164140663614e-02,3.330669073875469621e-16,-2.731689196982037271e-04,-6.831011454289408202e-02
1.862080813507833277e+00,3.885780586188047891e-16,3.858739289739916006e-12,-5.965971270015225231e-02,4.163336342344337027e-16,5.302128792169635146e-12,-6.386003930820088881e-02,3.608224830031758756e-16,-2.383241431373229482e-04,-6.851632114069068635e-02
1.863040648978715019e+00,3.885780586188047891e-16,3.860068767242937939e-12,-5.980753558820157967e-02,4.163336342344337027e-16,5.304559055056183928e-12,-6.402042344194609769e-02,3.330669073875469621e-16,-2.034306124829803714e-04,-6.870831876708045904e-02
1.864000484449596762e+00,3.885780586188047891e-16,3.860922805152666032e-12,-5.994814217413538954e-02,4.163336342344337027e-16,5.306265121713489227e-12,-6.417310329357917009e-02,3.330669073875469621e-16,-1.684934694265118505e-04,-6.888607352526061878e-02
1.864960319920478504e+00,3.608224830031758756e-16,3.861349963867966376e-12,-6.008150972370129850e-02,4.163336342344337027e-16,5.307318366525818482e-12,-6.431805751249429492e-02,3.330669073875469621e-16,-1.335178615325663322e-04,-6.904955189364987700e-02
1.865920155391360247e+00,3.608224830031758756e-16,3.861395942510409234e-12,-6.020761499689934737e-02,4.440892098500626162e-16,5.307787177239267108e-12,-6.445526403248327818e-02,3.608224830031758756e-16,-9.850894144398139292e-05,-6.919872049418256121e-02
1.866879990862241989e+00,3.330669073875469621e-16,3.861104896907534972e-12,-6.032643422915682369e-02,4.440892098500626162e-16,5.307735950380683063e-12,-6.458470008181814437e-02,3.608224830031758756e-16,-6.347186608944071432e-05,-6.933354620290201054e-02
1.867839826333123732e+00,3.330669073875469621e-16,3.860518787377484676e-12,-6.043794302431897136e-02,4.163336342344337027e-16,5.307226996234765213e-12,-6.470634224873361706e-02,3.330669073875469621e-16,-2.841179589993580377e-05,-6.945399618039589662e-02
1.868799661804005474e+00,3.885780586188047891e-16,3.859677155112302069e-12,-6.054211642062092696e-02,4.163336342344337027e-16,5.306319360621233709e-12,-6.482016645420861367e-02,3.330669073875469621e-16,6.666105972939841996e-06,-6.956003795729988337e-02
1.869759497274887217e+00,3.885780586188047891e-16,3.858616490291354867e-12,-6.063892888819650412e-02,4.163336342344337027e-16,5.305067706811339608e-12,-6.492614791954499920e-02,3.608224830031758756e-16,4.175667442953541020e-05,-6.965163930311397966e-02
1.870719332745768959e+00,3.885780586188047891e-16,3.857371197698894645e-12,-6.072835439649118539e-02,4.163336342344337027e-16,5.303523968089144964e-12,-6.502426115338920398e-02,3.053113317719180486e-16,7.685474320150219134e-05,-6.972876824238789795e-02
1.871679168216650702e+00,3.885780586188047891e-16,3.855972985166268921e-12,-6.081036647097094044e-02,3.885780586188047891e-16,5.301735712977934632e-12,-6.511448020555275773e-02,3.330669073875469621e-16,1.119551456192468392e-04,-6.979139333008516077e-02
1.872639003687532444e+00,3.885780586188047891e-16,3.854450245237869659e-12,-6.088493826441671725e-02,4.163336342344337027e-16,5.299746747480641763e-12,-6.519677874816161289e-02,3.330669073875469621e-16,1.470527153859352515e-04,-6.983948378871991658e-02
1.873598839158414187e+00,4.163336342344337027e-16,3.852828975895946934e-12,-6.095204274367388431e-02,3.885780586188047891e-16,5.297597106609518332e-12,-6.527113018041334758e-02,3.330669073875469621e-16,1.821422873403697785e-04,-6.987300960057071797e-02
1.874558674629295929e+00,4.163336342344337027e-16,3.851132098275569923e-12,-6.101165273061215366e-02,3.885780586188047891e-16,5.295322101897585948e-12,-6.533750760276656189e-02,3.330669073875469621e-16,2.172186982413107240e-04,-6.989194151597290239e-02
1.875518510100177672e+00,3.885780586188047891e-16,3.849379401183968853e-12,-6.106374093859786439e-02,3.330669073875469621e-16,5.292953033329828028e-12,-6.539588378017192893e-02,3.330669073875469621e-16,2.522767875669070436e-04,-6.989625114311368015e-02
1.876478345571059414e+00,4.163336342344337027e-16,3.847587958687778004e-12,-6.110827989903951096e-02,3.330669073875469621e-16,5.290516532469139192e-12,-6.544623116720586775e-02,3.330669073875469621e-16,2.873113983099184689e-04,-6.988591094427623607e-02
1.877438181041941156e+00,4.163336342344337027e-16,3.845771442745799006e-12,-6.114524195421425917e-02,3.885780586188047891e-16,5.288034946162250378e-12,-6.548852184028132462e-02,3.330669073875469621e-16,3.223173777681596604e-04,-6.986089423687158462e-02
1.878398016512822899e+00,4.163336342344337027e-16,3.843940422423389462e-12,-6.117459926245939067e-02,3.608224830031758756e-16,5.285525895447321554e-12,-6.552272755760135681e-02,3.053113317719180486e-16,3.572895783179978746e-04,-6.982117525543879433e-02
1.879357851983704641e+00,3.885780586188047891e-16,3.842102244672575620e-12,-6.119632385438002198e-02,3.608224830031758756e-16,5.283002109323725820e-12,-6.554881964519020110e-02,3.608224830031758756e-16,3.922228582088080145e-04,-6.976672918282084135e-02
1.880317687454586384e+00,3.885780586188047891e-16,3.840260874560462695e-12,-6.121038781540895368e-02,3.608224830031758756e-16,5.280471753400832946e-12,-6.556676928255432413e-02,3.330669073875469621e-16,4.271120823433962070e-04,-6.969753235756788456e-02
1.881277522925468126e+00,3.885780586188047891e-16,3.838417171719613031e-12,-6.121676322898011308e-02,3.885780586188047891e-16,5.277937901124457152e-12,-6.557654743992441526e-02,3.608224830031758756e-16,4.619521230583195680e-04,-6.961356225898610028e-02
1.882237358396349869e+00,3.885780586188047891e-16,3.836568584569152143e-12,-6.121542233735439292e-02,3.885780586188047891e-16,5.275398830833958697e-12,-6.557812493748199634e-02,3.608224830031758756e-16,4.967378608952605946e-04,-6.951479757474490762e-02
1.883197193867231611e+00,3.885780586188047891e-16,3.834709220830261577e-12,-6.120633749402833168e-02,3.885780586188047891e-16,5.272847760190945126e-12,-6.557147248211891988e-02,3.330669073875469621e-16,5.314641853558225342e-04,-6.940121826244328995e-02
1.884157029338113354e+00,4.163336342344337027e-16,3.832829832597223207e-12,-6.118948141015736336e-02,4.163336342344337027e-16,5.270272961508101002e-12,-6.555656087749325844e-02,3.330669073875469621e-16,5.661259956816479212e-04,-6.927280575131884721e-02
1.885116864808995096e+00,3.885780586188047891e-16,3.830917905593516064e-12,-6.116482706049813922e-02,3.885780586188047891e-16,5.267657455904119494e-12,-6.553336107521359755e-02,3.330669073875469621e-16,6.007182015946238920e-04,-6.912954298509700612e-02
1.886076700279876839e+00,3.885780586188047891e-16,3.828957341110944632e-12,-6.113234769867179758e-02,3.885780586188047891e-16,5.264979560182583840e-12,-6.550184409607433256e-02,3.330669073875469621e-16,6.352357240719309385e-04,-6.897141436119283431e-02
1.887036535750758581e+00,4.163336342344337027e-16,3.826928936912594656e-12,-6.109201675695288131e-02,3.885780586188047891e-16,5.262212137525446379e-12,-6.546198090299053252e-02,3.330669073875469621e-16,6.696734960920078293e-04,-6.879840564981602735e-02
1.887996371221640324e+00,3.885780586188047891e-16,3.824809931529107518e-12,-6.104380789641036809e-02,3.885780586188047891e-16,5.259323302859715381e-12,-6.541374251440100485e-02,3.330669073875469621e-16,7.040264634080339087e-04,-6.861050415587430229e-02
1.888956206692522066e+00,4.163336342344337027e-16,3.822574366788781663e-12,-6.098769505436525684e-02,3.885780586188047891e-16,5.256275705420548720e-12,-6.535710012680902292e-02,3.608224830031758756e-16,7.382895852953881566e-04,-6.840769882812830494e-02
1.889916042163403809e+00,4.440892098500626162e-16,3.820192843872083788e-12,-6.092365249396691773e-02,4.163336342344337027e-16,5.253027400983431312e-12,-6.529202509094683693e-02,3.330669073875469621e-16,7.724578353186048072e-04,-6.818998024885120079e-02
1.890875877634285551e+00,4.163336342344337027e-16,3.817632669001315773e-12,-6.085165480343527472e-02,3.885780586188047891e-16,5.249531361432098649e-12,-6.521848886001883894e-02,3.330669073875469621e-16,8.065262021063745058e-04,-6.795734058456939786e-02
1.891835713105167294e+00,4.163336342344337027e-16,3.814857914426986879e-12,-6.077167697552435938e-02,3.885780586188047891e-16,5.245734866588880677e-12,-6.513646302136655297e-02,3.330669073875469621e-16,8.404896901337042354e-04,-6.770977363071670196e-02
1.892795548576049036e+00,4.163336342344337027e-16,3.811829370146935757e-12,-6.068369453501427230e-02,4.163336342344337027e-16,5.241581335499933755e-12,-6.504591953489176348e-02,2.775557561562891351e-16,8.743433205234709110e-04,-6.744727500096310557e-02
1.893755384046930779e+00,4.163336342344337027e-16,3.808504684513799692e-12,-6.058768361929606217e-02,3.885780586188047891e-16,5.237008887326263275e-12,-6.494683079030647010e-02,3.053113317719180486e-16,9.080821318259631745e-04,-6.716984223125037345e-02
1.894715219517812521e+00,4.163336342344337027e-16,3.804838449785342275e-12,-6.048362095532330840e-02,4.163336342344337027e-16,5.231950537855367418e-12,-6.483916955681426342e-02,3.330669073875469621e-16,9.417011807981901959e-04,-6.687747466123776519e-02
1.895675054988694264e+00,4.440892098500626162e-16,3.800782163160937831e-12,-6.037148397222424218e-02,4.163336342344337027e-16,5.226334820376387497e-12,-6.472290903635347092e-02,3.053113317719180486e-16,9.751955431552815920e-04,-6.657017353846449159e-02
1.896634890459576006e+00,4.163336342344337027e-16,3.796283685527518121e-12,-6.025125067438151516e-02,3.885780586188047891e-16,5.220085889018127520e-12,-6.459802277252479907e-02,3.330669073875469621e-16,1.008560314316773055e-03,-6.624794190545295336e-02
1.897594725930457749e+00,4.163336342344337027e-16,3.791288333285041355e-12,-6.012289987431852084e-02,4.163336342344337027e-16,5.213123088456316986e-12,-6.446448493911247080e-02,3.330669073875469621e-16,1.041790610148424960e-03,-6.591078493511767777e-02
1.898554561401339491e+00,4.440892098500626162e-16,3.785739093492860793e-12,-5.998641117640542142e-02,4.440892098500626162e-16,5.205361169907012434e-12,-6.432227032998474869e-02,3.330669073875469621e-16,1.074881567690596975e-03,-6.555870983836946386e-02
1.899514396872221234e+00,4.718447854656915297e-16,3.779574655365155328e-12,-5.984176501235385914e-02,4.440892098500626162e-16,5.196710246233851235e-12,-6.417135427124461000e-02,3.330669073875469621e-16,1.107828345886997584e-03,-6.519172585436235068e-02
1.900474232343102976e+00,4.718447854656915297e-16,3.772732128399657221e-12,-5.968894258205647424e-02,4.163336342344337027e-16,5.187077650338337877e-12,-6.401171261953993163e-02,3.330669073875469621e-16,1.140626126294872617e-03,-6.480984423266175631e-02
1.901434067813984718e+00,4.440892098500626162e-16,3.765145315277472655e-12,-5.952792593839149188e-02,4.440892098500626162e-16,5.176365300887377993e-12,-6.384332175526219455e-02,3.330669073875469621e-16,1.173270113808175469e-03,-6.441307820103615855e-02
1.902393903284866461e+00,4.718447854656915297e-16,3.756745853663494630e-12,-5.935869810036704941e-02,4.163336342344337027e-16,5.164471891046414076e-12,-6.366615877099665588e-02,3.330669073875469621e-16,1.205755537370567726e-03,-6.400144318661496468e-02
1.903353738755748203e+00,4.718447854656915297e-16,3.747462281082029195e-12,-5.918124289279169670e-02,4.718447854656915297e-16,5.151292071939664319e-12,-6.348020132149281847e-02,2.775557561562891351e-16,1.238077650695837894e-03,-6.357495669356066914e-02
1.904313574226629946e+00,4.440892098500626162e-16,3.737220700684691990e-12,-5.899554505218572442e-02,4.718447854656915297e-16,5.136716230727490437e-12,-6.328542776468232267e-02,2.775557561562891351e-16,1.270231732972974337e-03,-6.313363842419023042e-02
1.905273409697511688e+00,4.163336342344337027e-16,3.725944933716338753e-12,-5.880159009146579407e-02,5.273559366969493567e-16,5.120632982577328490e-12,-6.308181714903327020e-02,2.775557561562891351e-16,1.302213089567369779e-03,-6.267751019482666053e-02
1.906233245168393431e+00,4.718447854656915297e-16,3.713556531373526579e-12,-5.859936453672615758e-02,4.718447854656915297e-16,5.102925995984202573e-12,-6.286934935758463350e-02,2.775557561562891351e-16,1.334017052709269300e-03,-6.220659609332666873e-02
1.907193080639275173e+00,4.718447854656915297e-16,3.699975303353073008e-12,-5.838885592195258017e-02,4.718447854656915297e-16,5.083476083248038638e-12,-6.264800525820801713e-02,2.775557561562891351e-16,1.365638982169953839e-03,-6.172092261071985414e-02
1.908152916110156916e+00,4.718447854656915297e-16,3.685118264143069644e-12,-5.817005273649750868e-02,5.273559366969493567e-16,5.062161640930797069e-12,-6.241776659591321413e-02,2.775557561562891351e-16,1.397074265948938972e-03,-6.122051857073652903e-02
1.909112751581038658e+00,5.273559366969493567e-16,3.668900378411875732e-12,-5.794294455548769374e-02,5.273559366969493567e-16,5.038858883637566122e-12,-6.217861621197960653e-02,2.775557561562891351e-16,1.428318320946448056e-03,-6.070541523539155909e-02
1.910072587051920401e+00,4.718447854656915297e-16,3.651234828670529495e-12,-5.770752214021475368e-02,5.273559366969493567e-16,5.013438377957741762e-12,-6.193053808310707009e-02,2.775557561562891351e-16,1.459366593636953965e-03,-6.017564638910855024e-02
1.911032422522802143e+00,4.996003610813204432e-16,3.632034499274471723e-12,-5.746377777650855945e-02,5.273559366969493567e-16,4.985771215641147253e-12,-6.167351768258397260e-02,3.053113317719180486e-16,1.490214560728569384e-03,-5.963124858880367030e-02
1.911992257993683886e+00,4.718447854656915297e-16,3.611208242702314275e-12,-5.721170500816120941e-02,5.273559366969493567e-16,4.955726553814354327e-12,-6.140754172209658690e-02,2.775557561562891351e-16,1.520857729808595526e-03,-5.907226098730676556e-02
1.912952093464565628e+00,4.718447854656915297e-16,3.588664779295529239e-12,-5.695129872316730124e-02,5.273559366969493567e-16,4.923168508063832660e-12,-6.113259814219842991e-02,2.775557561562891351e-16,1.551291639996650075e-03,-5.849872520379977708e-02
1.913911928935447371e+00,4.163336342344337027e-16,3.564309993529281295e-12,-5.668255500269509667e-02,5.273559366969493567e-16,4.887962762681070245e-12,-6.084867599352966616e-02,2.775557561562891351e-16,1.581511862562019494e-03,-5.791068519634291062e-02
1.914871764406329113e+00,4.163336342344337027e-16,3.538050745660690360e-12,-5.640547134512507305e-02,5.551115123125782702e-16,4.849970956528198984e-12,-6.055576553368438586e-02,2.775557561562891351e-16,1.611514001562354935e-03,-5.730818733991899228e-02
1.915831599877210856e+00,3.885780586188047891e-16,3.509790172390040222e-12,-5.612004664943229942e-02,5.273559366969493567e-16,4.809053566338147151e-12,-6.025385834914535194e-02,2.775557561562891351e-16,1.641293694446061902e-03,-5.669128043448704024e-02
1.916791435348092598e+00,3.885780586188047891e-16,3.479432684355167338e-12,-5.582628118212194790e-02,5.273559366969493567e-16,4.765071461867130542e-12,-5.994294725309881611e-02,2.775557561562891351e-16,1.670846612692985025e-03,-5.606001558937851598e-02
1.917751270818974341e+00,3.885780586188047891e-16,3.446879724190460986e-12,-5.552417650921680908e-02,5.273559366969493567e-16,4.717883283480647783e-12,-5.962302631556985061e-02,2.775557561562891351e-16,1.700168462418370687e-03,-5.541444619777317199e-02
1.918711106289856083e+00,3.885780586188047891e-16,3.412032172100433469e-12,-5.521373545528512894e-02,5.551115123125782702e-16,4.667347146383770198e-12,-5.929409091864074055e-02,2.775557561562891351e-16,1.729254984992438472e-03,-5.475462799597095864e-02
1.919670941760737826e+00,3.885780586188047891e-16,3.374790871020147409e-12,-5.489496221703422246e-02,5.551115123125782702e-16,4.613320603351692140e-12,-5.895613797141861095e-02,2.775557561562891351e-16,1.758101957643448243e-03,-5.408061912765934481e-02
1.920630777231619568e+00,3.885780586188047891e-16,3.335055508531725374e-12,-5.456786243048594720e-02,5.551115123125782702e-16,4.555658950663836471e-12,-5.860916598079183443e-02,2.775557561562891351e-16,1.786705194055898281e-03,-5.339248016140672043e-02
1.921590612702501311e+00,4.163336342344337027e-16,3.292725162353567908e-12,-5.423244311928088202e-02,5.273559366969493567e-16,4.494220212045716215e-12,-5.825317511623020333e-02,2.775557561562891351e-16,1.815060544970035529e-03,-5.269027414903343365e-02
1.922550448173383053e+00,3.885780586188047891e-16,3.247699255793518036e-12,-5.388871277077030009e-02,5.551115123125782702e-16,4.428861723432091224e-12,-5.788816727739802548e-02,2.775557561562891351e-16,1.843163898758259749e-03,-5.197406663887865763e-02
1.923510283644264796e+00,3.885780586188047891e-16,3.199877923667094476e-12,-5.353668133873572266e-02,5.273559366969493567e-16,4.359440404017511303e-12,-5.751414613401464176e-02,2.775557561562891351e-16,1.871011182003997709e-03,-5.124392559857318674e-02
1.924470119115146538e+00,3.885780586188047891e-16,3.149158193872965417e-12,-5.317636039356453403e-02,5.273559366969493567e-16,4.285813579572340937e-12,-5.713111721065372572e-02,2.775557561562891351e-16,1.898598360061480020e-03,-5.049992149725619078e-02
1.925429954586028281e+00,3.885780586188047891e-16,3.095440075865773383e-12,-5.280776315935986620e-02,5.273559366969493567e-16,4.207839239940775258e-12,-5.673908792015457114e-02,2.775557561562891351e-16,1.925921437627249252e-03,-4.974212728609635897e-02
1.926389790056910023e+00,3.885780586188047891e-16,3.038622928578857407e-12,-5.243090458813260551e-02,5.273559366969493567e-16,4.125377089361694644e-12,-5.633806765463876542e-02,2.498001805406602216e-16,1.952976459305940651e-03,-4.897061851307051711e-02
1.927349625527791765e+00,3.885780586188047891e-16,2.978605636607106061e-12,-5.204580134142646614e-02,5.273559366969493567e-16,4.038287611344290942e-12,-5.592806777248301303e-02,2.775557561562891351e-16,1.979759510168490558e-03,-4.818547319317365712e-02
1.928309460998673508e+00,3.885780586188047891e-16,2.915290099982700139e-12,-5.165247187682828894e-02,5.273559366969493567e-16,3.946434674141413232e-12,-5.550910168251125404e-02,2.498001805406602216e-16,2.006266716317750380e-03,-4.738677195159539390e-02
1.929269296469555250e+00,3.053113317719180486e-16,2.848574562943620089e-12,-5.125093642051017223e-02,5.273559366969493567e-16,3.849679892898270894e-12,-5.508118475672875436e-02,2.498001805406602216e-16,2.032494245439637939e-03,-4.657459788660879563e-02
1.930229131940436993e+00,3.053113317719180486e-16,2.778360481676782345e-12,-5.084121688589803012e-02,5.551115123125782702e-16,3.747888338654498108e-12,-5.464433410613470793e-02,2.498001805406602216e-16,2.058438307364979930e-03,-4.574903635260393203e-02
1.931188967411318735e+00,2.775557561562891351e-16,2.704552138071015382e-12,-5.042333681820652252e-02,5.273559366969493567e-16,3.640927931868563616e-12,-5.419856869581838460e-02,2.498001805406602216e-16,2.084095154607585199e-03,-4.491017499047226386e-02
1.932148802882200478e+00,2.775557561562891351e-16,2.627051015418289948e-12,-4.999732135555546436e-02,5.273559366969493567e-16,3.528668192197140577e-12,-5.374390936923088835e-02,2.498001805406602216e-16,2.109461082888178501e-03,-4.405810368117640125e-02
1.933108638353082220e+00,3.053113317719180486e-16,2.545765427484263446e-12,-4.956319734596076332e-02,4.996003610813204432e-16,3.410982562753513830e-12,-5.328037901483523298e-02,2.498001805406602216e-16,2.134532431627908945e-03,-4.319291474151094185e-02
1.934068473823963963e+00,3.053113317719180486e-16,2.460597602949900209e-12,-4.912099342475333835e-02,4.996003610813204432e-16,3.287745811410497723e-12,-5.280800252819493196e-02,2.498001805406602216e-16,2.159305584449668167e-03,-4.231470279088143244e-02
1.935028309294845705e+00,2.775557561562891351e-16,2.371456306202385581e-12,-4.867074011646083803e-02,5.273559366969493567e-16,3.158835274244802677e-12,-5.232680684120752379e-02,2.498001805406602216e-16,2.183776969678191595e-03,-4.142356476078228739e-02
1.935988144765727448e+00,3.053113317719180486e-16,2.278252585229730703e-12,-4.821246980803792215e-02,5.273559366969493567e-16,3.024133738837187640e-12,-5.183682117491050095e-02,2.220446049250313081e-16,2.207943060828475908e-03,-4.051959999658159839e-02
1.936947980236609190e+00,3.330669073875469621e-16,2.180896847663038596e-12,-4.774621679782747180e-02,5.273559366969493567e-16,2.883525131180692674e-12,-5.133807699951239284e-02,1.942890293094023946e-16,2.231800377081591142e-03,-3.960291030105820426e-02
1.937907815707490933e+00,3.330669073875469621e-16,2.079303387320574278e-12,-4.727201729134064556e-02,4.996003610813204432e-16,2.736899784225570870e-12,-5.083060806565919965e-02,1.665334536937734811e-16,2.255345483754207445e-03,-3.867359983368938436e-02
1.938867651178372675e+00,3.053113317719180486e-16,1.973387107884324795e-12,-4.678990940208632709e-02,5.273559366969493567e-16,2.584149792750605606e-12,-5.031445033429297192e-02,1.387778780781445676e-16,2.278574992777254726e-03,-3.773177506816824400e-02
1.939827486649254418e+00,3.330669073875469621e-16,1.863068503453729069e-12,-4.629993314879839866e-02,5.273559366969493567e-16,2.425172015247875623e-12,-4.978964214229556623e-02,1.665334536937734811e-16,2.301485563173810353e-03,-3.677754487736099170e-02
1.940787322120136160e+00,3.608224830031758756e-16,1.748269470814786675e-12,-4.580213031480501185e-02,5.273559366969493567e-16,2.259867443730242259e-12,-4.925622402621564894e-02,1.387778780781445676e-16,2.324073901530623442e-03,-3.581102039155031197e-02
1.941747157591017903e+00,3.608224830031758756e-16,1.628911754287566682e-12,-4.529654452191874542e-02,5.273559366969493567e-16,2.088142125303196067e-12,-4.871423871609389250e-02,1.387778780781445676e-16,2.346336762466092081e-03,-3.483231494340695983e-02
1.942706993061899645e+00,3.608224830031758756e-16,1.504924386063616337e-12,-4.478322115289765787e-02,5.273559366969493567e-16,1.909906003423784970e-12,-4.816373113292532482e-02,1.387778780781445676e-16,2.368270949082533928e-03,-3.384154405546296179e-02
1.943666828532781388e+00,3.330669073875469621e-16,1.376236865896669770e-12,-4.426220752298822003e-02,5.273559366969493567e-16,1.725072802704133434e-12,-4.760474850795510388e-02,1.387778780781445676e-16,2.389873313435241561e-03,-3.283882550987164695e-02
1.944626664003663130e+00,3.330669073875469621e-16,1.242782474695537653e-12,-4.373355285252867458e-02,5.273559366969493567e-16,1.533564413153977457e-12,-4.703734046666433605e-02,1.665334536937734811e-16,2.411140756963974126e-03,-3.182427935232173821e-02
1.945586499474544873e+00,3.330669073875469621e-16,1.104498918269147117e-12,-4.319730835985429590e-02,5.273559366969493567e-16,1.335305374302112047e-12,-4.646155897308699295e-02,1.942890293094023946e-16,2.432070230954039465e-03,-3.079802781748388826e-02
1.946546334945426615e+00,3.608224830031758756e-16,9.613243225547671300e-13,-4.265352714658812022e-02,5.551115123125782702e-16,1.130227178123763276e-12,-4.587745833347686014e-02,1.942890293094023946e-16,2.452658736955461855e-03,-2.976019524625496404e-02
1.947506170416308358e+00,3.330669073875469621e-16,8.132038065936791904e-13,-4.210226432301941019e-02,5.551115123125782702e-16,9.182660599786618416e-13,-4.528509526823860931e-02,1.942890293094023946e-16,2.472903327217587915e-03,-2.871090812950382459e-02
1.948466005887190100e+00,3.330669073875469621e-16,6.600866771580560233e-13,-4.154357692406310254e-02,5.551115123125782702e-16,6.993630324923609531e-13,-4.468452895929918983e-02,1.665334536937734811e-16,2.492801105074390813e-03,-2.765029511554886743e-02
1.949425841358071843e+00,3.330669073875469621e-16,5.019257985584488213e-13,-4.097752387891184789e-02,5.551115123125782702e-16,4.734682291411898558e-13,-4.407582101539104374e-02,1.942890293094023946e-16,2.512349225323964874e-03,-2.657848699149088431e-02
1.950385676828953585e+00,3.608224830031758756e-16,3.386730593234535402e-13,-4.040416590380446066e-02,5.551115123125782702e-16,2.405332470744106499e-13,-4.345903535689474295e-02,1.942890293094023946e-16,2.531544894585480935e-03,-2.549561650113095837e-02
1.951345512299835327e+00,3.885780586188047891e-16,1.702929111743398116e-13,-3.982356548471256003e-02,5.551115123125782702e-16,5.240287912801344650e-16,-4.283423818085698581e-02,1.387778780781445676e-16,2.550385371647514478e-03,-2.440181829543869307e-02
1.952305347770717070e+00,3.608224830031758756e-16,-3.249638514009334234e-15,-3.923578686226650292e-02,5.273559366969493567e-16,-2.465939236660774636e-13,-4.220149802570031389e-02,1.387778780781445676e-16,2.568867967832739584e-03,-2.329722902348159083e-02
1.953265183241598812e+00,3.885780586188047891e-16,-1.819841478033212834e-13,-3.864089606449781084e-02,5.273559366969493567e-16,-5.008456621441101375e-13,-4.156088583943354231e-02,1.110223024625156540e-16,2.586990047340874226e-03,-2.218198741220385808e-02
1.954225018712480555e+00,3.608224830031758756e-16,-3.659353500556558614e-13,-3.803896086209943017e-02,5.273559366969493567e-16,-7.622472125061799386e-13,-4.091247496285920632e-02,1.110223024625156540e-16,2.604749027604338039e-03,-2.105623416935037406e-02
1.955184854183362297e+00,3.608224830031758756e-16,-5.551236553769101079e-13,-3.743005074398032817e-02,4.996003610813204432e-16,-1.030813712925120196e-12,-4.025634092469917297e-02,1.387778780781445676e-16,2.622142379622922122e-03,-1.992011181548480198e-02
1.956144689654244040e+00,3.330669073875469621e-16,-7.495614236718503576e-13,-3.681423687704306336e-02,5.273559366969493567e-16,-1.306545231163566689e-12,-3.959256145679957567e-02,1.387778780781445676e-16,2.639167628303605746e-03,-1.877376468722134414e-02
1.957104525125125782e+00,3.330669073875469621e-16,-9.492587922307893500e-13,-3.619159216476333651e-02,5.273559366969493567e-16,-1.589441387750759049e-12,-3.892121668876253465e-02,1.110223024625156540e-16,2.655822352796897556e-03,-1.761733921930915339e-02
1.958064360596007525e+00,3.885780586188047891e-16,-1.154220179177579964e-12,-3.556219127860678342e-02,5.273559366969493567e-16,-1.879495067609940340e-12,-3.824238918784534508e-02,1.387778780781445676e-16,2.672104186812445954e-03,-1.645098388596289568e-02
1.959024196066889267e+00,3.885780586188047891e-16,-1.364443483870513008e-12,-3.492611061908616754e-02,5.273559366969493567e-16,-2.176684762880513879e-12,-3.755616380701389673e-02,1.387778780781445676e-16,2.688010818925518769e-03,-1.527484906151382361e-02
1.959984031537771010e+00,3.885780586188047891e-16,-1.579919707431556852e-12,-3.428342830586480344e-02,4.718447854656915297e-16,-2.480989175766053906e-12,-3.686262768392700034e-02,1.387778780781445676e-16,2.703539992849617653e-03,-1.408908700731761887e-02
1.960943867008652752e+00,3.885780586188047891e-16,-1.800636666138798192e-12,-3.363422423836135572e-02,5.273559366969493567e-16,-2.792375393954361906e-12,-3.616187027486492123e-02,1.387778780781445676e-16,2.718689507720200779e-03,-1.289385194583212053e-02
1.961903702479534495e+00,3.885780586188047891e-16,-2.026576877232205698e-12,-3.297858018509717409e-02,4.996003610813204432e-16,-3.110805104451167674e-12,-3.545398341163271544e-02,1.387778780781445676e-16,2.733457218347819326e-03,-1.168930013100216193e-02
1.962863537950416237e+00,3.885780586188047891e-16,-2.257714861960725961e-12,-3.231657971631119591e-02,4.718447854656915297e-16,-3.436229226779375506e-12,-3.473906115792749216e-02,1.110223024625156540e-16,2.747841035478789176e-03,-1.047558962187765570e-02
1.963823373421297980e+00,3.885780586188047891e-16,-2.494020181348366449e-12,-3.164830825839319572e-02,4.718447854656915297e-16,-3.768595773444814723e-12,-3.401719977708734383e-02,8.326672684688674053e-17,2.761838926041578456e-03,-9.252880380519148962e-03
1.964783208892179722e+00,4.163336342344337027e-16,-2.735456602713775415e-12,-3.097385300958830842e-02,4.718447854656915297e-16,-4.107842402822567407e-12,-3.328849770328798363e-02,8.326672684688674053e-17,2.775448913385868913e-03,-8.021334163983364837e-03
1.965743044363061465e+00,4.163336342344337027e-16,-2.981981388162566193e-12,-3.029330306617170412e-02,4.718447854656915297e-16,-4.453893559573738475e-12,-3.255305556914172421e-02,5.551115123125782702e-17,2.788669077505460513e-03,-6.781114577298818537e-03
1.966702879833943207e+00,4.163336342344337027e-16,-3.233546819246622267e-12,-2.960674927377001178e-02,4.996003610813204432e-16,-4.806677056162431128e-12,-3.181097609290668704e-02,0.000000000000000000e+00,2.801497555250310589e-03,-5.532386895716046721e-03
1.967662715304824950e+00,3.885780586188047891e-16,-3.490098834935118077e-12,-2.891428404670064525e-02,5.273559366969493567e-16,-5.166105776944086153e-12,-3.106236381989746151e-02,0.000000000000000000e+00,2.813932540534346775e-03,-4.275317944075432246e-03
1.968622550775706692e+00,3.885780586188047891e-16,-3.751576103266408835e-12,-2.821600137534575198e-02,4.718447854656915297e-16,-5.532088011967438435e-12,-3.030732525180684922e-02,2.775557561562891351e-17,2.825972284536269058e-03,-3.010076136318548881e-03
1.969582386246588435e+00,3.885780586188047891e-16,-4.017912914812578340e-12,-2.751199686001940328e-02,4.718447854656915297e-16,-5.904521731031793508e-12,-2.954596882548338882e-02,2.775557561562891351e-17,2.837615095896444794e-03,-1.736831452190784044e-03
1.970542221717470177e+00,3.885780586188047891e-16,-4.289038904852632283e-12,-2.680236794416368876e-02,4.996003610813204432e-16,-6.283300628114139169e-12,-2.877840525301208693e-02,0.000000000000000000e+00,2.848859340908385315e-03,-4.557557258326769647e-04
1.971502057188351920e+00,3.885780586188047891e-16,-4.564876674903982356e-12,-2.608721370996462327e-02,4.718447854656915297e-16,-6.668311492178877198e-12,-2.800474738056324062e-02,0.000000000000000000e+00,2.859703443705184037e-03,8.329773637909064065e-04
1.972461892659233662e+00,4.163336342344337027e-16,-4.845339834382272198e-12,-2.536663501316131081e-02,4.718447854656915297e-16,-7.059434823817808957e-12,-2.722511029816092679e-02,0.000000000000000000e+00,2.870145886453825436e-03,2.129192240571355175e-03
1.973421728130115405e+00,4.163336342344337027e-16,-5.130341653889966547e-12,-2.464073433885576730e-02,4.718447854656915297e-16,-7.456538296155782591e-12,-2.643961131555465707e-02,0.000000000000000000e+00,2.880185209514866777e-03,3.432711441623337040e-03
1.974381563600997147e+00,4.163336342344337027e-16,-5.419787584221361088e-12,-2.390961609227120616e-02,4.996003610813204432e-16,-7.859491987891216447e-12,-2.564837012659456142e-02,0.000000000000000000e+00,2.889820011616219247e-03,4.743355469405905953e-03
1.975341399071878890e+00,4.163336342344337027e-16,-5.713577099506275681e-12,-2.317338666487309129e-02,4.718447854656915297e-16,-8.268152736903497391e-12,-2.485150894612667832e-02,0.000000000000000000e+00,2.899048949988668883e-03,6.060942630312655954e-03
1.976301234542760632e+00,4.163336342344337027e-16,-6.011607905269736318e-12,-2.243215440881207376e-02,4.996003610813204432e-16,-8.682372109138948579e-12,-2.404915227052708410e-02,0.000000000000000000e+00,2.907870740528645248e-03,7.385289183555040701e-03
1.977261070013642374e+00,3.885780586188047891e-16,-6.313765577524964312e-12,-2.168602965312580247e-02,4.996003610813204432e-16,-9.102000051016898019e-12,-2.324142695743508513e-02,0.000000000000000000e+00,2.916284157914997809e-03,8.716209355003202985e-03
1.978220905484524117e+00,3.885780586188047891e-16,-6.619938260489077048e-12,-2.093512466242493722e-02,4.718447854656915297e-16,-9.526876961201292265e-12,-2.242846205531907194e-02,-2.775557561562891351e-17,2.924288035744714628e-03,1.005351539929506821e-02
1.979180740955405859e+00,4.163336342344337027e-16,-6.930007593166156998e-12,-2.017955379978562253e-02,4.718447854656915297e-16,-9.956834862894295424e-12,-2.161038893893098278e-02,0.000000000000000000e+00,2.931881266647022068e-03,1.139701748937203656e-02
1.980140576426287602e+00,3.885780586188047891e-16,-7.243851135249612661e-12,-1.941943352898845010e-02,4.718447854656915297e-16,-1.039170676185629041e-11,-2.078734127597077833e-02,0.000000000000000000e+00,2.939062802400505513e-03,1.274652366660713673e-02
1.981100411897169344e+00,3.885780586188047891e-16,-7.561338978990389537e-12,-1.865488236172703485e-02,4.718447854656915297e-16,-1.083132135414402453e-11,-1.995945504614642096e-02,0.000000000000000000e+00,2.945831654048132811e-03,1.410183986329721466e-02
1.982060247368051087e+00,3.885780586188047891e-16,-7.882341216639433129e-12,-1.788602080129426952e-02,5.273559366969493567e-16,-1.127549584327121671e-11,-1.912686849506835610e-02,0.000000000000000000e+00,2.952186891994651192e-03,1.546276987748935669e-02
1.983020082838932829e+00,3.885780586188047891e-16,-8.206721096421475126e-12,-1.711297130824623175e-02,5.273559366969493567e-16,-1.172404813070673443e-11,-1.828972208219930770e-02,2.775557561562891351e-17,2.958127646110707103e-03,1.682911539067249301e-02
1.983979918309814572e+00,4.163336342344337027e-16,-8.534341080514672162e-12,-1.633585842480380496e-02,5.273559366969493567e-16,-1.217678791186425219e-11,-1.744815858159374719e-02,5.551115123125782702e-17,2.963653105804207964e-03,1.820067588425262201e-02
1.984939753780696314e+00,3.885780586188047891e-16,-8.865061150984711313e-12,-1.555480856884533178e-02,4.996003610813204432e-16,-1.263352580372929107e-11,-1.660232295436714009e-02,0.000000000000000000e+00,2.968762520100859306e-03,1.957724874693627520e-02
1.985899589251578057e+00,3.885780586188047891e-16,-9.198734872775671256e-12,-1.476995014944103811e-02,4.996003610813204432e-16,-1.309406549794599542e-11,-1.575236245857242548e-02,0.000000000000000000e+00,2.973455197698555291e-03,2.095862913804468278e-02
1.986859424722459799e+00,4.163336342344337027e-16,-9.535212246516988621e-12,-1.398141355192488063e-02,4.718447854656915297e-16,-1.355820679658321579e-11,-1.489842676227683300e-02,0.000000000000000000e+00,2.977730507011497937e-03,2.234460987793339751e-02
1.987819260193341542e+00,4.163336342344337027e-16,-9.874345088876738952e-12,-1.318933134440534657e-02,4.718447854656915297e-16,-1.402575148715503109e-11,-1.404066805918923258e-02,0.000000000000000000e+00,2.981587876214609068e-03,2.373498128929306394e-02
1.988779095664223284e+00,4.163336342344337027e-16,-1.021597730184713865e-11,-1.239383833621604016e-02,4.718447854656915297e-16,-1.449649330697438954e-11,-1.317924104878585856e-02,-2.775557561562891351e-17,2.985026793274528096e-03,2.512953118791324061e-02
1.989738931135105027e+00,4.163336342344337027e-16,-1.055995814744489433e-11,-1.159507149235499725e-02,4.718447854656915297e-16,-1.497022749090849009e-11,-1.231430280491887380e-02,0.000000000000000000e+00,2.988046806013922550e-03,2.652804496055026495e-02
1.990698766605986769e+00,3.885780586188047891e-16,-1.090612882393305477e-11,-1.079316999070401538e-02,4.718447854656915297e-16,-1.544674399511520441e-11,-1.144601279283755275e-02,0.000000000000000000e+00,2.990647522152649600e-03,2.793030552930314894e-02
1.991658602076868512e+00,4.163336342344337027e-16,-1.125433226429814471e-11,-9.988275036630160295e-03,4.718447854656915297e-16,-1.592583534395630024e-11,-1.057453273807042182e-02,0.000000000000000000e+00,2.992828609351245572e-03,2.933609345911462191e-02
1.992618437547750254e+00,4.163336342344337027e-16,-1.160440921956981675e-11,-9.180529936912030370e-03,4.718447854656915297e-16,-1.640729110056636172e-11,-9.700026647530288551e-03,0.000000000000000000e+00,2.994589795233697661e-03,3.074518685374479435e-02
1.993578273018631997e+00,4.163336342344337027e-16,-1.195619753376064853e-11,-8.370079917148781287e-03,4.718447854656915297e-16,-1.689090233241048733e-11,-8.822660525429733974e-03,0.000000000000000000e+00,2.995930867424644647e-03,3.215736163739240511e-02
1.994538108489513739e+00,4.163336342344337027e-16,-1.230954040413144435e-11,-7.557072182168470161e-03,4.718447854656915297e-16,-1.737645576336882200e-11,-7.942602327790870831e-03,-2.775557561562891351e-17,2.996851673579603147e-03,3.357239150233768538e-02
1.995497943960395482e+00,4.163336342344337027e-16,-1.266427239498321006e-11,-6.741655789637607948e-03,5.273559366969493567e-16,-1.786374051611881730e-11,-7.060021909414137403e-03,0.000000000000000000e+00,2.997352121400486454e-03,3.499004806089917735e-02
1.996457779431277224e+00,4.163336342344337027e-16,-1.302023982065799584e-11,-5.923981655940572730e-03,4.996003610813204432e-16,-1.835254455459685297e-11,-6.175090986479330780e-03,0.000000000000000000e+00,2.997432178631046981e-03,3.641010075809012619e-02
1.997417614902158967e+00,4.163336342344337027e-16,-1.337727705572142739e-11,-5.104202563961572278e-03,4.718447854656915297e-16,-1.884266160256335004e-11,-5.287983172321678201e-03,0.000000000000000000e+00,2.997091873040695197e-03,3.783231692920017292e-02
1.998377450373040709e+00,4.163336342344337027e-16,-1.373522849005669871e-11,-4.282473178675623091e-03,4.996003610813204432e-16,-1.933387874304042311e-11,-4.398873822250765064e-03,0.000000000000000000e+00,2.996331292402910126e-03,3.925646187461354769e-02
1.999337285843922452e+00,3.885780586188047891e-16,-1.409393203543902323e-11,-3.458950101116026275e-03,4.718447854656915297e-16,-1.982598455660443751e-11,-3.507940219179388804e-03,0.000000000000000000e+00,2.995150584471516567e-03,4.068229877981080489e-02
2.000297121314804194e+00,4.163336342344337027e-16,-1.445322877493496888e-11,-2.633791625025573742e-03,4.718447854656915297e-16,-2.031877156761716097e-11,-2.615361312698692535e-03,0.000000000000000000e+00,2.993549956939162322e-03,4.210958890841983576e-02
2.001256956785685936e+00,4.163336342344337027e-16,-1.481296648655951870e-11,-1.807157785216521569e-03,4.718447854656915297e-16,-2.081203286964650179e-11,-1.721317803052545021e-03,0.000000000000000000e+00,2.991529677394032943e-03,4.353809154373928375e-02
2.002216792256567679e+00,4.163336342344337027e-16,-1.517298744600163035e-11,-9.792101376200107628e-04,4.440892098500626162e-16,-2.130556663168178821e-11,-8.259919155035140223e-04,5.551115123125782702e-17,2.989090073249626653e-03,4.496756415949605679e-02
2.003176627727449421e+00,4.718447854656915297e-16,-1.553313276343292609e-11,-1.501118238147812034e-04,4.163336342344337027e-16,-2.179916371112394780e-11,7.043264628410470288e-05,5.551115123125782702e-17,2.986231531681995954e-03,4.639776241535926299e-02
2.004136463198331164e+00,4.718447854656915297e-16,-1.589325304934656458e-11,6.799726665599732742e-04,4.718447854656915297e-16,-2.229262183650517620e-11,9.677707349157243719e-04,5.551115123125782702e-17,2.982954499538185891e-03,4.782844020233810445e-02
2.005096298669212906e+00,4.440892098500626162e-16,-1.625319398111581964e-11,1.510877470318180331e-03,4.718447854656915297e-16,-2.278574171791364344e-11,1.865835910769959383e-03,2.775557561562891351e-17,2.979259483272819059e-03,4.925934978266004877e-02
2.006056134140094649e+00,4.718447854656915297e-16,-1.661280805303512464e-11,2.342435487978362929e-03,4.718447854656915297e-16,-2.327832697923085808e-11,2.764440494735749716e-03,5.551115123125782702e-17,2.975147048858710948e-03,5.069024184006619416e-02
2.007015969610976391e+00,4.163336342344337027e-16,-1.697194387659988271e-11,3.174478335775551569e-03,5.273559366969493567e-16,-2.377018246406577273e-11,3.663395731922919688e-03,0.000000000000000000e+00,2.970617821727896280e-03,5.212086556775895330e-02
2.007975805081858134e+00,4.163336342344337027e-16,-1.733045897409210209e-11,4.006836373719257528e-03,4.996003610813204432e-16,-2.426111826763161297e-11,4.562511623608146889e-03,5.551115123125782702e-17,2.965672486686938506e-03,5.355096858190376563e-02
2.008935640552739876e+00,3.885780586188047891e-16,-1.768820636835477522e-11,4.839338838693230636e-03,5.273559366969493567e-16,-2.475094506112400852e-11,5.461597124904201024e-03,5.551115123125782702e-17,2.960311787831787847e-03,5.498029711708704581e-02
2.009895476023621619e+00,3.885780586188047891e-16,-1.804504614309754285e-11,5.671813864008157929e-03,4.996003610813204432e-16,-2.523947660571478069e-11,6.360460292117579330e-03,2.775557561562891351e-17,2.954536528431759949e-03,5.640859621046442895e-02
2.010855311494503361e+00,3.885780586188047891e-16,-1.840084017773989389e-11,6.504088629146527294e-03,4.718447854656915297e-16,-2.572652931209480978e-11,7.258908416583312664e-03,5.551115123125782702e-17,2.948347570803992214e-03,5.783560975608636329e-02
2.011815146965385104e+00,3.885780586188047891e-16,-1.875545018907099140e-11,7.335989423001629609e-03,4.718447854656915297e-16,-2.621191929279937868e-11,8.156748027364086814e-03,2.775557561562891351e-17,2.941745836185454162e-03,5.926108057938963419e-02
2.012774982436266846e+00,3.608224830031758756e-16,-1.910874308449789921e-11,8.167341712184415445e-03,5.273559366969493567e-16,-2.669547516257007175e-11,9.053784879041118158e-03,1.110223024625156540e-16,2.934732304566839423e-03,6.068475046491820374e-02
2.013734817907148589e+00,3.885780586188047891e-16,-1.946058624576613161e-11,8.997970238905131021e-03,4.996003610813204432e-16,-2.717701886830511254e-11,9.949824122930970433e-03,5.551115123125782702e-17,2.927308014524772004e-03,6.210636033933929906e-02
2.014694653378030331e+00,4.163336342344337027e-16,-1.981085434588081284e-11,9.827699217496722525e-03,5.273559366969493567e-16,-2.765637913994256625e-11,1.084467065663648894e-02,5.551115123125782702e-17,2.919474063024284603e-03,6.352565059761866584e-02
2.015654488848912074e+00,3.885780586188047891e-16,-2.015941610151138208e-11,1.065635244697254146e-02,5.273559366969493567e-16,-2.813338541892817374e-11,1.173812916567702237e-02,5.551115123125782702e-17,2.911231605235670410e-03,6.494236117353481552e-02
2.016614324319793816e+00,3.330669073875469621e-16,-2.050614837439609928e-11,1.148375335507600264e-02,5.273559366969493567e-16,-2.860787373323587374e-11,1.263000417448916467e-02,5.551115123125782702e-17,2.902581854347591802e-03,6.635623159196502030e-02
2.017574159790675559e+00,3.330669073875469621e-16,-2.085093240373949580e-11,1.230972516648286448e-02,5.273559366969493567e-16,-2.907967740711043733e-11,1.352010015635271567e-02,8.326672684688674053e-17,2.893526081371597392e-03,6.776700108300362513e-02
2.018533995261557301e+00,3.608224830031758756e-16,-2.119363897297140212e-11,1.313409101862214080e-02,4.996003610813204432e-16,-2.954863788276040210e-11,1.440822170384498287e-02,5.551115123125782702e-17,2.884065614951070861e-03,6.917440873424529624e-02
2.019493830732439044e+00,3.330669073875469621e-16,-2.153415888260425820e-11,1.395667415671583526e-02,5.273559366969493567e-16,-3.001459412905809962e-11,1.529417374534098803e-02,8.326672684688674053e-17,2.874201841144254348e-03,7.057819378719157322e-02
2.020453666203320786e+00,3.330669073875469621e-16,-2.187237244349448523e-11,1.477729803051401614e-02,5.273559366969493567e-16,-3.047739040713771594e-11,1.617776160771049881e-02,5.551115123125782702e-17,2.863936203225329880e-03,7.197809572559035751e-02
2.021413501674202529e+00,3.885780586188047891e-16,-2.220816779985920059e-11,1.559578640433025541e-02,5.273559366969493567e-16,-3.093687594513463979e-11,1.705879106908009951e-02,2.775557561562891351e-17,2.853270201449594184e-03,7.337385424424362756e-02
2.022373337145084271e+00,3.885780586188047891e-16,-2.254143074455206008e-11,1.641196351169263781e-02,4.996003610813204432e-16,-3.139290241063914799e-11,1.793706851879878911e-02,2.775557561562891351e-17,2.842205392837863793e-03,7.476520950899372131e-02
2.023333172615966014e+00,3.885780586188047891e-16,-2.287205442267270170e-11,1.722565407093415435e-02,4.718447854656915297e-16,-3.184531787304555744e-11,1.881240109806793515e-02,0.000000000000000000e+00,2.830743390943406268e-03,7.615190226682139185e-02
2.024293008086847756e+00,3.330669073875469621e-16,-2.319993137623330495e-11,1.803668334122434172e-02,4.718447854656915297e-16,-3.229398172488462393e-11,1.968459669140679852e-02,-2.775557561562891351e-17,2.818885865619239622e-03,7.753367398922091092e-02
2.025252843557729499e+00,3.608224830031758756e-16,-2.352495672900247262e-11,1.884487704726180504e-02,4.996003610813204432e-16,-3.273875047199881899e-11,2.055346388091166057e-02,0.000000000000000000e+00,2.806634542775732471e-03,7.891026665266859252e-02
2.026212679028611241e+00,3.330669073875469621e-16,-2.384702903353817793e-11,1.965006155715720570e-02,4.718447854656915297e-16,-3.317948631906828330e-11,2.141881212218480976e-02,0.000000000000000000e+00,2.793991204127903392e-03,8.028142304670510265e-02
2.027172514499492983e+00,3.330669073875469621e-16,-2.416604569720984946e-11,2.045206401674163135e-02,4.718447854656915297e-16,-3.361604838757322952e-11,2.228045207888469312e-02,2.775557561562891351e-17,2.780957686935798309e-03,8.164688707630464448e-02
2.028132349970374726e+00,3.608224830031758756e-16,-2.448190596375434541e-11,2.125071253913584507e-02,4.440892098500626162e-16,-3.404830098283550752e-11,2.313819578708211852e-02,2.775557561562891351e-17,2.767535883731428101e-03,8.300640400729507318e-02
2.029092185441256468e+00,3.885780586188047891e-16,-2.479451375930665641e-11,2.204583620507269068e-02,4.718447854656915297e-16,-3.447611114778745267e-11,2.399185675306229545e-02,0.000000000000000000e+00,2.753727742032969009e-03,8.435972051500470470e-02
2.030052020912138211e+00,3.885780586188047891e-16,-2.510377455498986887e-11,2.283726511675374451e-02,4.163336342344337027e-16,-3.489934758554597699e-11,2.484125002300805254e-02,0.000000000000000000e+00,2.739535264056873129e-03,8.570658481005795359e-02
2.031011856383019953e+00,3.330669073875469621e-16,-2.540959174161415077e-11,2.362483063947526385e-02,4.163336342344337027e-16,-3.531787976494577680e-11,2.568619252396371275e-02,0.000000000000000000e+00,2.724960506419216687e-03,8.704674701605240317e-02
2.031971691853901696e+00,2.775557561562891351e-16,-2.571187597414422571e-11,2.440836551397921814e-02,3.885780586188047891e-16,-3.573157947907995569e-11,2.652650317221557502e-02,0.000000000000000000e+00,2.710005579848030841e-03,8.837995929421901820e-02
2.032931527324783438e+00,3.330669073875469621e-16,-2.601053391632556985e-11,2.518770420106721669e-02,4.163336342344337027e-16,-3.614031938840335523e-11,2.736200307692094116e-02,0.000000000000000000e+00,2.694672648868662746e-03,8.970597603332244874e-02
2.033891362795665181e+00,3.330669073875469621e-16,-2.630547746317914160e-11,2.596268270218873159e-02,3.885780586188047891e-16,-3.654397804872012989e-11,2.819251541433016178e-02,0.000000000000000000e+00,2.678963931513533760e-03,9.102455376892053251e-02
2.034851198266546923e+00,3.053113317719180486e-16,-2.659662094240452385e-11,2.673313872911370348e-02,4.163336342344337027e-16,-3.694243449017288461e-11,2.901786542140418271e-02,-2.775557561562891351e-17,2.662881699001142747e-03,9.233545125908511342e-02
2.035811033737428666e+00,2.775557561562891351e-16,-2.688387350463592590e-11,2.749891178869898548e-02,3.885780586188047891e-16,-3.733556598107569402e-11,2.983788058595983686e-02,-2.775557561562891351e-17,2.646428275437779504e-03,9.363842964569177307e-02
2.036770869208310408e+00,2.775557561562891351e-16,-2.716715449200797841e-11,2.825984341136983380e-02,3.885780586188047891e-16,-3.772325583416974437e-11,3.065239062383060681e-02,-2.775557561562891351e-17,2.629606037485048963e-03,9.493325246059694522e-02
2.037730704679192151e+00,2.775557561562891351e-16,-2.744637815090510136e-11,2.901577717788833208e-02,4.163336342344337027e-16,-3.810539164479480323e-11,3.146122773596977257e-02,-8.326672684688674053e-17,2.612417414043708731e-03,9.621968588511273235e-02
2.038690540150073893e+00,2.498001805406602216e-16,-2.772146635778450358e-11,2.976655867246011389e-02,4.163336342344337027e-16,-3.848185472669430132e-11,3.226422647945147160e-02,-8.326672684688674053e-17,2.594864885906786409e-03,9.749749874856691867e-02
2.039650375620955636e+00,2.498001805406602216e-16,-2.799233724860589884e-11,3.051203558977115191e-02,4.163336342344337027e-16,-3.885253737793492937e-11,3.306122385609883141e-02,-2.775557561562891351e-17,2.576950985415364919e-03,9.876646256387931755e-02
2.040610211091837378e+00,2.498001805406602216e-16,-2.825891246943353433e-11,3.125205772378211039e-02,4.163336342344337027e-16,-3.921733209987128543e-11,3.385205937972911999e-02,-2.775557561562891351e-17,2.558678296113500034e-03,1.000263516304530087e-01
2.041570046562719121e+00,2.775557561562891351e-16,-2.852111906701372893e-11,3.198647709818071977e-02,4.163336342344337027e-16,-3.957613021478810500e-11,3.463657518511228939e-02,-2.775557561562891351e-17,2.540049452387470753e-03,1.012769431370624529e-01
2.042529882033600863e+00,2.775557561562891351e-16,-2.877888162153285911e-11,3.271514791616349227e-02,4.440892098500626162e-16,-3.992883112905257215e-11,3.541461604404780306e-02,0.000000000000000000e+00,2.521067139123714818e-03,1.025180172245116483e-01
2.043489717504482606e+00,2.775557561562891351e-16,-2.903212814196667185e-11,3.343792659645638404e-02,4.718447854656915297e-16,-4.027533024426009634e-11,3.618602950558285486e-02,-2.775557561562891351e-17,2.501734091346296662e-03,1.037493570982914587e-01
2.044449552975364348e+00,2.498001805406602216e-16,-2.928079022193434688e-11,3.415467202215863307e-02,4.163336342344337027e-16,-4.061553721926465521e-11,3.695066615791552794e-02,-8.326672684688674053e-17,2.482053093874633017e-03,1.049707492869071529e-01
2.045409388446246091e+00,2.498001805406602216e-16,-2.952479977353945212e-11,3.486524569258108580e-02,4.163336342344337027e-16,-4.094935156207738652e-11,3.770837975196147246e-02,-2.775557561562891351e-17,2.462026980954827322e-03,1.061819838088692847e-01
2.046369223917127833e+00,2.498001805406602216e-16,-2.976409334384984284e-11,3.556951189648119294e-02,4.163336342344337027e-16,-4.127668591988450583e-11,3.845902724108518633e-02,-2.775557561562891351e-17,2.441658635882340035e-03,1.073828542079010573e-01
2.047329059388009576e+00,2.498001805406602216e-16,-2.999861075286868253e-11,3.626733769641185545e-02,4.163336342344337027e-16,-4.159744912483583426e-11,3.920246879491399994e-02,-5.551115123125782702e-17,2.420950990606656871e-03,1.085731576091206463e-01
2.048288894858891318e+00,2.498001805406602216e-16,-3.022828557288411572e-11,3.695859297469282490e-02,4.163336342344337027e-16,-4.191156395463163653e-11,3.993856791870480788e-02,-2.775557561562891351e-17,2.399907025320821563e-03,1.097526948028826610e-01
2.049248730329773061e+00,2.498001805406602216e-16,-3.045306528785341263e-11,3.764315053483571760e-02,4.718447854656915297e-16,-4.221894552301807060e-11,4.066719152864035208e-02,0.000000000000000000e+00,2.378529768071826513e-03,1.109212703545178341e-01
2.050208565800654803e+00,2.775557561562891351e-16,-3.067289723943230836e-11,3.832088607136417691e-02,4.440892098500626162e-16,-4.251951938596346819e-11,4.138820981048593056e-02,-2.775557561562891351e-17,2.356822294325361129e-03,1.120786925025273328e-01
2.051168401271536545e+00,3.053113317719180486e-16,-3.088772652633329369e-11,3.899167824511078767e-02,4.440892098500626162e-16,-4.281321628327779821e-11,4.210149626188443295e-02,-2.775557561562891351e-17,2.334787726543937486e-03,1.132247732417367564e-01
2.052128236742418288e+00,3.330669073875469621e-16,-3.109750821515258265e-11,3.965540856402179765e-02,4.718447854656915297e-16,-4.309996390545241945e-11,4.280692763686253649e-02,-2.775557561562891351e-17,2.312429233731321150e-03,1.143593282106450948e-01
2.053088072213300030e+00,3.330669073875469621e-16,-3.130219979838875025e-11,4.031196153033247270e-02,4.718447854656915297e-16,-4.337970394273924293e-11,4.350438407391756662e-02,-5.551115123125782702e-17,2.289750031007194760e-03,1.154821768524888631e-01
2.054047907684181773e+00,3.053113317719180486e-16,-3.150175698638305044e-11,4.096122461765452916e-02,4.718447854656915297e-16,-4.365237902051455343e-11,4.419374909480897062e-02,-8.326672684688674053e-17,2.266753379169939193e-03,1.165931423718784415e-01
2.055007743155063515e+00,2.775557561562891351e-16,-3.169614166942912037e-11,4.160308845856668103e-02,4.163336342344337027e-16,-4.391793817449998055e-11,4.487490973648606413e-02,-2.775557561562891351e-17,2.243442584256920627e-03,1.176920519588138675e-01
2.055967578625945258e+00,2.775557561562891351e-16,-3.188532243954527584e-11,4.223744690049260897e-02,4.440892098500626162e-16,-4.417632940364882646e-11,4.554775670790303654e-02,-2.775557561562891351e-17,2.219820997096166437e-03,1.187787367474463646e-01
2.056927414096827000e+00,2.775557561562891351e-16,-3.206926797684125918e-11,4.286419700576565850e-02,4.718447854656915297e-16,-4.442751692251313556e-11,4.621218431527358145e-02,-2.775557561562891351e-17,2.195892012840763678e-03,1.198530318436347442e-01
2.057887249567708743e+00,2.775557561562891351e-16,-3.224795198263812404e-11,4.348323915081077351e-02,4.718447854656915297e-16,-4.467146468814693627e-11,4.686809067656944744e-02,-5.551115123125782702e-17,2.171659070509813095e-03,1.209147764227795074e-01
2.058847085038590485e+00,3.053113317719180486e-16,-3.242135372156932163e-11,4.409447691387703011e-02,4.163336342344337027e-16,-4.490814447741242610e-11,4.751537764611200865e-02,-8.326672684688674053e-17,2.147125652527121908e-03,1.219638137853771426e-01
2.059806920509472228e+00,3.330669073875469621e-16,-3.258945745237456018e-11,4.469781719138127274e-02,4.718447854656915297e-16,-4.513753310193564100e-11,4.815395092665437221e-02,-8.326672684688674053e-17,2.122295284251757719e-03,1.229999914127464233e-01
2.060766755980353970e+00,2.775557561562891351e-16,-3.275225357308834961e-11,4.529317008214017726e-02,4.718447854656915297e-16,-4.535962090554098228e-11,4.878371990342700998e-02,-5.551115123125782702e-17,2.097171533513338213e-03,1.240231608249650203e-01
2.061726591451235713e+00,2.775557561562891351e-16,-3.290973208872191233e-11,4.588044895973883430e-02,4.718447854656915297e-16,-4.557439325827538495e-11,4.940459776853178830e-02,-8.326672684688674053e-17,2.071758010120505495e-03,1.250331777330697669e-01
2.062686426922117455e+00,2.775557561562891351e-16,-3.306189434097543678e-11,4.645957036118804340e-02,4.718447854656915297e-16,-4.578185282998669878e-11,5.001650147660344908e-02,-2.775557561562891351e-17,2.046058365373181268e-03,1.260299020224341093e-01
2.063646262392999198e+00,2.498001805406602216e-16,-3.320874161056273921e-11,4.703045408720519377e-02,4.718447854656915297e-16,-4.598200397103614084e-11,5.061935168292771431e-02,-2.775557561562891351e-17,2.020076291533994851e-03,1.270131977410652035e-01
2.064606097863880940e+00,2.498001805406602216e-16,-3.335028267274515318e-11,4.759302322892794423e-02,4.440892098500626162e-16,-4.617485921073506694e-11,5.121307284584016711e-02,-5.551115123125782702e-17,1.993815521310584888e-03,1.279829331257820446e-01
2.065565933334762683e+00,2.498001805406602216e-16,-3.348653380410779312e-11,4.814720418253122525e-02,4.996003610813204432e-16,-4.636044005694407374e-11,5.179759310693294455e-02,-5.551115123125782702e-17,1.967279827299430947e-03,1.289389805771457842e-01
2.066525768805644425e+00,2.775557561562891351e-16,-3.361751232478036450e-11,4.869292663943668859e-02,4.718447854656915297e-16,-4.653877305228759642e-11,5.237284440955260190e-02,-2.775557561562891351e-17,1.940473021456660951e-03,1.298812167373991633e-01
2.067485604276526168e+00,2.498001805406602216e-16,-3.374324281904712841e-11,4.923012349865026754e-02,4.718447854656915297e-16,-4.670989345366503148e-11,5.293876220534977917e-02,-8.326672684688674053e-17,1.913398954548325547e-03,1.308095222322550322e-01
2.068445439747407910e+00,2.498001805406602216e-16,-3.386375540062342565e-11,4.975873090230931856e-02,4.440892098500626162e-16,-4.687384519159315532e-11,5.349528560785049569e-02,-5.551115123125782702e-17,1.886061515608240206e-03,1.317237818002612859e-01
2.069405275218289653e+00,2.220446049250313081e-16,-3.397908670199015907e-11,5.027868816331830526e-02,4.163336342344337027e-16,-4.703068044330151881e-11,5.404235727437470271e-02,-8.326672684688674053e-17,1.858464631390149575e-03,1.326238842631971560e-01
2.070365110689171395e+00,2.498001805406602216e-16,-3.408927740783385119e-11,5.078993778601811199e-02,4.163336342344337027e-16,-4.718045412363015834e-11,5.457992350621129057e-02,-2.775557561562891351e-17,1.830612265829395730e-03,1.335097225409228039e-01
2.071324946160053138e+00,2.220446049250313081e-16,-3.419437437940527590e-11,5.129242531538284744e-02,4.163336342344337027e-16,-4.732323496760867769e-11,5.510793403784049194e-02,-5.551115123125782702e-17,1.802508419520103310e-03,1.343811934471662584e-01
2.072284781630934880e+00,2.498001805406602216e-16,-3.429443070534143531e-11,5.178609922333472088e-02,4.718447854656915297e-16,-4.745909844926080902e-11,5.562634174621842315e-02,-8.326672684688674053e-17,1.774157129170886608e-03,1.352381974617628546e-01
2.073244617101816623e+00,1.942890293094023946e-16,-3.438950665034246068e-11,5.227091089614520347e-02,4.718447854656915297e-16,-4.758812445734600556e-11,5.613510273309515325e-02,-5.551115123125782702e-17,1.745562467060037546e-03,1.360806388382785059e-01
2.074204452572698365e+00,2.498001805406602216e-16,-3.447966403764910620e-11,5.274681458667539874e-02,4.440892098500626162e-16,-4.771040781550864654e-11,5.663417625703467961e-02,-8.326672684688674053e-17,1.716728540458282125e-03,1.369084255555579610e-01
2.075164288043580108e+00,1.942890293094023946e-16,-3.456497212745140296e-11,5.321376733965747091e-02,4.718447854656915297e-16,-4.782604331351179329e-11,5.712352469367911606e-02,-8.326672684688674053e-17,1.687659491064909863e-03,1.377214692283521280e-01
2.076124123514461850e+00,1.942890293094023946e-16,-3.464550695620296009e-11,5.367172880897288362e-02,4.996003610813204432e-16,-4.793513653909451874e-11,5.760311331573103599e-02,-8.326672684688674053e-17,1.658359494424827560e-03,1.385196849296352062e-01
2.077083958985343592e+00,1.942890293094023946e-16,-3.472134866338498320e-11,5.412066119916488643e-02,5.273559366969493567e-16,-4.803780001550166795e-11,5.807291011940932807e-02,-8.326672684688674053e-17,1.628832759338972105e-03,1.393029910179204578e-01
2.078043794456225335e+00,1.942890293094023946e-16,-3.479258266718800521e-11,5.456052914346871258e-02,4.718447854656915297e-16,-4.813415359450714560e-11,5.853288583677088847e-02,-8.326672684688674053e-17,1.599083527274763623e-03,1.400713091736363880e-01
2.079003629927107077e+00,1.942890293094023946e-16,-3.485930148732678882e-11,5.499129958183094496e-02,4.996003610813204432e-16,-4.822432198307771006e-11,5.898301380615872391e-02,-8.326672684688674053e-17,1.569116071755097697e-03,1.408245642114981377e-01
2.079963465397988820e+00,1.942890293094023946e-16,-3.492159791117850805e-11,5.541294172784004546e-02,4.718447854656915297e-16,-4.830843787061861461e-11,5.942326995563657066e-02,-8.326672684688674053e-17,1.538934697765754946e-03,1.415626840670495545e-01
2.080923300868870562e+00,1.942890293094023946e-16,-3.497957354542738373e-11,5.582542697021003475e-02,4.718447854656915297e-16,-4.838664208143953795e-11,5.985363263870545347e-02,-1.110223024625156540e-16,1.508543741123057882e-03,1.422855996255816546e-01
2.081883136339752305e+00,2.498001805406602216e-16,-3.503333305285251040e-11,5.622872898688138082e-02,4.718447854656915297e-16,-4.845907897367161474e-11,6.027408268429409327e-02,-5.551115123125782702e-17,1.477947567869360764e-03,1.429932448023698011e-01
2.082842971810634047e+00,2.498001805406602216e-16,-3.508298402696698008e-11,5.662282362216284476e-02,4.718447854656915297e-16,-4.852589884484100578e-11,6.068460344371847531e-02,-8.326672684688674053e-17,1.447150573636388519e-03,1.436855564756221171e-01
2.083802807281515790e+00,2.220446049250313081e-16,-3.512863785937962030e-11,5.700768879625775498e-02,4.718447854656915297e-16,-4.858725837910229418e-11,6.108518061626784512e-02,-2.775557561562891351e-17,1.416157183026696799e-03,1.443624744566764373e-01
2.084762642752397532e+00,2.220446049250313081e-16,-3.517041319907755065e-11,5.738330432930498909e-02,4.718447854656915297e-16,-4.864331870245083844e-11,6.147580199656253741e-02,-2.775557561562891351e-17,1.384971848986378843e-03,1.450239411255768163e-01
2.085722478223279275e+00,2.498001805406602216e-16,-3.520843057207290183e-11,5.774965195346017099e-02,4.996003610813204432e-16,-4.869424475253025970e-11,6.185645736251407095e-02,-2.775557561562891351e-17,1.353599052181340880e-03,1.456699014083241428e-01
2.086682313694161017e+00,2.498001805406602216e-16,-3.524281035191187406e-11,5.810671520554241964e-02,4.718447854656915297e-16,-4.874020821953083463e-11,6.222713846787975012e-02,-8.326672684688674053e-17,1.322043300377531835e-03,1.463003026365772841e-01
2.087642149165042760e+00,2.498001805406602216e-16,-3.527367842801922004e-11,5.845447934522780831e-02,4.718447854656915297e-16,-4.878138061407185505e-11,6.258783885536002567e-02,-2.775557561562891351e-17,1.290309127812481853e-03,1.469150945013401599e-01
2.088601984635924502e+00,2.220446049250313081e-16,-3.530116384078225630e-11,5.879293120742454942e-02,4.440892098500626162e-16,-4.881794136483660375e-11,6.293855368487322188e-02,-2.775557561562891351e-17,1.258401094569079701e-03,1.475142288193893314e-01
2.089561820106806245e+00,2.220446049250313081e-16,-3.532539613880806770e-11,5.912205893388742389e-02,4.440892098500626162e-16,-4.885007060185164382e-11,6.327927942701791486e-02,0.000000000000000000e+00,1.226323785943919404e-03,1.480976592449972373e-01
2.090521655577687987e+00,2.498001805406602216e-16,-3.534650853666233480e-11,5.944185199169993439e-02,4.163336342344337027e-16,-4.887794930217648562e-11,6.361001392424137091e-02,0.000000000000000000e+00,1.194081811808756768e-03,1.486653413523464640e-01
2.091481491048569730e+00,2.220446049250313081e-16,-3.536463312405098425e-11,5.975230108955913166e-02,3.885780586188047891e-16,-4.890176212915802595e-11,6.393075650437848867e-02,0.000000000000000000e+00,1.161679805976338934e-03,1.492172327228888928e-01
2.092441326519451472e+00,2.775557561562891351e-16,-3.537990610387193452e-11,6.005339823299397223e-02,3.885780586188047891e-16,-4.892169467787940360e-11,6.424150795627479871e-02,0.000000000000000000e+00,1.129122425541566810e-03,1.497532929820677705e-01
2.093401161990333215e+00,2.775557561562891351e-16,-3.539246129039019285e-11,6.034513644510888786e-02,3.608224830031758756e-16,-4.893793216734112876e-11,6.454227031101450462e-02,0.000000000000000000e+00,1.096414350248663822e-03,1.502734835597692997e-01
2.094360997461214957e+00,2.775557561562891351e-16,-3.540243608929046285e-11,6.062750971866140426e-02,3.608224830031758756e-16,-4.895066274388957736e-11,6.483304673830329878e-02,0.000000000000000000e+00,1.063560281828040575e-03,1.507777676554315494e-01
2.095320832932096700e+00,2.775557561562891351e-16,-3.540996491792521017e-11,6.090051293253785636e-02,3.608224830031758756e-16,-4.896007323249972759e-11,6.511384157766340885e-02,-2.775557561562891351e-17,1.030564943358806959e-03,1.512661102308641703e-01
2.096280668402978442e+00,2.775557561562891351e-16,-3.541518321686270079e-11,6.116414194741402743e-02,3.608224830031758756e-16,-4.896635023452985958e-11,6.538466028724849999e-02,0.000000000000000000e+00,9.974330786169621592e-04,1.517384780062331906e-01
2.097240503873860185e+00,2.775557561562891351e-16,-3.541822677903690673e-11,6.141839356435867953e-02,3.608224830031758756e-16,-4.896967745956777151e-11,6.564550948610500813e-02,-2.775557561562891351e-17,9.641694514437183089e-04,1.521948394978979713e-01
2.098200339344741927e+00,2.775557561562891351e-16,-3.541922732145925783e-11,6.166326537068658048e-02,3.885780586188047891e-16,-4.897023810728742734e-11,6.589639662240810714e-02,-2.775557561562891351e-17,9.307788450925693268e-04,1.526351647455496396e-01
2.099160174815623670e+00,3.053113317719180486e-16,-3.541831732008270464e-11,6.189875585704344985e-02,3.885780586188047891e-16,-4.896821407632018404e-11,6.613733017006287462e-02,0.000000000000000000e+00,8.972660615767227496e-04,1.530594255292369033e-01
2.100120010286505412e+00,3.053113317719180486e-16,-3.541562684020442987e-11,6.212486432884602866e-02,3.885780586188047891e-16,-4.896378227796740513e-11,6.636831938575095402e-02,-2.775557561562891351e-17,8.636359210117145607e-04,1.534675951805048177e-01
2.101079845757387154e+00,3.330669073875469621e-16,-3.541128348733793736e-11,6.234159100384229629e-02,3.885780586188047891e-16,-4.895711891032871257e-11,6.658937423810326606e-02,-5.551115123125782702e-17,8.298932609367595629e-04,1.538596485117489920e-01
2.102039681228268897e+00,3.330669073875469621e-16,-3.540541256306711446e-11,6.254893665667878022e-02,3.885780586188047891e-16,-4.894839550096405714e-11,6.680050514183014099e-02,-5.551115123125782702e-17,7.960429356445649241e-04,1.542355615924457801e-01
2.102999516699150639e+00,3.608224830031758756e-16,-3.539813563525461698e-11,6.274690251790537854e-02,3.608224830031758756e-16,-4.893777831397065538e-11,6.700172284386204935e-02,-2.775557561562891351e-17,7.620898154926660992e-04,1.545953116514010295e-01
2.103959352170032382e+00,3.885780586188047891e-16,-3.538957142403833210e-11,6.293549019628458252e-02,3.885780586188047891e-16,-4.892543051330513690e-11,6.719303844018410798e-02,-5.551115123125782702e-17,7.280387862412881919e-04,1.549388771029041600e-01
2.104919187640914124e+00,3.885780586188047891e-16,-3.537983585434742104e-11,6.311470164714494402e-02,3.885780586188047891e-16,-4.891150814445924255e-11,6.737446318160568437e-02,-2.775557561562891351e-17,6.938947483717827509e-04,1.552662373900445814e-01
2.105879023111795867e+00,4.163336342344337027e-16,-3.536903981634720653e-11,6.328453915468150448e-02,3.885780586188047891e-16,-4.889616423071115742e-11,6.754600845156570610e-02,-8.326672684688674053e-17,6.596626164076802024e-04,1.555773729327430965e-01
2.106838858582677609e+00,3.885780586188047891e-16,-3.535728998028486812e-11,6.344500517353232616e-02,3.330669073875469621e-16,-4.887954423133484758e-11,6.770768572778894379e-02,-2.775557561562891351e-17,6.253473182292068220e-04,1.558722651063116638e-01
2.107798694053559352e+00,3.885780586188047891e-16,-3.534468848986351518e-11,6.359610241251938134e-02,3.330669073875469621e-16,-4.886178794064792788e-11,6.785950661727713218e-02,-5.551115123125782702e-17,5.909537943914510219e-04,1.561508962155944147e-01
2.108758529524441094e+00,3.330669073875469621e-16,-3.533133314858943538e-11,6.373783382037363776e-02,3.330669073875469621e-16,-4.884302775159412007e-11,6.800148292744087608e-02,-2.775557561562891351e-17,5.564869974616654807e-04,1.564132496588521437e-01
2.109718364995322837e+00,3.330669073875469621e-16,-3.531731602724992938e-11,6.387020269558997543e-02,3.053113317719180486e-16,-4.882338997372651871e-11,6.813362666798761236e-02,-2.775557561562891351e-17,5.219518913127163323e-04,1.566593098298391384e-01
2.110678200466204579e+00,3.885780586188047891e-16,-3.530272477427328021e-11,6.399321265737942244e-02,3.053113317719180486e-16,-4.880299308323752215e-11,6.825595001571520271e-02,-8.326672684688674053e-17,4.873534504328757254e-04,1.568890621240404681e-01
2.111638035937086322e+00,3.608224830031758756e-16,-3.528764075564440111e-11,6.410686746643280698e-02,3.053113317719180486e-16,-4.878194707751972673e-11,6.836846518834689690e-02,-8.326672684688674053e-17,4.526966591911000789e-04,1.571024928097300433e-01
2.112597871407968064e+00,3.330669073875469621e-16,-3.527214006372107573e-11,6.421117109811420864e-02,2.775557561562891351e-16,-4.876035508283446066e-11,6.847118447095837390e-02,-1.387778780781445676e-16,4.179865111327170629e-04,1.572995891732663631e-01
2.113557706878849807e+00,3.608224830031758756e-16,-3.525629275321023968e-11,6.430612755342512976e-02,2.775557561562891351e-16,-4.873831173732588772e-11,6.856412009044401956e-02,-1.387778780781445676e-16,3.832280082530121492e-04,1.574803393372847804e-01
2.114517542349731549e+00,3.330669073875469621e-16,-3.524016239816974913e-11,6.439174099304598164e-02,2.775557561562891351e-16,-4.871590285474892718e-11,6.864728418059866388e-02,-1.387778780781445676e-16,3.484261602805228909e-04,1.576447323501726228e-01
2.115477377820613292e+00,3.330669073875469621e-16,-3.522380742015604211e-11,6.446801562059004120e-02,2.775557561562891351e-16,-4.869320595386484587e-11,6.872068871138868607e-02,-1.387778780781445676e-16,3.135859839456720780e-04,1.577927580998539081e-01
2.116437213291495034e+00,3.330669073875469621e-16,-3.520727883935166353e-11,6.453495566689654295e-02,2.775557561562891351e-16,-4.867028970067006238e-11,6.878434541255488976e-02,-1.387778780781445676e-16,2.787125022336496040e-04,1.579244073661806580e-01
2.117397048762376777e+00,3.885780586188047891e-16,-3.519062181616522920e-11,6.459256548197177261e-02,2.775557561562891351e-16,-4.864721362209901089e-11,6.883826590783823085e-02,-1.387778780781445676e-16,2.438107436467334239e-04,1.580396718323880956e-01
2.118356884233258519e+00,3.330669073875469621e-16,-3.517387515825825053e-11,6.464084956105688173e-02,3.053113317719180486e-16,-4.862402875358082938e-11,6.888246167449132984e-02,-1.387778780781445676e-16,2.088857414542579795e-04,1.581385441743995701e-01
2.119316719704140262e+00,3.330669073875469621e-16,-3.515707088432316668e-11,6.467981265255293155e-02,3.330669073875469621e-16,-4.860077646187532113e-11,6.891694408135758121e-02,-1.387778780781445676e-16,1.739425329547497319e-04,1.582210180963067592e-01
2.120276555175022004e+00,3.608224830031758756e-16,-3.514023454277949096e-11,6.470945965369549746e-02,3.330669073875469621e-16,-4.857748961927237791e-11,6.894172435637699325e-02,-1.387778780781445676e-16,1.389861587435998764e-04,1.582870883484875923e-01
2.121236390645903747e+00,3.885780586188047891e-16,-3.512338522490282154e-11,6.472979574962066385e-02,2.775557561562891351e-16,-4.855419162463365113e-11,6.895681366068776019e-02,-1.387778780781445676e-16,1.040216619803756255e-04,1.583367508013039937e-01
2.122196226116785489e+00,3.885780586188047891e-16,-3.510653542617613588e-11,6.474082628555455354e-02,2.775557561562891351e-16,-4.853089685539050839e-11,6.896222301689734768e-02,-1.387778780781445676e-16,6.905408768699895815e-05,1.583700023674677326e-01
2.123156061587667232e+00,3.885780586188047891e-16,-3.508969128806475760e-11,6.474255686111345109e-02,2.775557561562891351e-16,-4.850761076617043219e-11,6.895796337024048817e-02,-1.387778780781445676e-16,3.408848202351473381e-05,1.583868412422909100e-01
2.124115897058548974e+00,3.885780586188047891e-16,-3.507285247011438146e-11,6.473499331910588517e-02,2.775557561562891351e-16,-4.848432982839298295e-11,6.894404567494202829e-02,-1.387778780781445676e-16,-8.701084129110625606e-07,1.583872669350544771e-01
2.125075732529430717e+00,3.885780586188047891e-16,-3.505601230199348740e-11,6.471814175775235378e-02,3.053113317719180486e-16,-4.846104171651116827e-11,6.892048076697206149e-02,-1.110223024625156540e-16,-3.581663731596352305e-05,1.583712801959759608e-01
2.126035568000312459e+00,3.885780586188047891e-16,-3.503915791293056277e-11,6.469200859391142922e-02,2.775557561562891351e-16,-4.843772550261726253e-11,6.888727951516029901e-02,-8.326672684688674053e-17,-7.074605937234324036e-05,1.583388831380848349e-01
2.126995403471194201e+00,3.885780586188047891e-16,-3.502227034601061067e-11,6.465660043611241858e-02,2.775557561562891351e-16,-4.841435164580195553e-11,6.884445253381514529e-02,-1.387778780781445676e-16,-1.056533309948687609e-04,1.582900791427375442e-01
2.127955238942075944e+00,3.885780586188047891e-16,-3.500532465484278502e-11,6.461192424136993906e-02,2.775557561562891351e-16,-4.839088255580183931e-11,6.879201047707195205e-02,-1.110223024625156540e-16,-1.405334110648335437e-04,1.582248731513547224e-01
2.128915074412957686e+00,3.885780586188047891e-16,-3.498829019589263655e-11,6.455798729583277218e-02,2.775557561562891351e-16,-4.836727248606149856e-11,6.872996394831289158e-02,-1.110223024625156540e-16,-1.753812616820652653e-04,1.581432715457960214e-01
2.129874909883839429e+00,3.885780586188047891e-16,-3.497113040910057938e-11,6.449479735806666614e-02,2.775557561562891351e-16,-4.834346780245471313e-11,6.865832371684421620e-02,-8.326672684688674053e-17,-2.101918489156152199e-04,1.580452823837849019e-01
2.130834745354721171e+00,3.885780586188047891e-16,-3.495380368609066202e-11,6.442236250927384222e-02,3.053113317719180486e-16,-4.831940755122004919e-11,6.857710061309409133e-02,-1.110223024625156540e-16,-2.449601435327858757e-04,1.579309153663251419e-01
2.131794580825602914e+00,4.163336342344337027e-16,-3.493626274421321931e-11,6.434069120651228491e-02,2.775557561562891351e-16,-4.829502315911119587e-11,6.848630545328536490e-02,-1.387778780781445676e-16,-2.796811217419436688e-04,1.578001817709735743e-01
2.132754416296484656e+00,4.163336342344337027e-16,-3.491845576707473591e-11,6.424979231118492506e-02,3.053113317719180486e-16,-4.827023946974177623e-11,6.838594915576458322e-02,-1.387778780781445676e-16,-3.143497659155031210e-04,1.576530944998384975e-01
2.133714251767366399e+00,3.885780586188047891e-16,-3.490032554861105312e-11,6.414967517007534592e-02,2.775557561562891351e-16,-4.824497502818841758e-11,6.827604276533123795e-02,-1.387778780781445676e-16,-3.489610653291977350e-04,1.574896681970892054e-01
2.134674087238248141e+00,4.163336342344337027e-16,-3.488181138959413775e-11,6.404034967042901427e-02,2.775557561562891351e-16,-4.821914112299648808e-11,6.815659765867067288e-02,-1.387778780781445676e-16,-3.835100168788321460e-04,1.573099194107502319e-01
2.135633922709129884e+00,3.885780586188047891e-16,-3.486284740780135234e-11,6.392182625727554912e-02,3.053113317719180486e-16,-4.819264465169255732e-11,6.802762540278106673e-02,-1.387778780781445676e-16,-4.179916258046189443e-04,1.571138664991420797e-01
2.136593758180011626e+00,3.885780586188047891e-16,-3.484336330203917365e-11,6.379411602946449822e-02,3.053113317719180486e-16,-4.816538516633347630e-11,6.788913778618946293e-02,-1.665334536937734811e-16,-4.524009064131493904e-04,1.569015295906887597e-01
2.137553593650893369e+00,3.885780586188047891e-16,-3.482328590051942015e-11,6.365723070216296187e-02,2.775557561562891351e-16,-4.813725866821398115e-11,6.774114689008765844e-02,-1.665334536937734811e-16,-4.867328827902764007e-04,1.566729307528255122e-01
2.138513429121775111e+00,3.885780586188047891e-16,-3.480253854676036533e-11,6.351118258250904036e-02,2.775557561562891351e-16,-4.810815565630278262e-11,6.758366502995331870e-02,-1.665334536937734811e-16,-5.209825895264041679e-04,1.564280939038509843e-01
2.139473264592656854e+00,3.608224830031758756e-16,-3.478104082345399688e-11,6.335598455654835315e-02,2.775557561562891351e-16,-4.807796297038625932e-11,6.741670475615571534e-02,-1.942890293094023946e-16,-5.551450724155022496e-04,1.561670448340481132e-01
2.140433100063538596e+00,3.885780586188047891e-16,-3.475870867105062927e-11,6.319165005236576649e-02,2.775557561562891351e-16,-4.804656289660166543e-11,6.724027868668849828e-02,-1.942890293094023946e-16,-5.892153891786502734e-04,1.558898109766341800e-01
2.141392935534420339e+00,3.885780586188047891e-16,-3.473545789447530542e-11,6.301819320840355843e-02,3.330669073875469621e-16,-4.801383487844368414e-11,6.705439975558696863e-02,-1.665334536937734811e-16,-6.231886101576827311e-04,1.555964217072923761e-01
2.142352771005302081e+00,3.608224830031758756e-16,-3.471119894201670983e-11,6.283562883092096152e-02,3.053113317719180486e-16,-4.797965490690070563e-11,6.685908122919789753e-02,-1.387778780781445676e-16,-6.570598190462921453e-04,1.552869083388278004e-01
2.143312606476183824e+00,3.885780586188047891e-16,-3.468584270242065955e-11,6.264397244366816386e-02,3.330669073875469621e-16,-4.794389567630888936e-11,6.665433674952515875e-02,-1.387778780781445676e-16,-6.908241135927302044e-04,1.549613042296511256e-01
2.144272441947065566e+00,3.885780586188047891e-16,-3.465929611725943743e-11,6.244324023685122321e-02,3.608224830031758756e-16,-4.790642891199870315e-11,6.644018043703926735e-02,-1.387778780781445676e-16,-7.244766063170971632e-04,1.546196447653385431e-01
2.145232277417947309e+00,3.885780586188047891e-16,-3.463146619925609390e-11,6.223344925243311232e-02,3.885780586188047891e-16,-4.786712381344836609e-11,6.621662696075511501e-02,-1.387778780781445676e-16,-7.580124252211558862e-04,1.542619675674772872e-01
2.146192112888829051e+00,3.608224830031758756e-16,-3.460225816203569942e-11,6.201461752425194152e-02,3.330669073875469621e-16,-4.782584884829963086e-11,6.598369181103497239e-02,-1.387778780781445676e-16,-7.914267144933035195e-04,1.538883126671900525e-01
2.147151948359710794e+00,3.885780586188047891e-16,-3.457157574199786441e-11,6.178676416881635769e-02,3.608224830031758756e-16,-4.778247074608264235e-11,6.574139140065893283e-02,-1.387778780781445676e-16,-8.247146352190917826e-04,1.534987226798882054e-01
2.148111783830592536e+00,4.163336342344337027e-16,-3.453932382750700761e-11,6.154990943383528007e-02,3.608224830031758756e-16,-4.773685613129546000e-11,6.548974306989932548e-02,-1.387778780781445676e-16,-8.578713660703595313e-04,1.530932427548188923e-01
2.149071619301474279e+00,3.885780586188047891e-16,-3.450540438635794557e-11,6.130407460303974321e-02,3.885780586188047891e-16,-4.768887165723526347e-11,6.522876487754299124e-02,-1.665334536937734811e-16,-8.908921039963482160e-04,1.526719204341810132e-01
2.150031454772356021e+00,3.608224830031758756e-16,-3.446972078903205554e-11,6.104928221176261077e-02,3.885780586188047891e-16,-4.763838234073157832e-11,6.495847571640255003e-02,-1.665334536937734811e-16,-9.237720649055455695e-04,1.522348057247771003e-01
2.150991290243237763e+00,3.885780586188047891e-16,-3.443217597571797753e-11,6.078555615999937933e-02,3.885780586188047891e-16,-4.758525703736724705e-11,6.467889555495198728e-02,-1.665334536937734811e-16,-9.565064843371814517e-04,1.517819512787754177e-01
2.151951125714119506e+00,4.163336342344337027e-16,-3.439267380139993460e-11,6.051292181127129050e-02,3.608224830031758756e-16,-4.752936425374753790e-11,6.439004547081013385e-02,-1.387778780781445676e-16,-9.890906181381185769e-04,1.513134125022311260e-01
2.152910961185001248e+00,4.718447854656915297e-16,-3.435111743665952844e-11,6.023140595129227587e-02,3.608224830031758756e-16,-4.747057298775682853e-11,6.409194763394905625e-02,-1.387778780781445676e-16,-1.021519743124584684e-03,1.508292474351463075e-01
2.153870796655882991e+00,4.163336342344337027e-16,-3.430741256268401637e-11,5.994103685631355094e-02,3.330669073875469621e-16,-4.740875415496208917e-11,6.378462518414410032e-02,-1.665334536937734811e-16,-1.053789157773403354e-03,1.503295167155391243e-01
2.154830632126764733e+00,3.885780586188047891e-16,-3.426146500973845446e-11,5.964184433486838938e-02,3.330669073875469621e-16,-4.734378080206518534e-11,6.346810250491288774e-02,-1.387778780781445676e-16,-1.085894182887399894e-03,1.498142837172521946e-01
2.155790467597646476e+00,3.885780586188047891e-16,-3.421318190235424217e-11,5.933385975460658823e-02,2.775557561562891351e-16,-4.727552858462946012e-11,6.314240525711314889e-02,-1.387778780781445676e-16,-1.117830162276879646e-03,1.492836145935984016e-01
2.156750303068528218e+00,3.885780586188047891e-16,-3.416247172709175814e-11,5.901711603827809044e-02,3.330669073875469621e-16,-4.720387504540766305e-11,6.280756049923122419e-02,-1.387778780781445676e-16,-1.149592463416768996e-03,1.487375783037900301e-01
2.157710138539409961e+00,3.608224830031758756e-16,-3.410924473233991130e-11,5.869164754474878037e-02,3.330669073875469621e-16,-4.712870188100211702e-11,6.246359655989418280e-02,-1.387778780781445676e-16,-1.181176478107904106e-03,1.481762464778995925e-01
2.158669974010291703e+00,3.608224830031758756e-16,-3.405341340265459135e-11,5.835749026999752925e-02,3.330669073875469621e-16,-4.704989163843622396e-11,6.211054341051981675e-02,-1.110223024625156540e-16,-1.212577623128796448e-03,1.475996937496202588e-01
2.159629809481173446e+00,3.885780586188047891e-16,-3.399489121870243394e-11,5.801468188846042179e-02,3.330669073875469621e-16,-4.696733210956139520e-11,6.174843277304518235e-02,-1.387778780781445676e-16,-1.243791340877309403e-03,1.470079977502216362e-01
2.160589644952055188e+00,3.608224830031758756e-16,-3.393359358560893088e-11,5.766326205122077053e-02,3.330669073875469621e-16,-4.688091320719954200e-11,6.137729831801534697e-02,-8.326672684688674053e-17,-1.274813100029597310e-03,1.464012393053111538e-01
2.161549480422936931e+00,3.330669073875469621e-16,-3.386943975741728632e-11,5.730327226652486006e-02,3.330669073875469621e-16,-4.679052947913686297e-11,6.099717561989752290e-02,-1.387778780781445676e-16,-1.305638396181067794e-03,1.457795023163902803e-01
2.162509315893818673e+00,3.608224830031758756e-16,-3.380234950994299992e-11,5.693475605741524226e-02,3.330669073875469621e-16,-4.669608071798756616e-11,6.060810235694091830e-02,-1.387778780781445676e-16,-1.336262752506208341e-03,1.451428739484627306e-01
2.163469151364700416e+00,3.885780586188047891e-16,-3.373224673896982675e-11,5.655775896519397300e-02,3.885780586188047891e-16,-4.659746775991045059e-11,6.021011844886534070e-02,-1.387778780781445676e-16,-1.366681720398128103e-03,1.444914446947471454e-01
2.164428986835582158e+00,3.885780586188047891e-16,-3.365905736638433177e-11,5.617232871774672370e-02,3.885780586188047891e-16,-4.649459665539913862e-11,5.980326601753369747e-02,-1.387778780781445676e-16,-1.396890880128851768e-03,1.438253083206526839e-01
2.165388822306463901e+00,3.885780586188047891e-16,-3.358270859478689613e-11,5.577851519522072921e-02,3.885780586188047891e-16,-4.638737899115459584e-11,5.938758943120014955e-02,-5.551115123125782702e-17,-1.426885841513307737e-03,1.431445618653706953e-01
2.166348657777345643e+00,3.885780586188047891e-16,-3.350313302745997271e-11,5.537637030188580223e-02,3.885780586188047891e-16,-4.627572972845704971e-11,5.896313515279766326e-02,-2.775557561562891351e-17,-1.456662244573591475e-03,1.424493055246983109e-01
2.167308493248227386e+00,4.163336342344337027e-16,-3.342026425702049677e-11,5.496594798561242612e-02,3.885780586188047891e-16,-4.615956758263674992e-11,5.852995181569480704e-02,-5.551115123125782702e-17,-1.486215760188727003e-03,1.417396426231666007e-01
2.168268328719109128e+00,4.440892098500626162e-16,-3.333403788863568626e-11,5.454730422991144190e-02,3.885780586188047891e-16,-4.603881823163477258e-11,5.808809030171369764e-02,-2.775557561562891351e-17,-1.515542090719878806e-03,1.410156797353279423e-01
2.169228164189990871e+00,4.163336342344337027e-16,-3.324439409467441070e-11,5.412049725429649016e-02,3.885780586188047891e-16,-4.591340767526471377e-11,5.763760377749764519e-02,-2.775557561562891351e-17,-1.544636970652775660e-03,1.402775265951917150e-01
2.170187999660872613e+00,4.163336342344337027e-16,-3.315127534804702437e-11,5.368558749702929261e-02,3.885780586188047891e-16,-4.578327074958787532e-11,5.717854772373572037e-02,-2.775557561562891351e-17,-1.573496167212561254e-03,1.395252961723165153e-01
2.171147835131754356e+00,4.163336342344337027e-16,-3.305462839409806751e-11,5.324263759641721661e-02,3.608224830031758756e-16,-4.564834417446683376e-11,5.671097997244629180e-02,-2.775557561562891351e-17,-1.602115481011556200e-03,1.387591045191056416e-01
2.172107670602636098e+00,3.885780586188047891e-16,-3.295439986297559951e-11,5.279171249036198471e-02,3.885780586188047891e-16,-4.550857044314073410e-11,5.623496089038311496e-02,-8.326672684688674053e-17,-1.630490746656747562e-03,1.379790709770077617e-01
2.173067506073517841e+00,3.885780586188047891e-16,-3.285054318142004853e-11,5.233287944557207805e-02,3.885780586188047891e-16,-4.536389548780248721e-11,5.575055341414774518e-02,-5.551115123125782702e-17,-1.658617833367209693e-03,1.371853181217426443e-01
2.174027341544399583e+00,4.163336342344337027e-16,-3.274301203705799052e-11,5.186620816145573465e-02,3.885780586188047891e-16,-4.521427051257806765e-11,5.525782307903864127e-02,-2.775557561562891351e-17,-1.686492645565576412e-03,1.363779718075101011e-01
2.174987177015281326e+00,4.440892098500626162e-16,-3.263176336673438704e-11,5.139177055143866885e-02,4.163336342344337027e-16,-4.505965378584823010e-11,5.475683790091796788e-02,-5.551115123125782702e-17,-1.714111123477551034e-03,1.355571609391966748e-01
2.175947012486163068e+00,4.163336342344337027e-16,-3.251675857285189764e-11,5.090964076243591901e-02,4.163336342344337027e-16,-4.490000720129474349e-11,5.424766841563520570e-02,-8.326672684688674053e-17,-1.741469243726587353e-03,1.347230175593740198e-01
2.176906847957044810e+00,4.440892098500626162e-16,-3.239796329975418165e-11,5.041989510706948452e-02,4.163336342344337027e-16,-4.473529220536598058e-11,5.373038775409505474e-02,-2.775557561562891351e-17,-1.768563019915743439e-03,1.338756768564230148e-01
2.177866683427926553e+00,4.163336342344337027e-16,-3.227533889563378999e-11,4.992261208964132030e-02,4.163336342344337027e-16,-4.456548018528898314e-11,5.320507154467377792e-02,-5.551115123125782702e-17,-1.795388503226926251e-03,1.330152770841409038e-01
2.178826518898808295e+00,3.885780586188047891e-16,-3.214885903809485378e-11,4.941787241097812117e-02,4.163336342344337027e-16,-4.439054427317866425e-11,5.267179791941255240e-02,-8.326672684688674053e-17,-1.821941783008130438e-03,1.321419594872679792e-01
2.179786354369690038e+00,3.885780586188047891e-16,-3.201849584620088118e-11,4.890575880703311451e-02,4.163336342344337027e-16,-4.421046084698019088e-11,5.213064747286336870e-02,-8.326672684688674053e-17,-1.848218987377492264e-03,1.312558682379121877e-01
2.180746189840571780e+00,3.608224830031758756e-16,-3.188422624338625722e-11,4.838635616413505813e-02,4.718447854656915297e-16,-4.402521440937876007e-11,5.158170321125297997e-02,-2.775557561562891351e-17,-1.874216283822555899e-03,1.303571503961875877e-01
2.181706025311453523e+00,3.885780586188047891e-16,-3.174602770196271670e-11,4.785975141085671569e-02,4.718447854656915297e-16,-4.383478728110269673e-11,5.102505057168182229e-02,-5.551115123125782702e-17,-1.899929879785643497e-03,1.294459558038140168e-01
2.182665860782335265e+00,3.885780586188047891e-16,-3.160388120095839609e-11,4.732603357179875764e-02,4.440892098500626162e-16,-4.363917007702694528e-11,5.046077736274853093e-02,-2.775557561562891351e-17,-1.925356023262868440e-03,1.285224370555767548e-01
2.183625696253217008e+00,3.885780586188047891e-16,-3.145777056543213462e-11,4.678529371947892646e-02,4.718447854656915297e-16,-4.343835507221102676e-11,4.988897392078360526e-02,0.000000000000000000e+00,-1.950491003371825115e-03,1.275867495070173996e-01
2.184585531724098750e+00,3.885780586188047891e-16,-3.130768393692267074e-11,4.623762491779306871e-02,4.996003610813204432e-16,-4.323233722511483912e-11,4.930973296718771381e-02,-2.775557561562891351e-17,-1.975331150922800608e-03,1.266390511661938389e-01
2.185545367194980493e+00,3.885780586188047891e-16,-3.115361079866893132e-11,4.568312223121626103e-02,5.273559366969493567e-16,-4.302111857539371934e-11,4.872314962782983705e-02,0.000000000000000000e+00,-1.999872838940246460e-03,1.256795025398603216e-01
2.186505202665862235e+00,3.885780586188047891e-16,-3.099554007147996629e-11,4.512188251101505870e-02,5.273559366969493567e-16,-4.280469990231797889e-11,4.812932119079586790e-02,-2.775557561562891351e-17,-2.024112483193844531e-03,1.247082663987376799e-01
2.187465038136743978e+00,3.885780586188047891e-16,-3.083347124035974371e-11,4.455400447550445647e-02,5.551115123125782702e-16,-4.258308968299335390e-11,4.752834721972275939e-02,-2.775557561562891351e-17,-2.048046542719569353e-03,1.237255078576147554e-01
2.188424873607625720e+00,3.885780586188047891e-16,-3.066739974488287557e-11,4.397958858392615744e-02,5.273559366969493567e-16,-4.235629838674707243e-11,4.692032945435124086e-02,0.000000000000000000e+00,-2.071671520337377975e-03,1.227313942406877412e-01
2.189384709078507463e+00,3.885780586188047891e-16,-3.049732459571487947e-11,4.339873715142897326e-02,5.273559366969493567e-16,-4.212433602212043923e-11,4.630537195925960720e-02,2.775557561562891351e-17,-2.094983963172288369e-03,1.217260951753194043e-01
2.190344544549389205e+00,3.885780586188047891e-16,-3.032325120031409069e-11,4.281155407226998333e-02,5.273559366969493567e-16,-4.188722295178550631e-11,4.568358083096434735e-02,0.000000000000000000e+00,-2.117980463149619127e-03,1.207097822165468931e-01
2.191304380020270948e+00,3.885780586188047891e-16,-3.014518624685266074e-11,4.221814484164077008e-02,5.273559366969493567e-16,-4.164497445621664212e-11,4.505506419086065251e-02,0.000000000000000000e+00,-2.140657657512251479e-03,1.196826289223833772e-01
2.192264215491152690e+00,3.885780586188047891e-16,-2.996313483785706389e-11,4.161861636308660656e-02,5.273559366969493567e-16,-4.139761408970604392e-11,4.441993213445372818e-02,2.775557561562891351e-17,-2.163012229311497923e-03,1.186448107195630514e-01
2.193224050962034433e+00,3.885780586188047891e-16,-2.977710989566194344e-11,4.101307687473644548e-02,5.273559366969493567e-16,-4.114516618581622043e-11,4.377829657111555889e-02,5.551115123125782702e-17,-2.185040907911755398e-03,1.175965047752205311e-01
2.194183886432916175e+00,3.885780586188047891e-16,-2.958712317030834371e-11,4.040163590915724079e-02,5.273559366969493567e-16,-4.088765953689111471e-11,4.313027134243760385e-02,2.775557561562891351e-17,-2.206740469469485426e-03,1.165378899942018237e-01
2.195143721903797918e+00,3.608224830031758756e-16,-2.939319348625648448e-11,3.978440422284748590e-02,5.273559366969493567e-16,-4.062512040772835523e-11,4.247597203651243963e-02,2.775557561562891351e-17,-2.228107737413598938e-03,1.154691469092424538e-01
2.196103557374679660e+00,3.885780586188047891e-16,-2.919533684904093707e-11,3.916149378377282303e-02,5.273559366969493567e-16,-4.035758138537948875e-11,4.181551604539521239e-02,0.000000000000000000e+00,-2.249139582918905245e-03,1.143904576673769879e-01
2.197063392845561403e+00,3.608224830031758756e-16,-2.899357546447744668e-11,3.853301775465912266e-02,5.273559366969493567e-16,-4.008507616820328884e-11,4.114902252631946061e-02,5.551115123125782702e-17,-2.269832925364928186e-03,1.133020060570470861e-01
2.198023228316443145e+00,3.330669073875469621e-16,-2.878793338152545178e-11,3.789909041070987222e-02,5.273559366969493567e-16,-3.980764252031667588e-11,4.047661236137729823e-02,0.000000000000000000e+00,-2.290184732803291802e-03,1.122039773849199396e-01
2.198983063787324888e+00,3.330669073875469621e-16,-2.857843474401208089e-11,3.725982708167066559e-02,5.273559366969493567e-16,-3.952531672183484668e-11,3.979840812527830896e-02,5.551115123125782702e-17,-2.310192022387214886e-03,1.110965585104729120e-01
2.199942899258206630e+00,3.330669073875469621e-16,-2.836511224063283446e-11,3.661534410927337613e-02,4.996003610813204432e-16,-3.923814289300995781e-11,3.911453388954573562e-02,2.775557561562891351e-17,-2.329851860809930685e-03,1.099799376058312322e-01
2.200902734729088372e+00,3.053113317719180486e-16,-2.814799570727624656e-11,3.596575889477776622e-02,5.273559366969493567e-16,-3.894616589270689586e-11,3.842511523598811374e-02,2.775557561562891351e-17,-2.349161364710638644e-03,1.088543042101316749e-01
2.201862570199970115e+00,3.330669073875469621e-16,-2.792711995360831756e-11,3.531118972214952745e-02,5.273559366969493567e-16,-3.864943033584505860e-11,3.773027897421065563e-02,0.000000000000000000e+00,-2.368117701098175921e-03,1.077198489078173699e-01
2.202822405670851857e+00,3.608224830031758756e-16,-2.770252300124398381e-11,3.465175568380528259e-02,4.996003610813204432e-16,-3.834798574335867433e-11,3.703015307770506775e-02,-2.775557561562891351e-17,-2.386718087736770886e-03,1.065767633277274334e-01
2.203782241141733600e+00,3.330669073875469621e-16,-2.747424289212697240e-11,3.398757645267815736e-02,5.273559366969493567e-16,-3.804188428570103031e-11,3.632486635250344736e-02,0.000000000000000000e+00,-2.404959793538979235e-03,1.054252397672328923e-01
2.204742076612615342e+00,3.330669073875469621e-16,-2.724232142225103265e-11,3.331877225817125171e-02,4.718447854656915297e-16,-3.773117947502560229e-11,3.561454831213876904e-02,0.000000000000000000e+00,-2.422840138942090361e-03,1.042654711195581119e-01
2.205701912083497085e+00,3.330669073875469621e-16,-2.700680769919831456e-11,3.264546388991081821e-02,5.273559366969493567e-16,-3.741592741879481640e-11,3.489932932698733975e-02,0.000000000000000000e+00,-2.440356496285792706e-03,1.030976509467550484e-01
2.206661747554378827e+00,3.330669073875469621e-16,-2.676774694097567436e-11,3.196777261044707330e-02,5.273559366969493567e-16,-3.709618788365343089e-11,3.417934052726055716e-02,-2.775557561562891351e-17,-2.457506290195264013e-03,1.019219734693170842e-01
2.207621583025260570e+00,3.053113317719180486e-16,-2.652518980015335787e-11,3.128582006001322247e-02,5.273559366969493567e-16,-3.677202284530813048e-11,3.345471377742677971e-02,0.000000000000000000e+00,-2.474286997946524048e-03,1.007386335210352091e-01
2.208581418496142312e+00,3.608224830031758756e-16,-2.627919050039251650e-11,3.059972800432075868e-02,5.273559366969493567e-16,-3.644349607517544803e-11,3.272558133293056865e-02,-2.775557561562891351e-17,-2.490696149845904924e-03,9.954782626613202512e-02
2.209541253967024055e+00,3.053113317719180486e-16,-2.602980760893925521e-11,2.990961842339122032e-02,4.996003610813204432e-16,-3.611067457694964317e-11,3.199207590935718853e-02,-2.775557561562891351e-17,-2.506731329592049723e-03,9.834974722276694503e-02
2.210501089437905797e+00,3.053113317719180486e-16,-2.577709962527704318e-11,2.921561343021382082e-02,4.996003610813204432e-16,-3.577362931166290505e-11,3.125433080026372712e-02,-5.551115123125782702e-17,-2.522390174632743384e-03,9.714459235646273616e-02
2.211460924908787540e+00,3.330669073875469621e-16,-2.552112895201717052e-11,2.851783525090446220e-02,5.273559366969493567e-16,-3.543243235165464966e-11,3.051247970579976099e-02,-8.326672684688674053e-17,-2.537670376506026126e-03,9.593255802240685526e-02
2.212420760379669282e+00,3.608224830031758756e-16,-2.526196093944558380e-11,2.781640613287783559e-02,5.273559366969493567e-16,-3.508715787668226574e-11,2.976665674678519169e-02,-8.326672684688674053e-17,-2.552569681168006307e-03,9.471384092663207022e-02
2.213380595850551025e+00,3.885780586188047891e-16,-2.499966747016631879e-11,2.711144836096670424e-02,5.273559366969493567e-16,-3.473788372568547417e-11,2.901699616725284675e-02,-1.387778780781445676e-16,-2.567085889337463681e-03,9.348863794076790745e-02
2.214340431321432767e+00,3.330669073875469621e-16,-2.473431504643013035e-11,2.640308443369797017e-02,5.273559366969493567e-16,-3.438469575392380864e-11,2.826363257848291469e-02,-8.326672684688674053e-17,-2.581216856813886660e-03,9.225714621493034950e-02
2.215300266792314510e+00,3.330669073875469621e-16,-2.446598185954244539e-11,2.569143695944691233e-02,5.273559366969493567e-16,-3.402767421946308740e-11,2.750670071976730330e-02,-8.326672684688674053e-17,-2.594960494815007866e-03,9.101956313008932598e-02
2.216260102263196252e+00,3.330669073875469621e-16,-2.419474423733620691e-11,2.497662869589459614e-02,4.718447854656915297e-16,-3.366690596012106296e-11,2.674633545671773957e-02,-8.326672684688674053e-17,-2.608314770295225207e-03,8.977608624250185687e-02
2.217219937734077995e+00,3.330669073875469621e-16,-2.392068315616117241e-11,2.425878223016992435e-02,5.273559366969493567e-16,-3.330248277394042694e-11,2.598267146432676339e-02,-8.326672684688674053e-17,-2.621277706266814545e-03,8.852691300710857636e-02
2.218179773204959737e+00,3.330669073875469621e-16,-2.364388190984924309e-11,2.353802012677242914e-02,5.551115123125782702e-16,-3.293449814625350192e-11,2.521584324328448798e-02,-8.326672684688674053e-17,-2.633847382113157880e-03,8.727224081398148037e-02
2.219139608675841480e+00,3.330669073875469621e-16,-2.336442405650659970e-11,2.281446474910152344e-02,5.551115123125782702e-16,-3.256304977722855598e-11,2.444598499997261559e-02,-8.326672684688674053e-17,-2.646021933889623756e-03,8.601226689510360623e-02
2.220099444146723222e+00,3.053113317719180486e-16,-2.308240070977331249e-11,2.208823826233651325e-02,5.551115123125782702e-16,-3.218823873483685552e-11,2.367323063680181958e-02,-8.326672684688674053e-17,-2.657799554632771753e-03,8.474718843229599174e-02
2.221059279617604965e+00,3.330669073875469621e-16,-2.279790173645695334e-11,2.135946244627696944e-02,5.551115123125782702e-16,-3.181016643263910940e-11,2.289771360291103716e-02,-8.326672684688674053e-17,-2.669178494632815091e-03,8.347720228682933841e-02
2.222019115088486707e+00,3.053113317719180486e-16,-2.251102159767180005e-11,2.062825872891747153e-02,5.273559366969493567e-16,-3.142893797048341292e-11,2.211956684829979869e-02,-5.551115123125782702e-17,-2.680157061709556154e-03,8.220250510724190496e-02
2.222978950559368450e+00,3.053113317719180486e-16,-2.222185686195010321e-11,1.989474814987458873e-02,5.273559366969493567e-16,-3.104466620026339468e-11,2.133892297418096134e-02,-8.326672684688674053e-17,-2.690733621450687191e-03,8.092329343017998222e-02
2.223938786030250192e+00,2.775557561562891351e-16,-2.193050468058278107e-11,1.915905153346150747e-02,5.273559366969493567e-16,-3.065746438722476153e-11,2.055591430886011262e-02,-8.326672684688674053e-17,-2.700906597468020250e-03,7.963976385700327620e-02
2.224898621501131935e+00,2.775557561562891351e-16,-2.163706961809310630e-11,1.842128948345075901e-02,5.273559366969493567e-16,-3.026745068907552363e-11,1.977067294246572654e-02,-1.110223024625156540e-16,-2.710674471647299931e-03,7.835211300427953607e-02
2.225858456972013677e+00,2.775557561562891351e-16,-2.134165666590895696e-11,1.768158227762958376e-02,5.273559366969493567e-16,-2.987474637382867351e-11,1.898333048259749287e-02,-1.387778780781445676e-16,-2.720035784396227646e-03,7.706053736929195652e-02
2.226818292442895419e+00,2.775557561562891351e-16,-2.104436950763934056e-11,1.694004986671848734e-02,5.273559366969493567e-16,-2.947947193700315577e-11,1.819401823076018110e-02,-1.110223024625156540e-16,-2.728989134889480903e-03,7.576523355125630577e-02
2.227778127913777162e+00,2.775557561562891351e-16,-2.074532039209042722e-11,1.619681183145085454e-02,4.996003610813204432e-16,-2.908175535511290516e-11,1.740286713685776365e-02,-1.387778780781445676e-16,-2.737533181286495258e-03,7.446639831653954766e-02
2.228737963384658904e+00,3.330669073875469621e-16,-2.044462187977651169e-11,1.545198742232574939e-02,4.996003610813204432e-16,-2.868172689504894582e-11,1.661000764385578421e-02,-1.387778780781445676e-16,-2.745666640958911719e-03,7.316422840168856911e-02
2.229697798855540647e+00,3.330669073875469621e-16,-2.014238415274337279e-11,1.470569544570515981e-02,4.996003610813204432e-16,-2.827952097755187522e-11,1.581556957645824033e-02,-1.387778780781445676e-16,-2.753388290695699125e-03,7.185892057454673632e-02
2.230657634326422389e+00,3.608224830031758756e-16,-1.983872341035884668e-11,1.395805415077679482e-02,4.996003610813204432e-16,-2.787527085784495540e-11,1.501968197098724200e-02,-1.665334536937734811e-16,-2.760696966932874898e-03,7.055067147863793020e-02
2.231617469797304132e+00,3.330669073875469621e-16,-1.953375727500612086e-11,1.320918127334193976e-02,4.718447854656915297e-16,-2.746911354520147064e-11,1.422247323537027645e-02,-1.387778780781445676e-16,-2.767591565951021959e-03,6.923967787308182853e-02
2.232577305268185874e+00,3.330669073875469621e-16,-1.922760313867542120e-11,1.245919407918246423e-02,4.440892098500626162e-16,-2.706119618618501796e-11,1.342407104869269147e-02,-1.387778780781445676e-16,-2.774071044080111438e-03,6.792613644584694077e-02
2.233537140739067617e+00,3.330669073875469621e-16,-1.892037903710201349e-11,1.170820947481050062e-02,4.718447854656915297e-16,-2.665165696913874421e-11,1.262460232104833935e-02,-1.665334536937734811e-16,-2.780134417879774698e-03,6.661024390055149402e-02
2.234496976209949359e+00,3.330669073875469621e-16,-1.861220974840342365e-11,1.095634382367844696e-02,4.718447854656915297e-16,-2.624064438232643487e-11,1.182419304281470684e-02,-1.665334536937734811e-16,-2.785780764327347794e-03,6.529219682306168504e-02
2.235456811680831102e+00,3.885780586188047891e-16,-1.830321788229283264e-11,1.020371303395225908e-02,4.996003610813204432e-16,-2.582830772716350476e-11,1.102296835205761327e-02,-1.665334536937734811e-16,-2.791009220985076703e-03,6.397219170599577343e-02
2.236416647151712844e+00,3.885780586188047891e-16,-1.799352347350326176e-11,9.450432492041570612e-03,4.718447854656915297e-16,-2.541479632539415945e-11,1.022105256249712830e-02,-1.665334536937734811e-16,-2.795818986142379389e-03,6.265042497716127867e-02
2.237376482622594587e+00,3.608224830031758756e-16,-1.768325127982344619e-11,8.696617130390138159e-03,4.718447854656915297e-16,-2.500026462161786950e-11,9.418569156465458544e-03,-1.665334536937734811e-16,-2.800209318952411042e-03,6.132709303594972849e-02
2.238336318093476329e+00,3.608224830031758756e-16,-1.737252933197742932e-11,7.942381382253142427e-03,4.718447854656915297e-16,-2.458487069928764687e-11,8.615640739908912715e-03,-1.665334536937734811e-16,-2.804179539541869475e-03,6.000239223239955261e-02
2.239296153564358072e+00,3.608224830031758756e-16,-1.706147923679138256e-11,7.187839023181825937e-03,5.273559366969493567e-16,-2.416877176094223839e-11,7.812388955779945611e-03,-1.942890293094023946e-16,-2.807729029126558064e-03,5.867651873069452267e-02
2.240255989035239814e+00,3.330669073875469621e-16,-1.675022768328916084e-11,6.433103228309489281e-03,5.273559366969493567e-16,-2.375212338281713215e-11,7.008934457532672857e-03,-1.942890293094023946e-16,-2.810857230100308971e-03,5.734966851571283997e-02
2.241215824506121557e+00,3.608224830031758756e-16,-1.643890224140888423e-11,5.678286415532179249e-03,5.273559366969493567e-16,-2.333508814102809234e-11,6.205396865742286196e-03,-1.665334536937734811e-16,-2.813563646128382396e-03,5.602203735482044061e-02
2.242175659977003299e+00,3.885780586188047891e-16,-1.612762874636519683e-11,4.923500395916009971e-03,4.996003610813204432e-16,-2.291782599605314205e-11,5.401894732086167696e-03,-1.665334536937734811e-16,-2.815847842255646532e-03,5.469382086853272207e-02
2.243135495447885042e+00,3.608224830031758756e-16,-1.581652999760665979e-11,4.168856285162804258e-03,4.996003610813204432e-16,-2.250050192280535211e-11,4.598545649087655909e-03,-1.387778780781445676e-16,-2.817709445008209808e-03,5.336521453598608994e-02
2.244095330918766784e+00,3.608224830031758756e-16,-1.550573773247349366e-11,3.414464518891149967e-03,4.718447854656915297e-16,-2.208327805694335413e-11,3.795466170822178829e-03,-1.665334536937734811e-16,-2.819148142500255572e-03,5.203641366694948533e-02
2.245055166389648527e+00,3.885780586188047891e-16,-1.519537240582706158e-11,2.660434857490522314e-03,4.996003610813204432e-16,-2.166631791648354968e-11,2.992771956190254986e-03,-1.665334536937734811e-16,-2.820163684510284055e-03,5.070761347916444284e-02
2.246015001860530269e+00,3.885780586188047891e-16,-1.488556288864809063e-11,1.906876258200441987e-03,4.718447854656915297e-16,-2.124978334570523653e-11,2.190577473689954424e-03,-1.665334536937734811e-16,-2.820755882565895243e-03,4.937900886975268855e-02
2.246974837331412012e+00,3.330669073875469621e-16,-1.457642871422609732e-11,1.153897044373506037e-03,4.718447854656915297e-16,-2.083383964478213723e-11,1.388996171953059194e-03,-1.942890293094023946e-16,-2.820924610004234886e-03,4.805079450352030268e-02
2.247934672802293754e+00,3.608224830031758756e-16,-1.426809160458373388e-11,4.016046986837197249e-04,4.996003610813204432e-16,-2.041864514788901616e-11,5.881404855450768181e-04,-1.665334536937734811e-16,-2.820669802024984660e-03,4.672316478159821429e-02
2.248894508273175497e+00,3.608224830031758756e-16,-1.396067514521613651e-11,-3.498937992529543395e-04,5.273559366969493567e-16,-2.000436444369192018e-11,-2.118779936380934810e-04,-2.220446049250313081e-16,-2.819991455732407965e-03,4.539631401962154061e-02
2.249854343744057239e+00,3.330669073875469621e-16,-1.365430027887564596e-11,-1.100492152053699716e-03,4.718447854656915297e-16,-1.959115728938096504e-11,-1.010948644746619170e-03,-1.665334536937734811e-16,-2.818889630142434096e-03,4.407043620515003340e-02
2.250814179214938981e+00,3.330669073875469621e-16,-1.334907942377502182e-11,-1.850084504569127685e-03,4.718447854656915297e-16,-1.917918357089527445e-11,-1.808961705784104326e-03,-1.665334536937734811e-16,-2.817364446206392734e-03,4.274572515242250348e-02
2.251774014685820724e+00,3.053113317719180486e-16,-1.304513041236162255e-11,-2.598565655969622100e-03,4.718447854656915297e-16,-1.876860295055727407e-11,-2.605808301510215922e-03,-1.387778780781445676e-16,-2.815416086796802657e-03,4.142237439813890171e-02
2.252733850156702466e+00,3.053113317719180486e-16,-1.274256912551889609e-11,-3.345830957995928837e-03,4.440892098500626162e-16,-1.835957126210046794e-11,-3.401380392861349643e-03,-1.387778780781445676e-16,-2.813044796707517455e-03,4.010057731825229788e-02
2.253693685627584209e+00,3.330669073875469621e-16,-1.244150594858052863e-11,-4.091776310990013349e-03,4.163336342344337027e-16,-1.795224629759853419e-11,-4.195570734388778117e-03,-1.665334536937734811e-16,-2.810250882619254407e-03,3.878052698415923594e-02
2.254653521098465951e+00,3.330669073875469621e-16,-1.214205278476324784e-11,-4.836298184738638609e-03,4.718447854656915297e-16,-1.754678235257314464e-11,-4.988273021158944921e-03,-1.387778780781445676e-16,-2.807034713063981043e-03,3.746241608888114388e-02
2.255613356569347694e+00,3.053113317719180486e-16,-1.184431498463690141e-11,-5.579293632305784914e-03,4.440892098500626162e-16,-1.714332852515180680e-11,-5.779381748084894480e-03,-1.387778780781445676e-16,-2.803396718381474199e-03,3.614643698806918604e-02
2.256573192040229436e+00,3.330669073875469621e-16,-1.154840033144996156e-11,-6.320660362417423843e-03,4.440892098500626162e-16,-1.674203542456880606e-11,-6.568792330990213049e-03,-1.387778780781445676e-16,-2.799337390666201478e-03,3.483278162306976955e-02
2.257533027511111179e+00,3.330669073875469621e-16,-1.125440963567567870e-11,-7.060296672419297953e-03,4.718447854656915297e-16,-1.634304722260802867e-11,-7.356400957256351361e-03,-1.387778780781445676e-16,-2.794857283725121072e-03,3.352164154578676086e-02
2.258492862981992921e+00,3.330669073875469621e-16,-1.096244237963964197e-11,-7.798101541752650544e-03,4.718447854656915297e-16,-1.594650908716410687e-11,-8.142104577901628296e-03,-1.665334536937734811e-16,-2.789957012997384880e-03,3.221320793568707014e-02
2.259452698452874664e+00,3.053113317719180486e-16,-1.067259557910749806e-11,-8.533974520385668311e-03,4.718447854656915297e-16,-1.555256036532125935e-11,-8.925800760559415153e-03,-1.387778780781445676e-16,-2.784637255495818909e-03,3.090767163734364081e-02
2.260412533923756406e+00,3.330669073875469621e-16,-1.038496772029409015e-11,-9.267815639883303022e-03,4.718447854656915297e-16,-1.516133531518975772e-11,-9.707387489960264682e-03,-1.387778780781445676e-16,-2.778898749723767575e-03,2.960522339484875434e-02
2.261372369394638149e+00,3.885780586188047891e-16,-1.009964524121761964e-11,-9.999525375967464186e-03,4.718447854656915297e-16,-1.477297005157609394e-11,-1.048676316192477531e-02,-1.387778780781445676e-16,-2.772742295608380571e-03,2.830605377106566733e-02
2.262332204865519891e+00,3.330669073875469621e-16,-9.816718035790712726e-12,-1.072900460930281859e-02,4.440892098500626162e-16,-1.438759019963074121e-11,-1.126382643269209678e-02,-1.942890293094023946e-16,-2.766168754402857730e-03,2.701035328956125775e-02
2.263292040336401634e+00,3.053113317719180486e-16,-9.536271735656205034e-12,-1.145615476657179874e-02,4.718447854656915297e-16,-1.400532374264389784e-11,-1.203847648189464332e-02,-1.665334536937734811e-16,-2.759179048586354616e-03,2.571831207611840336e-02
2.264251875807283376e+00,3.330669073875469621e-16,-9.258390420692572814e-12,-1.218087770388536113e-02,5.273559366969493567e-16,-1.362629094574154681e-11,-1.281061293435356054e-02,-1.665334536937734811e-16,-2.751774161746610697e-03,2.443011992008397790e-02
2.265211711278165119e+00,2.775557561562891351e-16,-8.983151340304605659e-12,-1.290307566408364914e-02,4.718447854656915297e-16,-1.325060906538864242e-11,-1.358013577329338778e-02,-1.942890293094023946e-16,-2.743955138446776791e-03,2.314596628963374800e-02
2.266171546749046861e+00,3.053113317719180486e-16,-8.710630957850518108e-12,-1.362265119669360883e-02,4.996003610813204432e-16,-1.287838989638169507e-11,-1.434694528583316774e-02,-1.942890293094023946e-16,-2.735723084088500720e-03,2.186604033369915490e-02
2.267131382219928604e+00,3.330669073875469621e-16,-8.440903778348350650e-12,-1.433950725233049811e-02,4.718447854656915297e-16,-1.250974286860122645e-11,-1.511094220661193463e-02,-2.220446049250313081e-16,-2.727079164756455749e-03,2.059053072039476046e-02
2.268091217690810346e+00,2.775557561562891351e-16,-8.174037727064209502e-12,-1.505354721230996347e-02,4.718447854656915297e-16,-1.214477358333883664e-11,-1.587202784367241007e-02,-1.942890293094023946e-16,-2.718024607077224302e-03,1.931962542392264004e-02
2.269051053161692089e+00,3.053113317719180486e-16,-7.910097225935931037e-12,-1.576467481347888430e-02,4.718447854656915297e-16,-1.178358337284007157e-11,-1.663010399043124421e-02,-2.220446049250313081e-16,-2.708560698061918213e-03,1.805351178695618897e-02
2.270010888632573831e+00,3.330669073875469621e-16,-7.649145741448187125e-12,-1.647279423953973421e-02,4.996003610813204432e-16,-1.142626863623059236e-11,-1.738507292550021954e-02,-2.498001805406602216e-16,-2.698688784952791436e-03,1.679237642807565600e-02
2.270970724103455574e+00,3.330669073875469621e-16,-7.391246387719943578e-12,-1.717781019503258552e-02,5.273559366969493567e-16,-1.107292075142474880e-11,-1.813683743869382026e-02,-2.775557561562891351e-16,-2.688410275052465631e-03,1.553640519336196499e-02
2.271930559574337316e+00,2.775557561562891351e-16,-7.136452737891048337e-12,-1.787962809370136769e-02,4.996003610813204432e-16,-1.072362663077919276e-11,-1.888530082887959066e-02,-2.775557561562891351e-16,-2.677726635547534803e-03,1.428578303456515090e-02
2.272890395045219059e+00,3.053113317719180486e-16,-6.884817701027518694e-12,-1.857815408322471828e-02,5.273559366969493567e-16,-1.037846760300938781e-11,-1.963036709271483507e-02,-2.775557561562891351e-16,-2.666639393328596418e-03,1.304069387565376728e-02
2.273850230516100801e+00,2.775557561562891351e-16,-6.636392227855197889e-12,-1.927329493791176199e-02,4.996003610813204432e-16,-1.003752430565191256e-11,-2.037194059667698023e-02,-2.775557561562891351e-16,-2.655150134789997091e-03,1.180132077825358713e-02
2.274810065986982544e+00,2.775557561562891351e-16,-6.391226076477539431e-12,-1.996495812519694102e-02,4.996003610813204432e-16,-9.700868973676508855e-12,-2.110992622723901688e-02,-2.775557561562891351e-16,-2.643260505638433174e-03,1.056784580274068922e-02
2.275769901457864286e+00,2.775557561562891351e-16,-6.149361280057517865e-12,-2.065305171482155824e-02,4.996003610813204432e-16,-9.368572358051194954e-12,-2.184422915345213961e-02,-2.498001805406602216e-16,-2.630972210669750393e-03,9.340450120013910409e-03
2.276729736928746028e+00,2.775557561562891351e-16,-5.910840678133473525e-12,-2.133748452230389142e-02,4.718447854656915297e-16,-9.040699707417963749e-12,-2.257475501130814036e-02,-2.775557561562891351e-16,-2.618287013548094462e-03,8.119313881691720899e-03
2.277689572399627771e+00,2.775557561562891351e-16,-5.675699453065903566e-12,-2.201816586253849128e-02,4.996003610813204432e-16,-8.717312001372753971e-12,-2.330140977844329803e-02,-2.775557561562891351e-16,-2.605206736580496351e-03,6.904616232952262220e-03
2.278649407870509513e+00,3.053113317719180486e-16,-5.443978072700896009e-12,-2.269500563125385548e-02,4.996003610813204432e-16,-8.398467224403002862e-12,-2.402409976824188692e-02,-2.775557561562891351e-16,-2.591733260489033266e-03,5.696535207869874058e-03
2.279609243341391256e+00,3.053113317719180486e-16,-5.215708731066710097e-12,-2.336791421154254741e-02,4.718447854656915297e-16,-8.084216862559376326e-12,-2.474273168475499274e-02,-2.775557561562891351e-16,-2.577868524199434814e-03,4.495247770185300043e-03
2.280569078812272998e+00,3.330669073875469621e-16,-4.990920383137614769e-12,-2.403680274227226743e-02,5.273559366969493567e-16,-7.774607475548919039e-12,-2.545721273376485780e-02,-2.775557561562891351e-16,-2.563614524598258147e-03,3.300929542197731780e-03
2.281528914283154741e+00,3.608224830031758756e-16,-4.769640757384171342e-12,-2.470158312795304317e-02,4.718447854656915297e-16,-7.469685324923078240e-12,-2.616745087980500498e-02,-3.053113317719180486e-16,-2.548973316299216370e-03,2.113754671295469973e-03
2.282488749754036483e+00,3.885780586188047891e-16,-4.551896376102024244e-12,-2.536216815694749757e-02,4.718447854656915297e-16,-7.169488140917456426e-12,-2.687335477285488980e-02,-3.053113317719180486e-16,-2.533947011362816873e-03,9.338956863716682847e-04
2.283448585224918226e+00,3.885780586188047891e-16,-4.337707900118822901e-12,-2.601847145257144694e-02,5.273559366969493567e-16,-6.874055408819922802e-12,-2.757483380235058873e-02,-2.775557561562891351e-16,-2.518537779034157442e-03,-2.384764220341590831e-04
2.284408420695799968e+00,4.163336342344337027e-16,-4.127095604015192792e-12,-2.667040755741850733e-02,4.996003610813204432e-16,-6.583417845433276600e-12,-2.827179813134518896e-02,-2.775557561562891351e-16,-2.502747845455190710e-03,-1.403192380648263932e-03
2.285368256166681711e+00,4.163336342344337027e-16,-3.920076387792497535e-12,-2.731789202173897160e-02,4.718447854656915297e-16,-6.297605327303633371e-12,-2.896415881864708441e-02,-3.053113317719180486e-16,-2.486579493374723067e-03,-2.560084761970061497e-03
2.286328091637563453e+00,4.163336342344337027e-16,-3.716668316969436170e-12,-2.796084143332372429e-02,4.718447854656915297e-16,-6.016642885948650377e-12,-2.965182773527404517e-02,-2.775557561562891351e-16,-2.470035061853607505e-03,-3.708988026281593957e-03
2.287287927108445196e+00,3.885780586188047891e-16,-3.516883385532541817e-12,-2.859917330407189470e-02,4.996003610813204432e-16,-5.740553709742291649e-12,-3.033471741846225506e-02,-2.775557561562891351e-16,-2.453116945932525862e-03,-4.849738386422353456e-03
2.288247762579326938e+00,3.885780586188047891e-16,-3.320730721108854089e-12,-2.923280612457897568e-02,5.273559366969493567e-16,-5.469358439183415882e-12,-3.101274113252910219e-02,-2.775557561562891351e-16,-2.435827596310237084e-03,-5.982173878876162303e-03
2.289207598050208681e+00,3.885780586188047891e-16,-3.128222561630394916e-12,-2.986165944666693481e-02,5.551115123125782702e-16,-5.203069881410185560e-12,-3.168581296924399132e-02,-2.775557561562891351e-16,-2.418169518987959340e-03,-7.106134496925932756e-03
2.290167433521090423e+00,4.163336342344337027e-16,-2.939366266119410043e-12,-3.048565400238967965e-02,5.551115123125782702e-16,-4.941704231692552185e-12,-3.235384792653186320e-02,-2.775557561562891351e-16,-2.400145274933683688e-03,-8.221462348167644582e-03
2.291127268991972166e+00,3.885780586188047891e-16,-2.754163799692337100e-12,-3.110471174777528283e-02,5.551115123125782702e-16,-4.685268578002218381e-12,-3.301676177501438464e-02,-3.053113317719180486e-16,-2.381757479704844395e-03,-9.328001456574492450e-03
2.292087104462853908e+00,4.163336342344337027e-16,-2.572619770208409151e-12,-3.171875584931715258e-02,6.106226635438360972e-16,-4.433773742032118270e-12,-3.367447111643694785e-02,-2.775557561562891351e-16,-2.363008803076796244e-03,-1.042559782963132370e-02
2.293046939933735651e+00,3.885780586188047891e-16,-2.394739151445092473e-12,-3.232771075355927309e-02,5.551115123125782702e-16,-4.187223464279746926e-12,-3.432689348507169530e-02,-3.053113317719180486e-16,-2.343901968657897180e-03,-1.151409954180569392e-02
2.294006775404617393e+00,3.330669073875469621e-16,-2.220517674356332904e-12,-3.293150230851852461e-02,6.106226635438360972e-16,-3.945620001240875835e-12,-3.497394760895652238e-02,-2.775557561562891351e-16,-2.324439753508023097e-03,-1.259335704649419685e-02
2.294966610875499136e+00,3.330669073875469621e-16,-2.049956883930226237e-12,-3.353005779832177874e-02,5.551115123125782702e-16,-3.708960642410073782e-12,-3.561555338367040913e-02,-2.775557561562891351e-16,-2.304624987758587505e-03,-1.366322307881050364e-02
2.295926446346380878e+00,3.053113317719180486e-16,-1.883055052219560072e-12,-3.412330595980297976e-02,5.551115123125782702e-16,-3.477244147731105989e-12,-3.625163188288064997e-02,-2.775557561562891351e-16,-2.284460554216616052e-03,-1.472355264742437712e-02
2.296886281817262621e+00,3.053113317719180486e-16,-1.719804650795499212e-12,-3.471117691373779013e-02,5.551115123125782702e-16,-3.250462412792733125e-12,-3.688210537881033563e-02,-2.775557561562891351e-16,-2.263949387975700521e-03,-1.577420309440688909e-02
2.297846117288144363e+00,3.330669073875469621e-16,-1.560198767869194064e-12,-3.529360217947477563e-02,5.273559366969493567e-16,-3.028609399944107161e-12,-3.750689741258324272e-02,-3.053113317719180486e-16,-2.243094476002245596e-03,-1.681503413772793970e-02
2.298805952759026106e+00,3.330669073875469621e-16,-1.404230410336632096e-12,-3.587051477505406177e-02,5.273559366969493567e-16,-2.811674870250961689e-12,-3.812593291193694389e-02,-3.053113317719180486e-16,-2.221898856721247692e-03,-1.784590805276941097e-02
2.299765788229907848e+00,3.053113317719180486e-16,-1.251889359592337631e-12,-3.644184925801530889e-02,5.551115123125782702e-16,-2.599646409598421748e-12,-3.873913820239523881e-02,-3.053113317719180486e-16,-2.200365619555038482e-03,-1.886668962832332291e-02
2.300725623700789590e+00,2.775557561562891351e-16,-1.103163743622521953e-12,-3.700754177844190612e-02,6.106226635438360972e-16,-2.392508107319606114e-12,-3.934644107942208979e-02,-3.053113317719180486e-16,-2.178497904458020790e-03,-1.987724632146858211e-02
2.301685459171671333e+00,3.053113317719180486e-16,-9.580410466683564330e-13,-3.756753006635130815e-02,5.551115123125782702e-16,-2.190243998537524939e-12,-3.994777097219707335e-02,-2.775557561562891351e-16,-2.156298901436439451e-03,-2.087744832903930259e-02
2.302645294642553075e+00,3.330669073875469621e-16,-8.165086648795859270e-13,-3.812175343704838487e-02,5.551115123125782702e-16,-1.992836017733479181e-12,-4.054305879394237005e-02,-2.775557561562891351e-16,-2.133771850060361096e-03,-2.186716852899860120e-02
2.303605130113434818e+00,3.330669073875469621e-16,-6.785506130504298516e-13,-3.867015280260004129e-02,5.551115123125782702e-16,-1.800265665707900808e-12,-4.113223708921798227e-02,-3.053113317719180486e-16,-2.110920038971802852e-03,-2.284628255049040574e-02
2.304564965584316560e+00,3.885780586188047891e-16,-5.441491034889958667e-13,-3.921267069222356128e-02,5.551115123125782702e-16,-1.612508751199816237e-12,-4.171523991731014569e-02,-3.053113317719180486e-16,-2.087746805373625562e-03,-2.381466870885001058e-02
2.305524801055198303e+00,3.608224830031758756e-16,-4.132871616550209959e-13,-3.974925139552948350e-02,5.273559366969493567e-16,-1.429543508850612821e-12,-4.229200317652303392e-02,-3.053113317719180486e-16,-2.064255534532124809e-03,-2.477220826436935322e-02
2.306484636526080045e+00,3.885780586188047891e-16,-2.859438692228398471e-13,-4.027984083645634594e-02,5.551115123125782702e-16,-1.251343307944428884e-12,-4.286246444668802974e-02,-3.608224830031758756e-16,-2.040449659265732019e-03,-2.571878524827503690e-02
2.307444471996961788e+00,3.885780586188047891e-16,-1.621007405454115424e-13,-4.080438687532812053e-02,5.273559366969493567e-16,-1.077879911790934758e-12,-4.342656316911486930e-02,-3.885780586188047891e-16,-2.016332659442284653e-03,-2.665428662826050885e-02
2.308404307467843530e+00,3.608224830031758756e-16,-4.173379442593341815e-14,-4.132283906947232383e-02,5.273559366969493567e-16,-9.091264660575706924e-13,-4.398424054470277678e-02,-3.608224830031758756e-16,-1.991908061467126661e-03,-2.757860220627723208e-02
2.309364142938725273e+00,3.608224830031758756e-16,7.518055053284608547e-14,-4.183514885500717873e-02,5.273559366969493567e-16,-7.450490284400743124e-13,-4.453543957078899551e-02,-4.163336342344337027e-16,-1.967179437753980090e-03,-2.849162473441135129e-02
2.310323978409607015e+00,3.608224830031758756e-16,1.886664415461872940e-13,-4.234126936402108493e-02,5.273559366969493567e-16,-5.856156488556751860e-13,-4.508010515137621937e-02,-3.608224830031758756e-16,-1.942150406212859049e-03,-2.939324987701315284e-02
2.311283813880488758e+00,3.330669073875469621e-16,2.987514241255349173e-13,-4.284115560299609632e-02,5.273559366969493567e-16,-4.307925815117547019e-13,-4.561818402513890397e-02,-3.608224830031758756e-16,-1.916824629710520405e-03,-3.028337623478189258e-02
2.312243649351370500e+00,3.330669073875469621e-16,4.054633283854039427e-13,-4.333476430825729253e-02,4.996003610813204432e-16,-2.805422723555633935e-13,-4.614962470336176487e-02,-3.608224830031758756e-16,-1.891205815554711190e-03,-3.116190517435838900e-02
2.313203484822252243e+00,3.330669073875469621e-16,5.088309466697374384e-13,-4.382205389608347101e-02,5.273559366969493567e-16,-1.348257510952639848e-13,-4.667437728611623093e-02,-3.608224830031758756e-16,-1.865297714933478223e-03,-3.202874080136926954e-02
2.314163320293133985e+00,3.330669073875469621e-16,6.088873505329280011e-13,-4.430298439520023723e-02,4.718447854656915297e-16,6.397043539416863434e-15,-4.719239358620790081e-02,-3.608224830031758756e-16,-1.839104122367126891e-03,-3.288378992326283778e-02
2.315123155764015728e+00,3.608224830031758756e-16,7.056634600656822021e-13,-4.477751732139897967e-02,4.718447854656915297e-16,1.431668707739010282e-13,-4.770362703678707877e-02,-3.608224830031758756e-16,-1.812628875142512216e-03,-3.372696202595984460e-02
2.316082991234897470e+00,3.885780586188047891e-16,7.991944847335515079e-13,-4.524561580046922854e-02,4.718447854656915297e-16,2.755272409966230684e-13,-4.820803277265670039e-02,-3.608224830031758756e-16,-1.785875852744818687e-03,-3.455816922590897872e-02
2.317042826705779213e+00,3.885780586188047891e-16,8.895165759027247321e-13,-4.570724447157441250e-02,4.718447854656915297e-16,4.035244936860613724e-13,-4.870556759394831930e-02,-3.885780586188047891e-16,-1.758848976287723763e-03,-3.537732631097297020e-02
2.318002662176660955e+00,3.885780586188047891e-16,9.766640892295425092e-13,-4.616236955261295710e-02,4.718447854656915297e-16,5.272063235734099351e-13,-4.919619015179867855e-02,-3.608224830031758756e-16,-1.731552207899282126e-03,-3.618435089472728239e-02
2.318962497647542698e+00,3.608224830031758756e-16,1.060677912688434699e-12,-4.661095878406650017e-02,4.718447854656915297e-16,6.466208251894138559e-13,-4.967986094549317611e-02,-3.885780586188047891e-16,-1.703989550135766523e-03,-3.697916335005205224e-02
2.319922333118424440e+00,3.330669073875469621e-16,1.141598964747017261e-12,-4.705298134750036942e-02,5.273559366969493567e-16,7.618178176238988436e-13,-5.015654214631846269e-02,-4.163336342344337027e-16,-1.676165045362889953e-03,-3.776168658124314653e-02
2.320882168589306183e+00,3.608224830031758756e-16,1.219465744746808800e-12,-4.748840785744604109e-02,4.718447854656915297e-16,8.728501997784868238e-13,-5.062619755820084444e-02,-4.163336342344337027e-16,-1.648082775162362399e-03,-3.853184600174105329e-02
2.321842004060187925e+00,3.330669073875469621e-16,1.294324260129372378e-12,-4.791721020944901543e-02,4.718447854656915297e-16,9.797733574435328607e-13,-5.108879249980381038e-02,-4.163336342344337027e-16,-1.619746859718391562e-03,-3.928956935153470748e-02
2.322801839531069668e+00,3.885780586188047891e-16,1.366217604542932507e-12,-4.833936173647353229e-02,4.718447854656915297e-16,1.082643465844098860e-12,-5.154429404859914993e-02,-3.608224830031758756e-16,-1.591161457213561073e-03,-4.003478686313348411e-02
2.323761675001951410e+00,3.330669073875469621e-16,1.435194191002622452e-12,-4.875483705414025704e-02,4.718447854656915297e-16,1.181517235530069390e-12,-5.199267071290958331e-02,-4.163336342344337027e-16,-1.562330763222489994e-03,-4.076743091936752689e-02
2.324721510472833153e+00,3.330669073875469621e-16,1.501299118930685822e-12,-4.916361205735426954e-02,4.718447854656915297e-16,1.276454839722017398e-12,-5.243389240832272563e-02,-4.163336342344337027e-16,-1.533259010088748120e-03,-4.148743601110310014e-02
2.325681345943714895e+00,3.330669073875469621e-16,1.564583569445927511e-12,-4.956566380731346200e-02,4.718447854656915297e-16,1.367519792338459800e-12,-5.286793030969734464e-02,-4.163336342344337027e-16,-1.503950466303669497e-03,-4.219473854214654540e-02
2.326641181414596637e+00,3.330669073875469621e-16,1.625097730944538230e-12,-4.996097056524274882e-02,4.718447854656915297e-16,1.454775458220114795e-12,-5.329475692499597433e-02,-4.163336342344337027e-16,-1.474409435857256413e-03,-4.288927678290067880e-02
2.327601016885478380e+00,3.330669073875469621e-16,1.682893180956742188e-12,-5.034951168714974640e-02,4.996003610813204432e-16,1.538286879332936147e-12,-5.371434605082253677e-02,-4.163336342344337027e-16,-1.444640257608752762e-03,-4.357099086646998298e-02
2.328560852356360122e+00,3.608224830031758756e-16,1.738023916138860953e-12,-5.073126744089603152e-02,4.996003610813204432e-16,1.618121720056882318e-12,-5.412667266500935381e-02,-3.608224830031758756e-16,-1.414647304626644219e-03,-4.423982258126891304e-02
2.329520687827241865e+00,3.330669073875469621e-16,1.790543692589859071e-12,-5.110621894056988079e-02,4.996003610813204432e-16,1.694349318509015545e-12,-5.453171292053862751e-02,-3.608224830031758756e-16,-1.384434983539896587e-03,-4.489571538703619746e-02
2.330480523298123607e+00,3.885780586188047891e-16,1.840508756685566016e-12,-5.147434797562209369e-02,4.718447854656915297e-16,1.767040669602842895e-12,-5.492944400500146540e-02,-3.608224830031758756e-16,-1.354007733872115158e-03,-4.553861415628401854e-02
2.331440358769005350e+00,3.885780586188047891e-16,1.887976940447488525e-12,-5.183563716542369249e-02,4.718447854656915297e-16,1.836268381002603006e-12,-5.531984428835748369e-02,-3.608224830031758756e-16,-1.323370027379563172e-03,-4.616846536743554608e-02
2.332400194239887092e+00,3.608224830031758756e-16,1.933006617998219573e-12,-5.219006985903953261e-02,4.718447854656915297e-16,1.902106208949210994e-12,-5.570289341253942261e-02,-3.330669073875469621e-16,-1.292526367388381224e-03,-4.678521714206686222e-02
2.333360029710768835e+00,3.608224830031758756e-16,1.975657606804494260e-12,-5.253763007439261890e-02,4.718447854656915297e-16,1.964631606135363792e-12,-5.607857211972867850e-02,-3.608224830031758756e-16,-1.261481288131444979e-03,-4.738881908034497936e-02
2.334319865181650577e+00,3.608224830031758756e-16,2.015990849192801637e-12,-5.287830258810431033e-02,4.718447854656915297e-16,2.023921405225640943e-12,-5.644686242272602128e-02,-3.330669073875469621e-16,-1.230239354091943859e-03,-4.797922234875538761e-02
2.335279700652532320e+00,3.330669073875469621e-16,2.054068978167393478e-12,-5.321207290913541887e-02,4.718447854656915297e-16,2.080056802798366244e-12,-5.680774739331497653e-02,-3.608224830031758756e-16,-1.198805159317353633e-03,-4.855637953199966328e-02
2.336239536123414062e+00,3.330669073875469621e-16,2.089953339242441727e-12,-5.353892751344253159e-02,4.718447854656915297e-16,2.133116782981805265e-12,-5.716121144381895725e-02,-3.330669073875469621e-16,-1.167183326727406871e-03,-4.912024489302818653e-02
2.337199371594295805e+00,3.330669073875469621e-16,2.123709648622126162e-12,-5.385885353645309542e-02,4.996003610813204432e-16,2.183183233533166762e-12,-5.750724003154205483e-02,-3.608224830031758756e-16,-1.135378507410406699e-03,-4.967077403966069921e-02
2.338159207065177547e+00,3.330669073875469621e-16,2.155401467658808745e-12,-5.417183887203775444e-02,5.273559366969493567e-16,2.230341393071998829e-12,-5.784581957701046689e-02,-3.608224830031758756e-16,-1.103395379920136003e-03,-5.020792388502971076e-02
2.339119042536059290e+00,2.775557561562891351e-16,2.185093817989652507e-12,-5.447787181493029401e-02,4.996003610813204432e-16,2.274674487667566886e-12,-5.817693726657945791e-02,-3.608224830031758756e-16,-1.071238649583539917e-03,-5.073165247211602197e-02
2.340078878006941032e+00,3.053113317719180486e-16,2.212852869828496952e-12,-5.477694128650541922e-02,5.273559366969493567e-16,2.316269307703778396e-12,-5.850058101185411086e-02,-3.608224830031758756e-16,-1.038913047788451614e-03,-5.124191904323064511e-02
2.341038713477822775e+00,3.053113317719180486e-16,2.238746826268254997e-12,-5.506903665984218266e-02,5.273559366969493567e-16,2.355212552084982522e-12,-5.881673949696171466e-02,-3.608224830031758756e-16,-1.006423331290608007e-03,-5.173868389639658949e-02
2.341998548948704517e+00,3.330669073875469621e-16,2.262840607302136001e-12,-5.535414768689431858e-02,5.551115123125782702e-16,2.391592640886477245e-12,-5.912540189365862037e-02,-3.608224830031758756e-16,-9.737742814857349534e-04,-5.222190828481434316e-02
2.342958384419586260e+00,2.775557561562891351e-16,2.285203527330279677e-12,-5.563226439312378424e-02,5.273559366969493567e-16,2.425497987407296968e-12,-5.942655798701663994e-02,-3.330669073875469621e-16,-9.409707037093491050e-04,-5.269155439630941046e-02
2.343918219890468002e+00,3.330669073875469621e-16,2.305903064385396092e-12,-5.590337712584438068e-02,5.273559366969493567e-16,2.457018190792602252e-12,-5.972019809567696846e-02,-3.053113317719180486e-16,-9.080174265101011123e-04,-5.314758539660738995e-02
2.344878055361349745e+00,3.330669073875469621e-16,2.325006571139319120e-12,-5.616747667477592354e-02,5.273559366969493567e-16,2.486242616406460215e-12,-6.000631319887418658e-02,-3.608224830031758756e-16,-8.749193009394170932e-04,-5.358996539342891774e-02
2.345837890832231487e+00,3.885780586188047891e-16,2.342581625574646602e-12,-5.642455412709473234e-02,5.273559366969493567e-16,2.513263895771982587e-12,-6.028489482153729512e-02,-3.608224830031758756e-16,-8.416811998346872574e-04,-5.401865941102516194e-02
2.346797726303113230e+00,3.608224830031758756e-16,2.358697249018118502e-12,-5.667460080648761833e-02,5.273559366969493567e-16,2.538171814381578323e-12,-6.055593499585582712e-02,-3.608224830031758756e-16,-8.083080170798208341e-04,-5.443363335819759868e-02
2.347757561773994972e+00,3.330669073875469621e-16,2.373420863598270369e-12,-5.691760819376692759e-02,5.273559366969493567e-16,2.561058258369365570e-12,-6.081942621490101647e-02,-3.608224830031758756e-16,-7.748046668850620692e-04,-5.483485395851821903e-02
2.348717397244876715e+00,3.330669073875469621e-16,2.386819786411552291e-12,-5.715356794599236318e-02,4.718447854656915297e-16,2.582013640032134252e-12,-6.107536144115794513e-02,-3.608224830031758756e-16,-7.411760830408183282e-04,-5.522228879133080776e-02
2.349677232715758457e+00,3.053113317719180486e-16,2.398961300673096465e-12,-5.738247184965341446e-02,4.718447854656915297e-16,2.601128913767760537e-12,-6.132373418087783828e-02,-3.608224830031758756e-16,-7.074272181986649213e-04,-5.559590635185700930e-02
2.350637068186640199e+00,3.330669073875469621e-16,2.409911827318494786e-12,-5.760431167510637190e-02,4.718447854656915297e-16,2.618495931829044679e-12,-6.156453812948844279e-02,-3.608224830031758756e-16,-6.735630431080935534e-04,-5.595567578651000629e-02
2.351596903657521942e+00,3.330669073875469621e-16,2.419738668197604289e-12,-5.781907911878911982e-02,4.718447854656915297e-16,2.634204503425318158e-12,-6.179776710351471414e-02,-3.608224830031758756e-16,-6.395885458605741515e-04,-5.630156681622834614e-02
2.352556739128403684e+00,3.330669073875469621e-16,2.428505391439050518e-12,-5.802676570159148034e-02,4.718447854656915297e-16,2.648344683405467158e-12,-6.202341493717997145e-02,-3.608224830031758756e-16,-6.055087311112536137e-04,-5.663354963300275269e-02
2.353516574599285427e+00,3.053113317719180486e-16,2.436277291424605515e-12,-5.822736286219545171e-02,4.718447854656915297e-16,2.661005860850481318e-12,-6.224147560987420419e-02,-3.608224830031758756e-16,-5.713286192882995312e-04,-5.695159509285841609e-02
2.354476410070167169e+00,3.330669073875469621e-16,2.443118120936077324e-12,-5.842086192059563199e-02,4.718447854656915297e-16,2.672275412291067603e-12,-6.245194314716519951e-02,-3.608224830031758756e-16,-5.370532458063180178e-04,-5.725567463517051980e-02
2.355436245541048912e+00,2.775557561562891351e-16,2.449089162807199793e-12,-5.860725408128003577e-02,4.440892098500626162e-16,2.682240429654862701e-12,-6.265481153329675867e-02,-3.608224830031758756e-16,-5.026876602529175859e-04,-5.754576017130830223e-02
2.356396081011930654e+00,3.053113317719180486e-16,2.454251693095443193e-12,-5.878653030762998749e-02,4.718447854656915297e-16,2.690986403977232988e-12,-6.285007457389028829e-02,-3.608224830031758756e-16,-4.682369256104309337e-04,-5.782182394467253600e-02
2.357355916482812397e+00,3.053113317719180486e-16,2.458665520797213150e-12,-5.895868126643407509e-02,4.440892098500626162e-16,2.698597733621042882e-12,-6.303772591381624768e-02,-3.608224830031758756e-16,-4.337061174617121888e-04,-5.808383855071869162e-02
2.358315751953694139e+00,3.053113317719180486e-16,2.462387964632050362e-12,-5.912369732151526169e-02,4.163336342344337027e-16,2.705156524878001532e-12,-6.321775898205399258e-02,-3.330669073875469621e-16,-3.991003232221439255e-04,-5.833177697856213595e-02
2.359275587424575882e+00,3.053113317719180486e-16,2.465475931661483162e-12,-5.928156861136658906e-02,3.885780586188047891e-16,2.710743918422258217e-12,-6.339016697902193076e-02,-3.330669073875469621e-16,-3.644246413509070808e-04,-5.856561249968735700e-02
2.360235422895457624e+00,3.330669073875469621e-16,2.467983828505779589e-12,-5.943228498557875245e-02,3.885780586188047891e-16,2.715438835701640408e-12,-6.355494280416604247e-02,-3.330669073875469621e-16,-3.296841805801228593e-04,-5.878531872255608748e-02
2.361195258366339367e+00,3.330669073875469621e-16,2.469964777683259644e-12,-5.957583597036385237e-02,3.885780586188047891e-16,2.719317060753938947e-12,-6.371207908190577862e-02,-3.330669073875469621e-16,-2.948840591312165563e-04,-5.899086954499013769e-02
2.362155093837221109e+00,3.330669073875469621e-16,2.471469467339552917e-12,-5.971221075841755266e-02,3.885780586188047891e-16,2.722452800441596890e-12,-6.386156806481051162e-02,-3.330669073875469621e-16,-2.600294039328301639e-04,-5.918223922943424697e-02
2.363114929308102852e+00,3.330669073875469621e-16,2.472547215120980343e-12,-5.984139816362578357e-02,4.163336342344337027e-16,2.724917090335702771e-12,-6.400340162687907786e-02,-3.053113317719180486e-16,-2.251253498369629299e-04,-5.935940238949959785e-02
2.364074764778984594e+00,3.330669073875469621e-16,2.473243333902088240e-12,-5.996338655080161312e-02,4.163336342344337027e-16,2.726778863671570040e-12,-6.413757107963080628e-02,-3.608224830031758756e-16,-1.901770388163033672e-04,-5.952233391410091667e-02
2.365034600249866337e+00,3.053113317719180486e-16,2.473603358480055102e-12,-6.007816384026967715e-02,4.163336342344337027e-16,2.728103994201506663e-12,-6.426406731001747807e-02,-3.608224830031758756e-16,-1.551896191674533325e-04,-5.967100911391894080e-02
2.365994435720748079e+00,2.775557561562891351e-16,2.473668635921168202e-12,-6.018571739310005220e-02,4.163336342344337027e-16,2.728954822703397610e-12,-6.438288057399831066e-02,-3.053113317719180486e-16,-1.201682447070344942e-04,-5.980540354850009260e-02
2.366954271191629822e+00,2.775557561562891351e-16,2.473479300340534343e-12,-6.028603415193482112e-02,4.163336342344337027e-16,2.729390389067732400e-12,-6.449400058678723957e-02,-3.053113317719180486e-16,-8.511807397591021661e-05,-5.992549324938893640e-02
2.367914106662511564e+00,2.775557561562891351e-16,2.473071196478415432e-12,-6.037910043440636310e-02,3.885780586188047891e-16,2.729466971857592503e-12,-6.459741634485613448e-02,-3.053113317719180486e-16,-5.004426943570883506e-05,-6.003125451908214449e-02
2.368873942133393307e+00,3.330669073875469621e-16,2.472479101813559836e-12,-6.046490207514744475e-02,4.163336342344337027e-16,2.729236506051105869e-12,-6.469311611841316312e-02,-3.330669073875469621e-16,-1.495199665588175578e-05,-6.012266405267334413e-02
2.369833777604275049e+00,3.330669073875469621e-16,2.471734615757097825e-12,-6.054342429053020946e-02,3.885780586188047891e-16,2.728747986575040529e-12,-6.478108765787783663e-02,-3.053113317719180486e-16,2.015357647649599311e-05,-6.019969904387493381e-02
2.370793613075156792e+00,3.608224830031758756e-16,2.470866299412977866e-12,-6.061465194492830777e-02,3.885780586188047891e-16,2.728046040207255524e-12,-6.486131816684642670e-02,-3.053113317719180486e-16,5.526728056007725704e-05,-6.026233734578655132e-02
2.371753448546038534e+00,3.330669073875469621e-16,2.469900041496199839e-12,-6.067856946051735506e-02,3.885780586188047891e-16,2.727171332999548531e-12,-6.493379437865390291e-02,-3.053113317719180486e-16,9.038394545177884278e-05,-6.031055746938641937e-02
2.372713284016920277e+00,3.330669073875469621e-16,2.468858689449966509e-12,-6.073516091486030194e-02,3.885780586188047891e-16,2.726160455928207989e-12,-6.499850236898330191e-02,-2.775557561562891351e-16,1.254984010748502895e-04,-6.034433856337396984e-02
2.373673119487802019e+00,3.053113317719180486e-16,2.467762234098866024e-12,-6.078440997739741752e-02,3.885780586188047891e-16,2.725046030773131504e-12,-6.505542765553387619e-02,-2.775557561562891351e-16,1.606054781955899488e-04,-6.036366042139301724e-02
2.374632954958683762e+00,3.053113317719180486e-16,2.466627481423604856e-12,-6.082629983895231768e-02,3.885780586188047891e-16,2.723856161240476026e-12,-6.510455505024936862e-02,-2.775557561562891351e-16,1.957000092051600310e-04,-6.036850347866847682e-02
2.375592790429565504e+00,2.775557561562891351e-16,2.465468203332872414e-12,-6.086081329881803254e-02,3.885780586188047891e-16,2.722614405010570591e-12,-6.514586862086396701e-02,-2.775557561562891351e-16,2.307768288803713772e-04,-6.035884871989819628e-02
2.376552625900447246e+00,2.775557561562891351e-16,2.464295213896306293e-12,-6.088793268621631172e-02,3.885780586188047891e-16,2.721339968767252427e-12,-6.517935159950973001e-02,-2.775557561562891351e-16,2.658307751453527928e-04,-6.033467763212987944e-02
2.377512461371328989e+00,3.330669073875469621e-16,2.463115973250710317e-12,-6.090763997999747853e-02,3.885780586188047891e-16,2.720047458111389278e-12,-6.520498648521459717e-02,-2.775557561562891351e-16,3.008566898529113479e-04,-6.029597236055714987e-02
2.378472296842210731e+00,3.885780586188047891e-16,2.461934928213178452e-12,-6.091991675858839800e-02,4.163336342344337027e-16,2.718746723718520354e-12,-6.522275514725811574e-02,-2.775557561562891351e-16,3.358494195398122766e-04,-6.024271582501990879e-02
2.379432132313092474e+00,3.330669073875469621e-16,2.460753220226781573e-12,-6.092474420665693752e-02,3.885780586188047891e-16,2.717443052768302419e-12,-6.523263865619477464e-02,-2.775557561562891351e-16,3.708038162210951141e-04,-6.017489161863102953e-02
2.380391967783974216e+00,3.053113317719180486e-16,2.459568842048427814e-12,-6.092210312899548619e-02,3.885780586188047891e-16,2.716136844954407457e-12,-6.523461736687538592e-02,-2.775557561562891351e-16,4.057147381541135697e-04,-6.009248401029179676e-02
2.381351803254855959e+00,3.330669073875469621e-16,2.458376649951430964e-12,-6.091197392621055390e-02,3.885780586188047891e-16,2.714823783055782432e-12,-6.522867092809181422e-02,-3.053113317719180486e-16,4.405770506304547375e-04,-5.999547805346452239e-02
2.382311638725737701e+00,2.775557561562891351e-16,2.457168197786462147e-12,-6.089433667560017333e-02,3.885780586188047891e-16,2.713494655589125952e-12,-6.521477853800046465e-02,-2.775557561562891351e-16,4.753856267505688054e-04,-5.988385985179049686e-02
2.383271474196619444e+00,3.053113317719180486e-16,2.455931748217971260e-12,-6.086917099157387184e-02,3.885780586188047891e-16,2.712135486193170968e-12,-6.519291882836740493e-02,-2.498001805406602216e-16,5.101353481945252897e-04,-5.975761645776047487e-02
2.384231309667501186e+00,3.053113317719180486e-16,2.454652702633112376e-12,-6.083645619513818742e-02,3.885780586188047891e-16,2.710727474124620222e-12,-6.516306992445289326e-02,-2.775557561562891351e-16,5.448211060027553137e-04,-5.961673592100866920e-02
2.385191145138382929e+00,3.053113317719180486e-16,2.453312853635167788e-12,-6.079617127034697005e-02,3.608224830031758756e-16,2.709246845709743128e-12,-6.512520936962477858e-02,-2.498001805406602216e-16,5.794378013293398268e-04,-5.946120728153597018e-02
2.386150980609264671e+00,3.330669073875469621e-16,2.451891542514070439e-12,-6.074829506833166054e-02,3.608224830031758756e-16,2.707665115018765287e-12,-6.507931432307516306e-02,-2.220446049250313081e-16,6.139803462236657038e-04,-5.929102078165126438e-02
2.387110816080146414e+00,3.330669073875469621e-16,2.450363977886003616e-12,-6.069280637105145537e-02,3.330669073875469621e-16,2.705948971634002977e-12,-6.502536161694157102e-02,-2.498001805406602216e-16,6.484436643701734166e-04,-5.910616796235485665e-02
2.388070651551028156e+00,2.775557561562891351e-16,2.448703295254012202e-12,-6.062968394359150720e-02,3.885780586188047891e-16,2.704060197428876083e-12,-6.496332775760250977e-02,-2.498001805406602216e-16,6.828226918589642459e-04,-5.890664157103464582e-02
2.389030487021909899e+00,3.053113317719180486e-16,2.446878949762985259e-12,-6.055890661360675831e-02,3.608224830031758756e-16,2.701956420850747630e-12,-6.489318882223481244e-02,-2.220446049250313081e-16,7.171123779318923797e-04,-5.869243561939509191e-02
2.389990322492791641e+00,3.053113317719180486e-16,2.444857643700733274e-12,-6.048045327092990697e-02,3.885780586188047891e-16,2.699589842983371110e-12,-6.481492046266897067e-02,-2.220446049250313081e-16,7.513076857569407022e-04,-5.846354531808456434e-02
2.390950157963673384e+00,3.053113317719180486e-16,2.442603241794693431e-12,-6.039430299157478449e-02,3.885780586188047891e-16,2.696908482261806475e-12,-6.472849804469663071e-02,-2.498001805406602216e-16,7.854035931961904663e-04,-5.821996727040930353e-02
2.391909993434555126e+00,3.330669073875469621e-16,2.440076586558747110e-12,-6.030043498783929645e-02,3.885780586188047891e-16,2.693855562067599269e-12,-6.463389661063981273e-02,-2.775557561562891351e-16,8.193950935686854578e-04,-5.796169937128266975e-02
2.392869828905436869e+00,3.053113317719180486e-16,2.437235586384646404e-12,-6.019882854495152424e-02,3.885780586188047891e-16,2.690370589001722483e-12,-6.453109079679716920e-02,-2.220446049250313081e-16,8.532771963994026506e-04,-5.768874082054017971e-02
2.393829664376318611e+00,3.053113317719180486e-16,2.434035230788607167e-12,-6.008946304830960206e-02,3.885780586188047891e-16,2.686387986620432638e-12,-6.442005490052386818e-02,-2.220446049250313081e-16,8.870449281523345303e-04,-5.740109222303451525e-02
2.394789499847200354e+00,3.330669073875469621e-16,2.430428469631508263e-12,-5.997231803134397271e-02,3.885780586188047891e-16,2.681837479141194885e-12,-6.430076293714345748e-02,-2.220446049250313081e-16,9.206933329743577105e-04,-5.709875559248873272e-02
2.395749335318082096e+00,2.775557561562891351e-16,2.426364854478044175e-12,-5.984737346762475374e-02,3.885780586188047891e-16,2.676646493628121425e-12,-6.417318900709460816e-02,-2.775557561562891351e-16,9.542174734292862680e-04,-5.678173469487924480e-02
2.396709170788963839e+00,3.053113317719180486e-16,2.421792009892954380e-12,-5.971460967645674661e-02,4.163336342344337027e-16,2.670736233147228030e-12,-6.403730722321201996e-02,-2.220446049250313081e-16,9.876124312376251616e-04,-5.645003496126954623e-02
2.397669006259845581e+00,2.775557561562891351e-16,2.416654621236651382e-12,-5.957400757006975356e-02,4.163336342344337027e-16,2.664026199075339441e-12,-6.389309194664349878e-02,-2.220446049250313081e-16,1.020873308012688104e-03,-5.610366378790049985e-02
2.398628841730727324e+00,2.775557561562891351e-16,2.410894803971585718e-12,-5.942554851663908733e-02,4.163336342344337027e-16,2.656430646267205105e-12,-6.374051776890264642e-02,-2.220446049250313081e-16,1.053995225984798428e-03,-5.574263039796988756e-02
2.399588677201609066e+00,2.498001805406602216e-16,2.404452549201576209e-12,-5.926921474505602444e-02,4.163336342344337027e-16,2.647860063669090977e-12,-6.357955972041719195e-02,-2.775557561562891351e-16,1.086973328741785072e-03,-5.536694613565592421e-02
2.400548512672490808e+00,2.498001805406602216e-16,2.397266480919264808e-12,-5.910498925877211845e-02,3.885780586188047891e-16,2.638222898877860129e-12,-6.341019341577036617e-02,-2.220446049250313081e-16,1.119802781948145594e-03,-5.497662452071808842e-02
2.401508348143372551e+00,2.775557561562891351e-16,2.389272241561319135e-12,-5.893285586384672259e-02,3.885780586188047891e-16,2.627422847635541535e-12,-6.323239483918721704e-02,-2.220446049250313081e-16,1.152478774091114742e-03,-5.457168117150976161e-02
2.402468183614254293e+00,2.498001805406602216e-16,2.380402793552161694e-12,-5.875279913011548921e-02,3.885780586188047891e-16,2.615361540617838765e-12,-6.304614063333903451e-02,-2.220446049250313081e-16,1.184996517197418149e-03,-5.415213392945629478e-02
2.403428019085136036e+00,2.498001805406602216e-16,2.370589183327688303e-12,-5.856480445951404989e-02,3.885780586188047891e-16,2.601936259833304184e-12,-6.285140795236715539e-02,-2.220446049250313081e-16,1.217351247570518319e-03,-5.371800283173620849e-02
2.404387854556017778e+00,2.775557561562891351e-16,2.359762657223570329e-12,-5.836885831478567238e-02,3.885780586188047891e-16,2.587042948978433496e-12,-6.264817474931194674e-02,-2.775557561562891351e-16,1.249538226499924626e-03,-5.326931027768248839e-02
2.405347690026899521e+00,2.775557561562891351e-16,2.347850978576000031e-12,-5.816494811680192334e-02,3.608224830031758756e-16,2.570573850215742903e-12,-6.243641964827412877e-02,-2.775557561562891351e-16,1.281552740986581810e-03,-5.280608094657340129e-02
2.406307525497781263e+00,2.775557561562891351e-16,2.334779918499677726e-12,-5.795306233691133180e-02,3.885780586188047891e-16,2.552418634115720744e-12,-6.221612196179678034e-02,-2.775557561562891351e-16,1.313390104472273280e-03,-5.232834174986560061e-02
2.407267360968663006e+00,2.775557561562891351e-16,2.320474152048669983e-12,-5.773319048397823616e-02,3.885780586188047891e-16,2.532466185202280305e-12,-6.198726188849119911e-02,-2.775557561562891351e-16,1.345045657548532992e-03,-5.183612196781639536e-02
2.408227196439544748e+00,2.775557561562891351e-16,2.304856910932901251e-12,-5.750532335158972663e-02,3.885780586188047891e-16,2.510600634450434882e-12,-6.174982065815875359e-02,-2.775557561562891351e-16,1.376514768677972091e-03,-5.132945341621093088e-02
2.409187031910426491e+00,2.775557561562891351e-16,2.287849726020137892e-12,-5.726945311840361819e-02,3.885780586188047891e-16,2.486706698981997268e-12,-6.150378077706034063e-02,-2.498001805406602216e-16,1.407792834873754489e-03,-5.080837055381125233e-02
2.410146867381308233e+00,3.330669073875469621e-16,2.269372600130709419e-12,-5.702557325259936111e-02,4.163336342344337027e-16,2.460664755721958530e-12,-6.124912585782788660e-02,-2.775557561562891351e-16,1.438875282398077195e-03,-5.027291034570724459e-02
2.411106702852189976e+00,3.330669073875469621e-16,2.249344451882772863e-12,-5.677367855732084329e-02,3.885780586188047891e-16,2.432356030322322879e-12,-6.098584078068877701e-02,-2.220446049250313081e-16,1.469757567422381788e-03,-4.972311228755614543e-02
2.412066538323071718e+00,3.330669073875469621e-16,2.227682980167041207e-12,-5.651376505372010528e-02,4.163336342344337027e-16,2.401660156013153691e-12,-6.071391159155364176e-02,-2.220446049250313081e-16,1.500435176693043493e-03,-4.915901839182047761e-02
2.413026373793953461e+00,3.608224830031758756e-16,2.204306209134879180e-12,-5.624583021416464795e-02,3.608224830031758756e-16,2.368452629115599950e-12,-6.043332576603527295e-02,-2.775557561562891351e-16,1.530903628192430707e-03,-4.858067335014666643e-02
2.413986209264835203e+00,3.608224830031758756e-16,2.179128662997513455e-12,-5.596987293205998859e-02,3.885780586188047891e-16,2.332612130794692318e-12,-6.014407222559405020e-02,-2.775557561562891351e-16,1.561158471789187785e-03,-4.798812455345174283e-02
2.414946044735716946e+00,3.330669073875469621e-16,2.152065387738466215e-12,-5.568589354756496579e-02,3.330669073875469621e-16,2.294012859717104585e-12,-5.984614137431795711e-02,-2.775557561562891351e-16,1.591195289921836864e-03,-4.738142210288989048e-02
2.415905880206598688e+00,3.885780586188047891e-16,2.123031371743019230e-12,-5.539389378068317049e-02,3.885780586188047891e-16,2.252530590030792437e-12,-5.953952503013957426e-02,-2.775557561562891351e-16,1.621009698245945299e-03,-4.676061873185092393e-02
2.416865715677480431e+00,3.330669073875469621e-16,2.091939645056280217e-12,-5.509387676824097080e-02,3.608224830031758756e-16,2.208038608994978419e-12,-5.922421647525736438e-02,-2.220446049250313081e-16,1.650597346316115934e-03,-4.612576982684042648e-02
2.417825551148362173e+00,3.330669073875469621e-16,2.058703244499620472e-12,-5.478584707012860294e-02,3.885780586188047891e-16,2.160412955031897758e-12,-5.890021056606357941e-02,-2.220446049250313081e-16,1.679953918231008895e-03,-4.547693354288894624e-02
2.418785386619243916e+00,3.330669073875469621e-16,2.023234051541471235e-12,-5.446981068628613948e-02,3.330669073875469621e-16,2.109525766824096524e-12,-5.856750373317373692e-02,-2.220446049250313081e-16,1.709075133302169220e-03,-4.481417068765600892e-02
2.419745222090125658e+00,3.330669073875469621e-16,1.985444740473102376e-12,-5.414577509630662255e-02,3.330669073875469621e-16,2.055252611843491270e-12,-5.822609395686728639e-02,-2.498001805406602216e-16,1.737956746689246377e-03,-4.413754471737854623e-02
2.420705057561007401e+00,3.330669073875469621e-16,1.945247423155906791e-12,-5.381374929029367205e-02,3.330669073875469621e-16,1.997465273018790219e-12,-5.787598082630264484e-02,-2.220446049250313081e-16,1.766594550038295963e-03,-4.344712163553764855e-02
2.421664893031889143e+00,3.330669073875469621e-16,1.902553096755918785e-12,-5.347374379418769891e-02,3.330669073875469621e-16,1.936038962068072078e-12,-5.751716557548653547e-02,-2.775557561562891351e-16,1.794984372100585489e-03,-4.274297008452231095e-02
2.422624728502770886e+00,3.885780586188047891e-16,1.857275099638238877e-12,-5.312577076157068423e-02,3.330669073875469621e-16,1.870849548006982624e-12,-5.714965121495708261e-02,-2.775557561562891351e-16,1.823122079334328974e-03,-4.202516129965790798e-02
2.423584563973652628e+00,3.885780586188047891e-16,1.809322785724983701e-12,-5.276984392137386987e-02,3.053113317719180486e-16,1.801770531547047111e-12,-5.677344244060071599e-02,-2.775557561562891351e-16,1.851003576508808077e-03,-4.129376903036186680e-02
2.424544399444534371e+00,3.885780586188047891e-16,1.758608365133368032e-12,-5.240597870412070508e-02,2.775557561562891351e-16,1.728679157285417656e-12,-5.638854576788975004e-02,-2.498001805406602216e-16,1.878624807291340943e-03,-4.054886960639466492e-02
2.425504234915416113e+00,3.885780586188047891e-16,1.705043529596442925e-12,-5.203419219057034417e-02,3.330669073875469621e-16,1.651453638824938036e-12,-5.599496960708408300e-02,-2.498001805406602216e-16,1.905981754824166881e-03,-3.979054186687847050e-02
2.426464070386297855e+00,3.885780586188047891e-16,1.648539777723747463e-12,-5.165450322311335163e-02,3.330669073875469621e-16,1.569971830626482392e-12,-5.559272431176896789e-02,-2.220446049250313081e-16,1.933070442291372421e-03,-3.901886724390524197e-02
2.427423905857179598e+00,3.885780586188047891e-16,1.589012579015277454e-12,-5.126693222264861599e-02,3.330669073875469621e-16,1.484113647135052588e-12,-5.518182192201007835e-02,-2.498001805406602216e-16,1.959886933484058374e-03,-3.823392936904536354e-02
2.428383741328061340e+00,3.885780586188047891e-16,1.526371409365893939e-12,-5.087150121370969530e-02,3.330669073875469621e-16,1.393760541007482701e-12,-5.476227618288875831e-02,-2.498001805406602216e-16,1.986427333370670290e-03,-3.743581416039544474e-02
2.429343576798943083e+00,3.330669073875469621e-16,1.460533578031154162e-12,-5.046823366112865306e-02,3.053113317719180486e-16,1.298797014219216922e-12,-5.433410267913816455e-02,-2.220446049250313081e-16,2.012687788642259987e-03,-3.662460968774094994e-02
2.430303412269824825e+00,3.885780586188047891e-16,1.391410898716853584e-12,-5.005715457972016724e-02,2.775557561562891351e-16,1.199106569246821685e-12,-5.389731875107664494e-02,-2.775557561562891351e-16,2.038664488262077398e-03,-3.580040616109813473e-02
2.431263247740706568e+00,3.330669073875469621e-16,1.318919891243842610e-12,-4.963829047741915440e-02,2.775557561562891351e-16,1.094576557484575746e-12,-5.345194372967845137e-02,-2.220446049250313081e-16,2.064353663991044113e-03,-3.496329600236120633e-02
2.432223083211588310e+00,3.608224830031758756e-16,1.242977820821965229e-12,-4.921166945515590557e-02,2.498001805406602216e-16,9.850959871232026904e-13,-5.299799884748619683e-02,-2.498001805406602216e-16,2.089751590947962374e-03,-3.411337381700949023e-02
2.433182918682470053e+00,3.330669073875469621e-16,1.163500533033845832e-12,-4.877732116199169632e-02,1.942890293094023946e-16,8.705566209045705744e-13,-5.253550751320271162e-02,-2.775557561562891351e-16,2.114854588140474036e-03,-3.325073648713768037e-02
2.434142754153351795e+00,3.885780586188047891e-16,1.080408264480907377e-12,-4.833527675214360775e-02,2.220446049250313081e-16,7.508519562940234315e-13,-5.206449522746714464e-02,-2.775557561562891351e-16,2.139659019002727695e-03,-3.237548305957502204e-02
2.435102589624233538e+00,3.885780586188047891e-16,9.936209773258979083e-13,-4.788556898541188045e-02,2.220446049250313081e-16,6.258772729142263180e-13,-5.158498969212739482e-02,-2.775557561562891351e-16,2.164161291907275211e-03,-3.148771478505940635e-02
2.436062425095115280e+00,3.608224830031758756e-16,9.030616559451212777e-13,-4.742823215937812947e-02,2.220446049250313081e-16,4.955330647226675878e-13,-5.109702084791077625e-02,-2.775557561562891351e-16,2.188357860669588265e-03,-3.058753510697881026e-02
2.437022260565997023e+00,3.330669073875469621e-16,8.086503878622017250e-13,-4.696330222014882122e-02,2.220446049250313081e-16,3.597201746544098633e-13,-5.060062085234683094e-02,-2.775557561562891351e-16,2.212245225047540335e-03,-2.967504960840594216e-02
2.437982096036878765e+00,3.330669073875469621e-16,7.103150092581649727e-13,-4.649081669764197622e-02,2.220446049250313081e-16,2.183429659134445561e-13,-5.009582421836596133e-02,-2.775557561562891351e-16,2.235819931210088641e-03,-2.875036599963684894e-02
2.438941931507760508e+00,3.885780586188047891e-16,6.079813098824361772e-13,-4.601081476593477104e-02,1.942890293094023946e-16,7.131110751814467852e-14,-4.958266761526232413e-02,-2.775557561562891351e-16,2.259078572218195437e-03,-2.781359404407423089e-02
2.439901766978642250e+00,3.885780586188047891e-16,5.015776883459180380e-13,-4.552333730506542137e-02,2.498001805406602216e-16,-8.146627361420299973e-14,-4.906118995470135774e-02,-2.775557561562891351e-16,2.282017788467340796e-03,-2.686484547908484649e-02
2.440861602449523993e+00,3.608224830031758756e-16,3.910357755372399768e-13,-4.502842695352141794e-02,2.498001805406602216e-16,-2.400751581040083682e-13,-4.853143229447511031e-02,-3.053113317719180486e-16,2.304634268149932663e-03,-2.590423394480423011e-02
2.441821437920405735e+00,3.330669073875469621e-16,2.762870905366823782e-13,-4.452612814443317191e-02,2.498001805406602216e-16,-4.045944352118469034e-13,-4.799343800309423258e-02,-3.053113317719180486e-16,2.326924747691995737e-03,-2.493187502610730646e-02
2.442781273391287478e+00,3.885780586188047891e-16,1.572689461298848457e-13,-4.401648690434173394e-02,2.775557561562891351e-16,-5.751053658905463939e-13,-4.744725265074337811e-02,-3.053113317719180486e-16,2.348886012190390740e-03,-2.394788623585322046e-02
2.443741108862169220e+00,3.885780586188047891e-16,3.391750991394229531e-14,-4.349955099826365718e-02,2.498001805406602216e-16,-7.516803341876474032e-13,-4.689292402427246848e-02,-3.053113317719180486e-16,2.370514895857569766e-03,-2.295238692714662854e-02
2.444700944333050963e+00,3.608224830031758756e-16,-9.382498575814801622e-14,-4.297536976682735099e-02,2.498001805406602216e-16,-9.343885799643902867e-13,-4.633050200524675005e-02,-2.775557561562891351e-16,2.391808282438079043e-03,-2.194549812281561610e-02
2.445660779803932705e+00,3.885780586188047891e-16,-2.260169726072194796e-13,-4.244399414197205095e-02,2.498001805406602216e-16,-1.123297947171718325e-12,-4.576003866602934567e-02,-3.053113317719180486e-16,2.412763105652488554e-03,-2.092734260899451609e-02
2.446620615274814448e+00,3.330669073875469621e-16,-3.627117188412590232e-13,-4.190547657079729538e-02,2.498001805406602216e-16,-1.318471509271015862e-12,-4.518158840854108460e-02,-3.330669073875469621e-16,2.433376349582891396e-03,-1.989804509288040785e-02
2.447580450745696190e+00,3.885780586188047891e-16,-5.039606969584053964e-13,-4.135987102877072830e-02,2.498001805406602216e-16,-1.519963462818380018e-12,-4.459520793890035112e-02,-3.053113317719180486e-16,2.453645049083191462e-03,-1.885773210742170206e-02
2.448540286216577933e+00,3.885780586188047891e-16,-6.498096467378103314e-13,-4.080723302031966787e-02,2.775557561562891351e-16,-1.727830755532920592e-12,-4.400095617324253222e-02,-3.053113317719180486e-16,2.473566290139552534e-03,-1.780653193874965137e-02
2.449500121687459675e+00,3.885780586188047891e-16,-8.003059884719929129e-13,-4.024761966638876892e-02,2.775557561562891351e-16,-1.942117690625910775e-12,-4.339889436856458199e-02,-3.330669073875469621e-16,2.493137210265799434e-03,-1.674457465416684041e-02
2.450459957158341417e+00,3.885780586188047891e-16,-9.554861513539486539e-13,-3.968108982876292906e-02,2.775557561562891351e-16,-2.162871945887885616e-12,-4.278908628890941424e-02,-3.330669073875469621e-16,2.512354998886039484e-03,-1.567199233409243692e-02
2.451419792629223160e+00,3.885780586188047891e-16,-1.115390318626695298e-12,-3.910770411113322076e-02,2.775557561562891351e-16,-2.390130201233593016e-12,-4.217159817721799486e-02,-3.330669073875469621e-16,2.531216897716050563e-03,-1.458891893341031538e-02
2.452379628100104902e+00,3.608224830031758756e-16,-1.280050528464429793e-12,-3.852752483518461640e-02,2.775557561562891351e-16,-2.623928323426151510e-12,-4.154649862417117423e-02,-3.608224830031758756e-16,2.549720201134928269e-03,-1.349549018472157892e-02
2.453339463570986645e+00,4.163336342344337027e-16,-1.449495200516598414e-12,-3.794061599424281700e-02,2.775557561562891351e-16,-2.864293871529532964e-12,-4.091385844486124940e-02,-3.608224830031758756e-16,2.567862256545276091e-03,-1.239184345721229367e-02
2.454299299041868387e+00,4.163336342344337027e-16,-1.623751710888056421e-12,-3.734704319607224515e-02,2.775557561562891351e-16,-3.111248631231140760e-12,-4.027375063703851621e-02,-4.163336342344337027e-16,2.585640464740703547e-03,-1.127811772584179188e-02
2.455259134512750130e+00,4.440892098500626162e-16,-1.802839737848234425e-12,-3.674687378492138418e-02,2.775557561562891351e-16,-3.364814001971354329e-12,-3.962625045532859602e-02,-4.163336342344337027e-16,2.603052280256526116e-03,-1.015445366421108796e-02
2.456218969983631872e+00,4.163336342344337027e-16,-1.986776777709690911e-12,-3.614017658858898613e-02,2.775557561562891351e-16,-3.625001029059805868e-12,-3.897143521229908675e-02,-4.163336342344337027e-16,2.620095211717875672e-03,-9.020993327681253379e-03
2.457178805454513615e+00,4.718447854656915297e-16,-2.175574973536757717e-12,-3.552702200123931259e-02,2.775557561562891351e-16,-3.891818508086619666e-12,-3.830938427610103281e-02,-3.608224830031758756e-16,2.636766822176607634e-03,-7.877880278692978716e-03
2.458138640925395357e+00,4.718447854656915297e-16,-2.369241237118284438e-12,-3.490748180673495377e-02,2.775557561562891351e-16,-4.165265666557747826e-12,-3.764017901455675441e-02,-3.608224830031758756e-16,2.653064729430812743e-03,-6.725259403590064938e-03
2.459098476396277100e+00,4.718447854656915297e-16,-2.567782304060267640e-12,-3.428162946465262290e-02,2.775557561562891351e-16,-4.445340552909279874e-12,-3.696390288034640675e-02,-3.330669073875469621e-16,2.668986606350928163e-03,-5.563277068936244019e-03
2.460058311867158842e+00,4.718447854656915297e-16,-2.771195314779477392e-12,-3.364953998916677541e-02,3.053113317719180486e-16,-4.732032704590251326e-12,-3.628064149698254082e-02,-3.330669073875469621e-16,2.684530181178819419e-03,-4.392081078780828152e-03
2.461018147338040585e+00,4.440892098500626162e-16,-2.979473574327498597e-12,-3.301128994518563731e-02,3.053113317719180486e-16,-5.025325119955344894e-12,-3.559048250214665726e-02,-3.053113317719180486e-16,2.699693237847737570e-03,-3.211820643514993242e-03
2.461977982808922327e+00,4.718447854656915297e-16,-3.192607094491817232e-12,-3.236695744046648449e-02,3.330669073875469621e-16,-5.325193438336997542e-12,-3.489351574714814191e-02,-2.775557561562891351e-16,2.714473616268486128e-03,-2.022646490815666227e-03
2.462937818279804070e+00,4.718447854656915297e-16,-3.410582051694734107e-12,-3.171662214689925652e-02,3.053113317719180486e-16,-5.631611645659333198e-12,-3.418983322688037840e-02,-2.775557561562891351e-16,2.728869212620672023e-03,-8.247108650008866566e-04
2.463897653750685812e+00,4.718447854656915297e-16,-3.633377968067716401e-12,-3.106036544233938684e-02,3.330669073875469621e-16,-5.944542221750920286e-12,-3.347952932212832494e-02,-3.053113317719180486e-16,2.742877979612137404e-03,3.818322593300095872e-04
2.464857489221567555e+00,4.440892098500626162e-16,-3.860965407521781134e-12,-3.039827018449101428e-02,3.330669073875469621e-16,-6.263943011476039852e-12,-3.276270047067000174e-02,-3.053113317719180486e-16,2.756497926747614961e-03,1.596827443985280714e-03
2.465817324692449297e+00,4.440892098500626162e-16,-4.093315808105946890e-12,-2.973042077985298126e-02,3.330669073875469621e-16,-6.589768729065199893e-12,-3.203944514516655906e-02,-3.053113317719180486e-16,2.769727120588282021e-03,2.820117759539285222e-03
2.466777160163331040e+00,4.163336342344337027e-16,-4.330391785174053654e-12,-2.905690298112481931e-02,3.330669073875469621e-16,-6.921960644641969584e-12,-3.130986380663473151e-02,-3.053113317719180486e-16,2.782563685001381189e-03,4.051544789764628500e-03
2.467736995634212782e+00,4.718447854656915297e-16,-4.572152179701128444e-12,-2.837780415511815743e-02,3.330669073875469621e-16,-7.260460868586601779e-12,-3.057405898273014497e-02,-3.330669073875469621e-16,2.795005801422754260e-03,5.290948446152476253e-03
2.468696831105094525e+00,4.718447854656915297e-16,-4.818548737914232077e-12,-2.769321332101514280e-02,3.608224830031758756e-16,-7.605202099049239439e-12,-2.983213540494605506e-02,-3.053113317719180486e-16,2.807051709097428856e-03,6.538166909782440993e-03
2.469656666575976267e+00,4.718447854656915297e-16,-5.069527629175500649e-12,-2.700322107533173477e-02,3.608224830031758756e-16,-7.956108658718243076e-12,-2.908419966082491370e-02,-3.330669073875469621e-16,2.818699705337699302e-03,7.793036789146753733e-03
2.470616502046858010e+00,4.718447854656915297e-16,-5.325033891211052722e-12,-2.630791961225855888e-02,3.885780586188047891e-16,-8.313104788966810266e-12,-2.833036038574146195e-02,-3.608224830031758756e-16,2.829948145743856752e-03,9.055393014633582663e-03
2.471576337517739752e+00,4.996003610813204432e-16,-5.585004287929178080e-12,-2.560740256205710705e-02,3.608224830031758756e-16,-8.676100636539896271e-12,-2.757072799325752110e-02,-3.608224830031758756e-16,2.840795444424597509e-03,1.032506893120632360e-02
2.472536172988621495e+00,4.718447854656915297e-16,-5.849370636565754539e-12,-2.490176529437335140e-02,3.608224830031758756e-16,-9.045002099465192930e-12,-2.680541495484594847e-02,-3.608224830031758756e-16,2.851240074191554487e-03,1.160189616355834612e-02
2.473496008459503237e+00,4.718447854656915297e-16,-6.118057578293530779e-12,-2.419110478410298540e-02,3.330669073875469621e-16,-9.419714886035011892e-12,-2.603453567283728690e-02,-3.885780586188047891e-16,2.861280566728542467e-03,1.288570458488876372e-02
2.474455843930384980e+00,4.996003610813204432e-16,-6.390988581991656481e-12,-2.347551973379314455e-02,3.330669073875469621e-16,-9.800129349528396983e-12,-2.525820645801306677e-02,-3.608224830031758756e-16,2.870915512767844169e-03,1.417632237673316538e-02
2.475415679401266722e+00,4.718447854656915297e-16,-6.668082678086637710e-12,-2.275511038730792385e-02,3.330669073875469621e-16,-1.018613339021697678e-11,-2.447654545741955595e-02,-3.885780586188047891e-16,2.880143562216713662e-03,1.547357603431540225e-02
2.476375514872148464e+00,4.996003610813204432e-16,-6.949249959113321107e-12,-2.202997864660637128e-02,3.608224830031758756e-16,-1.057760790849210375e-11,-2.368967265505335373e-02,-3.885780586188047891e-16,2.888963424317265820e-03,1.677729034892665866e-02
2.477335350343030207e+00,4.996003610813204432e-16,-7.234396404414561443e-12,-2.130022809023719016e-02,3.330669073875469621e-16,-1.097442729953209545e-11,-2.289770998017674405e-02,-3.608224830031758756e-16,2.897373867751186841e-03,1.808728824600486923e-02
2.478295185813911949e+00,4.718447854656915297e-16,-7.523423642971996395e-12,-2.056596385814737568e-02,3.608224830031758756e-16,-1.137646349195532702e-11,-2.210078116006482934e-02,-3.053113317719180486e-16,2.905373720781779471e-03,1.940339084598232886e-02
2.479255021284793692e+00,5.273559366969493567e-16,-7.816230105370854803e-12,-1.982729266735321766e-02,3.608224830031758756e-16,-1.178357395383369810e-11,-2.129901175141965877e-02,-3.053113317719180486e-16,2.912961871363886797e-03,2.072541739448166900e-02
2.480214856755675434e+00,5.273559366969493567e-16,-8.112706293967979210e-12,-1.908432273326941819e-02,3.885780586188047891e-16,-1.219561903992739255e-11,-2.049252903599056014e-02,-3.053113317719180486e-16,2.920137267269279358e-03,2.205318538494062397e-02
2.481174692226557177e+00,5.273559366969493567e-16,-8.412742521384831973e-12,-1.833716380616965541e-02,3.608224830031758756e-16,-1.261244776153136460e-11,-1.968146200633474549e-02,-3.053113317719180486e-16,2.926898916192371795e-03,2.338651047221824639e-02
2.482134527697438919e+00,5.551115123125782702e-16,-8.716221050041744745e-12,-1.758592709551220351e-02,3.885780586188047891e-16,-1.303390763238631775e-11,-1.886594128790138047e-02,-3.053113317719180486e-16,2.933245885852726366e-03,2.472520651411887899e-02
2.483094363168320662e+00,5.273559366969493567e-16,-9.023021750338006131e-12,-1.683072515613880452e-02,3.885780586188047891e-16,-1.345983915957641580e-11,-1.804609902498215124e-02,-3.608224830031758756e-16,2.939177304103143557e-03,2.606908563736719947e-02
2.484054198639202404e+00,5.273559366969493567e-16,-9.333022812159537385e-12,-1.607167202269905656e-02,3.608224830031758756e-16,-1.389007882508525721e-11,-1.722206900427373025e-02,-3.608224830031758756e-16,2.944692359012330771e-03,2.741795818454105874e-02
2.485014034110084147e+00,5.273559366969493567e-16,-9.646092206786784085e-12,-1.530888320545191125e-02,3.330669073875469621e-16,-1.432445618555506367e-11,-1.639398671763433665e-02,-3.608224830031758756e-16,2.949790298943120569e-03,2.877163262304323690e-02
2.485973869580965889e+00,5.273559366969493567e-16,-9.962100372060134212e-12,-1.454247588553429955e-02,3.330669073875469621e-16,-1.476280276952075809e-11,-1.556198942105186701e-02,-3.608224830031758756e-16,2.954470432618296928e-03,3.012991534699314966e-02
2.486933705051847632e+00,5.273559366969493567e-16,-1.028091320572337847e-11,-1.377256880119103952e-02,3.330669073875469621e-16,-1.520493555010309777e-11,-1.472621606793797847e-02,-3.608224830031758756e-16,2.958732129183688428e-03,3.149261087185967201e-02
2.487893540522729374e+00,5.273559366969493567e-16,-1.060239274305006807e-11,-1.299928237288725322e-02,3.330669073875469621e-16,-1.565067477335814819e-11,-1.388680726203466581e-02,-3.885780586188047891e-16,2.962574818272454072e-03,3.285952174309507423e-02
2.488853375993611117e+00,5.273559366969493567e-16,-1.092640015195201625e-11,-1.222273856027699182e-02,3.608224830031758756e-16,-1.609983327210962045e-11,-1.304390521076362504e-02,-3.608224830031758756e-16,2.965997990033760433e-03,3.423044870281109764e-02
2.489813211464492859e+00,5.273559366969493567e-16,-1.125279126064533675e-11,-1.144306098895356977e-02,3.330669073875469621e-16,-1.655222087729646060e-11,-1.219765366067789535e-02,-3.330669073875469621e-16,2.969001195162094143e-03,3.560519059917253981e-02
2.490773046935374602e+00,5.551115123125782702e-16,-1.158142063696111779e-11,-1.066037488100925017e-02,3.608224830031758756e-16,-1.700764807037891818e-11,-1.134819794024946420e-02,-3.330669073875469621e-16,2.971584044894509755e-03,3.698354446652624139e-02
2.491732882406256344e+00,5.273559366969493567e-16,-1.191214238794452429e-11,-9.874807052229936724e-03,3.885780586188047891e-16,-1.746591432138892841e-11,-1.049568474042007066e-02,-3.608224830031758756e-16,2.973746211029366492e-03,3.836530563155050866e-02
2.492692717877138087e+00,5.273559366969493567e-16,-1.224480789658276281e-11,-9.086485943935981510e-03,3.330669073875469621e-16,-1.792682195994165645e-11,-9.640262235276631647e-03,-4.163336342344337027e-16,2.975487425920433655e-03,3.975026759262580839e-02
2.493652553348019829e+00,5.273559366969493567e-16,-1.257926527292773169e-11,-8.295541545444701584e-03,3.885780586188047891e-16,-1.839016811825810310e-11,-8.782079924206188937e-03,-4.163336342344337027e-16,2.976807482477888955e-03,4.113822217258720354e-02
2.494612388818901572e+00,5.273559366969493567e-16,-1.291536249150605775e-11,-7.502105484702893505e-03,3.885780586188047891e-16,-1.885575052487046405e-11,-7.921288795222348328e-03,-3.885780586188047891e-16,2.977706234158445774e-03,4.252895934434057501e-02
2.495572224289783314e+00,5.273559366969493567e-16,-1.325294958682849550e-11,-6.706310941182889486e-03,3.608224830031758756e-16,-1.932336401484638713e-11,-7.058041271361652040e-03,-3.885780586188047891e-16,2.978183594952975473e-03,4.392226733841714942e-02
2.496532059760665057e+00,5.273559366969493567e-16,-1.359187167383844180e-11,-5.908292720704481221e-03,3.608224830031758756e-16,-1.979280182405531580e-11,-6.192491252125995917e-03,-3.608224830031758756e-16,2.978239539377240501e-03,4.531793246852760387e-02
2.497491895231546799e+00,5.273559366969493567e-16,-1.393197557509771520e-11,-5.108187070782150251e-03,3.330669073875469621e-16,-2.026385098130925599e-11,-5.324794224073116714e-03,-3.885780586188047891e-16,2.977874102452999355e-03,4.671573910999292367e-02
2.498451730702428542e+00,5.273559366969493567e-16,-1.427310525358490428e-11,-4.306131774721005598e-03,3.330669073875469621e-16,-2.073630931678435707e-11,-4.455107140866525726e-03,-4.163336342344337027e-16,2.977087379691961255e-03,4.811546973484481099e-02
2.499411566173310284e+00,5.273559366969493567e-16,-1.461510743699413750e-11,-3.502266116788294286e-03,3.053113317719180486e-16,-2.120996145371905478e-11,-3.583588591279381758e-03,-3.885780586188047891e-16,2.975879527047686161e-03,4.951690487803981494e-02
2.500371401644192026e+00,5.273559366969493567e-16,-1.495782531580995556e-11,-2.696730951647354716e-03,3.330669073875469621e-16,-2.168460234237747780e-11,-2.710398621715802685e-03,-3.608224830031758756e-16,2.974250760876806336e-03,5.091982309443985472e-02
2.501331237115073769e+00,5.273559366969493567e-16,-1.530110723047721846e-11,-1.889668742573938484e-03,3.330669073875469621e-16,-2.216001960110656338e-11,-1.835698944023227619e-03,-3.608224830031758756e-16,2.972201357871375165e-03,5.232400087957402718e-02
2.502291072585955511e+00,4.718447854656915297e-16,-1.564480150788825907e-11,-1.081223514049939631e-03,3.330669073875469621e-16,-2.263600880358668938e-11,-9.596528391707718998e-04,-3.608224830031758756e-16,2.969731654983284817e-03,5.372921270240003239e-02
2.503250908056837254e+00,4.718447854656915297e-16,-1.598875143339530819e-11,-2.715410455110010357e-04,3.330669073875469621e-16,-2.311235764947995597e-11,-8.242517186629689445e-05,-3.608224830031758756e-16,2.966842049351210101e-03,5.513523105299044519e-02
2.504210743527718996e+00,4.718447854656915297e-16,-1.633281194752395082e-11,5.392312506843894128e-04,3.885780586188047891e-16,-2.358885898840878265e-11,7.958177877921026981e-04,-3.885780586188047891e-16,2.963532998211608482e-03,5.654182653115331220e-02
2.505170578998600739e+00,4.718447854656915297e-16,-1.667683033362192882e-11,1.350944159595113140e-03,3.885780586188047891e-16,-2.406530659156743551e-11,1.674908328876586246e-03,-3.885780586188047891e-16,2.959805018843338163e-03,5.794876787428874382e-02
2.506130414469482481e+00,4.996003610813204432e-16,-1.702065791369007652e-11,2.163446905781251511e-03,3.885780586188047891e-16,-2.454149919037511979e-11,2.554677288877589807e-03,-4.163336342344337027e-16,2.955658688460069666e-03,5.935582195837719316e-02
2.507090249940364224e+00,4.996003610813204432e-16,-1.736414757504611481e-11,2.976587181421038938e-03,3.885780586188047891e-16,-2.501722850959450101e-11,3.434954296631910053e-03,-3.885780586188047891e-16,2.951094644129432978e-03,6.076275399671646205e-02
2.508050085411245966e+00,5.273559366969493567e-16,-1.770715965889770038e-11,3.790211336198136965e-03,3.885780586188047891e-16,-2.549229922342794233e-11,4.315567872932819966e-03,-4.163336342344337027e-16,2.946113582634405769e-03,6.216932761546951902e-02
2.509009920882127709e+00,5.273559366969493567e-16,-1.804954985115941185e-11,4.604164371310995839e-03,3.885780586188047891e-16,-2.596650750864328006e-11,5.196345495099209677e-03,-4.440892098500626162e-16,2.940716260374813193e-03,6.357530497951038861e-02
2.509969756353009451e+00,5.273559366969493567e-16,-1.839117801192419188e-11,5.418290015581257724e-03,4.163336342344337027e-16,-2.643966098034127021e-11,6.077113552739506382e-03,-4.163336342344337027e-16,2.934903493234298014e-03,6.498044672984928938e-02
2.510929591823891194e+00,5.273559366969493567e-16,-1.873190543785286169e-11,6.232430816411779068e-03,3.885780586188047891e-16,-2.691156463798492771e-11,6.957697228630560331e-03,-4.163336342344337027e-16,2.928676156448383177e-03,6.638451193102795633e-02
2.511889427294772936e+00,5.273559366969493567e-16,-1.907159530263125360e-11,7.046428174863814814e-03,4.163336342344337027e-16,-2.738202402991461726e-11,7.837920646402084593e-03,-4.163336342344337027e-16,2.922035184460949463e-03,6.778725818650897794e-02
2.512849262765654679e+00,5.273559366969493567e-16,-1.941011891146149360e-11,7.860122376457341631e-03,4.163336342344337027e-16,-2.785085590563439809e-11,8.717606990229173972e-03,-4.163336342344337027e-16,2.914981570766373049e-03,6.918844181568828411e-02
2.513809098236536421e+00,5.273559366969493567e-16,-1.974734276517483081e-11,8.673352597704296271e-03,4.163336342344337027e-16,-2.831787097699748137e-11,9.596578415853630750e-03,-4.163336342344337027e-16,2.907516367768285624e-03,7.058781780620970725e-02
2.514768933707418164e+00,5.273559366969493567e-16,-2.008313953100237040e-11,9.485956906389101176e-03,4.440892098500626162e-16,-2.878288910381290866e-11,1.047465606275289896e-02,-4.163336342344337027e-16,2.899640686619311524e-03,7.198513979995896372e-02
2.515728769178299906e+00,5.273559366969493567e-16,-2.041738169321610091e-11,1.029777245751862039e-02,4.718447854656915297e-16,-2.924572972576137964e-11,1.135166014466803576e-02,-3.608224830031758756e-16,2.891355697066689493e-03,7.338016025225897743e-02
2.516688604649181649e+00,5.273559366969493567e-16,-2.074994763143732379e-11,1.110863553561948144e-02,4.163336342344337027e-16,-2.970621681584392770e-11,1.222741021754901285e-02,-3.608224830031758756e-16,2.882662627284230013e-03,7.477263061598440896e-02
2.517648440120063391e+00,5.273559366969493567e-16,-2.108071414641792679e-11,1.191838172159487459e-02,4.163336342344337027e-16,-3.016418030339727135e-11,1.310172522793515495e-02,-3.053113317719180486e-16,2.873562763691161603e-03,7.616230157542906720e-02
2.518608275590945134e+00,4.996003610813204432e-16,-2.140956516753908176e-11,1.272684591864291573e-02,4.163336342344337027e-16,-3.061944996868033037e-11,1.397442364642874010e-02,-3.053113317719180486e-16,2.864057450776098888e-03,7.754892302571184115e-02
2.519568111061826876e+00,4.996003610813204432e-16,-2.173638490878503082e-11,1.353386256915499811e-02,4.163336342344337027e-16,-3.107186076901739813e-11,1.484532366785963967e-02,-3.053113317719180486e-16,2.854148090895977305e-03,7.893224443628525655e-02
2.520527946532708619e+00,4.718447854656915297e-16,-2.206105988129336906e-11,1.433926574012359123e-02,4.163336342344337027e-16,-3.152125140900652669e-11,1.571424348051938744e-02,-3.053113317719180486e-16,2.843836144101878627e-03,8.031201504353586984e-02
2.521487782003590361e+00,4.718447854656915297e-16,-2.238347873750098221e-11,1.514288927991297960e-02,4.163336342344337027e-16,-3.196746398137755713e-11,1.658100126819698691e-02,-3.330669073875469621e-16,2.833123127930969095e-03,8.168798397973449366e-02
2.522447617474472104e+00,4.996003610813204432e-16,-2.270353490711057853e-11,1.594456685394948781e-02,4.440892098500626162e-16,-3.241034604052877438e-11,1.744541530774436008e-02,-3.330669073875469621e-16,2.822010617212141869e-03,8.305990038072851023e-02
2.523407452945353846e+00,4.996003610813204432e-16,-2.302112386625646684e-11,1.674413189197771629e-02,4.440892098500626162e-16,-3.284974285048137405e-11,1.830730385812165406e-02,-3.608224830031758756e-16,2.810500243842612399e-03,8.442751331330376752e-02
2.524367288416235588e+00,4.996003610813204432e-16,-2.333614400486629450e-11,1.754141786680082915e-02,4.163336342344337027e-16,-3.328550834209766801e-11,1.916648548902371782e-02,-3.608224830031758756e-16,2.798593696562563966e-03,8.579057223389502385e-02
2.525327123887117331e+00,4.718447854656915297e-16,-2.364849368576265459e-11,1.833625839047131958e-02,4.163336342344337027e-16,-3.371750148100380665e-11,2.002277919023526948e-02,-3.053113317719180486e-16,2.786292720708618328e-03,8.714882703521065199e-02
2.526286959357999073e+00,4.440892098500626162e-16,-2.395807682830427415e-11,1.912848749215226990e-02,4.163336342344337027e-16,-3.414557495122960348e-11,2.087600442976102200e-02,-3.330669073875469621e-16,2.773599117945531670e-03,8.850202828879723260e-02
2.527246794828880816e+00,4.718447854656915297e-16,-2.426479542739102407e-11,1.991793951558507719e-02,4.440892098500626162e-16,-3.456959375605205692e-11,2.172598121194837389e-02,-3.608224830031758756e-16,2.760514746000835695e-03,8.984992720485032724e-02
2.528206630299762558e+00,4.718447854656915297e-16,-2.456855692603869198e-11,2.070444924067741180e-02,4.718447854656915297e-16,-3.498942575833139529e-11,2.257253003026992236e-02,-3.330669073875469621e-16,2.747041518373787017e-03,9.119227573311683432e-02
2.529166465770644301e+00,4.718447854656915297e-16,-2.486927097632499195e-11,2.148785201290411007e-02,4.718447854656915297e-16,-3.540493543279605790e-11,2.341547219646696390e-02,-3.053113317719180486e-16,2.733181404060968604e-03,9.252882680679505589e-02
2.530126301241526043e+00,4.718447854656915297e-16,-2.516684595639008537e-11,2.226798395357094604e-02,4.163336342344337027e-16,-3.581599794034214662e-11,2.425462986705543417e-02,-3.053113317719180486e-16,2.718936427264778168e-03,9.385933451160387297e-02
2.531086136712407786e+00,4.440892098500626162e-16,-2.546119463539293221e-11,2.304468214579475857e-02,4.163336342344337027e-16,-3.622248327835291687e-11,2.508982633832181064e-02,-3.330669073875469621e-16,2.704308667110145656e-03,9.518355422201688065e-02
2.532045972183289528e+00,4.718447854656915297e-16,-2.575223114452147161e-11,2.381778452104599958e-02,4.718447854656915297e-16,-3.662427053795734577e-11,2.592088580264649902e-02,-3.053113317719180486e-16,2.689300257352114382e-03,9.650124250884274668e-02
2.533005807654171271e+00,4.718447854656915297e-16,-2.603987223060138384e-11,2.458713010630025203e-02,4.440892098500626162e-16,-3.702124301834409242e-11,2.674763367199209721e-02,-2.775557561562891351e-16,2.673913386074889056e-03,9.781215738204014631e-02
2.533965643125053013e+00,4.996003610813204432e-16,-2.632403641583940662e-11,2.535255901526802316e-02,4.718447854656915297e-16,-3.741328263634404599e-11,2.756989670983365365e-02,-3.053113317719180486e-16,2.658150295399053058e-03,9.911605855221622408e-02
2.534925478595934756e+00,4.718447854656915297e-16,-2.660464171422250931e-11,2.611391274863741202e-02,5.273559366969493567e-16,-3.780027779367233984e-11,2.838750318751544557e-02,-3.053113317719180486e-16,2.642013281147996290e-03,1.004127075253220952e-01
2.535885314066816498e+00,4.440892098500626162e-16,-2.688161223837488151e-11,2.687103412310790432e-02,4.996003610813204432e-16,-3.818211772552452740e-11,2.920028301223454720e-02,-2.775557561562891351e-16,2.625504692541402122e-03,1.017018677919806768e-01
2.536845149537698241e+00,4.718447854656915297e-16,-2.715486825200300047e-11,2.762376736458308987e-02,4.996003610813204432e-16,-3.855869876862039192e-11,3.000806765882282900e-02,-3.053113317719180486e-16,2.608626931820605226e-03,1.029833048279654856e-01
2.537804985008579983e+00,4.996003610813204432e-16,-2.742433543982420591e-11,2.837195821968306608e-02,5.273559366969493567e-16,-3.892991179123500914e-11,3.081069048099447164e-02,-3.053113317719180486e-16,2.591382453913029273e-03,1.042567863957282875e-01
2.538764820479461726e+00,4.718447854656915297e-16,-2.768993913419013145e-11,2.911545399479413543e-02,5.273559366969493567e-16,-3.929565807676057426e-11,3.160798658855605570e-02,-3.053113317719180486e-16,2.573773766042274438e-03,1.055220824916137667e-01
2.539724655950343468e+00,5.273559366969493567e-16,-2.795161105746896482e-11,2.985410365096564586e-02,5.551115123125782702e-16,-3.965584014864551726e-11,3.239979297265772884e-02,-3.053113317719180486e-16,2.555803427356825430e-03,1.067789654440261526e-01
2.540684491421225211e+00,5.273559366969493567e-16,-2.820927989626281079e-11,3.058775778173551674e-02,5.273559366969493567e-16,-4.001036266486129520e-11,3.318594856461647147e-02,-3.608224830031758756e-16,2.537474048530771048e-03,1.080272100360099852e-01
2.541644326892106953e+00,5.551115123125782702e-16,-2.846287992759122601e-11,3.131626879960441867e-02,5.273559366969493567e-16,-4.035913126593758393e-11,3.396629445780876416e-02,-3.608224830031758756e-16,2.518788291367178318e-03,1.092665937116893415e-01
2.542604162362988696e+00,5.551115123125782702e-16,-2.871234220297230397e-11,3.203949118501337595e-02,5.273559366969493567e-16,-4.070205266982996825e-11,3.474067412818964556e-02,-3.608224830031758756e-16,2.499748868408007384e-03,1.104968967566430232e-01
2.543563997833870438e+00,5.551115123125782702e-16,-2.895760619004350209e-11,3.275728154048829915e-02,4.996003610813204432e-16,-4.103904172601032657e-11,3.550893347374838721e-02,-3.608224830031758756e-16,2.480358542513039482e-03,1.117179024046930647e-01
2.544523833304752181e+00,5.273559366969493567e-16,-2.919860481057166141e-11,3.346949877988689148e-02,4.996003610813204432e-16,-4.137001531005334715e-11,3.627092097126471265e-02,-3.608224830031758756e-16,2.460620126449328607e-03,1.129293970371051808e-01
2.545483668775633923e+00,5.273559366969493567e-16,-2.943527890777574568e-11,3.417600404642138351e-02,4.996003610813204432e-16,-4.169489002648317511e-11,3.702648769870442447e-02,-3.885780586188047891e-16,2.440536482462850581e-03,1.141311701621061658e-01
2.546443504246515666e+00,5.273559366969493567e-16,-2.966756745462597114e-11,3.487666099111177975e-02,4.718447854656915297e-16,-4.201358991338510068e-11,3.777548744500096312e-02,-3.608224830031758756e-16,2.420110521869298700e-03,1.153230145308219434e-01
2.547403339717397408e+00,5.273559366969493567e-16,-2.989541543463834772e-11,3.557133568262080964e-02,4.718447854656915297e-16,-4.232603718602951162e-11,3.851777676778373599e-02,-3.885780586188047891e-16,2.399345204645963146e-03,1.165047261433975606e-01
2.548363175188279151e+00,5.273559366969493567e-16,-3.011876822435217288e-11,3.625989678492567980e-02,4.718447854656915297e-16,-4.263216364809975858e-11,3.925321503036271337e-02,-3.608224830031758756e-16,2.378243539005515505e-03,1.176761044796774819e-01
2.549323010659160893e+00,5.273559366969493567e-16,-3.033757197280079199e-11,3.694221552142477882e-02,4.718447854656915297e-16,-4.293189888066473864e-11,3.998166444824467064e-02,-3.608224830031758756e-16,2.356808580981245484e-03,1.188369524216535272e-01
2.550282846130042635e+00,5.273559366969493567e-16,-3.055177705062975951e-11,3.761816568056595284e-02,4.996003610813204432e-16,-4.322517951210747000e-11,4.070298997259099577e-02,-3.608224830031758756e-16,2.335043433981030554e-03,1.199870762302998883e-01
2.551242681600924378e+00,5.273559366969493567e-16,-3.076133638991226243e-11,3.828762381427610467e-02,4.718447854656915297e-16,-4.351194915036245628e-11,4.141705959949070620e-02,-3.330669073875469621e-16,2.312951248367720210e-03,1.211262857764477535e-01
2.552202517071806120e+00,5.273559366969493567e-16,-3.096620575519966334e-11,3.895046914786024633e-02,4.163336342344337027e-16,-4.379215006844027619e-11,4.212374428618580191e-02,-3.608224830031758756e-16,2.290535221003493944e-03,1.222543945568313473e-01
2.553162352542687863e+00,5.273559366969493567e-16,-3.116634017920685840e-11,3.960658373430459706e-02,4.163336342344337027e-16,-4.406572551513346370e-11,4.282291816043250904e-02,-3.608224830031758756e-16,2.267798594803972258e-03,1.233712199115522684e-01
2.554122188013569605e+00,5.273559366969493567e-16,-3.136169942448072123e-11,4.025585229549392963e-02,4.163336342344337027e-16,-4.433263000138461946e-11,4.351445844029358523e-02,-3.053113317719180486e-16,2.244744658266490268e-03,1.244765828711040523e-01
2.555082023484451348e+00,5.273559366969493567e-16,-3.155224883043305020e-11,4.089816238261438641e-02,4.718447854656915297e-16,-4.459281742149635852e-11,4.419824564726616833e-02,-3.608224830031758756e-16,2.221376744990592386e-03,1.255703084754297705e-01
2.556041858955333090e+00,5.273559366969493567e-16,-3.173795601330020588e-11,4.153340425319937412e-02,4.718447854656915297e-16,-4.484624858156014554e-11,4.487416359891668177e-02,-3.053113317719180486e-16,2.197698233205805027e-03,1.266522256349376929e-01
2.557001694426214833e+00,5.273559366969493567e-16,-3.191878944990402325e-11,4.216147105017528651e-02,4.440892098500626162e-16,-4.509289076577542577e-11,4.554209939090940462e-02,-3.608224830031758756e-16,2.173712545289178781e-03,1.277221672904237937e-01
2.557961529897096575e+00,5.273559366969493567e-16,-3.209472021915155127e-11,4.278225873185474010e-02,4.163336342344337027e-16,-4.533271144807702463e-11,4.620194358486145320e-02,-3.608224830031758756e-16,2.149423147299105337e-03,1.287799704191175953e-01
2.558921365367978318e+00,5.273559366969493567e-16,-3.226572780929293921e-11,4.339566611256797518e-02,4.163336342344337027e-16,-4.556568555628970341e-11,4.685359002728287092e-02,-4.163336342344337027e-16,2.124833548493334535e-03,1.298254760337059777e-01
2.559881200838860060e+00,5.273559366969493567e-16,-3.243179027878672141e-11,4.400159502589705285e-02,4.163336342344337027e-16,-4.579178900757270576e-11,4.749693614970713212e-02,-4.163336342344337027e-16,2.099947300860229970e-03,1.308585292955983803e-01
2.560841036309741803e+00,5.273559366969493567e-16,-3.259289408188200537e-11,4.459995029637609659e-02,4.163336342344337027e-16,-4.601101009931883243e-11,4.813188266761649070e-02,-4.440892098500626162e-16,2.074767998631485161e-03,1.318789793308304537e-01
2.561800871780623545e+00,4.718447854656915297e-16,-3.274902529335713824e-11,4.519063990565817118e-02,4.163336342344337027e-16,-4.622333869423777067e-11,4.875833376403490571e-02,-4.440892098500626162e-16,2.049299277780772862e-03,1.328866792698351063e-01
2.562760707251505288e+00,4.996003610813204432e-16,-3.290017795010017135e-11,4.577357484691108036e-02,4.163336342344337027e-16,-4.642877019802281457e-11,4.937619697318042233e-02,-4.440892098500626162e-16,2.023544815518962207e-03,1.338814862003072093e-01
2.563720542722387030e+00,4.718447854656915297e-16,-3.304634949745973577e-11,4.634866923122636651e-02,4.163336342344337027e-16,-4.662730499692098809e-11,4.998538319682752085e-02,-4.440892098500626162e-16,1.997508329773256715e-03,1.348632611010664450e-01
2.564680378193268773e+00,4.718447854656915297e-16,-3.318753862084069736e-11,4.691584002403269282e-02,4.440892098500626162e-16,-4.681895260480635479e-11,5.058580657010793707e-02,-4.163336342344337027e-16,1.971193578697502669e-03,1.358318687273826764e-01
2.565640213664150515e+00,4.718447854656915297e-16,-3.332375089033171728e-11,4.747500709932995361e-02,4.440892098500626162e-16,-4.700372387047690309e-11,5.117738432084453781e-02,-4.440892098500626162e-16,1.944604360136325226e-03,1.367871774375477578e-01
2.566600049135032258e+00,4.718447854656915297e-16,-3.345499554875631595e-11,4.802609312130117630e-02,4.440892098500626162e-16,-4.718164239565867529e-11,5.176003691072442875e-02,-4.163336342344337027e-16,1.917744511118108213e-03,1.377290592937701619e-01
2.567559884605914000e+00,4.718447854656915297e-16,-3.358128957065475637e-11,4.856902357117771213e-02,4.163336342344337027e-16,-4.735273157201354277e-11,5.233368798738432387e-02,-4.163336342344337027e-16,1.890617907301308988e-03,1.386573899936391352e-01
2.568519720076795743e+00,4.996003610813204432e-16,-3.370265129937254425e-11,4.910372665563415839e-02,4.718447854656915297e-16,-4.751702561289631102e-11,5.289826458796338671e-02,-4.163336342344337027e-16,1.863228462468738194e-03,1.395720489974048295e-01
2.569479555547677485e+00,4.996003610813204432e-16,-3.381910460768626503e-11,4.963013325655490915e-02,4.718447854656915297e-16,-4.767456273643356016e-11,5.345369691284015262e-02,-4.440892098500626162e-16,1.835580127980651318e-03,1.404729193078967930e-01
2.570439391018559228e+00,4.996003610813204432e-16,-3.393067966013323632e-11,5.014817705844028251e-02,4.163336342344337027e-16,-4.782538904832267512e-11,5.399991845342635988e-02,-4.163336342344337027e-16,1.807676892237582243e-03,1.413598875213751827e-01
2.571399226489440970e+00,4.163336342344337027e-16,-3.403741040918211586e-11,5.065779452062693644e-02,4.163336342344337027e-16,-4.796955775578527065e-11,5.453686600229510489e-02,-4.163336342344337027e-16,1.779522780122583681e-03,1.422328438279170382e-01
2.572359061960322713e+00,4.718447854656915297e-16,-3.413933660100692061e-11,5.115892491070885700e-02,4.163336342344337027e-16,-4.810712666034966736e-11,5.506447975100570852e-02,-4.163336342344337027e-16,1.751121852428672368e-03,1.430916820872268902e-01
2.573318897431204455e+00,4.718447854656915297e-16,-3.423650312157759147e-11,5.165151021666779252e-02,4.163336342344337027e-16,-4.823816287413034212e-11,5.558270327198999716e-02,-4.163336342344337027e-16,1.722478205299604083e-03,1.439362997892495999e-01
2.574278732902086197e+00,4.718447854656915297e-16,-3.432895955281472893e-11,5.213549509880856941e-02,3.885780586188047891e-16,-4.836273844913792017e-11,5.609148332277216070e-02,-3.885780586188047891e-16,1.693595969647312526e-03,1.447665978167637924e-01
2.575238568372967940e+00,4.718447854656915297e-16,-3.441675956950213458e-11,5.261082694271644600e-02,3.885780586188047891e-16,-4.848093438205094974e-11,5.659076980965820070e-02,-3.885780586188047891e-16,1.664479310585807899e-03,1.455824804500373826e-01
2.576198403843849682e+00,4.718447854656915297e-16,-3.449996410380190212e-11,5.307745568709548029e-02,3.885780586188047891e-16,-4.859283480018175214e-11,5.708051572365285820e-02,-3.885780586188047891e-16,1.635132426840027161e-03,1.463838552490597522e-01
2.577158239314731425e+00,4.718447854656915297e-16,-3.457863821123251247e-11,5.353533380177926543e-02,4.163336342344337027e-16,-4.869853096624819633e-11,5.756067696158018859e-02,-3.885780586188047891e-16,1.605559550155166541e-03,1.471706329502209532e-01
2.578118074785613167e+00,4.718447854656915297e-16,-3.465285044725258459e-11,5.398441612837880793e-02,4.163336342344337027e-16,-4.879812513406767485e-11,5.803121230145951576e-02,-3.885780586188047891e-16,1.575764944700058963e-03,1.479427273146506627e-01
2.579077910256494910e+00,4.440892098500626162e-16,-3.472267795962295442e-11,5.442466001188231428e-02,3.885780586188047891e-16,-4.889172068909359778e-11,5.849208326120467621e-02,-3.885780586188047891e-16,1.545752906448513752e-03,1.487000551231569545e-01
2.580037745727376652e+00,4.718447854656915297e-16,-3.478819643243152501e-11,5.485602522356750749e-02,3.608224830031758756e-16,-4.897943020200465521e-11,5.894325423097170058e-02,-3.885780586188047891e-16,1.515527762582600385e-03,1.494425362058530438e-01
2.580997581198258395e+00,4.718447854656915297e-16,-3.484949159218882209e-11,5.527847396789534878e-02,3.885780586188047891e-16,-4.906137183728512090e-11,5.938469242795554881e-02,-3.608224830031758756e-16,1.485093870858389354e-03,1.501700934452613878e-01
2.581957416669140137e+00,4.996003610813204432e-16,-3.490665099499653742e-11,5.569197080431959740e-02,3.608224830031758756e-16,-4.913766777096730681e-11,5.981636778204708210e-02,-3.608224830031758756e-16,1.454455619006680880e-03,1.508826526219846920e-01
2.582917252140021880e+00,4.718447854656915297e-16,-3.495976614074176522e-11,5.609648242065559676e-02,3.885780586188047891e-16,-4.920844898144991278e-11,6.023825276144782054e-02,-3.330669073875469621e-16,1.423617424114749465e-03,1.515801422144165411e-01
2.583877087610903622e+00,4.718447854656915297e-16,-3.500893488544683588e-11,5.649197776988417602e-02,3.608224830031758756e-16,-4.927384923217596920e-11,6.065032247691278661e-02,-3.330669073875469621e-16,1.392583732022414878e-03,1.522624936473391810e-01
2.584836923081785365e+00,4.718447854656915297e-16,-3.505425754491775861e-11,5.687842792972514633e-02,3.608224830031758756e-16,-4.933400904929955734e-11,6.105255466298791650e-02,-3.053113317719180486e-16,1.361359016709944979e-03,1.529296410838352216e-01
2.585796758552667107e+00,5.273559366969493567e-16,-3.509583841262726295e-11,5.725580623949583225e-02,3.885780586188047891e-16,-4.938907339065113852e-11,6.144492964601856733e-02,-2.775557561562891351e-16,1.329947779677990733e-03,1.535815215861822680e-01
2.586756594023548850e+00,5.273559366969493567e-16,-3.513378481781416138e-11,5.762408797600127031e-02,3.608224830031758756e-16,-4.943919278753796699e-11,6.182743012606218419e-02,-3.053113317719180486e-16,1.298354549331823997e-03,1.542180747512954808e-01
2.587716429494430592e+00,5.273559366969493567e-16,-3.516820877889166239e-11,5.798325036239238006e-02,3.885780586188047891e-16,-4.948451999049361880e-11,6.220004096301954416e-02,-3.053113317719180486e-16,1.266583880331825177e-03,1.548392427583629993e-01
2.588676264965312335e+00,5.273559366969493567e-16,-3.519922360853931786e-11,5.833327241431061905e-02,3.885780586188047891e-16,-4.952521325237769535e-11,6.256274933594312138e-02,-3.053113317719180486e-16,1.234640352954988109e-03,1.554449703483806455e-01
2.589636100436194077e+00,4.996003610813204432e-16,-3.522694802350688319e-11,5.867413501447324431e-02,3.885780586188047891e-16,-4.956143398378862544e-11,6.291554463119210239e-02,-3.053113317719180486e-16,1.202528572430451581e-03,1.560352048540336600e-01
2.590595935907075820e+00,5.273559366969493567e-16,-3.525149998160259299e-11,5.900582083647978177e-02,3.885780586188047891e-16,-4.959334813880956691e-11,6.325841836662986217e-02,-3.053113317719180486e-16,1.170253168275828606e-03,1.566098960862662426e-01
2.591555771377957562e+00,4.718447854656915297e-16,-3.527300116757964982e-11,5.932831408458424244e-02,3.885780586188047891e-16,-4.962111923545692131e-11,6.359136379655296045e-02,-3.053113317719180486e-16,1.137818793623047997e-03,1.571689960126720353e-01
2.592515606848839305e+00,5.273559366969493567e-16,-3.529157512966374019e-11,5.964160053467740252e-02,3.885780586188047891e-16,-4.964491962460666416e-11,6.391437600640177685e-02,-2.775557561562891351e-16,1.105230124532434509e-03,1.577124587611777873e-01
2.593475442319721047e+00,4.996003610813204432e-16,-3.530734619873899388e-11,5.994566729595652427e-02,3.885780586188047891e-16,-4.966492022734315601e-11,6.422745173903020299e-02,-2.775557561562891351e-16,1.072491859332506915e-03,1.582402404993157319e-01
2.594435277790602790e+00,4.718447854656915297e-16,-3.532044142974749903e-11,6.024050300230968796e-02,4.163336342344337027e-16,-4.968129416703642026e-11,6.453058937843067500e-02,-2.775557561562891351e-16,1.039608717931642980e-03,1.587522994017122602e-01
2.595395113261484532e+00,4.718447854656915297e-16,-3.533098732197773040e-11,6.052609751242483266e-02,3.885780586188047891e-16,-4.969421473646306979e-11,6.482378886121512029e-02,-2.775557561562891351e-16,1.006585441166642225e-03,1.592485955554527044e-01
2.596354948732366275e+00,4.718447854656915297e-16,-3.533911097780562116e-11,6.080244199482310458e-02,3.885780586188047891e-16,-4.970385693601813912e-11,6.510705155998133820e-02,-2.498001805406602216e-16,9.734267901072444964e-04,1.597290907978840546e-01
2.597314784203248017e+00,4.440892098500626162e-16,-3.534493955381721314e-11,6.106952881766852109e-02,4.163336342344337027e-16,-4.971039603037094232e-11,6.538038042008241513e-02,-2.775557561562891351e-16,9.401375454089208952e-04,1.601937488678260579e-01
2.598274619674129760e+00,4.440892098500626162e-16,-3.534860003380382691e-11,6.132735151241294758e-02,3.885780586188047891e-16,-4.971400540377765055e-11,6.564377964676683386e-02,-2.498001805406602216e-16,9.067225066167770636e-04,1.606425351997700368e-01
2.599234455145011502e+00,4.718447854656915297e-16,-3.535021958451589966e-11,6.157590465793660178e-02,3.885780586188047891e-16,-4.971485928752738225e-11,6.589725471817686753e-02,-2.775557561562891351e-16,8.731864914945460963e-04,1.610754168877427117e-01
2.600194290615893244e+00,4.996003610813204432e-16,-3.534992334660105873e-11,6.181518361833162473e-02,3.885780586188047891e-16,-4.971312948870096077e-11,6.614081201992424996e-02,-2.775557561562891351e-16,8.395343353316767759e-04,1.614923623501775263e-01
2.601154126086774987e+00,4.996003610813204432e-16,-3.534783624386649697e-11,6.204518450333691704e-02,3.885780586188047891e-16,-4.970898598139991166e-11,6.637445888736882849e-02,-2.775557561562891351e-16,8.057708902627580766e-04,1.618933413474525906e-01
2.602113961557656729e+00,5.273559366969493567e-16,-3.534408061497485223e-11,6.226590400951650256e-02,3.330669073875469621e-16,-4.970259734212139745e-11,6.659820345888359250e-02,-2.498001805406602216e-16,7.719010245883561666e-04,1.622783249692445195e-01
2.603073797028538472e+00,5.273559366969493567e-16,-3.533877678603847966e-11,6.247733943484974628e-02,3.330669073875469621e-16,-4.969412819002465113e-11,6.681205454673409816e-02,-2.498001805406602216e-16,7.379296220657854000e-04,1.626472855050268562e-01
2.604033632499420214e+00,5.273559366969493567e-16,-3.533204340943263064e-11,6.267948856087565690e-02,3.608224830031758756e-16,-4.968373965788129478e-11,6.701602156349657780e-02,-2.775557561562891351e-16,7.038615812165212706e-04,1.630001963800668807e-01
2.604993467970301957e+00,5.273559366969493567e-16,-3.532399548851461978e-11,6.287234950243199283e-02,3.885780586188047891e-16,-4.967159046950124848e-11,6.721011439402928278e-02,-2.775557561562891351e-16,6.697018145981615796e-04,1.633370320640974149e-01
2.605953303441183699e+00,5.273559366969493567e-16,-3.531474643760795264e-11,6.305592079111389803e-02,3.330669073875469621e-16,-4.965783432578905511e-11,6.739434342530702116e-02,-2.775557561562891351e-16,6.354552481042916078e-04,1.636577681761759995e-01
2.606913138912065442e+00,4.996003610813204432e-16,-3.530440466507141651e-11,6.323020127378924105e-02,3.608224830031758756e-16,-4.964261960828234878e-11,6.756871954195634022e-02,-2.498001805406602216e-16,6.011268202509161300e-04,1.639623814339968566e-01
2.607872974382947184e+00,4.718447854656915297e-16,-3.529307537747925806e-11,6.339519017616429553e-02,3.885780586188047891e-16,-4.962608932663581211e-11,6.773325400617562220e-02,-2.775557561562891351e-16,5.667214814562561128e-04,1.642508496272153673e-01
2.608832809853828927e+00,4.718447854656915297e-16,-3.528086024758426802e-11,6.355088689976878813e-02,3.885780586188047891e-16,-4.960838270426685351e-11,6.788795839645532515e-02,-2.775557561562891351e-16,5.322441933342329226e-04,1.645231515645249609e-01
2.609792645324710669e+00,4.996003610813204432e-16,-3.526785598113803440e-11,6.369729102294272027e-02,3.885780586188047891e-16,-4.958963076870208375e-11,6.803284444132809416e-02,-2.775557561562891351e-16,4.976999279656469169e-04,1.647792670190608433e-01
2.610752480795592412e+00,5.273559366969493567e-16,-3.525415511140784705e-11,6.383440237133949924e-02,3.608224830031758756e-16,-4.956995948898735259e-11,6.816792408163743766e-02,-2.775557561562891351e-16,4.630936672127381089e-04,1.650191767313826940e-01
2.611712316266474154e+00,4.996003610813204432e-16,-3.523984546724000678e-11,6.396222093167769351e-02,3.330669073875469621e-16,-4.954948833742580435e-11,6.829320921982942605e-02,-2.775557561562891351e-16,4.284304020102180184e-04,1.652428622526497803e-01
2.612672151737355897e+00,5.273559366969493567e-16,-3.522500969533324307e-11,6.408074696259298542e-02,3.330669073875469621e-16,-4.952832875051901276e-11,6.840871177840239514e-02,-2.775557561562891351e-16,3.937151316895621351e-04,1.654503061197126756e-01
2.613631987208237639e+00,5.273559366969493567e-16,-3.520972523821585751e-11,6.418998075698832684e-02,3.330669073875469621e-16,-4.950658545626760929e-11,6.851444352273058924e-02,-2.775557561562891351e-16,3.589528632730209405e-04,1.656414916325753828e-01
2.614591822679119382e+00,5.273559366969493567e-16,-3.519406352617629203e-11,6.428992287788976023e-02,3.330669073875469621e-16,-4.948435471657791759e-11,6.861041604479030387e-02,-2.220446049250313081e-16,3.241486107710685009e-04,1.658164029845839438e-01
2.615551658150001124e+00,5.273559366969493567e-16,-3.517809050581168807e-11,6.438057398474592019e-02,3.330669073875469621e-16,-4.946172552581357389e-11,6.869664073559107742e-02,-2.220446049250313081e-16,2.893073944820718862e-04,1.659750250616519318e-01
2.616511493620882867e+00,4.996003610813204432e-16,-3.516186634864855269e-11,6.446193489592678960e-02,3.608224830031758756e-16,-4.943877826655423968e-11,6.877312867874352253e-02,-2.220446049250313081e-16,2.544342402663876744e-04,1.661173436379934920e-01
2.617471329091764609e+00,5.273559366969493567e-16,-3.514544513604650217e-11,6.453400640200487870e-02,3.330669073875469621e-16,-4.941558502299779219e-11,6.883989070635083973e-02,-2.220446049250313081e-16,2.195341788419042468e-04,1.662433452644530574e-01
2.618431164562646352e+00,5.273559366969493567e-16,-3.512887499684111598e-11,6.459678920404084146e-02,2.775557561562891351e-16,-4.939220914643242246e-11,6.889693722097070538e-02,-2.220446049250313081e-16,1.846122450607573452e-04,1.663530173162879600e-01
2.619391000033528094e+00,5.273559366969493567e-16,-3.511219731155648281e-11,6.465028393245439431e-02,3.053113317719180486e-16,-4.936870486814257846e-11,6.894427838787833829e-02,-2.220446049250313081e-16,1.496734772137102681e-04,1.664463480081794788e-01
2.620350835504409837e+00,4.996003610813204432e-16,-3.509544753572122529e-11,6.469449103423516312e-02,2.775557561562891351e-16,-4.934511828831993096e-11,6.898192393566564273e-02,-2.220446049250313081e-16,1.147229163213998513e-04,1.665233264260323753e-01
2.621310670975291579e+00,4.996003610813204432e-16,-3.507865448391390137e-11,6.472941092498640803e-02,3.053113317719180486e-16,-4.932148563286956815e-11,6.900988341191614805e-02,-2.220446049250313081e-16,7.976560541881399179e-05,1.665839427021318930e-01
2.622270506446173322e+00,5.273559366969493567e-16,-3.506184059806069031e-11,6.475504395415053460e-02,3.330669073875469621e-16,-4.929783466816677572e-11,6.902816613046960925e-02,-2.220446049250313081e-16,4.480658884999203255e-05,1.666281879925577136e-01
2.623230341917055064e+00,5.273559366969493567e-16,-3.504502167765539901e-11,6.477139054901014104e-02,3.053113317719180486e-16,-4.927418365370079764e-11,6.903678129814884434e-02,-2.220446049250313081e-16,9.850911545533986348e-06,1.666560546262751408e-01
2.624190177387936806e+00,4.996003610813204432e-16,-3.502820726560943925e-11,6.477845114549481143e-02,3.330669073875469621e-16,-4.925054177670861718e-11,6.903573797087815545e-02,-2.220446049250313081e-16,-2.509638166661051526e-05,1.666675360821234242e-01
2.625150012858818549e+00,4.718447854656915297e-16,-3.501140026896635578e-11,6.477622636959103064e-02,3.330669073875469621e-16,-4.922690915355138548e-11,6.902504488606633903e-02,-2.220446049250313081e-16,-6.003024679865664505e-05,1.666626269064537536e-01
2.626109848329700291e+00,4.718447854656915297e-16,-3.499459719199470552e-11,6.476471699328183174e-02,3.330669073875469621e-16,-4.920327679202145536e-11,6.900471067367790201e-02,-2.220446049250313081e-16,-9.494564140806407862e-05,1.666413228931714063e-01
2.627069683800582034e+00,4.718447854656915297e-16,-3.497778828351885076e-11,6.474392397522819864e-02,3.330669073875469621e-16,-4.917962671945611463e-11,6.897474364768502175e-02,-2.220446049250313081e-16,-1.298375253444521008e-04,1.666036209802307377e-01
2.628029519271463776e+00,5.273559366969493567e-16,-3.496095723000186475e-11,6.471384844335933972e-02,3.330669073875469621e-16,-4.915593220434258089e-11,6.893515206674145912e-02,-2.775557561562891351e-16,-1.647008614478011324e-04,1.665495194718725758e-01
2.628989354742345519e+00,4.996003610813204432e-16,-3.494408182986316700e-11,6.467449160800965713e-02,3.608224830031758756e-16,-4.913215777675267138e-11,6.888594371975101383e-02,-2.220446049250313081e-16,-1.995306162746146280e-04,1.664790177417223294e-01
2.629949190213227261e+00,4.718447854656915297e-16,-3.492713368399386021e-11,6.462585482665597625e-02,3.608224830031758756e-16,-4.910825920420236403e-11,6.882712603956266106e-02,-2.220446049250313081e-16,-2.343217608039320694e-04,1.663921163525280689e-01
2.630909025684109004e+00,4.718447854656915297e-16,-3.491007863324924751e-11,6.456793961203183274e-02,3.885780586188047891e-16,-4.908418420993573665e-11,6.875870609920625709e-02,-2.220446049250313081e-16,-2.690692711562239206e-04,1.662888171058788112e-01
2.631868861154990746e+00,4.718447854656915297e-16,-3.489287641645928001e-11,6.450074767530813991e-02,3.330669073875469621e-16,-4.905987246360760459e-11,6.868069068264799626e-02,-2.220446049250313081e-16,-3.037681293221523751e-04,1.661691230927166696e-01
2.632828696625872489e+00,5.273559366969493567e-16,-3.487548166145710508e-11,6.442428095036822899e-02,3.330669073875469621e-16,-4.903525526534023137e-11,6.859308638829920979e-02,-2.220446049250313081e-16,-3.384133238704100646e-04,1.660330388814642566e-01
2.633788532096754231e+00,5.551115123125782702e-16,-3.485784304228128384e-11,6.433854170448256860e-02,3.330669073875469621e-16,-4.901025718854372989e-11,6.849589964323832270e-02,-2.220446049250313081e-16,-3.729998506794116758e-04,1.658805705480189963e-01
2.634748367567635974e+00,5.273559366969493567e-16,-3.483990453109048722e-11,6.424353265812834946e-02,3.053113317719180486e-16,-4.898479522229520332e-11,6.838913685907152540e-02,-2.220446049250313081e-16,-4.075227136412445201e-04,1.657117258347672040e-01
2.635708203038517716e+00,5.273559366969493567e-16,-3.482160468072658960e-11,6.413925697522677993e-02,3.053113317719180486e-16,-4.895877923805389909e-11,6.827280441856574400e-02,-1.942890293094023946e-16,-4.419769253904715653e-04,1.655265141476167379e-01
2.636668038509399459e+00,5.273559366969493567e-16,-3.480287814767990800e-11,6.402571832499134863e-02,3.330669073875469621e-16,-4.893211261138339209e-11,6.814690873841322549e-02,-2.220446049250313081e-16,-4.763575080099999586e-04,1.653249466764723785e-01
2.637627873980281201e+00,4.996003610813204432e-16,-3.478365395397759428e-11,6.390292079574354245e-02,3.330669073875469621e-16,-4.890469242608652505e-11,6.801145631245150702e-02,-2.220446049250313081e-16,-5.106594937419198579e-04,1.651070364401258095e-01
2.638587709451162944e+00,4.718447854656915297e-16,-3.476385757257875134e-11,6.377086903353502978e-02,3.330669073875469621e-16,-4.887641041610604579e-11,6.786645358801592087e-02,-1.665334536937734811e-16,-5.448779257057022318e-04,1.648727982297968353e-01
2.639547544922044686e+00,4.718447854656915297e-16,-3.474341053096301375e-11,6.362956837602867788e-02,3.330669073875469621e-16,-4.884715299686482638e-11,6.771190721720597716e-02,-1.665334536937734811e-16,-5.790078586070779949e-04,1.646222488206434131e-01
2.640507380392926429e+00,4.718447854656915297e-16,-3.472223099727734727e-11,6.347902487252594927e-02,2.775557561562891351e-16,-4.881679982361578681e-11,6.754782400993303293e-02,-1.665334536937734811e-16,-6.130443594840311733e-04,1.643554070068195261e-01
2.641467215863808171e+00,5.273559366969493567e-16,-3.470023293669123338e-11,6.331924532237645509e-02,2.775557561562891351e-16,-4.878522846113453326e-11,6.737421100187124257e-02,-1.387778780781445676e-16,-6.469825084187199324e-04,1.640722936886390149e-01
2.642427051334689914e+00,5.273559366969493567e-16,-3.467732748867224154e-11,6.315023714793331633e-02,3.053113317719180486e-16,-4.875231104979767770e-11,6.719107530577980714e-02,-2.220446049250313081e-16,-6.808173992845510713e-04,1.637729316942378999e-01
2.643386886805571656e+00,4.996003610813204432e-16,-3.465342360734293727e-11,6.297200867927832402e-02,3.330669073875469621e-16,-4.871791691952651309e-11,6.699842430087379896e-02,-1.942890293094023946e-16,-7.145441404696983813e-04,1.634573460705320003e-01
2.644346722276453399e+00,4.718447854656915297e-16,-3.462842662152487185e-11,6.278456912873806028e-02,3.053113317719180486e-16,-4.868191067379848674e-11,6.679626585014464268e-02,-1.387778780781445676e-16,-7.481578556073643091e-04,1.631255641346485707e-01
2.645306557747335141e+00,4.718447854656915297e-16,-3.460224012531612058e-11,6.258792882914020195e-02,3.330669073875469621e-16,-4.864415484763658874e-11,6.658460831976453775e-02,-1.387778780781445676e-16,-7.816536842962564782e-04,1.627776157075646601e-01
2.646266393218216884e+00,4.718447854656915297e-16,-3.457476649139324884e-11,6.238209905508854125e-02,3.330669073875469621e-16,-4.860451043446384518e-11,6.636346053367279951e-02,-1.387778780781445676e-16,-8.150267828014005770e-04,1.624135327593261013e-01
2.647226228689098626e+00,4.718447854656915297e-16,-3.454590459249268393e-11,6.216709217630881495e-02,3.330669073875469621e-16,-4.856283534789148596e-11,6.613283171945631700e-02,-1.387778780781445676e-16,-8.482723247683277490e-04,1.620333496162884579e-01
2.648186064159980369e+00,4.718447854656915297e-16,-3.451555409417369179e-11,6.194292168824676315e-02,3.330669073875469621e-16,-4.851898721184547299e-11,6.589273187111942265e-02,-1.387778780781445676e-16,-8.813855019012369800e-04,1.616371031084244958e-01
2.649145899630862111e+00,4.718447854656915297e-16,-3.448361233434899930e-11,6.170960237964071698e-02,3.330669073875469621e-16,-4.847282179863774548e-11,6.564317182490836400e-02,-1.387778780781445676e-16,-9.143615246568930540e-04,1.612248327866807329e-01
2.650105735101743853e+00,4.718447854656915297e-16,-3.444997667803638766e-11,6.146715043067346035e-02,3.608224830031758756e-16,-4.842419522955781694e-11,6.538416342559326411e-02,-1.387778780781445676e-16,-9.471956229222930259e-04,1.607965809350201114e-01
2.651065570572625596e+00,4.718447854656915297e-16,-3.441454210162072681e-11,6.121558331147407966e-02,3.330669073875469621e-16,-4.837296239430929554e-11,6.511571940461800823e-02,-1.387778780781445676e-16,-9.798830466994582888e-04,1.603523925139389572e-01
2.652025406043507338e+00,4.718447854656915297e-16,-3.437720609886880593e-11,6.095491995844901090e-02,3.885780586188047891e-16,-4.831897986649728860e-11,6.483785356893261020e-02,-1.387778780781445676e-16,-1.012419066804592536e-03,1.598923154045304440e-01
2.652985241514389081e+00,4.163336342344337027e-16,-3.433786498278348573e-11,6.068518066062822403e-02,3.885780586188047891e-16,-4.826210386058493382e-11,6.455058084119508210e-02,-1.387778780781445676e-16,-1.044798975543197433e-03,1.594164003740296265e-01
2.653945076985270823e+00,4.718447854656915297e-16,-3.429641440907005984e-11,6.040638721614347700e-02,3.608224830031758756e-16,-4.820219207503709247e-11,6.425391725342062543e-02,-1.387778780781445676e-16,-1.077018087414603016e-03,1.589247010918061198e-01
2.654904912456152566e+00,4.718447854656915297e-16,-3.425275204937223636e-11,6.011856278690336924e-02,3.330669073875469621e-16,-4.813910508145438291e-11,6.394788003296961176e-02,-1.387778780781445676e-16,-1.109071739777808775e-03,1.584172741470082357e-01
2.655864747927034308e+00,4.440892098500626162e-16,-3.420677579217415790e-11,5.982173204403642974e-02,3.330669073875469621e-16,-4.807270440011432444e-11,6.363248754286988940e-02,-1.665334536937734811e-16,-1.140955293552308467e-03,1.578941790277344492e-01
2.656824583397916051e+00,4.440892098500626162e-16,-3.415838481345004687e-11,5.951592117858959391e-02,3.330669073875469621e-16,-4.800285380101394425e-11,6.330775959674091180e-02,-1.387778780781445676e-16,-1.172664133869229415e-03,1.573554783611526842e-01
2.657784418868797793e+00,4.718447854656915297e-16,-3.410747929883739885e-11,5.920115808456670459e-02,3.330669073875469621e-16,-4.792941903281923433e-11,6.297371741781254695e-02,-1.665334536937734811e-16,-1.204193670761736189e-03,1.568012378921023742e-01
2.658744254339679536e+00,4.718447854656915297e-16,-3.405396087731785149e-11,5.887747245565569387e-02,3.330669073875469621e-16,-4.785226999126949640e-11,6.263038391761070744e-02,-1.665334536937734811e-16,-1.235539339823923249e-03,1.562315266771064082e-01
2.659704089810561278e+00,4.718447854656915297e-16,-3.399773430850681552e-11,5.854489573750896320e-02,3.330669073875469621e-16,-4.777127832038003535e-11,6.227778350001415830e-02,-1.387778780781445676e-16,-1.266696602876681184e-03,1.556464168876310339e-01
2.660663925281443021e+00,4.718447854656915297e-16,-3.393870353886807231e-11,5.820346130941275731e-02,3.330669073875469621e-16,-4.768632046176076930e-11,6.191594236659340306e-02,-1.387778780781445676e-16,-1.297660948615293481e-03,1.550459840233657793e-01
2.661623760752324763e+00,4.718447854656915297e-16,-3.387677597075982802e-11,5.785320438339057458e-02,3.608224830031758756e-16,-4.759727788500919127e-11,6.154488847508310378e-02,-1.387778780781445676e-16,-1.328427893239272125e-03,1.544303068634222953e-01
2.662583596223206506e+00,5.273559366969493567e-16,-3.381186253697361296e-11,5.749416220812376271e-02,3.608224830031758756e-16,-4.750403434332362007e-11,6.116465164290128126e-02,-1.387778780781445676e-16,-1.358992981096545424e-03,1.537994674973539311e-01
2.663543431694088248e+00,4.996003610813204432e-16,-3.374387379083019708e-11,5.712637398209030604e-02,3.885780586188047891e-16,-4.740647743882008686e-11,6.077526348059696104e-02,-1.665334536937734811e-16,-1.389351785297792763e-03,1.531535512746599881e-01
2.664503267164969991e+00,4.718447854656915297e-16,-3.367272470377420321e-11,5.674988081050322958e-02,3.885780586188047891e-16,-4.730450060797756345e-11,6.037675726662925652e-02,-1.387778780781445676e-16,-1.419499908354972901e-03,1.524926465723665803e-01
2.665463102635851733e+00,4.718447854656915297e-16,-3.359833363538204318e-11,5.636472578096320823e-02,3.885780586188047891e-16,-4.719800217296106146e-11,5.996916815755404251e-02,-1.665334536937734811e-16,-1.449432982778043472e-03,1.518168449538113696e-01
2.666422938106733476e+00,4.996003610813204432e-16,-3.352062041906745705e-11,5.597095399001324190e-02,4.163336342344337027e-16,-4.708688490116449965e-11,5.955253324313920099e-02,-1.942890293094023946e-16,-1.479146671689800978e-03,1.511262411663632788e-01
2.667382773577615218e+00,4.718447854656915297e-16,-3.343950842206564085e-11,5.556861265539606715e-02,3.885780586188047891e-16,-4.697105638468146438e-11,5.912689153581589946e-02,-1.665334536937734811e-16,-1.508636669433368596e-03,1.504209330887061047e-01
2.668342609048496961e+00,4.718447854656915297e-16,-3.335492176377704773e-11,5.515775095510049020e-02,4.163336342344337027e-16,-4.685043043621550662e-11,5.869228405636288393e-02,-1.665334536937734811e-16,-1.537898702187228501e-03,1.497010217086349460e-01
2.669302444519378703e+00,4.718447854656915297e-16,-3.326679088585604918e-11,5.473842008278302640e-02,4.163336342344337027e-16,-4.672492202043498563e-11,5.824875391165849903e-02,-1.387778780781445676e-16,-1.566928528600679488e-03,1.489666110908653418e-01
2.670262279990260446e+00,4.440892098500626162e-16,-3.317504792063477939e-11,5.431067329404385552e-02,4.163336342344337027e-16,-4.659445655778296155e-11,5.779634648767537769e-02,-1.665334536937734811e-16,-1.595721940398141334e-03,1.482178085169650328e-01
2.671222115461142188e+00,4.718447854656915297e-16,-3.307962940840483007e-11,5.387456589682627223e-02,4.440892098500626162e-16,-4.645896413077183623e-11,5.733510943862828863e-02,-1.665334536937734811e-16,-1.624274763005619177e-03,1.474547243516610706e-01
2.672181950932023931e+00,4.718447854656915297e-16,-3.298047319727666349e-11,5.343015532481414781e-02,4.163336342344337027e-16,-4.631837421205028948e-11,5.686509283450374291e-02,-1.665334536937734811e-16,-1.652582856135283640e-03,1.466774721961322248e-01
2.673141786402905673e+00,4.163336342344337027e-16,-3.287752318656411710e-11,5.297750091438274689e-02,4.163336342344337027e-16,-4.617262882390714765e-11,5.638634913116621211e-02,-1.665334536937734811e-16,-1.680642114392111438e-03,1.458861686899941834e-01
2.674101621873787415e+00,4.163336342344337027e-16,-3.277072329590981908e-11,5.251666424288672919e-02,3.885780586188047891e-16,-4.602167186565624818e-11,5.589893334905965405e-02,-1.665334536937734811e-16,-1.708448467851100957e-03,1.450809337318245962e-01
2.675061457344669158e+00,4.163336342344337027e-16,-3.266002119223015629e-11,5.204770903839301549e-02,4.163336342344337027e-16,-4.586545309130315995e-11,5.540290313764430208e-02,-1.665334536937734811e-16,-1.735997882631077141e-03,1.442618902779515544e-01
2.676021292815550900e+00,4.163336342344337027e-16,-3.254537197261452887e-11,5.157070147224359496e-02,4.163336342344337027e-16,-4.570392685593642132e-11,5.489831879218163430e-02,-1.665334536937734811e-16,-1.763286361481194347e-03,1.434291645260318548e-01
2.676981128286432643e+00,4.163336342344337027e-16,-3.242673221137779699e-11,5.108571002650905135e-02,4.163336342344337027e-16,-4.553705440949276130e-11,5.438524337254323215e-02,-1.665334536937734811e-16,-1.790309944344145110e-03,1.425828857118823234e-01
2.677940963757314385e+00,4.163336342344337027e-16,-3.230406044456312666e-11,5.059280558472107475e-02,3.885780586188047891e-16,-4.536480169785956848e-11,5.386374258388186564e-02,-1.942890293094023946e-16,-1.817064708939901537e-03,1.417231861475437005e-01
2.678900799228196128e+00,4.440892098500626162e-16,-3.217731697681847775e-11,5.009206147831560263e-02,3.885780586188047891e-16,-4.518713838031667221e-11,5.333388489963198503e-02,-2.220446049250313081e-16,-1.843546771314340900e-03,1.408502011084885042e-01
2.679860634699077870e+00,4.440892098500626162e-16,-3.204647204340608374e-11,4.958355336675975000e-02,4.163336342344337027e-16,-4.500404078398726262e-11,5.279574133453800167e-02,-1.665334536937734811e-16,-1.869752286406106429e-03,1.399640687130948302e-01
2.680820470169959613e+00,4.718447854656915297e-16,-3.191149084143620786e-11,4.906735933780100034e-02,3.885780586188047891e-16,-4.481548916283927333e-11,5.224938564356582799e-02,-2.220446049250313081e-16,-1.895677448608570556e-03,1.390649299646239401e-01
2.681780305640841355e+00,4.718447854656915297e-16,-3.177234758383780389e-11,4.854355968018974482e-02,4.163336342344337027e-16,-4.462146877849942211e-11,5.169489431278571218e-02,-1.665334536937734811e-16,-1.921318492313808845e-03,1.381529286954600311e-01
2.682740141111723098e+00,4.718447854656915297e-16,-3.162901907884877600e-11,4.801223699093182945e-02,3.885780586188047891e-16,-4.442196813164841704e-11,5.113234657822968848e-02,-1.665334536937734811e-16,-1.946671692461082043e-03,1.372282116069130364e-01
2.683699976582604840e+00,4.718447854656915297e-16,-3.148148388298303152e-11,4.747347600287904479e-02,3.885780586188047891e-16,-4.421698227561384614e-11,5.056182446589180257e-02,-1.665334536937734811e-16,-1.971733365040984672e-03,1.362909281456172184e-01
2.684659812053486583e+00,4.996003610813204432e-16,-3.132972439150779470e-11,4.692736371056861755e-02,3.885780586188047891e-16,-4.400650895389993794e-11,4.998341268556741324e-02,-1.387778780781445676e-16,-1.996499867644226101e-03,1.353412304643255570e-01
2.685619647524368325e+00,4.718447854656915297e-16,-3.117372668597767627e-11,4.637398933614397117e-02,3.330669073875469621e-16,-4.379055123615409328e-11,4.939719891261348805e-02,-1.387778780781445676e-16,-2.020967599965266519e-03,1.343792735315502973e-01
2.686579482995250068e+00,4.440892098500626162e-16,-3.101347868431471658e-11,4.581344433574408709e-02,3.885780586188047891e-16,-4.356911799928159940e-11,4.880327370360548062e-02,-1.387778780781445676e-16,-2.045133004345623014e-03,1.334052151226607918e-01
2.687539318466131810e+00,4.718447854656915297e-16,-3.084897493162673532e-11,4.524582250101599062e-02,3.885780586188047891e-16,-4.334221541645857587e-11,4.820173080499823987e-02,-1.110223024625156540e-16,-2.068992566277408612e-03,1.324192159945900837e-01
2.688499153937013553e+00,4.163336342344337027e-16,-3.068020836027082060e-11,4.467121984567693632e-02,3.885780586188047891e-16,-4.310986155997998531e-11,4.759266681019758138e-02,-8.326672684688674053e-17,-2.092542814918172192e-03,1.314214395747775876e-01
2.689458989407895295e+00,4.440892098500626162e-16,-3.050717840781709544e-11,4.408973467346146563e-02,3.885780586188047891e-16,-4.287207154091360675e-11,4.697618135843725784e-02,-8.326672684688674053e-17,-2.115780323588849123e-03,1.304120520735115030e-01
2.690418824878777038e+00,4.718447854656915297e-16,-3.032988573156312692e-11,4.350146743353489748e-02,3.885780586188047891e-16,-4.262886749053628604e-11,4.635237684810424030e-02,-1.110223024625156540e-16,-2.138701710271924405e-03,1.293912222393610589e-01
2.691378660349658780e+00,4.440892098500626162e-16,-3.014833567120461452e-11,4.290652069154867604e-02,3.885780586188047891e-16,-4.238027357978020604e-11,4.572135847138000808e-02,-8.326672684688674053e-17,-2.161303638114677253e-03,1.283591213505995143e-01
2.692338495820540523e+00,4.718447854656915297e-16,-2.996253467774448453e-11,4.230499899347003184e-02,4.163336342344337027e-16,-4.212631564653838978e-11,4.508323411829139732e-02,-2.775557561562891351e-17,-2.183582815902491720e-03,1.273159230802888842e-01
2.693298331291422265e+00,4.718447854656915297e-16,-2.977249302399832126e-11,4.169700889757188556e-02,3.885780586188047891e-16,-4.186702501070109494e-11,4.443811419866597334e-02,-2.775557561562891351e-17,-2.205535998557521180e-03,1.262618033122747119e-01
2.694258166762304008e+00,4.718447854656915297e-16,-2.957822421505943572e-11,4.108265894039608152e-02,4.163336342344337027e-16,-4.160243298538231563e-11,4.378611169497373390e-02,-2.775557561562891351e-17,-2.227159987607084043e-03,1.251969402081017368e-01
2.695218002233185750e+00,4.718447854656915297e-16,-2.937974330778549831e-11,4.046205955600891413e-02,3.885780586188047891e-16,-4.133257511886078220e-11,4.312734199330902490e-02,-5.551115123125782702e-17,-2.248451631681140390e-03,1.241215139948235041e-01
2.696177837704067493e+00,4.718447854656915297e-16,-2.917706893690134862e-11,3.983532301442844342e-02,3.885780586188047891e-16,-4.105748735243851255e-11,4.246192295517883103e-02,-5.551115123125782702e-17,-2.269407826973693712e-03,1.230357069351620813e-01
2.697137673174949235e+00,4.718447854656915297e-16,-2.897022527333916950e-11,3.920256323091289574e-02,3.885780586188047891e-16,-4.077721194289517931e-11,4.178997472672508345e-02,-8.326672684688674053e-17,-2.290025517702253249e-03,1.219397031863284631e-01
2.698097508645830978e+00,4.163336342344337027e-16,-2.875923316766199056e-11,3.856389577482809833e-02,3.885780586188047891e-16,-4.049179055069926023e-11,4.111161967021161046e-02,-8.326672684688674053e-17,-2.310301696555097303e-03,1.208336886980930780e-01
2.699057344116712720e+00,4.163336342344337027e-16,-2.854411810539712879e-11,3.791943789402470177e-02,3.885780586188047891e-16,-4.020126600861283206e-11,4.042698252042351004e-02,-5.551115123125782702e-17,-2.330233405122551522e-03,1.197178513060185856e-01
2.700017179587594462e+00,4.440892098500626162e-16,-2.832491438121455263e-11,3.726930839833102194e-02,4.163336342344337027e-16,-3.990568863039296171e-11,3.973619014545676925e-02,-8.326672684688674053e-17,-2.349817734336093807e-03,1.185923804158203337e-01
2.700977015058476205e+00,4.440892098500626162e-16,-2.810165263060189836e-11,3.661362755317638940e-02,4.163336342344337027e-16,-3.960510591087106763e-11,3.903937154323970649e-02,-2.775557561562891351e-17,-2.369051824869513028e-03,1.174574670610176869e-01
2.701936850529357947e+00,4.163336342344337027e-16,-2.787436810368229892e-11,3.595251679612415652e-02,4.440892098500626162e-16,-3.929956920057254416e-11,3.833665752915375174e-02,-2.775557561562891351e-17,-2.387932867568096952e-03,1.163133035793117442e-01
2.702896686000239690e+00,4.440892098500626162e-16,-2.764309925575155966e-11,3.528609889190441329e-02,4.163336342344337027e-16,-3.898913092067243097e-11,3.762818084885707209e-02,-2.775557561562891351e-17,-2.406458103850372086e-03,1.151600837885510265e-01
2.703856521471121432e+00,4.718447854656915297e-16,-2.740788622939511684e-11,3.461449775583523569e-02,3.885780586188047891e-16,-3.867384812731005511e-11,3.691407617479697256e-02,-2.775557561562891351e-17,-2.424624826127080163e-03,1.139980028345322083e-01
2.704816356942003175e+00,4.440892098500626162e-16,-2.716877401900312863e-11,3.393783853275854356e-02,4.163336342344337027e-16,-3.835377776820452639e-11,3.619447994773414973e-02,-2.775557561562891351e-17,-2.442430378210047690e-03,1.128272572630331788e-01
2.705776192412884917e+00,4.718447854656915297e-16,-2.692580810685673079e-11,3.325624723834343099e-02,4.163336342344337027e-16,-3.802897755679273892e-11,3.546953019052143108e-02,-2.775557561562891351e-17,-2.459872155721232016e-03,1.116480446961272410e-01
2.706736027883766660e+00,4.440892098500626162e-16,-2.667904029749097738e-11,3.256985077211704133e-02,3.885780586188047891e-16,-3.769950997700114576e-11,3.473936618429735584e-02,-2.775557561562891351e-17,-2.476947606510888997e-03,1.104605637557041220e-01
2.707695863354648402e+00,4.163336342344337027e-16,-2.642852275458289213e-11,3.187877680665095886e-02,3.885780586188047891e-16,-3.736543907129682290e-11,3.400412857281842616e-02,-8.326672684688674053e-17,-2.493654231039038691e-03,1.092650139079263533e-01
2.708655698825530145e+00,4.163336342344337027e-16,-2.617430871245914406e-11,3.118315373764569964e-02,3.885780586188047891e-16,-3.702682806899521700e-11,3.326395913810920729e-02,-8.326672684688674053e-17,-2.509989582768777910e-03,1.080615955032079301e-01
2.709615534296411887e+00,4.163336342344337027e-16,-2.591646020103652651e-11,3.048311066807534234e-02,3.885780586188047891e-16,-3.668374355366224582e-11,3.251900082166277184e-02,-8.326672684688674053e-17,-2.525951268521666078e-03,1.068505096951073291e-01
2.710575369767293630e+00,4.163336342344337027e-16,-2.565503643130618433e-11,2.977877723744742910e-02,3.608224830031758756e-16,-3.633625491423694842e-11,3.176939749763065673e-02,-5.551115123125782702e-17,-2.541536948832178247e-03,1.056319582717027555e-01
2.711535205238175372e+00,4.163336342344337027e-16,-2.539010288907933566e-11,2.907028376332605746e-02,3.885780586188047891e-16,-3.598443557153519282e-11,3.101529392216449688e-02,-8.326672684688674053e-17,-2.556744338293575128e-03,1.044061436528523207e-01
2.712495040709057115e+00,3.885780586188047891e-16,-2.512172413181908842e-11,2.835776108881391325e-02,3.608224830031758756e-16,-3.562835862111219526e-11,3.025683576133347125e-02,-5.551115123125782702e-17,-2.571571205874101981e-03,1.031732689211940640e-01
2.713454876179938857e+00,3.885780586188047891e-16,-2.484997332284329466e-11,2.764134066127721737e-02,3.885780586188047891e-16,-3.526809908298202817e-11,2.949416943261778251e-02,-5.551115123125782702e-17,-2.586015375256139198e-03,1.019335378415871102e-01
2.714414711650820600e+00,3.885780586188047891e-16,-2.457491945129144234e-11,2.692115427438984340e-02,3.608224830031758756e-16,-3.490373947170628127e-11,2.872744202171711655e-02,-5.551115123125782702e-17,-2.600074725122535329e-03,1.006871546168699866e-01
2.715374547121702342e+00,3.885780586188047891e-16,-2.429664049162852391e-11,2.619733402682092316e-02,3.330669073875469621e-16,-3.453535471920760047e-11,2.795680090348270919e-02,-8.326672684688674053e-17,-2.613747189470836188e-03,9.943432373629552956e-02
2.716334382592584085e+00,3.885780586188047891e-16,-2.401521487910545510e-11,2.547001219097150618e-02,3.608224830031758756e-16,-3.416303666418625887e-11,2.718239390354785026e-02,-5.551115123125782702e-17,-2.627030757882193018e-03,9.817525010857343359e-02
2.717294218063465827e+00,3.885780586188047891e-16,-2.373072321060123308e-11,2.473932114749531272e-02,3.608224830031758756e-16,-3.378687101960025502e-11,2.640436902576058509e-02,-5.551115123125782702e-17,-2.639923475821605824e-03,9.691013894930375350e-02
2.718254053534347570e+00,4.163336342344337027e-16,-2.344325075861672381e-11,2.400539337963429956e-02,3.330669073875469621e-16,-3.340694880422196908e-11,2.562287446412423245e-02,-5.551115123125782702e-17,-2.652423444909299613e-03,9.563919577070079114e-02
2.719213889005229312e+00,3.885780586188047891e-16,-2.315288741028828992e-11,2.326836123458115441e-02,3.330669073875469621e-16,-3.302335787908495385e-11,2.483805823788357015e-02,-2.775557561562891351e-17,-2.664528823194950349e-03,9.436262611112210263e-02
2.720173724476111055e+00,3.885780586188047891e-16,-2.285972272749164230e-11,2.252835702452260502e-02,3.330669073875469621e-16,-3.263619830927346616e-11,2.405006839281715464e-02,-2.775557561562891351e-17,-2.676237825427733689e-03,9.308063579423404843e-02
2.721133559946992797e+00,3.885780586188047891e-16,-2.256385365822979189e-11,2.178551290529315981e-02,3.330669073875469621e-16,-3.224556987526869256e-11,2.325905287766103641e-02,-2.775557561562891351e-17,-2.687548723303590740e-03,9.179343085783847611e-02
2.722093395417874540e+00,3.885780586188047891e-16,-2.226537257652783444e-11,2.103996101908023331e-02,3.330669073875469621e-16,-3.185157145630876374e-11,2.246515961887239968e-02,-2.775557561562891351e-17,-2.698459845734272819e-03,9.050121765812514651e-02
2.723053230888756282e+00,3.885780586188047891e-16,-2.196438145837635580e-11,2.029183326987882979e-02,3.330669073875469621e-16,-3.145430912124746667e-11,2.166853633058153997e-02,0.000000000000000000e+00,-2.708969579087150501e-03,8.920420274407597772e-02
2.724013066359638024e+00,3.330669073875469621e-16,-2.166098069412026456e-11,1.954126135310993786e-02,3.330669073875469621e-16,-3.105389166299654669e-11,2.086933037875961586e-02,0.000000000000000000e+00,-2.719076367448107490e-03,8.790259275941120221e-02
2.724972901830519767e+00,3.330669073875469621e-16,-2.135528074363214623e-11,1.878837669083203987e-02,3.330669073875469621e-16,-3.065043000221451264e-11,2.006768885618044271e-02,-2.775557561562891351e-17,-2.728778712833508212e-03,8.659659456005452949e-02
2.725932737301401509e+00,3.330669073875469621e-16,-2.104738513466694605e-11,1.803331046318299227e-02,3.608224830031758756e-16,-3.024403837992902661e-11,1.926375841464032096e-02,-2.775557561562891351e-17,-2.738075175407042160e-03,8.528641510087321687e-02
2.726892572772283252e+00,3.330669073875469621e-16,-2.073740585175655460e-11,1.727619358847882342e-02,3.885780586188047891e-16,-2.983483819967835265e-11,1.845768521688026520e-02,-2.775557561562891351e-17,-2.746964373665639406e-03,8.397226144464697839e-02
2.727852408243164994e+00,3.330669073875469621e-16,-2.042545596363503496e-11,1.651715658577653303e-02,3.885780586188047891e-16,-2.942295156973216697e-11,1.764961468827143734e-02,-2.775557561562891351e-17,-2.755444984629627520e-03,8.265434059409268452e-02
2.728812243714046737e+00,3.608224830031758756e-16,-2.011165168999901401e-11,1.575632965917352427e-02,3.608224830031758756e-16,-2.900850089651574315e-11,1.683969148235931954e-02,-2.775557561562891351e-17,-2.763515744035278509e-03,8.133285941274714936e-02
2.729772079184928479e+00,3.330669073875469621e-16,-1.979611046349629908e-11,1.499384265406585558e-02,3.330669073875469621e-16,-2.859162173240569621e-11,1.602805953478674689e-02,-2.775557561562891351e-17,-2.771175446504899748e-03,8.000802477855641082e-02
2.730731914655810222e+00,3.608224830031758756e-16,-1.947895263056803605e-11,1.422982508075686450e-02,3.330669073875469621e-16,-2.817244185062805356e-11,1.521486189796505614e-02,-5.551115123125782702e-17,-2.778422945737918544e-03,7.868004334770825614e-02
2.731691750126691964e+00,3.330669073875469621e-16,-1.916029917462414717e-11,1.346440604084648239e-02,3.330669073875469621e-16,-2.775110069991098757e-11,1.440024070952151958e-02,-5.551115123125782702e-17,-2.785257154676467999e-03,7.734912169700512707e-02
2.732651585597573707e+00,3.608224830031758756e-16,-1.884027679146475093e-11,1.269771396891027949e-02,3.330669073875469621e-16,-2.732773835239891980e-11,1.358433698808408224e-02,-2.775557561562891351e-17,-2.791677045694619316e-03,7.601546600657381469e-02
2.733611421068455449e+00,3.330669073875469621e-16,-1.851900916145267362e-11,1.192987674823561307e-02,3.885780586188047891e-16,-2.690249908151969016e-11,1.276729071752432700e-02,0.000000000000000000e+00,-2.797681650752481194e-03,7.467928233225590295e-02
2.734571256539337192e+00,3.330669073875469621e-16,-1.819662539273786753e-11,1.116102147387734375e-02,3.608224830031758756e-16,-2.647552920035647558e-11,1.194924086803279481e-02,0.000000000000000000e+00,-2.803270061559418654e-03,7.334077648773475178e-02
2.735531092010218934e+00,2.775557561562891351e-16,-1.787325631464123377e-11,1.039127466808724767e-02,3.330669073875469621e-16,-2.604698038201694321e-11,1.113032533133109098e-02,-2.775557561562891351e-17,-2.808441429731875147e-03,7.200015415888406933e-02
2.736490927481100677e+00,2.775557561562891351e-16,-1.754902942256199305e-11,9.620762058183133375e-03,3.053113317719180486e-16,-2.561700331705054137e-11,1.031068101951231400e-02,0.000000000000000000e+00,-2.813194966930070932e-03,7.065762087941138136e-02
2.737450762951982419e+00,2.775557561562891351e-16,-1.722407866967855597e-11,8.849608701402434524e-03,3.053113317719180486e-16,-2.518575468622372138e-11,9.490443833641077492e-03,-2.775557561562891351e-17,-2.817529945004821831e-03,6.931338219361121711e-02
2.738410598422864162e+00,3.053113317719180486e-16,-1.689853636253728364e-11,8.077938973743087683e-03,2.775557561562891351e-16,-2.475339415185890887e-11,8.669748685655394999e-03,0.000000000000000000e+00,-2.821445696109342594e-03,6.796764353689968563e-02
2.739370433893745904e+00,3.330669073875469621e-16,-1.657253860239214088e-11,7.305876699916184248e-03,2.775557561562891351e-16,-2.432008185061697997e-11,7.848729411150301774e-03,0.000000000000000000e+00,-2.824941612835413576e-03,6.662061027823037995e-02
2.740330269364627647e+00,3.053113317719180486e-16,-1.624621802105014057e-11,6.533545319194542303e-03,2.498001805406602216e-16,-2.388598409911119394e-11,7.027518865468576972e-03,0.000000000000000000e+00,-2.828017148336646296e-03,6.527248780852519527e-02
2.741290104835509389e+00,3.330669073875469621e-16,-1.591971269165794872e-11,5.761067668163263357e-03,2.775557561562891351e-16,-2.345126852854994420e-11,6.206248889567466710e-03,0.000000000000000000e+00,-2.830671816448339807e-03,6.392348154293689411e-02
2.742249940306391132e+00,3.053113317719180486e-16,-1.559315563226960216e-11,4.988566206468288480e-03,2.498001805406602216e-16,-2.301609890767138469e-11,5.385050288480414636e-03,-2.775557561562891351e-17,-2.832905191802979027e-03,6.257379695853806933e-02
2.743209775777272874e+00,3.053113317719180486e-16,-1.526668450945595223e-11,4.216162843684020944e-03,2.775557561562891351e-16,-2.258064947454089741e-11,4.564052735417313718e-03,-2.775557561562891351e-17,-2.834716909904238906e-03,6.122363939356602336e-02
2.744169611248154617e+00,2.775557561562891351e-16,-1.494043469941076091e-11,3.443979034336558994e-03,2.775557561562891351e-16,-2.214509147211536286e-11,3.743384539691739857e-03,-2.775557561562891351e-17,-2.836106667233148203e-03,5.987321403090108823e-02
2.745129446719036359e+00,3.330669073875469621e-16,-1.461454100912164961e-11,2.672135620716466035e-03,2.775557561562891351e-16,-2.170959794583777330e-11,2.923172813257120424e-03,-8.326672684688674053e-17,-2.837074221302782716e-03,5.852272589188151769e-02
2.746089282189918102e+00,2.775557561562891351e-16,-1.428913665993056248e-11,1.900752822888923145e-03,2.775557561562891351e-16,-2.127434324896999157e-11,2.103543293847918473e-03,-2.775557561562891351e-17,-2.837619390750768106e-03,5.717237981302175642e-02
2.747049117660799844e+00,2.775557561562891351e-16,-1.396435769210509215e-11,1.129950314715614471e-03,2.775557561562891351e-16,-2.083950254792550985e-11,1.284620631668887325e-03,-5.551115123125782702e-17,-2.837742055384100386e-03,5.582238058906156125e-02
2.748008953131681587e+00,3.053113317719180486e-16,-1.364033549739601670e-11,3.598471822713179380e-04,2.775557561562891351e-16,-2.040525304877315732e-11,4.665282040838081377e-04,-2.775557561562891351e-17,-2.837442156234372577e-03,5.447293289448826292e-02
2.748968788602563329e+00,3.330669073875469621e-16,-1.331720276859672120e-11,-4.094379195638163859e-04,2.498001805406602216e-16,-1.997177153745342132e-11,-3.506116127269325814e-04,-2.775557561562891351e-17,-2.836719695601814563e-03,5.312424149450525879e-02
2.749928624073445071e+00,3.330669073875469621e-16,-1.299509102620699172e-11,-1.177786979627681386e-03,2.775557561562891351e-16,-1.953922993454954016e-11,-1.166677594867485211e-03,0.000000000000000000e+00,-2.835574737085252636e-03,5.177651105001129794e-02
2.750888459544326814e+00,3.330669073875469621e-16,-1.267412948679699780e-11,-1.945082479165203713e-03,2.498001805406602216e-16,-1.910780915274652020e-11,-1.981549417598696058e-03,-2.775557561562891351e-17,-2.834007405618296262e-03,5.042994637562892013e-02
2.751848295015208556e+00,3.330669073875469621e-16,-1.235444399913391070e-11,-2.711207532319969554e-03,2.220446049250313081e-16,-1.867768671659757879e-11,-2.795107688186462477e-03,-2.775557561562891351e-17,-2.832017887455375721e-03,4.908475237900547516e-02
2.752808130486090299e+00,3.053113317719180486e-16,-1.203616149618707415e-11,-3.476045748642028234e-03,1.942890293094023946e-16,-1.824903411978134882e-11,-3.607233980716915284e-03,-2.775557561562891351e-17,-2.829606430187115666e-03,4.774113402358467345e-02
2.753767965956972041e+00,3.330669073875469621e-16,-1.171940752179179840e-11,-4.239481296594052075e-03,1.942890293094023946e-16,-1.782202942895213388e-11,-4.417810776684738538e-03,-8.326672684688674053e-17,-2.826773342715640895e-03,4.639929630973121250e-02
2.754727801427853784e+00,3.608224830031758756e-16,-1.140430497026433468e-11,-5.001398880656083429e-03,2.498001805406602216e-16,-1.739684406324966751e-11,-5.226721523158006644e-03,-8.326672684688674053e-17,-2.823518995260866464e-03,4.505944422933804566e-02
2.755687636898735526e+00,3.885780586188047891e-16,-1.109097189766873950e-11,-5.761683806462168829e-03,1.942890293094023946e-16,-1.697364777485284304e-11,-6.033850562563399834e-03,-8.326672684688674053e-17,-2.819843819332769428e-03,4.372178281239891967e-02
2.756647472369617269e+00,3.885780586188047891e-16,-1.077952602803215407e-11,-6.520222073405535120e-03,2.498001805406602216e-16,-1.655260903522673757e-11,-6.839083356710923961e-03,-8.326672684688674053e-17,-2.815748307711125973e-03,4.238651689779386611e-02
2.757607307840499011e+00,3.885780586188047891e-16,-1.047008497696150231e-11,-7.276900336969247853e-03,2.775557561562891351e-16,-1.613389453367910717e-11,-7.642306338973864355e-03,-1.387778780781445676e-16,-2.811233014418787566e-03,4.105385116199634921e-02
2.758567143311380754e+00,3.885780586188047891e-16,-1.016275823532367811e-11,-8.031605809157063222e-03,2.498001805406602216e-16,-1.571766942808213927e-11,-8.443406826020920589e-03,-1.110223024625156540e-16,-2.806298554683851840e-03,3.972399023619432867e-02
2.759526978782262496e+00,4.163336342344337027e-16,-9.857658038372324460e-12,-8.784226332713234581e-03,2.498001805406602216e-16,-1.530409269635563813e-11,-9.242273134616845950e-03,-1.387778780781445676e-16,-2.800945604903791551e-03,3.839713845628164868e-02
2.760486814253144239e+00,4.440892098500626162e-16,-9.554886111376274804e-12,-9.534650431155254277e-03,2.498001805406602216e-16,-1.489332329609061728e-11,-1.003879457371959980e-02,-1.387778780781445676e-16,-2.795174902573454873e-03,3.707349986038712547e-02
2.761446649724025981e+00,4.718447854656915297e-16,-9.254550928762886319e-12,-1.028276747064150488e-02,2.220446049250313081e-16,-1.448551555669006646e-11,-1.083286166061905691e-02,-1.387778780781445676e-16,-2.788987246223415071e-03,3.575327779060216010e-02
2.762406485194907724e+00,4.718447854656915297e-16,-8.956749323338689117e-12,-1.102846753463109994e-02,2.498001805406602216e-16,-1.408082076501462887e-11,-1.162436586668669398e-02,-1.387778780781445676e-16,-2.782383495311774920e-03,3.443667517535137917e-02
2.763366320665789466e+00,4.440892098500626162e-16,-8.661579347637657356e-12,-1.177164145666948804e-02,2.498001805406602216e-16,-1.367938289633654700e-11,-1.241319957322691708e-02,-1.110223024625156540e-16,-2.775364570123441295e-03,3.312389435242379249e-02
2.764326156136671209e+00,4.163336342344337027e-16,-8.369134215941570476e-12,-1.251218069026969332e-02,2.220446049250313081e-16,-1.328135315620130111e-11,-1.319925601073104054e-02,-1.110223024625156540e-16,-2.767931451644671265e-03,3.181513716770882627e-02
2.765285991607552951e+00,4.163336342344337027e-16,-8.079504953799072214e-12,-1.324997754995078762e-02,2.498001805406602216e-16,-1.288686765941538317e-11,-1.398242925533713620e-02,-1.387778780781445676e-16,-2.760085181434722944e-03,3.051060474518223209e-02
2.766245827078434694e+00,4.163336342344337027e-16,-7.792778900471419856e-12,-1.398492512105791764e-02,2.498001805406602216e-16,-1.249606150434574847e-11,-1.476261433930223591e-02,-1.387778780781445676e-16,-2.751826861503149819e-03,2.921049751584415405e-02
2.767205662549316436e+00,4.163336342344337027e-16,-7.509038807689428358e-12,-1.471691728158954632e-02,2.220446049250313081e-16,-1.210906619793965591e-11,-1.553970704272611761e-02,-1.387778780781445676e-16,-2.743157654167036920e-03,2.791501517768117668e-02
2.768165498020198179e+00,4.163336342344337027e-16,-7.228367061265679461e-12,-1.544584878886239715e-02,2.775557561562891351e-16,-1.172600767705570327e-11,-1.631360406534945739e-02,-1.387778780781445676e-16,-2.734078781924070226e-03,2.662435657781647355e-02
2.769125333491079921e+00,4.163336342344337027e-16,-6.950839934823007521e-12,-1.617161532091130824e-02,2.498001805406602216e-16,-1.134700689799875845e-11,-1.708420289909304626e-02,-8.326672684688674053e-17,-2.724591527294420099e-03,2.533871963886798195e-02
2.770085168961961664e+00,4.440892098500626162e-16,-6.676530517140365217e-12,-1.689411365425433006e-02,2.498001805406602216e-16,-1.097218088684081411e-11,-1.785140203811666493e-02,-8.326672684688674053e-17,-2.714697232675910080e-03,2.405830117648185065e-02
2.771045004432843406e+00,4.440892098500626162e-16,-6.405510412994981639e-12,-1.761324153728232450e-02,1.942890293094023946e-16,-1.060164364066404352e-11,-1.861510095525001351e-02,-8.326672684688674053e-17,-2.704397300182521946e-03,2.278329686267885346e-02
2.772004839903725149e+00,4.163336342344337027e-16,-6.137848232055584385e-12,-1.832889775276894812e-02,1.942890293094023946e-16,-1.023549866011833759e-11,-1.937519990534876044e-02,-5.551115123125782702e-17,-2.693693191474071016e-03,2.151390123609935381e-02
2.772964675374606891e+00,4.163336342344337027e-16,-5.873605800951059441e-12,-1.904098197396842523e-02,1.942890293094023946e-16,-9.873848429414050498e-12,-2.013160003369801956e-02,-8.326672684688674053e-17,-2.682586427596219108e-03,2.025030765670649338e-02
2.773924510845488633e+00,4.163336342344337027e-16,-5.612843455532305625e-12,-1.974939487297150409e-02,2.220446049250313081e-16,-9.516785146393424988e-12,-2.088420318535727169e-02,-2.775557561562891351e-17,-2.671078588770400396e-03,1.899270822499546721e-02
2.774884346316370376e+00,4.163336342344337027e-16,-5.355617736942618057e-12,-2.045403807942315633e-02,2.498001805406602216e-16,-9.164400900478486545e-12,-2.163291216324446722e-02,-2.775557561562891351e-17,-2.659171314210112026e-03,1.774129366085650319e-02
2.775844181787252118e+00,4.163336342344337027e-16,-5.101978240655124369e-12,-2.115481409262417664e-02,2.775557561562891351e-16,-8.816783295204771997e-12,-2.237763032244604808e-02,-2.775557561562891351e-17,-2.646866301885677369e-03,1.649625338980422948e-02
2.776804017258133861e+00,4.163336342344337027e-16,-4.851979739208325815e-12,-2.185162634749476460e-02,2.498001805406602216e-16,-8.474011531540981412e-12,-2.311826179421268973e-02,0.000000000000000000e+00,-2.634165308317945771e-03,1.525777544812489776e-02
2.777763852729015603e+00,4.163336342344337027e-16,-4.605666149566471634e-12,-2.254437914468543358e-02,2.498001805406602216e-16,-8.136159098065618572e-12,-2.385471132675690692e-02,-2.775557561562891351e-17,-2.621070148332035974e-03,1.402604644261765295e-02
2.778723688199897346e+00,4.163336342344337027e-16,-4.363078163192347925e-12,-2.323297788321300808e-02,2.498001805406602216e-16,-7.803297491135695318e-12,-2.458688459412210203e-02,0.000000000000000000e+00,-2.607582694806472555e-03,1.280125125809563995e-02
2.779683523670779088e+00,4.163336342344337027e-16,-4.124258673834403643e-12,-2.391732892739806965e-02,2.775557561562891351e-16,-7.475489289545354799e-12,-2.531468807200752333e-02,0.000000000000000000e+00,-2.593704878413046356e-03,1.158357311911370653e-02
2.780643359141660831e+00,4.163336342344337027e-16,-3.889242958720826038e-12,-2.459733972795755466e-02,2.498001805406602216e-16,-7.152795330589000605e-12,-2.603802901850976736e-02,0.000000000000000000e+00,-2.579438687317899079e-03,1.037319348949226026e-02
2.781603194612542573e+00,4.163336342344337027e-16,-3.658064634895225736e-12,-2.527291870067407964e-02,2.775557561562891351e-16,-6.835271260943135557e-12,-2.675681546637309963e-02,-2.775557561562891351e-17,-2.564786166913656830e-03,9.170292157901313579e-03
2.782563030083424316e+00,3.885780586188047891e-16,-3.430753334958229483e-12,-2.594397541348974351e-02,2.498001805406602216e-16,-6.522966913250112519e-12,-2.747095628582347029e-02,0.000000000000000000e+00,-2.549749419515371252e-03,7.975047029596019077e-03
2.783522865554306058e+00,4.163336342344337027e-16,-3.207336496001064741e-12,-2.661042052755445073e-02,2.498001805406602216e-16,-6.215925926647374034e-12,-2.818036124054639630e-02,0.000000000000000000e+00,-2.534330604102473343e-03,6.787634069655077568e-03
2.784482701025187801e+00,3.885780586188047891e-16,-2.987839027568644362e-12,-2.727216583887217410e-02,2.498001805406602216e-16,-5.914188138788495364e-12,-2.888494076550527853e-02,-2.775557561562891351e-17,-2.518531936014718493e-03,5.608227377647359915e-03
2.785442536496069543e+00,3.885780586188047891e-16,-2.772281373648183278e-12,-2.792912426214654367e-02,2.220446049250313081e-16,-5.617790439652395329e-12,-2.958460604049697323e-02,-2.775557561562891351e-17,-2.502355686668999383e-03,4.436999150642623006e-03
2.786402371966951286e+00,3.885780586188047891e-16,-2.560683727505144031e-12,-2.858120991306111608e-02,2.498001805406602216e-16,-5.326761797765870027e-12,-3.027926893997065494e-02,0.000000000000000000e+00,-2.485804183246842925e-03,3.274119698353471653e-03
2.787362207437833028e+00,4.440892098500626162e-16,-2.353061403495212978e-12,-2.922833821720991626e-02,2.498001805406602216e-16,-5.041127041358669375e-12,-3.096884219227562587e-02,0.000000000000000000e+00,-2.468879808384390456e-03,2.119757251467348572e-03
2.788322042908714771e+00,4.163336342344337027e-16,-2.149424884498145338e-12,-2.987042589342008697e-02,2.498001805406602216e-16,-4.760905476005727194e-12,-3.165323931975307092e-02,-2.775557561562891351e-17,-2.451584999854845327e-03,9.740779240323560071e-04
2.789281878379596513e+00,4.163336342344337027e-16,-1.949786970875840020e-12,-3.050739088628190432e-02,2.498001805406602216e-16,-4.486117545694258413e-12,-3.233237452468361306e-02,0.000000000000000000e+00,-2.433922250218159816e-03,-1.627541438404785980e-04
2.790241713850478256e+00,4.163336342344337027e-16,-1.754157840576191230e-12,-3.113915234928556555e-02,2.498001805406602216e-16,-4.216774959807725875e-12,-3.300616275435552804e-02,0.000000000000000000e+00,-2.415894106485013543e-03,-1.290576972647804839e-03
2.791201549321359998e+00,4.718447854656915297e-16,-1.562541267978011933e-12,-3.176563059602789674e-02,2.498001805406602216e-16,-3.952882746333704483e-12,-3.367451973707997342e-02,0.000000000000000000e+00,-2.397503169750507968e-03,-2.409230666560364248e-03
2.792161384792241741e+00,4.440892098500626162e-16,-1.374940688646936193e-12,-3.238674723993363591e-02,2.220446049250313081e-16,-3.694448067782796219e-12,-3.433736220875027723e-02,0.000000000000000000e+00,-2.378752094844979129e-03,-3.518557854568681292e-03
2.793121220263123483e+00,4.163336342344337027e-16,-1.191356231331971993e-12,-3.300242506227837186e-02,2.498001805406602216e-16,-3.441468870947136938e-12,-3.499460781949099986e-02,0.000000000000000000e+00,-2.359643589955990987e-03,-4.618403473143239089e-03
2.794081055734005226e+00,4.440892098500626162e-16,-1.011785883482836657e-12,-3.361258815451320658e-02,2.498001805406602216e-16,-3.193948279684236113e-12,-3.564617527995282698e-02,0.000000000000000000e+00,-2.340180416266002868e-03,-5.708615045557542331e-03
2.795040891204886968e+00,4.718447854656915297e-16,-8.362256877616006112e-13,-3.421716181824639713e-02,2.775557561562891351e-16,-2.951872958307372175e-12,-3.629198437179387282e-02,-2.775557561562891351e-17,-2.320365387579359246e-03,-6.789042590231312950e-03
2.796000726675768711e+00,4.163336342344337027e-16,-6.646701418422384933e-13,-3.481607285285873848e-02,2.498001805406602216e-16,-2.715236706535371219e-12,-3.693195601406906031e-02,-2.775557561562891351e-17,-2.300201369939758930e-03,-7.859538849027869825e-03
2.796960562146650453e+00,4.718447854656915297e-16,-4.971114801266898753e-13,-3.540924957105999471e-02,2.775557561562891351e-16,-2.484025382306145890e-12,-3.756601240784730039e-02,-2.775557561562891351e-17,-2.279691281243650253e-03,-8.919959330469497127e-03
2.797920397617532196e+00,4.718447854656915297e-16,-3.335383794785158618e-13,-3.599662196313672957e-02,2.498001805406602216e-16,-2.258222919098752668e-12,-3.819407700566507941e-02,-2.775557561562891351e-17,-2.258838090820802259e-03,-9.970162342041965359e-03
2.798880233088413938e+00,4.718447854656915297e-16,-1.739363725749773493e-13,-3.657812170806161445e-02,2.498001805406602216e-16,-2.037809374369481397e-12,-3.881607464858930628e-02,-5.551115123125782702e-17,-2.237644819036686567e-03,-1.101000912221481408e-02
2.799840068559295680e+00,4.718447854656915297e-16,-1.829503074642774285e-14,-3.715368210864657822e-02,2.775557561562891351e-16,-1.822761945991391991e-12,-3.943193143049098653e-02,-8.326672684688674053e-17,-2.216114536869684057e-03,-1.203936373948046035e-02
2.800799904030177423e+00,4.996003610813204432e-16,1.334065236752168815e-13,-3.772323832299021712e-02,2.498001805406602216e-16,-1.613056205534285636e-12,-4.004157476552737405e-02,-8.326672684688674053e-17,-2.194250365501205710e-03,-1.305809314372588688e-02
2.801759739501059165e+00,5.273559366969493567e-16,2.811841335942019682e-13,-3.828672708821037607e-02,2.775557561562891351e-16,-1.408663225128947705e-12,-4.064493326156197461e-02,-1.110223024625156540e-16,-2.172055475892374111e-03,-1.406606695983740433e-02
2.802719574971940908e+00,5.273559366969493567e-16,4.250571113617249153e-13,-3.884408687808390409e-02,2.775557561562891351e-16,-1.209555459263933486e-12,-4.124193664783241953e-02,-1.110223024625156540e-16,-2.149533088338754627e-03,-1.506315756089672379e-02
2.803679410442822650e+00,5.273559366969493567e-16,5.650489299548200339e-13,-3.939525770243790248e-02,3.053113317719180486e-16,-1.015696526180092513e-12,-4.183251607830303781e-02,-1.387778780781445676e-16,-2.126686472041948960e-03,-1.604924018410681247e-02
2.804639245913704393e+00,5.273559366969493567e-16,7.011831910995296180e-13,-3.994018130600941047e-02,2.775557561562891351e-16,-8.270503964839803768e-13,-4.241660398360316137e-02,-1.387778780781445676e-16,-2.103518944641298311e-03,-1.702419290996102369e-02
2.805599081384586135e+00,4.718447854656915297e-16,8.334856378211866201e-13,-4.047880117396848026e-02,3.330669073875469621e-16,-6.435814473579673511e-13,-4.299413433002816781e-02,-1.665334536937734811e-16,-2.080033871778002880e-03,-1.798789667462901559e-02
2.806558916855467878e+00,5.273559366969493567e-16,9.619823655108300509e-13,-4.101106244320687488e-02,3.053113317719180486e-16,-4.652479912285213681e-13,-4.356504241668456012e-02,-1.387778780781445676e-16,-2.056234666602266541e-03,-1.894023523522269520e-02
2.807518752326349620e+00,5.273559366969493567e-16,1.086704771985748733e-12,-4.153691202928835868e-02,3.330669073875469621e-16,-2.920107935295256085e-13,-4.412926528830411060e-02,-1.387778780781445676e-16,-2.032124789298854310e-03,-1.988109541655331408e-02
2.808478587797231363e+00,5.273559366969493567e-16,1.207680961799132563e-12,-4.205629839104364776e-02,3.053113317719180486e-16,-1.238216208168316235e-13,-4.468674163475730432e-02,-1.387778780781445676e-16,-2.007707746602080141e-03,-2.081036699249521477e-02
2.809438423268113105e+00,5.551115123125782702e-16,1.324945744616981905e-12,-4.256917191301361203e-02,3.330669073875469621e-16,3.936358617534496673e-14,-4.523741201377929483e-02,-8.326672684688674053e-17,-1.982987091302407766e-03,-2.172794281504865713e-02
2.810398258738994848e+00,5.551115123125782702e-16,1.438531222987997696e-12,-4.307548462497527708e-02,3.330669073875469621e-16,1.975943687100231716e-13,-4.578121868088194657e-02,-1.110223024625156540e-16,-1.957966421760996573e-03,-2.263371861141968283e-02
2.811358094209876590e+00,5.551115123125782702e-16,1.548475262673053993e-12,-4.357519046479525759e-02,3.330669073875469621e-16,3.509217249468912780e-13,-4.631810572369513684e-02,-1.110223024625156540e-16,-1.932649381369390320e-03,-2.352759315576495244e-02
2.812317929680758333e+00,5.551115123125782702e-16,1.654815736209288429e-12,-4.406824502442059643e-02,3.330669073875469621e-16,4.993970121876072088e-13,-4.684801906962531709e-02,-1.110223024625156540e-16,-1.907039658048215874e-03,-2.440946809388987518e-02
2.813277765151640075e+00,5.828670879282071837e-16,1.757590878663940065e-12,-4.455460565440114151e-02,3.330669073875469621e-16,6.430733156810412854e-13,-4.737090639013361026e-02,-8.326672684688674053e-17,-1.881140983686224169e-03,-2.527924790620461951e-02
2.814237600622521818e+00,5.828670879282071837e-16,1.856841984587253441e-12,-4.503423142790160399e-02,3.330669073875469621e-16,7.820066785151156413e-13,-4.788671719288691009e-02,-1.110223024625156540e-16,-1.854957133614425690e-03,-2.613683991960596281e-02
2.815197436093403560e+00,6.106226635438360972e-16,1.952612205225693481e-12,-4.550708319083014708e-02,3.330669073875469621e-16,9.162552749126477020e-13,-4.839540277155687104e-02,-8.326672684688674053e-17,-1.828491926024331232e-03,-2.698215429502103316e-02
2.816157271564285303e+00,6.106226635438360972e-16,2.044945288136919975e-12,-4.597312363840268951e-02,2.775557561562891351e-16,1.045878803755759950e-12,-4.889691641487065726e-02,-1.110223024625156540e-16,-1.801749221396103549e-03,-2.781510407793336137e-02
2.817117107035167045e+00,5.828670879282071837e-16,2.133887071355906537e-12,-4.643231716901355388e-02,3.330669073875469621e-16,1.170936665770977436e-12,-4.939121313619382336e-02,-8.326672684688674053e-17,-1.774732921917748308e-03,-2.863560496600475389e-02
2.818076942506048788e+00,5.828670879282071837e-16,2.219484365311450227e-12,-4.688462988473997978e-02,3.330669073875469621e-16,1.291491981853529550e-12,-4.987824975304350206e-02,-8.326672684688674053e-17,-1.747446970891740857e-03,-2.944357530222811020e-02
2.819036777976930530e+00,6.106226635438360972e-16,2.301784685163760225e-12,-4.733002951008604547e-02,3.330669073875469621e-16,1.407608791082360505e-12,-5.035798479417745444e-02,-8.326672684688674053e-17,-1.719895352160888272e-03,-3.023893598838412605e-02
2.819996613447812273e+00,6.106226635438360972e-16,2.380840242023705283e-12,-4.776848546490446851e-02,3.330669073875469621e-16,1.519353158639224349e-12,-5.083037861310028133e-02,-1.110223024625156540e-16,-1.692082089512119639e-03,-3.102161042492960694e-02
2.820956448918694015e+00,6.106226635438360972e-16,2.456701481785492081e-12,-4.819996892559788582e-02,3.608224830031758756e-16,1.626793270676375053e-12,-5.129539357804983879e-02,-8.326672684688674053e-17,-1.664011246106869221e-03,-3.179152477836822560e-02
2.821916284389575758e+00,6.106226635438360972e-16,2.529422540018845533e-12,-4.862445270638949407e-02,3.885780586188047891e-16,1.729998428041425174e-12,-5.175299390383458764e-02,-1.387778780781445676e-16,-1.635686923876157346e-03,-3.254860766387257520e-02
2.822876119860457500e+00,6.106226635438360972e-16,2.599057423544482576e-12,-4.904191137557302460e-02,3.885780586188047891e-16,1.829038771838670946e-12,-5.220314579319167841e-02,-1.387778780781445676e-16,-1.607113262929725376e-03,-3.329279039626460712e-02
2.823835955331339242e+00,5.828670879282071837e-16,2.665661406344409234e-12,-4.945232105665866434e-02,3.885780586188047891e-16,1.923987106243994771e-12,-5.264581727401582145e-02,-1.387778780781445676e-16,-1.578294440941703557e-03,-3.402400667833319764e-02
2.824795790802220985e+00,5.828670879282071837e-16,2.729293015007148993e-12,-4.985565958026521444e-02,3.885780586188047891e-16,2.014918139563344479e-12,-5.308097836004719433e-02,-1.387778780781445676e-16,-1.549234672526915262e-03,-3.474219286273830948e-02
2.825755626273102727e+00,6.106226635438360972e-16,2.790012009401196535e-12,-5.025190629049771512e-02,3.885780586188047891e-16,2.101904994456990639e-12,-5.350860098660666087e-02,-1.387778780781445676e-16,-1.519938208615287997e-03,-3.544728776721434160e-02
2.826715461743984470e+00,6.106226635438360972e-16,2.847877302362099294e-12,-5.064104201666785182e-02,3.885780586188047891e-16,2.185028372836015850e-12,-5.392865883095069451e-02,-1.387778780781445676e-16,-1.490409335805544661e-03,-3.613923255409660917e-02
2.827675297214866212e+00,6.106226635438360972e-16,2.902952312940684093e-12,-5.102304892096161393e-02,4.163336342344337027e-16,2.264364233226998091e-12,-5.434112729199172542e-02,-1.110223024625156540e-16,-1.460652375727632601e-03,-3.681797065532770030e-02
2.828635132685747955e+00,6.106226635438360972e-16,2.955298420532440767e-12,-5.139791047062355206e-02,4.163336342344337027e-16,2.339993599413539918e-12,-5.474598336161431988e-02,-1.110223024625156540e-16,-1.430671684370643168e-03,-3.748344765884091545e-02
2.829594968156629697e+00,5.551115123125782702e-16,3.004980534966183309e-12,-5.176561153254725239e-02,4.163336342344337027e-16,2.411994151093168129e-12,-5.514320579042397696e-02,-1.387778780781445676e-16,-1.400471651426384760e-03,-3.813561146484206049e-02
2.830554803627511440e+00,5.551115123125782702e-16,3.052063667714679379e-12,-5.212613824389223521e-02,4.163336342344337027e-16,2.480451591059485913e-12,-5.553277495376923723e-02,-1.387778780781445676e-16,-1.370056699615176694e-03,-3.877441203970667660e-02
2.831514639098393182e+00,5.551115123125782702e-16,3.096613253767170268e-12,-5.247947807486381955e-02,4.163336342344337027e-16,2.545448793016052633e-12,-5.591467277804460650e-02,-1.387778780781445676e-16,-1.339431284021906773e-03,-3.939980140574601830e-02
2.832474474569274925e+00,5.551115123125782702e-16,3.138697567367336461e-12,-5.282561961299928749e-02,4.163336342344337027e-16,2.607069958814088942e-12,-5.628888283866929215e-02,-1.387778780781445676e-16,-1.308599891432721610e-03,-4.001173357763093685e-02
2.833434310040156667e+00,5.551115123125782702e-16,3.178383449579111689e-12,-5.316455276843482652e-02,4.163336342344337027e-16,2.665401465485424046e-12,-5.665539022921650680e-02,-1.387778780781445676e-16,-1.277567039642373437e-03,-4.061016457386776302e-02
2.834394145511038410e+00,5.551115123125782702e-16,3.215742613599942290e-12,-5.349626863556866674e-02,3.885780586188047891e-16,2.720530320254399906e-12,-5.701418176640445784e-02,-1.387778780781445676e-16,-1.246337276790508188e-03,-4.119505236248636321e-02
2.835353980981920152e+00,5.273559366969493567e-16,3.250840873889829924e-12,-5.382075935216178164e-02,3.885780586188047891e-16,2.772543943697436744e-12,-5.736524554240460261e-02,-1.387778780781445676e-16,-1.214915180663034451e-03,-4.176635661419963313e-02
2.836313816452801895e+00,4.996003610813204432e-16,3.283751979913426128e-12,-5.413801802010006353e-02,4.163336342344337027e-16,2.821533161463402745e-12,-5.770857112062434402e-02,-1.387778780781445676e-16,-1.183305358031760653e-03,-4.232403867662743596e-02
2.837273651923683637e+00,4.996003610813204432e-16,3.314545896592174107e-12,-5.444803853565775148e-02,3.885780586188047891e-16,2.867587830195474433e-12,-5.804414917212156327e-02,-1.110223024625156540e-16,-1.151512443970786068e-03,-4.286806133625333665e-02
2.838233487394565380e+00,5.273559366969493567e-16,3.343295658494917916e-12,-5.475081575320229349e-02,4.163336342344337027e-16,2.910798822976365038e-12,-5.837197168028800814e-02,-1.387778780781445676e-16,-1.119541101184623770e-03,-4.339838893752719778e-02
2.839193322865447122e+00,5.273559366969493567e-16,3.370071359292108742e-12,-5.504634513623900272e-02,3.885780586188047891e-16,2.951258452844798125e-12,-5.869203176313580322e-02,-1.387778780781445676e-16,-1.087396019328097088e-03,-4.391498721453086784e-02
2.840153158336328865e+00,4.996003610813204432e-16,3.394946762000925281e-12,-5.533462286688789478e-02,4.163336342344337027e-16,2.989058992181915786e-12,-5.900432352536345154e-02,-1.387778780781445676e-16,-1.055081914286768938e-03,-4.441782314681021887e-02
2.841112993807210607e+00,5.273559366969493567e-16,3.417993993170892128e-12,-5.561564559811002506e-02,4.163336342344337027e-16,3.024293275798737093e-12,-5.930884209893784453e-02,-1.665334536937734811e-16,-1.022603527488542613e-03,-4.490686481182338402e-02
2.842072829278092350e+00,5.273559366969493567e-16,3.439285314876805444e-12,-5.588941062594800224e-02,4.163336342344337027e-16,3.057055114288236355e-12,-5.960558360047197440e-02,-1.387778780781445676e-16,-9.899656251574511824e-04,-4.538208152975306553e-02
2.843032664748974092e+00,5.273559366969493567e-16,3.458895327004395809e-12,-5.615591561572751134e-02,4.163336342344337027e-16,3.087439212710180181e-12,-5.989454518529235827e-02,-1.387778780781445676e-16,-9.571729976204876875e-04,-4.584344373301452169e-02
2.843992500219855835e+00,5.551115123125782702e-16,3.476894800850472214e-12,-5.641515857908664666e-02,3.885780586188047891e-16,3.115538632880417505e-12,-6.017572481056861211e-02,-1.665334536937734811e-16,-9.242304585545382594e-04,-4.629092287260279381e-02
2.844952335690737577e+00,5.551115123125782702e-16,3.493358202469559574e-12,-5.666713771047981324e-02,3.885780586188047891e-16,3.141447907063993697e-12,-6.044912121770672220e-02,-1.387778780781445676e-16,-8.911428442719901422e-04,-4.672449126352355708e-02
2.845912171161619320e+00,5.273559366969493567e-16,3.508358300462156507e-12,-5.691185139336341070e-02,3.885780586188047891e-16,3.165261692886830319e-12,-6.071473385980168114e-02,-1.387778780781445676e-16,-8.579150129835629024e-04,-4.714412210346263787e-02
2.846872006632501062e+00,5.273559366969493567e-16,3.521964951329488967e-12,-5.714929820701142305e-02,4.163336342344337027e-16,3.187073870398603355e-12,-6.097256304452697978e-02,-1.387778780781445676e-16,-8.245518440763071949e-04,-4.754978957242384646e-02
2.847831842103382805e+00,5.273559366969493567e-16,3.534249343108575997e-12,-5.737947690718048915e-02,4.440892098500626162e-16,3.206978126525476813e-12,-6.122260974330796801e-02,-1.387778780781445676e-16,-7.910582373974600623e-04,-4.794146865792064949e-02
2.848791677574264547e+00,5.273559366969493567e-16,3.545283824271574374e-12,-5.760238633670065889e-02,4.718447854656915297e-16,3.225068217650316378e-12,-6.146487540914805786e-02,-1.387778780781445676e-16,-7.574391125154788639e-04,-4.831913500260107130e-02
2.849751513045146289e+00,5.273559366969493567e-16,3.555137287396216081e-12,-5.781802543126794008e-02,4.718447854656915297e-16,3.241438049233786450e-12,-6.169936191522950447e-02,-1.387778780781445676e-16,-7.236994080090973849e-04,-4.868276488280879472e-02
2.850711348516028032e+00,5.273559366969493567e-16,3.563879179019780602e-12,-5.802639321497668479e-02,4.718447854656915297e-16,3.256177737111145415e-12,-6.192607141514463315e-02,-8.326672684688674053e-17,-6.898440807143287794e-04,-4.903233502576742620e-02
2.851671183986909774e+00,5.273559366969493567e-16,3.571577737810564639e-12,-5.822748880487386980e-02,4.163336342344337027e-16,3.269380573491203860e-12,-6.214500640721103836e-02,-1.387778780781445676e-16,-6.558781049953516440e-04,-4.936782279012674052e-02
2.852631019457791517e+00,5.273559366969493567e-16,3.578298908671643727e-12,-5.842131129984515919e-02,4.440892098500626162e-16,3.281135088563542912e-12,-6.235616951543541259e-02,-8.326672684688674053e-17,-6.218064719878370816e-04,-4.968920586093800162e-02
2.853590854928673259e+00,5.273559366969493567e-16,3.584107952103472022e-12,-5.860785970210372064e-02,4.163336342344337027e-16,3.291530732395524413e-12,-6.255956342710579376e-02,-1.110223024625156540e-16,-5.876341888570788116e-04,-4.999646239431300432e-02
2.854550690399555002e+00,4.996003610813204432e-16,3.589069339171796838e-12,-5.878713270706413530e-02,4.440892098500626162e-16,3.300655125463344136e-12,-6.275519071657699455e-02,-1.110223024625156540e-16,-5.533662780530413262e-04,-5.028957069680847075e-02
2.855510525870436744e+00,4.718447854656915297e-16,3.593245797748560039e-12,-5.895912873988778252e-02,4.163336342344337027e-16,3.308595268215080466e-12,-6.294305379920527022e-02,-1.387778780781445676e-16,-5.190077765604494487e-04,-5.056850929207087203e-02
2.856470361341318487e+00,5.273559366969493567e-16,3.596696916601600964e-12,-5.912384585994830133e-02,4.718447854656915297e-16,3.315433941180668566e-12,-6.312315497131884556e-02,-1.110223024625156540e-16,-4.845637351590557852e-04,-5.083325695280101891e-02
2.857430196812200229e+00,4.718447854656915297e-16,3.599482811353252147e-12,-5.928128174406530754e-02,4.440892098500626162e-16,3.321254678749366654e-12,-6.329549629715029713e-02,-8.326672684688674053e-17,-4.500392176507084967e-04,-5.108379267870803708e-02
2.858390032283081972e+00,5.273559366969493567e-16,3.601660934554259952e-12,-5.943143368472966759e-02,5.273559366969493567e-16,3.326137349351837233e-12,-6.346007972296928423e-02,-1.110223024625156540e-16,-4.154393001084690862e-04,-5.132009581598507425e-02
2.859349867753963714e+00,5.273559366969493567e-16,3.603285719929946729e-12,-5.957429862389596736e-02,5.273559366969493567e-16,3.330160261184053963e-12,-6.361690710064811516e-02,-8.326672684688674053e-17,-3.807690701013242539e-04,-5.154214599950472653e-02
2.860309703224845457e+00,5.273559366969493567e-16,3.604410606788954752e-12,-5.970987328116696830e-02,5.273559366969493567e-16,3.333399293151497779e-12,-6.376598018510459820e-02,-8.326672684688674053e-17,-3.460336259369229382e-04,-5.174992335753318684e-02
2.861269538695727199e+00,5.273559366969493567e-16,3.605086130810983107e-12,-5.983815403246581233e-02,5.273559366969493567e-16,3.335927447635760740e-12,-6.390730055668351894e-02,-1.110223024625156540e-16,-3.112380758846114513e-04,-5.194340835236769399e-02
2.862229374166608942e+00,4.996003610813204432e-16,3.605361034506981543e-12,-5.995913700158937709e-02,5.551115123125782702e-16,3.337814931809708965e-12,-6.404086951174899067e-02,-8.326672684688674053e-17,-2.763875373953968541e-04,-5.212258183009958051e-02
2.863189209637490684e+00,5.273559366969493567e-16,3.605282320582226148e-12,-6.007281792473400522e-02,5.551115123125782702e-16,3.339129533720111218e-12,-6.416668822707759234e-02,-8.326672684688674053e-17,-2.414871363344404552e-04,-5.228742503607779202e-02
2.864149045108372427e+00,5.273559366969493567e-16,3.604892787917475788e-12,-6.017919228619182659e-02,5.551115123125782702e-16,3.339935067982180688e-12,-6.428475746372437627e-02,-1.387778780781445676e-16,-2.065420061976195817e-04,-5.243791960957436965e-02
2.865108880579254169e+00,5.273559366969493567e-16,3.604233871670444248e-12,-6.027825531009564641e-02,5.828670879282071837e-16,3.340294256538628610e-12,-6.439507770301483580e-02,-1.387778780781445676e-16,-1.715572873518341921e-04,-5.257404757718826122e-02
2.866068716050135912e+00,5.273559366969493567e-16,3.603343595150133773e-12,-6.037000186628375259e-02,5.551115123125782702e-16,3.340263493996050229e-12,-6.449764871467235372e-02,-1.665334536937734811e-16,-1.365381262275563610e-04,-5.269579113688391270e-02
2.867028551521017654e+00,5.273559366969493567e-16,3.602258157156578225e-12,-6.045442648968746280e-02,6.106226635438360972e-16,3.339898250848095333e-12,-6.459246985174822708e-02,-1.387778780781445676e-16,-1.014896745384625653e-04,-5.280313287128533123e-02
2.867988386991899397e+00,5.273559366969493567e-16,3.601010491177799797e-12,-6.053152317737139909e-02,5.551115123125782702e-16,3.339248526602607396e-12,-6.467953988966620993e-02,-1.387778780781445676e-16,-6.641708848994749088e-05,-5.289605571943186563e-02
2.868948222462781139e+00,5.273559366969493567e-16,3.599630324682115325e-12,-6.060128571970568867e-02,6.106226635438360972e-16,3.338361540805297005e-12,-6.475885711904233455e-02,-1.665334536937734811e-16,-3.132552798852269690e-05,-5.297454313359415551e-02
2.869908057933662882e+00,4.996003610813204432e-16,3.598144868602955355e-12,-6.066370741032447306e-02,5.828670879282071837e-16,3.337280303248126891e-12,-6.483041927669713766e-02,-1.387778780781445676e-16,3.779844132987663502e-06,-5.303857896361405949e-02
2.870867893404544624e+00,4.718447854656915297e-16,3.596578304036898103e-12,-6.071878134301392921e-02,6.106226635438360972e-16,3.336043752882715280e-12,-6.489422355101605311e-02,-1.387778780781445676e-16,3.889386293213721363e-05,-5.308814760911405306e-02
2.871827728875426367e+00,4.440892098500626162e-16,3.594951445124556447e-12,-6.076650009580533696e-02,6.106226635438360972e-16,3.334686718009787377e-12,-6.495026666705405738e-02,-1.665334536937734811e-16,7.401136211339008847e-05,-5.312323400723325401e-02
2.872787564346308109e+00,4.718447854656915297e-16,3.593282370090123638e-12,-6.080685586246532132e-02,6.106226635438360972e-16,3.333239572383798772e-12,-6.499854466977401934e-02,-1.387778780781445676e-16,1.091271748351726800e-04,-5.314382364772411022e-02
2.873747399817189851e+00,4.718447854656915297e-16,3.591585864740726945e-12,-6.083984039946896405e-02,6.383782391594650107e-16,3.331728569790949612e-12,-6.503905311791080557e-02,-1.387778780781445676e-16,1.442361344552675910e-04,-5.314990259691808328e-02
2.874707235288071594e+00,4.996003610813204432e-16,3.589873607119610163e-12,-6.086544513437741610e-02,6.106226635438360972e-16,3.330175602433036396e-12,-6.507178699356341856e-02,-1.387778780781445676e-16,1.793330753312963755e-04,-5.314145761588245226e-02
2.875667070758953336e+00,4.718447854656915297e-16,3.588154247550747128e-12,-6.088366120524237729e-02,6.106226635438360972e-16,3.328597592122521133e-12,-6.509674087080349891e-02,-1.110223024625156540e-16,2.144128335919185616e-04,-5.311847631778688489e-02
2.876626906229835079e+00,4.718447854656915297e-16,3.586433061461212458e-12,-6.089447937385258219e-02,5.828670879282071837e-16,3.327007261294271582e-12,-6.511390875049538618e-02,-8.326672684688674053e-17,2.494702479328426677e-04,-5.308094713916823582e-02
2.877586741700716821e+00,4.718447854656915297e-16,3.584712193909005514e-12,-6.089789011692919168e-02,6.106226635438360972e-16,3.325412498392595303e-12,-6.512328408082035391e-02,-8.326672684688674053e-17,2.845001604239197303e-04,-5.302885935515483373e-02
2.878546577171598564e+00,4.718447854656915297e-16,3.582990589861650933e-12,-6.089388350699575375e-02,5.828670879282071837e-16,3.323816547262512704e-12,-6.512485958066427383e-02,-8.326672684688674053e-17,3.194974172993501524e-04,-5.296220303965155224e-02
2.879506412642480306e+00,4.440892098500626162e-16,3.581264031571527420e-12,-6.088244924810209957e-02,5.828670879282071837e-16,3.322217845101766321e-12,-6.511862723745664994e-02,-8.326672684688674053e-17,3.544568697836500610e-04,-5.288096910397056122e-02
2.880466248113362049e+00,4.718447854656915297e-16,3.579525049002133582e-12,-6.086357673094128229e-02,6.106226635438360972e-16,3.320610209284525246e-12,-6.510457840437015864e-02,-2.775557561562891351e-17,3.893733748764593430e-04,-5.278514945412986908e-02
2.881426083584243791e+00,4.718447854656915297e-16,3.577763030736464452e-12,-6.083725490446875023e-02,6.106226635438360972e-16,3.318982392589678483e-12,-6.508270358156774404e-02,-2.775557561562891351e-17,4.242417961704824671e-04,-5.267473675753193280e-02
2.882385919055125534e+00,4.718447854656915297e-16,3.575964288510334165e-12,-6.080347243008989849e-02,5.828670879282071837e-16,3.317318750424569362e-12,-6.505299249682798546e-02,-2.775557561562891351e-17,4.590570046348553448e-04,-5.254972465842427942e-02
2.883345754526007276e+00,4.996003610813204432e-16,3.574111998555344356e-12,-6.076221760974391539e-02,6.106226635438360972e-16,3.315598467166277347e-12,-6.501543398183506905e-02,-2.775557561562891351e-17,4.938138794133306326e-04,-5.241010762216974372e-02
2.884305589996889019e+00,4.718447854656915297e-16,3.572185954900538273e-12,-6.071347863317958643e-02,6.661338147750939243e-16,3.313796326643962675e-12,-6.497001624673053033e-02,-2.775557561562891351e-17,5.285073086138660165e-04,-5.225588131011572879e-02
2.885265425467770761e+00,4.440892098500626162e-16,3.570163227517000794e-12,-6.065724351369504441e-02,6.383782391594650107e-16,3.311881889034599871e-12,-6.491672682639984537e-02,-2.775557561562891351e-17,5.631321900782899556e-04,-5.208704244687792362e-02
2.886225260938652504e+00,4.440892098500626162e-16,3.568017960724016984e-12,-6.059350019724260572e-02,6.106226635438360972e-16,3.309820543724931174e-12,-6.485555261940854910e-02,-2.775557561562891351e-17,5.976834321652770921e-04,-5.190358890883140647e-02
2.887185096409534246e+00,4.718447854656915297e-16,3.565721370647973246e-12,-6.052223650671122862e-02,6.383782391594650107e-16,3.307572736817418653e-12,-6.478647985413524268e-02,-2.775557561562891351e-17,6.321559545079391811e-04,-5.170551976066387057e-02
2.888144931880415989e+00,4.163336342344337027e-16,3.563241041337978157e-12,-6.044344013307865332e-02,6.661338147750939243e-16,3.305094477655946654e-12,-6.470949405731807325e-02,-2.775557561562891351e-17,6.665446888039513020e-04,-5.149283520505126138e-02
2.889104767351297731e+00,4.163336342344337027e-16,3.560542784003181693e-12,-6.035709880098537317e-02,6.383782391594650107e-16,3.302336951731764912e-12,-6.462458026698009173e-02,-2.775557561562891351e-17,7.008445795803495883e-04,-5.126553688697021993e-02
2.890064602822179474e+00,4.163336342344337027e-16,3.557588762528862952e-12,-6.026320009770177316e-02,6.661338147750939243e-16,3.299247258449185607e-12,-6.453172285967152810e-02,-8.326672684688674053e-17,7.350505849728098881e-04,-5.102362759347077448e-02
2.891024438293061216e+00,3.885780586188047891e-16,3.554339105380128778e-12,-6.016173160859936836e-02,6.383782391594650107e-16,3.295768375550199580e-12,-6.443090554492264532e-02,-2.775557561562891351e-17,7.691576774814097529e-04,-5.076711146692617499e-02
2.891984273763942959e+00,3.885780586188047891e-16,3.550751157671821340e-12,-6.005268075263618666e-02,6.661338147750939243e-16,3.291838396784823803e-12,-6.432211143430469069e-02,-2.775557561562891351e-17,8.031608447332636187e-04,-5.049599394006156622e-02
2.892944109234824701e+00,3.885780586188047891e-16,3.546778778131171907e-12,-5.993603506611532017e-02,6.383782391594650107e-16,3.287391627971735127e-12,-6.420532310691062783e-02,-2.775557561562891351e-17,8.370550902575125789e-04,-5.021028196873311700e-02
2.893903944705706444e+00,3.885780586188047891e-16,3.542374506655112873e-12,-5.981178220752525476e-02,6.106226635438360972e-16,3.282358465025525876e-12,-6.408052290906285364e-02,-2.775557561562891351e-17,8.708354342448081141e-04,-4.990998415176409186e-02
2.894863780176588186e+00,4.163336342344337027e-16,3.537488197199100889e-12,-5.967990996608776855e-02,6.661338147750939243e-16,3.276666007208557663e-12,-6.394769271240313691e-02,0.000000000000000000e+00,9.044969143326086168e-04,-4.959511064799462104e-02
2.895823615647469929e+00,3.885780586188047891e-16,3.532067701332705298e-12,-5.954040638475101288e-02,6.661338147750939243e-16,3.270235895502879991e-12,-6.380681425700930609e-02,-2.775557561562891351e-17,9.380345863609139499e-04,-4.926567338439361010e-02
2.896783451118351671e+00,3.608224830031758756e-16,3.526057629877439245e-12,-5.939325966198379797e-02,6.661338147750939243e-16,3.262988159833876689e-12,-6.365786896251109106e-02,-2.775557561562891351e-17,9.714435251344597910e-04,-4.892168599638673648e-02
2.897743286589233414e+00,3.608224830031758756e-16,3.519401214685177748e-12,-5.923845846809189242e-02,6.661338147750939243e-16,3.254837515842220509e-12,-6.350083832394337602e-02,-2.775557561562891351e-17,1.004718825160994151e-03,-4.856316414713554575e-02
2.898703122060115156e+00,3.885780586188047891e-16,3.512039849546300281e-12,-5.907599168287194086e-02,6.661338147750939243e-16,3.245696927504449283e-12,-6.333570368138086160e-02,-2.775557561562891351e-17,1.037855601378609091e-03,-4.819012533922065883e-02
2.899662957530996898e+00,3.330669073875469621e-16,3.503912278732127308e-12,-5.890584871901748815e-02,6.938893903907228378e-16,3.235475221888186453e-12,-6.316244629473062588e-02,-2.775557561562891351e-17,1.070848989893043949e-03,-4.780258904503729284e-02
2.900622793001878641e+00,3.608224830031758756e-16,3.494956184334663436e-12,-5.872801929206952071e-02,6.661338147750939243e-16,3.224078881473857461e-12,-6.298104749033450744e-02,-2.775557561562891351e-17,1.103694148668891550e-03,-4.740057669594084644e-02
2.901582628472760383e+00,3.330669073875469621e-16,3.485106714123335087e-12,-5.854249383162115489e-02,6.661338147750939243e-16,3.211411969615790389e-12,-6.279148859654869186e-02,-8.326672684688674053e-17,1.136386258262102756e-03,-4.698411177978894376e-02
2.902542463943642126e+00,3.330669073875469621e-16,3.474298058720338284e-12,-5.834926336721795587e-02,6.661338147750939243e-16,3.197374771901368568e-12,-6.259375122922208878e-02,-8.326672684688674053e-17,1.168920522488734511e-03,-4.655321990871260501e-02
2.903502299414523868e+00,3.608224830031758756e-16,3.462461798192325614e-12,-5.814831962195979309e-02,6.661338147750939243e-16,3.181866672674919447e-12,-6.238781696806343369e-02,-5.551115123125782702e-17,1.201292169157451789e-03,-4.610792873191185692e-02
2.904462134885405611e+00,3.330669073875469621e-16,3.449529436372984412e-12,-5.793965499170634220e-02,6.938893903907228378e-16,3.164784125546772978e-12,-6.217366762228220683e-02,-2.775557561562891351e-17,1.233496450753205752e-03,-4.564826792471348565e-02
2.905421970356287353e+00,3.330669073875469621e-16,3.435429969878478138e-12,-5.772326256562579361e-02,6.938893903907228378e-16,3.146020087575252845e-12,-6.195128516813124681e-02,-2.775557561562891351e-17,1.265528645155519424e-03,-4.517426922526530247e-02
2.906381805827169096e+00,2.775557561562891351e-16,3.420091866776411166e-12,-5.749913626581111548e-02,6.938893903907228378e-16,3.125468450943056503e-12,-6.172065201875269469e-02,-2.775557561562891351e-17,1.297384056336618914e-03,-4.468596661758667682e-02
2.907341641298050838e+00,2.775557561562891351e-16,3.403441834999923477e-12,-5.726727077922688647e-02,6.938893903907228378e-16,3.103019201316928669e-12,-6.148175111542611426e-02,0.000000000000000000e+00,1.329058015052699904e-03,-4.418339641439988918e-02
2.908301476768932581e+00,2.775557561562891351e-16,3.385406392746774865e-12,-5.702766154758472789e-02,7.494005416219806648e-16,3.078562078724059355e-12,-6.123456587527061068e-02,0.000000000000000000e+00,1.360545879545769230e-03,-4.366659714271595161e-02
2.909261312239814323e+00,2.775557561562891351e-16,3.365910079545760339e-12,-5.678030474832279628e-02,7.216449660063517513e-16,3.051985083385964914e-12,-6.097908028988647394e-02,0.000000000000000000e+00,1.391843036203890610e-03,-4.313560954030423028e-02
2.910221147710696066e+00,2.775557561562891351e-16,3.344876892824588666e-12,-5.652519741331289010e-02,6.661338147750939243e-16,3.023175602272307888e-12,-6.071527901157091484e-02,0.000000000000000000e+00,1.422944900261604835e-03,-4.259047664692868634e-02
2.911180983181577808e+00,2.775557561562891351e-16,3.322230308238673102e-12,-5.626233761990581672e-02,6.661338147750939243e-16,2.992018528687754100e-12,-6.044314764282075064e-02,0.000000000000000000e+00,1.453846916459905101e-03,-4.203124403387557828e-02
2.912140818652459551e+00,2.775557561562891351e-16,3.297892822273339880e-12,-5.599172449047160049e-02,6.661338147750939243e-16,2.958400261961549593e-12,-6.016267274260537340e-02,0.000000000000000000e+00,1.484544559735327500e-03,-4.145795969966006161e-02
2.913100654123341293e+00,2.498001805406602216e-16,3.271787524336978309e-12,-5.571335835990690044e-02,6.106226635438360972e-16,2.922204348615974057e-12,-5.987384195705205969e-02,0.000000000000000000e+00,1.515033335890585793e-03,-4.087067419730478629e-02
2.914060489594223036e+00,2.498001805406602216e-16,3.243835243954074424e-12,-5.542724074784438626e-02,6.383782391594650107e-16,2.883316991468629770e-12,-5.957664394272577796e-02,0.000000000000000000e+00,1.545308782262929358e-03,-4.026944043423212605e-02
2.915020325065104778e+00,2.498001805406602216e-16,3.213956925845595086e-12,-5.513337453073119399e-02,6.383782391594650107e-16,2.841619971825134344e-12,-5.927106855638614863e-02,0.000000000000000000e+00,1.575366468395585041e-03,-3.965431387086471721e-02
2.915980160535986521e+00,2.498001805406602216e-16,3.182073155590537522e-12,-5.483176390774192888e-02,6.106226635438360972e-16,2.796999539936935106e-12,-5.895710682107133810e-02,0.000000000000000000e+00,1.605201996683010323e-03,-3.902535234737745246e-02
2.916939996006868263e+00,2.498001805406602216e-16,3.148106385628514706e-12,-5.452241435252858093e-02,6.661338147750939243e-16,2.749338950946977889e-12,-5.863475085024738576e-02,0.000000000000000000e+00,1.634811003041791548e-03,-3.838261595008982813e-02
2.917899831477750006e+00,2.775557561562891351e-16,3.111975229645822655e-12,-5.420533265356457936e-02,6.661338147750939243e-16,2.698524746486043874e-12,-5.830399400132790788e-02,0.000000000000000000e+00,1.664189157546294099e-03,-3.772616715546370236e-02
2.918859666948631748e+00,2.498001805406602216e-16,3.073601370976158237e-12,-5.388052694320651093e-02,6.383782391594650107e-16,2.644440574720366421e-12,-5.796483091959666462e-02,0.000000000000000000e+00,1.693332165084325417e-03,-3.705607067344662831e-02
2.919819502419513491e+00,2.498001805406602216e-16,3.032904663362052250e-12,-5.354800680346270131e-02,6.383782391594650107e-16,2.586972804486005473e-12,-5.761725760998073070e-02,-2.775557561562891351e-17,1.722235765982858650e-03,-3.637239358393722088e-02
2.920779337890395233e+00,1.942890293094023946e-16,2.989805546692834992e-12,-5.320778317132847379e-02,6.106226635438360972e-16,2.526008055340773356e-12,-5.726127151272931981e-02,-2.775557561562891351e-17,1.750895736652625326e-03,-3.567520515068654113e-02
2.921739173361276976e+00,2.220446049250313081e-16,2.944224694638930204e-12,-5.285986842638867866e-02,6.106226635438360972e-16,2.461434264825748328e-12,-5.689687160291484469e-02,-2.775557561562891351e-17,1.779307890225338478e-03,-3.496457708805369297e-02
2.922699008832158718e+00,2.498001805406602216e-16,2.896083533036018787e-12,-5.250427636341460647e-02,5.551115123125782702e-16,2.393139865149249840e-12,-5.652405870442885061e-02,-2.775557561562891351e-17,1.807468077173602803e-03,-3.424058353857045711e-02
2.923658844303040460e+00,2.498001805406602216e-16,2.845303060815176227e-12,-5.214102238962991381e-02,6.106226635438360972e-16,2.321015802513384796e-12,-5.614283546053705498e-02,0.000000000000000000e+00,1.835372185926806982e-03,-3.350330116977656703e-02
2.924618679773922203e+00,2.498001805406602216e-16,2.791805696534697609e-12,-5.177012354369855268e-02,5.828670879282071837e-16,2.244954073441114695e-12,-5.575320658946601726e-02,-2.775557561562891351e-17,1.863016143470696802e-03,-3.275280921261247702e-02
2.925578515244803945e+00,2.775557561562891351e-16,2.735513479282117646e-12,-5.139159848144031484e-02,6.106226635438360972e-16,2.164848043260643798e-12,-5.535517864507476932e-02,-2.775557561562891351e-17,1.890395915964134628e-03,-3.198918930674068961e-02
2.926538350715685688e+00,2.775557561562891351e-16,2.676349244355941473e-12,-5.100546756761399625e-02,6.383782391594650107e-16,2.080591117957757835e-12,-5.494876032919143033e-02,-2.775557561562891351e-17,1.917507509329900457e-03,-3.121252565797453735e-02
2.927498186186567430e+00,2.775557561562891351e-16,2.614235298506115135e-12,-5.061175268910501901e-02,6.106226635438360972e-16,1.992080708290017155e-12,-5.453396233530222181e-02,-2.775557561562891351e-17,1.944346969841916420e-03,-3.042290484954697158e-02
2.928458021657449173e+00,2.775557561562891351e-16,2.549097583947994294e-12,-5.021047756510028937e-02,6.106226635438360972e-16,1.899215881811426934e-12,-5.411079754082561560e-02,-2.775557561562891351e-17,1.970910384708903385e-03,-2.962041606749399314e-02
2.929417857128330915e+00,2.775557561562891351e-16,2.480860836722017723e-12,-4.980166757005068806e-02,5.551115123125782702e-16,1.801895817884341389e-12,-5.367928102908372384e-02,-8.326672684688674053e-17,1.997193882643243188e-03,-2.880515098309574529e-02
2.930377692599212658e+00,3.330669073875469621e-16,2.409452018871209578e-12,-4.938535004728084044e-02,6.106226635438360972e-16,1.700025841942180010e-12,-5.323942998126176412e-02,-8.326672684688674053e-17,2.023193634466126292e-03,-2.797720375192280437e-02
2.931337528070094400e+00,3.330669073875469621e-16,2.334798553224517320e-12,-4.896155395138791083e-02,5.828670879282071837e-16,1.593507244153401572e-12,-5.279126386863460668e-02,-8.326672684688674053e-17,2.048905853660294533e-03,-2.713667096991777619e-02
2.932297363540976143e+00,3.330669073875469621e-16,2.256827984583632818e-12,-4.853031004288163586e-02,6.106226635438360972e-16,1.482249774851542024e-12,-5.233480420704292313e-02,-8.326672684688674053e-17,2.074326796964685252e-03,-2.628365159503451981e-02
2.933257199011857885e+00,3.330669073875469621e-16,2.175469555204274236e-12,-4.809165073994382811e-02,6.106226635438360972e-16,1.366160050348232471e-12,-5.187007477018603513e-02,-8.326672684688674053e-17,2.099452764897175028e-03,-2.541824687848136949e-02
2.934217034482739628e+00,3.330669073875469621e-16,2.090653733845867362e-12,-4.764561025102080627e-02,5.551115123125782702e-16,1.245154336354439145e-12,-5.139710139593633292e-02,-8.326672684688674053e-17,2.124280102317702146e-03,-2.454056028070745327e-02
2.935176869953621370e+00,3.330669073875469621e-16,2.002312869680980892e-12,-4.719222452907320675e-02,5.551115123125782702e-16,1.119143948520584519e-12,-5.091591225420998013e-02,-8.326672684688674053e-17,2.148805198934961545e-03,-2.365069749423446416e-02
2.936136705424503113e+00,3.330669073875469621e-16,1.910380003061068477e-12,-4.673153119140883299e-02,5.551115123125782702e-16,9.880461791615668954e-13,-5.042653781467613949e-02,-8.326672684688674053e-17,2.173024489825706868e-03,-2.274876643426160597e-02
2.937096540895384855e+00,3.330669073875469621e-16,1.814789800640842499e-12,-4.626356966954873334e-02,5.273559366969493567e-16,8.517811903399098716e-13,-4.992901087294272788e-02,-8.326672684688674053e-17,2.196934455939732796e-03,-2.183487715741357083e-02
2.938056376366266598e+00,3.885780586188047891e-16,1.715479822539563159e-12,-4.578838109644326609e-02,5.551115123125782702e-16,7.102723289620187230e-13,-4.942336656705590553e-02,-8.326672684688674053e-17,2.220531624576987766e-03,-2.090914180647196127e-02
2.939016211837148340e+00,3.885780586188047891e-16,1.612387344273420384e-12,-4.530600841050221733e-02,5.551115123125782702e-16,5.634441684380063486e-13,-4.890964245519523190e-02,-8.326672684688674053e-17,2.243812569896568281e-03,-1.997167465193397037e-02
2.939976047308030083e+00,3.885780586188047891e-16,1.505452395909748567e-12,-4.481649624459960873e-02,5.551115123125782702e-16,4.112265947686308265e-13,-4.838787866015722972e-02,-2.775557561562891351e-17,2.266773913378845352e-03,-1.902259209642923402e-02
2.940935882778911825e+00,3.885780586188047891e-16,1.394614794063579397e-12,-4.431989082967522503e-02,5.551115123125782702e-16,2.535510592715367606e-13,-4.785811766886594043e-02,-2.775557561562891351e-17,2.289412324324060447e-03,-1.806201247334019572e-02
2.941895718249793568e+00,3.885780586188047891e-16,1.279820528526064149e-12,-4.381623998002452669e-02,5.551115123125782702e-16,9.035065989641821727e-14,-4.732040435488233526e-02,-2.775557561562891351e-17,2.311724520312717201e-03,-1.709005602348571962e-02
2.942855553720675310e+00,3.885780586188047891e-16,1.161015511161322955e-12,-4.330559290263180650e-02,5.551115123125782702e-16,-7.843474947224343685e-14,-4.677478581979566119e-02,-5.551115123125782702e-17,2.333707267693802424e-03,-1.610684471013316618e-02
2.943815389191557053e+00,3.885780586188047891e-16,1.038146450044446362e-12,-4.278800032454298935e-02,5.551115123125782702e-16,-2.528678763775993321e-13,-4.622131155392320001e-02,-8.326672684688674053e-17,2.355357382058040350e-03,-1.511250232000749087e-02
2.944775224662438795e+00,3.885780586188047891e-16,9.111664873127922615e-13,-4.226351434005079510e-02,5.828670879282071837e-16,-4.330023481696060328e-13,-4.566003334509778633e-02,-5.551115123125782702e-17,2.376671728684732685e-03,-1.410715427989232135e-02
2.945735060133320538e+00,3.885780586188047891e-16,7.800283991854853327e-13,-4.173218847531540848e-02,5.551115123125782702e-16,-6.188902539863878893e-13,-4.509100525679377025e-02,-5.551115123125782702e-17,2.397647222999006126e-03,-1.309092764511334342e-02
2.946694895604202280e+00,3.885780586188047891e-16,6.446848534614330051e-13,-4.119407760495199383e-02,5.828670879282071837e-16,-8.105811079859095991e-13,-4.451428356345146775e-02,-2.775557561562891351e-17,2.418280830989225864e-03,-1.206395101297853302e-02
2.947654731075084023e+00,4.163336342344337027e-16,5.050968053098986443e-13,-4.064923802152194815e-02,6.106226635438360972e-16,-1.008123299466381906e-12,-4.392992687495272247e-02,-5.551115123125782702e-17,2.438569569659996931e-03,-1.102635448752403713e-02
2.948614566545965765e+00,3.885780586188047891e-16,3.612217336769300846e-13,-4.009772755776674219e-02,5.828670879282071837e-16,-1.211558299160902380e-12,-4.333799621040416300e-02,-5.551115123125782702e-17,2.458510507440207164e-03,-9.978269829812922917e-03
2.949574402016847507e+00,4.163336342344337027e-16,2.130234600912842002e-13,-3.953960542296441200e-02,6.106226635438360972e-16,-1.420925219662843436e-12,-4.273855488757835608e-02,-5.551115123125782702e-17,2.478100764601883985e-03,-8.919830150277342773e-03
2.950534237487729250e+00,4.163336342344337027e-16,6.047153880070488263e-14,-3.897493229694713734e-02,6.106226635438360972e-16,-1.636256803877814137e-12,-4.213166848251823082e-02,-2.775557561562891351e-17,2.497337513642596419e-03,-7.851170032536609888e-03
2.951494072958610992e+00,3.885780586188047891e-16,-9.646684763931628881e-14,-3.840377012738449558e-02,6.106226635438360972e-16,-1.857586187734711070e-12,-4.151740469986870546e-02,-2.775557561562891351e-17,2.516217979660969814e-03,-6.772425181401208610e-03
2.952453908429492735e+00,3.885780586188047891e-16,-2.578181469855243824e-13,-3.782618227486535256e-02,6.106226635438360972e-16,-2.084939554715999760e-12,-4.089583339534729606e-02,-5.551115123125782702e-17,2.534739440718131957e-03,-5.683732667243189020e-03
2.953413743900374477e+00,3.885780586188047891e-16,-4.236074246368945473e-13,-3.724223342892925281e-02,6.106226635438360972e-16,-2.318338954783363132e-12,-4.026702664756174471e-02,-8.326672684688674053e-17,2.552899228184086610e-03,-4.585230823364957846e-03
2.954373579371256220e+00,3.608224830031758756e-16,-5.938532678844213319e-13,-3.665198958445126803e-02,5.551115123125782702e-16,-2.557805651851909057e-12,-3.963105848130149544e-02,-5.551115123125782702e-17,2.570694727093080726e-03,-3.477059072828160829e-03
2.955333414842137962e+00,4.163336342344337027e-16,-7.685753617737989263e-13,-3.605551807031453365e-02,5.828670879282071837e-16,-2.803351382410154691e-12,-3.898800504140108314e-02,-5.551115123125782702e-17,2.588123376478831082e-03,-2.359358000761685621e-03
2.956293250313019705e+00,3.885780586188047891e-16,-9.477873808049278037e-13,-3.545288744327822206e-02,5.273559366969493567e-16,-3.054988811294727380e-12,-3.833794438757284068e-02,-2.775557561562891351e-17,2.605182669714749526e-03,-1.232269233239719885e-03
2.957253085783901447e+00,3.885780586188047891e-16,-1.131496399396983432e-12,-3.484416772040319077e-02,5.273559366969493567e-16,-3.312720093357444939e-12,-3.768095678094995904e-02,-2.775557561562891351e-17,2.621870154847610965e-03,-9.593576482629940225e-05
2.958212921254783190e+00,4.440892098500626162e-16,-1.319711280902725881e-12,-3.422943003308155652e-02,5.551115123125782702e-16,-3.576552458871545132e-12,-3.701712440155658507e-02,-2.775557561562891351e-17,2.638183434925384444e-03,1.049498376789354545e-03
2.959172756725664932e+00,4.163336342344337027e-16,-1.512430351585051375e-12,-3.360874691737496256e-02,5.551115123125782702e-16,-3.846478826641588911e-12,-3.634653140570095337e-02,-2.775557561562891351e-17,2.654120168335980835e-03,2.203887999612096082e-03
2.960132592196546675e+00,4.163336342344337027e-16,-1.709654146768782579e-12,-3.298219195028354034e-02,5.551115123125782702e-16,-4.122495964389849554e-12,-3.566926402103619970e-02,-2.775557561562891351e-17,2.669678069102012288e-03,3.367086698500064250e-03
2.961092427667428417e+00,4.163336342344337027e-16,-1.911375781770124210e-12,-3.234984008691354357e-02,5.551115123125782702e-16,-4.404592684505159728e-12,-3.498541045034801733e-02,-2.775557561562891351e-17,2.684854907204589636e-03,4.538946750092640210e-03
2.962052263138310160e+00,4.163336342344337027e-16,-2.117586203500936015e-12,-3.171176750350085394e-02,5.551115123125782702e-16,-4.692750027002028090e-12,-3.429506112498152681e-02,-2.775557561562891351e-17,2.699648508838158479e-03,5.719319070865680997e-03
2.963012098609191902e+00,4.163336342344337027e-16,-2.328268207027993364e-12,-3.106805168492846395e-02,5.551115123125782702e-16,-4.986947554669503291e-12,-3.359830829715555051e-02,0.000000000000000000e+00,2.714056756707038890e-03,6.908053383866244283e-03
2.963971934080073645e+00,4.718447854656915297e-16,-2.543404201171047679e-12,-3.041877136913118118e-02,5.828670879282071837e-16,-5.287160025925757151e-12,-3.289524621929183074e-02,-2.775557561562891351e-17,2.728077590262971506e-03,8.104998171992004383e-03
2.964931769550955387e+00,4.440892098500626162e-16,-2.762970340258567858e-12,-2.976400660866318146e-02,5.828670879282071837e-16,-5.593357293174130995e-12,-3.218597088554143310e-02,0.000000000000000000e+00,2.741709005975684083e-03,9.310000721762612050e-03
2.965891605021837130e+00,5.273559366969493567e-16,-2.986938889043729006e-12,-2.910383900704710189e-02,5.551115123125782702e-16,-5.905503760702049409e-12,-3.147058035075104426e-02,0.000000000000000000e+00,2.754949057577127120e-03,1.052290696777184037e-02
2.966851440492718872e+00,4.718447854656915297e-16,-3.215276149167757558e-12,-2.843835160252803501e-02,6.106226635438360972e-16,-6.223554088529911765e-12,-3.074917457588544761e-02,-2.775557561562891351e-17,2.767795856302803816e-03,1.174356151683869295e-02
2.967811275963600615e+00,4.718447854656915297e-16,-3.447948903386593988e-12,-2.776762891384123091e-02,5.551115123125782702e-16,-6.547465803037610943e-12,-3.002185526385980560e-02,-2.775557561562891351e-17,2.780247571136362610e-03,1.297180775132366140e-02
2.968771111434482357e+00,4.718447854656915297e-16,-3.684910734294728762e-12,-2.709175675200662867e-02,6.106226635438360972e-16,-6.877185798647485887e-12,-2.928872583228265755e-02,0.000000000000000000e+00,2.792302429017862880e-03,1.420748788928708276e-02
2.969730946905364100e+00,4.163336342344337027e-16,-3.926118490645696957e-12,-2.641082227374113439e-02,6.106226635438360972e-16,-7.212656937905046611e-12,-2.854989127261508067e-02,0.000000000000000000e+00,2.803958715084349431e-03,1.545044303358492077e-02
2.970690782376245842e+00,4.163336342344337027e-16,-4.171522339797145706e-12,-2.572491398059044768e-02,6.106226635438360972e-16,-7.553817285761189881e-12,-2.780545839898129409e-02,-2.775557561562891351e-17,2.815214772853219700e-03,1.670051300006449024e-02
2.971650617847127585e+00,4.163336342344337027e-16,-4.421066235273021089e-12,-2.503412158784390842e-02,5.828670879282071837e-16,-7.900597914062799931e-12,-2.705553562070811893e-02,-2.775557561562891351e-17,2.826069004442946508e-03,1.795753635980408200e-02
2.972610453318009327e+00,4.163336342344337027e-16,-4.674690654374053650e-12,-2.433853608465995355e-02,5.551115123125782702e-16,-8.252928193814602909e-12,-2.630023305994401428e-02,0.000000000000000000e+00,2.836519870762683332e-03,1.922135036178820519e-02
2.973570288788891069e+00,4.163336342344337027e-16,-4.932330382339568386e-12,-2.363824965496913802e-02,5.551115123125782702e-16,-8.610722703437934111e-12,-2.553966249024264626e-02,-2.775557561562891351e-17,2.846565891702739978e-03,2.049179095831581837e-02
2.974530124259772812e+00,3.885780586188047891e-16,-5.193918903366283313e-12,-2.293335588898417696e-02,6.106226635438360972e-16,-8.973904390039647710e-12,-2.477393751956524434e-02,-5.551115123125782702e-17,2.856205646328400204e-03,2.176869257915254111e-02
2.975489959730654554e+00,3.885780586188047891e-16,-5.459379571136867282e-12,-2.222394969189322306e-02,5.551115123125782702e-16,-9.342380296835980230e-12,-2.400317352892516326e-02,-5.551115123125782702e-17,2.865437773044389545e-03,2.305188809292007743e-02
2.976449795201536297e+00,3.885780586188047891e-16,-5.728635854530469973e-12,-2.151012730443935261e-02,6.106226635438360972e-16,-9.716051490378692368e-12,-2.322748763685985457e-02,-5.551115123125782702e-17,2.874260969790748584e-03,2.434120880907107015e-02
2.977409630672418039e+00,3.885780586188047891e-16,-6.001605401615827534e-12,-2.079198635014354105e-02,5.551115123125782702e-16,-1.009482032470962465e-11,-2.244699875948402701e-02,-2.775557561562891351e-17,2.882673994187507586e-03,2.563648436443132991e-02
2.978369466143299782e+00,3.885780586188047891e-16,-6.278199477221385605e-12,-2.006962586271550733e-02,5.551115123125782702e-16,-1.047857891493635119e-11,-2.166182749682240768e-02,-2.775557561562891351e-17,2.890675663705556762e-03,2.693754284652560144e-02
2.979329301614181524e+00,3.885780586188047891e-16,-6.558329251307899732e-12,-1.934314640205206035e-02,5.551115123125782702e-16,-1.086721758045659791e-11,-2.087209604755685052e-02,-8.326672684688674053e-17,2.898264855797981314e-03,2.824421063783743094e-02
2.980289137085063267e+00,3.330669073875469621e-16,-6.841898351854763111e-12,-1.861264989893340882e-02,5.551115123125782702e-16,-1.126061327787631489e-11,-2.007792806342155803e-02,-8.326672684688674053e-17,2.905440508052988587e-03,2.955631271812957095e-02
2.981248972555945009e+00,3.885780586188047891e-16,-7.128804321756675860e-12,-1.787823967451565924e-02,5.551115123125782702e-16,-1.165864594535742649e-11,-1.927944852124090572e-02,-8.326672684688674053e-17,2.912201618329534388e-03,3.087367251601141893e-02
2.982208808026826752e+00,3.608224830031758756e-16,-7.418947116258171881e-12,-1.714002035435470417e-02,5.828670879282071837e-16,-1.206118619014691015e-11,-1.847678380015070967e-02,-5.551115123125782702e-17,2.918547244878917993e-03,3.219611199114939815e-02
2.983168643497708494e+00,3.608224830031758756e-16,-7.712220734268099981e-12,-1.639809800447570090e-02,5.551115123125782702e-16,-1.246810272213794146e-11,-1.767006159265770843e-02,-8.326672684688674053e-17,2.924476506463643231e-03,3.352345144145359862e-02
2.984128478968590237e+00,3.885780586188047891e-16,-8.008513523291484887e-12,-1.565258018056197784e-02,5.551115123125782702e-16,-1.287925236565738013e-11,-1.685941100428181919e-02,-8.326672684688674053e-17,2.929988582464565419e-03,3.485550953508310262e-02
2.985088314439471979e+00,3.608224830031758756e-16,-8.307711005131439286e-12,-1.490357579405029997e-02,6.106226635438360972e-16,-1.329449116576177439e-11,-1.604496231481787605e-02,-8.326672684688674053e-17,2.935082712994462398e-03,3.619210339922422637e-02
2.986048149910353722e+00,3.608224830031758756e-16,-8.609695645496202171e-12,-1.415119517316733126e-02,6.106226635438360972e-16,-1.371367227404312467e-11,-1.522684711496558908e-02,-5.551115123125782702e-17,2.939758198991291108e-03,3.753304847110759679e-02
2.987007985381235464e+00,3.885780586188047891e-16,-8.914348649708987021e-12,-1.339554988636013251e-02,6.106226635438360972e-16,-1.413664221490765205e-11,-1.440519818483313591e-02,-8.326672684688674053e-17,2.944014402291983152e-03,3.887815861826555280e-02
2.987967820852117207e+00,3.885780586188047891e-16,-9.221543755650544322e-12,-1.263675295743622862e-02,6.383782391594650107e-16,-1.456323787691476968e-11,-1.358014960533047988e-02,-1.387778780781445676e-16,2.947850745696580128e-03,4.022724589308688398e-02
2.988927656322998949e+00,3.885780586188047891e-16,-9.531158550119336881e-12,-1.187491872808459775e-02,6.106226635438360972e-16,-1.499330081746949594e-11,-1.275183675922443235e-02,-1.110223024625156540e-16,2.951266713003546528e-03,4.158012066098880355e-02
2.989887491793880692e+00,3.885780586188047891e-16,-9.843061356761516334e-12,-1.111016310660318390e-02,6.106226635438360972e-16,-1.542665635804931629e-11,-1.192039628797751660e-02,-1.387778780781445676e-16,2.954261849073689956e-03,4.293659139347318771e-02
2.990847327264762434e+00,3.885780586188047891e-16,-1.015711969284786853e-11,-1.034260327640541301e-02,6.661338147750939243e-16,-1.586313697586605453e-11,-1.108596621482664003e-02,-1.387778780781445676e-16,2.956835759848668466e-03,4.429646468545719862e-02
2.991807162735644177e+00,3.885780586188047891e-16,-1.047320283070144603e-11,-9.572357962537464751e-03,6.661338147750939243e-16,-1.630256536320692784e-11,-1.024868572796840648e-02,-8.326672684688674053e-17,2.958988112408124978e-03,4.565954520429076069e-02
2.992766998206525919e+00,3.885780586188047891e-16,-1.079117439801774089e-11,-8.799547287191586062e-03,6.661338147750939243e-16,-1.674476253184578600e-11,-9.408695427663114896e-03,-8.326672684688674053e-17,2.960718634972814983e-03,4.702563560103010382e-02
2.993726833677407662e+00,3.885780586188047891e-16,-1.111089520356659671e-11,-8.024292841241668917e-03,6.106226635438360972e-16,-1.718954407254561639e-11,-8.566136927461781223e-03,-8.326672684688674053e-17,2.962027116950260996e-03,4.839453668448291668e-02
2.994686669148289404e+00,3.885780586188047891e-16,-1.143222499902073891e-11,-7.246717615772206404e-03,6.661338147750939243e-16,-1.763672680934937759e-11,-7.721153113564910644e-03,-8.326672684688674053e-17,2.962913408938665661e-03,4.976604725461841738e-02
2.995646504619171147e+00,3.885780586188047891e-16,-1.175502539274911329e-11,-6.466945919959064641e-03,6.383782391594650107e-16,-1.808611751032487835e-11,-6.873887915836774873e-03,-5.551115123125782702e-17,2.963377422745576070e-03,5.113996422428012528e-02
2.996606340090052889e+00,3.885780586188047891e-16,-1.207915457110755875e-11,-5.685103429941102196e-03,6.661338147750939243e-16,-1.853752675180005832e-11,-6.024486240583985797e-03,-8.326672684688674053e-17,2.963419131383177030e-03,5.251608268359814202e-02
2.997566175560934632e+00,4.163336342344337027e-16,-1.240447099150245730e-11,-4.901317105117587031e-03,6.661338147750939243e-16,-1.899076212854688278e-11,-5.173094001385082630e-03,-8.326672684688674053e-17,2.963038569040643902e-03,5.389419587739456563e-02
2.998526011031816374e+00,4.163336342344337027e-16,-1.273082908623962561e-11,-4.115715381870288687e-03,6.661338147750939243e-16,-1.944562315125486843e-11,-4.319858038167673220e-03,-8.326672684688674053e-17,2.962235831070405764e-03,5.527409524761999621e-02
2.999485846502698116e+00,4.163336342344337027e-16,-1.305808713654259268e-11,-3.328428063699950291e-03,6.661338147750939243e-16,-1.990191911553813864e-11,-3.464926334751977123e-03,-8.326672684688674053e-17,2.961011073914674233e-03,5.665557033966914929e-02
