# glowa (kadlub + pletwa grzbietowa) - siatka wizualna
# 8960 trojkatow, objetosc 1318.131 ml
# wygenerowane przez tools/make_meshes.py - nie edytuj recznie
v -0.088059 -0.025899 -0.024260
v -0.080822 -0.028213 -0.025669
v -0.077405 -0.031416 -0.023546
v -0.064172 -0.032329 -0.028213
v -0.069052 -0.033481 -0.024822
v -0.070532 -0.025669 -0.032329
v -0.072744 -0.030374 -0.027032
v -0.075935 -0.027032 -0.029098
v -0.067581 -0.029098 -0.030374
v -0.094742 -0.023421 -0.022700
v -0.096572 -0.020414 -0.024312
v -0.103147 -0.015190 -0.023811
v -0.097931 -0.017308 -0.025806
v -0.098764 -0.014016 -0.027255
v -0.108234 -0.009801 -0.023013
v -0.103795 -0.011861 -0.025210
v -0.108116 -0.006560 -0.024222
v -0.103852 -0.008627 -0.026457
v -0.099081 -0.010651 -0.028563
v -0.098771 -0.007371 -0.029745
v -0.103389 -0.005325 -0.027593
v -0.107481 -0.003288 -0.025315
v -0.102401 -0.002032 -0.028603
v -0.097980 -0.004054 -0.030782
v -0.080855 -0.019988 -0.032472
v -0.090662 -0.022413 -0.026125
v -0.092214 -0.019337 -0.027669
v -0.086024 -0.021266 -0.029389
v -0.083701 -0.024822 -0.027621
v -0.078539 -0.023546 -0.030962
v -0.087789 -0.014800 -0.032371
v -0.081687 -0.016735 -0.033946
v -0.082077 -0.013369 -0.035262
v -0.093167 -0.016107 -0.029185
v -0.087130 -0.018080 -0.030959
v -0.093679 -0.012759 -0.030546
v -0.073089 -0.022198 -0.033949
v -0.064746 -0.024260 -0.035224
v -0.067098 -0.020714 -0.036751
v -0.075188 -0.018587 -0.035355
v -0.075718 -0.015261 -0.036740
v -0.069057 -0.017072 -0.038020
v -0.069343 -0.013685 -0.039286
v -0.063901 -0.011672 -0.041357
v -0.064907 -0.007822 -0.042009
v -0.071807 -0.002034 -0.040876
v -0.065514 -0.003923 -0.042401
v -0.087998 -0.011445 -0.033616
v -0.093723 -0.009372 -0.031729
v -0.087756 -0.008031 -0.034689
v -0.082001 -0.009967 -0.036398
v -0.093091 -0.006057 -0.032814
v -0.088621 -0.004029 -0.035031
v -0.093673 -0.002032 -0.033044
v -0.082855 -0.006060 -0.036944
v -0.083438 -0.002034 -0.037175
v -0.075853 -0.011854 -0.037933
v -0.070564 -0.009864 -0.040075
v -0.076932 -0.007981 -0.038592
v -0.077530 -0.004057 -0.039010
v -0.071393 -0.005954 -0.040608
v -0.056749 -0.037897 -0.023421
v -0.047835 -0.039295 -0.024286
v -0.042679 -0.038020 -0.027623
v -0.034213 -0.039286 -0.027737
v -0.038627 -0.040451 -0.025000
v -0.049971 -0.032472 -0.032342
v -0.060651 -0.035224 -0.025899
v -0.055495 -0.033949 -0.029236
v -0.051784 -0.036751 -0.026839
v -0.056032 -0.026125 -0.036265
v -0.062055 -0.027621 -0.033481
v -0.053166 -0.029389 -0.034410
v -0.048341 -0.027669 -0.036886
v -0.058865 -0.030962 -0.031416
v -0.041836 -0.033946 -0.032675
v -0.033423 -0.035262 -0.032831
v -0.037001 -0.032371 -0.035115
v -0.046469 -0.035355 -0.030075
v -0.038152 -0.036740 -0.030287
v -0.040268 -0.029185 -0.037267
v -0.045199 -0.030959 -0.034852
v -0.043269 -0.025806 -0.039173
v -0.031897 -0.030546 -0.037472
v -0.035040 -0.027255 -0.039506
v -0.029181 -0.041357 -0.025560
v -0.024778 -0.043427 -0.022713
v -0.029636 -0.037933 -0.030341
v -0.024659 -0.040075 -0.028226
v -0.019554 -0.042009 -0.025963
v -0.019952 -0.038592 -0.030773
v -0.014969 -0.043967 -0.023044
v -0.005162 -0.044238 -0.023211
v -0.009807 -0.042401 -0.026206
v -0.014885 -0.040608 -0.028557
v -0.010143 -0.039010 -0.031012
v -0.005084 -0.040876 -0.028723
v -0.029654 -0.025210 -0.041518
v -0.021566 -0.026457 -0.041541
v -0.013312 -0.027593 -0.041355
v -0.008220 -0.025315 -0.042992
v -0.005080 -0.028603 -0.040960
v -0.024916 -0.036398 -0.032800
v -0.028613 -0.033616 -0.035199
v -0.020078 -0.034689 -0.035102
v -0.023429 -0.031729 -0.037489
v -0.026628 -0.028563 -0.039632
v -0.018427 -0.029745 -0.039509
v -0.015149 -0.036944 -0.033142
v -0.010072 -0.035031 -0.035448
v -0.015143 -0.032814 -0.037236
v -0.005085 -0.037175 -0.033375
v -0.005080 -0.033044 -0.037469
v -0.010136 -0.030782 -0.039192
v -0.047220 -0.000266 -0.079315
v -0.048922 -0.000328 -0.076955
v -0.047387 -0.000431 -0.078520
v -0.048693 -0.000164 -0.077720
v -0.047366 -0.000593 -0.077647
v -0.040038 -0.000102 -0.086022
v -0.035701 -0.000298 -0.088426
v -0.035851 -0.000102 -0.088613
v -0.037911 -0.000203 -0.087307
v -0.037696 -0.000399 -0.087014
v -0.037307 -0.000593 -0.086553
v -0.035403 -0.000493 -0.088053
v -0.033367 -0.000391 -0.089406
v -0.033585 -0.000196 -0.089681
v -0.033004 -0.000584 -0.088950
v -0.032500 -0.000773 -0.088316
v -0.034860 -0.000854 -0.086614
v -0.034963 -0.000684 -0.087500
v -0.031857 -0.000957 -0.087506
v -0.045273 -0.000203 -0.081547
v -0.043722 -0.000102 -0.083131
v -0.043513 -0.000303 -0.082970
v -0.043740 -0.000469 -0.082210
v -0.041592 -0.000402 -0.084282
v -0.041904 -0.000201 -0.084522
v -0.039407 -0.000837 -0.083762
v -0.039520 -0.000498 -0.085479
v -0.039828 -0.000303 -0.085861
v -0.039548 -0.000668 -0.084683
v -0.041367 -0.000904 -0.081671
v -0.041679 -0.000572 -0.083531
v -0.041604 -0.000740 -0.082659
v -0.039108 -0.000999 -0.082731
v -0.045558 -0.000369 -0.080821
v -0.046864 -0.000102 -0.080022
v -0.045669 -0.000533 -0.079994
v -0.043540 -0.000805 -0.080429
v -0.043197 -0.000967 -0.079368
v -0.043725 -0.000638 -0.081382
v -0.045255 -0.000865 -0.078064
v -0.045555 -0.000701 -0.079079
v -0.044766 -0.001021 -0.077018
v -0.040969 -0.001063 -0.080572
v -0.040133 -0.001241 -0.079335
v -0.042638 -0.001121 -0.078287
v -0.041701 -0.001295 -0.076982
v -0.039096 -0.001411 -0.077968
v -0.037258 -0.000763 -0.085718
v -0.037068 -0.000929 -0.084749
v -0.036312 -0.001110 -0.083764
v -0.038274 -0.001177 -0.081673
v -0.035391 -0.001283 -0.082630
v -0.034155 -0.001036 -0.085725
v -0.033309 -0.001213 -0.084656
v -0.032340 -0.001381 -0.083436
v -0.037337 -0.001352 -0.080368
v -0.036188 -0.001519 -0.078923
v -0.033102 -0.001616 -0.079749
v -0.034859 -0.001674 -0.077375
v -0.031834 -0.001761 -0.078129
v -0.034329 -0.001455 -0.081262
v -0.051486 -0.000165 -0.073360
v -0.051594 -0.000329 -0.072538
v -0.048964 -0.000490 -0.076109
v -0.050182 -0.000165 -0.075588
v -0.050356 -0.000329 -0.074783
v -0.047133 -0.000760 -0.076668
v -0.048820 -0.000650 -0.075186
v -0.050338 -0.000491 -0.073907
v -0.050128 -0.000657 -0.072898
v -0.048490 -0.000806 -0.074190
v -0.047976 -0.000959 -0.073126
v -0.051521 -0.000496 -0.071571
v -0.052579 -0.000165 -0.071087
v -0.052652 -0.000331 -0.070148
v -0.051231 -0.000660 -0.070544
v -0.053499 -0.000166 -0.068656
v -0.052499 -0.000498 -0.069154
v -0.052122 -0.000660 -0.068136
v -0.049728 -0.000812 -0.071872
v -0.049138 -0.000965 -0.070768
v -0.047280 -0.001107 -0.072000
v -0.050762 -0.000815 -0.069472
v -0.050095 -0.000965 -0.068354
v -0.048369 -0.001111 -0.069614
v -0.047222 -0.001278 -0.068171
v -0.054861 -0.000167 -0.061444
v -0.053253 -0.000496 -0.066712
v -0.053488 -0.000332 -0.067704
v -0.054167 -0.000167 -0.066286
v -0.052798 -0.000657 -0.065686
v -0.051575 -0.000814 -0.067042
v -0.054074 -0.000333 -0.065304
v -0.053757 -0.000496 -0.064296
v -0.054624 -0.000167 -0.063863
v -0.052081 -0.000831 -0.064298
v -0.049084 -0.001136 -0.066938
v -0.050718 -0.000985 -0.065635
v -0.049571 -0.001152 -0.064191
v -0.047808 -0.001298 -0.065475
v -0.054446 -0.000333 -0.062878
v -0.053229 -0.000664 -0.062853
v -0.054048 -0.000501 -0.061444
v -0.051084 -0.000999 -0.062881
v -0.052373 -0.000835 -0.061446
v -0.054597 -0.000334 -0.060000
v -0.053374 -0.000666 -0.060000
v -0.051224 -0.001002 -0.060000
v -0.049814 -0.001161 -0.061445
v -0.048161 -0.001310 -0.062746
v -0.048279 -0.001314 -0.060000
v -0.046730 -0.000915 -0.075644
v -0.044107 -0.001171 -0.075890
v -0.046136 -0.001068 -0.074546
v -0.045365 -0.001214 -0.073394
v -0.043075 -0.001342 -0.074500
v -0.039225 -0.001617 -0.073992
v -0.040554 -0.001462 -0.075539
v -0.041820 -0.001504 -0.073011
v -0.046406 -0.001250 -0.070816
v -0.044218 -0.001381 -0.071950
v -0.043066 -0.001514 -0.070682
v -0.045357 -0.001387 -0.069580
v -0.044139 -0.001517 -0.068298
v -0.040551 -0.001634 -0.071714
v -0.039134 -0.001756 -0.070360
v -0.041736 -0.001642 -0.069358
v -0.040254 -0.001760 -0.068011
v -0.037866 -0.001571 -0.076482
v -0.036450 -0.001720 -0.074886
v -0.037863 -0.001743 -0.072656
v -0.033512 -0.001813 -0.075689
v -0.034902 -0.001844 -0.073536
v -0.031881 -0.001931 -0.074290
v -0.036266 -0.001863 -0.071275
v -0.037492 -0.001874 -0.068931
v -0.033225 -0.001959 -0.072115
v -0.031430 -0.002063 -0.070633
v -0.034530 -0.001975 -0.069811
v -0.032689 -0.002076 -0.068303
v -0.043250 -0.001657 -0.064242
v -0.046068 -0.001411 -0.066905
v -0.044733 -0.001539 -0.065586
v -0.046548 -0.001428 -0.064168
v -0.042758 -0.001640 -0.066977
v -0.041220 -0.001755 -0.065622
v -0.039533 -0.001862 -0.064240
v -0.043457 -0.001669 -0.061424
v -0.045109 -0.001551 -0.062840
v -0.046789 -0.001436 -0.061424
v -0.045225 -0.001556 -0.060000
v -0.041528 -0.001772 -0.062820
v -0.039740 -0.001873 -0.061422
v -0.041631 -0.001778 -0.060000
v -0.038556 -0.001874 -0.066560
v -0.035706 -0.001982 -0.067456
v -0.036770 -0.001975 -0.065159
v -0.033811 -0.002077 -0.066039
v -0.034834 -0.002068 -0.063727
v -0.031800 -0.002162 -0.064592
v -0.037704 -0.001960 -0.062838
v -0.035743 -0.002048 -0.061422
v -0.037795 -0.001966 -0.060000
v -0.032783 -0.002150 -0.062302
v -0.033658 -0.002127 -0.060000
v -0.030890 -0.000103 -0.090967
v -0.030740 -0.000299 -0.090777
v -0.027736 -0.000403 -0.091669
v -0.027982 -0.000206 -0.091954
v -0.027378 -0.000597 -0.091185
v -0.025036 -0.000103 -0.092957
v -0.024619 -0.000848 -0.090899
v -0.024649 -0.000503 -0.092336
v -0.024667 -0.000677 -0.091704
v -0.024955 -0.000307 -0.092730
v -0.029929 -0.000857 -0.088996
v -0.030442 -0.000496 -0.090399
v -0.030001 -0.000687 -0.089842
v -0.027366 -0.000769 -0.090440
v -0.031079 -0.001135 -0.086528
v -0.029221 -0.001039 -0.088106
v -0.028373 -0.001216 -0.087040
v -0.027263 -0.000938 -0.089537
v -0.026471 -0.001117 -0.088568
v -0.024514 -0.001014 -0.089937
v -0.023671 -0.001191 -0.088881
v -0.025577 -0.001290 -0.087421
v -0.024496 -0.001459 -0.086087
v -0.021829 -0.000406 -0.093287
v -0.021887 -0.000581 -0.092762
v -0.021948 -0.000204 -0.093623
v -0.021820 -0.000921 -0.091211
v -0.021884 -0.000753 -0.092069
v -0.018936 -0.000307 -0.094033
v -0.019017 -0.000103 -0.094260
v -0.018925 -0.000479 -0.093642
v -0.018959 -0.000654 -0.093055
v -0.015988 -0.000206 -0.094569
v -0.015997 -0.000379 -0.094280
v -0.015976 -0.000550 -0.093824
v -0.015966 -0.000725 -0.093174
v -0.018927 -0.000827 -0.092294
v -0.018839 -0.000993 -0.091374
v -0.015924 -0.000896 -0.092351
v -0.015929 -0.001056 -0.091388
v -0.021695 -0.001085 -0.090193
v -0.020675 -0.001261 -0.089063
v -0.022614 -0.001363 -0.087654
v -0.019586 -0.001428 -0.087743
v -0.021483 -0.001527 -0.086230
v -0.018434 -0.001586 -0.086242
v -0.018821 -0.001151 -0.090305
v -0.017764 -0.001323 -0.089078
v -0.015904 -0.001211 -0.090273
v -0.016634 -0.001487 -0.087656
v -0.027990 -0.001624 -0.082639
v -0.030172 -0.001306 -0.085385
v -0.027403 -0.001383 -0.085820
v -0.029140 -0.001469 -0.084087
v -0.031191 -0.001548 -0.081991
v -0.025061 -0.001697 -0.082872
v -0.026272 -0.001548 -0.084396
v -0.029978 -0.001697 -0.080465
v -0.028642 -0.001838 -0.078787
v -0.026729 -0.001768 -0.081053
v -0.023735 -0.001837 -0.081201
v -0.025365 -0.001901 -0.079336
v -0.027221 -0.001965 -0.077000
v -0.023906 -0.002023 -0.077500
v -0.023320 -0.001619 -0.084581
v -0.020301 -0.001681 -0.084639
v -0.022032 -0.001763 -0.082982
v -0.017228 -0.001734 -0.084572
v -0.018970 -0.001820 -0.082960
v -0.017183 -0.001930 -0.081541
v -0.022317 -0.001964 -0.079416
v -0.020669 -0.001897 -0.081239
v -0.020505 -0.002068 -0.077892
v -0.018877 -0.002004 -0.079758
v -0.017040 -0.002100 -0.078174
v -0.012972 -0.000792 -0.093117
v -0.012997 -0.000449 -0.094352
v -0.013002 -0.000276 -0.094708
v -0.013003 -0.000103 -0.094892
v -0.012996 -0.000618 -0.093833
v -0.012969 -0.000954 -0.092267
v -0.012962 -0.001113 -0.091252
v -0.010000 -0.000848 -0.092926
v -0.010000 -0.000515 -0.094249
v -0.010000 -0.000345 -0.094665
v -0.010000 -0.000173 -0.094916
v -0.010000 -0.000683 -0.093668
v -0.010000 -0.001008 -0.092027
v -0.010000 -0.001164 -0.090974
v -0.015451 -0.001641 -0.086065
v -0.011829 -0.001652 -0.086229
v -0.014792 -0.001380 -0.088949
v -0.012959 -0.001266 -0.090095
v -0.011829 -0.001430 -0.088672
v -0.013649 -0.001539 -0.087435
v -0.008171 -0.001652 -0.086229
v -0.010000 -0.001314 -0.089773
v -0.008171 -0.001430 -0.088672
v -0.010000 -0.001544 -0.087525
v -0.007028 -0.000792 -0.093117
v -0.007003 -0.000449 -0.094352
v -0.006998 -0.000276 -0.094708
v -0.006997 -0.000103 -0.094892
v -0.007004 -0.000618 -0.093833
v -0.004012 -0.000206 -0.094569
v -0.004003 -0.000379 -0.094280
v -0.004024 -0.000550 -0.093824
v -0.004034 -0.000725 -0.093174
v -0.007031 -0.000954 -0.092267
v -0.007038 -0.001113 -0.091252
v -0.004076 -0.000896 -0.092351
v -0.004071 -0.001056 -0.091388
v -0.001064 -0.000307 -0.094033
v -0.000983 -0.000103 -0.094260
v -0.001075 -0.000479 -0.093642
v -0.001041 -0.000654 -0.093055
v -0.001073 -0.000827 -0.092294
v -0.001161 -0.000993 -0.091374
v -0.004549 -0.001641 -0.086065
v -0.007041 -0.001266 -0.090095
v -0.004096 -0.001211 -0.090273
v -0.005208 -0.001380 -0.088949
v -0.006351 -0.001539 -0.087435
v -0.001566 -0.001586 -0.086242
v -0.002236 -0.001323 -0.089078
v -0.001179 -0.001151 -0.090305
v -0.003366 -0.001487 -0.087656
v -0.000414 -0.001428 -0.087743
v -0.013626 -0.001752 -0.084814
v -0.015454 -0.001847 -0.083199
v -0.011830 -0.001859 -0.083363
v -0.013651 -0.001951 -0.081708
v -0.010000 -0.001757 -0.084895
v -0.010000 -0.001957 -0.081780
v -0.008170 -0.001859 -0.083363
v -0.015359 -0.002030 -0.079990
v -0.011830 -0.002044 -0.080106
v -0.013531 -0.002120 -0.078344
v -0.008170 -0.002044 -0.080106
v -0.010000 -0.002127 -0.078401
v -0.006374 -0.001752 -0.084814
v -0.006349 -0.001951 -0.081708
v -0.004546 -0.001847 -0.083199
v -0.002772 -0.001734 -0.084572
v -0.002817 -0.001930 -0.081541
v -0.001030 -0.001820 -0.082960
v -0.004641 -0.002030 -0.079990
v -0.006469 -0.002120 -0.078344
v -0.001123 -0.002004 -0.079758
v -0.002960 -0.002100 -0.078174
v -0.030430 -0.001895 -0.076395
v -0.028702 -0.002008 -0.074950
v -0.030114 -0.002041 -0.072811
v -0.025428 -0.002071 -0.075500
v -0.026877 -0.002110 -0.073426
v -0.023845 -0.002174 -0.073507
v -0.028245 -0.002138 -0.071288
v -0.029525 -0.002157 -0.069096
v -0.025264 -0.002207 -0.071370
v -0.026583 -0.002229 -0.069193
v -0.023557 -0.002291 -0.069243
v -0.022361 -0.002132 -0.075556
v -0.020740 -0.002228 -0.073517
v -0.018920 -0.002171 -0.075899
v -0.017245 -0.002262 -0.073795
v -0.022178 -0.002265 -0.071408
v -0.020460 -0.002340 -0.069245
v -0.019053 -0.002310 -0.071394
v -0.017311 -0.002378 -0.069200
v -0.030712 -0.002165 -0.066861
v -0.027881 -0.002241 -0.066874
v -0.029006 -0.002242 -0.064611
v -0.024877 -0.002307 -0.066944
v -0.026120 -0.002311 -0.064608
v -0.030041 -0.002232 -0.062304
v -0.030955 -0.002212 -0.060000
v -0.028151 -0.002288 -0.060000
v -0.027177 -0.002305 -0.062310
v -0.024255 -0.002365 -0.062311
v -0.025261 -0.002352 -0.060000
v -0.021770 -0.002361 -0.066968
v -0.023047 -0.002370 -0.064640
v -0.019905 -0.002416 -0.064648
v -0.018630 -0.002403 -0.066942
v -0.016820 -0.002449 -0.064664
v -0.021130 -0.002417 -0.062330
v -0.022297 -0.002405 -0.060000
v -0.018082 -0.002454 -0.062331
v -0.019275 -0.002446 -0.060000
v -0.016208 -0.002476 -0.060000
v -0.015389 -0.002198 -0.076131
v -0.011858 -0.002212 -0.076247
v -0.013705 -0.002282 -0.073986
v -0.008142 -0.002212 -0.076247
v -0.010000 -0.002290 -0.074034
v -0.015526 -0.002338 -0.071632
v -0.011859 -0.002354 -0.071695
v -0.013668 -0.002402 -0.069293
v -0.008141 -0.002354 -0.071695
v -0.010000 -0.002410 -0.069324
v -0.004611 -0.002198 -0.076131
v -0.006295 -0.002282 -0.073986
v -0.001080 -0.002171 -0.075899
v -0.002755 -0.002262 -0.073795
v -0.004474 -0.002338 -0.071632
v -0.006332 -0.002402 -0.069293
v -0.000947 -0.002310 -0.071394
v -0.002689 -0.002378 -0.069200
v -0.015523 -0.002431 -0.066950
v -0.011856 -0.002447 -0.067013
v -0.013701 -0.002469 -0.064657
v -0.008144 -0.002447 -0.067013
v -0.010000 -0.002478 -0.064673
v -0.014967 -0.002479 -0.062335
v -0.011856 -0.002492 -0.062336
v -0.013111 -0.002494 -0.060000
v -0.008144 -0.002492 -0.062336
v -0.010000 -0.002500 -0.060000
v -0.004477 -0.002431 -0.066950
v -0.006299 -0.002469 -0.064657
v -0.001370 -0.002403 -0.066942
v -0.003180 -0.002449 -0.064664
v -0.000095 -0.002416 -0.064648
v -0.005033 -0.002479 -0.062335
v -0.006889 -0.002494 -0.060000
v -0.001918 -0.002454 -0.062331
v -0.003792 -0.002476 -0.060000
v -0.000725 -0.002446 -0.060000
v -0.047952 -0.018752 -0.042196
v -0.055358 -0.017142 -0.041422
v -0.055558 -0.013735 -0.042632
v -0.048238 -0.015383 -0.043486
v -0.045753 -0.022349 -0.040812
v -0.040316 -0.020272 -0.042767
v -0.037975 -0.023811 -0.041259
v -0.032486 -0.021694 -0.043133
v -0.040608 -0.016960 -0.044142
v -0.040741 -0.013531 -0.045292
v -0.032833 -0.018426 -0.044587
v -0.033010 -0.015063 -0.045812
v -0.058554 -0.022700 -0.037897
v -0.060714 -0.019134 -0.039295
v -0.051036 -0.024312 -0.038629
v -0.053392 -0.020780 -0.040151
v -0.062500 -0.015451 -0.040451
v -0.056783 -0.009911 -0.043427
v -0.048273 -0.011934 -0.044550
v -0.049267 -0.008050 -0.045242
v -0.054861 -0.000167 -0.058556
v -0.054048 -0.000501 -0.058556
v -0.054446 -0.000333 -0.057122
v -0.053229 -0.000664 -0.057147
v -0.052373 -0.000835 -0.058554
v -0.051084 -0.000999 -0.057119
v -0.053757 -0.000496 -0.055704
v -0.054624 -0.000167 -0.056137
v -0.054074 -0.000333 -0.054696
v -0.052798 -0.000657 -0.054314
v -0.052081 -0.000831 -0.055702
v -0.049814 -0.001161 -0.058555
v -0.048161 -0.001310 -0.057254
v -0.049571 -0.001152 -0.055809
v -0.050718 -0.000985 -0.054365
v -0.047808 -0.001298 -0.054525
v -0.054167 -0.000167 -0.053714
v -0.053253 -0.000496 -0.053288
v -0.053488 -0.000332 -0.052296
v -0.051575 -0.000814 -0.052958
v -0.053499 -0.000166 -0.051344
v -0.052122 -0.000660 -0.051864
v -0.052499 -0.000498 -0.050846
v -0.052652 -0.000331 -0.049852
v -0.049084 -0.001136 -0.053062
v -0.050095 -0.000965 -0.051646
v -0.050762 -0.000815 -0.050528
v -0.047222 -0.001278 -0.051829
v -0.048369 -0.001111 -0.050386
v -0.057610 -0.005988 -0.043967
v -0.058027 -0.002065 -0.044238
v -0.049951 -0.004116 -0.045649
v -0.052579 -0.000165 -0.048913
v -0.051231 -0.000660 -0.049456
v -0.051521 -0.000496 -0.048429
v -0.051594 -0.000329 -0.047462
v -0.051486 -0.000165 -0.046640
v -0.050860 -0.000193 -0.045658
v -0.050906 -0.000165 -0.045649
v -0.051006 -0.000028 -0.045629
v -0.049138 -0.000965 -0.049232
v -0.049728 -0.000812 -0.048128
v -0.047280 -0.001107 -0.048000
v -0.050128 -0.000657 -0.047102
v -0.050338 -0.000491 -0.046093
v -0.050345 -0.000427 -0.045743
v -0.050100 -0.000501 -0.045786
v -0.050142 -0.000491 -0.045778
v -0.049993 -0.000527 -0.045802
v -0.050620 -0.000329 -0.045697
v -0.050724 -0.000276 -0.045680
v -0.049434 -0.000653 -0.045888
v -0.047976 -0.000959 -0.046874
v -0.048601 -0.000807 -0.046018
v -0.048372 -0.000841 -0.046054
v -0.048728 -0.000785 -0.045998
v -0.047628 -0.000947 -0.046171
v -0.047161 -0.001007 -0.046245
v -0.040691 -0.010059 -0.046194
v -0.033019 -0.011623 -0.046802
v -0.032858 -0.008123 -0.047553
v -0.043457 -0.001669 -0.058576
v -0.043250 -0.001657 -0.055758
v -0.046789 -0.001436 -0.058576
v -0.045109 -0.001551 -0.057160
v -0.046548 -0.001428 -0.055832
v -0.044733 -0.001539 -0.054414
v -0.041528 -0.001772 -0.057180
v -0.039740 -0.001873 -0.058578
v -0.041220 -0.001755 -0.054378
v -0.039533 -0.001862 -0.055760
v -0.046068 -0.001411 -0.053095
v -0.045357 -0.001387 -0.050420
v -0.044139 -0.001517 -0.051702
v -0.042758 -0.001640 -0.053023
v -0.040254 -0.001760 -0.051989
v -0.041736 -0.001642 -0.050642
v -0.037704 -0.001960 -0.057162
v -0.035743 -0.002048 -0.058578
v -0.036770 -0.001975 -0.054841
v -0.032783 -0.002150 -0.057698
v -0.034834 -0.002068 -0.056273
v -0.031800 -0.002162 -0.055408
v -0.038556 -0.001874 -0.053440
v -0.035706 -0.001982 -0.052544
v -0.037492 -0.001874 -0.051069
v -0.033811 -0.002077 -0.053961
v -0.034530 -0.001975 -0.050189
v -0.032689 -0.002076 -0.051697
v -0.041543 -0.006140 -0.046757
v -0.046406 -0.001250 -0.049184
v -0.043066 -0.001514 -0.049318
v -0.044218 -0.001381 -0.048050
v -0.046536 -0.001082 -0.046344
v -0.045423 -0.001203 -0.046521
v -0.045365 -0.001214 -0.046606
v -0.045247 -0.001221 -0.046549
v -0.045330 -0.001213 -0.046535
v -0.045146 -0.001230 -0.046565
v -0.043655 -0.001362 -0.046793
v -0.039134 -0.001756 -0.049640
v -0.040551 -0.001634 -0.048286
v -0.041768 -0.002065 -0.047081
v -0.039973 -0.001627 -0.047317
v -0.039986 -0.001627 -0.047315
v -0.041768 -0.001511 -0.047081
v -0.041861 -0.001504 -0.047067
v -0.041961 -0.001497 -0.047051
v -0.041724 -0.001514 -0.047087
v -0.033190 -0.004075 -0.048033
v -0.038337 -0.001723 -0.047510
v -0.037979 -0.001744 -0.047553
v -0.037565 -0.001765 -0.047602
v -0.036266 -0.001863 -0.048725
v -0.035721 -0.001856 -0.047821
v -0.033247 -0.001964 -0.048116
v -0.033349 -0.001960 -0.048104
v -0.033816 -0.001940 -0.048048
v -0.031430 -0.002063 -0.049367
v -0.032904 -0.001977 -0.048150
v -0.024502 -0.023013 -0.043294
v -0.024552 -0.019868 -0.044820
v -0.016400 -0.024222 -0.043246
v -0.016469 -0.021118 -0.044840
v -0.024798 -0.016530 -0.046134
v -0.024887 -0.013078 -0.047222
v -0.016457 -0.017911 -0.046215
v -0.016571 -0.014496 -0.047391
v -0.008227 -0.022268 -0.044646
v -0.008249 -0.019086 -0.046096
v -0.008255 -0.015839 -0.047310
v -0.024792 -0.009589 -0.048059
v -0.016599 -0.011006 -0.048320
v -0.016657 -0.007577 -0.048971
v -0.030041 -0.002232 -0.057696
v -0.029006 -0.002242 -0.055389
v -0.027177 -0.002305 -0.057690
v -0.024255 -0.002365 -0.057689
v -0.026120 -0.002311 -0.055392
v -0.030712 -0.002165 -0.053139
v -0.027881 -0.002241 -0.053126
v -0.029525 -0.002157 -0.050904
v -0.024877 -0.002307 -0.053056
v -0.026583 -0.002229 -0.050807
v -0.023557 -0.002291 -0.050757
v -0.021130 -0.002417 -0.057670
v -0.023047 -0.002370 -0.055360
v -0.019905 -0.002416 -0.055352
v -0.018082 -0.002454 -0.057669
v -0.016820 -0.002449 -0.055336
v -0.021770 -0.002361 -0.053032
v -0.020460 -0.002340 -0.050755
v -0.018630 -0.002403 -0.053058
v -0.017311 -0.002378 -0.050800
v -0.024823 -0.006136 -0.048618
v -0.030820 -0.002053 -0.048358
v -0.028379 -0.002131 -0.048602
v -0.028245 -0.002138 -0.048712
v -0.028187 -0.002137 -0.048621
v -0.027491 -0.002156 -0.048691
v -0.025621 -0.002205 -0.048878
v -0.025425 -0.002210 -0.048896
v -0.025037 -0.002219 -0.048930
v -0.025022 -0.002219 -0.048931
v -0.024347 -0.002233 -0.048979
v -0.016634 -0.004112 -0.049384
v -0.022497 -0.002271 -0.049094
v -0.021743 -0.002284 -0.049140
v -0.019495 -0.002319 -0.049280
v -0.018468 -0.002333 -0.049344
v -0.016658 -0.002352 -0.049456
v -0.016335 -0.002356 -0.049471
v -0.008321 -0.012366 -0.048332
v -0.008326 -0.008980 -0.049074
v -0.014967 -0.002479 -0.057665
v -0.011856 -0.002492 -0.057664
v -0.013701 -0.002469 -0.055343
v -0.008144 -0.002492 -0.057664
v -0.010000 -0.002478 -0.055327
v -0.015523 -0.002431 -0.053050
v -0.011856 -0.002447 -0.052987
v -0.013668 -0.002402 -0.050707
v -0.008144 -0.002447 -0.052987
v -0.010747 -0.002387 -0.049723
v -0.010000 -0.002410 -0.050676
v -0.009662 -0.002388 -0.049772
v -0.009302 -0.002389 -0.049786
v -0.008342 -0.002387 -0.049821
v -0.005033 -0.002479 -0.057665
v -0.006299 -0.002469 -0.055343
v -0.001918 -0.002454 -0.057669
v -0.003180 -0.002449 -0.055336
v -0.000095 -0.002416 -0.055352
v -0.004477 -0.002431 -0.053050
v -0.006982 -0.002385 -0.049844
v -0.006332 -0.002402 -0.050707
v -0.006430 -0.002382 -0.049854
v -0.005661 -0.002379 -0.049862
v -0.001370 -0.002403 -0.053058
v -0.003361 -0.002363 -0.049885
v -0.002689 -0.002378 -0.050800
v -0.001974 -0.002350 -0.049899
v -0.000087 -0.002328 -0.049919
v -0.008339 -0.005519 -0.049582
v -0.014587 -0.002370 -0.049550
v -0.012855 -0.002380 -0.049628
v -0.098214 -0.027737 -0.013685
v -0.095051 -0.027623 -0.017072
v -0.103393 -0.025560 -0.011672
v -0.105022 -0.025963 -0.007822
v -0.100188 -0.028226 -0.009864
v -0.094832 -0.030341 -0.011854
v -0.101521 -0.028557 -0.005954
v -0.096480 -0.030773 -0.007981
v -0.102190 -0.028723 -0.002034
v -0.102190 -0.028723 0.002034
v -0.106004 -0.026206 -0.003923
v -0.106331 -0.026287 0.000000
v -0.106004 -0.026206 0.003923
v -0.097848 -0.031115 0.000000
v -0.097526 -0.031012 -0.004057
v -0.097526 -0.031012 0.004057
v -0.105022 -0.025963 0.007822
v -0.103393 -0.025560 0.011672
v -0.101521 -0.028557 0.005954
v -0.096480 -0.030773 0.007981
v -0.100188 -0.028226 0.009864
v -0.094832 -0.030341 0.011854
v -0.098214 -0.027737 0.013685
v -0.068139 -0.039506 -0.014016
v -0.064515 -0.039173 -0.017308
v -0.071406 -0.039632 -0.010651
v -0.074362 -0.039509 -0.007371
v -0.063026 -0.041518 -0.011861
v -0.068982 -0.041355 -0.005325
v -0.066142 -0.041541 -0.008627
v -0.071507 -0.040960 -0.002032
v -0.071507 -0.040960 0.002032
v -0.076955 -0.039192 -0.004054
v -0.077209 -0.039322 0.000000
v -0.076955 -0.039192 0.004054
v -0.063287 -0.042992 -0.003288
v -0.065716 -0.042533 0.000000
v -0.063287 -0.042992 0.003288
v -0.074362 -0.039509 0.007371
v -0.071406 -0.039632 0.010651
v -0.068982 -0.041355 0.005325
v -0.066142 -0.041541 0.008627
v -0.063026 -0.041518 0.011861
v -0.080926 -0.035115 -0.014800
v -0.081181 -0.032342 -0.019988
v -0.084864 -0.032675 -0.016735
v -0.086723 -0.035102 -0.008031
v -0.090995 -0.032800 -0.009967
v -0.088155 -0.032831 -0.013369
v -0.092361 -0.033142 -0.006060
v -0.084040 -0.035199 -0.011445
v -0.079322 -0.037489 -0.009372
v -0.082035 -0.037236 -0.006057
v -0.088388 -0.030075 -0.018587
v -0.091849 -0.030287 -0.015261
v -0.091876 -0.026839 -0.020714
v -0.084872 -0.029236 -0.022198
v -0.077398 -0.034852 -0.018080
v -0.073473 -0.034410 -0.021266
v -0.072961 -0.037267 -0.016107
v -0.069171 -0.036886 -0.019337
v -0.065312 -0.036265 -0.022413
v -0.076366 -0.037472 -0.012759
v -0.087578 -0.035448 -0.004029
v -0.087863 -0.035564 0.000000
v -0.087578 -0.035448 0.004029
v -0.092937 -0.033375 -0.002034
v -0.092937 -0.033375 0.002034
v -0.082610 -0.037469 -0.002032
v -0.082610 -0.037469 0.002032
v -0.086723 -0.035102 0.008031
v -0.092361 -0.033142 0.006060
v -0.090995 -0.032800 0.009967
v -0.088155 -0.032831 0.013369
v -0.082035 -0.037236 0.006057
v -0.084040 -0.035199 0.011445
v -0.079322 -0.037489 0.009372
v -0.076366 -0.037472 0.012759
v -0.095051 -0.027623 0.017072
v -0.068139 -0.039506 0.014016
v -0.064515 -0.039173 0.017308
v -0.080926 -0.035115 0.014800
v -0.084864 -0.032675 0.016735
v -0.081181 -0.032342 0.019988
v -0.091849 -0.030287 0.015261
v -0.088388 -0.030075 0.018587
v -0.091876 -0.026839 0.020714
v -0.084872 -0.029236 0.022198
v -0.088059 -0.025899 0.024260
v -0.080822 -0.028213 0.025669
v -0.077398 -0.034852 0.018080
v -0.072961 -0.037267 0.016107
v -0.073473 -0.034410 0.021266
v -0.069171 -0.036886 0.019337
v -0.065312 -0.036265 0.022413
v -0.077405 -0.031416 0.023546
v -0.069052 -0.033481 0.024822
v -0.064172 -0.032329 0.028213
v -0.072744 -0.030374 0.027032
v -0.075935 -0.027032 0.029098
v -0.067581 -0.029098 0.030374
v -0.070532 -0.025669 0.032329
v -0.109918 -0.023044 -0.005988
v -0.111376 -0.019309 -0.011934
v -0.113105 -0.019707 -0.008050
v -0.110355 -0.016243 -0.016960
v -0.113229 -0.016296 -0.013531
v -0.111468 -0.013133 -0.018426
v -0.114531 -0.013204 -0.015063
v -0.118882 -0.013143 -0.008123
v -0.115485 -0.016276 -0.010059
v -0.116891 -0.016617 -0.006140
v -0.117006 -0.013208 -0.011623
v -0.106580 -0.022223 -0.013735
v -0.103556 -0.022143 -0.017142
v -0.105489 -0.019181 -0.018752
v -0.108716 -0.019295 -0.015383
v -0.098237 -0.024286 -0.019134
v -0.101127 -0.025000 -0.015451
v -0.100377 -0.021357 -0.020780
v -0.108567 -0.022713 -0.009911
v -0.106917 -0.016126 -0.020272
v -0.102029 -0.018301 -0.022349
v -0.107834 -0.012995 -0.021694
v -0.110595 -0.023211 -0.002065
v -0.110595 -0.023211 0.002065
v -0.114123 -0.019980 -0.004116
v -0.114512 -0.020048 0.000000
v -0.114123 -0.019980 0.004116
v -0.109918 -0.023044 0.005988
v -0.113105 -0.019707 0.008050
v -0.111376 -0.019309 0.011934
v -0.117702 -0.016707 -0.002065
v -0.117702 -0.016707 0.002065
v -0.120082 -0.013276 -0.004075
v -0.120483 -0.013320 0.000000
v -0.120082 -0.013276 0.004075
v -0.118882 -0.013143 0.008123
v -0.116891 -0.016617 0.006140
v -0.115485 -0.016276 0.010059
v -0.113229 -0.016296 0.013531
v -0.117006 -0.013208 0.011623
v -0.108567 -0.022713 0.009911
v -0.106580 -0.022223 0.013735
v -0.118478 -0.006628 -0.014496
v -0.112050 -0.009821 -0.019868
v -0.115335 -0.009919 -0.016530
v -0.112100 -0.006587 -0.021118
v -0.115538 -0.006583 -0.017911
v -0.118054 -0.009955 -0.013078
v -0.120149 -0.009917 -0.009589
v -0.121546 -0.009929 -0.006136
v -0.120799 -0.006640 -0.011006
v -0.122428 -0.006663 -0.007577
v -0.118275 -0.003302 -0.015839
v -0.115240 -0.003299 -0.019086
v -0.111616 -0.003291 -0.022268
v -0.122685 -0.003330 -0.008980
v -0.120830 -0.003328 -0.012366
v -0.123956 -0.003335 -0.005519
v -0.122356 -0.010018 -0.002063
v -0.122356 -0.010018 0.002063
v -0.123461 -0.006654 -0.004112
v -0.123881 -0.006676 0.000000
v -0.123461 -0.006654 0.004112
v -0.121546 -0.009929 0.006136
v -0.120149 -0.009917 0.009589
v -0.118054 -0.009955 0.013078
v -0.122428 -0.006663 0.007577
v -0.120799 -0.006640 0.011006
v -0.124615 -0.003337 -0.002062
v -0.124615 -0.003337 0.002062
v -0.123956 -0.003335 0.005519
v -0.122685 -0.003330 0.008980
v -0.120830 -0.003328 0.012366
v -0.110355 -0.016243 0.016960
v -0.114531 -0.013204 0.015063
v -0.111468 -0.013133 0.018426
v -0.103556 -0.022143 0.017142
v -0.108716 -0.019295 0.015383
v -0.105489 -0.019181 0.018752
v -0.101127 -0.025000 0.015451
v -0.098237 -0.024286 0.019134
v -0.094742 -0.023421 0.022700
v -0.100377 -0.021357 0.020780
v -0.096572 -0.020414 0.024312
v -0.106917 -0.016126 0.020272
v -0.102029 -0.018301 0.022349
v -0.107834 -0.012995 0.021694
v -0.103147 -0.015190 0.023811
v -0.097931 -0.017308 0.025806
v -0.098764 -0.014016 0.027255
v -0.118478 -0.006628 0.014496
v -0.115335 -0.009919 0.016530
v -0.112050 -0.009821 0.019868
v -0.115538 -0.006583 0.017911
v -0.112100 -0.006587 0.021118
v -0.118275 -0.003302 0.015839
v -0.115240 -0.003299 0.019086
v -0.111616 -0.003291 0.022268
v -0.108234 -0.009801 0.023013
v -0.103795 -0.011861 0.025210
v -0.108116 -0.006560 0.024222
v -0.103852 -0.008627 0.026457
v -0.099081 -0.010651 0.028563
v -0.098771 -0.007371 0.029745
v -0.107481 -0.003288 0.025315
v -0.103389 -0.005325 0.027593
v -0.102401 -0.002032 0.028603
v -0.097980 -0.004054 0.030782
v -0.090662 -0.022413 0.026125
v -0.092214 -0.019337 0.027669
v -0.086024 -0.021266 0.029389
v -0.083701 -0.024822 0.027621
v -0.078539 -0.023546 0.030962
v -0.093167 -0.016107 0.029185
v -0.087130 -0.018080 0.030959
v -0.093679 -0.012759 0.030546
v -0.080855 -0.019988 0.032472
v -0.087789 -0.014800 0.032371
v -0.081687 -0.016735 0.033946
v -0.082077 -0.013369 0.035262
v -0.073089 -0.022198 0.033949
v -0.064746 -0.024260 0.035224
v -0.067098 -0.020714 0.036751
v -0.075188 -0.018587 0.035355
v -0.075718 -0.015261 0.036740
v -0.069057 -0.017072 0.038020
v -0.069343 -0.013685 0.039286
v -0.093723 -0.009372 0.031729
v -0.087998 -0.011445 0.033616
v -0.087756 -0.008031 0.034689
v -0.082001 -0.009967 0.036398
v -0.093091 -0.006057 0.032814
v -0.088621 -0.004029 0.035031
v -0.093673 -0.002032 0.033044
v -0.082855 -0.006060 0.036944
v -0.083438 -0.002034 0.037175
v -0.075853 -0.011854 0.037933
v -0.070564 -0.009864 0.040075
v -0.076932 -0.007981 0.038592
v -0.063901 -0.011672 0.041357
v -0.064907 -0.007822 0.042009
v -0.077530 -0.004057 0.039010
v -0.071393 -0.005954 0.040608
v -0.071807 -0.002034 0.040876
v -0.065514 -0.003923 0.042401
v -0.049669 -0.044820 -0.009821
v -0.052795 -0.044840 -0.006587
v -0.055872 -0.040812 -0.018301
v -0.059528 -0.041259 -0.015190
v -0.060780 -0.038629 -0.020414
v -0.046880 -0.042196 -0.019181
v -0.050679 -0.042767 -0.016126
v -0.051950 -0.040151 -0.021357
v -0.057533 -0.043294 -0.009801
v -0.060555 -0.043246 -0.006560
v -0.054236 -0.043133 -0.012995
v -0.042401 -0.044142 -0.016243
v -0.033828 -0.045292 -0.016296
v -0.046065 -0.044587 -0.013133
v -0.041326 -0.046134 -0.009919
v -0.044779 -0.046215 -0.006583
v -0.032694 -0.047222 -0.009955
v -0.036241 -0.047391 -0.006628
v -0.037657 -0.045812 -0.013204
v -0.042856 -0.041422 -0.022143
v -0.038457 -0.043486 -0.019295
v -0.034337 -0.042632 -0.022223
v -0.055671 -0.044646 -0.003291
v -0.058207 -0.044248 0.000000
v -0.055671 -0.044646 0.003291
v -0.047715 -0.046096 -0.003299
v -0.050419 -0.045752 0.000000
v -0.047715 -0.046096 0.003299
v -0.052795 -0.044840 0.006587
v -0.049669 -0.044820 0.009821
v -0.060555 -0.043246 0.006560
v -0.057533 -0.043294 0.009801
v -0.054236 -0.043133 0.012995
v -0.039597 -0.047310 -0.003302
v -0.042390 -0.047037 0.000000
v -0.039597 -0.047310 0.003302
v -0.034158 -0.048097 0.000000
v -0.044779 -0.046215 0.006583
v -0.046065 -0.044587 0.013133
v -0.041326 -0.046134 0.009919
v -0.036241 -0.047391 0.006628
v -0.032694 -0.047222 0.009955
v -0.037657 -0.045812 0.013204
v -0.029835 -0.044550 -0.019309
v -0.025149 -0.046194 -0.016276
v -0.020126 -0.045242 -0.019707
v -0.023972 -0.048059 -0.009917
v -0.027515 -0.048320 -0.006640
v -0.029057 -0.046802 -0.013208
v -0.020307 -0.047553 -0.013143
v -0.018944 -0.048971 -0.006663
v -0.010290 -0.045649 -0.019980
v -0.015350 -0.046757 -0.016617
v -0.005163 -0.047081 -0.016707
v -0.015341 -0.048618 -0.009929
v -0.010188 -0.048033 -0.013276
v -0.010280 -0.049384 -0.006654
v -0.005156 -0.048943 -0.010018
v -0.030916 -0.048332 -0.003328
v -0.025763 -0.048927 0.000000
v -0.030916 -0.048332 0.003328
v -0.022449 -0.049074 -0.003330
v -0.017244 -0.049522 0.000000
v -0.022449 -0.049074 0.003330
v -0.027515 -0.048320 0.006640
v -0.023972 -0.048059 0.009917
v -0.029057 -0.046802 0.013208
v -0.018944 -0.048971 0.006663
v -0.020307 -0.047553 0.013143
v -0.013798 -0.049582 -0.003335
v -0.008643 -0.049880 0.000000
v -0.013798 -0.049582 0.003335
v -0.005156 -0.049846 -0.003337
v -0.005156 -0.049846 0.003337
v -0.010280 -0.049384 0.006654
v -0.015341 -0.048618 0.009929
v -0.010188 -0.048033 0.013276
v -0.005156 -0.048943 0.010018
v -0.059528 -0.041259 0.015190
v -0.055872 -0.040812 0.018301
v -0.060780 -0.038629 0.020414
v -0.050679 -0.042767 0.016126
v -0.046880 -0.042196 0.019181
v -0.051950 -0.040151 0.021357
v -0.056749 -0.037897 0.023421
v -0.047835 -0.039295 0.024286
v -0.042401 -0.044142 0.016243
v -0.033828 -0.045292 0.016296
v -0.042856 -0.041422 0.022143
v -0.038457 -0.043486 0.019295
v -0.034337 -0.042632 0.022223
v -0.042679 -0.038020 0.027623
v -0.038627 -0.040451 0.025000
v -0.034213 -0.039286 0.027737
v -0.060651 -0.035224 0.025899
v -0.055495 -0.033949 0.029236
v -0.051784 -0.036751 0.026839
v -0.058865 -0.030962 0.031416
v -0.046469 -0.035355 0.030075
v -0.038152 -0.036740 0.030287
v -0.049971 -0.032472 0.032342
v -0.062055 -0.027621 0.033481
v -0.056032 -0.026125 0.036265
v -0.053166 -0.029389 0.034410
v -0.048341 -0.027669 0.036886
v -0.041836 -0.033946 0.032675
v -0.033423 -0.035262 0.032831
v -0.037001 -0.032371 0.035115
v -0.045199 -0.030959 0.034852
v -0.040268 -0.029185 0.037267
v -0.043269 -0.025806 0.039173
v -0.031897 -0.030546 0.037472
v -0.035040 -0.027255 0.039506
v -0.025149 -0.046194 0.016276
v -0.029835 -0.044550 0.019309
v -0.020126 -0.045242 0.019707
v -0.024778 -0.043427 0.022713
v -0.029181 -0.041357 0.025560
v -0.029636 -0.037933 0.030341
v -0.024659 -0.040075 0.028226
v -0.019554 -0.042009 0.025963
v -0.019952 -0.038592 0.030773
v -0.015350 -0.046757 0.016617
v -0.010290 -0.045649 0.019980
v -0.005163 -0.047081 0.016707
v -0.014969 -0.043967 0.023044
v -0.005162 -0.044238 0.023211
v -0.009807 -0.042401 0.026206
v -0.014885 -0.040608 0.028557
v -0.010143 -0.039010 0.031012
v -0.005084 -0.040876 0.028723
v -0.024916 -0.036398 0.032800
v -0.028613 -0.033616 0.035199
v -0.020078 -0.034689 0.035102
v -0.023429 -0.031729 0.037489
v -0.026628 -0.028563 0.039632
v -0.018427 -0.029745 0.039509
v -0.029654 -0.025210 0.041518
v -0.021566 -0.026457 0.041541
v -0.015149 -0.036944 0.033142
v -0.010072 -0.035031 0.035448
v -0.015143 -0.032814 0.037236
v -0.005085 -0.037175 0.033375
v -0.005080 -0.033044 0.037469
v -0.010136 -0.030782 0.039192
v -0.013312 -0.027593 0.041355
v -0.008220 -0.025315 0.042992
v -0.005080 -0.028603 0.040960
v -0.058554 -0.022700 0.037897
v -0.060714 -0.019134 0.039295
v -0.051036 -0.024312 0.038629
v -0.053392 -0.020780 0.040151
v -0.047952 -0.018752 0.042196
v -0.062500 -0.015451 0.040451
v -0.055358 -0.017142 0.041422
v -0.055558 -0.013735 0.042632
v -0.048238 -0.015383 0.043486
v -0.045753 -0.022349 0.040812
v -0.040316 -0.020272 0.042767
v -0.037975 -0.023811 0.041259
v -0.032486 -0.021694 0.043133
v -0.040608 -0.016960 0.044142
v -0.040741 -0.013531 0.045292
v -0.032833 -0.018426 0.044587
v -0.033010 -0.015063 0.045812
v -0.056783 -0.009911 0.043427
v -0.048273 -0.011934 0.044550
v -0.049267 -0.008050 0.045242
v -0.057610 -0.005988 0.043967
v -0.058027 -0.002065 0.044238
v -0.049951 -0.004116 0.045649
v -0.040691 -0.010059 0.046194
v -0.033019 -0.011623 0.046802
v -0.032858 -0.008123 0.047553
v -0.041543 -0.006140 0.046757
v -0.041768 -0.002065 0.047081
v -0.033190 -0.004075 0.048033
v -0.024502 -0.023013 0.043294
v -0.024552 -0.019868 0.044820
v -0.016400 -0.024222 0.043246
v -0.016469 -0.021118 0.044840
v -0.024798 -0.016530 0.046134
v -0.024887 -0.013078 0.047222
v -0.016457 -0.017911 0.046215
v -0.016571 -0.014496 0.047391
v -0.008227 -0.022268 0.044646
v -0.008249 -0.019086 0.046096
v -0.008255 -0.015839 0.047310
v -0.024792 -0.009589 0.048059
v -0.016599 -0.011006 0.048320
v -0.016657 -0.007577 0.048971
v -0.024823 -0.006136 0.048618
v -0.025046 -0.002063 0.048943
v -0.016634 -0.004112 0.049384
v -0.008321 -0.012366 0.048332
v -0.008326 -0.008980 0.049074
v -0.008339 -0.005519 0.049582
v -0.008343 -0.002062 0.049846
v -0.110621 0.000000 -0.023283
v -0.102401 0.002032 -0.028603
v -0.106331 0.000000 -0.026287
v -0.103389 0.005325 -0.027593
v -0.107481 0.003288 -0.025315
v -0.098304 0.000000 -0.030884
v -0.097980 0.004054 -0.030782
v -0.108116 0.006560 -0.024222
v -0.103852 0.008627 -0.026457
v -0.108234 0.009801 -0.023013
v -0.103795 0.011861 -0.025210
v -0.098771 0.007371 -0.029745
v -0.099081 0.010651 -0.028563
v -0.103147 0.015190 -0.023811
v -0.098764 0.014016 -0.027255
v -0.097931 0.017308 -0.025806
v -0.096572 0.020414 -0.024312
v -0.094742 0.023421 -0.022700
v -0.071807 0.002034 -0.040876
v -0.065716 0.000000 -0.042533
v -0.065514 0.003923 -0.042401
v -0.064907 0.007822 -0.042009
v -0.063901 0.011672 -0.041357
v -0.093673 0.002032 -0.033044
v -0.088910 0.000000 -0.035145
v -0.093091 0.006057 -0.032814
v -0.088621 0.004029 -0.035031
v -0.083438 0.002034 -0.037175
v -0.082855 0.006060 -0.036944
v -0.093723 0.009372 -0.031729
v -0.087756 0.008031 -0.034689
v -0.087998 0.011445 -0.033616
v -0.082001 0.009967 -0.036398
v -0.077786 0.000000 -0.039139
v -0.077530 0.004057 -0.039010
v -0.071393 0.005954 -0.040608
v -0.076932 0.007981 -0.038592
v -0.075853 0.011854 -0.037933
v -0.070564 0.009864 -0.040075
v -0.087789 0.014800 -0.032371
v -0.082077 0.013369 -0.035262
v -0.081687 0.016735 -0.033946
v -0.093679 0.012759 -0.030546
v -0.093167 0.016107 -0.029185
v -0.087130 0.018080 -0.030959
v -0.080855 0.019988 -0.032472
v -0.092214 0.019337 -0.027669
v -0.086024 0.021266 -0.029389
v -0.090662 0.022413 -0.026125
v -0.083701 0.024822 -0.027621
v -0.078539 0.023546 -0.030962
v -0.075718 0.015261 -0.036740
v -0.075188 0.018587 -0.035355
v -0.069343 0.013685 -0.039286
v -0.069057 0.017072 -0.038020
v -0.073089 0.022198 -0.033949
v -0.067098 0.020714 -0.036751
v -0.064746 0.024260 -0.035224
v -0.088059 0.025899 -0.024260
v -0.080822 0.028213 -0.025669
v -0.070532 0.025669 -0.032329
v -0.075935 0.027032 -0.029098
v -0.072744 0.030374 -0.027032
v -0.067581 0.029098 -0.030374
v -0.077405 0.031416 -0.023546
v -0.064172 0.032329 -0.028213
v -0.069052 0.033481 -0.024822
v -0.047220 0.000266 -0.079315
v -0.048922 0.000328 -0.076955
v -0.048279 0.000000 -0.078401
v -0.047387 0.000431 -0.078520
v -0.048693 0.000164 -0.077720
v -0.047366 0.000593 -0.077647
v -0.040038 0.000102 -0.086022
v -0.035851 0.000102 -0.088613
v -0.035701 0.000298 -0.088426
v -0.038003 0.000000 -0.087397
v -0.037911 0.000203 -0.087307
v -0.037696 0.000399 -0.087014
v -0.037307 0.000593 -0.086553
v -0.035403 0.000493 -0.088053
v -0.033658 0.000000 -0.089773
v -0.033585 0.000196 -0.089681
v -0.033367 0.000391 -0.089406
v -0.033004 0.000584 -0.088950
v -0.032500 0.000773 -0.088316
v -0.034963 0.000684 -0.087500
v -0.034860 0.000854 -0.086614
v -0.031857 0.000957 -0.087506
v -0.045389 0.000000 -0.081619
v -0.045273 0.000203 -0.081547
v -0.043722 0.000102 -0.083131
v -0.043513 0.000303 -0.082970
v -0.043740 0.000469 -0.082210
v -0.042008 0.000000 -0.084602
v -0.041904 0.000201 -0.084522
v -0.041592 0.000402 -0.084282
v -0.039828 0.000303 -0.085861
v -0.039520 0.000498 -0.085479
v -0.039548 0.000668 -0.084683
v -0.039407 0.000837 -0.083762
v -0.041679 0.000572 -0.083531
v -0.041604 0.000740 -0.082659
v -0.041367 0.000904 -0.081671
v -0.039108 0.000999 -0.082731
v -0.045558 0.000369 -0.080821
v -0.046864 0.000102 -0.080022
v -0.045669 0.000533 -0.079994
v -0.043725 0.000638 -0.081382
v -0.043540 0.000805 -0.080429
v -0.043197 0.000967 -0.079368
v -0.045555 0.000701 -0.079079
v -0.045255 0.000865 -0.078064
v -0.044766 0.001021 -0.077018
v -0.040969 0.001063 -0.080572
v -0.040133 0.001241 -0.079335
v -0.042638 0.001121 -0.078287
v -0.041701 0.001295 -0.076982
v -0.039096 0.001411 -0.077968
v -0.037258 0.000763 -0.085718
v -0.037068 0.000929 -0.084749
v -0.036312 0.001110 -0.083764
v -0.038274 0.001177 -0.081673
v -0.035391 0.001283 -0.082630
v -0.034155 0.001036 -0.085725
v -0.033309 0.001213 -0.084656
v -0.032340 0.001381 -0.083436
v -0.037337 0.001352 -0.080368
v -0.036188 0.001519 -0.078923
v -0.034329 0.001455 -0.081262
v -0.033102 0.001616 -0.079749
v -0.034859 0.001674 -0.077375
v -0.031834 0.001761 -0.078129
v -0.051177 0.000000 -0.074117
v -0.051486 0.000165 -0.073360
v -0.051594 0.000329 -0.072538
v -0.049823 0.000000 -0.076298
v -0.048964 0.000490 -0.076109
v -0.050182 0.000165 -0.075588
v -0.050356 0.000329 -0.074783
v -0.047133 0.000760 -0.076668
v -0.048820 0.000650 -0.075186
v -0.050338 0.000491 -0.073907
v -0.050128 0.000657 -0.072898
v -0.048490 0.000806 -0.074190
v -0.047976 0.000959 -0.073126
v -0.052333 0.000000 -0.071869
v -0.051521 0.000496 -0.071571
v -0.052579 0.000165 -0.071087
v -0.052652 0.000331 -0.070148
v -0.051231 0.000660 -0.070544
v -0.053287 0.000000 -0.069564
v -0.053499 0.000166 -0.068656
v -0.052499 0.000498 -0.069154
v -0.052122 0.000660 -0.068136
v -0.049728 0.000812 -0.071872
v -0.049138 0.000965 -0.070768
v -0.047280 0.001107 -0.072000
v -0.050762 0.000815 -0.069472
v -0.050095 0.000965 -0.068354
v -0.048369 0.001111 -0.069614
v -0.047222 0.001278 -0.068171
v -0.054892 0.000000 -0.062420
v -0.054861 0.000167 -0.061444
v -0.055000 0.000000 -0.060000
v -0.054034 0.000000 -0.067214
v -0.053488 0.000332 -0.067704
v -0.053253 0.000496 -0.066712
v -0.054167 0.000167 -0.066286
v -0.052798 0.000657 -0.065686
v -0.051575 0.000814 -0.067042
v -0.054074 0.000333 -0.065304
v -0.054570 0.000000 -0.064828
v -0.054624 0.000167 -0.063863
v -0.053757 0.000496 -0.064296
v -0.052081 0.000831 -0.064298
v -0.049084 0.001136 -0.066938
v -0.050718 0.000985 -0.065635
v -0.049571 0.001152 -0.064191
v -0.047808 0.001298 -0.065475
v -0.054446 0.000333 -0.062878
v -0.053229 0.000664 -0.062853
v -0.054048 0.000501 -0.061444
v -0.051084 0.000999 -0.062881
v -0.052373 0.000835 -0.061446
v -0.054597 0.000334 -0.060000
v -0.053374 0.000666 -0.060000
v -0.051224 0.001002 -0.060000
v -0.049814 0.001161 -0.061445
v -0.048161 0.001310 -0.062746
v -0.048279 0.001314 -0.060000
v -0.046730 0.000915 -0.075644
v -0.044107 0.001171 -0.075890
v -0.046136 0.001068 -0.074546
v -0.045365 0.001214 -0.073394
v -0.043075 0.001342 -0.074500
v -0.040554 0.001462 -0.075539
v -0.041820 0.001504 -0.073011
v -0.039225 0.001617 -0.073992
v -0.046406 0.001250 -0.070816
v -0.044218 0.001381 -0.071950
v -0.043066 0.001514 -0.070682
v -0.045357 0.001387 -0.069580
v -0.044139 0.001517 -0.068298
v -0.040551 0.001634 -0.071714
v -0.039134 0.001756 -0.070360
v -0.041736 0.001642 -0.069358
v -0.040254 0.001760 -0.068011
v -0.037866 0.001571 -0.076482
v -0.036450 0.001720 -0.074886
v -0.037863 0.001743 -0.072656
v -0.033512 0.001813 -0.075689
v -0.034902 0.001844 -0.073536
v -0.031881 0.001931 -0.074290
v -0.036266 0.001863 -0.071275
v -0.037492 0.001874 -0.068931
v -0.033225 0.001959 -0.072115
v -0.031430 0.002063 -0.070633
v -0.034530 0.001975 -0.069811
v -0.032689 0.002076 -0.068303
v -0.046068 0.001411 -0.066905
v -0.044733 0.001539 -0.065586
v -0.046548 0.001428 -0.064168
v -0.043250 0.001657 -0.064242
v -0.042758 0.001640 -0.066977
v -0.041220 0.001755 -0.065622
v -0.039533 0.001862 -0.064240
v -0.045109 0.001551 -0.062840
v -0.046789 0.001436 -0.061424
v -0.045225 0.001556 -0.060000
v -0.043457 0.001669 -0.061424
v -0.041528 0.001772 -0.062820
v -0.039740 0.001873 -0.061422
v -0.041631 0.001778 -0.060000
v -0.038556 0.001874 -0.066560
v -0.035706 0.001982 -0.067456
v -0.036770 0.001975 -0.065159
v -0.033811 0.002077 -0.066039
v -0.034834 0.002068 -0.063727
v -0.031800 0.002162 -0.064592
v -0.037704 0.001960 -0.062838
v -0.035743 0.002048 -0.061422
v -0.037795 0.001966 -0.060000
v -0.032783 0.002150 -0.062302
v -0.033658 0.002127 -0.060000
v -0.030890 0.000103 -0.090967
v -0.030740 0.000299 -0.090777
v -0.028044 0.000000 -0.092063
v -0.027982 0.000206 -0.091954
v -0.027736 0.000403 -0.091669
v -0.027378 0.000597 -0.091185
v -0.025036 0.000103 -0.092957
v -0.024955 0.000307 -0.092730
v -0.024649 0.000503 -0.092336
v -0.024667 0.000677 -0.091704
v -0.024619 0.000848 -0.090899
v -0.030442 0.000496 -0.090399
v -0.030001 0.000687 -0.089842
v -0.029929 0.000857 -0.088996
v -0.027366 0.000769 -0.090440
v -0.031079 0.001135 -0.086528
v -0.029221 0.001039 -0.088106
v -0.028373 0.001216 -0.087040
v -0.027263 0.000938 -0.089537
v -0.026471 0.001117 -0.088568
v -0.024514 0.001014 -0.089937
v -0.023671 0.001191 -0.088881
v -0.025577 0.001290 -0.087421
v -0.024496 0.001459 -0.086087
v -0.021988 0.000000 -0.093735
v -0.021948 0.000204 -0.093623
v -0.021829 0.000406 -0.093287
v -0.021887 0.000581 -0.092762
v -0.021884 0.000753 -0.092069
v -0.021820 0.000921 -0.091211
v -0.019017 0.000103 -0.094260
v -0.018936 0.000307 -0.094033
v -0.018925 0.000479 -0.093642
v -0.018959 0.000654 -0.093055
v -0.016009 0.000000 -0.094687
v -0.015988 0.000206 -0.094569
v -0.015997 0.000379 -0.094280
v -0.015976 0.000550 -0.093824
v -0.015966 0.000725 -0.093174
v -0.018927 0.000827 -0.092294
v -0.018839 0.000993 -0.091374
v -0.015924 0.000896 -0.092351
v -0.015929 0.001056 -0.091388
v -0.021695 0.001085 -0.090193
v -0.020675 0.001261 -0.089063
v -0.022614 0.001363 -0.087654
v -0.019586 0.001428 -0.087743
v -0.021483 0.001527 -0.086230
v -0.018821 0.001151 -0.090305
v -0.017764 0.001323 -0.089078
v -0.015904 0.001211 -0.090273
v -0.016634 0.001487 -0.087656
v -0.018434 0.001586 -0.086242
v -0.030172 0.001306 -0.085385
v -0.027403 0.001383 -0.085820
v -0.029140 0.001469 -0.084087
v -0.031191 0.001548 -0.081991
v -0.027990 0.001624 -0.082639
v -0.026272 0.001548 -0.084396
v -0.025061 0.001697 -0.082872
v -0.029978 0.001697 -0.080465
v -0.028642 0.001838 -0.078787
v -0.026729 0.001768 -0.081053
v -0.023735 0.001837 -0.081201
v -0.025365 0.001901 -0.079336
v -0.027221 0.001965 -0.077000
v -0.023906 0.002023 -0.077500
v -0.023320 0.001619 -0.084581
v -0.020301 0.001681 -0.084639
v -0.022032 0.001763 -0.082982
v -0.017228 0.001734 -0.084572
v -0.018970 0.001820 -0.082960
v -0.017183 0.001930 -0.081541
v -0.022317 0.001964 -0.079416
v -0.020669 0.001897 -0.081239
v -0.020505 0.002068 -0.077892
v -0.018877 0.002004 -0.079758
v -0.017040 0.002100 -0.078174
v -0.013003 0.000103 -0.094892
v -0.013002 0.000276 -0.094708
v -0.012997 0.000449 -0.094352
v -0.012996 0.000618 -0.093833
v -0.012972 0.000792 -0.093117
v -0.012969 0.000954 -0.092267
v -0.012962 0.001113 -0.091252
v -0.010000 0.000000 -0.095000
v -0.010000 0.000173 -0.094916
v -0.010000 0.000345 -0.094665
v -0.010000 0.000515 -0.094249
v -0.010000 0.000683 -0.093668
v -0.010000 0.000848 -0.092926
v -0.010000 0.001008 -0.092027
v -0.010000 0.001164 -0.090974
v -0.014792 0.001380 -0.088949
v -0.012959 0.001266 -0.090095
v -0.011829 0.001430 -0.088672
v -0.013649 0.001539 -0.087435
v -0.015451 0.001641 -0.086065
v -0.011829 0.001652 -0.086229
v -0.010000 0.001314 -0.089773
v -0.008171 0.001430 -0.088672
v -0.010000 0.001544 -0.087525
v -0.008171 0.001652 -0.086229
v -0.006997 0.000103 -0.094892
v -0.006998 0.000276 -0.094708
v -0.007003 0.000449 -0.094352
v -0.007004 0.000618 -0.093833
v -0.007028 0.000792 -0.093117
v -0.003991 0.000000 -0.094687
v -0.004012 0.000206 -0.094569
v -0.004003 0.000379 -0.094280
v -0.004024 0.000550 -0.093824
v -0.004034 0.000725 -0.093174
v -0.007031 0.000954 -0.092267
v -0.007038 0.001113 -0.091252
v -0.004076 0.000896 -0.092351
v -0.004071 0.001056 -0.091388
v -0.000983 0.000103 -0.094260
v -0.001064 0.000307 -0.094033
v -0.001075 0.000479 -0.093642
v -0.001041 0.000654 -0.093055
v -0.001073 0.000827 -0.092294
v -0.001161 0.000993 -0.091374
v -0.007041 0.001266 -0.090095
v -0.004096 0.001211 -0.090273
v -0.005208 0.001380 -0.088949
v -0.006351 0.001539 -0.087435
v -0.004549 0.001641 -0.086065
v -0.002236 0.001323 -0.089078
v -0.001179 0.001151 -0.090305
v -0.003366 0.001487 -0.087656
v -0.000414 0.001428 -0.087743
v -0.001566 0.001586 -0.086242
v -0.013626 0.001752 -0.084814
v -0.015454 0.001847 -0.083199
v -0.011830 0.001859 -0.083363
v -0.013651 0.001951 -0.081708
v -0.010000 0.001757 -0.084895
v -0.010000 0.001957 -0.081780
v -0.008170 0.001859 -0.083363
v -0.015359 0.002030 -0.079990
v -0.011830 0.002044 -0.080106
v -0.013531 0.002120 -0.078344
v -0.008170 0.002044 -0.080106
v -0.010000 0.002127 -0.078401
v -0.006374 0.001752 -0.084814
v -0.006349 0.001951 -0.081708
v -0.004546 0.001847 -0.083199
v -0.002772 0.001734 -0.084572
v -0.002817 0.001930 -0.081541
v -0.001030 0.001820 -0.082960
v -0.004641 0.002030 -0.079990
v -0.006469 0.002120 -0.078344
v -0.001123 0.002004 -0.079758
v -0.002960 0.002100 -0.078174
v -0.030430 0.001895 -0.076395
v -0.028702 0.002008 -0.074950
v -0.030114 0.002041 -0.072811
v -0.025428 0.002071 -0.075500
v -0.026877 0.002110 -0.073426
v -0.023845 0.002174 -0.073507
v -0.028245 0.002138 -0.071288
v -0.029525 0.002157 -0.069096
v -0.025264 0.002207 -0.071370
v -0.026583 0.002229 -0.069193
v -0.023557 0.002291 -0.069243
v -0.022361 0.002132 -0.075556
v -0.020740 0.002228 -0.073517
v -0.018920 0.002171 -0.075899
v -0.017245 0.002262 -0.073795
v -0.022178 0.002265 -0.071408
v -0.020460 0.002340 -0.069245
v -0.019053 0.002310 -0.071394
v -0.017311 0.002378 -0.069200
v -0.030712 0.002165 -0.066861
v -0.027881 0.002241 -0.066874
v -0.029006 0.002242 -0.064611
v -0.024877 0.002307 -0.066944
v -0.026120 0.002311 -0.064608
v -0.030041 0.002232 -0.062304
v -0.030955 0.002212 -0.060000
v -0.028151 0.002288 -0.060000
v -0.027177 0.002305 -0.062310
v -0.024255 0.002365 -0.062311
v -0.025261 0.002352 -0.060000
v -0.021770 0.002361 -0.066968
v -0.023047 0.002370 -0.064640
v -0.019905 0.002416 -0.064648
v -0.018630 0.002403 -0.066942
v -0.016820 0.002449 -0.064664
v -0.021130 0.002417 -0.062330
v -0.022297 0.002405 -0.060000
v -0.018082 0.002454 -0.062331
v -0.019275 0.002446 -0.060000
v -0.016208 0.002476 -0.060000
v -0.015389 0.002198 -0.076131
v -0.011858 0.002212 -0.076247
v -0.013705 0.002282 -0.073986
v -0.008142 0.002212 -0.076247
v -0.010000 0.002290 -0.074034
v -0.015526 0.002338 -0.071632
v -0.011859 0.002354 -0.071695
v -0.013668 0.002402 -0.069293
v -0.008141 0.002354 -0.071695
v -0.010000 0.002410 -0.069324
v -0.004611 0.002198 -0.076131
v -0.006295 0.002282 -0.073986
v -0.001080 0.002171 -0.075899
v -0.002755 0.002262 -0.073795
v -0.004474 0.002338 -0.071632
v -0.006332 0.002402 -0.069293
v -0.000947 0.002310 -0.071394
v -0.002689 0.002378 -0.069200
v -0.015523 0.002431 -0.066950
v -0.011856 0.002447 -0.067013
v -0.013701 0.002469 -0.064657
v -0.008144 0.002447 -0.067013
v -0.010000 0.002478 -0.064673
v -0.014967 0.002479 -0.062335
v -0.011856 0.002492 -0.062336
v -0.013111 0.002494 -0.060000
v -0.008144 0.002492 -0.062336
v -0.010000 0.002500 -0.060000
v -0.004477 0.002431 -0.066950
v -0.006299 0.002469 -0.064657
v -0.001370 0.002403 -0.066942
v -0.003180 0.002449 -0.064664
v -0.000095 0.002416 -0.064648
v -0.005033 0.002479 -0.062335
v -0.006889 0.002494 -0.060000
v -0.001918 0.002454 -0.062331
v -0.003792 0.002476 -0.060000
v -0.000725 0.002446 -0.060000
v -0.054861 0.000167 -0.058556
v -0.054892 0.000000 -0.057580
v -0.054048 0.000501 -0.058556
v -0.054446 0.000333 -0.057122
v -0.053229 0.000664 -0.057147
v -0.052373 0.000835 -0.058554
v -0.051084 0.000999 -0.057119
v -0.054624 0.000167 -0.056137
v -0.053757 0.000496 -0.055704
v -0.054570 0.000000 -0.055172
v -0.054074 0.000333 -0.054696
v -0.052798 0.000657 -0.054314
v -0.052081 0.000831 -0.055702
v -0.049814 0.001161 -0.058555
v -0.048161 0.001310 -0.057254
v -0.049571 0.001152 -0.055809
v -0.050718 0.000985 -0.054365
v -0.047808 0.001298 -0.054525
v -0.054167 0.000167 -0.053714
v -0.053253 0.000496 -0.053288
v -0.054034 0.000000 -0.052786
v -0.053488 0.000332 -0.052296
v -0.051575 0.000814 -0.052958
v -0.053499 0.000166 -0.051344
v -0.053287 0.000000 -0.050436
v -0.052122 0.000660 -0.051864
v -0.052499 0.000498 -0.050846
v -0.052652 0.000331 -0.049852
v -0.049084 0.001136 -0.053062
v -0.050095 0.000965 -0.051646
v -0.050762 0.000815 -0.050528
v -0.047222 0.001278 -0.051829
v -0.048369 0.001111 -0.050386
v -0.058027 0.002065 -0.044238
v -0.057610 0.005988 -0.043967
v -0.052579 0.000165 -0.048913
v -0.051231 0.000660 -0.049456
v -0.052333 0.000000 -0.048131
v -0.051594 0.000329 -0.047462
v -0.051521 0.000496 -0.048429
v -0.051486 0.000165 -0.046640
v -0.051177 0.000000 -0.045883
v -0.051006 0.000028 -0.045629
v -0.051018 0.000000 -0.045627
v -0.050860 0.000193 -0.045658
v -0.050906 0.000165 -0.045649
v -0.049138 0.000965 -0.049232
v -0.049728 0.000812 -0.048128
v -0.047280 0.001107 -0.048000
v -0.050128 0.000657 -0.047102
v -0.050724 0.000276 -0.045680
v -0.050620 0.000329 -0.045697
v -0.050338 0.000491 -0.046093
v -0.050345 0.000427 -0.045743
v -0.050100 0.000501 -0.045786
v -0.050142 0.000491 -0.045778
v -0.049993 0.000527 -0.045802
v -0.049434 0.000653 -0.045888
v -0.047976 0.000959 -0.046874
v -0.048601 0.000807 -0.046018
v -0.048372 0.000841 -0.046054
v -0.048728 0.000785 -0.045998
v -0.047628 0.000947 -0.046171
v -0.047161 0.001007 -0.046245
v -0.049951 0.004116 -0.045649
v -0.056783 0.009911 -0.043427
v -0.049267 0.008050 -0.045242
v -0.048273 0.011934 -0.044550
v -0.046789 0.001436 -0.058576
v -0.045109 0.001551 -0.057160
v -0.046548 0.001428 -0.055832
v -0.044733 0.001539 -0.054414
v -0.043457 0.001669 -0.058576
v -0.043250 0.001657 -0.055758
v -0.041528 0.001772 -0.057180
v -0.039740 0.001873 -0.058578
v -0.041220 0.001755 -0.054378
v -0.039533 0.001862 -0.055760
v -0.046068 0.001411 -0.053095
v -0.045357 0.001387 -0.050420
v -0.044139 0.001517 -0.051702
v -0.042758 0.001640 -0.053023
v -0.040254 0.001760 -0.051989
v -0.041736 0.001642 -0.050642
v -0.037704 0.001960 -0.057162
v -0.035743 0.002048 -0.058578
v -0.036770 0.001975 -0.054841
v -0.032783 0.002150 -0.057698
v -0.034834 0.002068 -0.056273
v -0.031800 0.002162 -0.055408
v -0.038556 0.001874 -0.053440
v -0.035706 0.001982 -0.052544
v -0.037492 0.001874 -0.051069
v -0.033811 0.002077 -0.053961
v -0.034530 0.001975 -0.050189
v -0.032689 0.002076 -0.051697
v -0.046406 0.001250 -0.049184
v -0.043066 0.001514 -0.049318
v -0.044218 0.001381 -0.048050
v -0.046536 0.001082 -0.046344
v -0.045423 0.001203 -0.046521
v -0.045365 0.001214 -0.046606
v -0.045330 0.001213 -0.046535
v -0.045247 0.001221 -0.046549
v -0.045146 0.001230 -0.046565
v -0.043655 0.001362 -0.046793
v -0.041768 0.001511 -0.047081
v -0.041961 0.001497 -0.047051
v -0.041861 0.001504 -0.047067
v -0.041724 0.001514 -0.047087
v -0.039134 0.001756 -0.049640
v -0.040551 0.001634 -0.048286
v -0.041768 0.002065 -0.047081
v -0.039973 0.001627 -0.047317
v -0.039986 0.001627 -0.047315
v -0.041543 0.006140 -0.046757
v -0.038337 0.001723 -0.047510
v -0.037979 0.001744 -0.047553
v -0.037565 0.001765 -0.047602
v -0.036266 0.001863 -0.048725
v -0.035721 0.001856 -0.047821
v -0.033816 0.001940 -0.048048
v -0.033247 0.001964 -0.048116
v -0.033349 0.001960 -0.048104
v -0.031430 0.002063 -0.049367
v -0.032904 0.001977 -0.048150
v -0.033190 0.004075 -0.048033
v -0.040691 0.010059 -0.046194
v -0.032858 0.008123 -0.047553
v -0.033019 0.011623 -0.046802
v -0.055558 0.013735 -0.042632
v -0.055358 0.017142 -0.041422
v -0.048238 0.015383 -0.043486
v -0.047952 0.018752 -0.042196
v -0.040741 0.013531 -0.045292
v -0.040608 0.016960 -0.044142
v -0.033010 0.015063 -0.045812
v -0.032833 0.018426 -0.044587
v -0.040316 0.020272 -0.042767
v -0.045753 0.022349 -0.040812
v -0.032486 0.021694 -0.043133
v -0.037975 0.023811 -0.041259
v -0.062500 0.015451 -0.040451
v -0.060714 0.019134 -0.039295
v -0.058554 0.022700 -0.037897
v -0.053392 0.020780 -0.040151
v -0.051036 0.024312 -0.038629
v -0.030041 0.002232 -0.057696
v -0.029006 0.002242 -0.055389
v -0.027177 0.002305 -0.057690
v -0.024255 0.002365 -0.057689
v -0.026120 0.002311 -0.055392
v -0.030712 0.002165 -0.053139
v -0.027881 0.002241 -0.053126
v -0.029525 0.002157 -0.050904
v -0.024877 0.002307 -0.053056
v -0.026583 0.002229 -0.050807
v -0.023557 0.002291 -0.050757
v -0.021130 0.002417 -0.057670
v -0.023047 0.002370 -0.055360
v -0.019905 0.002416 -0.055352
v -0.018082 0.002454 -0.057669
v -0.016820 0.002449 -0.055336
v -0.021770 0.002361 -0.053032
v -0.020460 0.002340 -0.050755
v -0.018630 0.002403 -0.053058
v -0.017311 0.002378 -0.050800
v -0.030820 0.002053 -0.048358
v -0.028379 0.002131 -0.048602
v -0.028245 0.002138 -0.048712
v -0.028187 0.002137 -0.048621
v -0.027491 0.002156 -0.048691
v -0.025621 0.002205 -0.048878
v -0.025425 0.002210 -0.048896
v -0.025037 0.002219 -0.048930
v -0.025022 0.002219 -0.048931
v -0.024347 0.002233 -0.048979
v -0.024823 0.006136 -0.048618
v -0.022497 0.002271 -0.049094
v -0.021743 0.002284 -0.049140
v -0.019495 0.002319 -0.049280
v -0.018468 0.002333 -0.049344
v -0.016658 0.002352 -0.049456
v -0.016335 0.002356 -0.049471
v -0.016634 0.004112 -0.049384
v -0.024792 0.009589 -0.048059
v -0.016657 0.007577 -0.048971
v -0.016599 0.011006 -0.048320
v -0.014967 0.002479 -0.057665
v -0.011856 0.002492 -0.057664
v -0.013701 0.002469 -0.055343
v -0.008144 0.002492 -0.057664
v -0.010000 0.002478 -0.055327
v -0.015523 0.002431 -0.053050
v -0.011856 0.002447 -0.052987
v -0.013668 0.002402 -0.050707
v -0.008144 0.002447 -0.052987
v -0.010747 0.002387 -0.049723
v -0.010000 0.002410 -0.050676
v -0.009662 0.002388 -0.049772
v -0.009302 0.002389 -0.049786
v -0.008342 0.002387 -0.049821
v -0.005033 0.002479 -0.057665
v -0.006299 0.002469 -0.055343
v -0.001918 0.002454 -0.057669
v -0.003180 0.002449 -0.055336
v -0.000095 0.002416 -0.055352
v -0.004477 0.002431 -0.053050
v -0.006982 0.002385 -0.049844
v -0.006332 0.002402 -0.050707
v -0.006430 0.002382 -0.049854
v -0.005661 0.002379 -0.049862
v -0.001370 0.002403 -0.053058
v -0.003361 0.002363 -0.049885
v -0.002689 0.002378 -0.050800
v -0.001974 0.002350 -0.049899
v -0.000087 0.002328 -0.049919
v -0.014587 0.002370 -0.049550
v -0.012855 0.002380 -0.049628
v -0.008339 0.005519 -0.049582
v -0.008326 0.008980 -0.049074
v -0.008321 0.012366 -0.048332
v -0.024887 0.013078 -0.047222
v -0.024798 0.016530 -0.046134
v -0.016571 0.014496 -0.047391
v -0.016457 0.017911 -0.046215
v -0.024552 0.019868 -0.044820
v -0.024502 0.023013 -0.043294
v -0.016469 0.021118 -0.044840
v -0.016400 0.024222 -0.043246
v -0.008255 0.015839 -0.047310
v -0.008249 0.019086 -0.046096
v -0.008227 0.022268 -0.044646
v -0.056032 0.026125 -0.036265
v -0.062055 0.027621 -0.033481
v -0.048341 0.027669 -0.036886
v -0.053166 0.029389 -0.034410
v -0.058865 0.030962 -0.031416
v -0.049971 0.032472 -0.032342
v -0.055495 0.033949 -0.029236
v -0.060651 0.035224 -0.025899
v -0.051784 0.036751 -0.026839
v -0.043269 0.025806 -0.039173
v -0.040268 0.029185 -0.037267
v -0.045199 0.030959 -0.034852
v -0.035040 0.027255 -0.039506
v -0.031897 0.030546 -0.037472
v -0.041836 0.033946 -0.032675
v -0.037001 0.032371 -0.035115
v -0.033423 0.035262 -0.032831
v -0.046469 0.035355 -0.030075
v -0.038152 0.036740 -0.030287
v -0.056749 0.037897 -0.023421
v -0.047835 0.039295 -0.024286
v -0.042679 0.038020 -0.027623
v -0.034213 0.039286 -0.027737
v -0.038627 0.040451 -0.025000
v -0.029654 0.025210 -0.041518
v -0.021566 0.026457 -0.041541
v -0.013312 0.027593 -0.041355
v -0.008220 0.025315 -0.042992
v -0.005080 0.028603 -0.040960
v -0.026628 0.028563 -0.039632
v -0.018427 0.029745 -0.039509
v -0.028613 0.033616 -0.035199
v -0.024916 0.036398 -0.032800
v -0.023429 0.031729 -0.037489
v -0.020078 0.034689 -0.035102
v -0.010136 0.030782 -0.039192
v -0.015143 0.032814 -0.037236
v -0.015149 0.036944 -0.033142
v -0.010072 0.035031 -0.035448
v -0.005080 0.033044 -0.037469
v -0.005085 0.037175 -0.033375
v -0.029636 0.037933 -0.030341
v -0.024659 0.040075 -0.028226
v -0.029181 0.041357 -0.025560
v -0.024778 0.043427 -0.022713
v -0.019952 0.038592 -0.030773
v -0.019554 0.042009 -0.025963
v -0.014885 0.040608 -0.028557
v -0.010143 0.039010 -0.031012
v -0.009807 0.042401 -0.026206
v -0.005084 0.040876 -0.028723
v -0.014969 0.043967 -0.023044
v -0.005162 0.044238 -0.023211
v -0.117593 0.000000 -0.016956
v -0.120242 0.000000 -0.013663
v -0.118275 0.003302 -0.015839
v -0.114380 0.000000 -0.020168
v -0.115240 0.003299 -0.019086
v -0.111616 0.003291 -0.022268
v -0.122316 0.000000 -0.010305
v -0.123805 0.000000 -0.006898
v -0.122685 0.003330 -0.008980
v -0.120830 0.003328 -0.012366
v -0.123956 0.003335 -0.005519
v -0.118478 0.006628 -0.014496
v -0.112100 0.006587 -0.021118
v -0.115538 0.006583 -0.017911
v -0.112050 0.009821 -0.019868
v -0.115335 0.009919 -0.016530
v -0.120799 0.006640 -0.011006
v -0.122428 0.006663 -0.007577
v -0.118054 0.009955 -0.013078
v -0.120149 0.009917 -0.009589
v -0.121546 0.009929 -0.006136
v -0.124701 0.000000 -0.003457
v -0.125000 0.000000 0.000000
v -0.124701 0.000000 0.003457
v -0.124615 0.003337 -0.002062
v -0.124615 0.003337 0.002062
v -0.123805 0.000000 0.006898
v -0.122316 0.000000 0.010305
v -0.120242 0.000000 0.013663
v -0.123956 0.003335 0.005519
v -0.122685 0.003330 0.008980
v -0.120830 0.003328 0.012366
v -0.123461 0.006654 -0.004112
v -0.123881 0.006676 0.000000
v -0.123461 0.006654 0.004112
v -0.122356 0.010018 -0.002063
v -0.122356 0.010018 0.002063
v -0.122428 0.006663 0.007577
v -0.120799 0.006640 0.011006
v -0.121546 0.009929 0.006136
v -0.120149 0.009917 0.009589
v -0.118054 0.009955 0.013078
v -0.111468 0.013133 -0.018426
v -0.114531 0.013204 -0.015063
v -0.110355 0.016243 -0.016960
v -0.113229 0.016296 -0.013531
v -0.118882 0.013143 -0.008123
v -0.117006 0.013208 -0.011623
v -0.115485 0.016276 -0.010059
v -0.116891 0.016617 -0.006140
v -0.111376 0.019309 -0.011934
v -0.113105 0.019707 -0.008050
v -0.109918 0.023044 -0.005988
v -0.107834 0.012995 -0.021694
v -0.106917 0.016126 -0.020272
v -0.102029 0.018301 -0.022349
v -0.105489 0.019181 -0.018752
v -0.108716 0.019295 -0.015383
v -0.106580 0.022223 -0.013735
v -0.103556 0.022143 -0.017142
v -0.100377 0.021357 -0.020780
v -0.098237 0.024286 -0.019134
v -0.108567 0.022713 -0.009911
v -0.120082 0.013276 -0.004075
v -0.120483 0.013320 0.000000
v -0.120082 0.013276 0.004075
v -0.117702 0.016707 -0.002065
v -0.117702 0.016707 0.002065
v -0.118882 0.013143 0.008123
v -0.117006 0.013208 0.011623
v -0.116891 0.016617 0.006140
v -0.115485 0.016276 0.010059
v -0.113229 0.016296 0.013531
v -0.114123 0.019980 -0.004116
v -0.114512 0.020048 0.000000
v -0.114123 0.019980 0.004116
v -0.110595 0.023211 -0.002065
v -0.110595 0.023211 0.002065
v -0.113105 0.019707 0.008050
v -0.111376 0.019309 0.011934
v -0.109918 0.023044 0.005988
v -0.108567 0.022713 0.009911
v -0.106580 0.022223 0.013735
v -0.117593 0.000000 0.016956
v -0.118275 0.003302 0.015839
v -0.114380 0.000000 0.020168
v -0.115240 0.003299 0.019086
v -0.111616 0.003291 0.022268
v -0.110621 0.000000 0.023283
v -0.118478 0.006628 0.014496
v -0.115538 0.006583 0.017911
v -0.112100 0.006587 0.021118
v -0.115335 0.009919 0.016530
v -0.112050 0.009821 0.019868
v -0.106331 0.000000 0.026287
v -0.102401 0.002032 0.028603
v -0.107481 0.003288 0.025315
v -0.103389 0.005325 0.027593
v -0.098304 0.000000 0.030884
v -0.097980 0.004054 0.030782
v -0.108116 0.006560 0.024222
v -0.103852 0.008627 0.026457
v -0.108234 0.009801 0.023013
v -0.103795 0.011861 0.025210
v -0.098771 0.007371 0.029745
v -0.099081 0.010651 0.028563
v -0.114531 0.013204 0.015063
v -0.111468 0.013133 0.018426
v -0.110355 0.016243 0.016960
v -0.107834 0.012995 0.021694
v -0.106917 0.016126 0.020272
v -0.102029 0.018301 0.022349
v -0.103147 0.015190 0.023811
v -0.098764 0.014016 0.027255
v -0.097931 0.017308 0.025806
v -0.108716 0.019295 0.015383
v -0.105489 0.019181 0.018752
v -0.103556 0.022143 0.017142
v -0.100377 0.021357 0.020780
v -0.098237 0.024286 0.019134
v -0.094742 0.023421 0.022700
v -0.096572 0.020414 0.024312
v -0.093723 0.009372 0.031729
v -0.093673 0.002032 0.033044
v -0.088910 0.000000 0.035145
v -0.093091 0.006057 0.032814
v -0.088621 0.004029 0.035031
v -0.083438 0.002034 0.037175
v -0.082855 0.006060 0.036944
v -0.087756 0.008031 0.034689
v -0.087998 0.011445 0.033616
v -0.082001 0.009967 0.036398
v -0.077786 0.000000 0.039139
v -0.071807 0.002034 0.040876
v -0.077530 0.004057 0.039010
v -0.071393 0.005954 0.040608
v -0.065716 0.000000 0.042533
v -0.065514 0.003923 0.042401
v -0.076932 0.007981 0.038592
v -0.075853 0.011854 0.037933
v -0.070564 0.009864 0.040075
v -0.064907 0.007822 0.042009
v -0.063901 0.011672 0.041357
v -0.093679 0.012759 0.030546
v -0.093167 0.016107 0.029185
v -0.087130 0.018080 0.030959
v -0.092214 0.019337 0.027669
v -0.086024 0.021266 0.029389
v -0.090662 0.022413 0.026125
v -0.083701 0.024822 0.027621
v -0.078539 0.023546 0.030962
v -0.087789 0.014800 0.032371
v -0.082077 0.013369 0.035262
v -0.081687 0.016735 0.033946
v -0.080855 0.019988 0.032472
v -0.075718 0.015261 0.036740
v -0.075188 0.018587 0.035355
v -0.069343 0.013685 0.039286
v -0.069057 0.017072 0.038020
v -0.073089 0.022198 0.033949
v -0.067098 0.020714 0.036751
v -0.064746 0.024260 0.035224
v -0.101127 0.025000 -0.015451
v -0.098214 0.027737 -0.013685
v -0.095051 0.027623 -0.017072
v -0.103393 0.025560 -0.011672
v -0.105022 0.025963 -0.007822
v -0.100188 0.028226 -0.009864
v -0.094832 0.030341 -0.011854
v -0.101521 0.028557 -0.005954
v -0.096480 0.030773 -0.007981
v -0.106004 0.026206 -0.003923
v -0.106331 0.026287 0.000000
v -0.106004 0.026206 0.003923
v -0.102190 0.028723 -0.002034
v -0.102190 0.028723 0.002034
v -0.097848 0.031115 0.000000
v -0.097526 0.031012 -0.004057
v -0.097526 0.031012 0.004057
v -0.105022 0.025963 0.007822
v -0.103393 0.025560 0.011672
v -0.098214 0.027737 0.013685
v -0.101521 0.028557 0.005954
v -0.096480 0.030773 0.007981
v -0.100188 0.028226 0.009864
v -0.094832 0.030341 0.011854
v -0.091876 0.026839 -0.020714
v -0.088388 0.030075 -0.018587
v -0.091849 0.030287 -0.015261
v -0.084872 0.029236 -0.022198
v -0.081181 0.032342 -0.019988
v -0.084864 0.032675 -0.016735
v -0.080926 0.035115 -0.014800
v -0.090995 0.032800 -0.009967
v -0.088155 0.032831 -0.013369
v -0.092361 0.033142 -0.006060
v -0.086723 0.035102 -0.008031
v -0.084040 0.035199 -0.011445
v -0.079322 0.037489 -0.009372
v -0.082035 0.037236 -0.006057
v -0.077398 0.034852 -0.018080
v -0.073473 0.034410 -0.021266
v -0.072961 0.037267 -0.016107
v -0.069171 0.036886 -0.019337
v -0.065312 0.036265 -0.022413
v -0.076366 0.037472 -0.012759
v -0.092937 0.033375 -0.002034
v -0.092937 0.033375 0.002034
v -0.087578 0.035448 -0.004029
v -0.087863 0.035564 0.000000
v -0.087578 0.035448 0.004029
v -0.082610 0.037469 -0.002032
v -0.082610 0.037469 0.002032
v -0.092361 0.033142 0.006060
v -0.090995 0.032800 0.009967
v -0.088155 0.032831 0.013369
v -0.086723 0.035102 0.008031
v -0.082035 0.037236 0.006057
v -0.084040 0.035199 0.011445
v -0.079322 0.037489 0.009372
v -0.076366 0.037472 0.012759
v -0.068139 0.039506 -0.014016
v -0.064515 0.039173 -0.017308
v -0.071406 0.039632 -0.010651
v -0.074362 0.039509 -0.007371
v -0.063026 0.041518 -0.011861
v -0.068982 0.041355 -0.005325
v -0.066142 0.041541 -0.008627
v -0.076955 0.039192 -0.004054
v -0.077209 0.039322 0.000000
v -0.076955 0.039192 0.004054
v -0.071507 0.040960 -0.002032
v -0.071507 0.040960 0.002032
v -0.063287 0.042992 -0.003288
v -0.065716 0.042533 0.000000
v -0.063287 0.042992 0.003288
v -0.074362 0.039509 0.007371
v -0.071406 0.039632 0.010651
v -0.068982 0.041355 0.005325
v -0.066142 0.041541 0.008627
v -0.063026 0.041518 0.011861
v -0.101127 0.025000 0.015451
v -0.095051 0.027623 0.017072
v -0.091876 0.026839 0.020714
v -0.091849 0.030287 0.015261
v -0.088388 0.030075 0.018587
v -0.084872 0.029236 0.022198
v -0.088059 0.025899 0.024260
v -0.080822 0.028213 0.025669
v -0.084864 0.032675 0.016735
v -0.081181 0.032342 0.019988
v -0.080926 0.035115 0.014800
v -0.075935 0.027032 0.029098
v -0.072744 0.030374 0.027032
v -0.067581 0.029098 0.030374
v -0.077398 0.034852 0.018080
v -0.072961 0.037267 0.016107
v -0.073473 0.034410 0.021266
v -0.069171 0.036886 0.019337
v -0.065312 0.036265 0.022413
v -0.077405 0.031416 0.023546
v -0.069052 0.033481 0.024822
v -0.064172 0.032329 0.028213
v -0.070532 0.025669 0.032329
v -0.068139 0.039506 0.014016
v -0.064515 0.039173 0.017308
v -0.058027 0.002065 0.044238
v -0.057610 0.005988 0.043967
v -0.050121 0.000000 0.045805
v -0.049951 0.004116 0.045649
v -0.056783 0.009911 0.043427
v -0.049267 0.008050 0.045242
v -0.048273 0.011934 0.044550
v -0.041768 0.002065 0.047081
v -0.041543 0.006140 0.046757
v -0.033301 0.000000 0.048193
v -0.033190 0.004075 0.048033
v -0.040691 0.010059 0.046194
v -0.032858 0.008123 0.047553
v -0.033019 0.011623 0.046802
v -0.062500 0.015451 0.040451
v -0.055558 0.013735 0.042632
v -0.055358 0.017142 0.041422
v -0.048238 0.015383 0.043486
v -0.060714 0.019134 0.039295
v -0.058554 0.022700 0.037897
v -0.053392 0.020780 0.040151
v -0.051036 0.024312 0.038629
v -0.047952 0.018752 0.042196
v -0.040741 0.013531 0.045292
v -0.040608 0.016960 0.044142
v -0.033010 0.015063 0.045812
v -0.032833 0.018426 0.044587
v -0.045753 0.022349 0.040812
v -0.040316 0.020272 0.042767
v -0.032486 0.021694 0.043133
v -0.037975 0.023811 0.041259
v -0.025046 0.002063 0.048943
v -0.024823 0.006136 0.048618
v -0.016690 0.000000 0.049552
v -0.016634 0.004112 0.049384
v -0.024792 0.009589 0.048059
v -0.016657 0.007577 0.048971
v -0.016599 0.011006 0.048320
v -0.008343 0.002062 0.049846
v -0.008339 0.005519 0.049582
v -0.008326 0.008980 0.049074
v -0.008321 0.012366 0.048332
v -0.024887 0.013078 0.047222
v -0.024798 0.016530 0.046134
v -0.016571 0.014496 0.047391
v -0.016457 0.017911 0.046215
v -0.024552 0.019868 0.044820
v -0.024502 0.023013 0.043294
v -0.016469 0.021118 0.044840
v -0.016400 0.024222 0.043246
v -0.008255 0.015839 0.047310
v -0.008249 0.019086 0.046096
v -0.008227 0.022268 0.044646
v -0.060780 0.038629 -0.020414
v -0.055872 0.040812 -0.018301
v -0.059528 0.041259 -0.015190
v -0.051950 0.040151 -0.021357
v -0.046880 0.042196 -0.019181
v -0.050679 0.042767 -0.016126
v -0.057533 0.043294 -0.009801
v -0.060555 0.043246 -0.006560
v -0.054236 0.043133 -0.012995
v -0.049669 0.044820 -0.009821
v -0.052795 0.044840 -0.006587
v -0.042856 0.041422 -0.022143
v -0.038457 0.043486 -0.019295
v -0.034337 0.042632 -0.022223
v -0.042401 0.044142 -0.016243
v -0.033828 0.045292 -0.016296
v -0.046065 0.044587 -0.013133
v -0.041326 0.046134 -0.009919
v -0.044779 0.046215 -0.006583
v -0.037657 0.045812 -0.013204
v -0.032694 0.047222 -0.009955
v -0.036241 0.047391 -0.006628
v -0.060555 0.043246 0.006560
v -0.057533 0.043294 0.009801
v -0.054236 0.043133 0.012995
v -0.055671 0.044646 -0.003291
v -0.058207 0.044248 0.000000
v -0.055671 0.044646 0.003291
v -0.047715 0.046096 -0.003299
v -0.050419 0.045752 0.000000
v -0.047715 0.046096 0.003299
v -0.052795 0.044840 0.006587
v -0.049669 0.044820 0.009821
v -0.039597 0.047310 -0.003302
v -0.042390 0.047037 0.000000
v -0.039597 0.047310 0.003302
v -0.034158 0.048097 0.000000
v -0.044779 0.046215 0.006583
v -0.046065 0.044587 0.013133
v -0.041326 0.046134 0.009919
v -0.037657 0.045812 0.013204
v -0.036241 0.047391 0.006628
v -0.032694 0.047222 0.009955
v -0.029835 0.044550 -0.019309
v -0.025149 0.046194 -0.016276
v -0.020126 0.045242 -0.019707
v -0.029057 0.046802 -0.013208
v -0.023972 0.048059 -0.009917
v -0.027515 0.048320 -0.006640
v -0.020307 0.047553 -0.013143
v -0.018944 0.048971 -0.006663
v -0.010290 0.045649 -0.019980
v -0.015350 0.046757 -0.016617
v -0.005163 0.047081 -0.016707
v -0.015341 0.048618 -0.009929
v -0.010188 0.048033 -0.013276
v -0.010280 0.049384 -0.006654
v -0.005156 0.048943 -0.010018
v -0.030916 0.048332 -0.003328
v -0.025763 0.048927 0.000000
v -0.030916 0.048332 0.003328
v -0.022449 0.049074 -0.003330
v -0.017244 0.049522 0.000000
v -0.022449 0.049074 0.003330
v -0.029057 0.046802 0.013208
v -0.027515 0.048320 0.006640
v -0.023972 0.048059 0.009917
v -0.018944 0.048971 0.006663
v -0.020307 0.047553 0.013143
v -0.013798 0.049582 -0.003335
v -0.008643 0.049880 0.000000
v -0.013798 0.049582 0.003335
v -0.005156 0.049846 -0.003337
v -0.005156 0.049846 0.003337
v -0.010280 0.049384 0.006654
v -0.015341 0.048618 0.009929
v -0.010188 0.048033 0.013276
v -0.005156 0.048943 0.010018
v -0.058865 0.030962 0.031416
v -0.055495 0.033949 0.029236
v -0.060651 0.035224 0.025899
v -0.051784 0.036751 0.026839
v -0.046469 0.035355 0.030075
v -0.038152 0.036740 0.030287
v -0.062055 0.027621 0.033481
v -0.056032 0.026125 0.036265
v -0.048341 0.027669 0.036886
v -0.053166 0.029389 0.034410
v -0.049971 0.032472 0.032342
v -0.043269 0.025806 0.039173
v -0.045199 0.030959 0.034852
v -0.040268 0.029185 0.037267
v -0.035040 0.027255 0.039506
v -0.031897 0.030546 0.037472
v -0.041836 0.033946 0.032675
v -0.037001 0.032371 0.035115
v -0.033423 0.035262 0.032831
v -0.060780 0.038629 0.020414
v -0.059528 0.041259 0.015190
v -0.055872 0.040812 0.018301
v -0.051950 0.040151 0.021357
v -0.050679 0.042767 0.016126
v -0.046880 0.042196 0.019181
v -0.056749 0.037897 0.023421
v -0.047835 0.039295 0.024286
v -0.042856 0.041422 0.022143
v -0.038457 0.043486 0.019295
v -0.034337 0.042632 0.022223
v -0.042679 0.038020 0.027623
v -0.038627 0.040451 0.025000
v -0.034213 0.039286 0.027737
v -0.042401 0.044142 0.016243
v -0.033828 0.045292 0.016296
v -0.026628 0.028563 0.039632
v -0.018427 0.029745 0.039509
v -0.029654 0.025210 0.041518
v -0.021566 0.026457 0.041541
v -0.028613 0.033616 0.035199
v -0.024916 0.036398 0.032800
v -0.023429 0.031729 0.037489
v -0.020078 0.034689 0.035102
v -0.010136 0.030782 0.039192
v -0.013312 0.027593 0.041355
v -0.008220 0.025315 0.042992
v -0.005080 0.028603 0.040960
v -0.015143 0.032814 0.037236
v -0.015149 0.036944 0.033142
v -0.010072 0.035031 0.035448
v -0.005080 0.033044 0.037469
v -0.005085 0.037175 0.033375
v -0.024778 0.043427 0.022713
v -0.029636 0.037933 0.030341
v -0.024659 0.040075 0.028226
v -0.029181 0.041357 0.025560
v -0.019952 0.038592 0.030773
v -0.019554 0.042009 0.025963
v -0.025149 0.046194 0.016276
v -0.029835 0.044550 0.019309
v -0.020126 0.045242 0.019707
v -0.014885 0.040608 0.028557
v -0.010143 0.039010 0.031012
v -0.009807 0.042401 0.026206
v -0.005084 0.040876 0.028723
v -0.015350 0.046757 0.016617
v -0.010290 0.045649 0.019980
v -0.005163 0.047081 0.016707
v -0.014969 0.043967 0.023044
v -0.005162 0.044238 0.023211
v 0.005162 -0.044238 -0.023211
v 0.014969 -0.043967 -0.023044
v 0.005084 -0.040876 -0.028723
v 0.000000 -0.042533 -0.026287
v 0.000000 -0.039139 -0.031115
v 0.009807 -0.042401 -0.026206
v 0.010143 -0.039010 -0.031012
v 0.014885 -0.040608 -0.028557
v 0.019554 -0.042009 -0.025963
v 0.019952 -0.038592 -0.030773
v 0.024778 -0.043427 -0.022713
v 0.029181 -0.041357 -0.025560
v 0.024659 -0.040075 -0.028226
v 0.029636 -0.037933 -0.030341
v 0.005080 -0.028603 -0.040960
v 0.000000 -0.026287 -0.042533
v 0.008220 -0.025315 -0.042992
v 0.013312 -0.027593 -0.041355
v 0.021566 -0.026457 -0.041541
v 0.029654 -0.025210 -0.041518
v 0.000000 -0.035145 -0.035564
v 0.005085 -0.037175 -0.033375
v 0.005080 -0.033044 -0.037469
v 0.010072 -0.035031 -0.035448
v 0.015149 -0.036944 -0.033142
v 0.015143 -0.032814 -0.037236
v 0.000000 -0.030884 -0.039322
v 0.010136 -0.030782 -0.039192
v 0.020078 -0.034689 -0.035102
v 0.023429 -0.031729 -0.037489
v 0.024916 -0.036398 -0.032800
v 0.028613 -0.033616 -0.035199
v 0.018427 -0.029745 -0.039509
v 0.026628 -0.028563 -0.039632
v 0.034213 -0.039286 -0.027737
v 0.038627 -0.040451 -0.025000
v 0.042679 -0.038020 -0.027623
v 0.047835 -0.039295 -0.024286
v 0.056749 -0.037897 -0.023421
v 0.033423 -0.035262 -0.032831
v 0.037001 -0.032371 -0.035115
v 0.041836 -0.033946 -0.032675
v 0.038152 -0.036740 -0.030287
v 0.046469 -0.035355 -0.030075
v 0.031897 -0.030546 -0.037472
v 0.035040 -0.027255 -0.039506
v 0.040268 -0.029185 -0.037267
v 0.045199 -0.030959 -0.034852
v 0.043269 -0.025806 -0.039173
v 0.049971 -0.032472 -0.032342
v 0.051784 -0.036751 -0.026839
v 0.060651 -0.035224 -0.025899
v 0.055495 -0.033949 -0.029236
v 0.053166 -0.029389 -0.034410
v 0.048341 -0.027669 -0.036886
v 0.056032 -0.026125 -0.036265
v 0.062055 -0.027621 -0.033481
v 0.058865 -0.030962 -0.031416
v 0.001829 -0.000406 -0.093287
v 0.001887 -0.000581 -0.092762
v 0.001948 -0.000204 -0.093623
v 0.001820 -0.000921 -0.091211
v 0.001884 -0.000753 -0.092069
v 0.005036 -0.000103 -0.092957
v 0.004619 -0.000848 -0.090899
v 0.004649 -0.000503 -0.092336
v 0.004667 -0.000677 -0.091704
v 0.004955 -0.000307 -0.092730
v 0.007736 -0.000403 -0.091669
v 0.007378 -0.000597 -0.091185
v 0.001695 -0.001085 -0.090193
v 0.000675 -0.001261 -0.089063
v 0.003671 -0.001191 -0.088881
v 0.001483 -0.001527 -0.086230
v 0.002614 -0.001363 -0.087654
v 0.004514 -0.001014 -0.089937
v 0.007263 -0.000938 -0.089537
v 0.006471 -0.001117 -0.088568
v 0.007366 -0.000769 -0.090440
v 0.005577 -0.001290 -0.087421
v 0.004496 -0.001459 -0.086087
v 0.007982 -0.000206 -0.091954
v 0.010740 -0.000299 -0.090777
v 0.010890 -0.000103 -0.090967
v 0.009929 -0.000857 -0.088996
v 0.010442 -0.000496 -0.090399
v 0.010001 -0.000687 -0.089842
v 0.009221 -0.001039 -0.088106
v 0.008373 -0.001216 -0.087040
v 0.011079 -0.001135 -0.086528
v 0.013367 -0.000391 -0.089406
v 0.013585 -0.000196 -0.089681
v 0.012500 -0.000773 -0.088316
v 0.013004 -0.000584 -0.088950
v 0.011857 -0.000957 -0.087506
v 0.014860 -0.000854 -0.086614
v 0.015403 -0.000493 -0.088053
v 0.014963 -0.000684 -0.087500
v 0.000301 -0.001681 -0.084639
v 0.003320 -0.001619 -0.084581
v 0.002032 -0.001763 -0.082982
v 0.005061 -0.001697 -0.082872
v 0.007403 -0.001383 -0.085820
v 0.006272 -0.001548 -0.084396
v 0.000669 -0.001897 -0.081239
v 0.003735 -0.001837 -0.081201
v 0.002317 -0.001964 -0.079416
v 0.000505 -0.002068 -0.077892
v 0.003906 -0.002023 -0.077500
v 0.005365 -0.001901 -0.079336
v 0.006729 -0.001768 -0.081053
v 0.007221 -0.001965 -0.077000
v 0.007990 -0.001624 -0.082639
v 0.009140 -0.001469 -0.084087
v 0.010172 -0.001306 -0.085385
v 0.011191 -0.001548 -0.081991
v 0.013309 -0.001213 -0.084656
v 0.014155 -0.001036 -0.085725
v 0.012340 -0.001381 -0.083436
v 0.015391 -0.001283 -0.082630
v 0.009978 -0.001697 -0.080465
v 0.008642 -0.001838 -0.078787
v 0.013102 -0.001616 -0.079749
v 0.011834 -0.001761 -0.078129
v 0.014859 -0.001674 -0.077375
v 0.014329 -0.001455 -0.081262
v 0.015701 -0.000298 -0.088426
v 0.015851 -0.000102 -0.088613
v 0.017307 -0.000593 -0.086553
v 0.017911 -0.000203 -0.087307
v 0.017696 -0.000399 -0.087014
v 0.020038 -0.000102 -0.086022
v 0.016312 -0.001110 -0.083764
v 0.017068 -0.000929 -0.084749
v 0.017258 -0.000763 -0.085718
v 0.019407 -0.000837 -0.083762
v 0.019520 -0.000498 -0.085479
v 0.019108 -0.000999 -0.082731
v 0.018274 -0.001177 -0.081673
v 0.019828 -0.000303 -0.085861
v 0.019548 -0.000668 -0.084683
v 0.021592 -0.000402 -0.084282
v 0.021904 -0.000201 -0.084522
v 0.021367 -0.000904 -0.081671
v 0.021679 -0.000572 -0.083531
v 0.021604 -0.000740 -0.082659
v 0.017337 -0.001352 -0.080368
v 0.016188 -0.001519 -0.078923
v 0.019096 -0.001411 -0.077968
v 0.020969 -0.001063 -0.080572
v 0.020133 -0.001241 -0.079335
v 0.023197 -0.000967 -0.079368
v 0.022638 -0.001121 -0.078287
v 0.021701 -0.001295 -0.076982
v 0.023722 -0.000102 -0.083131
v 0.023513 -0.000303 -0.082970
v 0.023740 -0.000469 -0.082210
v 0.025273 -0.000203 -0.081547
v 0.023540 -0.000805 -0.080429
v 0.023725 -0.000638 -0.081382
v 0.025558 -0.000369 -0.080821
v 0.025669 -0.000533 -0.079994
v 0.026864 -0.000102 -0.080022
v 0.027220 -0.000266 -0.079315
v 0.025255 -0.000865 -0.078064
v 0.024766 -0.001021 -0.077018
v 0.025555 -0.000701 -0.079079
v 0.027387 -0.000431 -0.078520
v 0.027366 -0.000593 -0.077647
v 0.028693 -0.000164 -0.077720
v 0.028922 -0.000328 -0.076955
v 0.002361 -0.002132 -0.075556
v 0.000740 -0.002228 -0.073517
v 0.003845 -0.002174 -0.073507
v 0.005428 -0.002071 -0.075500
v 0.006877 -0.002110 -0.073426
v 0.002178 -0.002265 -0.071408
v 0.000460 -0.002340 -0.069245
v 0.003557 -0.002291 -0.069243
v 0.005264 -0.002207 -0.071370
v 0.006583 -0.002229 -0.069193
v 0.008702 -0.002008 -0.074950
v 0.010430 -0.001895 -0.076395
v 0.010114 -0.002041 -0.072811
v 0.013512 -0.001813 -0.075689
v 0.011881 -0.001931 -0.074290
v 0.014902 -0.001844 -0.073536
v 0.008245 -0.002138 -0.071288
v 0.011430 -0.002063 -0.070633
v 0.009525 -0.002157 -0.069096
v 0.013225 -0.001959 -0.072115
v 0.012689 -0.002076 -0.068303
v 0.014530 -0.001975 -0.069811
v 0.001770 -0.002361 -0.066968
v 0.003047 -0.002370 -0.064640
v 0.004877 -0.002307 -0.066944
v 0.006120 -0.002311 -0.064608
v 0.001130 -0.002417 -0.062330
v 0.002297 -0.002405 -0.060000
v 0.004255 -0.002365 -0.062311
v 0.007177 -0.002305 -0.062310
v 0.005261 -0.002352 -0.060000
v 0.007881 -0.002241 -0.066874
v 0.010712 -0.002165 -0.066861
v 0.009006 -0.002242 -0.064611
v 0.013811 -0.002077 -0.066039
v 0.011800 -0.002162 -0.064592
v 0.014834 -0.002068 -0.063727
v 0.010041 -0.002232 -0.062304
v 0.008151 -0.002288 -0.060000
v 0.010955 -0.002212 -0.060000
v 0.012783 -0.002150 -0.062302
v 0.013658 -0.002127 -0.060000
v 0.016450 -0.001720 -0.074886
v 0.017866 -0.001571 -0.076482
v 0.019225 -0.001617 -0.073992
v 0.017863 -0.001743 -0.072656
v 0.020554 -0.001462 -0.075539
v 0.023075 -0.001342 -0.074500
v 0.021820 -0.001504 -0.073011
v 0.016266 -0.001863 -0.071275
v 0.019134 -0.001756 -0.070360
v 0.017492 -0.001874 -0.068931
v 0.020551 -0.001634 -0.071714
v 0.020254 -0.001760 -0.068011
v 0.021736 -0.001642 -0.069358
v 0.023066 -0.001514 -0.070682
v 0.024107 -0.001171 -0.075890
v 0.026730 -0.000915 -0.075644
v 0.027133 -0.000760 -0.076668
v 0.025365 -0.001214 -0.073394
v 0.026136 -0.001068 -0.074546
v 0.028964 -0.000490 -0.076109
v 0.028820 -0.000650 -0.075186
v 0.030182 -0.000165 -0.075588
v 0.030356 -0.000329 -0.074783
v 0.028490 -0.000806 -0.074190
v 0.027976 -0.000959 -0.073126
v 0.030338 -0.000491 -0.073907
v 0.030128 -0.000657 -0.072898
v 0.024218 -0.001381 -0.071950
v 0.027280 -0.001107 -0.072000
v 0.026406 -0.001250 -0.070816
v 0.025357 -0.001387 -0.069580
v 0.024139 -0.001517 -0.068298
v 0.027222 -0.001278 -0.068171
v 0.029138 -0.000965 -0.070768
v 0.029728 -0.000812 -0.071872
v 0.031231 -0.000660 -0.070544
v 0.028369 -0.001111 -0.069614
v 0.030762 -0.000815 -0.069472
v 0.030095 -0.000965 -0.068354
v 0.015706 -0.001982 -0.067456
v 0.018556 -0.001874 -0.066560
v 0.016770 -0.001975 -0.065159
v 0.021220 -0.001755 -0.065622
v 0.022758 -0.001640 -0.066977
v 0.019533 -0.001862 -0.064240
v 0.023250 -0.001657 -0.064242
v 0.015743 -0.002048 -0.061422
v 0.017704 -0.001960 -0.062838
v 0.017795 -0.001966 -0.060000
v 0.019740 -0.001873 -0.061422
v 0.021528 -0.001772 -0.062820
v 0.021631 -0.001778 -0.060000
v 0.024733 -0.001539 -0.065586
v 0.026068 -0.001411 -0.066905
v 0.026548 -0.001428 -0.064168
v 0.029084 -0.001136 -0.066938
v 0.030718 -0.000985 -0.065635
v 0.027808 -0.001298 -0.065475
v 0.029571 -0.001152 -0.064191
v 0.023457 -0.001669 -0.061424
v 0.025109 -0.001551 -0.062840
v 0.026789 -0.001436 -0.061424
v 0.025225 -0.001556 -0.060000
v 0.028161 -0.001310 -0.062746
v 0.031084 -0.000999 -0.062881
v 0.029814 -0.001161 -0.061445
v 0.028279 -0.001314 -0.060000
v 0.031224 -0.001002 -0.060000
v 0.031486 -0.000165 -0.073360
v 0.031594 -0.000329 -0.072538
v 0.031521 -0.000496 -0.071571
v 0.032579 -0.000165 -0.071087
v 0.032652 -0.000331 -0.070148
v 0.032499 -0.000498 -0.069154
v 0.032122 -0.000660 -0.068136
v 0.033499 -0.000166 -0.068656
v 0.031575 -0.000814 -0.067042
v 0.032798 -0.000657 -0.065686
v 0.033253 -0.000496 -0.066712
v 0.033488 -0.000332 -0.067704
v 0.034167 -0.000167 -0.066286
v 0.032081 -0.000831 -0.064298
v 0.034074 -0.000333 -0.065304
v 0.033757 -0.000496 -0.064296
v 0.034624 -0.000167 -0.063863
v 0.032373 -0.000835 -0.061446
v 0.033229 -0.000664 -0.062853
v 0.034446 -0.000333 -0.062878
v 0.034048 -0.000501 -0.061444
v 0.034861 -0.000167 -0.061444
v 0.033374 -0.000666 -0.060000
v 0.034597 -0.000334 -0.060000
v 0.000000 -0.023283 -0.044248
v 0.000000 -0.020168 -0.045752
v 0.008227 -0.022268 -0.044646
v 0.008249 -0.019086 -0.046096
v 0.000000 -0.016956 -0.047037
v 0.000000 -0.013663 -0.048097
v 0.008255 -0.015839 -0.047310
v 0.016400 -0.024222 -0.043246
v 0.016469 -0.021118 -0.044840
v 0.024502 -0.023013 -0.043294
v 0.024552 -0.019868 -0.044820
v 0.016457 -0.017911 -0.046215
v 0.016571 -0.014496 -0.047391
v 0.024798 -0.016530 -0.046134
v 0.024887 -0.013078 -0.047222
v 0.000000 -0.010305 -0.048927
v 0.000000 -0.006898 -0.049522
v 0.008321 -0.012366 -0.048332
v 0.008326 -0.008980 -0.049074
v 0.000000 -0.003457 -0.049880
v 0.001130 -0.002417 -0.057670
v 0.003047 -0.002370 -0.055360
v 0.004255 -0.002365 -0.057689
v 0.007177 -0.002305 -0.057690
v 0.006120 -0.002311 -0.055392
v 0.001770 -0.002361 -0.053032
v 0.000460 -0.002340 -0.050755
v 0.000000 -0.002327 -0.049919
v 0.001133 -0.002311 -0.049909
v 0.003557 -0.002291 -0.050757
v 0.003005 -0.002280 -0.049891
v 0.004877 -0.002307 -0.053056
v 0.004261 -0.002256 -0.049880
v 0.006583 -0.002229 -0.050807
v 0.006012 -0.002220 -0.049864
v 0.007341 -0.002188 -0.049851
v 0.007638 -0.002180 -0.049849
v 0.010041 -0.002232 -0.057696
v 0.009006 -0.002242 -0.055389
v 0.012783 -0.002150 -0.057698
v 0.011800 -0.002162 -0.055408
v 0.014834 -0.002068 -0.056273
v 0.007881 -0.002241 -0.053126
v 0.010712 -0.002165 -0.053139
v 0.009525 -0.002157 -0.050904
v 0.008343 -0.002162 -0.049838
v 0.008707 -0.002152 -0.049826
v 0.008890 -0.002148 -0.049817
v 0.010986 -0.002085 -0.049725
v 0.011609 -0.002065 -0.049697
v 0.013811 -0.002077 -0.053961
v 0.012689 -0.002076 -0.051697
v 0.014530 -0.001975 -0.050189
v 0.008339 -0.005519 -0.049582
v 0.012525 -0.002032 -0.049657
v 0.014188 -0.001971 -0.049584
v 0.015305 -0.001925 -0.049535
v 0.016599 -0.011006 -0.048320
v 0.016657 -0.007577 -0.048971
v 0.024792 -0.009589 -0.048059
v 0.015743 -0.002048 -0.058578
v 0.017704 -0.001960 -0.057162
v 0.016770 -0.001975 -0.054841
v 0.019740 -0.001873 -0.058578
v 0.021528 -0.001772 -0.057180
v 0.019533 -0.001862 -0.055760
v 0.021220 -0.001755 -0.054378
v 0.023250 -0.001657 -0.055758
v 0.015706 -0.001982 -0.052544
v 0.018556 -0.001874 -0.053440
v 0.017492 -0.001874 -0.051069
v 0.020254 -0.001760 -0.051989
v 0.022758 -0.001640 -0.053023
v 0.021736 -0.001642 -0.050642
v 0.023457 -0.001669 -0.058576
v 0.025109 -0.001551 -0.057160
v 0.026789 -0.001436 -0.058576
v 0.024733 -0.001539 -0.054414
v 0.026548 -0.001428 -0.055832
v 0.028161 -0.001310 -0.057254
v 0.029814 -0.001161 -0.058555
v 0.031084 -0.000999 -0.057119
v 0.027808 -0.001298 -0.054525
v 0.029571 -0.001152 -0.055809
v 0.030718 -0.000985 -0.054365
v 0.026068 -0.001411 -0.053095
v 0.024139 -0.001517 -0.051702
v 0.025357 -0.001387 -0.050420
v 0.027222 -0.001278 -0.051829
v 0.029084 -0.001136 -0.053062
v 0.028369 -0.001111 -0.050386
v 0.030095 -0.000965 -0.051646
v 0.030762 -0.000815 -0.050528
v 0.016634 -0.004112 -0.049384
v 0.016665 -0.001866 -0.049476
v 0.016659 -0.001867 -0.049476
v 0.018308 -0.001787 -0.049376
v 0.018966 -0.001754 -0.049337
v 0.019134 -0.001756 -0.049640
v 0.019484 -0.001726 -0.049305
v 0.021017 -0.001637 -0.049213
v 0.023066 -0.001514 -0.049318
v 0.022582 -0.001537 -0.049119
v 0.022848 -0.001520 -0.049103
v 0.022947 -0.001513 -0.049096
v 0.023290 -0.001488 -0.049071
v 0.024823 -0.006136 -0.048618
v 0.025046 -0.002063 -0.048943
v 0.024661 -0.001383 -0.048971
v 0.025046 -0.001351 -0.048943
v 0.025806 -0.001286 -0.048874
v 0.026264 -0.001245 -0.048832
v 0.026406 -0.001250 -0.049184
v 0.026695 -0.001203 -0.048793
v 0.027604 -0.001108 -0.048710
v 0.028261 -0.001032 -0.048651
v 0.029138 -0.000965 -0.049232
v 0.028826 -0.000963 -0.048599
v 0.029509 -0.000869 -0.048537
v 0.029889 -0.000813 -0.048503
v 0.031231 -0.000660 -0.049456
v 0.030128 -0.000772 -0.048481
v 0.030439 -0.000715 -0.048453
v 0.030748 -0.000659 -0.048424
v 0.037975 -0.023811 -0.041259
v 0.032486 -0.021694 -0.043133
v 0.045753 -0.022349 -0.040812
v 0.040316 -0.020272 -0.042767
v 0.032833 -0.018426 -0.044587
v 0.033010 -0.015063 -0.045812
v 0.040608 -0.016960 -0.044142
v 0.040741 -0.013531 -0.045292
v 0.047952 -0.018752 -0.042196
v 0.048238 -0.015383 -0.043486
v 0.055358 -0.017142 -0.041422
v 0.055558 -0.013735 -0.042632
v 0.051036 -0.024312 -0.038629
v 0.053392 -0.020780 -0.040151
v 0.058554 -0.022700 -0.037897
v 0.060714 -0.019134 -0.039295
v 0.033019 -0.011623 -0.046802
v 0.032858 -0.008123 -0.047553
v 0.040691 -0.010059 -0.046194
v 0.032373 -0.000835 -0.058554
v 0.034048 -0.000501 -0.058556
v 0.034861 -0.000167 -0.058556
v 0.033229 -0.000664 -0.057147
v 0.034446 -0.000333 -0.057122
v 0.032081 -0.000831 -0.055702
v 0.032798 -0.000657 -0.054314
v 0.033757 -0.000496 -0.055704
v 0.034624 -0.000167 -0.056137
v 0.034074 -0.000333 -0.054696
v 0.031575 -0.000814 -0.052958
v 0.033253 -0.000496 -0.053288
v 0.034167 -0.000167 -0.053714
v 0.033488 -0.000332 -0.052296
v 0.032122 -0.000660 -0.051864
v 0.032499 -0.000498 -0.050846
v 0.032652 -0.000331 -0.049852
v 0.033499 -0.000166 -0.051344
v 0.033190 -0.004075 -0.048033
v 0.032579 -0.000165 -0.048913
v 0.031484 -0.000496 -0.048356
v 0.031448 -0.000504 -0.048360
v 0.031521 -0.000496 -0.048429
v 0.031526 -0.000483 -0.048352
v 0.031946 -0.000338 -0.048316
v 0.031971 -0.000330 -0.048314
v 0.032160 -0.000235 -0.048297
v 0.032278 -0.000165 -0.048286
v 0.032379 -0.000031 -0.048277
v 0.041543 -0.006140 -0.046757
v 0.041768 -0.002065 -0.047081
v 0.048273 -0.011934 -0.044550
v 0.049267 -0.008050 -0.045242
v 0.056783 -0.009911 -0.043427
v 0.049951 -0.004116 -0.045649
v 0.057610 -0.005988 -0.043967
v 0.058027 -0.002065 -0.044238
v 0.064172 -0.032329 -0.028213
v 0.069052 -0.033481 -0.024822
v 0.077405 -0.031416 -0.023546
v 0.070532 -0.025669 -0.032329
v 0.067581 -0.029098 -0.030374
v 0.072744 -0.030374 -0.027032
v 0.075935 -0.027032 -0.029098
v 0.080822 -0.028213 -0.025669
v 0.088059 -0.025899 -0.024260
v 0.064746 -0.024260 -0.035224
v 0.067098 -0.020714 -0.036751
v 0.073089 -0.022198 -0.033949
v 0.069057 -0.017072 -0.038020
v 0.062500 -0.015451 -0.040451
v 0.069343 -0.013685 -0.039286
v 0.075188 -0.018587 -0.035355
v 0.075718 -0.015261 -0.036740
v 0.080855 -0.019988 -0.032472
v 0.078539 -0.023546 -0.030962
v 0.083701 -0.024822 -0.027621
v 0.090662 -0.022413 -0.026125
v 0.086024 -0.021266 -0.029389
v 0.092214 -0.019337 -0.027669
v 0.081687 -0.016735 -0.033946
v 0.082077 -0.013369 -0.035262
v 0.087789 -0.014800 -0.032371
v 0.087130 -0.018080 -0.030959
v 0.093167 -0.016107 -0.029185
v 0.093679 -0.012759 -0.030546
v 0.063901 -0.011672 -0.041357
v 0.064907 -0.007822 -0.042009
v 0.065514 -0.003923 -0.042401
v 0.071807 -0.002034 -0.040876
v 0.070564 -0.009864 -0.040075
v 0.075853 -0.011854 -0.037933
v 0.076932 -0.007981 -0.038592
v 0.071393 -0.005954 -0.040608
v 0.077530 -0.004057 -0.039010
v 0.082001 -0.009967 -0.036398
v 0.087998 -0.011445 -0.033616
v 0.087756 -0.008031 -0.034689
v 0.093723 -0.009372 -0.031729
v 0.082855 -0.006060 -0.036944
v 0.083438 -0.002034 -0.037175
v 0.088621 -0.004029 -0.035031
v 0.093091 -0.006057 -0.032814
v 0.093673 -0.002032 -0.033044
v 0.094742 -0.023421 -0.022700
v 0.096572 -0.020414 -0.024312
v 0.097931 -0.017308 -0.025806
v 0.098764 -0.014016 -0.027255
v 0.103147 -0.015190 -0.023811
v 0.099081 -0.010651 -0.028563
v 0.098771 -0.007371 -0.029745
v 0.103795 -0.011861 -0.025210
v 0.108234 -0.009801 -0.023013
v 0.103852 -0.008627 -0.026457
v 0.108116 -0.006560 -0.024222
v 0.097980 -0.004054 -0.030782
v 0.103389 -0.005325 -0.027593
v 0.107481 -0.003288 -0.025315
v 0.102401 -0.002032 -0.028603
v 0.005163 -0.047081 -0.016707
v 0.000000 -0.045805 -0.020048
v 0.010290 -0.045649 -0.019980
v 0.015350 -0.046757 -0.016617
v 0.000000 -0.048193 -0.013320
v 0.005156 -0.048943 -0.010018
v 0.000000 -0.049552 -0.006676
v 0.010188 -0.048033 -0.013276
v 0.015341 -0.048618 -0.009929
v 0.010280 -0.049384 -0.006654
v 0.020126 -0.045242 -0.019707
v 0.029835 -0.044550 -0.019309
v 0.025149 -0.046194 -0.016276
v 0.020307 -0.047553 -0.013143
v 0.018944 -0.048971 -0.006663
v 0.023972 -0.048059 -0.009917
v 0.027515 -0.048320 -0.006640
v 0.029057 -0.046802 -0.013208
v 0.000000 -0.050000 0.000000
v 0.005156 -0.049846 -0.003337
v 0.005156 -0.049846 0.003337
v 0.008643 -0.049880 0.000000
v 0.013798 -0.049582 -0.003335
v 0.013798 -0.049582 0.003335
v 0.000000 -0.049552 0.006676
v 0.000000 -0.048193 0.013320
v 0.005156 -0.048943 0.010018
v 0.010280 -0.049384 0.006654
v 0.010188 -0.048033 0.013276
v 0.015341 -0.048618 0.009929
v 0.017244 -0.049522 0.000000
v 0.022449 -0.049074 -0.003330
v 0.022449 -0.049074 0.003330
v 0.025763 -0.048927 0.000000
v 0.030916 -0.048332 -0.003328
v 0.030916 -0.048332 0.003328
v 0.018944 -0.048971 0.006663
v 0.020307 -0.047553 0.013143
v 0.027515 -0.048320 0.006640
v 0.023972 -0.048059 0.009917
v 0.029057 -0.046802 0.013208
v 0.033828 -0.045292 -0.016296
v 0.042401 -0.044142 -0.016243
v 0.032694 -0.047222 -0.009955
v 0.036241 -0.047391 -0.006628
v 0.037657 -0.045812 -0.013204
v 0.041326 -0.046134 -0.009919
v 0.046065 -0.044587 -0.013133
v 0.044779 -0.046215 -0.006583
v 0.034337 -0.042632 -0.022223
v 0.038457 -0.043486 -0.019295
v 0.042856 -0.041422 -0.022143
v 0.049669 -0.044820 -0.009821
v 0.052795 -0.044840 -0.006587
v 0.046880 -0.042196 -0.019181
v 0.050679 -0.042767 -0.016126
v 0.051950 -0.040151 -0.021357
v 0.055872 -0.040812 -0.018301
v 0.059528 -0.041259 -0.015190
v 0.060780 -0.038629 -0.020414
v 0.054236 -0.043133 -0.012995
v 0.057533 -0.043294 -0.009801
v 0.060555 -0.043246 -0.006560
v 0.034158 -0.048097 0.000000
v 0.039597 -0.047310 -0.003302
v 0.042390 -0.047037 0.000000
v 0.039597 -0.047310 0.003302
v 0.036241 -0.047391 0.006628
v 0.032694 -0.047222 0.009955
v 0.037657 -0.045812 0.013204
v 0.044779 -0.046215 0.006583
v 0.041326 -0.046134 0.009919
v 0.046065 -0.044587 0.013133
v 0.047715 -0.046096 -0.003299
v 0.050419 -0.045752 0.000000
v 0.047715 -0.046096 0.003299
v 0.055671 -0.044646 -0.003291
v 0.058207 -0.044248 0.000000
v 0.055671 -0.044646 0.003291
v 0.052795 -0.044840 0.006587
v 0.049669 -0.044820 0.009821
v 0.054236 -0.043133 0.012995
v 0.060555 -0.043246 0.006560
v 0.057533 -0.043294 0.009801
v 0.005163 -0.047081 0.016707
v 0.000000 -0.045805 0.020048
v 0.015350 -0.046757 0.016617
v 0.010290 -0.045649 0.019980
v 0.005162 -0.044238 0.023211
v 0.014969 -0.043967 0.023044
v 0.000000 -0.042533 0.026287
v 0.005084 -0.040876 0.028723
v 0.000000 -0.039139 0.031115
v 0.009807 -0.042401 0.026206
v 0.010143 -0.039010 0.031012
v 0.014885 -0.040608 0.028557
v 0.020126 -0.045242 0.019707
v 0.025149 -0.046194 0.016276
v 0.029835 -0.044550 0.019309
v 0.024778 -0.043427 0.022713
v 0.019554 -0.042009 0.025963
v 0.019952 -0.038592 0.030773
v 0.029181 -0.041357 0.025560
v 0.024659 -0.040075 0.028226
v 0.029636 -0.037933 0.030341
v 0.000000 -0.035145 0.035564
v 0.005085 -0.037175 0.033375
v 0.005080 -0.033044 0.037469
v 0.010072 -0.035031 0.035448
v 0.015149 -0.036944 0.033142
v 0.015143 -0.032814 0.037236
v 0.000000 -0.030884 0.039322
v 0.010136 -0.030782 0.039192
v 0.005080 -0.028603 0.040960
v 0.000000 -0.026287 0.042533
v 0.008220 -0.025315 0.042992
v 0.013312 -0.027593 0.041355
v 0.020078 -0.034689 0.035102
v 0.023429 -0.031729 0.037489
v 0.024916 -0.036398 0.032800
v 0.028613 -0.033616 0.035199
v 0.018427 -0.029745 0.039509
v 0.026628 -0.028563 0.039632
v 0.021566 -0.026457 0.041541
v 0.029654 -0.025210 0.041518
v 0.033828 -0.045292 0.016296
v 0.042401 -0.044142 0.016243
v 0.034337 -0.042632 0.022223
v 0.038457 -0.043486 0.019295
v 0.042856 -0.041422 0.022143
v 0.038627 -0.040451 0.025000
v 0.034213 -0.039286 0.027737
v 0.042679 -0.038020 0.027623
v 0.050679 -0.042767 0.016126
v 0.046880 -0.042196 0.019181
v 0.051950 -0.040151 0.021357
v 0.059528 -0.041259 0.015190
v 0.055872 -0.040812 0.018301
v 0.060780 -0.038629 0.020414
v 0.047835 -0.039295 0.024286
v 0.056749 -0.037897 0.023421
v 0.038152 -0.036740 0.030287
v 0.046469 -0.035355 0.030075
v 0.051784 -0.036751 0.026839
v 0.060651 -0.035224 0.025899
v 0.055495 -0.033949 0.029236
v 0.058865 -0.030962 0.031416
v 0.033423 -0.035262 0.032831
v 0.037001 -0.032371 0.035115
v 0.041836 -0.033946 0.032675
v 0.031897 -0.030546 0.037472
v 0.035040 -0.027255 0.039506
v 0.045199 -0.030959 0.034852
v 0.040268 -0.029185 0.037267
v 0.043269 -0.025806 0.039173
v 0.049971 -0.032472 0.032342
v 0.053166 -0.029389 0.034410
v 0.048341 -0.027669 0.036886
v 0.056032 -0.026125 0.036265
v 0.062055 -0.027621 0.033481
v 0.000000 -0.023283 0.044248
v 0.000000 -0.020168 0.045752
v 0.008227 -0.022268 0.044646
v 0.008249 -0.019086 0.046096
v 0.000000 -0.016956 0.047037
v 0.000000 -0.013663 0.048097
v 0.008255 -0.015839 0.047310
v 0.016400 -0.024222 0.043246
v 0.016469 -0.021118 0.044840
v 0.024502 -0.023013 0.043294
v 0.024552 -0.019868 0.044820
v 0.016457 -0.017911 0.046215
v 0.016571 -0.014496 0.047391
v 0.024798 -0.016530 0.046134
v 0.024887 -0.013078 0.047222
v 0.000000 -0.010305 0.048927
v 0.000000 -0.006898 0.049522
v 0.008321 -0.012366 0.048332
v 0.008326 -0.008980 0.049074
v 0.000000 -0.003457 0.049880
v 0.008339 -0.005519 0.049582
v 0.008343 -0.002062 0.049846
v 0.016599 -0.011006 0.048320
v 0.016657 -0.007577 0.048971
v 0.024792 -0.009589 0.048059
v 0.016634 -0.004112 0.049384
v 0.024823 -0.006136 0.048618
v 0.025046 -0.002063 0.048943
v 0.045753 -0.022349 0.040812
v 0.037975 -0.023811 0.041259
v 0.032486 -0.021694 0.043133
v 0.040316 -0.020272 0.042767
v 0.032833 -0.018426 0.044587
v 0.033010 -0.015063 0.045812
v 0.040608 -0.016960 0.044142
v 0.040741 -0.013531 0.045292
v 0.051036 -0.024312 0.038629
v 0.053392 -0.020780 0.040151
v 0.058554 -0.022700 0.037897
v 0.060714 -0.019134 0.039295
v 0.047952 -0.018752 0.042196
v 0.048238 -0.015383 0.043486
v 0.055358 -0.017142 0.041422
v 0.055558 -0.013735 0.042632
v 0.033019 -0.011623 0.046802
v 0.032858 -0.008123 0.047553
v 0.040691 -0.010059 0.046194
v 0.033190 -0.004075 0.048033
v 0.041543 -0.006140 0.046757
v 0.041768 -0.002065 0.047081
v 0.048273 -0.011934 0.044550
v 0.049267 -0.008050 0.045242
v 0.056783 -0.009911 0.043427
v 0.049951 -0.004116 0.045649
v 0.057610 -0.005988 0.043967
v 0.058027 -0.002065 0.044238
v 0.064515 -0.039173 -0.017308
v 0.068139 -0.039506 -0.014016
v 0.063026 -0.041518 -0.011861
v 0.066142 -0.041541 -0.008627
v 0.068982 -0.041355 -0.005325
v 0.071406 -0.039632 -0.010651
v 0.074362 -0.039509 -0.007371
v 0.063287 -0.042992 -0.003288
v 0.065716 -0.042533 0.000000
v 0.063287 -0.042992 0.003288
v 0.071507 -0.040960 -0.002032
v 0.071507 -0.040960 0.002032
v 0.076955 -0.039192 -0.004054
v 0.077209 -0.039322 0.000000
v 0.076955 -0.039192 0.004054
v 0.066142 -0.041541 0.008627
v 0.068982 -0.041355 0.005325
v 0.063026 -0.041518 0.011861
v 0.074362 -0.039509 0.007371
v 0.071406 -0.039632 0.010651
v 0.065312 -0.036265 -0.022413
v 0.069171 -0.036886 -0.019337
v 0.073473 -0.034410 -0.021266
v 0.077398 -0.034852 -0.018080
v 0.072961 -0.037267 -0.016107
v 0.076366 -0.037472 -0.012759
v 0.080926 -0.035115 -0.014800
v 0.081181 -0.032342 -0.019988
v 0.084864 -0.032675 -0.016735
v 0.079322 -0.037489 -0.009372
v 0.084040 -0.035199 -0.011445
v 0.082035 -0.037236 -0.006057
v 0.086723 -0.035102 -0.008031
v 0.088155 -0.032831 -0.013369
v 0.090995 -0.032800 -0.009967
v 0.092361 -0.033142 -0.006060
v 0.084872 -0.029236 -0.022198
v 0.088388 -0.030075 -0.018587
v 0.091849 -0.030287 -0.015261
v 0.091876 -0.026839 -0.020714
v 0.076366 -0.037472 0.012759
v 0.082610 -0.037469 -0.002032
v 0.082610 -0.037469 0.002032
v 0.087578 -0.035448 -0.004029
v 0.087863 -0.035564 0.000000
v 0.087578 -0.035448 0.004029
v 0.092937 -0.033375 -0.002034
v 0.092937 -0.033375 0.002034
v 0.082035 -0.037236 0.006057
v 0.079322 -0.037489 0.009372
v 0.084040 -0.035199 0.011445
v 0.086723 -0.035102 0.008031
v 0.092361 -0.033142 0.006060
v 0.088155 -0.032831 0.013369
v 0.090995 -0.032800 0.009967
v 0.095051 -0.027623 -0.017072
v 0.098214 -0.027737 -0.013685
v 0.094832 -0.030341 -0.011854
v 0.100188 -0.028226 -0.009864
v 0.096480 -0.030773 -0.007981
v 0.101521 -0.028557 -0.005954
v 0.103393 -0.025560 -0.011672
v 0.105022 -0.025963 -0.007822
v 0.097526 -0.031012 -0.004057
v 0.097848 -0.031115 0.000000
v 0.097526 -0.031012 0.004057
v 0.102190 -0.028723 -0.002034
v 0.102190 -0.028723 0.002034
v 0.106004 -0.026206 -0.003923
v 0.106331 -0.026287 0.000000
v 0.106004 -0.026206 0.003923
v 0.096480 -0.030773 0.007981
v 0.101521 -0.028557 0.005954
v 0.094832 -0.030341 0.011854
v 0.100188 -0.028226 0.009864
v 0.098214 -0.027737 0.013685
v 0.105022 -0.025963 0.007822
v 0.103393 -0.025560 0.011672
v 0.064515 -0.039173 0.017308
v 0.068139 -0.039506 0.014016
v 0.065312 -0.036265 0.022413
v 0.069171 -0.036886 0.019337
v 0.072961 -0.037267 0.016107
v 0.077398 -0.034852 0.018080
v 0.073473 -0.034410 0.021266
v 0.069052 -0.033481 0.024822
v 0.064172 -0.032329 0.028213
v 0.077405 -0.031416 0.023546
v 0.067581 -0.029098 0.030374
v 0.072744 -0.030374 0.027032
v 0.075935 -0.027032 0.029098
v 0.080926 -0.035115 0.014800
v 0.084864 -0.032675 0.016735
v 0.081181 -0.032342 0.019988
v 0.084872 -0.029236 0.022198
v 0.091849 -0.030287 0.015261
v 0.088388 -0.030075 0.018587
v 0.091876 -0.026839 0.020714
v 0.080822 -0.028213 0.025669
v 0.088059 -0.025899 0.024260
v 0.070532 -0.025669 0.032329
v 0.095051 -0.027623 0.017072
v 0.098237 -0.024286 -0.019134
v 0.101127 -0.025000 -0.015451
v 0.100377 -0.021357 -0.020780
v 0.103556 -0.022143 -0.017142
v 0.106580 -0.022223 -0.013735
v 0.105489 -0.019181 -0.018752
v 0.108716 -0.019295 -0.015383
v 0.108567 -0.022713 -0.009911
v 0.102029 -0.018301 -0.022349
v 0.106917 -0.016126 -0.020272
v 0.107834 -0.012995 -0.021694
v 0.109918 -0.023044 -0.005988
v 0.111376 -0.019309 -0.011934
v 0.113105 -0.019707 -0.008050
v 0.110355 -0.016243 -0.016960
v 0.113229 -0.016296 -0.013531
v 0.111468 -0.013133 -0.018426
v 0.114531 -0.013204 -0.015063
v 0.115485 -0.016276 -0.010059
v 0.116891 -0.016617 -0.006140
v 0.117006 -0.013208 -0.011623
v 0.118882 -0.013143 -0.008123
v 0.108567 -0.022713 0.009911
v 0.106580 -0.022223 0.013735
v 0.110595 -0.023211 -0.002065
v 0.110595 -0.023211 0.002065
v 0.114123 -0.019980 -0.004116
v 0.114512 -0.020048 0.000000
v 0.114123 -0.019980 0.004116
v 0.109918 -0.023044 0.005988
v 0.113105 -0.019707 0.008050
v 0.111376 -0.019309 0.011934
v 0.117702 -0.016707 -0.002065
v 0.117702 -0.016707 0.002065
v 0.120082 -0.013276 -0.004075
v 0.120483 -0.013320 0.000000
v 0.120082 -0.013276 0.004075
v 0.116891 -0.016617 0.006140
v 0.113229 -0.016296 0.013531
v 0.115485 -0.016276 0.010059
v 0.117006 -0.013208 0.011623
v 0.118882 -0.013143 0.008123
v 0.112050 -0.009821 -0.019868
v 0.115335 -0.009919 -0.016530
v 0.112100 -0.006587 -0.021118
v 0.115538 -0.006583 -0.017911
v 0.118478 -0.006628 -0.014496
v 0.118054 -0.009955 -0.013078
v 0.120149 -0.009917 -0.009589
v 0.121546 -0.009929 -0.006136
v 0.120799 -0.006640 -0.011006
v 0.122428 -0.006663 -0.007577
v 0.111616 -0.003291 -0.022268
v 0.115240 -0.003299 -0.019086
v 0.118275 -0.003302 -0.015839
v 0.120830 -0.003328 -0.012366
v 0.122685 -0.003330 -0.008980
v 0.123956 -0.003335 -0.005519
v 0.122356 -0.010018 -0.002063
v 0.122356 -0.010018 0.002063
v 0.123461 -0.006654 -0.004112
v 0.123881 -0.006676 0.000000
v 0.123461 -0.006654 0.004112
v 0.121546 -0.009929 0.006136
v 0.120149 -0.009917 0.009589
v 0.118054 -0.009955 0.013078
v 0.122428 -0.006663 0.007577
v 0.120799 -0.006640 0.011006
v 0.124615 -0.003337 -0.002062
v 0.124615 -0.003337 0.002062
v 0.123956 -0.003335 0.005519
v 0.122685 -0.003330 0.008980
v 0.120830 -0.003328 0.012366
v 0.078539 -0.023546 0.030962
v 0.083701 -0.024822 0.027621
v 0.090662 -0.022413 0.026125
v 0.086024 -0.021266 0.029389
v 0.092214 -0.019337 0.027669
v 0.087130 -0.018080 0.030959
v 0.093167 -0.016107 0.029185
v 0.093679 -0.012759 0.030546
v 0.064746 -0.024260 0.035224
v 0.067098 -0.020714 0.036751
v 0.073089 -0.022198 0.033949
v 0.069057 -0.017072 0.038020
v 0.062500 -0.015451 0.040451
v 0.069343 -0.013685 0.039286
v 0.075188 -0.018587 0.035355
v 0.075718 -0.015261 0.036740
v 0.080855 -0.019988 0.032472
v 0.081687 -0.016735 0.033946
v 0.082077 -0.013369 0.035262
v 0.087789 -0.014800 0.032371
v 0.093723 -0.009372 0.031729
v 0.070564 -0.009864 0.040075
v 0.075853 -0.011854 0.037933
v 0.076932 -0.007981 0.038592
v 0.063901 -0.011672 0.041357
v 0.064907 -0.007822 0.042009
v 0.071393 -0.005954 0.040608
v 0.077530 -0.004057 0.039010
v 0.071807 -0.002034 0.040876
v 0.065514 -0.003923 0.042401
v 0.082001 -0.009967 0.036398
v 0.087998 -0.011445 0.033616
v 0.087756 -0.008031 0.034689
v 0.082855 -0.006060 0.036944
v 0.083438 -0.002034 0.037175
v 0.088621 -0.004029 0.035031
v 0.093091 -0.006057 0.032814
v 0.093673 -0.002032 0.033044
v 0.101127 -0.025000 0.015451
v 0.094742 -0.023421 0.022700
v 0.098237 -0.024286 0.019134
v 0.100377 -0.021357 0.020780
v 0.103556 -0.022143 0.017142
v 0.108716 -0.019295 0.015383
v 0.105489 -0.019181 0.018752
v 0.096572 -0.020414 0.024312
v 0.102029 -0.018301 0.022349
v 0.106917 -0.016126 0.020272
v 0.107834 -0.012995 0.021694
v 0.097931 -0.017308 0.025806
v 0.098764 -0.014016 0.027255
v 0.103147 -0.015190 0.023811
v 0.110355 -0.016243 0.016960
v 0.114531 -0.013204 0.015063
v 0.111468 -0.013133 0.018426
v 0.099081 -0.010651 0.028563
v 0.098771 -0.007371 0.029745
v 0.103795 -0.011861 0.025210
v 0.108234 -0.009801 0.023013
v 0.103852 -0.008627 0.026457
v 0.108116 -0.006560 0.024222
v 0.097980 -0.004054 0.030782
v 0.107481 -0.003288 0.025315
v 0.103389 -0.005325 0.027593
v 0.102401 -0.002032 0.028603
v 0.115335 -0.009919 0.016530
v 0.112050 -0.009821 0.019868
v 0.115538 -0.006583 0.017911
v 0.112100 -0.006587 0.021118
v 0.118478 -0.006628 0.014496
v 0.111616 -0.003291 0.022268
v 0.115240 -0.003299 0.019086
v 0.118275 -0.003302 0.015839
v 0.001948 0.000204 -0.093623
v 0.001829 0.000406 -0.093287
v 0.001887 0.000581 -0.092762
v 0.001988 0.000000 -0.093735
v 0.001884 0.000753 -0.092069
v 0.001820 0.000921 -0.091211
v 0.005036 0.000103 -0.092957
v 0.004649 0.000503 -0.092336
v 0.004667 0.000677 -0.091704
v 0.004955 0.000307 -0.092730
v 0.004619 0.000848 -0.090899
v 0.007736 0.000403 -0.091669
v 0.007378 0.000597 -0.091185
v 0.001695 0.001085 -0.090193
v 0.000675 0.001261 -0.089063
v 0.003671 0.001191 -0.088881
v 0.001483 0.001527 -0.086230
v 0.002614 0.001363 -0.087654
v 0.004514 0.001014 -0.089937
v 0.007366 0.000769 -0.090440
v 0.007263 0.000938 -0.089537
v 0.006471 0.001117 -0.088568
v 0.005577 0.001290 -0.087421
v 0.004496 0.001459 -0.086087
v 0.008044 0.000000 -0.092063
v 0.007982 0.000206 -0.091954
v 0.010740 0.000299 -0.090777
v 0.010890 0.000103 -0.090967
v 0.010442 0.000496 -0.090399
v 0.010001 0.000687 -0.089842
v 0.009929 0.000857 -0.088996
v 0.009221 0.001039 -0.088106
v 0.008373 0.001216 -0.087040
v 0.011079 0.001135 -0.086528
v 0.013658 0.000000 -0.089773
v 0.013585 0.000196 -0.089681
v 0.013367 0.000391 -0.089406
v 0.012500 0.000773 -0.088316
v 0.013004 0.000584 -0.088950
v 0.011857 0.000957 -0.087506
v 0.015403 0.000493 -0.088053
v 0.014963 0.000684 -0.087500
v 0.014860 0.000854 -0.086614
v 0.000301 0.001681 -0.084639
v 0.003320 0.001619 -0.084581
v 0.002032 0.001763 -0.082982
v 0.007403 0.001383 -0.085820
v 0.006272 0.001548 -0.084396
v 0.005061 0.001697 -0.082872
v 0.000669 0.001897 -0.081239
v 0.003735 0.001837 -0.081201
v 0.002317 0.001964 -0.079416
v 0.000505 0.002068 -0.077892
v 0.003906 0.002023 -0.077500
v 0.005365 0.001901 -0.079336
v 0.006729 0.001768 -0.081053
v 0.007221 0.001965 -0.077000
v 0.009140 0.001469 -0.084087
v 0.010172 0.001306 -0.085385
v 0.011191 0.001548 -0.081991
v 0.007990 0.001624 -0.082639
v 0.013309 0.001213 -0.084656
v 0.014155 0.001036 -0.085725
v 0.012340 0.001381 -0.083436
v 0.015391 0.001283 -0.082630
v 0.009978 0.001697 -0.080465
v 0.008642 0.001838 -0.078787
v 0.014329 0.001455 -0.081262
v 0.013102 0.001616 -0.079749
v 0.011834 0.001761 -0.078129
v 0.014859 0.001674 -0.077375
v 0.015851 0.000102 -0.088613
v 0.015701 0.000298 -0.088426
v 0.017307 0.000593 -0.086553
v 0.018003 0.000000 -0.087397
v 0.017911 0.000203 -0.087307
v 0.017696 0.000399 -0.087014
v 0.020038 0.000102 -0.086022
v 0.017258 0.000763 -0.085718
v 0.016312 0.001110 -0.083764
v 0.017068 0.000929 -0.084749
v 0.019520 0.000498 -0.085479
v 0.019407 0.000837 -0.083762
v 0.019108 0.000999 -0.082731
v 0.018274 0.001177 -0.081673
v 0.019828 0.000303 -0.085861
v 0.019548 0.000668 -0.084683
v 0.021904 0.000201 -0.084522
v 0.022008 0.000000 -0.084602
v 0.021592 0.000402 -0.084282
v 0.021367 0.000904 -0.081671
v 0.021679 0.000572 -0.083531
v 0.021604 0.000740 -0.082659
v 0.017337 0.001352 -0.080368
v 0.016188 0.001519 -0.078923
v 0.019096 0.001411 -0.077968
v 0.020969 0.001063 -0.080572
v 0.020133 0.001241 -0.079335
v 0.023197 0.000967 -0.079368
v 0.022638 0.001121 -0.078287
v 0.021701 0.001295 -0.076982
v 0.023722 0.000102 -0.083131
v 0.023513 0.000303 -0.082970
v 0.023740 0.000469 -0.082210
v 0.025389 0.000000 -0.081619
v 0.025273 0.000203 -0.081547
v 0.023725 0.000638 -0.081382
v 0.023540 0.000805 -0.080429
v 0.025558 0.000369 -0.080821
v 0.025669 0.000533 -0.079994
v 0.026864 0.000102 -0.080022
v 0.027220 0.000266 -0.079315
v 0.025255 0.000865 -0.078064
v 0.024766 0.001021 -0.077018
v 0.025555 0.000701 -0.079079
v 0.028279 0.000000 -0.078401
v 0.027387 0.000431 -0.078520
v 0.027366 0.000593 -0.077647
v 0.028693 0.000164 -0.077720
v 0.028922 0.000328 -0.076955
v 0.002361 0.002132 -0.075556
v 0.000740 0.002228 -0.073517
v 0.003845 0.002174 -0.073507
v 0.005428 0.002071 -0.075500
v 0.006877 0.002110 -0.073426
v 0.002178 0.002265 -0.071408
v 0.000460 0.002340 -0.069245
v 0.003557 0.002291 -0.069243
v 0.005264 0.002207 -0.071370
v 0.006583 0.002229 -0.069193
v 0.008702 0.002008 -0.074950
v 0.010430 0.001895 -0.076395
v 0.010114 0.002041 -0.072811
v 0.013512 0.001813 -0.075689
v 0.011881 0.001931 -0.074290
v 0.014902 0.001844 -0.073536
v 0.008245 0.002138 -0.071288
v 0.011430 0.002063 -0.070633
v 0.009525 0.002157 -0.069096
v 0.013225 0.001959 -0.072115
v 0.012689 0.002076 -0.068303
v 0.014530 0.001975 -0.069811
v 0.001770 0.002361 -0.066968
v 0.003047 0.002370 -0.064640
v 0.004877 0.002307 -0.066944
v 0.006120 0.002311 -0.064608
v 0.001130 0.002417 -0.062330
v 0.002297 0.002405 -0.060000
v 0.004255 0.002365 -0.062311
v 0.007177 0.002305 -0.062310
v 0.005261 0.002352 -0.060000
v 0.007881 0.002241 -0.066874
v 0.010712 0.002165 -0.066861
v 0.009006 0.002242 -0.064611
v 0.013811 0.002077 -0.066039
v 0.011800 0.002162 -0.064592
v 0.014834 0.002068 -0.063727
v 0.010041 0.002232 -0.062304
v 0.008151 0.002288 -0.060000
v 0.010955 0.002212 -0.060000
v 0.012783 0.002150 -0.062302
v 0.013658 0.002127 -0.060000
v 0.016450 0.001720 -0.074886
v 0.017866 0.001571 -0.076482
v 0.019225 0.001617 -0.073992
v 0.017863 0.001743 -0.072656
v 0.020554 0.001462 -0.075539
v 0.023075 0.001342 -0.074500
v 0.021820 0.001504 -0.073011
v 0.016266 0.001863 -0.071275
v 0.019134 0.001756 -0.070360
v 0.017492 0.001874 -0.068931
v 0.023066 0.001514 -0.070682
v 0.020551 0.001634 -0.071714
v 0.020254 0.001760 -0.068011
v 0.021736 0.001642 -0.069358
v 0.024107 0.001171 -0.075890
v 0.027133 0.000760 -0.076668
v 0.026730 0.000915 -0.075644
v 0.025365 0.001214 -0.073394
v 0.026136 0.001068 -0.074546
v 0.028964 0.000490 -0.076109
v 0.028820 0.000650 -0.075186
v 0.029823 0.000000 -0.076298
v 0.030182 0.000165 -0.075588
v 0.030356 0.000329 -0.074783
v 0.028490 0.000806 -0.074190
v 0.027976 0.000959 -0.073126
v 0.031177 0.000000 -0.074117
v 0.030338 0.000491 -0.073907
v 0.030128 0.000657 -0.072898
v 0.024218 0.001381 -0.071950
v 0.027280 0.001107 -0.072000
v 0.026406 0.001250 -0.070816
v 0.025357 0.001387 -0.069580
v 0.024139 0.001517 -0.068298
v 0.027222 0.001278 -0.068171
v 0.029138 0.000965 -0.070768
v 0.031231 0.000660 -0.070544
v 0.029728 0.000812 -0.071872
v 0.028369 0.001111 -0.069614
v 0.030762 0.000815 -0.069472
v 0.030095 0.000965 -0.068354
v 0.015706 0.001982 -0.067456
v 0.018556 0.001874 -0.066560
v 0.016770 0.001975 -0.065159
v 0.021220 0.001755 -0.065622
v 0.022758 0.001640 -0.066977
v 0.019533 0.001862 -0.064240
v 0.023250 0.001657 -0.064242
v 0.015743 0.002048 -0.061422
v 0.017704 0.001960 -0.062838
v 0.017795 0.001966 -0.060000
v 0.019740 0.001873 -0.061422
v 0.021528 0.001772 -0.062820
v 0.021631 0.001778 -0.060000
v 0.024733 0.001539 -0.065586
v 0.026068 0.001411 -0.066905
v 0.026548 0.001428 -0.064168
v 0.029084 0.001136 -0.066938
v 0.030718 0.000985 -0.065635
v 0.027808 0.001298 -0.065475
v 0.029571 0.001152 -0.064191
v 0.025109 0.001551 -0.062840
v 0.026789 0.001436 -0.061424
v 0.025225 0.001556 -0.060000
v 0.023457 0.001669 -0.061424
v 0.028161 0.001310 -0.062746
v 0.031084 0.000999 -0.062881
v 0.029814 0.001161 -0.061445
v 0.028279 0.001314 -0.060000
v 0.031224 0.001002 -0.060000
v 0.031486 0.000165 -0.073360
v 0.031594 0.000329 -0.072538
v 0.031521 0.000496 -0.071571
v 0.032333 0.000000 -0.071869
v 0.032579 0.000165 -0.071087
v 0.032652 0.000331 -0.070148
v 0.032499 0.000498 -0.069154
v 0.032122 0.000660 -0.068136
v 0.033287 0.000000 -0.069564
v 0.033499 0.000166 -0.068656
v 0.032798 0.000657 -0.065686
v 0.031575 0.000814 -0.067042
v 0.033488 0.000332 -0.067704
v 0.034034 0.000000 -0.067214
v 0.033253 0.000496 -0.066712
v 0.034167 0.000167 -0.066286
v 0.032081 0.000831 -0.064298
v 0.034074 0.000333 -0.065304
v 0.034570 0.000000 -0.064828
v 0.033757 0.000496 -0.064296
v 0.034624 0.000167 -0.063863
v 0.032373 0.000835 -0.061446
v 0.033229 0.000664 -0.062853
v 0.034446 0.000333 -0.062878
v 0.034892 0.000000 -0.062420
v 0.034048 0.000501 -0.061444
v 0.034861 0.000167 -0.061444
v 0.033374 0.000666 -0.060000
v 0.034597 0.000334 -0.060000
v 0.035000 0.000000 -0.060000
v 0.001130 0.002417 -0.057670
v 0.003047 0.002370 -0.055360
v 0.004255 0.002365 -0.057689
v 0.007177 0.002305 -0.057690
v 0.006120 0.002311 -0.055392
v 0.001770 0.002361 -0.053032
v 0.000460 0.002340 -0.050755
v 0.000000 0.002327 -0.049919
v 0.001133 0.002311 -0.049909
v 0.003557 0.002291 -0.050757
v 0.003005 0.002280 -0.049891
v 0.004877 0.002307 -0.053056
v 0.004261 0.002256 -0.049880
v 0.006583 0.002229 -0.050807
v 0.006012 0.002220 -0.049864
v 0.007341 0.002188 -0.049851
v 0.007638 0.002180 -0.049849
v 0.000000 0.003457 -0.049880
v 0.010041 0.002232 -0.057696
v 0.009006 0.002242 -0.055389
v 0.012783 0.002150 -0.057698
v 0.011800 0.002162 -0.055408
v 0.014834 0.002068 -0.056273
v 0.007881 0.002241 -0.053126
v 0.010712 0.002165 -0.053139
v 0.009525 0.002157 -0.050904
v 0.008343 0.002162 -0.049838
v 0.008707 0.002152 -0.049826
v 0.008890 0.002148 -0.049817
v 0.010986 0.002085 -0.049725
v 0.011609 0.002065 -0.049697
v 0.013811 0.002077 -0.053961
v 0.012689 0.002076 -0.051697
v 0.014530 0.001975 -0.050189
v 0.012525 0.002032 -0.049657
v 0.014188 0.001971 -0.049584
v 0.015305 0.001925 -0.049535
v 0.008339 0.005519 -0.049582
v 0.000000 0.006898 -0.049522
v 0.000000 0.010305 -0.048927
v 0.008326 0.008980 -0.049074
v 0.008321 0.012366 -0.048332
v 0.015743 0.002048 -0.058578
v 0.017704 0.001960 -0.057162
v 0.016770 0.001975 -0.054841
v 0.019740 0.001873 -0.058578
v 0.021528 0.001772 -0.057180
v 0.019533 0.001862 -0.055760
v 0.021220 0.001755 -0.054378
v 0.023250 0.001657 -0.055758
v 0.015706 0.001982 -0.052544
v 0.018556 0.001874 -0.053440
v 0.017492 0.001874 -0.051069
v 0.020254 0.001760 -0.051989
v 0.022758 0.001640 -0.053023
v 0.021736 0.001642 -0.050642
v 0.025109 0.001551 -0.057160
v 0.026789 0.001436 -0.058576
v 0.024733 0.001539 -0.054414
v 0.026548 0.001428 -0.055832
v 0.023457 0.001669 -0.058576
v 0.028161 0.001310 -0.057254
v 0.029814 0.001161 -0.058555
v 0.031084 0.000999 -0.057119
v 0.027808 0.001298 -0.054525
v 0.029571 0.001152 -0.055809
v 0.030718 0.000985 -0.054365
v 0.026068 0.001411 -0.053095
v 0.024139 0.001517 -0.051702
v 0.025357 0.001387 -0.050420
v 0.027222 0.001278 -0.051829
v 0.029084 0.001136 -0.053062
v 0.028369 0.001111 -0.050386
v 0.030095 0.000965 -0.051646
v 0.030762 0.000815 -0.050528
v 0.016665 0.001866 -0.049476
v 0.016659 0.001867 -0.049476
v 0.018308 0.001787 -0.049376
v 0.018966 0.001754 -0.049337
v 0.019134 0.001756 -0.049640
v 0.019484 0.001726 -0.049305
v 0.023066 0.001514 -0.049318
v 0.022582 0.001537 -0.049119
v 0.022848 0.001520 -0.049103
v 0.022947 0.001513 -0.049096
v 0.023290 0.001488 -0.049071
v 0.021017 0.001637 -0.049213
v 0.016634 0.004112 -0.049384
v 0.024661 0.001383 -0.048971
v 0.025046 0.001351 -0.048943
v 0.025806 0.001286 -0.048874
v 0.026264 0.001245 -0.048832
v 0.026406 0.001250 -0.049184
v 0.026695 0.001203 -0.048793
v 0.025046 0.002063 -0.048943
v 0.027604 0.001108 -0.048710
v 0.028261 0.001032 -0.048651
v 0.029138 0.000965 -0.049232
v 0.028826 0.000963 -0.048599
v 0.031231 0.000660 -0.049456
v 0.030128 0.000772 -0.048481
v 0.030439 0.000715 -0.048453
v 0.030748 0.000659 -0.048424
v 0.029509 0.000869 -0.048537
v 0.029889 0.000813 -0.048503
v 0.024823 0.006136 -0.048618
v 0.016657 0.007577 -0.048971
v 0.016599 0.011006 -0.048320
v 0.024792 0.009589 -0.048059
v 0.000000 0.013663 -0.048097
v 0.000000 0.016956 -0.047037
v 0.008255 0.015839 -0.047310
v 0.000000 0.020168 -0.045752
v 0.000000 0.023283 -0.044248
v 0.008249 0.019086 -0.046096
v 0.008227 0.022268 -0.044646
v 0.016571 0.014496 -0.047391
v 0.016457 0.017911 -0.046215
v 0.024887 0.013078 -0.047222
v 0.024798 0.016530 -0.046134
v 0.016469 0.021118 -0.044840
v 0.016400 0.024222 -0.043246
v 0.024552 0.019868 -0.044820
v 0.024502 0.023013 -0.043294
v 0.032373 0.000835 -0.058554
v 0.034048 0.000501 -0.058556
v 0.034861 0.000167 -0.058556
v 0.033229 0.000664 -0.057147
v 0.034446 0.000333 -0.057122
v 0.034892 0.000000 -0.057580
v 0.032798 0.000657 -0.054314
v 0.032081 0.000831 -0.055702
v 0.033757 0.000496 -0.055704
v 0.034624 0.000167 -0.056137
v 0.034074 0.000333 -0.054696
v 0.034570 0.000000 -0.055172
v 0.031575 0.000814 -0.052958
v 0.034167 0.000167 -0.053714
v 0.033253 0.000496 -0.053288
v 0.034034 0.000000 -0.052786
v 0.033488 0.000332 -0.052296
v 0.032122 0.000660 -0.051864
v 0.032499 0.000498 -0.050846
v 0.032652 0.000331 -0.049852
v 0.033499 0.000166 -0.051344
v 0.033287 0.000000 -0.050436
v 0.032579 0.000165 -0.048913
v 0.031946 0.000338 -0.048316
v 0.031971 0.000330 -0.048314
v 0.032160 0.000235 -0.048297
v 0.031484 0.000496 -0.048356
v 0.031448 0.000504 -0.048360
v 0.031526 0.000483 -0.048352
v 0.031521 0.000496 -0.048429
v 0.032393 0.000000 -0.048275
v 0.032379 0.000031 -0.048277
v 0.032278 0.000165 -0.048286
v 0.033301 0.000000 -0.048193
v 0.033190 0.004075 -0.048033
v 0.041768 0.002065 -0.047081
v 0.041543 0.006140 -0.046757
v 0.032858 0.008123 -0.047553
v 0.033019 0.011623 -0.046802
v 0.040691 0.010059 -0.046194
v 0.050121 0.000000 -0.045805
v 0.049951 0.004116 -0.045649
v 0.058027 0.002065 -0.044238
v 0.057610 0.005988 -0.043967
v 0.049267 0.008050 -0.045242
v 0.048273 0.011934 -0.044550
v 0.056783 0.009911 -0.043427
v 0.033010 0.015063 -0.045812
v 0.032833 0.018426 -0.044587
v 0.040741 0.013531 -0.045292
v 0.040608 0.016960 -0.044142
v 0.032486 0.021694 -0.043133
v 0.037975 0.023811 -0.041259
v 0.040316 0.020272 -0.042767
v 0.045753 0.022349 -0.040812
v 0.048238 0.015383 -0.043486
v 0.055558 0.013735 -0.042632
v 0.055358 0.017142 -0.041422
v 0.047952 0.018752 -0.042196
v 0.053392 0.020780 -0.040151
v 0.051036 0.024312 -0.038629
v 0.060714 0.019134 -0.039295
v 0.058554 0.022700 -0.037897
v 0.000000 0.026287 -0.042533
v 0.005080 0.028603 -0.040960
v 0.008220 0.025315 -0.042992
v 0.013312 0.027593 -0.041355
v 0.021566 0.026457 -0.041541
v 0.029654 0.025210 -0.041518
v 0.000000 0.030884 -0.039322
v 0.010136 0.030782 -0.039192
v 0.005080 0.033044 -0.037469
v 0.000000 0.035145 -0.035564
v 0.005085 0.037175 -0.033375
v 0.015143 0.032814 -0.037236
v 0.010072 0.035031 -0.035448
v 0.015149 0.036944 -0.033142
v 0.018427 0.029745 -0.039509
v 0.026628 0.028563 -0.039632
v 0.023429 0.031729 -0.037489
v 0.020078 0.034689 -0.035102
v 0.028613 0.033616 -0.035199
v 0.024916 0.036398 -0.032800
v 0.000000 0.039139 -0.031115
v 0.005084 0.040876 -0.028723
v 0.000000 0.042533 -0.026287
v 0.010143 0.039010 -0.031012
v 0.014885 0.040608 -0.028557
v 0.009807 0.042401 -0.026206
v 0.005162 0.044238 -0.023211
v 0.014969 0.043967 -0.023044
v 0.019952 0.038592 -0.030773
v 0.019554 0.042009 -0.025963
v 0.024659 0.040075 -0.028226
v 0.029636 0.037933 -0.030341
v 0.024778 0.043427 -0.022713
v 0.029181 0.041357 -0.025560
v 0.035040 0.027255 -0.039506
v 0.031897 0.030546 -0.037472
v 0.043269 0.025806 -0.039173
v 0.040268 0.029185 -0.037267
v 0.045199 0.030959 -0.034852
v 0.037001 0.032371 -0.035115
v 0.033423 0.035262 -0.032831
v 0.041836 0.033946 -0.032675
v 0.038152 0.036740 -0.030287
v 0.046469 0.035355 -0.030075
v 0.048341 0.027669 -0.036886
v 0.053166 0.029389 -0.034410
v 0.056032 0.026125 -0.036265
v 0.062055 0.027621 -0.033481
v 0.058865 0.030962 -0.031416
v 0.049971 0.032472 -0.032342
v 0.051784 0.036751 -0.026839
v 0.055495 0.033949 -0.029236
v 0.060651 0.035224 -0.025899
v 0.034213 0.039286 -0.027737
v 0.038627 0.040451 -0.025000
v 0.042679 0.038020 -0.027623
v 0.047835 0.039295 -0.024286
v 0.056749 0.037897 -0.023421
v 0.065716 0.000000 -0.042533
v 0.065514 0.003923 -0.042401
v 0.071807 0.002034 -0.040876
v 0.064907 0.007822 -0.042009
v 0.063901 0.011672 -0.041357
v 0.077786 0.000000 -0.039139
v 0.071393 0.005954 -0.040608
v 0.077530 0.004057 -0.039010
v 0.076932 0.007981 -0.038592
v 0.070564 0.009864 -0.040075
v 0.075853 0.011854 -0.037933
v 0.083438 0.002034 -0.037175
v 0.082855 0.006060 -0.036944
v 0.088910 0.000000 -0.035145
v 0.093673 0.002032 -0.033044
v 0.088621 0.004029 -0.035031
v 0.093091 0.006057 -0.032814
v 0.082001 0.009967 -0.036398
v 0.087756 0.008031 -0.034689
v 0.093723 0.009372 -0.031729
v 0.087998 0.011445 -0.033616
v 0.062500 0.015451 -0.040451
v 0.069343 0.013685 -0.039286
v 0.069057 0.017072 -0.038020
v 0.075718 0.015261 -0.036740
v 0.075188 0.018587 -0.035355
v 0.067098 0.020714 -0.036751
v 0.064746 0.024260 -0.035224
v 0.073089 0.022198 -0.033949
v 0.082077 0.013369 -0.035262
v 0.081687 0.016735 -0.033946
v 0.087789 0.014800 -0.032371
v 0.093679 0.012759 -0.030546
v 0.087130 0.018080 -0.030959
v 0.093167 0.016107 -0.029185
v 0.080855 0.019988 -0.032472
v 0.078539 0.023546 -0.030962
v 0.083701 0.024822 -0.027621
v 0.086024 0.021266 -0.029389
v 0.092214 0.019337 -0.027669
v 0.090662 0.022413 -0.026125
v 0.098304 0.000000 -0.030884
v 0.097980 0.004054 -0.030782
v 0.102401 0.002032 -0.028603
v 0.106331 0.000000 -0.026287
v 0.103389 0.005325 -0.027593
v 0.107481 0.003288 -0.025315
v 0.098771 0.007371 -0.029745
v 0.099081 0.010651 -0.028563
v 0.103852 0.008627 -0.026457
v 0.108116 0.006560 -0.024222
v 0.103795 0.011861 -0.025210
v 0.108234 0.009801 -0.023013
v 0.110621 0.000000 -0.023283
v 0.098764 0.014016 -0.027255
v 0.097931 0.017308 -0.025806
v 0.103147 0.015190 -0.023811
v 0.096572 0.020414 -0.024312
v 0.094742 0.023421 -0.022700
v 0.070532 0.025669 -0.032329
v 0.067581 0.029098 -0.030374
v 0.075935 0.027032 -0.029098
v 0.072744 0.030374 -0.027032
v 0.064172 0.032329 -0.028213
v 0.069052 0.033481 -0.024822
v 0.077405 0.031416 -0.023546
v 0.080822 0.028213 -0.025669
v 0.088059 0.025899 -0.024260
v 0.000000 0.000000 0.050000
v 0.000000 0.003457 0.049880
v 0.008343 0.002062 0.049846
v 0.008339 0.005519 0.049582
v 0.000000 0.006898 0.049522
v 0.000000 0.010305 0.048927
v 0.008326 0.008980 0.049074
v 0.008321 0.012366 0.048332
v 0.016690 0.000000 0.049552
v 0.016634 0.004112 0.049384
v 0.025046 0.002063 0.048943
v 0.024823 0.006136 0.048618
v 0.016657 0.007577 0.048971
v 0.016599 0.011006 0.048320
v 0.024792 0.009589 0.048059
v 0.000000 0.013663 0.048097
v 0.000000 0.016956 0.047037
v 0.008255 0.015839 0.047310
v 0.000000 0.020168 0.045752
v 0.000000 0.023283 0.044248
v 0.008249 0.019086 0.046096
v 0.008227 0.022268 0.044646
v 0.016571 0.014496 0.047391
v 0.016457 0.017911 0.046215
v 0.024887 0.013078 0.047222
v 0.024798 0.016530 0.046134
v 0.016469 0.021118 0.044840
v 0.016400 0.024222 0.043246
v 0.024552 0.019868 0.044820
v 0.024502 0.023013 0.043294
v 0.033301 0.000000 0.048193
v 0.033190 0.004075 0.048033
v 0.041768 0.002065 0.047081
v 0.041543 0.006140 0.046757
v 0.032858 0.008123 0.047553
v 0.033019 0.011623 0.046802
v 0.040691 0.010059 0.046194
v 0.050121 0.000000 0.045805
v 0.049951 0.004116 0.045649
v 0.058027 0.002065 0.044238
v 0.057610 0.005988 0.043967
v 0.049267 0.008050 0.045242
v 0.048273 0.011934 0.044550
v 0.056783 0.009911 0.043427
v 0.033010 0.015063 0.045812
v 0.032833 0.018426 0.044587
v 0.040741 0.013531 0.045292
v 0.040608 0.016960 0.044142
v 0.045753 0.022349 0.040812
v 0.032486 0.021694 0.043133
v 0.037975 0.023811 0.041259
v 0.040316 0.020272 0.042767
v 0.048238 0.015383 0.043486
v 0.055558 0.013735 0.042632
v 0.055358 0.017142 0.041422
v 0.053392 0.020780 0.040151
v 0.051036 0.024312 0.038629
v 0.060714 0.019134 0.039295
v 0.058554 0.022700 0.037897
v 0.047952 0.018752 0.042196
v 0.000000 0.045805 -0.020048
v 0.005163 0.047081 -0.016707
v 0.010290 0.045649 -0.019980
v 0.015350 0.046757 -0.016617
v 0.000000 0.048193 -0.013320
v 0.005156 0.048943 -0.010018
v 0.000000 0.049552 -0.006676
v 0.010188 0.048033 -0.013276
v 0.015341 0.048618 -0.009929
v 0.010280 0.049384 -0.006654
v 0.020126 0.045242 -0.019707
v 0.029835 0.044550 -0.019309
v 0.025149 0.046194 -0.016276
v 0.020307 0.047553 -0.013143
v 0.018944 0.048971 -0.006663
v 0.029057 0.046802 -0.013208
v 0.023972 0.048059 -0.009917
v 0.027515 0.048320 -0.006640
v 0.000000 0.050000 0.000000
v 0.005156 0.049846 -0.003337
v 0.005156 0.049846 0.003337
v 0.008643 0.049880 0.000000
v 0.013798 0.049582 -0.003335
v 0.013798 0.049582 0.003335
v 0.000000 0.049552 0.006676
v 0.000000 0.048193 0.013320
v 0.005156 0.048943 0.010018
v 0.010280 0.049384 0.006654
v 0.010188 0.048033 0.013276
v 0.015341 0.048618 0.009929
v 0.017244 0.049522 0.000000
v 0.022449 0.049074 -0.003330
v 0.022449 0.049074 0.003330
v 0.025763 0.048927 0.000000
v 0.030916 0.048332 -0.003328
v 0.030916 0.048332 0.003328
v 0.018944 0.048971 0.006663
v 0.020307 0.047553 0.013143
v 0.029057 0.046802 0.013208
v 0.027515 0.048320 0.006640
v 0.023972 0.048059 0.009917
v 0.034337 0.042632 -0.022223
v 0.038457 0.043486 -0.019295
v 0.042856 0.041422 -0.022143
v 0.033828 0.045292 -0.016296
v 0.042401 0.044142 -0.016243
v 0.037657 0.045812 -0.013204
v 0.032694 0.047222 -0.009955
v 0.036241 0.047391 -0.006628
v 0.041326 0.046134 -0.009919
v 0.046065 0.044587 -0.013133
v 0.044779 0.046215 -0.006583
v 0.051950 0.040151 -0.021357
v 0.046880 0.042196 -0.019181
v 0.050679 0.042767 -0.016126
v 0.060780 0.038629 -0.020414
v 0.055872 0.040812 -0.018301
v 0.059528 0.041259 -0.015190
v 0.054236 0.043133 -0.012995
v 0.057533 0.043294 -0.009801
v 0.060555 0.043246 -0.006560
v 0.049669 0.044820 -0.009821
v 0.052795 0.044840 -0.006587
v 0.034158 0.048097 0.000000
v 0.039597 0.047310 -0.003302
v 0.042390 0.047037 0.000000
v 0.039597 0.047310 0.003302
v 0.037657 0.045812 0.013204
v 0.036241 0.047391 0.006628
v 0.032694 0.047222 0.009955
v 0.044779 0.046215 0.006583
v 0.041326 0.046134 0.009919
v 0.046065 0.044587 0.013133
v 0.054236 0.043133 0.012995
v 0.060555 0.043246 0.006560
v 0.057533 0.043294 0.009801
v 0.047715 0.046096 -0.003299
v 0.050419 0.045752 0.000000
v 0.047715 0.046096 0.003299
v 0.055671 0.044646 -0.003291
v 0.058207 0.044248 0.000000
v 0.055671 0.044646 0.003291
v 0.052795 0.044840 0.006587
v 0.049669 0.044820 0.009821
v 0.000000 0.030884 0.039322
v 0.010136 0.030782 0.039192
v 0.000000 0.026287 0.042533
v 0.005080 0.028603 0.040960
v 0.008220 0.025315 0.042992
v 0.013312 0.027593 0.041355
v 0.005080 0.033044 0.037469
v 0.000000 0.035145 0.035564
v 0.005085 0.037175 0.033375
v 0.015143 0.032814 0.037236
v 0.010072 0.035031 0.035448
v 0.015149 0.036944 0.033142
v 0.018427 0.029745 0.039509
v 0.026628 0.028563 0.039632
v 0.021566 0.026457 0.041541
v 0.029654 0.025210 0.041518
v 0.023429 0.031729 0.037489
v 0.020078 0.034689 0.035102
v 0.028613 0.033616 0.035199
v 0.024916 0.036398 0.032800
v 0.000000 0.039139 0.031115
v 0.000000 0.042533 0.026287
v 0.005084 0.040876 0.028723
v 0.010143 0.039010 0.031012
v 0.014885 0.040608 0.028557
v 0.009807 0.042401 0.026206
v 0.000000 0.045805 0.020048
v 0.005163 0.047081 0.016707
v 0.015350 0.046757 0.016617
v 0.010290 0.045649 0.019980
v 0.005162 0.044238 0.023211
v 0.014969 0.043967 0.023044
v 0.024778 0.043427 0.022713
v 0.019952 0.038592 0.030773
v 0.019554 0.042009 0.025963
v 0.024659 0.040075 0.028226
v 0.029636 0.037933 0.030341
v 0.029181 0.041357 0.025560
v 0.020126 0.045242 0.019707
v 0.025149 0.046194 0.016276
v 0.029835 0.044550 0.019309
v 0.038152 0.036740 0.030287
v 0.046469 0.035355 0.030075
v 0.058865 0.030962 0.031416
v 0.051784 0.036751 0.026839
v 0.055495 0.033949 0.029236
v 0.060651 0.035224 0.025899
v 0.035040 0.027255 0.039506
v 0.031897 0.030546 0.037472
v 0.043269 0.025806 0.039173
v 0.045199 0.030959 0.034852
v 0.040268 0.029185 0.037267
v 0.037001 0.032371 0.035115
v 0.033423 0.035262 0.032831
v 0.041836 0.033946 0.032675
v 0.048341 0.027669 0.036886
v 0.053166 0.029389 0.034410
v 0.056032 0.026125 0.036265
v 0.062055 0.027621 0.033481
v 0.049971 0.032472 0.032342
v 0.034337 0.042632 0.022223
v 0.038457 0.043486 0.019295
v 0.042856 0.041422 0.022143
v 0.038627 0.040451 0.025000
v 0.034213 0.039286 0.027737
v 0.042679 0.038020 0.027623
v 0.033828 0.045292 0.016296
v 0.042401 0.044142 0.016243
v 0.051950 0.040151 0.021357
v 0.050679 0.042767 0.016126
v 0.046880 0.042196 0.019181
v 0.060780 0.038629 0.020414
v 0.059528 0.041259 0.015190
v 0.055872 0.040812 0.018301
v 0.047835 0.039295 0.024286
v 0.056749 0.037897 0.023421
v 0.114380 0.000000 -0.020168
v 0.111616 0.003291 -0.022268
v 0.115240 0.003299 -0.019086
v 0.117593 0.000000 -0.016956
v 0.120242 0.000000 -0.013663
v 0.118275 0.003302 -0.015839
v 0.122316 0.000000 -0.010305
v 0.123805 0.000000 -0.006898
v 0.120830 0.003328 -0.012366
v 0.122685 0.003330 -0.008980
v 0.123956 0.003335 -0.005519
v 0.112100 0.006587 -0.021118
v 0.115538 0.006583 -0.017911
v 0.112050 0.009821 -0.019868
v 0.115335 0.009919 -0.016530
v 0.118478 0.006628 -0.014496
v 0.120799 0.006640 -0.011006
v 0.122428 0.006663 -0.007577
v 0.118054 0.009955 -0.013078
v 0.120149 0.009917 -0.009589
v 0.121546 0.009929 -0.006136
v 0.124701 0.000000 -0.003457
v 0.125000 0.000000 0.000000
v 0.124701 0.000000 0.003457
v 0.124615 0.003337 -0.002062
v 0.124615 0.003337 0.002062
v 0.123805 0.000000 0.006898
v 0.120242 0.000000 0.013663
v 0.122316 0.000000 0.010305
v 0.123956 0.003335 0.005519
v 0.122685 0.003330 0.008980
v 0.120830 0.003328 0.012366
v 0.123461 0.006654 -0.004112
v 0.123881 0.006676 0.000000
v 0.123461 0.006654 0.004112
v 0.122356 0.010018 -0.002063
v 0.122356 0.010018 0.002063
v 0.122428 0.006663 0.007577
v 0.120799 0.006640 0.011006
v 0.121546 0.009929 0.006136
v 0.120149 0.009917 0.009589
v 0.118054 0.009955 0.013078
v 0.107834 0.012995 -0.021694
v 0.102029 0.018301 -0.022349
v 0.106917 0.016126 -0.020272
v 0.100377 0.021357 -0.020780
v 0.098237 0.024286 -0.019134
v 0.105489 0.019181 -0.018752
v 0.108716 0.019295 -0.015383
v 0.103556 0.022143 -0.017142
v 0.106580 0.022223 -0.013735
v 0.108567 0.022713 -0.009911
v 0.111468 0.013133 -0.018426
v 0.114531 0.013204 -0.015063
v 0.110355 0.016243 -0.016960
v 0.113229 0.016296 -0.013531
v 0.117006 0.013208 -0.011623
v 0.115485 0.016276 -0.010059
v 0.116891 0.016617 -0.006140
v 0.118882 0.013143 -0.008123
v 0.111376 0.019309 -0.011934
v 0.113105 0.019707 -0.008050
v 0.109918 0.023044 -0.005988
v 0.108567 0.022713 0.009911
v 0.106580 0.022223 0.013735
v 0.120082 0.013276 -0.004075
v 0.120483 0.013320 0.000000
v 0.120082 0.013276 0.004075
v 0.117702 0.016707 -0.002065
v 0.117702 0.016707 0.002065
v 0.117006 0.013208 0.011623
v 0.116891 0.016617 0.006140
v 0.113229 0.016296 0.013531
v 0.115485 0.016276 0.010059
v 0.118882 0.013143 0.008123
v 0.114123 0.019980 -0.004116
v 0.114512 0.020048 0.000000
v 0.114123 0.019980 0.004116
v 0.110595 0.023211 -0.002065
v 0.110595 0.023211 0.002065
v 0.113105 0.019707 0.008050
v 0.111376 0.019309 0.011934
v 0.109918 0.023044 0.005988
v 0.093723 0.009372 0.031729
v 0.071807 0.002034 0.040876
v 0.077786 0.000000 0.039139
v 0.071393 0.005954 0.040608
v 0.077530 0.004057 0.039010
v 0.065716 0.000000 0.042533
v 0.065514 0.003923 0.042401
v 0.076932 0.007981 0.038592
v 0.070564 0.009864 0.040075
v 0.075853 0.011854 0.037933
v 0.064907 0.007822 0.042009
v 0.063901 0.011672 0.041357
v 0.083438 0.002034 0.037175
v 0.082855 0.006060 0.036944
v 0.088910 0.000000 0.035145
v 0.093673 0.002032 0.033044
v 0.088621 0.004029 0.035031
v 0.093091 0.006057 0.032814
v 0.082001 0.009967 0.036398
v 0.087756 0.008031 0.034689
v 0.087998 0.011445 0.033616
v 0.093679 0.012759 0.030546
v 0.087130 0.018080 0.030959
v 0.093167 0.016107 0.029185
v 0.078539 0.023546 0.030962
v 0.083701 0.024822 0.027621
v 0.086024 0.021266 0.029389
v 0.092214 0.019337 0.027669
v 0.090662 0.022413 0.026125
v 0.062500 0.015451 0.040451
v 0.069343 0.013685 0.039286
v 0.069057 0.017072 0.038020
v 0.075718 0.015261 0.036740
v 0.075188 0.018587 0.035355
v 0.067098 0.020714 0.036751
v 0.064746 0.024260 0.035224
v 0.073089 0.022198 0.033949
v 0.082077 0.013369 0.035262
v 0.081687 0.016735 0.033946
v 0.087789 0.014800 0.032371
v 0.080855 0.019988 0.032472
v 0.098304 0.000000 0.030884
v 0.097980 0.004054 0.030782
v 0.106331 0.000000 0.026287
v 0.102401 0.002032 0.028603
v 0.107481 0.003288 0.025315
v 0.103389 0.005325 0.027593
v 0.098771 0.007371 0.029745
v 0.099081 0.010651 0.028563
v 0.103852 0.008627 0.026457
v 0.108116 0.006560 0.024222
v 0.103795 0.011861 0.025210
v 0.108234 0.009801 0.023013
v 0.114380 0.000000 0.020168
v 0.111616 0.003291 0.022268
v 0.115240 0.003299 0.019086
v 0.117593 0.000000 0.016956
v 0.118275 0.003302 0.015839
v 0.110621 0.000000 0.023283
v 0.115538 0.006583 0.017911
v 0.112100 0.006587 0.021118
v 0.115335 0.009919 0.016530
v 0.112050 0.009821 0.019868
v 0.118478 0.006628 0.014496
v 0.107834 0.012995 0.021694
v 0.102029 0.018301 0.022349
v 0.106917 0.016126 0.020272
v 0.098764 0.014016 0.027255
v 0.097931 0.017308 0.025806
v 0.103147 0.015190 0.023811
v 0.100377 0.021357 0.020780
v 0.094742 0.023421 0.022700
v 0.098237 0.024286 0.019134
v 0.108716 0.019295 0.015383
v 0.105489 0.019181 0.018752
v 0.103556 0.022143 0.017142
v 0.096572 0.020414 0.024312
v 0.114531 0.013204 0.015063
v 0.111468 0.013133 0.018426
v 0.110355 0.016243 0.016960
v 0.065312 0.036265 -0.022413
v 0.069171 0.036886 -0.019337
v 0.073473 0.034410 -0.021266
v 0.077398 0.034852 -0.018080
v 0.072961 0.037267 -0.016107
v 0.076366 0.037472 -0.012759
v 0.084872 0.029236 -0.022198
v 0.091876 0.026839 -0.020714
v 0.088388 0.030075 -0.018587
v 0.091849 0.030287 -0.015261
v 0.081181 0.032342 -0.019988
v 0.084864 0.032675 -0.016735
v 0.080926 0.035115 -0.014800
v 0.079322 0.037489 -0.009372
v 0.084040 0.035199 -0.011445
v 0.082035 0.037236 -0.006057
v 0.088155 0.032831 -0.013369
v 0.090995 0.032800 -0.009967
v 0.092361 0.033142 -0.006060
v 0.086723 0.035102 -0.008031
v 0.076366 0.037472 0.012759
v 0.082610 0.037469 -0.002032
v 0.082610 0.037469 0.002032
v 0.092937 0.033375 -0.002034
v 0.092937 0.033375 0.002034
v 0.087578 0.035448 -0.004029
v 0.087863 0.035564 0.000000
v 0.087578 0.035448 0.004029
v 0.082035 0.037236 0.006057
v 0.079322 0.037489 0.009372
v 0.084040 0.035199 0.011445
v 0.092361 0.033142 0.006060
v 0.088155 0.032831 0.013369
v 0.090995 0.032800 0.009967
v 0.086723 0.035102 0.008031
v 0.064515 0.039173 -0.017308
v 0.068139 0.039506 -0.014016
v 0.063026 0.041518 -0.011861
v 0.066142 0.041541 -0.008627
v 0.068982 0.041355 -0.005325
v 0.071406 0.039632 -0.010651
v 0.074362 0.039509 -0.007371
v 0.063287 0.042992 -0.003288
v 0.065716 0.042533 0.000000
v 0.063287 0.042992 0.003288
v 0.076955 0.039192 -0.004054
v 0.077209 0.039322 0.000000
v 0.076955 0.039192 0.004054
v 0.071507 0.040960 -0.002032
v 0.071507 0.040960 0.002032
v 0.066142 0.041541 0.008627
v 0.068982 0.041355 0.005325
v 0.063026 0.041518 0.011861
v 0.074362 0.039509 0.007371
v 0.071406 0.039632 0.010651
v 0.095051 0.027623 -0.017072
v 0.101127 0.025000 -0.015451
v 0.098214 0.027737 -0.013685
v 0.094832 0.030341 -0.011854
v 0.100188 0.028226 -0.009864
v 0.096480 0.030773 -0.007981
v 0.101521 0.028557 -0.005954
v 0.103393 0.025560 -0.011672
v 0.105022 0.025963 -0.007822
v 0.097526 0.031012 -0.004057
v 0.097848 0.031115 0.000000
v 0.097526 0.031012 0.004057
v 0.106004 0.026206 -0.003923
v 0.106331 0.026287 0.000000
v 0.106004 0.026206 0.003923
v 0.102190 0.028723 -0.002034
v 0.102190 0.028723 0.002034
v 0.098214 0.027737 0.013685
v 0.096480 0.030773 0.007981
v 0.101521 0.028557 0.005954
v 0.094832 0.030341 0.011854
v 0.100188 0.028226 0.009864
v 0.105022 0.025963 0.007822
v 0.103393 0.025560 0.011672
v 0.067581 0.029098 0.030374
v 0.075935 0.027032 0.029098
v 0.072744 0.030374 0.027032
v 0.065312 0.036265 0.022413
v 0.069171 0.036886 0.019337
v 0.072961 0.037267 0.016107
v 0.077398 0.034852 0.018080
v 0.073473 0.034410 0.021266
v 0.069052 0.033481 0.024822
v 0.064172 0.032329 0.028213
v 0.077405 0.031416 0.023546
v 0.084872 0.029236 0.022198
v 0.091876 0.026839 0.020714
v 0.091849 0.030287 0.015261
v 0.088388 0.030075 0.018587
v 0.080822 0.028213 0.025669
v 0.088059 0.025899 0.024260
v 0.084864 0.032675 0.016735
v 0.081181 0.032342 0.019988
v 0.080926 0.035115 0.014800
v 0.070532 0.025669 0.032329
v 0.064515 0.039173 0.017308
v 0.068139 0.039506 0.014016
v 0.095051 0.027623 0.017072
v 0.101127 0.025000 0.015451
vn -0.369847 -0.678225 -0.634999
vn -0.321275 -0.700116 -0.637668
vn -0.301016 -0.762734 -0.572386
vn -0.233474 -0.732188 -0.639836
vn -0.257052 -0.775947 -0.576047
vn -0.264245 -0.600415 -0.754769
vn -0.275738 -0.717940 -0.639164
vn -0.293060 -0.650968 -0.700255
vn -0.249583 -0.670024 -0.699125
vn -0.420956 -0.653431 -0.629145
vn -0.438779 -0.578061 -0.687981
vn -0.505843 -0.463244 -0.727686
vn -0.451384 -0.496507 -0.741440
vn -0.459364 -0.406291 -0.789881
vn -0.570798 -0.321502 -0.755530
vn -0.513209 -0.366308 -0.776167
vn -0.569167 -0.214563 -0.793733
vn -0.514046 -0.265685 -0.815579
vn -0.462483 -0.310534 -0.830469
vn -0.459660 -0.213506 -0.862049
vn -0.508608 -0.163223 -0.845385
vn -0.560287 -0.106200 -0.821462
vn -0.497290 -0.060156 -0.865497
vn -0.451821 -0.115129 -0.884648
vn -0.321300 -0.498718 -0.805014
vn -0.387993 -0.602439 -0.697516
vn -0.401430 -0.524266 -0.750998
vn -0.354595 -0.550473 -0.755806
vn -0.339461 -0.628415 -0.699900
vn -0.308187 -0.576531 -0.756725
vn -0.368415 -0.386689 -0.845424
vn -0.327140 -0.417750 -0.847623
vn -0.329583 -0.334887 -0.882737
vn -0.409320 -0.440799 -0.798845
vn -0.363703 -0.469983 -0.804261
vn -0.413560 -0.351174 -0.840027
vn -0.277479 -0.525785 -0.804087
vn -0.235924 -0.551136 -0.800368
vn -0.247134 -0.476042 -0.843984
vn -0.288495 -0.447816 -0.846305
vn -0.292042 -0.366920 -0.883222
vn -0.256443 -0.398110 -0.880764
vn -0.258315 -0.316975 -0.912579
vn -0.230351 -0.263820 -0.936663
vn -0.235044 -0.177584 -0.955624
vn -0.270874 -0.047175 -0.961458
vn -0.237899 -0.089317 -0.967175
vn -0.369919 -0.299430 -0.879490
vn -0.413796 -0.258441 -0.872915
vn -0.367792 -0.208490 -0.906234
vn -0.329172 -0.248412 -0.911009
vn -0.408587 -0.164357 -0.897799
vn -0.373311 -0.105894 -0.921643
vn -0.413290 -0.055714 -0.908894
vn -0.334617 -0.151972 -0.930019
vn -0.338165 -0.051243 -0.939691
vn -0.292783 -0.284300 -0.912936
vn -0.264361 -0.230368 -0.936506
vn -0.298565 -0.193257 -0.934618
vn -0.302268 -0.097991 -0.948173
vn -0.268616 -0.139901 -0.953034
vn -0.199621 -0.832371 -0.517020
vn -0.163229 -0.838136 -0.520466
vn -0.145235 -0.801450 -0.580160
vn -0.113355 -0.811566 -0.573159
vn -0.129063 -0.843512 -0.521373
vn -0.173425 -0.698870 -0.693905
vn -0.216962 -0.786432 -0.578319
vn -0.194728 -0.743405 -0.639868
vn -0.179493 -0.794386 -0.580288
vn -0.198347 -0.573925 -0.794524
vn -0.223336 -0.621010 -0.751310
vn -0.186376 -0.639145 -0.746162
vn -0.165437 -0.592192 -0.788631
vn -0.209513 -0.685873 -0.696910
vn -0.140780 -0.713351 -0.686521
vn -0.110524 -0.727453 -0.677198
vn -0.123125 -0.672231 -0.730031
vn -0.159665 -0.752977 -0.638383
vn -0.127306 -0.765234 -0.631039
vn -0.134962 -0.610837 -0.780169
vn -0.153526 -0.655830 -0.739133
vn -0.146005 -0.544633 -0.825868
vn -0.105171 -0.628239 -0.770880
vn -0.116185 -0.564141 -0.817463
vn -0.096155 -0.847761 -0.521589
vn -0.080667 -0.883308 -0.461801
vn -0.097411 -0.777107 -0.621785
vn -0.080262 -0.814857 -0.574078
vn -0.063660 -0.849971 -0.522969
vn -0.064610 -0.780296 -0.622064
vn -0.048339 -0.884747 -0.463559
vn -0.016264 -0.885657 -0.464056
vn -0.031766 -0.851253 -0.523793
vn -0.048025 -0.816981 -0.574662
vn -0.032359 -0.782092 -0.622322
vn -0.016090 -0.817828 -0.575238
vn -0.097650 -0.516799 -0.850519
vn -0.069928 -0.535957 -0.841344
vn -0.042928 -0.554565 -0.831033
vn -0.025990 -0.508529 -0.860652
vn -0.016530 -0.572258 -0.819907
vn -0.081343 -0.740301 -0.667336
vn -0.093645 -0.687243 -0.720367
vn -0.065245 -0.701229 -0.709944
vn -0.076514 -0.644396 -0.760855
vn -0.087302 -0.582699 -0.807985
vn -0.059567 -0.600289 -0.797562
vn -0.048594 -0.743196 -0.667307
vn -0.032437 -0.702843 -0.710605
vn -0.049035 -0.660194 -0.749492
vn -0.016241 -0.744093 -0.667878
vn -0.016231 -0.661259 -0.749982
vn -0.032800 -0.617153 -0.786159
vn -0.408523 -0.843978 -0.347578
vn -0.357627 -0.898239 -0.255479
vn -0.265024 -0.939786 -0.215787
vn -0.597412 -0.665159 -0.447953
vn -0.193637 -0.969464 -0.150478
vn -0.516883 -0.432378 -0.738838
vn -0.248506 -0.855373 -0.454512
vn -0.434919 -0.423681 -0.794569
vn -0.361641 -0.725887 -0.585067
vn -0.207986 -0.918793 -0.335501
vn -0.140935 -0.963577 -0.227280
vn -0.156244 -0.945608 -0.285329
vn -0.176716 -0.911643 -0.371050
vn -0.303467 -0.708953 -0.636626
vn -0.119430 -0.960667 -0.250710
vn -0.089326 -0.978448 -0.186175
vn -0.089321 -0.983451 -0.157628
vn -0.111883 -0.972498 -0.204281
vn -0.070756 -0.986741 -0.146071
vn -0.470155 -0.741891 -0.478071
vn -0.594904 -0.438539 -0.673627
vn -0.325881 -0.869357 -0.371511
vn -0.219639 -0.946168 -0.237751
vn -0.237558 -0.922681 -0.303688
vn -0.419881 -0.733400 -0.534625
vn -0.108293 -0.983574 -0.144415
vn -0.180362 -0.949090 -0.258258
vn -0.287933 -0.863889 -0.413268
vn -0.135719 -0.972964 -0.186871
vn -0.107145 -0.986732 -0.121985
vn -0.169982 -0.963332 -0.207598
vn -0.131664 -0.979034 -0.155425
vn -0.089437 -0.989296 -0.115306
vn -0.291674 -0.914491 -0.280413
vn -0.665316 -0.442253 -0.601470
vn -0.205349 -0.960197 -0.189349
vn -0.128509 -0.983268 -0.129112
vn -0.106123 -0.989084 -0.102226
vn -0.162579 -0.971976 -0.169798
vn -0.125937 -0.986302 -0.106527
vn -0.156401 -0.977951 -0.138387
vn -0.105185 -0.990816 -0.084968
vn -0.089465 -0.991143 -0.098138
vn -0.074972 -0.993997 -0.079680
vn -0.089440 -0.992548 -0.082755
vn -0.075698 -0.994877 -0.067004
vn -0.063700 -0.995839 -0.065171
vn -0.109885 -0.979133 -0.170950
vn -0.089396 -0.986824 -0.134861
vn -0.073161 -0.991314 -0.109288
vn -0.074124 -0.992822 -0.093866
vn -0.061049 -0.994078 -0.089902
vn -0.071897 -0.989344 -0.126604
vn -0.059350 -0.992826 -0.103795
vn -0.049904 -0.995000 -0.086516
vn -0.062505 -0.995071 -0.076981
vn -0.053335 -0.996541 -0.063721
vn -0.044265 -0.997061 -0.062522
vn -0.045992 -0.997529 -0.053115
vn -0.038310 -0.997880 -0.052619
vn -0.051717 -0.995867 -0.074668
vn -0.652744 -0.675064 -0.343823
vn -0.382762 -0.904351 -0.188792
vn -0.244282 -0.955391 -0.165993
vn -0.626349 -0.670608 -0.397456
vn -0.371215 -0.901384 -0.222951
vn -0.151170 -0.982144 -0.111982
vn -0.184319 -0.975674 -0.118688
vn -0.252299 -0.957058 -0.142776
vn -0.189229 -0.976804 -0.100233
vn -0.147424 -0.985008 -0.089581
vn -0.122359 -0.990031 -0.069760
vn -0.258721 -0.958665 -0.118424
vn -0.674295 -0.680748 -0.286197
vn -0.393442 -0.906481 -0.153285
vn -0.193493 -0.977713 -0.081474
vn -0.693622 -0.683975 -0.225979
vn -0.264252 -0.959911 -0.093496
vn -0.197640 -0.978263 -0.062766
vn -0.151088 -0.985717 -0.074400
vn -0.125440 -0.990466 -0.056934
vn -0.104073 -0.993032 -0.055286
vn -0.154621 -0.986196 -0.059241
vn -0.127873 -0.990833 -0.043566
vn -0.106338 -0.993371 -0.043659
vn -0.090590 -0.995344 -0.032913
vn -0.718919 -0.694236 -0.034522
vn -0.269281 -0.960602 -0.068780
vn -0.400113 -0.909056 -0.116303
vn -0.708608 -0.686256 -0.164097
vn -0.200424 -0.978754 -0.043254
vn -0.157266 -0.986601 -0.043428
vn -0.405975 -0.910399 -0.079738
vn -0.270918 -0.961647 -0.042865
vn -0.718637 -0.688046 -0.100761
vn -0.157521 -0.987163 -0.026376
vn -0.106628 -0.993808 -0.031251
vn -0.128034 -0.991337 -0.029286
vn -0.106407 -0.994148 -0.018662
vn -0.090588 -0.995651 -0.021723
vn -0.406900 -0.912521 -0.041695
vn -0.202184 -0.979098 -0.022090
vn -0.274557 -0.961457 -0.014781
vn -0.127694 -0.991705 -0.014652
vn -0.157504 -0.987479 -0.008821
vn -0.416334 -0.909212 0.000000
vn -0.202245 -0.979335 0.000000
vn -0.127630 -0.991822 0.000000
vn -0.106410 -0.994303 -0.006275
vn -0.090574 -0.995831 -0.010807
vn -0.090608 -0.995887 0.000000
vn -0.123900 -0.988468 -0.087064
vn -0.089490 -0.993606 -0.068834
vn -0.104566 -0.992086 -0.069505
vn -0.089525 -0.994411 -0.055964
vn -0.076228 -0.995558 -0.055266
vn -0.056042 -0.997434 -0.044539
vn -0.064677 -0.996424 -0.054364
vn -0.065647 -0.996847 -0.044580
vn -0.090015 -0.994962 -0.044146
vn -0.076904 -0.996039 -0.044628
vn -0.067469 -0.997071 -0.036009
vn -0.078781 -0.996268 -0.035260
vn -0.069539 -0.997188 -0.027922
vn -0.057808 -0.997656 -0.036608
vn -0.051231 -0.998233 -0.030105
vn -0.059770 -0.997787 -0.029134
vn -0.053078 -0.998320 -0.023217
vn -0.054790 -0.997053 -0.053699
vn -0.047639 -0.997872 -0.044512
vn -0.049363 -0.998093 -0.037059
vn -0.040151 -0.998203 -0.044472
vn -0.041768 -0.998425 -0.037451
vn -0.035001 -0.998673 -0.037791
vn -0.043570 -0.998572 -0.030902
vn -0.045356 -0.998674 -0.024370
vn -0.036687 -0.998828 -0.031561
vn -0.032143 -0.999137 -0.026294
vn -0.038405 -0.998940 -0.025389
vn -0.033799 -0.999219 -0.020488
vn -0.061980 -0.997992 -0.013016
vn -0.078988 -0.996563 -0.024964
vn -0.069807 -0.997388 -0.018549
vn -0.079122 -0.996753 -0.014920
vn -0.061723 -0.997857 -0.021715
vn -0.054958 -0.998355 -0.016337
vn -0.049008 -0.998731 -0.011611
vn -0.062006 -0.998066 -0.004346
vn -0.069949 -0.997507 -0.009295
vn -0.079145 -0.996851 -0.005000
vn -0.069997 -0.997547 0.000000
vn -0.055059 -0.998450 -0.008143
vn -0.049063 -0.998788 -0.003868
vn -0.055061 -0.998483 0.000000
vn -0.047128 -0.998728 -0.017937
vn -0.040123 -0.999009 -0.019278
vn -0.041884 -0.999033 -0.013338
vn -0.035448 -0.999261 -0.014845
vn -0.037134 -0.999268 -0.009222
vn -0.031168 -0.999456 -0.010816
vn -0.043675 -0.999019 -0.007370
vn -0.038829 -0.999240 -0.003517
vn -0.043716 -0.999044 0.000000
vn -0.032770 -0.999448 -0.005437
vn -0.034392 -0.999408 0.000000
vn -0.343899 -0.419424 -0.840129
vn -0.198021 -0.850987 -0.486424
vn -0.130881 -0.912632 -0.387264
vn -0.225806 -0.714448 -0.662250
vn -0.088812 -0.960156 -0.264977
vn -0.242011 -0.418473 -0.875392
vn -0.052952 -0.981360 -0.184737
vn -0.087865 -0.942142 -0.323495
vn -0.066205 -0.969509 -0.235944
vn -0.140481 -0.850556 -0.506774
vn -0.071390 -0.982647 -0.171194
vn -0.124802 -0.943405 -0.307265
vn -0.089309 -0.971126 -0.221219
vn -0.069210 -0.977299 -0.200244
vn -0.057608 -0.991232 -0.118910
vn -0.056960 -0.988827 -0.137753
vn -0.046626 -0.992445 -0.113482
vn -0.056544 -0.985564 -0.159585
vn -0.045444 -0.990437 -0.130267
vn -0.043987 -0.987746 -0.149742
vn -0.035334 -0.991708 -0.123558
vn -0.037179 -0.993422 -0.108308
vn -0.030661 -0.995353 -0.091285
vn -0.086941 -0.909533 -0.406436
vn -0.061964 -0.957405 -0.282022
vn -0.149186 -0.707563 -0.690723
vn -0.039317 -0.984330 -0.171898
vn -0.048179 -0.975407 -0.215080
vn -0.083571 -0.844281 -0.529344
vn -0.143504 -0.415348 -0.898272
vn -0.055464 -0.936784 -0.345485
vn -0.041813 -0.966303 -0.253988
vn -0.074228 -0.699414 -0.710852
vn -0.046180 -0.899286 -0.434916
vn -0.032648 -0.951698 -0.305296
vn -0.025206 -0.972667 -0.230831
vn -0.033152 -0.979663 -0.197893
vn -0.027368 -0.986642 -0.160585
vn -0.020324 -0.982830 -0.183391
vn -0.017263 -0.988376 -0.151049
vn -0.033069 -0.989436 -0.141148
vn -0.026199 -0.992726 -0.117513
vn -0.028567 -0.994216 -0.103530
vn -0.020789 -0.994863 -0.099075
vn -0.023235 -0.995875 -0.087707
vn -0.016482 -0.996296 -0.084398
vn -0.023520 -0.990756 -0.133602
vn -0.018100 -0.993532 -0.112103
vn -0.014919 -0.991809 -0.126858
vn -0.013777 -0.995388 -0.094935
vn -0.034445 -0.996880 -0.071024
vn -0.047945 -0.993937 -0.098943
vn -0.038762 -0.994707 -0.095159
vn -0.040468 -0.995687 -0.083481
vn -0.042394 -0.996453 -0.072691
vn -0.027402 -0.997253 -0.068809
vn -0.032490 -0.996219 -0.080572
vn -0.036367 -0.997439 -0.061580
vn -0.031377 -0.998140 -0.052267
vn -0.029436 -0.997724 -0.060660
vn -0.023106 -0.997992 -0.058972
vn -0.025156 -0.998340 -0.051803
vn -0.027111 -0.998644 -0.044445
vn -0.021261 -0.998796 -0.044209
vn -0.025429 -0.996657 -0.077643
vn -0.018927 -0.997008 -0.074943
vn -0.021098 -0.997559 -0.066562
vn -0.012913 -0.997292 -0.072399
vn -0.015253 -0.997803 -0.064471
vn -0.011499 -0.998308 -0.057006
vn -0.019394 -0.998534 -0.050525
vn -0.017403 -0.998209 -0.057234
vn -0.015705 -0.998908 -0.043991
vn -0.013682 -0.998636 -0.050383
vn -0.010366 -0.998978 -0.043992
vn -0.011500 -0.977249 -0.211785
vn -0.019820 -0.926809 -0.375010
vn -0.029761 -0.822685 -0.567717
vn -0.047728 -0.396548 -0.916772
vn -0.014698 -0.961822 -0.273279
vn -0.009559 -0.985149 -0.171436
vn -0.008193 -0.989722 -0.142767
vn 0.000000 -0.980511 -0.196466
vn 0.000000 -0.944296 -0.329096
vn 0.000000 -0.879648 -0.475625
vn 0.000000 -0.650663 -0.759367
vn 0.000000 -0.968847 -0.247659
vn 0.000000 -0.986919 -0.161220
vn 0.000000 -0.990800 -0.135334
vn -0.010306 -0.996648 -0.081162
vn -0.003406 -0.996703 -0.081064
vn -0.010746 -0.994197 -0.107033
vn -0.007109 -0.992661 -0.120725
vn -0.004010 -0.994740 -0.102356
vn -0.007374 -0.995820 -0.091041
vn 0.003406 -0.996703 -0.081064
vn 0.000000 -0.993351 -0.115126
vn 0.004010 -0.994740 -0.102356
vn 0.000000 -0.995855 -0.090960
vn 0.011500 -0.977249 -0.211785
vn 0.019820 -0.926809 -0.375010
vn 0.029761 -0.822685 -0.567717
vn 0.047728 -0.396548 -0.916772
vn 0.014698 -0.961822 -0.273279
vn 0.074228 -0.699414 -0.710852
vn 0.046180 -0.899286 -0.434916
vn 0.032648 -0.951698 -0.305296
vn 0.025206 -0.972667 -0.230831
vn 0.009559 -0.985149 -0.171436
vn 0.008193 -0.989722 -0.142767
vn 0.020324 -0.982830 -0.183391
vn 0.017263 -0.988376 -0.151049
vn 0.083571 -0.844281 -0.529344
vn 0.143504 -0.415348 -0.898272
vn 0.055464 -0.936784 -0.345485
vn 0.041813 -0.966303 -0.253988
vn 0.033152 -0.979663 -0.197893
vn 0.027368 -0.986642 -0.160585
vn 0.010306 -0.996648 -0.081162
vn 0.007109 -0.992661 -0.120725
vn 0.014919 -0.991809 -0.126858
vn 0.010746 -0.994197 -0.107033
vn 0.007374 -0.995820 -0.091041
vn 0.016482 -0.996296 -0.084398
vn 0.018100 -0.993532 -0.112103
vn 0.023520 -0.990756 -0.133602
vn 0.013777 -0.995388 -0.094935
vn 0.020789 -0.994863 -0.099075
vn -0.006399 -0.997364 -0.072277
vn -0.009080 -0.997896 -0.064200
vn -0.003031 -0.997933 -0.064185
vn -0.005748 -0.998363 -0.056900
vn 0.000000 -0.997385 -0.072278
vn 0.000000 -0.998382 -0.056870
vn 0.003031 -0.997933 -0.064185
vn -0.008165 -0.998701 -0.050304
vn -0.002735 -0.998730 -0.050300
vn -0.005157 -0.999019 -0.043993
vn 0.002735 -0.998730 -0.050300
vn 0.000000 -0.999032 -0.043992
vn 0.006399 -0.997364 -0.072277
vn 0.005748 -0.998363 -0.056900
vn 0.009080 -0.997896 -0.064200
vn 0.012913 -0.997292 -0.072399
vn 0.011499 -0.998308 -0.057006
vn 0.015253 -0.997803 -0.064471
vn 0.008165 -0.998701 -0.050304
vn 0.005157 -0.999019 -0.043993
vn 0.013682 -0.998636 -0.050383
vn 0.010366 -0.998978 -0.043992
vn -0.033367 -0.998454 -0.044458
vn -0.028800 -0.998861 -0.038036
vn -0.030471 -0.999020 -0.032092
vn -0.023013 -0.999005 -0.038213
vn -0.024717 -0.999166 -0.032490
vn -0.019684 -0.999303 -0.031732
vn -0.026367 -0.999289 -0.026948
vn -0.027983 -0.999377 -0.021516
vn -0.021372 -0.999425 -0.026336
vn -0.023000 -0.999514 -0.021026
vn -0.018298 -0.999621 -0.020576
vn -0.017775 -0.999141 -0.037443
vn -0.014764 -0.999406 -0.031151
vn -0.012688 -0.999219 -0.037414
vn -0.009903 -0.999464 -0.031187
vn -0.016635 -0.999530 -0.025750
vn -0.013818 -0.999702 -0.020148
vn -0.011983 -0.999607 -0.025342
vn -0.009375 -0.999758 -0.019896
vn -0.029575 -0.999432 -0.016161
vn -0.024634 -0.999573 -0.015713
vn -0.026209 -0.999601 -0.010503
vn -0.019931 -0.999683 -0.015381
vn -0.021536 -0.999716 -0.010224
vn -0.027748 -0.999601 -0.005285
vn -0.029330 -0.999570 0.000000
vn -0.024579 -0.999698 0.000000
vn -0.023051 -0.999721 -0.005129
vn -0.018600 -0.999814 -0.005023
vn -0.020106 -0.999798 0.000000
vn -0.015421 -0.999767 -0.015078
vn -0.017023 -0.999805 -0.010022
vn -0.012711 -0.999871 -0.009853
vn -0.011138 -0.999829 -0.014787
vn -0.008611 -0.999916 -0.009724
vn -0.014275 -0.999886 -0.004946
vn -0.015855 -0.999874 0.000000
vn -0.010175 -0.999936 -0.004863
vn -0.011755 -0.999931 0.000000
vn -0.007783 -0.999970 0.000000
vn -0.007589 -0.999268 -0.037495
vn -0.002553 -0.999293 -0.037505
vn -0.004974 -0.999498 -0.031282
vn 0.002553 -0.999293 -0.037505
vn 0.000000 -0.999510 -0.031309
vn -0.007264 -0.999651 -0.025393
vn -0.002430 -0.999674 -0.025408
vn -0.004729 -0.999792 -0.019840
vn 0.002430 -0.999674 -0.025408
vn 0.000000 -0.999803 -0.019840
vn 0.007589 -0.999268 -0.037495
vn 0.004974 -0.999498 -0.031282
vn 0.012688 -0.999219 -0.037414
vn 0.009903 -0.999464 -0.031187
vn 0.007264 -0.999651 -0.025393
vn 0.004729 -0.999792 -0.019840
vn 0.011983 -0.999607 -0.025342
vn 0.009375 -0.999758 -0.019896
vn -0.006899 -0.999868 -0.014722
vn -0.002336 -0.999890 -0.014640
vn -0.004511 -0.999942 -0.009744
vn 0.002336 -0.999890 -0.014640
vn 0.000000 -0.999953 -0.009656
vn -0.006203 -0.999969 -0.004818
vn -0.002181 -0.999986 -0.004890
vn -0.003886 -0.999992 0.000000
vn 0.002181 -0.999986 -0.004890
vn 0.000000 -1.000000 0.000000
vn 0.006899 -0.999868 -0.014722
vn 0.004511 -0.999942 -0.009744
vn 0.011138 -0.999829 -0.014787
vn 0.008611 -0.999916 -0.009725
vn 0.012711 -0.999871 -0.009853
vn 0.006203 -0.999969 -0.004818
vn 0.003886 -0.999992 0.000000
vn 0.010175 -0.999936 -0.004863
vn 0.007783 -0.999970 0.000000
vn 0.011755 -0.999931 0.000000
vn -0.163950 -0.401543 -0.901046
vn -0.193975 -0.375986 -0.906095
vn -0.195242 -0.298741 -0.934149
vn -0.165260 -0.328915 -0.929787
vn -0.155717 -0.474514 -0.866365
vn -0.135011 -0.425364 -0.894895
vn -0.126518 -0.496221 -0.858929
vn -0.106822 -0.447972 -0.887643
vn -0.136384 -0.355187 -0.924793
vn -0.136870 -0.283714 -0.949090
vn -0.108150 -0.379682 -0.918774
vn -0.108769 -0.310493 -0.944332
vn -0.209229 -0.503446 -0.838311
vn -0.218814 -0.428059 -0.876861
vn -0.176343 -0.524199 -0.833138
vn -0.185894 -0.451749 -0.872563
vn -0.225404 -0.347782 -0.910077
vn -0.200282 -0.217878 -0.955205
vn -0.165649 -0.253129 -0.953145
vn -0.169547 -0.172722 -0.970268
vn -0.718919 -0.694236 0.034522
vn -0.274557 -0.961457 0.014781
vn -0.406900 -0.912521 0.041695
vn -0.202184 -0.979098 0.022090
vn -0.157504 -0.987479 0.008821
vn -0.127694 -0.991705 0.014652
vn -0.270918 -0.961647 0.042865
vn -0.718638 -0.688046 0.100761
vn -0.405975 -0.910399 0.079738
vn -0.200424 -0.978754 0.043254
vn -0.157520 -0.987163 0.026376
vn -0.106410 -0.994303 0.006275
vn -0.090574 -0.995831 0.010807
vn -0.106407 -0.994148 0.018662
vn -0.128034 -0.991337 0.029286
vn -0.090588 -0.995651 0.021723
vn -0.708609 -0.686254 0.164098
vn -0.269282 -0.960602 0.068780
vn -0.400113 -0.909056 0.116303
vn -0.157266 -0.986601 0.043428
vn -0.693622 -0.683975 0.225979
vn -0.197640 -0.978263 0.062766
vn -0.264252 -0.959911 0.093496
vn -0.393443 -0.906480 0.153285
vn -0.106628 -0.993808 0.031251
vn -0.127873 -0.990833 0.043566
vn -0.154621 -0.986196 0.059241
vn -0.090590 -0.995344 0.032913
vn -0.106338 -0.993371 0.043659
vn -0.203827 -0.132354 -0.970019
vn -0.205586 -0.044721 -0.977617
vn -0.172115 -0.087722 -0.981163
vn -0.674294 -0.680749 0.286197
vn -0.193493 -0.977713 0.081474
vn -0.258720 -0.958666 0.118424
vn -0.382761 -0.904352 0.188791
vn -0.652746 -0.675061 0.343824
vn -0.502172 -0.675139 -0.540381
vn -0.601458 -0.560686 -0.569104
vn -0.774770 -0.411152 -0.480297
vn -0.125440 -0.990466 0.056934
vn -0.151088 -0.985717 0.074400
vn -0.104073 -0.993032 0.055286
vn -0.189230 -0.976804 0.100233
vn -0.252299 -0.957058 0.142776
vn -0.345984 -0.720472 -0.601012
vn -0.281883 -0.736907 -0.614419
vn -0.304874 -0.725996 -0.616426
vn -0.264737 -0.732801 -0.626831
vn -0.391091 -0.696978 -0.601057
vn -0.464225 -0.681989 -0.565143
vn -0.245737 -0.730680 -0.636961
vn -0.122359 -0.990031 0.069760
vn -0.218452 -0.730335 -0.647217
vn -0.210162 -0.732751 -0.647231
vn -0.230261 -0.732164 -0.641027
vn -0.200970 -0.734376 -0.648308
vn -0.192488 -0.732816 -0.652632
vn -0.136820 -0.208669 -0.968368
vn -0.108793 -0.239591 -0.964759
vn -0.108743 -0.165013 -0.980278
vn -0.062006 -0.998066 0.004346
vn -0.061980 -0.997992 0.013016
vn -0.079145 -0.996851 0.005000
vn -0.069949 -0.997507 0.009295
vn -0.079122 -0.996753 0.014920
vn -0.069807 -0.997388 0.018549
vn -0.055059 -0.998450 0.008143
vn -0.049063 -0.998788 0.003868
vn -0.054958 -0.998355 0.016337
vn -0.049008 -0.998731 0.011611
vn -0.078988 -0.996563 0.024964
vn -0.078781 -0.996268 0.035260
vn -0.069539 -0.997188 0.027922
vn -0.061723 -0.997857 0.021715
vn -0.053078 -0.998320 0.023217
vn -0.059770 -0.997787 0.029134
vn -0.043675 -0.999019 0.007370
vn -0.038829 -0.999240 0.003517
vn -0.041884 -0.999033 0.013338
vn -0.032770 -0.999448 0.005437
vn -0.037134 -0.999268 0.009222
vn -0.031168 -0.999456 0.010816
vn -0.047128 -0.998728 0.017937
vn -0.040123 -0.999009 0.019278
vn -0.045356 -0.998674 0.024370
vn -0.035448 -0.999261 0.014845
vn -0.038405 -0.998940 0.025389
vn -0.033799 -0.999219 0.020488
vn -0.139842 -0.128329 -0.981823
vn -0.090015 -0.994962 0.044146
vn -0.067469 -0.997071 0.036009
vn -0.076904 -0.996039 0.044628
vn -0.187002 -0.732248 -0.654861
vn -0.183315 -0.733158 -0.654886
vn -0.089525 -0.994411 0.055963
vn -0.171147 -0.732564 -0.658831
vn -0.176601 -0.734103 -0.655672
vn -0.170188 -0.732731 -0.658894
vn -0.163256 -0.716729 -0.677973
vn -0.051231 -0.998233 0.030105
vn -0.057808 -0.997656 0.036608
vn -0.140733 -0.043182 -0.989105
vn -0.123190 -0.731689 -0.670415
vn -0.133803 -0.716630 -0.684499
vn -0.146319 -0.717956 -0.680536
vn -0.155490 -0.714816 -0.681807
vn -0.158753 -0.715788 -0.680033
vn -0.138290 -0.715888 -0.684383
vn -0.110160 -0.084060 -0.990353
vn -0.121386 -0.730498 -0.672040
vn -0.119012 -0.729627 -0.673410
vn -0.117297 -0.729973 -0.673336
vn -0.043570 -0.998572 0.030902
vn -0.113782 -0.730447 -0.673425
vn -0.102265 -0.731419 -0.674217
vn -0.109994 -0.728975 -0.675645
vn -0.111869 -0.729725 -0.674527
vn -0.032143 -0.999137 0.026294
vn -0.095175 -0.729353 -0.677485
vn -0.079463 -0.469140 -0.879542
vn -0.080009 -0.403511 -0.911470
vn -0.052542 -0.489292 -0.870536
vn -0.053116 -0.425477 -0.903409
vn -0.080856 -0.336064 -0.938362
vn -0.081153 -0.266159 -0.960507
vn -0.053160 -0.360335 -0.931307
vn -0.053606 -0.292094 -0.954886
vn -0.026424 -0.446054 -0.894616
vn -0.026494 -0.382558 -0.923551
vn -0.026545 -0.316732 -0.948144
vn -0.080808 -0.195528 -0.977363
vn -0.053626 -0.222349 -0.973491
vn -0.053732 -0.152693 -0.986812
vn -0.027748 -0.999601 0.005285
vn -0.026209 -0.999601 0.010503
vn -0.023051 -0.999721 0.005129
vn -0.018600 -0.999814 0.005023
vn -0.021536 -0.999716 0.010224
vn -0.029575 -0.999432 0.016161
vn -0.024634 -0.999573 0.015713
vn -0.027983 -0.999377 0.021516
vn -0.019931 -0.999683 0.015381
vn -0.023000 -0.999514 0.021026
vn -0.018298 -0.999621 0.020576
vn -0.014275 -0.999886 0.004946
vn -0.017023 -0.999805 0.010022
vn -0.012711 -0.999871 0.009853
vn -0.010175 -0.999936 0.004863
vn -0.008611 -0.999916 0.009724
vn -0.015421 -0.999767 0.015078
vn -0.013818 -0.999702 0.020148
vn -0.011138 -0.999829 0.014787
vn -0.009375 -0.999758 0.019896
vn -0.081140 -0.122181 -0.989186
vn -0.092230 -0.729741 -0.677474
vn -0.091006 -0.729946 -0.677419
vn -0.026367 -0.999289 0.026948
vn -0.088273 -0.730269 -0.677433
vn -0.087155 -0.729113 -0.678821
vn -0.078817 -0.743480 -0.664097
vn -0.076757 -0.742807 -0.665091
vn -0.069998 -0.744825 -0.663578
vn -0.063510 -0.742787 -0.666509
vn -0.062280 -0.743380 -0.665963
vn -0.053938 -0.080133 -0.995324
vn -0.055675 -0.728689 -0.682578
vn -0.054658 -0.728795 -0.682547
vn -0.052536 -0.728688 -0.682828
vn -0.051506 -0.728773 -0.682815
vn -0.044459 -0.731314 -0.680591
vn -0.037273 -0.728781 -0.683731
vn -0.026769 -0.248455 -0.968273
vn -0.026742 -0.179790 -0.983341
vn -0.006203 -0.999969 0.004818
vn -0.002181 -0.999986 0.004890
vn -0.004511 -0.999942 0.009744
vn 0.002181 -0.999986 0.004890
vn 0.000000 -0.999953 0.009656
vn -0.006899 -0.999868 0.014722
vn -0.002336 -0.999890 0.014640
vn -0.004729 -0.999792 0.019840
vn 0.002336 -0.999890 0.014640
vn -0.032958 -0.728906 -0.683820
vn -0.000000 -0.999803 0.019840
vn -0.025732 -0.741415 -0.670554
vn -0.024127 -0.740720 -0.671380
vn -0.016712 -0.742928 -0.669163
vn 0.006203 -0.999969 0.004818
vn 0.004511 -0.999942 0.009744
vn 0.010175 -0.999936 0.004863
vn 0.008611 -0.999916 0.009724
vn 0.012711 -0.999871 0.009853
vn 0.006899 -0.999868 0.014722
vn -0.009474 -0.740721 -0.671746
vn 0.004729 -0.999792 0.019840
vn -0.008005 -0.741431 -0.670981
vn -0.002426 -0.726632 -0.687022
vn 0.011138 -0.999829 0.014787
vn -0.001455 -0.726620 -0.687038
vn 0.009375 -0.999758 0.019896
vn 0.000763 -0.726679 -0.686976
vn 0.001783 -0.726635 -0.687022
vn -0.026785 -0.110741 -0.993488
vn -0.036306 -0.728822 -0.683740
vn -0.033943 -0.728876 -0.683804
vn -0.454053 -0.799183 -0.393880
vn -0.425541 -0.768226 -0.478272
vn -0.510833 -0.781169 -0.358922
vn -0.530541 -0.811205 -0.245912
vn -0.473499 -0.831572 -0.290320
vn -0.423262 -0.844043 -0.329304
vn -0.487508 -0.854710 -0.178344
vn -0.437847 -0.870251 -0.225727
vn -0.494740 -0.866929 -0.060546
vn -0.494740 -0.866929 0.060546
vn -0.543067 -0.830319 -0.125093
vn -0.547432 -0.836850 -0.000000
vn -0.543067 -0.830319 0.125093
vn -0.450332 -0.892861 0.000000
vn -0.447238 -0.886954 -0.115286
vn -0.447238 -0.886954 0.115286
vn -0.530541 -0.811205 0.245912
vn -0.510833 -0.781169 0.358922
vn -0.487508 -0.854710 0.178344
vn -0.437847 -0.870251 0.225727
vn -0.473499 -0.831572 0.290320
vn -0.423262 -0.844043 0.329304
vn -0.454053 -0.799183 0.393880
vn -0.252177 -0.911925 -0.323728
vn -0.234902 -0.889308 -0.392368
vn -0.268616 -0.930074 -0.250617
vn -0.284242 -0.942486 -0.175862
vn -0.227667 -0.936099 -0.268115
vn -0.256296 -0.958652 -0.123686
vn -0.242432 -0.949912 -0.197217
vn -0.269499 -0.961861 -0.046843
vn -0.269499 -0.961861 0.046843
vn -0.299112 -0.949237 -0.097367
vn -0.300349 -0.953829 0.000000
vn -0.299112 -0.949237 0.097367
vn -0.228868 -0.970622 -0.074240
vn -0.241251 -0.970463 0.000000
vn -0.228868 -0.970622 0.074240
vn -0.284242 -0.942486 0.175862
vn -0.268616 -0.930074 0.250617
vn -0.256296 -0.958652 0.123686
vn -0.242432 -0.949912 0.197217
vn -0.227667 -0.936099 0.268115
vn -0.321919 -0.872609 -0.367317
vn -0.324165 -0.803363 -0.499524
vn -0.347576 -0.834634 -0.427291
vn -0.360514 -0.909420 -0.207329
vn -0.391866 -0.880412 -0.267051
vn -0.370373 -0.860221 -0.350490
vn -0.402318 -0.900690 -0.164005
vn -0.341681 -0.893867 -0.290270
vn -0.312654 -0.921362 -0.230955
vn -0.329491 -0.932022 -0.150899
vn -0.372520 -0.787970 -0.490237
vn -0.398256 -0.819237 -0.412606
vn -0.398611 -0.725916 -0.560496
vn -0.347805 -0.746600 -0.567116
vn -0.300977 -0.846737 -0.438691
vn -0.279524 -0.815425 -0.506901
vn -0.276776 -0.882108 -0.381158
vn -0.257454 -0.856061 -0.448194
vn -0.238163 -0.824968 -0.512549
vn -0.295367 -0.904314 -0.308180
vn -0.366793 -0.924340 -0.105161
vn -0.368846 -0.929491 0.000000
vn -0.366793 -0.924340 0.105161
vn -0.407268 -0.911629 -0.055367
vn -0.407268 -0.911629 0.055367
vn -0.332791 -0.941625 -0.050910
vn -0.332791 -0.941625 0.050910
vn -0.360514 -0.909420 0.207329
vn -0.402318 -0.900690 0.164005
vn -0.391866 -0.880412 0.267051
vn -0.370373 -0.860221 0.350490
vn -0.329491 -0.932022 0.150899
vn -0.341681 -0.893867 0.290270
vn -0.312654 -0.921362 0.230955
vn -0.295367 -0.904314 0.308180
vn -0.425541 -0.768226 0.478272
vn -0.252177 -0.911925 0.323728
vn -0.234902 -0.889308 0.392368
vn -0.321919 -0.872609 0.367317
vn -0.347576 -0.834634 0.427291
vn -0.324165 -0.803363 0.499524
vn -0.398256 -0.819237 0.412606
vn -0.372520 -0.787970 0.490237
vn -0.398611 -0.725916 0.560496
vn -0.347805 -0.746600 0.567116
vn -0.369847 -0.678225 0.634999
vn -0.321275 -0.700116 0.637668
vn -0.300977 -0.846737 0.438691
vn -0.276776 -0.882108 0.381158
vn -0.279524 -0.815425 0.506901
vn -0.257454 -0.856061 0.448194
vn -0.238163 -0.824968 0.512549
vn -0.301016 -0.762734 0.572386
vn -0.257052 -0.775947 0.576047
vn -0.233474 -0.732188 0.639836
vn -0.275738 -0.717940 0.639164
vn -0.293060 -0.650968 0.700255
vn -0.249583 -0.670024 0.699125
vn -0.264245 -0.600415 0.754769
vn -0.596014 -0.777055 -0.202368
vn -0.618807 -0.670286 -0.409626
vn -0.649470 -0.703926 -0.287536
vn -0.602530 -0.552297 -0.576129
vn -0.651508 -0.583655 -0.484650
vn -0.621020 -0.454149 -0.638814
vn -0.677143 -0.484384 -0.553940
vn -0.778069 -0.536960 -0.326009
vn -0.696292 -0.612857 -0.373610
vn -0.728785 -0.642646 -0.236388
vn -0.730972 -0.511748 -0.451435
vn -0.547559 -0.713648 -0.436905
vn -0.510294 -0.679997 -0.526501
vn -0.533794 -0.604638 -0.591165
vn -0.577677 -0.638212 -0.508896
vn -0.452504 -0.702191 -0.549699
vn -0.483502 -0.744743 -0.459983
vn -0.475572 -0.630497 -0.613437
vn -0.575837 -0.749374 -0.326880
vn -0.552449 -0.518905 -0.652333
vn -0.493162 -0.551488 -0.672794
vn -0.565112 -0.423784 -0.707853
vn -0.607034 -0.791661 -0.069153
vn -0.607034 -0.791661 0.069153
vn -0.669511 -0.727761 -0.148725
vn -0.677038 -0.735948 0.000000
vn -0.669511 -0.727761 0.148725
vn -0.596014 -0.777055 0.202368
vn -0.649470 -0.703926 0.287536
vn -0.618807 -0.670286 0.409626
vn -0.747733 -0.659029 -0.081096
vn -0.747733 -0.659029 0.081096
vn -0.811659 -0.558554 -0.170956
vn -0.823845 -0.566815 -0.000000
vn -0.811659 -0.558554 0.170956
vn -0.778069 -0.536960 0.326009
vn -0.728785 -0.642646 0.236388
vn -0.696292 -0.612857 0.373610
vn -0.651508 -0.583655 0.484650
vn -0.730972 -0.511748 0.451435
vn -0.575837 -0.749374 0.326880
vn -0.547559 -0.713648 0.436905
vn -0.767259 -0.266917 -0.583154
vn -0.630848 -0.344764 -0.695103
vn -0.693581 -0.370728 -0.617662
vn -0.631570 -0.230524 -0.740255
vn -0.697970 -0.247899 -0.671851
vn -0.756280 -0.396064 -0.520743
vn -0.813630 -0.417563 -0.404533
vn -0.859229 -0.438014 -0.264328
vn -0.833743 -0.284958 -0.472939
vn -0.890427 -0.300268 -0.342021
vn -0.762364 -0.132776 -0.633381
vn -0.691164 -0.122967 -0.712160
vn -0.623300 -0.114328 -0.773580
vn -0.900066 -0.151683 -0.408502
vn -0.834701 -0.143100 -0.531786
vn -0.951605 -0.158820 -0.263104
vn -0.888008 -0.450456 -0.092362
vn -0.888008 -0.450456 0.092362
vn -0.930958 -0.313666 -0.186900
vn -0.948419 -0.317020 -0.000000
vn -0.930958 -0.313666 0.186900
vn -0.859229 -0.438014 0.264328
vn -0.813630 -0.417563 0.404533
vn -0.756280 -0.396064 0.520743
vn -0.890427 -0.300268 0.342021
vn -0.833743 -0.284958 0.472939
vn -0.981603 -0.165617 -0.095006
vn -0.981603 -0.165617 0.095006
vn -0.951605 -0.158820 0.263104
vn -0.900066 -0.151683 0.408502
vn -0.834701 -0.143100 0.531786
vn -0.602530 -0.552297 0.576129
vn -0.677143 -0.484384 0.553940
vn -0.621020 -0.454149 0.638814
vn -0.510294 -0.679997 0.526501
vn -0.577677 -0.638212 0.508896
vn -0.533794 -0.604638 0.591165
vn -0.483502 -0.744743 0.459983
vn -0.452504 -0.702191 0.549699
vn -0.420956 -0.653431 0.629145
vn -0.475572 -0.630497 0.613437
vn -0.438779 -0.578061 0.687981
vn -0.552449 -0.518905 0.652333
vn -0.493162 -0.551488 0.672794
vn -0.565112 -0.423784 0.707853
vn -0.505843 -0.463244 0.727686
vn -0.451384 -0.496507 0.741440
vn -0.459364 -0.406291 0.789881
vn -0.767259 -0.266917 0.583154
vn -0.693581 -0.370728 0.617662
vn -0.630848 -0.344764 0.695103
vn -0.697970 -0.247899 0.671851
vn -0.631570 -0.230524 0.740255
vn -0.762364 -0.132776 0.633381
vn -0.691164 -0.122967 0.712160
vn -0.623300 -0.114328 0.773580
vn -0.570798 -0.321502 0.755530
vn -0.513209 -0.366308 0.776167
vn -0.569167 -0.214563 0.793733
vn -0.514046 -0.265685 0.815579
vn -0.462483 -0.310534 0.830469
vn -0.459660 -0.213506 0.862049
vn -0.560287 -0.106200 0.821462
vn -0.508608 -0.163223 0.845385
vn -0.497290 -0.060156 0.865497
vn -0.451821 -0.115129 0.884648
vn -0.387993 -0.602439 0.697516
vn -0.401430 -0.524266 0.750998
vn -0.354595 -0.550473 0.755806
vn -0.339461 -0.628415 0.699900
vn -0.308187 -0.576531 0.756725
vn -0.409320 -0.440799 0.798845
vn -0.363703 -0.469983 0.804261
vn -0.413560 -0.351174 0.840027
vn -0.321300 -0.498718 0.805014
vn -0.368415 -0.386689 0.845424
vn -0.327140 -0.417750 0.847623
vn -0.329583 -0.334887 0.882737
vn -0.277479 -0.525785 0.804087
vn -0.235924 -0.551136 0.800368
vn -0.247134 -0.476042 0.843984
vn -0.288495 -0.447816 0.846305
vn -0.292042 -0.366920 0.883222
vn -0.256443 -0.398110 0.880764
vn -0.258315 -0.316975 0.912579
vn -0.413796 -0.258441 0.872915
vn -0.369919 -0.299430 0.879490
vn -0.367792 -0.208490 0.906234
vn -0.329172 -0.248412 0.911009
vn -0.408587 -0.164357 0.897799
vn -0.373311 -0.105894 0.921643
vn -0.413290 -0.055714 0.908894
vn -0.334617 -0.151972 0.930019
vn -0.338165 -0.051243 0.939691
vn -0.292783 -0.284300 0.912936
vn -0.264361 -0.230368 0.936506
vn -0.298565 -0.193257 0.934618
vn -0.230351 -0.263820 0.936663
vn -0.235044 -0.177584 0.955624
vn -0.302268 -0.097991 0.948173
vn -0.268616 -0.139901 0.953034
vn -0.270874 -0.047175 0.961458
vn -0.237899 -0.089317 0.967175
vn -0.170626 -0.962366 -0.211517
vn -0.183512 -0.972583 -0.142848
vn -0.196244 -0.894638 -0.401386
vn -0.212262 -0.917212 -0.337146
vn -0.217485 -0.862997 -0.455999
vn -0.159831 -0.898681 -0.408445
vn -0.174791 -0.921299 -0.347356
vn -0.180079 -0.868483 -0.461854
vn -0.203210 -0.954977 -0.216158
vn -0.216454 -0.965254 -0.146398
vn -0.189269 -0.940211 -0.283162
vn -0.142876 -0.928786 -0.341969
vn -0.111942 -0.934983 -0.336564
vn -0.156929 -0.947521 -0.278528
vn -0.138888 -0.968187 -0.208144
vn -0.151682 -0.978465 -0.139998
vn -0.107970 -0.972791 -0.204987
vn -0.120454 -0.983121 -0.137713
vn -0.125574 -0.953412 -0.274293
vn -0.144518 -0.872668 -0.466438
vn -0.128437 -0.906524 -0.402141
vn -0.112528 -0.880270 -0.460935
vn -0.195392 -0.978052 -0.072357
vn -0.207572 -0.978220 0.000000
vn -0.195392 -0.978052 0.072357
vn -0.163301 -0.984046 -0.070606
vn -0.175156 -0.984541 0.000000
vn -0.163301 -0.984046 0.070606
vn -0.183512 -0.972583 0.142848
vn -0.170626 -0.962366 0.211517
vn -0.216454 -0.965254 0.146398
vn -0.203210 -0.954977 0.216158
vn -0.189269 -0.940211 0.283162
vn -0.132408 -0.988748 -0.069615
vn -0.144100 -0.989563 0.000000
vn -0.132408 -0.988748 0.069615
vn -0.114151 -0.993463 0.000000
vn -0.151682 -0.978465 0.139998
vn -0.156929 -0.947521 0.278528
vn -0.138888 -0.968187 0.208144
vn -0.120454 -0.983121 0.137713
vn -0.107970 -0.972791 0.204987
vn -0.125574 -0.953412 0.274293
vn -0.096862 -0.912464 -0.397526
vn -0.080926 -0.939441 -0.333018
vn -0.065208 -0.914787 -0.398637
vn -0.078288 -0.976284 -0.201841
vn -0.090272 -0.986597 -0.135934
vn -0.095251 -0.958152 -0.269948
vn -0.064819 -0.961335 -0.267645
vn -0.061295 -0.989022 -0.134455
vn -0.032758 -0.915828 -0.400232
vn -0.049169 -0.941316 -0.333925
vn -0.016472 -0.942244 -0.334522
vn -0.048558 -0.978250 -0.201666
vn -0.032838 -0.963170 -0.266880
vn -0.032157 -0.990286 -0.135276
vn -0.016458 -0.979582 -0.200372
vn -0.101966 -0.992414 -0.068684
vn -0.084910 -0.996389 0.000000
vn -0.101966 -0.992414 0.068684
vn -0.072869 -0.995042 -0.067681
vn -0.056496 -0.998403 -0.000000
vn -0.072869 -0.995042 0.067681
vn -0.090272 -0.986597 0.135934
vn -0.078288 -0.976284 0.201841
vn -0.095251 -0.958152 0.269948
vn -0.061295 -0.989022 0.134455
vn -0.064819 -0.961335 0.267645
vn -0.044502 -0.996750 -0.067150
vn -0.028473 -0.999595 -0.000000
vn -0.044502 -0.996750 0.067150
vn -0.015682 -0.997520 -0.068619
vn -0.015682 -0.997520 0.068619
vn -0.032157 -0.990286 0.135276
vn -0.048558 -0.978250 0.201666
vn -0.032838 -0.963170 0.266880
vn -0.016458 -0.979582 0.200372
vn -0.212262 -0.917212 0.337146
vn -0.196244 -0.894638 0.401386
vn -0.217485 -0.862997 0.455999
vn -0.174791 -0.921299 0.347356
vn -0.159831 -0.898681 0.408445
vn -0.180079 -0.868483 0.461854
vn -0.199621 -0.832371 0.517020
vn -0.163229 -0.838136 0.520466
vn -0.142876 -0.928786 0.341969
vn -0.111942 -0.934983 0.336564
vn -0.144518 -0.872668 0.466438
vn -0.128437 -0.906524 0.402141
vn -0.112528 -0.880270 0.460935
vn -0.145235 -0.801450 0.580160
vn -0.129063 -0.843512 0.521373
vn -0.113355 -0.811566 0.573159
vn -0.216962 -0.786432 0.578319
vn -0.194728 -0.743405 0.639868
vn -0.179493 -0.794386 0.580288
vn -0.209513 -0.685873 0.696910
vn -0.159665 -0.752977 0.638383
vn -0.127306 -0.765234 0.631039
vn -0.173425 -0.698870 0.693905
vn -0.223336 -0.621010 0.751310
vn -0.198347 -0.573925 0.794524
vn -0.186376 -0.639145 0.746162
vn -0.165437 -0.592192 0.788631
vn -0.140780 -0.713351 0.686521
vn -0.110524 -0.727453 0.677198
vn -0.123125 -0.672231 0.730031
vn -0.153526 -0.655830 0.739133
vn -0.134962 -0.610837 0.780169
vn -0.146005 -0.544633 0.825868
vn -0.105171 -0.628239 0.770880
vn -0.116185 -0.564141 0.817463
vn -0.080926 -0.939441 0.333018
vn -0.096862 -0.912464 0.397526
vn -0.065208 -0.914787 0.398637
vn -0.080667 -0.883308 0.461801
vn -0.096155 -0.847761 0.521589
vn -0.097411 -0.777107 0.621785
vn -0.080262 -0.814857 0.574078
vn -0.063660 -0.849971 0.522969
vn -0.064610 -0.780296 0.622064
vn -0.049169 -0.941316 0.333925
vn -0.032758 -0.915828 0.400232
vn -0.016472 -0.942244 0.334522
vn -0.048339 -0.884747 0.463559
vn -0.016264 -0.885657 0.464056
vn -0.031766 -0.851253 0.523793
vn -0.048025 -0.816981 0.574662
vn -0.032359 -0.782092 0.622322
vn -0.016090 -0.817828 0.575238
vn -0.081343 -0.740301 0.667336
vn -0.093645 -0.687243 0.720367
vn -0.065245 -0.701229 0.709944
vn -0.076514 -0.644396 0.760855
vn -0.087302 -0.582699 0.807985
vn -0.059567 -0.600289 0.797562
vn -0.097650 -0.516799 0.850519
vn -0.069928 -0.535957 0.841344
vn -0.048594 -0.743196 0.667307
vn -0.032437 -0.702843 0.710605
vn -0.049035 -0.660194 0.749492
vn -0.016241 -0.744093 0.667878
vn -0.016231 -0.661259 0.749982
vn -0.032800 -0.617153 0.786159
vn -0.042928 -0.554565 0.831033
vn -0.025990 -0.508529 0.860652
vn -0.016530 -0.572258 0.819907
vn -0.209229 -0.503446 0.838311
vn -0.218814 -0.428059 0.876861
vn -0.176343 -0.524199 0.833138
vn -0.185894 -0.451749 0.872563
vn -0.163950 -0.401543 0.901046
vn -0.225404 -0.347782 0.910077
vn -0.193975 -0.375986 0.906095
vn -0.195242 -0.298741 0.934149
vn -0.165260 -0.328915 0.929787
vn -0.155717 -0.474514 0.866365
vn -0.135011 -0.425364 0.894895
vn -0.126518 -0.496221 0.858929
vn -0.106822 -0.447972 0.887643
vn -0.136384 -0.355187 0.924793
vn -0.136870 -0.283714 0.949090
vn -0.108150 -0.379682 0.918774
vn -0.108769 -0.310493 0.944332
vn -0.200282 -0.217878 0.955205
vn -0.165649 -0.253129 0.953145
vn -0.169547 -0.172722 0.970268
vn -0.203827 -0.132354 0.970019
vn -0.205586 -0.044721 0.977617
vn -0.172115 -0.087722 0.981163
vn -0.136820 -0.208669 0.968368
vn -0.108793 -0.239591 0.964759
vn -0.108743 -0.165013 0.980278
vn -0.139842 -0.128329 0.981823
vn -0.140733 -0.043181 0.989105
vn -0.110160 -0.084060 0.990353
vn -0.079463 -0.469140 0.879542
vn -0.080009 -0.403511 0.911470
vn -0.052542 -0.489292 0.870536
vn -0.053116 -0.425477 0.903409
vn -0.080856 -0.336064 0.938362
vn -0.081153 -0.266159 0.960507
vn -0.053160 -0.360335 0.931307
vn -0.053606 -0.292094 0.954886
vn -0.026424 -0.446054 0.894616
vn -0.026494 -0.382558 0.923551
vn -0.026545 -0.316732 0.948144
vn -0.080808 -0.195528 0.977363
vn -0.053626 -0.222349 0.973491
vn -0.053732 -0.152693 0.986812
vn -0.081139 -0.122180 0.989186
vn -0.081679 -0.041787 0.995782
vn -0.053938 -0.080133 0.995324
vn -0.026769 -0.248455 0.968273
vn -0.026742 -0.179790 0.983341
vn -0.026785 -0.110741 0.993488
vn -0.027008 -0.038513 0.998893
vn -0.605655 0.000000 -0.795728
vn -0.497290 0.060156 -0.865497
vn -0.544200 0.000000 -0.838956
vn -0.508608 0.163223 -0.845385
vn -0.560287 0.106200 -0.821462
vn -0.454622 -0.000000 -0.890684
vn -0.451821 0.115129 -0.884648
vn -0.569167 0.214563 -0.793733
vn -0.514046 0.265685 -0.815579
vn -0.570798 0.321502 -0.755530
vn -0.513209 0.366308 -0.776167
vn -0.459660 0.213506 -0.862049
vn -0.462483 0.310534 -0.830469
vn -0.505843 0.463244 -0.727686
vn -0.459364 0.406291 -0.789881
vn -0.451384 0.496507 -0.741440
vn -0.438779 0.578061 -0.687981
vn -0.420956 0.653431 -0.629145
vn -0.270874 0.047175 -0.961458
vn -0.238864 -0.000000 -0.971053
vn -0.237899 0.089317 -0.967175
vn -0.235044 0.177584 -0.955624
vn -0.230351 0.263820 -0.936663
vn -0.413290 0.055714 -0.908894
vn -0.375431 0.000000 -0.926850
vn -0.408587 0.164357 -0.897799
vn -0.373311 0.105894 -0.921643
vn -0.338165 0.051243 -0.939691
vn -0.334617 0.151972 -0.930019
vn -0.413796 0.258441 -0.872915
vn -0.367792 0.208490 -0.906234
vn -0.369919 0.299430 -0.879490
vn -0.329172 0.248412 -0.911009
vn -0.303729 0.000000 -0.952759
vn -0.302268 0.097991 -0.948173
vn -0.268616 0.139901 -0.953034
vn -0.298565 0.193257 -0.934618
vn -0.292783 0.284300 -0.912936
vn -0.264361 0.230368 -0.936506
vn -0.368415 0.386689 -0.845424
vn -0.329583 0.334887 -0.882737
vn -0.327140 0.417750 -0.847623
vn -0.413560 0.351174 -0.840027
vn -0.409320 0.440799 -0.798845
vn -0.363703 0.469983 -0.804261
vn -0.321300 0.498718 -0.805014
vn -0.401430 0.524266 -0.750998
vn -0.354595 0.550473 -0.755806
vn -0.387993 0.602439 -0.697516
vn -0.339461 0.628415 -0.699900
vn -0.308187 0.576531 -0.756725
vn -0.292042 0.366920 -0.883222
vn -0.288495 0.447816 -0.846305
vn -0.258315 0.316975 -0.912579
vn -0.256443 0.398110 -0.880764
vn -0.277479 0.525785 -0.804087
vn -0.247134 0.476042 -0.843984
vn -0.235924 0.551136 -0.800368
vn -0.369847 0.678225 -0.634999
vn -0.321275 0.700116 -0.637668
vn -0.264245 0.600415 -0.754769
vn -0.293060 0.650968 -0.700255
vn -0.275738 0.717940 -0.639164
vn -0.249583 0.670024 -0.699125
vn -0.301016 0.762734 -0.572386
vn -0.233474 0.732188 -0.639836
vn -0.257052 0.775947 -0.576047
vn -0.408523 0.843978 -0.347578
vn -0.357627 0.898239 -0.255479
vn -0.776137 0.000000 -0.630565
vn -0.265024 0.939786 -0.215787
vn -0.597412 0.665159 -0.447953
vn -0.193637 0.969464 -0.150478
vn -0.516883 0.432378 -0.738838
vn -0.434919 0.423681 -0.794569
vn -0.248506 0.855373 -0.454512
vn -0.527190 -0.000000 -0.849747
vn -0.361641 0.725887 -0.585067
vn -0.207986 0.918793 -0.335501
vn -0.140935 0.963577 -0.227280
vn -0.156244 0.945608 -0.285329
vn -0.431479 0.000000 -0.902123
vn -0.303467 0.708953 -0.636626
vn -0.176716 0.911643 -0.371050
vn -0.119430 0.960667 -0.250710
vn -0.089326 0.978448 -0.186175
vn -0.111883 0.972498 -0.204281
vn -0.089321 0.983451 -0.157628
vn -0.070756 0.986741 -0.146071
vn -0.704351 0.000000 -0.709852
vn -0.470155 0.741891 -0.478071
vn -0.594904 0.438539 -0.673627
vn -0.325881 0.869357 -0.371511
vn -0.219639 0.946168 -0.237751
vn -0.618710 -0.000000 -0.785619
vn -0.419881 0.733400 -0.534625
vn -0.237558 0.922681 -0.303688
vn -0.287933 0.863889 -0.413268
vn -0.180362 0.949090 -0.258258
vn -0.135719 0.972964 -0.186871
vn -0.108293 0.983574 -0.144415
vn -0.169982 0.963332 -0.207598
vn -0.131664 0.979034 -0.155425
vn -0.107145 0.986732 -0.121985
vn -0.089437 0.989296 -0.115306
vn -0.291674 0.914491 -0.280413
vn -0.665316 0.442253 -0.601470
vn -0.205349 0.960197 -0.189349
vn -0.162579 0.971976 -0.169798
vn -0.128509 0.983268 -0.129112
vn -0.106123 0.989084 -0.102226
vn -0.156401 0.977951 -0.138387
vn -0.125937 0.986302 -0.106527
vn -0.105185 0.990816 -0.084968
vn -0.089465 0.991143 -0.098138
vn -0.074972 0.993997 -0.079680
vn -0.089440 0.992548 -0.082755
vn -0.075698 0.994877 -0.067004
vn -0.063700 0.995839 -0.065171
vn -0.109885 0.979133 -0.170950
vn -0.089396 0.986824 -0.134861
vn -0.073161 0.991314 -0.109288
vn -0.074124 0.992822 -0.093866
vn -0.061049 0.994078 -0.089902
vn -0.071897 0.989344 -0.126604
vn -0.059350 0.992826 -0.103795
vn -0.049904 0.995000 -0.086516
vn -0.062505 0.995071 -0.076981
vn -0.053335 0.996541 -0.063721
vn -0.051717 0.995867 -0.074668
vn -0.044265 0.997061 -0.062522
vn -0.045992 0.997529 -0.053115
vn -0.038310 0.997880 -0.052619
vn -0.864512 -0.000000 -0.502612
vn -0.652744 0.675064 -0.343823
vn -0.382762 0.904351 -0.188792
vn -0.821933 -0.000000 -0.569584
vn -0.244282 0.955391 -0.165993
vn -0.626349 0.670608 -0.397456
vn -0.371215 0.901384 -0.222951
vn -0.151170 0.982144 -0.111982
vn -0.184319 0.975674 -0.118688
vn -0.252299 0.957058 -0.142776
vn -0.189229 0.976804 -0.100233
vn -0.147424 0.985008 -0.089581
vn -0.122359 0.990031 -0.069760
vn -0.902707 -0.000000 -0.430255
vn -0.258721 0.958665 -0.118424
vn -0.674295 0.680748 -0.286197
vn -0.393442 0.906481 -0.153285
vn -0.193493 0.977713 -0.081474
vn -0.936059 0.000000 -0.351844
vn -0.693622 0.683975 -0.225979
vn -0.264252 0.959911 -0.093496
vn -0.197640 0.978263 -0.062766
vn -0.151088 0.985717 -0.074400
vn -0.125440 0.990466 -0.056934
vn -0.104073 0.993032 -0.055286
vn -0.154621 0.986196 -0.059241
vn -0.127873 0.990833 -0.043566
vn -0.106338 0.993371 -0.043659
vn -0.090590 0.995344 -0.032913
vn -0.995423 -0.000000 -0.095569
vn -0.718919 0.694236 -0.034522
vn -1.000000 0.000000 0.000000
vn -0.963159 -0.000000 -0.268934
vn -0.400113 0.909056 -0.116303
vn -0.269281 0.960602 -0.068780
vn -0.708608 0.686256 -0.164097
vn -0.200424 0.978754 -0.043254
vn -0.157266 0.986601 -0.043428
vn -0.405975 0.910399 -0.079738
vn -0.983018 -0.000000 -0.183508
vn -0.718637 0.688046 -0.100761
vn -0.270918 0.961647 -0.042865
vn -0.157521 0.987163 -0.026376
vn -0.106628 0.993808 -0.031251
vn -0.128034 0.991337 -0.029286
vn -0.106407 0.994148 -0.018662
vn -0.090588 0.995651 -0.021723
vn -0.406900 0.912521 -0.041695
vn -0.202184 0.979098 -0.022090
vn -0.274557 0.961457 -0.014781
vn -0.127694 0.991705 -0.014652
vn -0.157504 0.987479 -0.008821
vn -0.416334 0.909212 0.000000
vn -0.202245 0.979335 0.000000
vn -0.127630 0.991822 0.000000
vn -0.106410 0.994303 -0.006275
vn -0.090574 0.995831 -0.010807
vn -0.090608 0.995887 0.000000
vn -0.123900 0.988468 -0.087064
vn -0.089490 0.993606 -0.068834
vn -0.104566 0.992086 -0.069505
vn -0.089525 0.994411 -0.055964
vn -0.076228 0.995558 -0.055266
vn -0.064677 0.996424 -0.054364
vn -0.065647 0.996847 -0.044580
vn -0.056042 0.997434 -0.044539
vn -0.090015 0.994962 -0.044146
vn -0.076904 0.996039 -0.044628
vn -0.067469 0.997071 -0.036009
vn -0.078781 0.996268 -0.035260
vn -0.069539 0.997188 -0.027922
vn -0.057808 0.997656 -0.036608
vn -0.051231 0.998233 -0.030105
vn -0.059770 0.997787 -0.029134
vn -0.053078 0.998320 -0.023217
vn -0.054790 0.997053 -0.053699
vn -0.047639 0.997872 -0.044512
vn -0.049363 0.998093 -0.037059
vn -0.040151 0.998203 -0.044472
vn -0.041768 0.998425 -0.037451
vn -0.035001 0.998673 -0.037791
vn -0.043570 0.998572 -0.030902
vn -0.045356 0.998674 -0.024370
vn -0.036687 0.998828 -0.031561
vn -0.032143 0.999137 -0.026294
vn -0.038405 0.998940 -0.025389
vn -0.033799 0.999219 -0.020488
vn -0.078988 0.996563 -0.024964
vn -0.069807 0.997388 -0.018549
vn -0.079122 0.996753 -0.014920
vn -0.061980 0.997992 -0.013016
vn -0.061723 0.997857 -0.021715
vn -0.054958 0.998355 -0.016337
vn -0.049008 0.998731 -0.011611
vn -0.069949 0.997507 -0.009295
vn -0.079145 0.996851 -0.005000
vn -0.069997 0.997547 0.000000
vn -0.062006 0.998066 -0.004346
vn -0.055059 0.998450 -0.008143
vn -0.049063 0.998788 -0.003868
vn -0.055061 0.998483 0.000000
vn -0.047128 0.998728 -0.017937
vn -0.040123 0.999009 -0.019278
vn -0.041884 0.999033 -0.013338
vn -0.035448 0.999261 -0.014845
vn -0.037134 0.999268 -0.009222
vn -0.031168 0.999456 -0.010816
vn -0.043675 0.999019 -0.007370
vn -0.038829 0.999240 -0.003517
vn -0.043716 0.999044 0.000000
vn -0.032770 0.999448 -0.005437
vn -0.034392 0.999408 0.000000
vn -0.343899 0.419424 -0.840129
vn -0.198021 0.850987 -0.486424
vn -0.323214 0.000000 -0.946326
vn -0.225806 0.714448 -0.662250
vn -0.130881 0.912632 -0.387264
vn -0.088812 0.960156 -0.264977
vn -0.242011 0.418473 -0.875392
vn -0.140481 0.850556 -0.506774
vn -0.087865 0.942142 -0.323495
vn -0.066205 0.969509 -0.235944
vn -0.052952 0.981360 -0.184737
vn -0.124802 0.943405 -0.307265
vn -0.089309 0.971126 -0.221219
vn -0.071390 0.982647 -0.171194
vn -0.069210 0.977299 -0.200244
vn -0.057608 0.991232 -0.118910
vn -0.056960 0.988827 -0.137753
vn -0.046626 0.992445 -0.113482
vn -0.056544 0.985564 -0.159585
vn -0.045444 0.990437 -0.130267
vn -0.043987 0.987746 -0.149742
vn -0.035334 0.991708 -0.123558
vn -0.037179 0.993422 -0.108308
vn -0.030661 0.995353 -0.091285
vn -0.211867 0.000000 -0.977298
vn -0.149186 0.707563 -0.690723
vn -0.086941 0.909533 -0.406436
vn -0.061964 0.957405 -0.282022
vn -0.048179 0.975407 -0.215080
vn -0.039317 0.984330 -0.171898
vn -0.143504 0.415348 -0.898272
vn -0.083571 0.844281 -0.529344
vn -0.055464 0.936784 -0.345485
vn -0.041813 0.966303 -0.253988
vn -0.104826 0.000000 -0.994491
vn -0.074228 0.699414 -0.710852
vn -0.046180 0.899286 -0.434916
vn -0.032648 0.951698 -0.305296
vn -0.025206 0.972667 -0.230831
vn -0.033152 0.979663 -0.197893
vn -0.027368 0.986642 -0.160585
vn -0.020324 0.982830 -0.183391
vn -0.017263 0.988376 -0.151049
vn -0.033069 0.989436 -0.141148
vn -0.026199 0.992726 -0.117513
vn -0.028567 0.994216 -0.103530
vn -0.020789 0.994863 -0.099075
vn -0.023235 0.995875 -0.087707
vn -0.023520 0.990756 -0.133602
vn -0.018100 0.993532 -0.112103
vn -0.014919 0.991809 -0.126858
vn -0.013777 0.995388 -0.094935
vn -0.016482 0.996296 -0.084398
vn -0.047945 0.993937 -0.098943
vn -0.038762 0.994707 -0.095159
vn -0.040468 0.995687 -0.083481
vn -0.042394 0.996453 -0.072691
vn -0.034445 0.996880 -0.071024
vn -0.032490 0.996219 -0.080572
vn -0.027402 0.997253 -0.068809
vn -0.036367 0.997439 -0.061580
vn -0.031377 0.998140 -0.052267
vn -0.029436 0.997724 -0.060660
vn -0.023106 0.997992 -0.058972
vn -0.025156 0.998340 -0.051803
vn -0.027111 0.998644 -0.044445
vn -0.021261 0.998796 -0.044209
vn -0.025429 0.996657 -0.077643
vn -0.018927 0.997008 -0.074943
vn -0.021098 0.997559 -0.066562
vn -0.012913 0.997292 -0.072399
vn -0.015253 0.997803 -0.064471
vn -0.011499 0.998308 -0.057006
vn -0.019394 0.998534 -0.050525
vn -0.017403 0.998209 -0.057234
vn -0.015705 0.998908 -0.043991
vn -0.013682 0.998636 -0.050383
vn -0.010366 0.998978 -0.043992
vn -0.047728 0.396548 -0.916772
vn -0.029761 0.822685 -0.567717
vn -0.019820 0.926809 -0.375010
vn -0.014698 0.961822 -0.273279
vn -0.011500 0.977249 -0.211785
vn -0.009559 0.985149 -0.171436
vn -0.008193 0.989722 -0.142767
vn 0.000000 0.000000 -1.000000
vn 0.000000 0.650663 -0.759367
vn 0.000000 0.879648 -0.475625
vn 0.000000 0.944296 -0.329096
vn 0.000000 0.968847 -0.247659
vn 0.000000 0.980511 -0.196466
vn 0.000000 0.986919 -0.161220
vn 0.000000 0.990800 -0.135334
vn -0.010746 0.994197 -0.107033
vn -0.007109 0.992661 -0.120725
vn -0.004010 0.994740 -0.102356
vn -0.007374 0.995820 -0.091041
vn -0.010306 0.996648 -0.081162
vn -0.003406 0.996703 -0.081064
vn 0.000000 0.993351 -0.115126
vn 0.004010 0.994740 -0.102356
vn 0.000000 0.995855 -0.090960
vn 0.003406 0.996703 -0.081064
vn 0.047728 0.396548 -0.916772
vn 0.029761 0.822685 -0.567717
vn 0.019820 0.926809 -0.375010
vn 0.014698 0.961822 -0.273279
vn 0.011500 0.977249 -0.211785
vn 0.104826 -0.000000 -0.994491
vn 0.074228 0.699414 -0.710852
vn 0.046180 0.899286 -0.434916
vn 0.032648 0.951698 -0.305296
vn 0.025206 0.972667 -0.230831
vn 0.009559 0.985149 -0.171436
vn 0.008193 0.989722 -0.142767
vn 0.020324 0.982830 -0.183391
vn 0.017263 0.988376 -0.151049
vn 0.143504 0.415348 -0.898272
vn 0.083571 0.844281 -0.529344
vn 0.055464 0.936784 -0.345485
vn 0.041813 0.966303 -0.253988
vn 0.033152 0.979663 -0.197893
vn 0.027368 0.986642 -0.160585
vn 0.007109 0.992661 -0.120725
vn 0.014919 0.991809 -0.126858
vn 0.010746 0.994197 -0.107033
vn 0.007374 0.995820 -0.091041
vn 0.010306 0.996648 -0.081162
vn 0.018100 0.993532 -0.112103
vn 0.023520 0.990756 -0.133602
vn 0.013777 0.995388 -0.094935
vn 0.020789 0.994863 -0.099075
vn 0.016482 0.996296 -0.084398
vn -0.006399 0.997364 -0.072277
vn -0.009080 0.997896 -0.064200
vn -0.003031 0.997933 -0.064185
vn -0.005748 0.998363 -0.056900
vn -0.000000 0.997385 -0.072278
vn 0.000000 0.998382 -0.056870
vn 0.003031 0.997933 -0.064185
vn -0.008165 0.998701 -0.050304
vn -0.002735 0.998730 -0.050300
vn -0.005157 0.999019 -0.043993
vn 0.002735 0.998730 -0.050300
vn 0.000000 0.999032 -0.043992
vn 0.006399 0.997364 -0.072277
vn 0.005748 0.998363 -0.056900
vn 0.009080 0.997896 -0.064200
vn 0.012913 0.997292 -0.072399
vn 0.011499 0.998308 -0.057006
vn 0.015253 0.997803 -0.064471
vn 0.008165 0.998701 -0.050304
vn 0.005157 0.999019 -0.043993
vn 0.013682 0.998636 -0.050383
vn 0.010366 0.998978 -0.043992
vn -0.033367 0.998454 -0.044458
vn -0.028800 0.998861 -0.038036
vn -0.030471 0.999020 -0.032092
vn -0.023013 0.999005 -0.038213
vn -0.024717 0.999166 -0.032490
vn -0.019684 0.999303 -0.031732
vn -0.026367 0.999289 -0.026948
vn -0.027983 0.999377 -0.021516
vn -0.021372 0.999425 -0.026336
vn -0.023000 0.999514 -0.021026
vn -0.018298 0.999621 -0.020576
vn -0.017775 0.999141 -0.037443
vn -0.014764 0.999406 -0.031151
vn -0.012688 0.999219 -0.037414
vn -0.009903 0.999464 -0.031187
vn -0.016635 0.999530 -0.025750
vn -0.013818 0.999702 -0.020148
vn -0.011983 0.999607 -0.025342
vn -0.009375 0.999758 -0.019896
vn -0.029575 0.999432 -0.016161
vn -0.024634 0.999573 -0.015713
vn -0.026209 0.999601 -0.010503
vn -0.019931 0.999683 -0.015381
vn -0.021536 0.999716 -0.010224
vn -0.027748 0.999601 -0.005285
vn -0.029330 0.999570 0.000000
vn -0.024579 0.999698 0.000000
vn -0.023051 0.999721 -0.005129
vn -0.018600 0.999814 -0.005023
vn -0.020106 0.999798 0.000000
vn -0.015421 0.999767 -0.015078
vn -0.017023 0.999805 -0.010022
vn -0.012711 0.999871 -0.009853
vn -0.011138 0.999829 -0.014787
vn -0.008611 0.999916 -0.009724
vn -0.014275 0.999886 -0.004946
vn -0.015855 0.999874 0.000000
vn -0.010175 0.999936 -0.004863
vn -0.011755 0.999931 0.000000
vn -0.007783 0.999970 0.000000
vn -0.007589 0.999268 -0.037495
vn -0.002553 0.999293 -0.037505
vn -0.004974 0.999498 -0.031282
vn 0.002553 0.999293 -0.037505
vn 0.000000 0.999510 -0.031309
vn -0.007264 0.999651 -0.025393
vn -0.002430 0.999674 -0.025408
vn -0.004729 0.999792 -0.019840
vn 0.002430 0.999674 -0.025408
vn 0.000000 0.999803 -0.019840
vn 0.007589 0.999268 -0.037495
vn 0.004974 0.999498 -0.031282
vn 0.012688 0.999219 -0.037414
vn 0.009903 0.999464 -0.031187
vn 0.007264 0.999651 -0.025393
vn 0.004729 0.999792 -0.019840
vn 0.011983 0.999607 -0.025342
vn 0.009375 0.999758 -0.019896
vn -0.006899 0.999868 -0.014722
vn -0.002336 0.999890 -0.014640
vn -0.004511 0.999942 -0.009744
vn 0.002336 0.999890 -0.014640
vn 0.000000 0.999953 -0.009656
vn -0.006203 0.999969 -0.004818
vn -0.002181 0.999986 -0.004890
vn -0.003886 0.999992 0.000000
vn 0.002181 0.999986 -0.004890
vn 0.000000 1.000000 0.000000
vn 0.006899 0.999868 -0.014722
vn 0.004511 0.999942 -0.009744
vn 0.011138 0.999829 -0.014787
vn 0.008611 0.999916 -0.009725
vn 0.012711 0.999871 -0.009853
vn 0.006203 0.999969 -0.004818
vn 0.003886 0.999992 0.000000
vn 0.010175 0.999936 -0.004863
vn 0.007783 0.999970 0.000000
vn 0.011755 0.999931 0.000000
vn -0.718919 0.694236 0.034522
vn -0.995423 -0.000000 0.095569
vn -0.274557 0.961457 0.014781
vn -0.406900 0.912521 0.041695
vn -0.202184 0.979098 0.022090
vn -0.157504 0.987479 0.008821
vn -0.127694 0.991705 0.014652
vn -0.718638 0.688046 0.100761
vn -0.270918 0.961647 0.042865
vn -0.983018 -0.000000 0.183508
vn -0.405975 0.910399 0.079738
vn -0.200424 0.978754 0.043254
vn -0.157520 0.987163 0.026376
vn -0.106410 0.994303 0.006275
vn -0.090574 0.995831 0.010807
vn -0.106407 0.994148 0.018662
vn -0.128034 0.991337 0.029286
vn -0.090588 0.995651 0.021723
vn -0.708609 0.686254 0.164098
vn -0.269282 0.960602 0.068780
vn -0.963159 -0.000000 0.268934
vn -0.400113 0.909056 0.116303
vn -0.157266 0.986601 0.043428
vn -0.693622 0.683975 0.225979
vn -0.936059 0.000000 0.351844
vn -0.197640 0.978263 0.062766
vn -0.264252 0.959911 0.093496
vn -0.393443 0.906480 0.153285
vn -0.106628 0.993808 0.031251
vn -0.127873 0.990833 0.043566
vn -0.154621 0.986196 0.059241
vn -0.090590 0.995344 0.032913
vn -0.106338 0.993371 0.043659
vn -0.205586 0.044721 -0.977617
vn -0.203827 0.132354 -0.970019
vn -0.674294 0.680749 0.286197
vn -0.193493 0.977713 0.081474
vn -0.902708 0.000000 0.430254
vn -0.382761 0.904352 0.188791
vn -0.258720 0.958666 0.118424
vn -0.652746 0.675061 0.343824
vn -0.864512 0.000000 0.502612
vn -0.774770 0.411152 -0.480297
vn -0.837947 -0.000000 -0.545752
vn -0.502172 0.675139 -0.540381
vn -0.601458 0.560686 -0.569104
vn -0.125440 0.990466 0.056934
vn -0.151088 0.985717 0.074400
vn -0.104073 0.993032 0.055286
vn -0.189230 0.976804 0.100233
vn -0.464225 0.681989 -0.565143
vn -0.391091 0.696978 -0.601057
vn -0.252299 0.957058 0.142776
vn -0.345984 0.720472 -0.601012
vn -0.281883 0.736907 -0.614419
vn -0.304874 0.725996 -0.616426
vn -0.264737 0.732801 -0.626831
vn -0.245737 0.730680 -0.636961
vn -0.122359 0.990031 0.069760
vn -0.218452 0.730335 -0.647217
vn -0.210162 0.732751 -0.647231
vn -0.230261 0.732164 -0.641027
vn -0.200970 0.734376 -0.648308
vn -0.192488 0.732816 -0.652632
vn -0.172115 0.087722 -0.981163
vn -0.200282 0.217878 -0.955205
vn -0.169547 0.172722 -0.970268
vn -0.165649 0.253129 -0.953145
vn -0.079145 0.996851 0.005000
vn -0.069949 0.997507 0.009295
vn -0.079122 0.996753 0.014920
vn -0.069807 0.997388 0.018549
vn -0.062006 0.998066 0.004346
vn -0.061980 0.997992 0.013016
vn -0.055059 0.998450 0.008143
vn -0.049063 0.998788 0.003868
vn -0.054958 0.998355 0.016337
vn -0.049008 0.998731 0.011611
vn -0.078988 0.996563 0.024964
vn -0.078781 0.996268 0.035260
vn -0.069539 0.997188 0.027922
vn -0.061723 0.997857 0.021715
vn -0.053078 0.998320 0.023217
vn -0.059770 0.997787 0.029134
vn -0.043675 0.999019 0.007370
vn -0.038829 0.999240 0.003517
vn -0.041884 0.999033 0.013338
vn -0.032770 0.999448 0.005437
vn -0.037134 0.999268 0.009222
vn -0.031168 0.999456 0.010816
vn -0.047128 0.998728 0.017937
vn -0.040123 0.999009 0.019278
vn -0.045356 0.998674 0.024370
vn -0.035448 0.999261 0.014845
vn -0.038405 0.998940 0.025389
vn -0.033799 0.999219 0.020488
vn -0.090015 0.994962 0.044146
vn -0.067469 0.997071 0.036009
vn -0.076904 0.996039 0.044628
vn -0.187002 0.732248 -0.654861
vn -0.183315 0.733158 -0.654886
vn -0.089525 0.994411 0.055963
vn -0.176601 0.734103 -0.655672
vn -0.171147 0.732564 -0.658831
vn -0.170188 0.732731 -0.658894
vn -0.163256 0.716729 -0.677973
vn -0.146319 0.717956 -0.680536
vn -0.158753 0.715788 -0.680033
vn -0.155490 0.714816 -0.681807
vn -0.138290 0.715888 -0.684383
vn -0.051231 0.998233 0.030105
vn -0.057808 0.997656 0.036608
vn -0.140733 0.043182 -0.989105
vn -0.123190 0.731689 -0.670415
vn -0.133803 0.716630 -0.684499
vn -0.139842 0.128329 -0.981823
vn -0.121386 0.730498 -0.672040
vn -0.119012 0.729627 -0.673410
vn -0.117297 0.729973 -0.673336
vn -0.043570 0.998572 0.030902
vn -0.113782 0.730447 -0.673425
vn -0.111869 0.729725 -0.674527
vn -0.102265 0.731419 -0.674217
vn -0.109994 0.728975 -0.675645
vn -0.032143 0.999137 0.026294
vn -0.095175 0.729353 -0.677485
vn -0.110160 0.084060 -0.990353
vn -0.136820 0.208669 -0.968368
vn -0.108743 0.165013 -0.980278
vn -0.108793 0.239591 -0.964759
vn -0.195242 0.298741 -0.934149
vn -0.193975 0.375986 -0.906095
vn -0.165260 0.328915 -0.929787
vn -0.163950 0.401543 -0.901046
vn -0.136870 0.283714 -0.949090
vn -0.136384 0.355187 -0.924793
vn -0.108769 0.310493 -0.944332
vn -0.108150 0.379682 -0.918774
vn -0.135011 0.425364 -0.894895
vn -0.155717 0.474514 -0.866365
vn -0.106822 0.447972 -0.887643
vn -0.126518 0.496221 -0.858929
vn -0.225404 0.347782 -0.910077
vn -0.218814 0.428059 -0.876861
vn -0.209229 0.503446 -0.838311
vn -0.185894 0.451749 -0.872563
vn -0.176343 0.524199 -0.833138
vn -0.027748 0.999601 0.005285
vn -0.026209 0.999601 0.010503
vn -0.023051 0.999721 0.005129
vn -0.018600 0.999814 0.005023
vn -0.021536 0.999716 0.010224
vn -0.029575 0.999432 0.016161
vn -0.024634 0.999573 0.015713
vn -0.027983 0.999377 0.021516
vn -0.019931 0.999683 0.015381
vn -0.023000 0.999514 0.021026
vn -0.018298 0.999621 0.020576
vn -0.014275 0.999886 0.004946
vn -0.017023 0.999805 0.010022
vn -0.012711 0.999871 0.009853
vn -0.010175 0.999936 0.004863
vn -0.008611 0.999916 0.009724
vn -0.015421 0.999767 0.015078
vn -0.013818 0.999702 0.020148
vn -0.011138 0.999829 0.014787
vn -0.009375 0.999758 0.019896
vn -0.092230 0.729741 -0.677474
vn -0.091006 0.729946 -0.677419
vn -0.026367 0.999289 0.026948
vn -0.088273 0.730269 -0.677433
vn -0.087155 0.729113 -0.678821
vn -0.078817 0.743480 -0.664097
vn -0.076757 0.742807 -0.665091
vn -0.069998 0.744825 -0.663578
vn -0.063510 0.742787 -0.666509
vn -0.062280 0.743380 -0.665963
vn -0.081140 0.122181 -0.989186
vn -0.055675 0.728689 -0.682578
vn -0.054658 0.728795 -0.682547
vn -0.052536 0.728688 -0.682828
vn -0.051506 0.728773 -0.682815
vn -0.044459 0.731314 -0.680591
vn -0.037273 0.728781 -0.683731
vn -0.053938 0.080133 -0.995324
vn -0.080808 0.195528 -0.977363
vn -0.053732 0.152693 -0.986812
vn -0.053626 0.222349 -0.973491
vn -0.006203 0.999969 0.004818
vn -0.002181 0.999986 0.004890
vn -0.004511 0.999942 0.009744
vn 0.002181 0.999986 0.004890
vn 0.000000 0.999953 0.009656
vn -0.006899 0.999868 0.014722
vn -0.002336 0.999890 0.014640
vn -0.004729 0.999792 0.019840
vn 0.002336 0.999890 0.014640
vn -0.032958 0.728906 -0.683820
vn -0.000000 0.999803 0.019840
vn -0.025732 0.741415 -0.670554
vn -0.024127 0.740720 -0.671380
vn -0.016712 0.742928 -0.669163
vn 0.006203 0.999969 0.004818
vn 0.004511 0.999942 0.009744
vn 0.010175 0.999936 0.004863
vn 0.008611 0.999916 0.009724
vn 0.012711 0.999871 0.009853
vn 0.006899 0.999868 0.014722
vn -0.009474 0.740721 -0.671746
vn 0.004729 0.999792 0.019840
vn -0.008005 0.741431 -0.670981
vn -0.002426 0.726632 -0.687022
vn 0.011138 0.999829 0.014787
vn -0.001455 0.726620 -0.687038
vn 0.009375 0.999758 0.019896
vn 0.000763 0.726679 -0.686976
vn 0.001783 0.726635 -0.687022
vn -0.036306 0.728822 -0.683740
vn -0.033943 0.728876 -0.683804
vn -0.026785 0.110741 -0.993488
vn -0.026742 0.179790 -0.983341
vn -0.026769 0.248455 -0.968273
vn -0.081153 0.266159 -0.960507
vn -0.080856 0.336064 -0.938362
vn -0.053606 0.292094 -0.954886
vn -0.053160 0.360335 -0.931307
vn -0.080009 0.403511 -0.911470
vn -0.079463 0.469140 -0.879542
vn -0.053116 0.425477 -0.903409
vn -0.052542 0.489292 -0.870536
vn -0.026545 0.316732 -0.948144
vn -0.026494 0.382558 -0.923551
vn -0.026424 0.446054 -0.894616
vn -0.198347 0.573925 -0.794524
vn -0.223336 0.621010 -0.751310
vn -0.165437 0.592192 -0.788631
vn -0.186376 0.639145 -0.746162
vn -0.209513 0.685873 -0.696910
vn -0.173425 0.698870 -0.693905
vn -0.194728 0.743405 -0.639868
vn -0.216962 0.786432 -0.578319
vn -0.179493 0.794386 -0.580288
vn -0.146005 0.544633 -0.825868
vn -0.134962 0.610837 -0.780169
vn -0.153526 0.655830 -0.739133
vn -0.116185 0.564141 -0.817463
vn -0.105171 0.628239 -0.770880
vn -0.140780 0.713351 -0.686521
vn -0.123125 0.672231 -0.730031
vn -0.110524 0.727453 -0.677198
vn -0.159665 0.752977 -0.638383
vn -0.127306 0.765234 -0.631039
vn -0.199621 0.832371 -0.517020
vn -0.163229 0.838136 -0.520466
vn -0.145235 0.801450 -0.580160
vn -0.113355 0.811566 -0.573159
vn -0.129063 0.843512 -0.521373
vn -0.097650 0.516799 -0.850519
vn -0.069928 0.535957 -0.841344
vn -0.042928 0.554565 -0.831033
vn -0.025990 0.508529 -0.860652
vn -0.016530 0.572258 -0.819907
vn -0.087302 0.582699 -0.807985
vn -0.059567 0.600289 -0.797562
vn -0.093645 0.687243 -0.720367
vn -0.081343 0.740301 -0.667336
vn -0.076514 0.644396 -0.760855
vn -0.065245 0.701229 -0.709944
vn -0.032800 0.617153 -0.786159
vn -0.049035 0.660194 -0.749492
vn -0.048594 0.743196 -0.667307
vn -0.032437 0.702843 -0.710605
vn -0.016231 0.661259 -0.749982
vn -0.016241 0.744093 -0.667878
vn -0.097411 0.777107 -0.621785
vn -0.080262 0.814857 -0.574078
vn -0.096155 0.847761 -0.521589
vn -0.080667 0.883308 -0.461801
vn -0.064610 0.780296 -0.622064
vn -0.063660 0.849971 -0.522969
vn -0.048025 0.816981 -0.574662
vn -0.032359 0.782092 -0.622322
vn -0.031766 0.851253 -0.523793
vn -0.016090 0.817828 -0.575238
vn -0.048339 0.884747 -0.463559
vn -0.016264 0.885657 -0.464056
vn -0.743793 0.000000 -0.668410
vn -0.816224 -0.000000 -0.577736
vn -0.762364 0.132776 -0.633381
vn -0.672715 0.000000 -0.739901
vn -0.691164 0.122967 -0.712160
vn -0.623300 0.114328 -0.773580
vn -0.885730 -0.000000 -0.464202
vn -0.944877 -0.000000 -0.327425
vn -0.900066 0.151683 -0.408502
vn -0.834701 0.143100 -0.531786
vn -0.951605 0.158820 -0.263104
vn -0.767259 0.266917 -0.583154
vn -0.631570 0.230524 -0.740255
vn -0.697970 0.247899 -0.671851
vn -0.630848 0.344764 -0.695103
vn -0.693581 0.370728 -0.617662
vn -0.833743 0.284958 -0.472939
vn -0.890427 0.300268 -0.342021
vn -0.756280 0.396064 -0.520743
vn -0.813630 0.417563 -0.404533
vn -0.859229 0.438014 -0.264328
vn -0.985424 0.000000 -0.170116
vn -1.000000 0.000000 0.000000
vn -0.985424 0.000000 0.170116
vn -0.981603 0.165617 -0.095006
vn -0.981603 0.165617 0.095006
vn -0.944877 0.000000 0.327425
vn -0.885730 -0.000000 0.464202
vn -0.816224 -0.000000 0.577736
vn -0.951605 0.158820 0.263104
vn -0.900066 0.151683 0.408502
vn -0.834701 0.143100 0.531786
vn -0.930958 0.313666 -0.186900
vn -0.948419 0.317020 0.000000
vn -0.930958 0.313666 0.186900
vn -0.888008 0.450456 -0.092362
vn -0.888008 0.450456 0.092362
vn -0.890427 0.300268 0.342021
vn -0.833743 0.284958 0.472939
vn -0.859229 0.438014 0.264328
vn -0.813630 0.417563 0.404533
vn -0.756280 0.396064 0.520743
vn -0.621020 0.454149 -0.638814
vn -0.677143 0.484384 -0.553940
vn -0.602530 0.552297 -0.576129
vn -0.651508 0.583655 -0.484650
vn -0.778069 0.536960 -0.326009
vn -0.730972 0.511748 -0.451435
vn -0.696292 0.612857 -0.373610
vn -0.728785 0.642646 -0.236388
vn -0.618807 0.670286 -0.409626
vn -0.649470 0.703926 -0.287536
vn -0.596014 0.777055 -0.202368
vn -0.565112 0.423784 -0.707853
vn -0.552449 0.518905 -0.652333
vn -0.493162 0.551488 -0.672794
vn -0.533794 0.604638 -0.591165
vn -0.577677 0.638212 -0.508896
vn -0.547559 0.713648 -0.436905
vn -0.510294 0.679997 -0.526501
vn -0.475572 0.630497 -0.613437
vn -0.452504 0.702191 -0.549699
vn -0.575837 0.749374 -0.326880
vn -0.811659 0.558554 -0.170956
vn -0.823845 0.566815 -0.000000
vn -0.811659 0.558554 0.170956
vn -0.747733 0.659029 -0.081096
vn -0.747733 0.659029 0.081096
vn -0.778069 0.536960 0.326009
vn -0.730972 0.511748 0.451435
vn -0.728785 0.642646 0.236388
vn -0.696292 0.612857 0.373610
vn -0.651508 0.583655 0.484650
vn -0.669511 0.727761 -0.148725
vn -0.677038 0.735948 -0.000000
vn -0.669511 0.727761 0.148725
vn -0.607034 0.791661 -0.069153
vn -0.607034 0.791661 0.069153
vn -0.649470 0.703926 0.287536
vn -0.618807 0.670286 0.409626
vn -0.596014 0.777055 0.202368
vn -0.575837 0.749374 0.326880
vn -0.547559 0.713648 0.436905
vn -0.743793 0.000000 0.668410
vn -0.762364 0.132776 0.633381
vn -0.672715 -0.000000 0.739901
vn -0.691164 0.122967 0.712160
vn -0.623300 0.114328 0.773580
vn -0.605655 -0.000000 0.795728
vn -0.767259 0.266917 0.583154
vn -0.697970 0.247899 0.671851
vn -0.631570 0.230524 0.740255
vn -0.693581 0.370728 0.617662
vn -0.630848 0.344764 0.695103
vn -0.544200 0.000000 0.838956
vn -0.497290 0.060156 0.865497
vn -0.560287 0.106200 0.821462
vn -0.508608 0.163223 0.845385
vn -0.454622 0.000000 0.890684
vn -0.451821 0.115129 0.884648
vn -0.569167 0.214563 0.793733
vn -0.514046 0.265685 0.815579
vn -0.570798 0.321502 0.755530
vn -0.513209 0.366308 0.776167
vn -0.459660 0.213506 0.862049
vn -0.462483 0.310534 0.830469
vn -0.677143 0.484384 0.553940
vn -0.621020 0.454149 0.638814
vn -0.602530 0.552297 0.576129
vn -0.565112 0.423784 0.707853
vn -0.552449 0.518905 0.652333
vn -0.493162 0.551488 0.672794
vn -0.505843 0.463244 0.727686
vn -0.459364 0.406291 0.789881
vn -0.451384 0.496507 0.741440
vn -0.577677 0.638212 0.508896
vn -0.533794 0.604638 0.591165
vn -0.510294 0.679997 0.526501
vn -0.475572 0.630497 0.613437
vn -0.452504 0.702191 0.549699
vn -0.420956 0.653431 0.629145
vn -0.438779 0.578061 0.687981
vn -0.413796 0.258441 0.872915
vn -0.413290 0.055714 0.908894
vn -0.375431 -0.000000 0.926850
vn -0.408587 0.164357 0.897799
vn -0.373311 0.105894 0.921643
vn -0.338165 0.051243 0.939691
vn -0.334617 0.151972 0.930019
vn -0.367792 0.208490 0.906234
vn -0.369919 0.299430 0.879490
vn -0.329172 0.248412 0.911009
vn -0.303729 0.000000 0.952759
vn -0.270874 0.047175 0.961458
vn -0.302268 0.097991 0.948173
vn -0.268616 0.139901 0.953034
vn -0.238864 0.000000 0.971053
vn -0.237899 0.089317 0.967175
vn -0.298565 0.193257 0.934618
vn -0.292783 0.284300 0.912936
vn -0.264361 0.230368 0.936506
vn -0.235044 0.177584 0.955624
vn -0.230351 0.263820 0.936663
vn -0.413560 0.351174 0.840027
vn -0.409320 0.440799 0.798845
vn -0.363703 0.469983 0.804261
vn -0.401430 0.524266 0.750998
vn -0.354595 0.550473 0.755806
vn -0.387993 0.602439 0.697516
vn -0.339461 0.628415 0.699900
vn -0.308187 0.576531 0.756725
vn -0.368415 0.386689 0.845424
vn -0.329583 0.334887 0.882737
vn -0.327140 0.417750 0.847623
vn -0.321300 0.498718 0.805014
vn -0.292042 0.366920 0.883222
vn -0.288495 0.447816 0.846305
vn -0.258315 0.316975 0.912579
vn -0.256443 0.398110 0.880764
vn -0.277479 0.525785 0.804087
vn -0.247134 0.476042 0.843984
vn -0.235924 0.551136 0.800368
vn -0.483502 0.744743 -0.459983
vn -0.454053 0.799183 -0.393880
vn -0.425541 0.768226 -0.478272
vn -0.510833 0.781169 -0.358922
vn -0.530541 0.811205 -0.245912
vn -0.473499 0.831572 -0.290320
vn -0.423262 0.844043 -0.329304
vn -0.487508 0.854710 -0.178344
vn -0.437847 0.870251 -0.225727
vn -0.543067 0.830319 -0.125093
vn -0.547432 0.836850 -0.000000
vn -0.543067 0.830319 0.125093
vn -0.494740 0.866929 -0.060546
vn -0.494740 0.866929 0.060546
vn -0.450332 0.892861 -0.000000
vn -0.447238 0.886954 -0.115286
vn -0.447238 0.886954 0.115286
vn -0.530541 0.811205 0.245912
vn -0.510833 0.781169 0.358922
vn -0.454053 0.799183 0.393880
vn -0.487508 0.854710 0.178344
vn -0.437847 0.870251 0.225727
vn -0.473499 0.831572 0.290320
vn -0.423262 0.844043 0.329304
vn -0.398611 0.725916 -0.560496
vn -0.372520 0.787970 -0.490237
vn -0.398256 0.819237 -0.412606
vn -0.347805 0.746600 -0.567116
vn -0.324165 0.803363 -0.499524
vn -0.347576 0.834634 -0.427291
vn -0.321919 0.872609 -0.367317
vn -0.391866 0.880412 -0.267051
vn -0.370373 0.860221 -0.350490
vn -0.402318 0.900690 -0.164005
vn -0.360514 0.909420 -0.207329
vn -0.341681 0.893867 -0.290270
vn -0.312654 0.921362 -0.230955
vn -0.329491 0.932022 -0.150899
vn -0.300977 0.846737 -0.438691
vn -0.279524 0.815425 -0.506901
vn -0.276776 0.882108 -0.381158
vn -0.257454 0.856061 -0.448194
vn -0.238163 0.824968 -0.512549
vn -0.295367 0.904314 -0.308180
vn -0.407268 0.911629 -0.055367
vn -0.407268 0.911629 0.055367
vn -0.366793 0.924340 -0.105161
vn -0.368846 0.929491 -0.000000
vn -0.366793 0.924340 0.105161
vn -0.332791 0.941625 -0.050910
vn -0.332791 0.941625 0.050910
vn -0.402318 0.900690 0.164005
vn -0.391866 0.880412 0.267051
vn -0.370373 0.860221 0.350490
vn -0.360514 0.909420 0.207329
vn -0.329491 0.932022 0.150899
vn -0.341681 0.893867 0.290270
vn -0.312654 0.921362 0.230955
vn -0.295367 0.904314 0.308180
vn -0.252177 0.911925 -0.323728
vn -0.234902 0.889308 -0.392368
vn -0.268616 0.930074 -0.250617
vn -0.284242 0.942486 -0.175862
vn -0.227667 0.936099 -0.268115
vn -0.256296 0.958652 -0.123686
vn -0.242432 0.949912 -0.197217
vn -0.299112 0.949237 -0.097367
vn -0.300349 0.953829 -0.000000
vn -0.299112 0.949237 0.097367
vn -0.269499 0.961861 -0.046843
vn -0.269499 0.961861 0.046843
vn -0.228868 0.970622 -0.074240
vn -0.241251 0.970463 -0.000000
vn -0.228868 0.970622 0.074240
vn -0.284242 0.942486 0.175862
vn -0.268616 0.930074 0.250617
vn -0.256296 0.958652 0.123686
vn -0.242432 0.949912 0.197217
vn -0.227667 0.936099 0.268115
vn -0.483502 0.744743 0.459983
vn -0.425541 0.768226 0.478272
vn -0.398611 0.725916 0.560496
vn -0.398256 0.819237 0.412606
vn -0.372520 0.787970 0.490237
vn -0.347805 0.746600 0.567116
vn -0.369847 0.678225 0.634999
vn -0.321275 0.700116 0.637668
vn -0.347576 0.834634 0.427291
vn -0.324165 0.803363 0.499524
vn -0.321919 0.872609 0.367317
vn -0.293060 0.650968 0.700255
vn -0.275738 0.717940 0.639164
vn -0.249583 0.670024 0.699125
vn -0.300977 0.846737 0.438691
vn -0.276776 0.882108 0.381158
vn -0.279524 0.815425 0.506901
vn -0.257454 0.856061 0.448194
vn -0.238163 0.824968 0.512549
vn -0.301016 0.762734 0.572386
vn -0.257052 0.775947 0.576047
vn -0.233474 0.732188 0.639836
vn -0.264245 0.600415 0.754769
vn -0.252177 0.911925 0.323728
vn -0.234902 0.889308 0.392368
vn -0.205586 0.044721 0.977617
vn -0.203827 0.132354 0.970019
vn -0.172726 0.000000 0.984970
vn -0.172115 0.087722 0.981163
vn -0.200282 0.217878 0.955205
vn -0.169547 0.172722 0.970268
vn -0.165649 0.253129 0.953145
vn -0.140733 0.043181 0.989105
vn -0.139842 0.128329 0.981823
vn -0.110550 0.000000 0.993871
vn -0.110160 0.084060 0.990353
vn -0.136820 0.208669 0.968368
vn -0.108743 0.165013 0.980278
vn -0.108793 0.239591 0.964759
vn -0.225404 0.347782 0.910077
vn -0.195242 0.298741 0.934149
vn -0.193975 0.375986 0.906095
vn -0.165260 0.328915 0.929787
vn -0.218814 0.428059 0.876861
vn -0.209229 0.503446 0.838311
vn -0.185894 0.451749 0.872563
vn -0.176343 0.524199 0.833138
vn -0.163950 0.401543 0.901046
vn -0.136870 0.283714 0.949090
vn -0.136384 0.355187 0.924793
vn -0.108769 0.310493 0.944332
vn -0.108150 0.379682 0.918774
vn -0.155717 0.474514 0.866365
vn -0.135011 0.425364 0.894895
vn -0.106822 0.447972 0.887643
vn -0.126518 0.496221 0.858929
vn -0.081679 0.041787 0.995782
vn -0.081139 0.122180 0.989186
vn -0.054023 0.000000 0.998540
vn -0.053938 0.080133 0.995324
vn -0.080808 0.195528 0.977363
vn -0.053732 0.152693 0.986812
vn -0.053626 0.222349 0.973491
vn -0.027008 0.038513 0.998893
vn -0.026785 0.110741 0.993488
vn -0.026742 0.179790 0.983341
vn -0.026769 0.248455 0.968273
vn -0.081153 0.266159 0.960507
vn -0.080856 0.336064 0.938362
vn -0.053606 0.292094 0.954886
vn -0.053160 0.360335 0.931307
vn -0.080009 0.403511 0.911470
vn -0.079463 0.469140 0.879542
vn -0.053116 0.425477 0.903409
vn -0.052542 0.489292 0.870536
vn -0.026545 0.316732 0.948144
vn -0.026494 0.382558 0.923551
vn -0.026424 0.446054 0.894616
vn -0.217485 0.862997 -0.455999
vn -0.196244 0.894638 -0.401386
vn -0.212262 0.917212 -0.337146
vn -0.180079 0.868483 -0.461854
vn -0.159831 0.898681 -0.408445
vn -0.174791 0.921299 -0.347356
vn -0.203210 0.954977 -0.216158
vn -0.216454 0.965254 -0.146398
vn -0.189269 0.940211 -0.283162
vn -0.170626 0.962366 -0.211517
vn -0.183512 0.972583 -0.142848
vn -0.144518 0.872668 -0.466438
vn -0.128437 0.906524 -0.402141
vn -0.112528 0.880270 -0.460935
vn -0.142876 0.928786 -0.341969
vn -0.111942 0.934983 -0.336564
vn -0.156929 0.947521 -0.278528
vn -0.138888 0.968187 -0.208144
vn -0.151682 0.978465 -0.139998
vn -0.125574 0.953412 -0.274293
vn -0.107970 0.972791 -0.204987
vn -0.120454 0.983121 -0.137713
vn -0.216454 0.965254 0.146398
vn -0.203210 0.954977 0.216158
vn -0.189269 0.940211 0.283162
vn -0.195392 0.978052 -0.072357
vn -0.207572 0.978220 -0.000000
vn -0.195392 0.978052 0.072357
vn -0.163301 0.984046 -0.070606
vn -0.175156 0.984541 0.000000
vn -0.163301 0.984046 0.070606
vn -0.183512 0.972583 0.142848
vn -0.170626 0.962366 0.211517
vn -0.132408 0.988748 -0.069615
vn -0.144100 0.989563 -0.000000
vn -0.132408 0.988748 0.069615
vn -0.114151 0.993463 -0.000000
vn -0.151682 0.978465 0.139998
vn -0.156929 0.947521 0.278528
vn -0.138888 0.968187 0.208144
vn -0.125574 0.953412 0.274293
vn -0.120454 0.983121 0.137713
vn -0.107970 0.972791 0.204987
vn -0.096862 0.912464 -0.397526
vn -0.080926 0.939441 -0.333018
vn -0.065208 0.914787 -0.398637
vn -0.095251 0.958152 -0.269948
vn -0.078288 0.976284 -0.201841
vn -0.090272 0.986597 -0.135934
vn -0.064819 0.961335 -0.267645
vn -0.061295 0.989022 -0.134455
vn -0.032758 0.915828 -0.400232
vn -0.049169 0.941316 -0.333925
vn -0.016472 0.942244 -0.334522
vn -0.048558 0.978250 -0.201666
vn -0.032838 0.963170 -0.266880
vn -0.032157 0.990286 -0.135276
vn -0.016458 0.979582 -0.200372
vn -0.101966 0.992414 -0.068684
vn -0.084910 0.996389 0.000000
vn -0.101966 0.992414 0.068684
vn -0.072869 0.995042 -0.067681
vn -0.056496 0.998403 0.000000
vn -0.072869 0.995042 0.067681
vn -0.095251 0.958152 0.269948
vn -0.090272 0.986597 0.135934
vn -0.078288 0.976284 0.201841
vn -0.061295 0.989022 0.134455
vn -0.064819 0.961335 0.267645
vn -0.044502 0.996750 -0.067150
vn -0.028473 0.999595 0.000000
vn -0.044502 0.996750 0.067150
vn -0.015682 0.997520 -0.068619
vn -0.015682 0.997520 0.068619
vn -0.032157 0.990286 0.135276
vn -0.048558 0.978250 0.201666
vn -0.032838 0.963170 0.266880
vn -0.016458 0.979582 0.200372
vn -0.209513 0.685873 0.696910
vn -0.194728 0.743405 0.639868
vn -0.216962 0.786432 0.578319
vn -0.179493 0.794386 0.580288
vn -0.159665 0.752977 0.638383
vn -0.127306 0.765234 0.631039
vn -0.223336 0.621010 0.751310
vn -0.198347 0.573925 0.794524
vn -0.165437 0.592192 0.788631
vn -0.186376 0.639145 0.746162
vn -0.173425 0.698870 0.693905
vn -0.146005 0.544633 0.825868
vn -0.153526 0.655830 0.739133
vn -0.134962 0.610837 0.780169
vn -0.116185 0.564141 0.817463
vn -0.105171 0.628239 0.770880
vn -0.140780 0.713351 0.686521
vn -0.123125 0.672231 0.730031
vn -0.110524 0.727453 0.677198
vn -0.217485 0.862997 0.455999
vn -0.212262 0.917212 0.337146
vn -0.196244 0.894638 0.401386
vn -0.180079 0.868483 0.461854
vn -0.174791 0.921299 0.347356
vn -0.159831 0.898681 0.408445
vn -0.199621 0.832371 0.517020
vn -0.163229 0.838136 0.520466
vn -0.144518 0.872668 0.466438
vn -0.128437 0.906524 0.402141
vn -0.112528 0.880270 0.460935
vn -0.145235 0.801450 0.580160
vn -0.129063 0.843512 0.521373
vn -0.113355 0.811566 0.573159
vn -0.142876 0.928786 0.341969
vn -0.111942 0.934983 0.336564
vn -0.087302 0.582699 0.807985
vn -0.059567 0.600289 0.797562
vn -0.097650 0.516799 0.850519
vn -0.069928 0.535957 0.841344
vn -0.093645 0.687243 0.720367
vn -0.081343 0.740301 0.667336
vn -0.076514 0.644396 0.760855
vn -0.065245 0.701229 0.709944
vn -0.032800 0.617153 0.786159
vn -0.042928 0.554565 0.831033
vn -0.025990 0.508529 0.860652
vn -0.016530 0.572258 0.819907
vn -0.049035 0.660194 0.749492
vn -0.048594 0.743196 0.667307
vn -0.032437 0.702843 0.710605
vn -0.016231 0.661259 0.749982
vn -0.016241 0.744093 0.667878
vn -0.080667 0.883308 0.461801
vn -0.097411 0.777107 0.621785
vn -0.080262 0.814857 0.574078
vn -0.096155 0.847761 0.521589
vn -0.064610 0.780296 0.622064
vn -0.063660 0.849971 0.522969
vn -0.080926 0.939441 0.333018
vn -0.096862 0.912464 0.397526
vn -0.065208 0.914787 0.398637
vn -0.048025 0.816981 0.574662
vn -0.032359 0.782092 0.622322
vn -0.031766 0.851253 0.523793
vn -0.016090 0.817828 0.575238
vn -0.049169 0.941316 0.333925
vn -0.032758 0.915828 0.400232
vn -0.016472 0.942244 0.334522
vn -0.048339 0.884747 0.463559
vn -0.016264 0.885657 0.464056
vn 0.016264 -0.885657 -0.464056
vn 0.048339 -0.884747 -0.463559
vn 0.016090 -0.817828 -0.575238
vn 0.000000 -0.851722 -0.523993
vn 0.000000 -0.782714 -0.622382
vn 0.031766 -0.851253 -0.523793
vn 0.032359 -0.782092 -0.622322
vn 0.048025 -0.816981 -0.574662
vn 0.063660 -0.849971 -0.522969
vn 0.064610 -0.780296 -0.622064
vn 0.080667 -0.883308 -0.461801
vn 0.096155 -0.847761 -0.521589
vn 0.080262 -0.814857 -0.574078
vn 0.097411 -0.777107 -0.621785
vn 0.016530 -0.572258 -0.819907
vn 0.000000 -0.526848 -0.849959
vn 0.025990 -0.508529 -0.860652
vn 0.042928 -0.554565 -0.831033
vn 0.069928 -0.535957 -0.841344
vn 0.097650 -0.516799 -0.850519
vn 0.000000 -0.703215 -0.710977
vn 0.016241 -0.744093 -0.667878
vn 0.016231 -0.661259 -0.749982
vn 0.032437 -0.702843 -0.710605
vn 0.048594 -0.743196 -0.667307
vn 0.049035 -0.660194 -0.749492
vn -0.000000 -0.617755 -0.786371
vn 0.032800 -0.617153 -0.786159
vn 0.065245 -0.701229 -0.709944
vn 0.076514 -0.644396 -0.760855
vn 0.081343 -0.740301 -0.667336
vn 0.093645 -0.687243 -0.720367
vn 0.059567 -0.600289 -0.797562
vn 0.087302 -0.582699 -0.807985
vn 0.113355 -0.811566 -0.573159
vn 0.129063 -0.843512 -0.521373
vn 0.145235 -0.801450 -0.580160
vn 0.163229 -0.838136 -0.520466
vn 0.199621 -0.832371 -0.517020
vn 0.110524 -0.727453 -0.677198
vn 0.123125 -0.672231 -0.730031
vn 0.140780 -0.713351 -0.686521
vn 0.127306 -0.765234 -0.631039
vn 0.159665 -0.752977 -0.638383
vn 0.105171 -0.628239 -0.770880
vn 0.116185 -0.564141 -0.817463
vn 0.134962 -0.610837 -0.780169
vn 0.153526 -0.655830 -0.739133
vn 0.146005 -0.544633 -0.825868
vn 0.173425 -0.698870 -0.693905
vn 0.179493 -0.794386 -0.580288
vn 0.216962 -0.786432 -0.578319
vn 0.194728 -0.743405 -0.639868
vn 0.186376 -0.639145 -0.746162
vn 0.165437 -0.592192 -0.788631
vn 0.198347 -0.573925 -0.794524
vn 0.223336 -0.621010 -0.751310
vn 0.209513 -0.685873 -0.696910
vn 0.086941 -0.909533 -0.406436
vn 0.061964 -0.957405 -0.282022
vn 0.149185 -0.707563 -0.690723
vn 0.039317 -0.984330 -0.171898
vn 0.048179 -0.975407 -0.215080
vn 0.242011 -0.418473 -0.875392
vn 0.052952 -0.981360 -0.184738
vn 0.087865 -0.942142 -0.323495
vn 0.066205 -0.969509 -0.235944
vn 0.140481 -0.850556 -0.506774
vn 0.130881 -0.912632 -0.387263
vn 0.088812 -0.960156 -0.264977
vn 0.033069 -0.989436 -0.141148
vn 0.026199 -0.992726 -0.117513
vn 0.035334 -0.991708 -0.123558
vn 0.023235 -0.995875 -0.087707
vn 0.028567 -0.994216 -0.103530
vn 0.043987 -0.987746 -0.149742
vn 0.056544 -0.985564 -0.159584
vn 0.045444 -0.990437 -0.130267
vn 0.069210 -0.977299 -0.200244
vn 0.037179 -0.993422 -0.108308
vn 0.030661 -0.995353 -0.091285
vn 0.225806 -0.714448 -0.662250
vn 0.198021 -0.850987 -0.486424
vn 0.343899 -0.419424 -0.840129
vn 0.071390 -0.982647 -0.171194
vn 0.124802 -0.943405 -0.307265
vn 0.089309 -0.971126 -0.221219
vn 0.056960 -0.988827 -0.137753
vn 0.046626 -0.992445 -0.113482
vn 0.057609 -0.991232 -0.118911
vn 0.176716 -0.911643 -0.371050
vn 0.303467 -0.708953 -0.636626
vn 0.089326 -0.978448 -0.186175
vn 0.119430 -0.960667 -0.250710
vn 0.070756 -0.986741 -0.146071
vn 0.089321 -0.983451 -0.157628
vn 0.156244 -0.945608 -0.285330
vn 0.111883 -0.972498 -0.204281
vn 0.018927 -0.997008 -0.074943
vn 0.025429 -0.996657 -0.077643
vn 0.021098 -0.997559 -0.066562
vn 0.027402 -0.997253 -0.068809
vn 0.038762 -0.994707 -0.095159
vn 0.032490 -0.996219 -0.080572
vn 0.017403 -0.998209 -0.057234
vn 0.023106 -0.997992 -0.058972
vn 0.019394 -0.998534 -0.050525
vn 0.015705 -0.998908 -0.043991
vn 0.021261 -0.998796 -0.044209
vn 0.025156 -0.998340 -0.051803
vn 0.029436 -0.997724 -0.060660
vn 0.027111 -0.998644 -0.044445
vn 0.034445 -0.996880 -0.071024
vn 0.040468 -0.995687 -0.083481
vn 0.047945 -0.993937 -0.098943
vn 0.042394 -0.996453 -0.072691
vn 0.059350 -0.992826 -0.103795
vn 0.071897 -0.989344 -0.126604
vn 0.049904 -0.995000 -0.086516
vn 0.061049 -0.994078 -0.089902
vn 0.036367 -0.997439 -0.061580
vn 0.031377 -0.998140 -0.052267
vn 0.044265 -0.997061 -0.062522
vn 0.038310 -0.997880 -0.052619
vn 0.045992 -0.997529 -0.053115
vn 0.051717 -0.995867 -0.074668
vn 0.248506 -0.855373 -0.454512
vn 0.434919 -0.423681 -0.794569
vn 0.140935 -0.963577 -0.227280
vn 0.361642 -0.725887 -0.585067
vn 0.207986 -0.918793 -0.335502
vn 0.516883 -0.432377 -0.738838
vn 0.073161 -0.991314 -0.109288
vn 0.089396 -0.986824 -0.134861
vn 0.109884 -0.979133 -0.170950
vn 0.108292 -0.983574 -0.144415
vn 0.180362 -0.949090 -0.258258
vn 0.089437 -0.989296 -0.115306
vn 0.074124 -0.992822 -0.093866
vn 0.287934 -0.863888 -0.413269
vn 0.135719 -0.972964 -0.186871
vn 0.237558 -0.922681 -0.303688
vn 0.419881 -0.733401 -0.534625
vn 0.107145 -0.986732 -0.121985
vn 0.169982 -0.963332 -0.207599
vn 0.131664 -0.979034 -0.155425
vn 0.062505 -0.995071 -0.076981
vn 0.053335 -0.996541 -0.063721
vn 0.063700 -0.995839 -0.065171
vn 0.089465 -0.991143 -0.098138
vn 0.074972 -0.993997 -0.079680
vn 0.106123 -0.989084 -0.102226
vn 0.089440 -0.992548 -0.082755
vn 0.075698 -0.994877 -0.067004
vn 0.594904 -0.438539 -0.673627
vn 0.325881 -0.869357 -0.371511
vn 0.219639 -0.946167 -0.237752
vn 0.470155 -0.741892 -0.478070
vn 0.128509 -0.983268 -0.129112
vn 0.162579 -0.971976 -0.169798
vn 0.291673 -0.914492 -0.280412
vn 0.205349 -0.960197 -0.189349
vn 0.665317 -0.442251 -0.601471
vn 0.408523 -0.843977 -0.347579
vn 0.125937 -0.986302 -0.106527
vn 0.105185 -0.990816 -0.084968
vn 0.156401 -0.977951 -0.138387
vn 0.265024 -0.939786 -0.215787
vn 0.193637 -0.969464 -0.150478
vn 0.597412 -0.665159 -0.447953
vn 0.357627 -0.898239 -0.255479
vn 0.017775 -0.999141 -0.037443
vn 0.014764 -0.999406 -0.031151
vn 0.019684 -0.999303 -0.031732
vn 0.023013 -0.999005 -0.038213
vn 0.024717 -0.999166 -0.032490
vn 0.016635 -0.999530 -0.025750
vn 0.013818 -0.999702 -0.020148
vn 0.018298 -0.999621 -0.020576
vn 0.021372 -0.999425 -0.026336
vn 0.023000 -0.999514 -0.021026
vn 0.028800 -0.998861 -0.038036
vn 0.033367 -0.998454 -0.044458
vn 0.030471 -0.999020 -0.032092
vn 0.040151 -0.998203 -0.044471
vn 0.035001 -0.998673 -0.037791
vn 0.041768 -0.998425 -0.037451
vn 0.026367 -0.999289 -0.026948
vn 0.032143 -0.999137 -0.026294
vn 0.027983 -0.999377 -0.021516
vn 0.036687 -0.998828 -0.031561
vn 0.033799 -0.999219 -0.020488
vn 0.038405 -0.998940 -0.025389
vn 0.015421 -0.999767 -0.015078
vn 0.017023 -0.999805 -0.010022
vn 0.019931 -0.999683 -0.015381
vn 0.021536 -0.999716 -0.010224
vn 0.014275 -0.999886 -0.004946
vn 0.015855 -0.999874 0.000000
vn 0.018600 -0.999814 -0.005023
vn 0.023051 -0.999721 -0.005129
vn 0.020106 -0.999798 0.000000
vn 0.024634 -0.999573 -0.015713
vn 0.029575 -0.999432 -0.016161
vn 0.026209 -0.999601 -0.010503
vn 0.035448 -0.999261 -0.014845
vn 0.031168 -0.999456 -0.010816
vn 0.037134 -0.999268 -0.009222
vn 0.027748 -0.999601 -0.005285
vn 0.024579 -0.999698 0.000000
vn 0.029330 -0.999570 0.000000
vn 0.032770 -0.999448 -0.005437
vn 0.034392 -0.999408 0.000000
vn 0.047639 -0.997872 -0.044512
vn 0.054790 -0.997053 -0.053699
vn 0.056042 -0.997434 -0.044539
vn 0.049363 -0.998093 -0.037059
vn 0.064677 -0.996424 -0.054364
vn 0.076228 -0.995558 -0.055266
vn 0.065647 -0.996847 -0.044580
vn 0.043570 -0.998572 -0.030902
vn 0.051231 -0.998233 -0.030105
vn 0.045356 -0.998674 -0.024370
vn 0.057808 -0.997656 -0.036608
vn 0.053078 -0.998320 -0.023217
vn 0.059770 -0.997787 -0.029134
vn 0.067469 -0.997071 -0.036009
vn 0.089490 -0.993606 -0.068834
vn 0.123900 -0.988468 -0.087064
vn 0.151170 -0.982145 -0.111982
vn 0.089525 -0.994411 -0.055964
vn 0.104566 -0.992086 -0.069505
vn 0.244282 -0.955391 -0.165993
vn 0.184319 -0.975674 -0.118688
vn 0.626349 -0.670609 -0.397456
vn 0.371214 -0.901384 -0.222950
vn 0.147424 -0.985008 -0.089581
vn 0.122360 -0.990031 -0.069760
vn 0.252299 -0.957058 -0.142776
vn 0.189229 -0.976804 -0.100233
vn 0.076904 -0.996039 -0.044628
vn 0.104073 -0.993032 -0.055286
vn 0.090015 -0.994962 -0.044145
vn 0.078781 -0.996268 -0.035260
vn 0.069539 -0.997188 -0.027922
vn 0.090590 -0.995344 -0.032913
vn 0.125440 -0.990466 -0.056934
vn 0.151088 -0.985717 -0.074400
vn 0.193493 -0.977713 -0.081474
vn 0.106338 -0.993371 -0.043659
vn 0.154621 -0.986196 -0.059241
vn 0.127873 -0.990833 -0.043566
vn 0.040123 -0.999009 -0.019278
vn 0.047128 -0.998728 -0.017937
vn 0.041884 -0.999033 -0.013338
vn 0.054958 -0.998355 -0.016337
vn 0.061723 -0.997857 -0.021715
vn 0.049008 -0.998731 -0.011611
vn 0.061980 -0.997992 -0.013016
vn 0.038829 -0.999240 -0.003517
vn 0.043675 -0.999019 -0.007370
vn 0.043716 -0.999044 0.000000
vn 0.049063 -0.998788 -0.003868
vn 0.055059 -0.998450 -0.008143
vn 0.055061 -0.998483 0.000000
vn 0.069807 -0.997388 -0.018549
vn 0.078988 -0.996563 -0.024964
vn 0.079122 -0.996753 -0.014920
vn 0.106628 -0.993808 -0.031251
vn 0.128034 -0.991337 -0.029286
vn 0.090588 -0.995651 -0.021723
vn 0.106406 -0.994148 -0.018662
vn 0.062006 -0.998066 -0.004346
vn 0.069949 -0.997507 -0.009295
vn 0.079145 -0.996851 -0.005000
vn 0.069997 -0.997547 0.000000
vn 0.090574 -0.995831 -0.010807
vn 0.127694 -0.991705 -0.014652
vn 0.106410 -0.994303 -0.006275
vn 0.090608 -0.995887 0.000000
vn 0.127630 -0.991822 0.000000
vn 0.652743 -0.675064 -0.343823
vn 0.382762 -0.904351 -0.188792
vn 0.258720 -0.958666 -0.118424
vn 0.674295 -0.680748 -0.286197
vn 0.393442 -0.906481 -0.153285
vn 0.264252 -0.959911 -0.093496
vn 0.197640 -0.978263 -0.062765
vn 0.693622 -0.683975 -0.225979
vn 0.157267 -0.986601 -0.043428
vn 0.200424 -0.978754 -0.043254
vn 0.269281 -0.960602 -0.068780
vn 0.400113 -0.909056 -0.116303
vn 0.708608 -0.686256 -0.164097
vn 0.157521 -0.987163 -0.026376
vn 0.405975 -0.910399 -0.079738
vn 0.270918 -0.961648 -0.042865
vn 0.718637 -0.688046 -0.100761
vn 0.157504 -0.987479 -0.008821
vn 0.202184 -0.979098 -0.022090
vn 0.406900 -0.912521 -0.041695
vn 0.274557 -0.961457 -0.014781
vn 0.718919 -0.694236 -0.034522
vn 0.202245 -0.979335 0.000000
vn 0.416334 -0.909212 0.000000
vn 0.000000 -0.465697 -0.884944
vn 0.000000 -0.403400 -0.915024
vn 0.026424 -0.446054 -0.894616
vn 0.026494 -0.382558 -0.923551
vn -0.000000 -0.339161 -0.940728
vn 0.000000 -0.273324 -0.961922
vn 0.026545 -0.316732 -0.948144
vn 0.052542 -0.489292 -0.870536
vn 0.053116 -0.425477 -0.903409
vn 0.079463 -0.469140 -0.879542
vn 0.080009 -0.403511 -0.911470
vn 0.053160 -0.360335 -0.931307
vn 0.053606 -0.292094 -0.954886
vn 0.080856 -0.336064 -0.938362
vn 0.081153 -0.266159 -0.960507
vn 0.000000 -0.206132 -0.978524
vn -0.000000 -0.137984 -0.990435
vn 0.026769 -0.248455 -0.968273
vn 0.026742 -0.179790 -0.983341
vn -0.000000 -0.069167 -0.997605
vn 0.014275 -0.999886 0.004946
vn 0.017023 -0.999805 0.010022
vn 0.018600 -0.999814 0.005023
vn 0.023051 -0.999721 0.005129
vn 0.021536 -0.999716 0.010224
vn 0.015421 -0.999767 0.015078
vn 0.013818 -0.999702 0.020148
vn 0.010178 -0.729459 -0.683949
vn 0.017880 -0.726713 -0.686708
vn 0.018298 -0.999621 0.020576
vn 0.018873 -0.726629 -0.686771
vn 0.019931 -0.999683 0.015381
vn 0.021115 -0.726809 -0.686515
vn 0.023000 -0.999514 0.021026
vn 0.022177 -0.726707 -0.686590
vn 0.024522 -0.726885 -0.686322
vn 0.028955 -0.740975 -0.670908
vn 0.027748 -0.999601 0.005285
vn 0.026209 -0.999601 0.010503
vn 0.032770 -0.999448 0.005437
vn 0.031168 -0.999456 0.010816
vn 0.037134 -0.999268 0.009222
vn 0.024634 -0.999573 0.015713
vn 0.029575 -0.999432 0.016161
vn 0.027983 -0.999377 0.021515
vn 0.036074 -0.742998 -0.668321
vn 0.043356 -0.740789 -0.670337
vn 0.050419 -0.728741 -0.682931
vn 0.053204 -0.728417 -0.683065
vn 0.054421 -0.728230 -0.683169
vn 0.035448 -0.999261 0.014845
vn 0.033799 -0.999219 0.020488
vn 0.038405 -0.998940 0.025389
vn 0.026785 -0.110741 -0.993488
vn 0.056126 -0.728956 -0.682256
vn 0.057704 -0.729718 -0.681309
vn 0.060959 -0.729330 -0.681441
vn 0.053626 -0.222349 -0.973491
vn 0.053732 -0.152693 -0.986812
vn 0.080808 -0.195528 -0.977363
vn 0.038829 -0.999240 0.003517
vn 0.043675 -0.999019 0.007370
vn 0.041884 -0.999033 0.013338
vn 0.049063 -0.998788 0.003868
vn 0.055059 -0.998450 0.008143
vn 0.049008 -0.998731 0.011611
vn 0.054958 -0.998355 0.016337
vn 0.061980 -0.997992 0.013016
vn 0.040123 -0.999009 0.019278
vn 0.047128 -0.998728 0.017937
vn 0.045356 -0.998674 0.024370
vn 0.053078 -0.998320 0.023217
vn 0.061723 -0.997857 0.021715
vn 0.059770 -0.997787 0.029134
vn 0.062006 -0.998066 0.004346
vn 0.069949 -0.997507 0.009295
vn 0.079145 -0.996851 0.005000
vn 0.069807 -0.997388 0.018549
vn 0.079122 -0.996753 0.014920
vn 0.090574 -0.995831 0.010807
vn 0.106410 -0.994303 0.006275
vn 0.127694 -0.991705 0.014652
vn 0.090588 -0.995651 0.021723
vn 0.106406 -0.994148 0.018662
vn 0.128034 -0.991337 0.029286
vn 0.078988 -0.996563 0.024964
vn 0.069539 -0.997188 0.027922
vn 0.078781 -0.996268 0.035260
vn 0.090590 -0.995344 0.032913
vn 0.106628 -0.993808 0.031251
vn 0.106338 -0.993371 0.043659
vn 0.127873 -0.990833 0.043566
vn 0.154622 -0.986196 0.059241
vn 0.053938 -0.080133 -0.995324
vn 0.070886 -0.731653 -0.677981
vn 0.062611 -0.729102 -0.681535
vn 0.076673 -0.729701 -0.679454
vn 0.078729 -0.730475 -0.678386
vn 0.051231 -0.998233 0.030105
vn 0.082681 -0.730048 -0.678376
vn 0.084626 -0.729684 -0.678527
vn 0.067469 -0.997071 0.036009
vn 0.087304 -0.730637 -0.677161
vn 0.089347 -0.731919 -0.675508
vn 0.099420 -0.716877 -0.690074
vn 0.104559 -0.716318 -0.689896
vn 0.081139 -0.122180 -0.989186
vn 0.081679 -0.041787 -0.995782
vn 0.107368 -0.715728 -0.690077
vn 0.117485 -0.718622 -0.685405
vn 0.123961 -0.716319 -0.686673
vn 0.128815 -0.717458 -0.684588
vn 0.090015 -0.994962 0.044145
vn 0.135452 -0.716445 -0.684368
vn 0.139944 -0.715353 -0.684606
vn 0.146091 -0.716806 -0.681796
vn 0.125440 -0.990466 0.056934
vn 0.153570 -0.717277 -0.679654
vn 0.165246 -0.716348 -0.677893
vn 0.173786 -0.713911 -0.678328
vn 0.193493 -0.977713 0.081474
vn 0.185813 -0.715699 -0.673237
vn 0.194715 -0.732279 -0.652575
vn 0.204500 -0.728212 -0.654131
vn 0.126518 -0.496221 -0.858929
vn 0.106822 -0.447972 -0.887643
vn 0.155717 -0.474514 -0.866365
vn 0.135011 -0.425364 -0.894895
vn 0.108150 -0.379682 -0.918774
vn 0.108769 -0.310493 -0.944332
vn 0.136384 -0.355187 -0.924793
vn 0.136870 -0.283714 -0.949090
vn 0.163950 -0.401543 -0.901046
vn 0.165260 -0.328915 -0.929787
vn 0.193975 -0.375986 -0.906095
vn 0.195242 -0.298741 -0.934149
vn 0.176343 -0.524199 -0.833138
vn 0.185894 -0.451749 -0.872563
vn 0.209229 -0.503446 -0.838311
vn 0.218814 -0.428059 -0.876861
vn 0.108793 -0.239591 -0.964759
vn 0.108743 -0.165013 -0.980278
vn 0.136820 -0.208669 -0.968368
vn 0.157504 -0.987479 0.008821
vn 0.274557 -0.961457 0.014781
vn 0.718919 -0.694236 0.034522
vn 0.202184 -0.979098 0.022090
vn 0.406900 -0.912521 0.041695
vn 0.157521 -0.987163 0.026376
vn 0.200424 -0.978754 0.043254
vn 0.270918 -0.961647 0.042865
vn 0.718638 -0.688046 0.100761
vn 0.405975 -0.910399 0.079738
vn 0.157267 -0.986601 0.043428
vn 0.269281 -0.960602 0.068780
vn 0.708609 -0.686254 0.164098
vn 0.400113 -0.909056 0.116303
vn 0.197640 -0.978263 0.062765
vn 0.264252 -0.959911 0.093496
vn 0.393443 -0.906480 0.153285
vn 0.693622 -0.683975 0.225979
vn 0.110160 -0.084060 -0.990353
vn 0.674296 -0.680746 0.286198
vn 0.249153 -0.725407 -0.641645
vn 0.223581 -0.730187 -0.645630
vn 0.258720 -0.958665 0.118426
vn 0.290919 -0.719950 -0.630109
vn 0.301726 -0.718915 -0.626197
vn 0.335980 -0.682055 -0.649552
vn 0.411951 -0.667018 -0.620793
vn 0.533440 -0.570306 -0.624654
vn 0.723218 -0.396705 -0.565315
vn 0.139842 -0.128329 -0.981823
vn 0.140733 -0.043181 -0.989105
vn 0.165649 -0.253129 -0.953145
vn 0.169547 -0.172722 -0.970268
vn 0.200282 -0.217878 -0.955205
vn 0.172115 -0.087722 -0.981163
vn 0.203827 -0.132354 -0.970019
vn 0.205586 -0.044721 -0.977617
vn 0.233474 -0.732188 -0.639836
vn 0.257052 -0.775947 -0.576047
vn 0.301016 -0.762734 -0.572386
vn 0.264245 -0.600415 -0.754769
vn 0.249583 -0.670024 -0.699125
vn 0.275738 -0.717940 -0.639164
vn 0.293060 -0.650968 -0.700255
vn 0.321275 -0.700116 -0.637668
vn 0.369847 -0.678225 -0.634999
vn 0.235924 -0.551136 -0.800368
vn 0.247134 -0.476042 -0.843984
vn 0.277479 -0.525785 -0.804087
vn 0.256443 -0.398110 -0.880764
vn 0.225404 -0.347782 -0.910077
vn 0.258315 -0.316975 -0.912579
vn 0.288495 -0.447816 -0.846305
vn 0.292042 -0.366920 -0.883222
vn 0.321300 -0.498718 -0.805014
vn 0.308187 -0.576531 -0.756725
vn 0.339461 -0.628415 -0.699900
vn 0.387993 -0.602439 -0.697516
vn 0.354595 -0.550473 -0.755806
vn 0.401430 -0.524266 -0.750998
vn 0.327140 -0.417750 -0.847623
vn 0.329583 -0.334887 -0.882737
vn 0.368415 -0.386689 -0.845424
vn 0.363703 -0.469983 -0.804261
vn 0.409320 -0.440799 -0.798845
vn 0.413560 -0.351174 -0.840027
vn 0.230351 -0.263820 -0.936663
vn 0.235044 -0.177584 -0.955624
vn 0.237899 -0.089317 -0.967175
vn 0.270874 -0.047175 -0.961458
vn 0.264361 -0.230368 -0.936506
vn 0.292783 -0.284300 -0.912936
vn 0.298565 -0.193257 -0.934618
vn 0.268616 -0.139901 -0.953034
vn 0.302268 -0.097991 -0.948173
vn 0.329172 -0.248412 -0.911009
vn 0.369919 -0.299430 -0.879490
vn 0.367792 -0.208490 -0.906234
vn 0.413796 -0.258441 -0.872915
vn 0.334617 -0.151972 -0.930019
vn 0.338165 -0.051243 -0.939691
vn 0.373311 -0.105894 -0.921643
vn 0.408587 -0.164357 -0.897799
vn 0.413290 -0.055714 -0.908894
vn 0.420956 -0.653431 -0.629145
vn 0.438779 -0.578061 -0.687981
vn 0.451384 -0.496507 -0.741440
vn 0.459364 -0.406291 -0.789881
vn 0.505843 -0.463244 -0.727686
vn 0.462483 -0.310534 -0.830469
vn 0.459660 -0.213506 -0.862049
vn 0.513209 -0.366308 -0.776167
vn 0.570798 -0.321502 -0.755530
vn 0.514046 -0.265685 -0.815579
vn 0.569167 -0.214563 -0.793733
vn 0.451821 -0.115129 -0.884648
vn 0.508608 -0.163223 -0.845385
vn 0.560287 -0.106200 -0.821462
vn 0.497290 -0.060156 -0.865497
vn 0.016472 -0.942244 -0.334522
vn 0.000000 -0.916161 -0.400810
vn 0.032758 -0.915828 -0.400232
vn 0.049169 -0.941316 -0.333925
vn 0.000000 -0.963689 -0.267026
vn 0.016458 -0.979582 -0.200372
vn -0.000000 -0.991025 -0.133678
vn 0.032838 -0.963170 -0.266880
vn 0.048558 -0.978250 -0.201666
vn 0.032157 -0.990286 -0.135276
vn 0.065208 -0.914787 -0.398637
vn 0.096862 -0.912464 -0.397526
vn 0.080926 -0.939441 -0.333018
vn 0.064819 -0.961335 -0.267645
vn 0.061295 -0.989022 -0.134455
vn 0.078288 -0.976284 -0.201841
vn 0.090272 -0.986597 -0.135934
vn 0.095251 -0.958152 -0.269948
vn 0.000000 -1.000000 -0.000000
vn 0.015682 -0.997520 -0.068619
vn 0.015682 -0.997520 0.068619
vn 0.028473 -0.999595 -0.000000
vn 0.044502 -0.996750 -0.067150
vn 0.044502 -0.996750 0.067150
vn 0.000000 -0.991025 0.133678
vn 0.000000 -0.963689 0.267026
vn 0.016458 -0.979582 0.200372
vn 0.032157 -0.990286 0.135276
vn 0.032838 -0.963170 0.266880
vn 0.048558 -0.978250 0.201666
vn 0.056496 -0.998403 0.000000
vn 0.072869 -0.995042 -0.067681
vn 0.072869 -0.995042 0.067681
vn 0.084910 -0.996389 -0.000000
vn 0.101966 -0.992414 -0.068684
vn 0.101966 -0.992414 0.068684
vn 0.061295 -0.989022 0.134455
vn 0.064819 -0.961335 0.267645
vn 0.090272 -0.986597 0.135934
vn 0.078288 -0.976284 0.201841
vn 0.095251 -0.958152 0.269948
vn 0.111942 -0.934983 -0.336564
vn 0.142876 -0.928786 -0.341969
vn 0.107970 -0.972791 -0.204987
vn 0.120454 -0.983121 -0.137713
vn 0.125574 -0.953412 -0.274293
vn 0.138888 -0.968187 -0.208144
vn 0.156929 -0.947521 -0.278528
vn 0.151682 -0.978465 -0.139998
vn 0.112528 -0.880270 -0.460935
vn 0.128437 -0.906524 -0.402141
vn 0.144518 -0.872668 -0.466438
vn 0.170626 -0.962366 -0.211517
vn 0.183512 -0.972583 -0.142848
vn 0.159831 -0.898681 -0.408445
vn 0.174791 -0.921299 -0.347356
vn 0.180079 -0.868483 -0.461854
vn 0.196244 -0.894638 -0.401386
vn 0.212262 -0.917212 -0.337146
vn 0.217485 -0.862997 -0.455999
vn 0.189269 -0.940211 -0.283162
vn 0.203210 -0.954977 -0.216158
vn 0.216454 -0.965254 -0.146398
vn 0.114151 -0.993463 0.000000
vn 0.132408 -0.988748 -0.069615
vn 0.144100 -0.989563 0.000000
vn 0.132408 -0.988748 0.069615
vn 0.120454 -0.983121 0.137713
vn 0.107970 -0.972791 0.204987
vn 0.125574 -0.953412 0.274293
vn 0.151682 -0.978465 0.139998
vn 0.138888 -0.968187 0.208144
vn 0.156929 -0.947521 0.278528
vn 0.163301 -0.984046 -0.070606
vn 0.175156 -0.984541 -0.000000
vn 0.163301 -0.984046 0.070606
vn 0.195392 -0.978052 -0.072357
vn 0.207572 -0.978220 0.000000
vn 0.195392 -0.978052 0.072357
vn 0.183512 -0.972583 0.142848
vn 0.170626 -0.962366 0.211517
vn 0.189269 -0.940211 0.283162
vn 0.216454 -0.965254 0.146398
vn 0.203210 -0.954977 0.216158
vn 0.016472 -0.942244 0.334522
vn -0.000000 -0.916161 0.400810
vn 0.049169 -0.941316 0.333925
vn 0.032758 -0.915828 0.400232
vn 0.016264 -0.885657 0.464056
vn 0.048339 -0.884747 0.463559
vn -0.000000 -0.851722 0.523993
vn 0.016090 -0.817828 0.575238
vn 0.000000 -0.782714 0.622382
vn 0.031766 -0.851253 0.523793
vn 0.032359 -0.782092 0.622322
vn 0.048025 -0.816981 0.574662
vn 0.065208 -0.914787 0.398637
vn 0.080926 -0.939441 0.333018
vn 0.096862 -0.912464 0.397526
vn 0.080667 -0.883308 0.461801
vn 0.063660 -0.849971 0.522969
vn 0.064610 -0.780296 0.622064
vn 0.096155 -0.847761 0.521589
vn 0.080262 -0.814857 0.574078
vn 0.097411 -0.777107 0.621785
vn -0.000000 -0.703215 0.710977
vn 0.016241 -0.744093 0.667878
vn 0.016231 -0.661259 0.749982
vn 0.032437 -0.702843 0.710605
vn 0.048594 -0.743196 0.667307
vn 0.049035 -0.660194 0.749492
vn 0.000000 -0.617755 0.786371
vn 0.032800 -0.617153 0.786159
vn 0.016530 -0.572258 0.819907
vn 0.000000 -0.526848 0.849959
vn 0.025990 -0.508529 0.860652
vn 0.042928 -0.554565 0.831033
vn 0.065245 -0.701229 0.709944
vn 0.076514 -0.644396 0.760855
vn 0.081343 -0.740301 0.667336
vn 0.093645 -0.687243 0.720367
vn 0.059567 -0.600289 0.797562
vn 0.087302 -0.582699 0.807985
vn 0.069928 -0.535957 0.841344
vn 0.097650 -0.516799 0.850519
vn 0.111942 -0.934983 0.336564
vn 0.142876 -0.928786 0.341969
vn 0.112528 -0.880270 0.460935
vn 0.128437 -0.906524 0.402141
vn 0.144518 -0.872668 0.466438
vn 0.129063 -0.843512 0.521373
vn 0.113355 -0.811566 0.573159
vn 0.145235 -0.801450 0.580160
vn 0.174791 -0.921299 0.347356
vn 0.159831 -0.898681 0.408445
vn 0.180079 -0.868483 0.461854
vn 0.212262 -0.917212 0.337146
vn 0.196244 -0.894638 0.401386
vn 0.217485 -0.862997 0.455999
vn 0.163229 -0.838136 0.520466
vn 0.199621 -0.832371 0.517020
vn 0.127306 -0.765234 0.631039
vn 0.159665 -0.752977 0.638383
vn 0.179493 -0.794386 0.580288
vn 0.216962 -0.786432 0.578319
vn 0.194728 -0.743405 0.639868
vn 0.209513 -0.685873 0.696910
vn 0.110524 -0.727453 0.677198
vn 0.123125 -0.672231 0.730031
vn 0.140780 -0.713351 0.686521
vn 0.105171 -0.628239 0.770880
vn 0.116185 -0.564141 0.817463
vn 0.153526 -0.655830 0.739133
vn 0.134962 -0.610837 0.780169
vn 0.146005 -0.544633 0.825868
vn 0.173425 -0.698870 0.693905
vn 0.186376 -0.639145 0.746162
vn 0.165437 -0.592192 0.788631
vn 0.198347 -0.573925 0.794524
vn 0.223336 -0.621010 0.751310
vn -0.000000 -0.465697 0.884944
vn 0.000000 -0.403400 0.915024
vn 0.026424 -0.446054 0.894616
vn 0.026494 -0.382558 0.923551
vn 0.000000 -0.339161 0.940728
vn -0.000000 -0.273324 0.961922
vn 0.026545 -0.316732 0.948144
vn 0.052542 -0.489292 0.870536
vn 0.053116 -0.425477 0.903409
vn 0.079463 -0.469140 0.879542
vn 0.080009 -0.403511 0.911470
vn 0.053160 -0.360335 0.931307
vn 0.053606 -0.292094 0.954886
vn 0.080856 -0.336064 0.938362
vn 0.081153 -0.266159 0.960507
vn 0.000000 -0.206132 0.978524
vn 0.000000 -0.137984 0.990435
vn 0.026769 -0.248455 0.968273
vn 0.026742 -0.179790 0.983341
vn 0.000000 -0.069167 0.997605
vn 0.026785 -0.110741 0.993488
vn 0.027008 -0.038513 0.998893
vn 0.053626 -0.222349 0.973491
vn 0.053732 -0.152693 0.986812
vn 0.080808 -0.195528 0.977363
vn 0.053938 -0.080133 0.995324
vn 0.081139 -0.122180 0.989186
vn 0.081679 -0.041787 0.995782
vn 0.155717 -0.474514 0.866365
vn 0.126518 -0.496221 0.858929
vn 0.106822 -0.447972 0.887643
vn 0.135011 -0.425364 0.894895
vn 0.108150 -0.379682 0.918774
vn 0.108769 -0.310493 0.944332
vn 0.136384 -0.355187 0.924793
vn 0.136870 -0.283714 0.949090
vn 0.176343 -0.524199 0.833138
vn 0.185894 -0.451749 0.872563
vn 0.209229 -0.503446 0.838311
vn 0.218814 -0.428059 0.876861
vn 0.163950 -0.401543 0.901046
vn 0.165260 -0.328915 0.929787
vn 0.193975 -0.375986 0.906095
vn 0.195242 -0.298741 0.934149
vn 0.108793 -0.239591 0.964759
vn 0.108743 -0.165013 0.980278
vn 0.136820 -0.208669 0.968368
vn 0.110160 -0.084060 0.990353
vn 0.139842 -0.128329 0.981823
vn 0.140733 -0.043181 0.989105
vn 0.165649 -0.253129 0.953145
vn 0.169547 -0.172722 0.970268
vn 0.200282 -0.217878 0.955205
vn 0.172115 -0.087722 0.981163
vn 0.203827 -0.132354 0.970019
vn 0.205586 -0.044721 0.977617
vn 0.234902 -0.889308 -0.392368
vn 0.252177 -0.911925 -0.323728
vn 0.227667 -0.936099 -0.268115
vn 0.242432 -0.949912 -0.197217
vn 0.256296 -0.958652 -0.123686
vn 0.268616 -0.930074 -0.250617
vn 0.284242 -0.942486 -0.175862
vn 0.228868 -0.970622 -0.074240
vn 0.241251 -0.970463 0.000000
vn 0.228868 -0.970622 0.074240
vn 0.269499 -0.961861 -0.046843
vn 0.269499 -0.961861 0.046843
vn 0.299112 -0.949237 -0.097367
vn 0.300349 -0.953829 0.000000
vn 0.299112 -0.949237 0.097367
vn 0.242432 -0.949912 0.197217
vn 0.256296 -0.958652 0.123686
vn 0.227667 -0.936099 0.268115
vn 0.284242 -0.942486 0.175862
vn 0.268616 -0.930074 0.250617
vn 0.238163 -0.824968 -0.512549
vn 0.257454 -0.856061 -0.448194
vn 0.279524 -0.815425 -0.506901
vn 0.300977 -0.846737 -0.438691
vn 0.276776 -0.882108 -0.381158
vn 0.295367 -0.904314 -0.308180
vn 0.321919 -0.872609 -0.367317
vn 0.324165 -0.803363 -0.499524
vn 0.347576 -0.834634 -0.427291
vn 0.312654 -0.921362 -0.230955
vn 0.341681 -0.893867 -0.290270
vn 0.329491 -0.932022 -0.150899
vn 0.360514 -0.909420 -0.207329
vn 0.370373 -0.860221 -0.350490
vn 0.391866 -0.880412 -0.267051
vn 0.402318 -0.900690 -0.164005
vn 0.347805 -0.746600 -0.567116
vn 0.372520 -0.787970 -0.490237
vn 0.398256 -0.819237 -0.412606
vn 0.398611 -0.725916 -0.560496
vn 0.295367 -0.904314 0.308180
vn 0.332791 -0.941625 -0.050910
vn 0.332791 -0.941625 0.050910
vn 0.366793 -0.924340 -0.105161
vn 0.368846 -0.929491 0.000000
vn 0.366793 -0.924340 0.105161
vn 0.407268 -0.911629 -0.055367
vn 0.407268 -0.911629 0.055367
vn 0.329491 -0.932022 0.150899
vn 0.312654 -0.921362 0.230955
vn 0.341681 -0.893867 0.290270
vn 0.360514 -0.909420 0.207329
vn 0.402318 -0.900690 0.164005
vn 0.370373 -0.860221 0.350490
vn 0.391866 -0.880412 0.267051
vn 0.425541 -0.768226 -0.478272
vn 0.454053 -0.799183 -0.393880
vn 0.423262 -0.844043 -0.329304
vn 0.473499 -0.831572 -0.290320
vn 0.437847 -0.870251 -0.225727
vn 0.487508 -0.854710 -0.178344
vn 0.510833 -0.781169 -0.358922
vn 0.530541 -0.811205 -0.245912
vn 0.447238 -0.886954 -0.115286
vn 0.450332 -0.892861 0.000000
vn 0.447238 -0.886954 0.115286
vn 0.494740 -0.866929 -0.060546
vn 0.494740 -0.866929 0.060546
vn 0.543067 -0.830319 -0.125093
vn 0.547432 -0.836850 0.000000
vn 0.543067 -0.830319 0.125093
vn 0.437847 -0.870251 0.225727
vn 0.487508 -0.854710 0.178344
vn 0.423262 -0.844043 0.329304
vn 0.473499 -0.831572 0.290320
vn 0.454053 -0.799183 0.393880
vn 0.530541 -0.811205 0.245912
vn 0.510833 -0.781169 0.358922
vn 0.234902 -0.889308 0.392368
vn 0.252177 -0.911925 0.323728
vn 0.238163 -0.824968 0.512549
vn 0.257454 -0.856061 0.448194
vn 0.276776 -0.882108 0.381158
vn 0.300977 -0.846737 0.438691
vn 0.279524 -0.815425 0.506901
vn 0.257052 -0.775947 0.576047
vn 0.233474 -0.732188 0.639836
vn 0.301016 -0.762734 0.572386
vn 0.249583 -0.670024 0.699125
vn 0.275738 -0.717940 0.639164
vn 0.293060 -0.650968 0.700255
vn 0.321919 -0.872609 0.367317
vn 0.347576 -0.834634 0.427291
vn 0.324165 -0.803363 0.499524
vn 0.347805 -0.746600 0.567116
vn 0.398256 -0.819237 0.412606
vn 0.372520 -0.787970 0.490237
vn 0.398611 -0.725916 0.560496
vn 0.321275 -0.700116 0.637668
vn 0.369847 -0.678225 0.634999
vn 0.264245 -0.600415 0.754769
vn 0.425541 -0.768226 0.478272
vn 0.452504 -0.702191 -0.549699
vn 0.483502 -0.744743 -0.459983
vn 0.475572 -0.630497 -0.613437
vn 0.510294 -0.679997 -0.526501
vn 0.547559 -0.713648 -0.436905
vn 0.533794 -0.604638 -0.591165
vn 0.577677 -0.638212 -0.508896
vn 0.575837 -0.749374 -0.326880
vn 0.493162 -0.551488 -0.672794
vn 0.552449 -0.518905 -0.652333
vn 0.565112 -0.423784 -0.707853
vn 0.596014 -0.777055 -0.202368
vn 0.618807 -0.670286 -0.409626
vn 0.649470 -0.703926 -0.287536
vn 0.602530 -0.552297 -0.576129
vn 0.651508 -0.583655 -0.484650
vn 0.621020 -0.454149 -0.638814
vn 0.677143 -0.484384 -0.553940
vn 0.696292 -0.612857 -0.373610
vn 0.728785 -0.642646 -0.236388
vn 0.730972 -0.511748 -0.451435
vn 0.778069 -0.536960 -0.326009
vn 0.575837 -0.749374 0.326880
vn 0.547559 -0.713648 0.436905
vn 0.607034 -0.791661 -0.069153
vn 0.607034 -0.791661 0.069153
vn 0.669511 -0.727761 -0.148725
vn 0.677038 -0.735948 0.000000
vn 0.669511 -0.727761 0.148725
vn 0.596014 -0.777055 0.202368
vn 0.649470 -0.703926 0.287536
vn 0.618807 -0.670286 0.409626
vn 0.747733 -0.659029 -0.081096
vn 0.747733 -0.659029 0.081096
vn 0.811659 -0.558554 -0.170956
vn 0.823845 -0.566815 0.000000
vn 0.811659 -0.558554 0.170956
vn 0.728785 -0.642646 0.236388
vn 0.651508 -0.583655 0.484650
vn 0.696292 -0.612857 0.373610
vn 0.730972 -0.511748 0.451435
vn 0.778069 -0.536960 0.326009
vn 0.630848 -0.344764 -0.695103
vn 0.693581 -0.370728 -0.617662
vn 0.631570 -0.230524 -0.740255
vn 0.697970 -0.247899 -0.671851
vn 0.767259 -0.266917 -0.583154
vn 0.756280 -0.396064 -0.520743
vn 0.813630 -0.417563 -0.404533
vn 0.859229 -0.438014 -0.264328
vn 0.833743 -0.284958 -0.472939
vn 0.890427 -0.300268 -0.342021
vn 0.623300 -0.114328 -0.773580
vn 0.691164 -0.122967 -0.712160
vn 0.762364 -0.132776 -0.633381
vn 0.834701 -0.143100 -0.531786
vn 0.900066 -0.151683 -0.408502
vn 0.951605 -0.158820 -0.263104
vn 0.888008 -0.450456 -0.092362
vn 0.888008 -0.450456 0.092362
vn 0.930958 -0.313666 -0.186900
vn 0.948419 -0.317020 0.000000
vn 0.930958 -0.313666 0.186900
vn 0.859229 -0.438014 0.264328
vn 0.813630 -0.417563 0.404533
vn 0.756280 -0.396064 0.520743
vn 0.890427 -0.300268 0.342021
vn 0.833743 -0.284958 0.472939
vn 0.981603 -0.165617 -0.095006
vn 0.981603 -0.165617 0.095006
vn 0.951605 -0.158820 0.263104
vn 0.900066 -0.151683 0.408502
vn 0.834701 -0.143100 0.531786
vn 0.308187 -0.576531 0.756725
vn 0.339461 -0.628415 0.699900
vn 0.387993 -0.602439 0.697516
vn 0.354595 -0.550473 0.755806
vn 0.401430 -0.524266 0.750998
vn 0.363703 -0.469983 0.804261
vn 0.409320 -0.440799 0.798845
vn 0.413560 -0.351174 0.840027
vn 0.235924 -0.551136 0.800368
vn 0.247134 -0.476042 0.843984
vn 0.277479 -0.525785 0.804087
vn 0.256443 -0.398110 0.880764
vn 0.225404 -0.347782 0.910077
vn 0.258315 -0.316975 0.912579
vn 0.288495 -0.447816 0.846305
vn 0.292042 -0.366920 0.883222
vn 0.321300 -0.498718 0.805014
vn 0.327140 -0.417750 0.847623
vn 0.329583 -0.334887 0.882737
vn 0.368415 -0.386689 0.845424
vn 0.413796 -0.258441 0.872915
vn 0.264361 -0.230368 0.936506
vn 0.292783 -0.284300 0.912936
vn 0.298565 -0.193257 0.934618
vn 0.230351 -0.263820 0.936663
vn 0.235044 -0.177584 0.955624
vn 0.268616 -0.139901 0.953034
vn 0.302268 -0.097991 0.948173
vn 0.270874 -0.047175 0.961458
vn 0.237899 -0.089317 0.967175
vn 0.329172 -0.248412 0.911009
vn 0.369919 -0.299430 0.879490
vn 0.367792 -0.208490 0.906234
vn 0.334617 -0.151972 0.930019
vn 0.338165 -0.051243 0.939691
vn 0.373311 -0.105894 0.921643
vn 0.408587 -0.164357 0.897799
vn 0.413290 -0.055714 0.908894
vn 0.483502 -0.744743 0.459983
vn 0.420956 -0.653431 0.629145
vn 0.452504 -0.702191 0.549699
vn 0.475572 -0.630497 0.613437
vn 0.510294 -0.679997 0.526501
vn 0.577677 -0.638212 0.508896
vn 0.533794 -0.604638 0.591165
vn 0.438779 -0.578061 0.687981
vn 0.493162 -0.551488 0.672794
vn 0.552449 -0.518905 0.652333
vn 0.565112 -0.423784 0.707853
vn 0.451384 -0.496507 0.741440
vn 0.459364 -0.406291 0.789881
vn 0.505843 -0.463244 0.727686
vn 0.602530 -0.552297 0.576129
vn 0.677143 -0.484384 0.553940
vn 0.621020 -0.454149 0.638814
vn 0.462483 -0.310534 0.830469
vn 0.459660 -0.213506 0.862049
vn 0.513209 -0.366308 0.776167
vn 0.570798 -0.321502 0.755530
vn 0.514046 -0.265685 0.815579
vn 0.569167 -0.214563 0.793733
vn 0.451821 -0.115129 0.884648
vn 0.560287 -0.106200 0.821462
vn 0.508608 -0.163223 0.845385
vn 0.497290 -0.060156 0.865497
vn 0.693581 -0.370728 0.617662
vn 0.630848 -0.344764 0.695103
vn 0.697970 -0.247899 0.671851
vn 0.631570 -0.230524 0.740255
vn 0.767259 -0.266917 0.583154
vn 0.623300 -0.114328 0.773580
vn 0.691164 -0.122967 0.712160
vn 0.762364 -0.132776 0.633381
vn 0.149185 0.707563 -0.690723
vn 0.086941 0.909533 -0.406436
vn 0.061964 0.957405 -0.282022
vn 0.211867 -0.000000 -0.977298
vn 0.048179 0.975407 -0.215080
vn 0.039317 0.984330 -0.171898
vn 0.242011 0.418473 -0.875392
vn 0.087865 0.942142 -0.323495
vn 0.066205 0.969509 -0.235944
vn 0.140481 0.850556 -0.506774
vn 0.052952 0.981360 -0.184738
vn 0.130881 0.912632 -0.387263
vn 0.088812 0.960156 -0.264977
vn 0.033069 0.989436 -0.141148
vn 0.026199 0.992726 -0.117513
vn 0.035334 0.991708 -0.123558
vn 0.023235 0.995875 -0.087707
vn 0.028567 0.994216 -0.103530
vn 0.043987 0.987746 -0.149742
vn 0.069210 0.977299 -0.200244
vn 0.056544 0.985564 -0.159584
vn 0.045444 0.990437 -0.130267
vn 0.037179 0.993422 -0.108308
vn 0.030661 0.995353 -0.091285
vn 0.323214 0.000000 -0.946326
vn 0.225806 0.714448 -0.662250
vn 0.198021 0.850987 -0.486424
vn 0.343899 0.419424 -0.840129
vn 0.124802 0.943405 -0.307265
vn 0.089309 0.971126 -0.221219
vn 0.071390 0.982647 -0.171194
vn 0.056960 0.988827 -0.137753
vn 0.046626 0.992445 -0.113482
vn 0.057609 0.991232 -0.118911
vn 0.431479 0.000000 -0.902123
vn 0.303467 0.708953 -0.636626
vn 0.176716 0.911643 -0.371050
vn 0.089326 0.978448 -0.186175
vn 0.119430 0.960667 -0.250710
vn 0.070756 0.986741 -0.146071
vn 0.156244 0.945608 -0.285330
vn 0.111883 0.972498 -0.204281
vn 0.089321 0.983451 -0.157628
vn 0.018927 0.997008 -0.074943
vn 0.025429 0.996657 -0.077643
vn 0.021098 0.997559 -0.066562
vn 0.038762 0.994707 -0.095159
vn 0.032490 0.996219 -0.080572
vn 0.027402 0.997253 -0.068809
vn 0.017403 0.998209 -0.057234
vn 0.023106 0.997992 -0.058972
vn 0.019394 0.998534 -0.050525
vn 0.015705 0.998908 -0.043991
vn 0.021261 0.998796 -0.044209
vn 0.025156 0.998340 -0.051803
vn 0.029436 0.997724 -0.060660
vn 0.027111 0.998644 -0.044445
vn 0.040468 0.995687 -0.083481
vn 0.047945 0.993937 -0.098943
vn 0.042394 0.996453 -0.072691
vn 0.034445 0.996880 -0.071024
vn 0.059350 0.992826 -0.103795
vn 0.071897 0.989344 -0.126604
vn 0.049904 0.995000 -0.086516
vn 0.061049 0.994078 -0.089902
vn 0.036367 0.997439 -0.061580
vn 0.031377 0.998140 -0.052267
vn 0.051717 0.995867 -0.074668
vn 0.044265 0.997061 -0.062522
vn 0.038310 0.997880 -0.052619
vn 0.045992 0.997529 -0.053115
vn 0.434919 0.423681 -0.794569
vn 0.248506 0.855373 -0.454512
vn 0.140935 0.963577 -0.227280
vn 0.527190 0.000000 -0.849747
vn 0.361642 0.725887 -0.585067
vn 0.207986 0.918793 -0.335502
vn 0.516883 0.432377 -0.738838
vn 0.109884 0.979133 -0.170950
vn 0.073161 0.991314 -0.109288
vn 0.089396 0.986824 -0.134861
vn 0.180362 0.949090 -0.258258
vn 0.108292 0.983574 -0.144415
vn 0.089437 0.989296 -0.115306
vn 0.074124 0.992822 -0.093866
vn 0.287934 0.863888 -0.413269
vn 0.135719 0.972964 -0.186871
vn 0.419881 0.733401 -0.534625
vn 0.618710 -0.000000 -0.785619
vn 0.237558 0.922681 -0.303688
vn 0.107145 0.986732 -0.121985
vn 0.169982 0.963332 -0.207599
vn 0.131664 0.979034 -0.155425
vn 0.062505 0.995071 -0.076981
vn 0.053335 0.996541 -0.063721
vn 0.063700 0.995839 -0.065171
vn 0.089465 0.991143 -0.098138
vn 0.074972 0.993997 -0.079680
vn 0.106123 0.989084 -0.102226
vn 0.089440 0.992548 -0.082755
vn 0.075698 0.994877 -0.067004
vn 0.594904 0.438539 -0.673627
vn 0.325881 0.869357 -0.371511
vn 0.219639 0.946167 -0.237752
vn 0.704351 0.000000 -0.709852
vn 0.470155 0.741892 -0.478070
vn 0.162579 0.971976 -0.169798
vn 0.128509 0.983268 -0.129112
vn 0.291673 0.914492 -0.280412
vn 0.205349 0.960197 -0.189349
vn 0.665317 0.442251 -0.601471
vn 0.408523 0.843977 -0.347579
vn 0.125937 0.986302 -0.106527
vn 0.105185 0.990816 -0.084968
vn 0.156401 0.977951 -0.138387
vn 0.776136 0.000000 -0.630565
vn 0.265024 0.939786 -0.215787
vn 0.193637 0.969464 -0.150478
vn 0.597412 0.665159 -0.447953
vn 0.357627 0.898239 -0.255479
vn 0.017775 0.999141 -0.037443
vn 0.014764 0.999406 -0.031151
vn 0.019684 0.999303 -0.031732
vn 0.023013 0.999005 -0.038213
vn 0.024717 0.999166 -0.032490
vn 0.016635 0.999530 -0.025750
vn 0.013818 0.999702 -0.020148
vn 0.018298 0.999621 -0.020576
vn 0.021372 0.999425 -0.026336
vn 0.023000 0.999514 -0.021026
vn 0.028800 0.998861 -0.038036
vn 0.033367 0.998454 -0.044458
vn 0.030471 0.999020 -0.032092
vn 0.040151 0.998203 -0.044471
vn 0.035001 0.998673 -0.037791
vn 0.041768 0.998425 -0.037451
vn 0.026367 0.999289 -0.026948
vn 0.032143 0.999137 -0.026294
vn 0.027983 0.999377 -0.021516
vn 0.036687 0.998828 -0.031561
vn 0.033799 0.999219 -0.020488
vn 0.038405 0.998940 -0.025389
vn 0.015421 0.999767 -0.015078
vn 0.017023 0.999805 -0.010022
vn 0.019931 0.999683 -0.015381
vn 0.021536 0.999716 -0.010224
vn 0.014275 0.999886 -0.004946
vn 0.015855 0.999874 0.000000
vn 0.018600 0.999814 -0.005023
vn 0.023051 0.999721 -0.005129
vn 0.020106 0.999798 0.000000
vn 0.024634 0.999573 -0.015713
vn 0.029575 0.999432 -0.016161
vn 0.026209 0.999601 -0.010503
vn 0.035448 0.999261 -0.014845
vn 0.031168 0.999456 -0.010816
vn 0.037134 0.999268 -0.009222
vn 0.027748 0.999601 -0.005285
vn 0.024579 0.999698 0.000000
vn 0.029330 0.999570 0.000000
vn 0.032770 0.999448 -0.005437
vn 0.034392 0.999408 0.000000
vn 0.047639 0.997872 -0.044512
vn 0.054790 0.997053 -0.053699
vn 0.056042 0.997434 -0.044539
vn 0.049363 0.998093 -0.037059
vn 0.064677 0.996424 -0.054364
vn 0.076228 0.995558 -0.055266
vn 0.065647 0.996847 -0.044580
vn 0.043570 0.998572 -0.030902
vn 0.051231 0.998233 -0.030105
vn 0.045356 0.998674 -0.024370
vn 0.067469 0.997071 -0.036009
vn 0.057808 0.997656 -0.036608
vn 0.053078 0.998320 -0.023217
vn 0.059770 0.997787 -0.029134
vn 0.089490 0.993606 -0.068834
vn 0.151170 0.982145 -0.111982
vn 0.123900 0.988468 -0.087064
vn 0.089525 0.994411 -0.055964
vn 0.104566 0.992086 -0.069505
vn 0.244282 0.955391 -0.165993
vn 0.184319 0.975674 -0.118688
vn 0.821933 -0.000000 -0.569584
vn 0.626349 0.670609 -0.397456
vn 0.371214 0.901384 -0.222950
vn 0.147424 0.985008 -0.089581
vn 0.122360 0.990031 -0.069760
vn 0.864512 -0.000000 -0.502612
vn 0.252299 0.957058 -0.142776
vn 0.189229 0.976804 -0.100233
vn 0.076904 0.996039 -0.044628
vn 0.104073 0.993032 -0.055286
vn 0.090015 0.994962 -0.044145
vn 0.078781 0.996268 -0.035260
vn 0.069539 0.997188 -0.027922
vn 0.090590 0.995344 -0.032913
vn 0.125440 0.990466 -0.056934
vn 0.193493 0.977713 -0.081474
vn 0.151088 0.985717 -0.074400
vn 0.106338 0.993371 -0.043659
vn 0.154621 0.986196 -0.059241
vn 0.127873 0.990833 -0.043566
vn 0.040123 0.999009 -0.019278
vn 0.047128 0.998728 -0.017937
vn 0.041884 0.999033 -0.013338
vn 0.054958 0.998355 -0.016337
vn 0.061723 0.997857 -0.021715
vn 0.049008 0.998731 -0.011611
vn 0.061980 0.997992 -0.013016
vn 0.038829 0.999240 -0.003517
vn 0.043675 0.999019 -0.007370
vn 0.043716 0.999044 0.000000
vn 0.049063 0.998788 -0.003868
vn 0.055059 0.998450 -0.008143
vn 0.055061 0.998483 0.000000
vn 0.069807 0.997388 -0.018549
vn 0.078988 0.996563 -0.024964
vn 0.079122 0.996753 -0.014920
vn 0.106628 0.993808 -0.031251
vn 0.128034 0.991337 -0.029286
vn 0.090588 0.995651 -0.021723
vn 0.106406 0.994148 -0.018662
vn 0.069949 0.997507 -0.009295
vn 0.079145 0.996851 -0.005000
vn 0.069997 0.997547 0.000000
vn 0.062006 0.998066 -0.004346
vn 0.090574 0.995831 -0.010807
vn 0.127694 0.991705 -0.014652
vn 0.106410 0.994303 -0.006275
vn 0.090608 0.995887 0.000000
vn 0.127630 0.991822 0.000000
vn 0.652743 0.675064 -0.343823
vn 0.382762 0.904351 -0.188792
vn 0.258720 0.958666 -0.118424
vn 0.902707 -0.000000 -0.430255
vn 0.674295 0.680748 -0.286197
vn 0.393442 0.906481 -0.153285
vn 0.264252 0.959911 -0.093496
vn 0.197640 0.978263 -0.062765
vn 0.936059 0.000000 -0.351844
vn 0.693622 0.683975 -0.225979
vn 0.200424 0.978754 -0.043254
vn 0.157267 0.986601 -0.043428
vn 0.400113 0.909056 -0.116303
vn 0.963159 0.000000 -0.268934
vn 0.269281 0.960602 -0.068780
vn 0.708608 0.686256 -0.164097
vn 0.157521 0.987163 -0.026376
vn 0.405975 0.910399 -0.079738
vn 0.983018 -0.000000 -0.183508
vn 0.270918 0.961648 -0.042865
vn 0.718637 0.688046 -0.100761
vn 0.157504 0.987479 -0.008821
vn 0.202184 0.979098 -0.022090
vn 0.406900 0.912521 -0.041695
vn 0.995423 -0.000000 -0.095569
vn 0.274557 0.961457 -0.014781
vn 0.718919 0.694236 -0.034522
vn 0.202245 0.979335 0.000000
vn 0.416334 0.909212 0.000000
vn 1.000000 -0.000000 0.000000
vn 0.014275 0.999886 0.004946
vn 0.017023 0.999805 0.010022
vn 0.018600 0.999814 0.005023
vn 0.023051 0.999721 0.005129
vn 0.021536 0.999716 0.010224
vn 0.015421 0.999767 0.015078
vn 0.013818 0.999702 0.020148
vn 0.010178 0.729459 -0.683949
vn 0.017880 0.726713 -0.686708
vn 0.018298 0.999621 0.020576
vn 0.018873 0.726629 -0.686771
vn 0.019931 0.999683 0.015381
vn 0.021115 0.726809 -0.686515
vn 0.023000 0.999514 0.021026
vn 0.022177 0.726707 -0.686590
vn 0.024522 0.726885 -0.686322
vn 0.028955 0.740975 -0.670908
vn -0.000000 0.069167 -0.997605
vn 0.027748 0.999601 0.005285
vn 0.026209 0.999601 0.010503
vn 0.032770 0.999448 0.005437
vn 0.031168 0.999456 0.010816
vn 0.037134 0.999268 0.009222
vn 0.024634 0.999573 0.015713
vn 0.029575 0.999432 0.016161
vn 0.027983 0.999377 0.021515
vn 0.036074 0.742998 -0.668321
vn 0.043356 0.740789 -0.670337
vn 0.050419 0.728741 -0.682931
vn 0.053204 0.728417 -0.683065
vn 0.054421 0.728230 -0.683169
vn 0.035448 0.999261 0.014845
vn 0.033799 0.999219 0.020488
vn 0.038405 0.998940 0.025389
vn 0.056126 0.728956 -0.682256
vn 0.057704 0.729718 -0.681309
vn 0.060959 0.729330 -0.681441
vn 0.026785 0.110741 -0.993488
vn -0.000000 0.137984 -0.990435
vn 0.000000 0.206132 -0.978524
vn 0.026742 0.179790 -0.983341
vn 0.026769 0.248455 -0.968273
vn 0.038829 0.999240 0.003517
vn 0.043675 0.999019 0.007370
vn 0.041884 0.999033 0.013338
vn 0.049063 0.998788 0.003868
vn 0.055059 0.998450 0.008143
vn 0.049008 0.998731 0.011611
vn 0.054958 0.998355 0.016337
vn 0.061980 0.997992 0.013016
vn 0.040123 0.999009 0.019278
vn 0.047128 0.998728 0.017937
vn 0.045356 0.998674 0.024370
vn 0.053078 0.998320 0.023217
vn 0.061723 0.997857 0.021715
vn 0.059770 0.997787 0.029134
vn 0.069949 0.997507 0.009295
vn 0.079145 0.996851 0.005000
vn 0.069807 0.997388 0.018549
vn 0.079122 0.996753 0.014920
vn 0.062006 0.998066 0.004346
vn 0.090574 0.995831 0.010807
vn 0.106410 0.994303 0.006275
vn 0.127694 0.991705 0.014652
vn 0.090588 0.995651 0.021723
vn 0.106406 0.994148 0.018662
vn 0.128034 0.991337 0.029286
vn 0.078988 0.996563 0.024964
vn 0.069539 0.997188 0.027922
vn 0.078781 0.996268 0.035260
vn 0.090590 0.995344 0.032913
vn 0.106628 0.993808 0.031251
vn 0.106338 0.993371 0.043659
vn 0.127873 0.990833 0.043566
vn 0.154622 0.986196 0.059241
vn 0.070886 0.731653 -0.677981
vn 0.062611 0.729102 -0.681535
vn 0.076673 0.729701 -0.679454
vn 0.078729 0.730475 -0.678386
vn 0.051231 0.998233 0.030105
vn 0.082681 0.730048 -0.678376
vn 0.067469 0.997071 0.036009
vn 0.087304 0.730637 -0.677161
vn 0.089347 0.731919 -0.675508
vn 0.099420 0.716877 -0.690074
vn 0.104559 0.716318 -0.689896
vn 0.084626 0.729684 -0.678527
vn 0.053938 0.080133 -0.995324
vn 0.107368 0.715728 -0.690077
vn 0.117485 0.718622 -0.685405
vn 0.123961 0.716319 -0.686673
vn 0.128815 0.717458 -0.684588
vn 0.090015 0.994962 0.044145
vn 0.135452 0.716445 -0.684368
vn 0.081679 0.041787 -0.995782
vn 0.139944 0.715353 -0.684606
vn 0.146091 0.716806 -0.681796
vn 0.125440 0.990466 0.056934
vn 0.153570 0.717277 -0.679654
vn 0.193493 0.977713 0.081474
vn 0.185813 0.715699 -0.673237
vn 0.194715 0.732279 -0.652575
vn 0.204500 0.728212 -0.654131
vn 0.165246 0.716348 -0.677893
vn 0.173786 0.713911 -0.678328
vn 0.081139 0.122180 -0.989186
vn 0.053732 0.152693 -0.986812
vn 0.053626 0.222349 -0.973491
vn 0.080808 0.195528 -0.977363
vn -0.000000 0.273324 -0.961922
vn -0.000000 0.339161 -0.940728
vn 0.026545 0.316732 -0.948144
vn 0.000000 0.403400 -0.915024
vn 0.000000 0.465697 -0.884944
vn 0.026494 0.382558 -0.923551
vn 0.026424 0.446054 -0.894616
vn 0.053606 0.292094 -0.954886
vn 0.053160 0.360335 -0.931307
vn 0.081153 0.266159 -0.960507
vn 0.080856 0.336064 -0.938362
vn 0.053116 0.425477 -0.903409
vn 0.052542 0.489292 -0.870536
vn 0.080009 0.403511 -0.911470
vn 0.079463 0.469140 -0.879542
vn 0.157504 0.987479 0.008821
vn 0.274557 0.961457 0.014781
vn 0.718919 0.694236 0.034522
vn 0.202184 0.979098 0.022090
vn 0.406900 0.912521 0.041695
vn 0.995423 0.000000 0.095569
vn 0.200424 0.978754 0.043254
vn 0.157521 0.987163 0.026376
vn 0.270918 0.961647 0.042865
vn 0.718638 0.688046 0.100761
vn 0.405975 0.910399 0.079738
vn 0.983018 0.000000 0.183508
vn 0.157267 0.986601 0.043428
vn 0.708609 0.686254 0.164098
vn 0.269281 0.960602 0.068780
vn 0.963159 0.000000 0.268934
vn 0.400113 0.909056 0.116303
vn 0.197640 0.978263 0.062765
vn 0.264252 0.959911 0.093496
vn 0.393443 0.906480 0.153285
vn 0.693622 0.683975 0.225979
vn 0.936059 -0.000000 0.351844
vn 0.674296 0.680746 0.286198
vn 0.301726 0.718915 -0.626197
vn 0.335980 0.682055 -0.649552
vn 0.411951 0.667018 -0.620793
vn 0.249153 0.725407 -0.641645
vn 0.223581 0.730187 -0.645630
vn 0.290919 0.719950 -0.630109
vn 0.258720 0.958665 0.118426
vn 0.756212 -0.000000 -0.654326
vn 0.723218 0.396705 -0.565315
vn 0.533440 0.570306 -0.624654
vn 0.110550 0.000000 -0.993871
vn 0.110160 0.084060 -0.990353
vn 0.140733 0.043181 -0.989105
vn 0.139842 0.128329 -0.981823
vn 0.108743 0.165013 -0.980278
vn 0.108793 0.239591 -0.964759
vn 0.136820 0.208669 -0.968368
vn 0.172726 -0.000000 -0.984970
vn 0.172115 0.087722 -0.981163
vn 0.205586 0.044721 -0.977617
vn 0.203827 0.132354 -0.970019
vn 0.169547 0.172722 -0.970268
vn 0.165649 0.253129 -0.953145
vn 0.200282 0.217878 -0.955205
vn 0.108769 0.310493 -0.944332
vn 0.108150 0.379682 -0.918774
vn 0.136870 0.283714 -0.949090
vn 0.136384 0.355187 -0.924793
vn 0.106822 0.447972 -0.887643
vn 0.126518 0.496221 -0.858929
vn 0.135011 0.425364 -0.894895
vn 0.155717 0.474514 -0.866365
vn 0.165260 0.328915 -0.929787
vn 0.195242 0.298741 -0.934149
vn 0.193975 0.375986 -0.906095
vn 0.163950 0.401543 -0.901046
vn 0.185894 0.451749 -0.872563
vn 0.176343 0.524199 -0.833138
vn 0.218814 0.428059 -0.876861
vn 0.209229 0.503446 -0.838311
vn 0.000000 0.526848 -0.849959
vn 0.016530 0.572258 -0.819907
vn 0.025990 0.508529 -0.860652
vn 0.042928 0.554565 -0.831033
vn 0.069928 0.535957 -0.841344
vn 0.097650 0.516799 -0.850519
vn -0.000000 0.617755 -0.786371
vn 0.032800 0.617153 -0.786159
vn 0.016231 0.661259 -0.749982
vn -0.000000 0.703215 -0.710977
vn 0.016241 0.744093 -0.667878
vn 0.049035 0.660194 -0.749492
vn 0.032437 0.702843 -0.710605
vn 0.048594 0.743196 -0.667307
vn 0.059567 0.600289 -0.797562
vn 0.087302 0.582699 -0.807985
vn 0.076514 0.644396 -0.760855
vn 0.065245 0.701229 -0.709944
vn 0.093645 0.687243 -0.720367
vn 0.081343 0.740301 -0.667336
vn -0.000000 0.782714 -0.622382
vn 0.016090 0.817828 -0.575238
vn 0.000000 0.851722 -0.523993
vn 0.032359 0.782092 -0.622322
vn 0.048025 0.816981 -0.574662
vn 0.031766 0.851253 -0.523793
vn 0.016264 0.885657 -0.464056
vn 0.048339 0.884747 -0.463559
vn 0.064610 0.780296 -0.622064
vn 0.063660 0.849971 -0.522969
vn 0.080262 0.814857 -0.574078
vn 0.097411 0.777107 -0.621785
vn 0.080667 0.883308 -0.461801
vn 0.096155 0.847761 -0.521589
vn 0.116185 0.564141 -0.817463
vn 0.105171 0.628239 -0.770880
vn 0.146005 0.544633 -0.825868
vn 0.134962 0.610837 -0.780169
vn 0.153526 0.655830 -0.739133
vn 0.123125 0.672231 -0.730031
vn 0.110524 0.727453 -0.677198
vn 0.140780 0.713351 -0.686521
vn 0.127306 0.765234 -0.631039
vn 0.159665 0.752977 -0.638383
vn 0.165437 0.592192 -0.788631
vn 0.186376 0.639145 -0.746162
vn 0.198347 0.573925 -0.794524
vn 0.223336 0.621010 -0.751310
vn 0.209513 0.685873 -0.696910
vn 0.173425 0.698870 -0.693905
vn 0.179493 0.794386 -0.580288
vn 0.194728 0.743405 -0.639868
vn 0.216962 0.786432 -0.578319
vn 0.113355 0.811566 -0.573159
vn 0.129063 0.843512 -0.521373
vn 0.145235 0.801450 -0.580160
vn 0.163229 0.838136 -0.520466
vn 0.199621 0.832371 -0.517020
vn 0.238864 0.000000 -0.971053
vn 0.237899 0.089317 -0.967175
vn 0.270874 0.047175 -0.961458
vn 0.235044 0.177584 -0.955624
vn 0.230351 0.263820 -0.936663
vn 0.303729 0.000000 -0.952759
vn 0.268616 0.139901 -0.953034
vn 0.302268 0.097991 -0.948173
vn 0.298565 0.193257 -0.934618
vn 0.264361 0.230368 -0.936506
vn 0.292783 0.284300 -0.912936
vn 0.338165 0.051243 -0.939691
vn 0.334617 0.151972 -0.930019
vn 0.375431 -0.000000 -0.926850
vn 0.413290 0.055714 -0.908894
vn 0.373311 0.105894 -0.921643
vn 0.408587 0.164357 -0.897799
vn 0.329172 0.248412 -0.911009
vn 0.367792 0.208490 -0.906234
vn 0.413796 0.258441 -0.872915
vn 0.369919 0.299430 -0.879490
vn 0.225404 0.347782 -0.910077
vn 0.258315 0.316975 -0.912579
vn 0.256443 0.398110 -0.880764
vn 0.292042 0.366920 -0.883222
vn 0.288495 0.447816 -0.846305
vn 0.247134 0.476042 -0.843984
vn 0.235924 0.551136 -0.800368
vn 0.277479 0.525785 -0.804087
vn 0.329583 0.334887 -0.882737
vn 0.327140 0.417750 -0.847623
vn 0.368415 0.386689 -0.845424
vn 0.413560 0.351174 -0.840027
vn 0.363703 0.469983 -0.804261
vn 0.409320 0.440799 -0.798845
vn 0.321300 0.498718 -0.805014
vn 0.308187 0.576531 -0.756725
vn 0.339461 0.628415 -0.699900
vn 0.354595 0.550473 -0.755806
vn 0.401430 0.524266 -0.750998
vn 0.387993 0.602439 -0.697516
vn 0.454622 -0.000000 -0.890684
vn 0.451821 0.115129 -0.884648
vn 0.497290 0.060156 -0.865497
vn 0.544200 0.000000 -0.838956
vn 0.508608 0.163223 -0.845385
vn 0.560287 0.106200 -0.821462
vn 0.459660 0.213506 -0.862049
vn 0.462483 0.310534 -0.830469
vn 0.514046 0.265685 -0.815579
vn 0.569167 0.214563 -0.793733
vn 0.513209 0.366308 -0.776167
vn 0.570798 0.321502 -0.755530
vn 0.605655 0.000000 -0.795728
vn 0.459364 0.406291 -0.789881
vn 0.451384 0.496507 -0.741440
vn 0.505843 0.463244 -0.727686
vn 0.438779 0.578061 -0.687981
vn 0.420956 0.653431 -0.629145
vn 0.264245 0.600415 -0.754769
vn 0.249583 0.670024 -0.699125
vn 0.293060 0.650968 -0.700255
vn 0.275738 0.717940 -0.639164
vn 0.233474 0.732188 -0.639836
vn 0.257052 0.775947 -0.576047
vn 0.301016 0.762734 -0.572386
vn 0.321275 0.700116 -0.637668
vn 0.369847 0.678225 -0.634999
vn 0.000000 0.000000 1.000000
vn 0.000000 0.069167 0.997605
vn 0.027008 0.038513 0.998893
vn 0.026785 0.110741 0.993488
vn 0.000000 0.137984 0.990435
vn -0.000000 0.206132 0.978524
vn 0.026742 0.179790 0.983341
vn 0.026769 0.248455 0.968273
vn 0.054023 0.000000 0.998540
vn 0.053938 0.080133 0.995324
vn 0.081679 0.041787 0.995782
vn 0.081139 0.122180 0.989186
vn 0.053732 0.152693 0.986812
vn 0.053626 0.222349 0.973491
vn 0.080808 0.195528 0.977363
vn -0.000000 0.273324 0.961922
vn -0.000000 0.339161 0.940728
vn 0.026545 0.316732 0.948144
vn 0.000000 0.403400 0.915024
vn -0.000000 0.465697 0.884944
vn 0.026494 0.382558 0.923551
vn 0.026424 0.446054 0.894616
vn 0.053606 0.292094 0.954886
vn 0.053160 0.360335 0.931307
vn 0.081153 0.266159 0.960507
vn 0.080856 0.336064 0.938362
vn 0.053116 0.425477 0.903409
vn 0.052542 0.489292 0.870536
vn 0.080009 0.403511 0.911470
vn 0.079463 0.469140 0.879542
vn 0.110550 -0.000000 0.993871
vn 0.110160 0.084060 0.990353
vn 0.140733 0.043181 0.989105
vn 0.139842 0.128329 0.981823
vn 0.108743 0.165013 0.980278
vn 0.108793 0.239591 0.964759
vn 0.136820 0.208669 0.968368
vn 0.172726 0.000000 0.984970
vn 0.172115 0.087722 0.981163
vn 0.205586 0.044721 0.977617
vn 0.203827 0.132354 0.970019
vn 0.169547 0.172722 0.970268
vn 0.165649 0.253129 0.953145
vn 0.200282 0.217878 0.955205
vn 0.108769 0.310493 0.944332
vn 0.108150 0.379682 0.918774
vn 0.136870 0.283714 0.949090
vn 0.136384 0.355187 0.924793
vn 0.155717 0.474514 0.866365
vn 0.106822 0.447972 0.887643
vn 0.126518 0.496221 0.858929
vn 0.135011 0.425364 0.894895
vn 0.165260 0.328915 0.929787
vn 0.195242 0.298741 0.934149
vn 0.193975 0.375986 0.906095
vn 0.185894 0.451749 0.872563
vn 0.176343 0.524199 0.833138
vn 0.218814 0.428059 0.876861
vn 0.209229 0.503446 0.838311
vn 0.163950 0.401543 0.901046
vn 0.000000 0.916161 -0.400810
vn 0.016472 0.942244 -0.334522
vn 0.032758 0.915828 -0.400232
vn 0.049169 0.941316 -0.333925
vn 0.000000 0.963689 -0.267026
vn 0.016458 0.979582 -0.200372
vn -0.000000 0.991025 -0.133678
vn 0.032838 0.963170 -0.266880
vn 0.048558 0.978250 -0.201666
vn 0.032157 0.990286 -0.135276
vn 0.065208 0.914787 -0.398637
vn 0.096862 0.912464 -0.397526
vn 0.080926 0.939441 -0.333018
vn 0.064819 0.961335 -0.267645
vn 0.061295 0.989022 -0.134455
vn 0.095251 0.958152 -0.269948
vn 0.078288 0.976284 -0.201841
vn 0.090272 0.986597 -0.135934
vn -0.000000 1.000000 0.000000
vn 0.015682 0.997520 -0.068619
vn 0.015682 0.997520 0.068619
vn 0.028473 0.999595 0.000000
vn 0.044502 0.996750 -0.067150
vn 0.044502 0.996750 0.067150
vn -0.000000 0.991025 0.133678
vn 0.000000 0.963689 0.267026
vn 0.016458 0.979582 0.200372
vn 0.032157 0.990286 0.135276
vn 0.032838 0.963170 0.266880
vn 0.048558 0.978250 0.201666
vn 0.056496 0.998403 -0.000000
vn 0.072869 0.995042 -0.067681
vn 0.072869 0.995042 0.067681
vn 0.084910 0.996389 -0.000000
vn 0.101966 0.992414 -0.068684
vn 0.101966 0.992414 0.068684
vn 0.061295 0.989022 0.134455
vn 0.064819 0.961335 0.267645
vn 0.095251 0.958152 0.269948
vn 0.090272 0.986597 0.135934
vn 0.078288 0.976284 0.201841
vn 0.112528 0.880270 -0.460935
vn 0.128437 0.906524 -0.402141
vn 0.144518 0.872668 -0.466438
vn 0.111942 0.934983 -0.336564
vn 0.142876 0.928786 -0.341969
vn 0.125574 0.953412 -0.274293
vn 0.107970 0.972791 -0.204987
vn 0.120454 0.983121 -0.137713
vn 0.138888 0.968187 -0.208144
vn 0.156929 0.947521 -0.278528
vn 0.151682 0.978465 -0.139998
vn 0.180079 0.868483 -0.461854
vn 0.159831 0.898681 -0.408445
vn 0.174791 0.921299 -0.347356
vn 0.217485 0.862997 -0.455999
vn 0.196244 0.894638 -0.401386
vn 0.212262 0.917212 -0.337146
vn 0.189269 0.940211 -0.283162
vn 0.203210 0.954977 -0.216158
vn 0.216454 0.965254 -0.146398
vn 0.170626 0.962366 -0.211517
vn 0.183512 0.972583 -0.142848
vn 0.114151 0.993463 -0.000000
vn 0.132408 0.988748 -0.069615
vn 0.144100 0.989563 0.000000
vn 0.132408 0.988748 0.069615
vn 0.125574 0.953412 0.274293
vn 0.120454 0.983121 0.137713
vn 0.107970 0.972791 0.204987
vn 0.151682 0.978465 0.139998
vn 0.138888 0.968187 0.208144
vn 0.156929 0.947521 0.278528
vn 0.189269 0.940211 0.283162
vn 0.216454 0.965254 0.146398
vn 0.203210 0.954977 0.216158
vn 0.163301 0.984046 -0.070606
vn 0.175156 0.984541 0.000000
vn 0.163301 0.984046 0.070606
vn 0.195392 0.978052 -0.072357
vn 0.207572 0.978220 0.000000
vn 0.195392 0.978052 0.072357
vn 0.183512 0.972583 0.142848
vn 0.170626 0.962366 0.211517
vn -0.000000 0.617755 0.786371
vn 0.032800 0.617153 0.786159
vn 0.000000 0.526848 0.849959
vn 0.016530 0.572258 0.819907
vn 0.025990 0.508529 0.860652
vn 0.042928 0.554565 0.831033
vn 0.016231 0.661259 0.749982
vn 0.000000 0.703215 0.710977
vn 0.016241 0.744093 0.667878
vn 0.049035 0.660194 0.749492
vn 0.032437 0.702843 0.710605
vn 0.048594 0.743196 0.667307
vn 0.059567 0.600289 0.797562
vn 0.087302 0.582699 0.807985
vn 0.069928 0.535957 0.841344
vn 0.097650 0.516799 0.850519
vn 0.076514 0.644396 0.760855
vn 0.065245 0.701229 0.709944
vn 0.093645 0.687243 0.720367
vn 0.081343 0.740301 0.667336
vn 0.000000 0.782714 0.622382
vn 0.000000 0.851722 0.523993
vn 0.016090 0.817828 0.575238
vn 0.032359 0.782092 0.622322
vn 0.048025 0.816981 0.574662
vn 0.031766 0.851253 0.523793
vn 0.000000 0.916161 0.400810
vn 0.016472 0.942244 0.334522
vn 0.049169 0.941316 0.333925
vn 0.032758 0.915828 0.400232
vn 0.016264 0.885657 0.464056
vn 0.048339 0.884747 0.463559
vn 0.080667 0.883308 0.461801
vn 0.064610 0.780296 0.622064
vn 0.063660 0.849971 0.522969
vn 0.080262 0.814857 0.574078
vn 0.097411 0.777107 0.621785
vn 0.096155 0.847761 0.521589
vn 0.065208 0.914787 0.398637
vn 0.080926 0.939441 0.333018
vn 0.096862 0.912464 0.397526
vn 0.127306 0.765234 0.631039
vn 0.159665 0.752977 0.638383
vn 0.209513 0.685873 0.696910
vn 0.179493 0.794386 0.580288
vn 0.194728 0.743405 0.639868
vn 0.216962 0.786432 0.578319
vn 0.116185 0.564141 0.817463
vn 0.105171 0.628239 0.770880
vn 0.146005 0.544633 0.825868
vn 0.153526 0.655830 0.739133
vn 0.134962 0.610837 0.780169
vn 0.123125 0.672231 0.730031
vn 0.110524 0.727453 0.677198
vn 0.140780 0.713351 0.686521
vn 0.165437 0.592192 0.788631
vn 0.186376 0.639145 0.746162
vn 0.198347 0.573925 0.794524
vn 0.223336 0.621010 0.751310
vn 0.173425 0.698870 0.693905
vn 0.112528 0.880270 0.460935
vn 0.128437 0.906524 0.402141
vn 0.144518 0.872668 0.466438
vn 0.129063 0.843512 0.521373
vn 0.113355 0.811566 0.573159
vn 0.145235 0.801450 0.580160
vn 0.111942 0.934983 0.336564
vn 0.142876 0.928786 0.341969
vn 0.180079 0.868483 0.461854
vn 0.174791 0.921299 0.347356
vn 0.159831 0.898681 0.408445
vn 0.217485 0.862997 0.455999
vn 0.212262 0.917212 0.337146
vn 0.196244 0.894638 0.401386
vn 0.163229 0.838136 0.520466
vn 0.199621 0.832371 0.517020
vn 0.672715 0.000000 -0.739901
vn 0.623300 0.114328 -0.773580
vn 0.691164 0.122967 -0.712160
vn 0.743793 -0.000000 -0.668410
vn 0.816224 -0.000000 -0.577736
vn 0.762364 0.132776 -0.633381
vn 0.885730 0.000000 -0.464202
vn 0.944877 -0.000000 -0.327425
vn 0.834701 0.143100 -0.531786
vn 0.900066 0.151683 -0.408502
vn 0.951605 0.158820 -0.263104
vn 0.631570 0.230524 -0.740255
vn 0.697970 0.247899 -0.671851
vn 0.630848 0.344764 -0.695103
vn 0.693581 0.370728 -0.617662
vn 0.767259 0.266917 -0.583154
vn 0.833743 0.284958 -0.472939
vn 0.890427 0.300268 -0.342021
vn 0.756280 0.396064 -0.520743
vn 0.813630 0.417563 -0.404533
vn 0.859229 0.438014 -0.264328
vn 0.985424 0.000000 -0.170116
vn 1.000000 -0.000000 0.000000
vn 0.985424 0.000000 0.170116
vn 0.981603 0.165617 -0.095006
vn 0.981603 0.165617 0.095006
vn 0.944877 0.000000 0.327425
vn 0.816224 0.000000 0.577736
vn 0.885730 0.000000 0.464202
vn 0.951605 0.158820 0.263104
vn 0.900066 0.151683 0.408502
vn 0.834701 0.143100 0.531786
vn 0.930958 0.313666 -0.186900
vn 0.948419 0.317020 0.000000
vn 0.930958 0.313666 0.186900
vn 0.888008 0.450456 -0.092362
vn 0.888008 0.450456 0.092362
vn 0.890427 0.300268 0.342021
vn 0.833743 0.284958 0.472939
vn 0.859229 0.438014 0.264328
vn 0.813630 0.417563 0.404533
vn 0.756280 0.396064 0.520743
vn 0.565112 0.423784 -0.707853
vn 0.493162 0.551488 -0.672794
vn 0.552449 0.518905 -0.652333
vn 0.475572 0.630497 -0.613437
vn 0.452504 0.702191 -0.549699
vn 0.533794 0.604638 -0.591165
vn 0.577677 0.638212 -0.508896
vn 0.510294 0.679997 -0.526501
vn 0.547559 0.713648 -0.436905
vn 0.575837 0.749374 -0.326880
vn 0.621020 0.454149 -0.638814
vn 0.677143 0.484384 -0.553940
vn 0.602530 0.552297 -0.576129
vn 0.651508 0.583655 -0.484650
vn 0.730972 0.511748 -0.451435
vn 0.696292 0.612857 -0.373610
vn 0.728785 0.642646 -0.236388
vn 0.778069 0.536960 -0.326009
vn 0.618807 0.670286 -0.409626
vn 0.649470 0.703926 -0.287536
vn 0.596014 0.777055 -0.202368
vn 0.575837 0.749374 0.326880
vn 0.547559 0.713648 0.436905
vn 0.811659 0.558554 -0.170956
vn 0.823845 0.566815 0.000000
vn 0.811659 0.558554 0.170956
vn 0.747733 0.659029 -0.081096
vn 0.747733 0.659029 0.081096
vn 0.730972 0.511748 0.451435
vn 0.728785 0.642646 0.236388
vn 0.651508 0.583655 0.484650
vn 0.696292 0.612857 0.373610
vn 0.778069 0.536960 0.326009
vn 0.669511 0.727761 -0.148725
vn 0.677038 0.735948 0.000000
vn 0.669511 0.727761 0.148725
vn 0.607034 0.791661 -0.069153
vn 0.607034 0.791661 0.069153
vn 0.649470 0.703926 0.287536
vn 0.618807 0.670286 0.409626
vn 0.596014 0.777055 0.202368
vn 0.413796 0.258441 0.872915
vn 0.270874 0.047175 0.961458
vn 0.303729 -0.000000 0.952759
vn 0.268616 0.139901 0.953034
vn 0.302268 0.097991 0.948173
vn 0.238864 0.000000 0.971053
vn 0.237899 0.089317 0.967175
vn 0.298565 0.193257 0.934618
vn 0.264361 0.230368 0.936506
vn 0.292783 0.284300 0.912936
vn 0.235044 0.177584 0.955624
vn 0.230351 0.263820 0.936663
vn 0.338165 0.051243 0.939691
vn 0.334617 0.151972 0.930019
vn 0.375431 0.000000 0.926850
vn 0.413290 0.055714 0.908894
vn 0.373311 0.105894 0.921643
vn 0.408587 0.164357 0.897799
vn 0.329172 0.248412 0.911009
vn 0.367792 0.208490 0.906234
vn 0.369919 0.299430 0.879490
vn 0.413560 0.351174 0.840027
vn 0.363703 0.469983 0.804261
vn 0.409320 0.440799 0.798845
vn 0.308187 0.576531 0.756725
vn 0.339461 0.628415 0.699900
vn 0.354595 0.550473 0.755806
vn 0.401430 0.524266 0.750998
vn 0.387993 0.602439 0.697516
vn 0.225404 0.347782 0.910077
vn 0.258315 0.316975 0.912579
vn 0.256443 0.398110 0.880764
vn 0.292042 0.366920 0.883222
vn 0.288495 0.447816 0.846305
vn 0.247134 0.476042 0.843984
vn 0.235924 0.551136 0.800368
vn 0.277479 0.525785 0.804087
vn 0.329583 0.334887 0.882737
vn 0.327140 0.417750 0.847623
vn 0.368415 0.386689 0.845424
vn 0.321300 0.498718 0.805014
vn 0.454622 0.000000 0.890684
vn 0.451821 0.115129 0.884648
vn 0.544200 0.000000 0.838956
vn 0.497290 0.060156 0.865497
vn 0.560287 0.106200 0.821462
vn 0.508608 0.163223 0.845385
vn 0.459660 0.213506 0.862049
vn 0.462483 0.310534 0.830469
vn 0.514046 0.265685 0.815579
vn 0.569167 0.214563 0.793733
vn 0.513209 0.366308 0.776167
vn 0.570798 0.321502 0.755530
vn 0.672715 0.000000 0.739901
vn 0.623300 0.114328 0.773580
vn 0.691164 0.122967 0.712160
vn 0.743793 -0.000000 0.668410
vn 0.762364 0.132776 0.633381
vn 0.605655 0.000000 0.795728
vn 0.697970 0.247899 0.671851
vn 0.631570 0.230524 0.740255
vn 0.693581 0.370728 0.617662
vn 0.630848 0.344764 0.695103
vn 0.767259 0.266917 0.583154
vn 0.565112 0.423784 0.707853
vn 0.493162 0.551488 0.672794
vn 0.552449 0.518905 0.652333
vn 0.459364 0.406291 0.789881
vn 0.451384 0.496507 0.741440
vn 0.505843 0.463244 0.727686
vn 0.475572 0.630497 0.613437
vn 0.420956 0.653431 0.629145
vn 0.452504 0.702191 0.549699
vn 0.577677 0.638212 0.508896
vn 0.533794 0.604638 0.591165
vn 0.510294 0.679997 0.526501
vn 0.438779 0.578061 0.687981
vn 0.677143 0.484384 0.553940
vn 0.621020 0.454149 0.638814
vn 0.602530 0.552297 0.576129
vn 0.238163 0.824968 -0.512549
vn 0.257454 0.856061 -0.448194
vn 0.279524 0.815425 -0.506901
vn 0.300977 0.846737 -0.438691
vn 0.276776 0.882108 -0.381158
vn 0.295367 0.904314 -0.308180
vn 0.347805 0.746600 -0.567116
vn 0.398611 0.725916 -0.560496
vn 0.372520 0.787970 -0.490237
vn 0.398256 0.819237 -0.412606
vn 0.324165 0.803363 -0.499524
vn 0.347576 0.834634 -0.427291
vn 0.321919 0.872609 -0.367317
vn 0.312654 0.921362 -0.230955
vn 0.341681 0.893867 -0.290270
vn 0.329491 0.932022 -0.150899
vn 0.370373 0.860221 -0.350490
vn 0.391866 0.880412 -0.267051
vn 0.402318 0.900690 -0.164005
vn 0.360514 0.909420 -0.207329
vn 0.295367 0.904314 0.308180
vn 0.332791 0.941625 -0.050910
vn 0.332791 0.941625 0.050910
vn 0.407268 0.911629 -0.055367
vn 0.407268 0.911629 0.055367
vn 0.366793 0.924340 -0.105161
vn 0.368846 0.929491 0.000000
vn 0.366793 0.924340 0.105161
vn 0.329491 0.932022 0.150899
vn 0.312654 0.921362 0.230955
vn 0.341681 0.893867 0.290270
vn 0.402318 0.900690 0.164005
vn 0.370373 0.860221 0.350490
vn 0.391866 0.880412 0.267051
vn 0.360514 0.909420 0.207329
vn 0.234902 0.889308 -0.392368
vn 0.252177 0.911925 -0.323728
vn 0.227667 0.936099 -0.268115
vn 0.242432 0.949912 -0.197217
vn 0.256296 0.958652 -0.123686
vn 0.268616 0.930074 -0.250617
vn 0.284242 0.942486 -0.175862
vn 0.228868 0.970622 -0.074240
vn 0.241251 0.970463 -0.000000
vn 0.228868 0.970622 0.074240
vn 0.299112 0.949237 -0.097367
vn 0.300349 0.953829 0.000000
vn 0.299112 0.949237 0.097367
vn 0.269499 0.961861 -0.046843
vn 0.269499 0.961861 0.046843
vn 0.242432 0.949912 0.197217
vn 0.256296 0.958652 0.123686
vn 0.227667 0.936099 0.268115
vn 0.284242 0.942486 0.175862
vn 0.268616 0.930074 0.250617
vn 0.425541 0.768226 -0.478272
vn 0.483502 0.744743 -0.459983
vn 0.454053 0.799183 -0.393880
vn 0.423262 0.844043 -0.329304
vn 0.473499 0.831572 -0.290320
vn 0.437847 0.870251 -0.225727
vn 0.487508 0.854710 -0.178344
vn 0.510833 0.781169 -0.358922
vn 0.530541 0.811205 -0.245912
vn 0.447238 0.886954 -0.115286
vn 0.450332 0.892861 -0.000000
vn 0.447238 0.886954 0.115286
vn 0.543067 0.830319 -0.125093
vn 0.547432 0.836850 0.000000
vn 0.543067 0.830319 0.125093
vn 0.494740 0.866929 -0.060546
vn 0.494740 0.866929 0.060546
vn 0.454053 0.799183 0.393880
vn 0.437847 0.870251 0.225727
vn 0.487508 0.854710 0.178344
vn 0.423262 0.844043 0.329304
vn 0.473499 0.831572 0.290320
vn 0.530541 0.811205 0.245912
vn 0.510833 0.781169 0.358922
vn 0.249583 0.670024 0.699125
vn 0.293060 0.650968 0.700255
vn 0.275738 0.717940 0.639164
vn 0.238163 0.824968 0.512549
vn 0.257454 0.856061 0.448194
vn 0.276776 0.882108 0.381158
vn 0.300977 0.846737 0.438691
vn 0.279524 0.815425 0.506901
vn 0.257052 0.775947 0.576047
vn 0.233474 0.732188 0.639836
vn 0.301016 0.762734 0.572386
vn 0.347805 0.746600 0.567116
vn 0.398611 0.725916 0.560496
vn 0.398256 0.819237 0.412606
vn 0.372520 0.787970 0.490237
vn 0.321275 0.700116 0.637668
vn 0.369847 0.678225 0.634999
vn 0.347576 0.834634 0.427291
vn 0.324165 0.803363 0.499524
vn 0.321919 0.872609 0.367317
vn 0.264245 0.600415 0.754769
vn 0.234902 0.889308 0.392368
vn 0.252177 0.911925 0.323728
vn 0.425541 0.768226 0.478272
vn 0.483502 0.744743 0.459983
f 1//1 789//789 10//10
f 2//2 3//3 790//790
f 2//2 29//29 8//8
f 8//8 29//29 30//30
f 2//2 790//790 1//1
f 2//2 1//1 29//29
f 792//792 3//3 5//5
f 7//7 5//5 3//3
f 792//792 5//5 795//795
f 795//795 5//5 68//68
f 4//4 5//5 7//7
f 4//4 68//68 5//5
f 9//9 72//72 75//75
f 6//6 72//72 9//9
f 6//6 38//38 72//72
f 2//2 8//8 7//7
f 7//7 8//8 9//9
f 2//2 7//7 3//3
f 6//6 8//8 30//30
f 6//6 9//9 8//8
f 4//4 7//7 9//9
f 4//4 9//9 75//75
f 26//26 10//10 11//11
f 10//10 853//853 11//11
f 13//13 27//27 11//11
f 14//14 12//12 16//16
f 16//16 12//12 857//857
f 13//13 34//34 27//27
f 13//13 14//14 34//34
f 13//13 11//11 856//856
f 13//13 856//856 12//12
f 14//14 36//36 34//34
f 13//13 12//12 14//14
f 881//881 17//17 15//15
f 881//881 890//890 17//17
f 22//22 890//890 1179//1179
f 16//16 857//857 15//15
f 16//16 15//15 18//18
f 16//16 18//18 19//19
f 18//18 21//21 20//20
f 18//18 15//15 17//17
f 18//18 17//17 21//21
f 14//14 19//19 36//36
f 19//19 49//49 36//36
f 14//14 16//16 19//19
f 18//18 20//20 19//19
f 19//19 20//20 49//49
f 20//20 52//52 49//49
f 24//24 54//54 52//52
f 24//24 1184//1184 54//54
f 22//22 23//23 21//21
f 22//22 21//21 17//17
f 22//22 17//17 890//890
f 22//22 1179//1179 1181//1181
f 22//22 1181//1181 23//23
f 20//20 21//21 24//24
f 21//21 23//23 24//24
f 20//20 24//24 52//52
f 23//23 1184//1184 24//24
f 26//26 28//28 29//29
f 1//1 10//10 26//26
f 1//1 26//26 29//29
f 26//26 27//27 28//28
f 28//28 27//27 35//35
f 26//26 11//11 27//27
f 28//28 30//30 29//29
f 25//25 28//28 35//35
f 25//25 30//30 28//28
f 31//31 36//36 48//48
f 31//31 48//48 33//33
f 25//25 35//35 32//32
f 31//31 32//32 35//35
f 25//25 32//32 40//40
f 31//31 33//33 32//32
f 32//32 33//33 41//41
f 27//27 34//34 35//35
f 31//31 35//35 34//34
f 31//31 34//34 36//36
f 25//25 37//37 30//30
f 6//6 30//30 37//37
f 42//42 39//39 40//40
f 25//25 40//40 37//37
f 37//37 40//40 39//39
f 38//38 39//39 520//520
f 6//6 37//37 38//38
f 37//37 39//39 38//38
f 42//42 521//521 39//39
f 42//42 40//40 41//41
f 32//32 41//41 40//40
f 33//33 57//57 41//41
f 42//42 41//41 43//43
f 43//43 41//41 57//57
f 42//42 524//524 521//521
f 42//42 43//43 524//524
f 43//43 44//44 524//524
f 58//58 45//45 44//44
f 58//58 61//61 45//45
f 45//45 61//61 47//47
f 61//61 46//46 47//47
f 45//45 47//47 557//557
f 46//46 1198//1198 47//47
f 47//47 1198//1198 558//558
f 36//36 49//49 48//48
f 48//48 49//49 50//50
f 50//50 49//49 52//52
f 33//33 51//51 57//57
f 57//57 51//51 59//59
f 33//33 48//48 51//51
f 48//48 50//50 51//51
f 59//59 51//51 55//55
f 50//50 55//55 51//51
f 53//53 52//52 54//54
f 50//50 52//52 53//53
f 50//50 53//53 55//55
f 53//53 54//54 1203//1203
f 53//53 1203//1203 56//56
f 53//53 56//56 55//55
f 59//59 55//55 60//60
f 60//60 55//55 56//56
f 60//60 56//56 1212//1212
f 57//57 59//59 58//58
f 43//43 57//57 58//58
f 58//58 59//59 61//61
f 43//43 58//58 44//44
f 59//59 60//60 61//61
f 60//60 46//46 61//61
f 60//60 1212//1212 46//46
f 62//62 63//63 988//988
f 70//70 63//63 62//62
f 63//63 1000//1000 988//988
f 64//64 63//63 70//70
f 64//64 66//66 63//63
f 63//63 66//66 1000//1000
f 1000//1000 66//66 1002//1002
f 86//86 1002//1002 66//66
f 64//64 80//80 65//65
f 65//65 80//80 88//88
f 64//64 65//65 66//66
f 65//65 86//86 66//66
f 85//85 514//514 98//98
f 68//68 69//69 70//70
f 795//795 68//68 62//62
f 68//68 70//70 62//62
f 4//4 69//69 68//68
f 4//4 75//75 69//69
f 67//67 69//69 75//75
f 69//69 79//79 70//70
f 64//64 70//70 79//79
f 67//67 79//79 69//69
f 75//75 72//72 73//73
f 38//38 71//71 72//72
f 71//71 73//73 72//72
f 67//67 75//75 73//73
f 67//67 73//73 82//82
f 73//73 74//74 82//82
f 71//71 522//522 74//74
f 83//83 74//74 522//522
f 71//71 74//74 73//73
f 67//67 76//76 79//79
f 67//67 82//82 76//76
f 76//76 82//82 78//78
f 76//76 77//77 80//80
f 76//76 78//78 77//77
f 77//77 78//78 104//104
f 78//78 84//84 104//104
f 64//64 79//79 80//80
f 76//76 80//80 79//79
f 77//77 88//88 80//80
f 74//74 81//81 82//82
f 78//78 82//82 81//81
f 83//83 81//81 74//74
f 83//83 85//85 81//81
f 78//78 81//81 84//84
f 85//85 84//84 81//81
f 83//83 514//514 85//85
f 86//86 87//87 1002//1002
f 86//86 90//90 87//87
f 86//86 89//89 90//90
f 65//65 89//89 86//86
f 65//65 88//88 89//89
f 88//88 91//91 89//89
f 88//88 103//103 91//91
f 89//89 95//95 90//90
f 90//90 92//92 87//87
f 89//89 91//91 95//95
f 91//91 109//109 96//96
f 96//96 109//109 112//112
f 96//96 112//112 2414//2414
f 94//94 95//95 97//97
f 90//90 94//94 92//92
f 90//90 95//95 94//94
f 94//94 93//93 92//92
f 91//91 96//96 95//95
f 95//95 96//96 97//97
f 94//94 97//97 2413//2413
f 94//94 2413//2413 93//93
f 96//96 2414//2414 97//97
f 107//107 98//98 99//99
f 108//108 99//99 100//100
f 99//99 650//650 100//100
f 100//100 650//650 101//101
f 100//100 101//101 102//102
f 101//101 2425//2425 102//102
f 77//77 103//103 88//88
f 77//77 104//104 103//103
f 103//103 104//104 105//105
f 84//84 106//106 104//104
f 104//104 106//106 105//105
f 91//91 103//103 109//109
f 103//103 105//105 109//109
f 105//105 106//106 111//111
f 108//108 111//111 106//106
f 85//85 107//107 84//84
f 84//84 107//107 106//106
f 85//85 98//98 107//107
f 107//107 108//108 106//106
f 107//107 99//99 108//108
f 105//105 110//110 109//109
f 110//110 112//112 109//109
f 110//110 111//111 113//113
f 114//114 113//113 111//111
f 105//105 111//111 110//110
f 110//110 113//113 2430//2430
f 110//110 2430//2430 112//112
f 114//114 2436//2436 113//113
f 108//108 114//114 111//111
f 108//108 100//100 114//114
f 114//114 100//100 102//102
f 114//114 102//102 2436//2436
f 508//508 523//523 509//509
f 508//508 512//512 523//523
f 44//44 510//510 524//524
f 509//509 524//524 510//510
f 508//508 509//509 511//511
f 509//509 510//510 511//511
f 510//510 526//526 511//511
f 512//512 513//513 514//514
f 508//508 513//513 512//512
f 513//513 515//515 514//514
f 98//98 514//514 515//515
f 513//513 518//518 515//515
f 508//508 511//511 516//516
f 508//508 516//516 513//513
f 511//511 517//517 516//516
f 511//511 526//526 517//517
f 513//513 516//516 518//518
f 516//516 519//519 518//518
f 517//517 587//587 519//519
f 516//516 517//517 519//519
f 38//38 520//520 71//71
f 71//71 520//520 522//522
f 39//39 521//521 520//520
f 520//520 521//521 523//523
f 521//521 509//509 523//523
f 520//520 523//523 522//522
f 522//522 523//523 512//512
f 521//521 524//524 509//509
f 83//83 522//522 512//512
f 83//83 512//512 514//514
f 44//44 525//525 510//510
f 44//44 45//45 525//525
f 45//45 557//557 525//525
f 510//510 525//525 526//526
f 526//526 525//525 527//527
f 527//527 525//525 557//557
f 47//47 558//558 557//557
f 557//557 558//558 559//559
f 527//527 559//559 617//617
f 527//527 557//557 559//559
f 558//558 575//575 559//559
f 558//558 566//566 565//565
f 558//558 573//573 575//575
f 558//558 577//577 573//573
f 558//558 578//578 577//577
f 558//558 565//565 578//578
f 558//558 567//567 566//566
f 558//558 1700//1700 567//567
f 559//559 575//575 574//574
f 559//559 574//574 576//576
f 559//559 576//576 579//579
f 559//559 579//579 583//583
f 559//559 583//583 581//581
f 559//559 581//581 582//582
f 559//559 582//582 584//584
f 559//559 584//584 585//585
f 559//559 585//585 621//621
f 559//559 622//622 625//625
f 559//559 621//621 622//622
f 517//517 526//526 586//586
f 526//526 527//527 586//586
f 527//527 617//617 586//586
f 517//517 586//586 587//587
f 586//586 588//588 587//587
f 586//586 617//617 588//588
f 559//559 630//630 617//617
f 559//559 626//626 630//630
f 559//559 624//624 626//626
f 559//559 625//625 624//624
f 630//630 626//626 627//627
f 630//630 627//627 635//635
f 630//630 634//634 633//633
f 630//630 635//635 634//634
f 630//630 633//633 636//636
f 630//630 636//636 632//632
f 630//630 632//632 631//631
f 588//588 617//617 637//637
f 617//617 630//630 637//637
f 630//630 631//631 637//637
f 637//637 631//631 638//638
f 637//637 639//639 640//640
f 637//637 638//638 639//639
f 637//637 640//640 642//642
f 637//637 642//642 645//645
f 637//637 645//645 644//644
f 637//637 644//644 643//643
f 637//637 643//643 647//647
f 637//637 647//647 683//683
f 98//98 515//515 648//648
f 98//98 648//648 99//99
f 515//515 518//518 649//649
f 515//515 649//649 648//648
f 99//99 648//648 650//650
f 651//651 650//650 648//648
f 649//649 654//654 651//651
f 649//649 651//651 648//648
f 518//518 652//652 649//649
f 518//518 519//519 652//652
f 519//519 653//653 652//652
f 519//519 587//587 653//653
f 649//649 652//652 654//654
f 652//652 655//655 654//654
f 652//652 653//653 655//655
f 653//653 660//660 655//655
f 651//651 656//656 650//650
f 101//101 650//650 656//656
f 651//651 654//654 657//657
f 651//651 657//657 656//656
f 101//101 656//656 2715//2715
f 101//101 2715//2715 2425//2425
f 656//656 2716//2716 2715//2715
f 656//656 657//657 2716//2716
f 654//654 655//655 658//658
f 654//654 658//658 657//657
f 655//655 660//660 700//700
f 655//655 700//700 658//658
f 657//657 658//658 2719//2719
f 657//657 2719//2719 2716//2716
f 658//658 700//700 2720//2720
f 658//658 2720//2720 2719//2719
f 587//587 659//659 653//653
f 587//587 588//588 659//659
f 588//588 682//682 659//659
f 653//653 659//659 660//660
f 659//659 661//661 660//660
f 659//659 682//682 661//661
f 588//588 637//637 682//682
f 637//637 688//688 682//682
f 682//682 688//688 689//689
f 682//682 689//689 690//690
f 682//682 690//690 691//691
f 682//682 691//691 692//692
f 637//637 683//683 684//684
f 637//637 684//684 686//686
f 637//637 686//686 687//687
f 637//637 687//687 688//688
f 682//682 692//692 693//693
f 661//661 682//682 693//693
f 693//693 692//692 694//694
f 693//693 694//694 695//695
f 693//693 695//695 696//696
f 693//693 696//696 697//697
f 693//693 697//697 698//698
f 693//693 698//698 699//699
f 693//693 699//699 732//732
f 660//660 701//701 700//700
f 660//660 661//661 701//701
f 661//661 731//731 701//701
f 700//700 701//701 2730//2730
f 700//700 2730//2730 2720//2720
f 701//701 731//731 2731//2731
f 701//701 2731//2731 2730//2730
f 731//731 713//713 714//714
f 731//731 714//714 715//715
f 731//731 715//715 722//722
f 731//731 722//722 724//724
f 731//731 724//724 2734//2734
f 2734//2734 724//724 725//725
f 2734//2734 725//725 727//727
f 2734//2734 727//727 729//729
f 2734//2734 729//729 730//730
f 2734//2734 730//730 2742//2742
f 661//661 693//693 731//731
f 693//693 713//713 731//731
f 693//693 732//732 733//733
f 693//693 733//733 711//711
f 693//693 711//711 713//713
f 731//731 2734//2734 2731//2731
f 739//739 781//781 741//741
f 741//741 783//783 748//748
f 734//734 788//788 739//739
f 735//735 788//788 734//734
f 735//735 851//851 789//789
f 735//735 734//734 852//852
f 735//735 852//852 851//851
f 734//734 736//736 852//852
f 736//736 738//738 737//737
f 737//737 744//744 836//836
f 737//737 738//738 740//740
f 737//737 740//740 744//744
f 734//734 739//739 738//738
f 738//738 739//739 741//741
f 741//741 748//748 740//740
f 738//738 741//741 740//740
f 734//734 738//738 736//736
f 748//748 783//783 800//800
f 748//748 800//800 747//747
f 800//800 801//801 747//747
f 747//747 801//801 749//749
f 749//749 801//801 805//805
f 749//749 805//805 753//753
f 753//753 806//806 755//755
f 744//744 745//745 858//858
f 742//742 744//744 740//740
f 742//742 743//743 745//745
f 742//742 745//745 744//744
f 745//745 746//746 859//859
f 743//743 746//746 745//745
f 743//743 752//752 746//746
f 742//742 748//748 747//747
f 742//742 740//740 748//748
f 742//742 747//747 743//743
f 743//743 747//747 749//749
f 743//743 749//749 752//752
f 746//746 750//750 863//863
f 746//746 752//752 750//750
f 752//752 754//754 750//750
f 750//750 754//754 751//751
f 752//752 749//749 753//753
f 752//752 753//753 754//754
f 754//754 755//755 756//756
f 753//753 755//755 754//754
f 755//755 818//818 756//756
f 751//751 754//754 756//756
f 751//751 756//756 915//915
f 760//760 786//786 785//785
f 757//757 796//796 793//793
f 757//757 984//984 761//761
f 758//758 794//794 985//985
f 758//758 757//757 793//793
f 758//758 793//793 794//794
f 758//758 984//984 757//757
f 759//759 760//760 785//785
f 759//759 785//785 796//796
f 757//757 759//759 796//796
f 760//760 766//766 786//786
f 759//759 763//763 760//760
f 760//760 762//762 766//766
f 759//759 761//761 763//763
f 760//760 763//763 762//762
f 762//762 990//990 769//769
f 763//763 990//990 762//762
f 757//757 761//761 759//759
f 766//766 802//802 786//786
f 802//802 767//767 803//803
f 766//766 767//767 802//802
f 767//767 768//768 803//803
f 768//768 808//808 803//803
f 772//772 810//810 808//808
f 764//764 767//767 766//766
f 764//764 766//766 762//762
f 764//764 765//765 767//767
f 765//765 768//768 767//767
f 765//765 774//774 768//768
f 764//764 762//762 769//769
f 764//764 770//770 765//765
f 764//764 769//769 770//770
f 765//765 770//770 771//771
f 765//765 771//771 774//774
f 768//768 772//772 808//808
f 772//772 773//773 810//810
f 768//768 774//774 772//772
f 772//772 775//775 773//773
f 773//773 811//811 810//810
f 773//773 813//813 811//811
f 774//774 775//775 772//772
f 774//774 771//771 1011//1011
f 774//774 1011//1011 775//775
f 773//773 775//775 776//776
f 776//776 1059//1059 813//813
f 773//773 776//776 813//813
f 782//782 788//788 779//779
f 778//778 779//779 787//787
f 778//778 791//791 779//779
f 782//782 779//779 777//777
f 777//777 779//779 791//791
f 780//780 797//797 783//783
f 739//739 782//782 781//781
f 782//782 784//784 781//781
f 780//780 781//781 784//784
f 780//780 783//783 781//781
f 741//741 781//781 783//783
f 782//782 777//777 784//784
f 780//780 784//784 785//785
f 796//796 785//785 784//784
f 777//777 796//796 784//784
f 780//780 785//785 786//786
f 780//780 786//786 797//797
f 735//735 789//789 787//787
f 789//789 790//790 787//787
f 739//739 788//788 782//782
f 735//735 787//787 788//788
f 779//779 788//788 787//787
f 1//1 790//790 789//789
f 778//778 787//787 790//790
f 778//778 790//790 3//3
f 792//792 794//794 791//791
f 777//777 793//793 796//796
f 777//777 791//791 793//793
f 794//794 793//793 791//791
f 778//778 792//792 791//791
f 778//778 3//3 792//792
f 792//792 795//795 794//794
f 795//795 985//985 794//794
f 797//797 802//802 798//798
f 797//797 798//798 800//800
f 798//798 803//803 799//799
f 798//798 799//799 801//801
f 797//797 800//800 783//783
f 800//800 798//798 801//801
f 799//799 805//805 801//801
f 797//797 786//786 802//802
f 802//802 803//803 798//798
f 799//799 803//803 808//808
f 799//799 804//804 805//805
f 805//805 804//804 806//806
f 753//753 805//805 806//806
f 755//755 806//806 807//807
f 804//804 809//809 806//806
f 806//806 809//809 807//807
f 808//808 810//810 804//804
f 799//799 808//808 804//804
f 804//804 810//810 809//809
f 809//809 815//815 807//807
f 810//810 811//811 809//809
f 809//809 811//811 815//815
f 755//755 807//807 818//818
f 756//756 818//818 812//812
f 756//756 812//812 915//915
f 812//812 916//916 915//915
f 812//812 820//820 916//916
f 813//813 825//825 811//811
f 813//813 814//814 825//825
f 814//814 827//827 825//825
f 813//813 1059//1059 814//814
f 814//814 1061//1061 827//827
f 807//807 816//816 818//818
f 807//807 815//815 816//816
f 815//815 824//824 816//816
f 816//816 824//824 817//817
f 816//816 817//817 819//819
f 812//812 818//818 819//819
f 816//816 819//819 818//818
f 812//812 819//819 820//820
f 819//819 821//821 820//820
f 820//820 822//822 917//917
f 820//820 821//821 822//822
f 817//817 821//821 819//819
f 817//817 829//829 821//821
f 821//821 829//829 823//823
f 822//822 821//821 823//823
f 822//822 823//823 947//947
f 823//823 833//833 947//947
f 833//833 948//948 947//947
f 815//815 811//811 825//825
f 815//815 825//825 824//824
f 824//824 825//825 827//827
f 824//824 827//827 826//826
f 817//817 824//824 826//826
f 817//817 826//826 829//829
f 826//826 827//827 828//828
f 827//827 1061//1061 828//828
f 826//826 830//830 829//829
f 829//829 830//830 832//832
f 826//826 828//828 830//830
f 828//828 1075//1075 830//830
f 830//830 831//831 832//832
f 830//830 1075//1075 831//831
f 829//829 832//832 823//823
f 823//823 832//832 833//833
f 832//832 834//834 833//833
f 833//833 835//835 948//948
f 833//833 834//834 835//835
f 831//831 834//834 832//832
f 831//831 1078//1078 834//834
f 834//834 1078//1078 1082//1082
f 834//834 1082//1082 835//835
f 835//835 1082//1082 957//957
f 837//837 854//854 838//838
f 838//838 860//860 845//845
f 838//838 854//854 836//836
f 838//838 836//836 860//860
f 840//840 850//850 837//837
f 839//839 850//850 840//840
f 839//839 841//841 855//855
f 839//839 842//842 841//841
f 839//839 840//840 842//842
f 843//843 845//845 868//868
f 840//840 837//837 844//844
f 837//837 838//838 844//844
f 838//838 845//845 844//844
f 840//840 844//844 846//846
f 840//840 846//846 842//842
f 843//843 846//846 844//844
f 843//843 844//844 845//845
f 736//736 847//847 852//852
f 848//848 852//852 847//847
f 849//849 853//853 848//848
f 849//849 856//856 853//853
f 848//848 847//847 850//850
f 849//849 848//848 850//850
f 847//847 837//837 850//850
f 10//10 851//851 853//853
f 851//851 848//848 853//853
f 789//789 851//851 10//10
f 851//851 852//852 848//848
f 11//11 853//853 856//856
f 736//736 854//854 847//847
f 736//736 737//737 854//854
f 737//737 836//836 854//854
f 847//847 854//854 837//837
f 839//839 855//855 849//849
f 849//849 855//855 856//856
f 856//856 855//855 12//12
f 839//839 849//849 850//850
f 855//855 857//857 12//12
f 841//841 857//857 855//855
f 836//836 858//858 860//860
f 858//858 859//859 861//861
f 859//859 863//863 862//862
f 860//860 861//861 866//866
f 858//858 861//861 860//860
f 861//861 862//862 867//867
f 859//859 862//862 861//861
f 862//862 864//864 872//872
f 863//863 864//864 862//862
f 863//863 876//876 864//864
f 864//864 876//876 865//865
f 866//866 868//868 845//845
f 866//866 869//869 868//868
f 866//866 867//867 869//869
f 867//867 870//870 869//869
f 867//867 872//872 870//870
f 860//860 866//866 845//845
f 866//866 861//861 867//867
f 862//862 872//872 867//867
f 870//870 872//872 871//871
f 864//864 873//873 872//872
f 864//864 865//865 873//873
f 865//865 874//874 873//873
f 865//865 913//913 874//874
f 872//872 873//873 871//871
f 871//871 873//873 875//875
f 873//873 874//874 875//875
f 875//875 874//874 910//910
f 744//744 858//858 836//836
f 858//858 745//745 859//859
f 746//746 863//863 859//859
f 750//750 876//876 863//863
f 750//750 751//751 876//876
f 751//751 877//877 876//876
f 751//751 915//915 877//877
f 865//865 876//876 877//877
f 865//865 877//877 913//913
f 883//883 878//878 880//880
f 841//841 880//880 879//879
f 841//841 879//879 857//857
f 841//841 842//842 880//880
f 842//842 883//883 880//880
f 879//879 880//880 882//882
f 879//879 881//881 15//15
f 879//879 882//882 881//881
f 878//878 882//882 880//880
f 846//846 884//884 883//883
f 843//843 884//884 846//846
f 843//843 885//885 884//884
f 843//843 868//868 885//885
f 884//884 887//887 886//886
f 883//883 884//884 886//886
f 883//883 886//886 878//878
f 884//884 885//885 887//887
f 887//887 885//885 896//896
f 842//842 846//846 883//883
f 878//878 888//888 882//882
f 878//878 892//892 888//888
f 888//888 892//892 1944//1944
f 888//888 1944//1944 1943//1943
f 881//881 882//882 889//889
f 881//881 889//889 890//890
f 882//882 888//888 889//889
f 890//890 889//889 1946//1946
f 889//889 1943//1943 1946//1946
f 890//890 1946//1946 1179//1179
f 889//889 888//888 1943//1943
f 886//886 887//887 891//891
f 886//886 891//891 892//892
f 878//878 886//886 892//892
f 887//887 896//896 893//893
f 887//887 893//893 891//891
f 892//892 891//891 1949//1949
f 892//892 1949//1949 1944//1944
f 891//891 893//893 1950//1950
f 891//891 1950//1950 1949//1949
f 893//893 1964//1964 1950//1950
f 857//857 879//879 15//15
f 868//868 894//894 885//885
f 894//894 869//869 895//895
f 868//868 869//869 894//894
f 870//870 899//899 895//895
f 869//869 870//870 895//895
f 885//885 894//894 896//896
f 894//894 895//895 897//897
f 894//894 897//897 896//896
f 895//895 899//899 898//898
f 895//895 898//898 897//897
f 870//870 871//871 899//899
f 871//871 900//900 899//899
f 871//871 875//875 900//900
f 875//875 901//901 900//900
f 899//899 900//900 902//902
f 899//899 902//902 898//898
f 900//900 903//903 902//902
f 900//900 901//901 903//903
f 903//903 901//901 926//926
f 875//875 910//910 901//901
f 896//896 897//897 904//904
f 896//896 904//904 893//893
f 904//904 897//897 905//905
f 897//897 898//898 905//905
f 898//898 906//906 905//905
f 893//893 904//904 1964//1964
f 904//904 905//905 1965//1965
f 904//904 1965//1965 1964//1964
f 905//905 906//906 1966//1966
f 905//905 1966//1966 1965//1965
f 898//898 902//902 906//906
f 902//902 903//903 907//907
f 902//902 907//907 906//906
f 903//903 908//908 907//907
f 903//903 926//926 908//908
f 906//906 907//907 1969//1969
f 906//906 1969//1969 1966//1966
f 907//907 1970//1970 1969//1969
f 907//907 908//908 1970//1970
f 908//908 1971//1971 1970//1970
f 874//874 913//913 909//909
f 874//874 909//909 910//910
f 909//909 911//911 910//910
f 909//909 920//920 911//911
f 877//877 915//915 912//912
f 877//877 912//912 913//913
f 912//912 914//914 913//913
f 912//912 918//918 914//914
f 914//914 918//918 921//921
f 912//912 915//915 916//916
f 912//912 916//916 918//918
f 916//916 917//917 918//918
f 820//820 917//917 916//916
f 918//918 919//919 921//921
f 917//917 919//919 918//918
f 917//917 944//944 919//919
f 919//919 945//945 924//924
f 909//909 913//913 914//914
f 909//909 914//914 920//920
f 914//914 921//921 920//920
f 920//920 921//921 923//923
f 911//911 920//920 922//922
f 920//920 923//923 922//922
f 922//922 923//923 935//935
f 923//923 925//925 935//935
f 919//919 924//924 921//921
f 921//921 924//924 923//923
f 924//924 945//945 949//949
f 924//924 949//949 925//925
f 923//923 924//924 925//925
f 925//925 949//949 951//951
f 901//901 927//927 926//926
f 910//910 927//927 901//901
f 910//910 911//911 927//927
f 911//911 928//928 927//927
f 911//911 922//922 928//928
f 927//927 928//928 929//929
f 926//926 927//927 929//929
f 928//928 934//934 930//930
f 929//929 928//928 930//930
f 930//930 934//934 936//936
f 926//926 929//929 931//931
f 908//908 926//926 931//931
f 908//908 931//931 1971//1971
f 931//931 2026//2026 1971//1971
f 929//929 932//932 931//931
f 929//929 930//930 932//932
f 930//930 936//936 933//933
f 930//930 933//933 932//932
f 931//931 932//932 2026//2026
f 932//932 933//933 2028//2028
f 932//932 2028//2028 2026//2026
f 933//933 2031//2031 2028//2028
f 933//933 940//940 2031//2031
f 922//922 934//934 928//928
f 922//922 935//935 934//934
f 934//934 935//935 937//937
f 935//935 938//938 937//937
f 934//934 937//937 936//936
f 936//936 937//937 941//941
f 937//937 939//939 941//941
f 925//925 938//938 935//935
f 925//925 951//951 938//938
f 938//938 951//951 963//963
f 937//937 938//938 939//939
f 938//938 963//963 939//939
f 939//939 963//963 967//967
f 936//936 941//941 940//940
f 933//933 936//936 940//940
f 940//940 941//941 942//942
f 940//940 2037//2037 2031//2031
f 940//940 942//942 2037//2037
f 939//939 943//943 941//941
f 941//941 943//943 942//942
f 939//939 967//967 943//943
f 942//942 943//943 2041//2041
f 943//943 969//969 2041//2041
f 943//943 967//967 969//969
f 822//822 944//944 917//917
f 822//822 947//947 944//944
f 944//944 947//947 946//946
f 919//919 944//944 945//945
f 944//944 946//946 945//945
f 945//945 946//946 950//950
f 946//946 947//947 948//948
f 946//946 952//952 950//950
f 946//946 948//948 952//952
f 945//945 950//950 949//949
f 949//949 950//950 953//953
f 949//949 953//953 951//951
f 951//951 953//953 964//964
f 953//953 955//955 964//964
f 952//952 954//954 950//950
f 950//950 954//954 953//953
f 952//952 959//959 954//954
f 953//953 954//954 955//955
f 954//954 960//960 955//955
f 948//948 956//956 952//952
f 835//835 956//956 948//948
f 952//952 956//956 959//959
f 956//956 958//958 959//959
f 958//958 961//961 959//959
f 835//835 957//957 956//956
f 956//956 957//957 958//958
f 957//957 1129//1129 958//958
f 958//958 1130//1130 961//961
f 954//954 959//959 960//960
f 959//959 961//961 960//960
f 955//955 960//960 972//972
f 960//960 961//961 962//962
f 960//960 962//962 972//972
f 961//961 1130//1130 1134//1134
f 961//961 1134//1134 962//962
f 962//962 1134//1134 975//975
f 951//951 964//964 963//963
f 964//964 965//965 963//963
f 963//963 965//965 967//967
f 955//955 966//966 964//964
f 964//964 966//966 965//965
f 955//955 972//972 966//966
f 966//966 972//972 974//974
f 965//965 966//966 970//970
f 966//966 974//974 970//970
f 967//967 968//968 969//969
f 965//965 968//968 967//967
f 965//965 970//970 968//968
f 968//968 2067//2067 969//969
f 968//968 971//971 2067//2067
f 968//968 970//970 971//971
f 970//970 974//974 977//977
f 970//970 977//977 971//971
f 971//971 977//977 2075//2075
f 972//972 973//973 974//974
f 962//962 973//973 972//972
f 973//973 978//978 974//974
f 962//962 975//975 973//973
f 973//973 976//976 978//978
f 973//973 975//975 976//976
f 974//974 978//978 977//977
f 977//977 978//978 979//979
f 977//977 979//979 2075//2075
f 976//976 980//980 978//978
f 978//978 980//980 979//979
f 976//976 1149//1149 980//980
f 979//979 980//980 2079//2079
f 980//980 1150//1150 2079//2079
f 982//982 990//990 989//989
f 982//982 1003//1003 990//990
f 991//991 994//994 981//981
f 981//981 982//982 989//989
f 982//982 1006//1006 1003//1003
f 982//982 996//996 1006//1006
f 981//981 996//996 982//982
f 984//984 987//987 991//991
f 983//983 987//987 984//984
f 758//758 985//985 983//983
f 795//795 62//62 985//985
f 985//985 988//988 983//983
f 62//62 988//988 985//985
f 758//758 983//983 984//984
f 986//986 983//983 988//988
f 986//986 988//988 1000//1000
f 986//986 987//987 983//983
f 987//987 994//994 991//991
f 761//761 984//984 991//991
f 761//761 989//989 763//763
f 761//761 991//991 989//989
f 763//763 989//989 990//990
f 769//769 990//990 1003//1003
f 991//991 981//981 989//989
f 987//987 992//992 994//994
f 992//992 999//999 994//994
f 993//993 1001//1001 1024//1024
f 992//992 1001//1001 993//993
f 992//992 993//993 999//999
f 993//993 1029//1029 999//999
f 996//996 998//998 1014//1014
f 994//994 995//995 981//981
f 994//994 999//999 995//995
f 981//981 995//995 996//996
f 1006//1006 996//996 1014//1014
f 995//995 998//998 996//996
f 995//995 997//997 998//998
f 998//998 1039//1039 1014//1014
f 997//997 1028//1028 998//998
f 998//998 1028//1028 1039//1039
f 999//999 997//997 995//995
f 999//999 1029//1029 997//997
f 986//986 1001//1001 992//992
f 986//986 1000//1000 1001//1001
f 986//986 992//992 987//987
f 1000//1000 1002//1002 1001//1001
f 1002//1002 1024//1024 1001//1001
f 769//769 1003//1003 1004//1004
f 1003//1003 1007//1007 1004//1004
f 771//771 1004//1004 1005//1005
f 1004//1004 1007//1007 1005//1005
f 1003//1003 1006//1006 1007//1007
f 1005//1005 1007//1007 1008//1008
f 1005//1005 1008//1008 1009//1009
f 1005//1005 1009//1009 1011//1011
f 1009//1009 1012//1012 1011//1011
f 1009//1009 1010//1010 1012//1012
f 1008//1008 1018//1018 1009//1009
f 1009//1009 1018//1018 1010//1010
f 1010//1010 1019//1019 1013//1013
f 769//769 1004//1004 770//770
f 770//770 1004//1004 771//771
f 771//771 1005//1005 1011//1011
f 775//775 1011//1011 1012//1012
f 775//775 1012//1012 776//776
f 776//776 1013//1013 1059//1059
f 776//776 1012//1012 1013//1013
f 1010//1010 1013//1013 1012//1012
f 1006//1006 1014//1014 1015//1015
f 1006//1006 1015//1015 1007//1007
f 1007//1007 1015//1015 1008//1008
f 1008//1008 1015//1015 1016//1016
f 1008//1008 1016//1016 1018//1018
f 1014//1014 1017//1017 1015//1015
f 1014//1014 1039//1039 1017//1017
f 1015//1015 1017//1017 1016//1016
f 1016//1016 1041//1041 1021//1021
f 1016//1016 1017//1017 1041//1041
f 1016//1016 1021//1021 1018//1018
f 1010//1010 1018//1018 1020//1020
f 1018//1018 1021//1021 1020//1020
f 1010//1010 1020//1020 1019//1019
f 1020//1020 1023//1023 1019//1019
f 1020//1020 1021//1021 1022//1022
f 1021//1021 1041//1041 1045//1045
f 1021//1021 1045//1045 1022//1022
f 1020//1020 1022//1022 1023//1023
f 1022//1022 1047//1047 1023//1023
f 1024//1024 1026//1026 1025//1025
f 1024//1024 87//87 1026//1026
f 993//993 1024//1024 1025//1025
f 993//993 1025//1025 1029//1029
f 1025//1025 1030//1030 1029//1029
f 1026//1026 87//87 92//92
f 1026//1026 1033//1033 1025//1025
f 1025//1025 1033//1033 1030//1030
f 997//997 1029//1029 1027//1027
f 1029//1029 1030//1030 1027//1027
f 997//997 1027//1027 1028//1028
f 1027//1027 1031//1031 1028//1028
f 1028//1028 1042//1042 1039//1039
f 1030//1030 1035//1035 1027//1027
f 1028//1028 1031//1031 1042//1042
f 1027//1027 1035//1035 1031//1031
f 1031//1031 1050//1050 1042//1042
f 1002//1002 87//87 1024//1024
f 1030//1030 1033//1033 1036//1036
f 1036//1036 1033//1033 1034//1034
f 1026//1026 1032//1032 1033//1033
f 1026//1026 92//92 1032//1032
f 92//92 93//93 1032//1032
f 1032//1032 1034//1034 1033//1033
f 1036//1036 1034//1034 2961//2961
f 1032//1032 2958//2958 1034//1034
f 1032//1032 93//93 2958//2958
f 1030//1030 1036//1036 1035//1035
f 1036//1036 1038//1038 1035//1035
f 1031//1031 1035//1035 1037//1037
f 1031//1031 1037//1037 1050//1050
f 1035//1035 1038//1038 1037//1037
f 1037//1037 1053//1053 1050//1050
f 1036//1036 2961//2961 1038//1038
f 1037//1037 1038//1038 2963//2963
f 1037//1037 2963//2963 1053//1053
f 1039//1039 1040//1040 1017//1017
f 1039//1039 1042//1042 1040//1040
f 1017//1017 1040//1040 1041//1041
f 1040//1040 1044//1044 1041//1041
f 1041//1041 1044//1044 1045//1045
f 1042//1042 1043//1043 1040//1040
f 1042//1042 1050//1050 1043//1043
f 1040//1040 1043//1043 1044//1044
f 1043//1043 1052//1052 1044//1044
f 1044//1044 1052//1052 1048//1048
f 1022//1022 1045//1045 1046//1046
f 1045//1045 1048//1048 1046//1046
f 1022//1022 1046//1046 1047//1047
f 1046//1046 1049//1049 1047//1047
f 1044//1044 1048//1048 1045//1045
f 1046//1046 1048//1048 1056//1056
f 1046//1046 1056//1056 1049//1049
f 1050//1050 1051//1051 1043//1043
f 1050//1050 1053//1053 1051//1051
f 1043//1043 1051//1051 1052//1052
f 1051//1051 1054//1054 1052//1052
f 1052//1052 1054//1054 1055//1055
f 1053//1053 2975//2975 1051//1051
f 1051//1051 2975//2975 1054//1054
f 1048//1048 1052//1052 1055//1055
f 1048//1048 1055//1055 1056//1056
f 1055//1055 1058//1058 1056//1056
f 1056//1056 1057//1057 1049//1049
f 1056//1056 1058//1058 1057//1057
f 1054//1054 2981//2981 1055//1055
f 1055//1055 2981//2981 1058//1058
f 1058//1058 2982//2982 1057//1057
f 1059//1059 1013//1013 1062//1062
f 1059//1059 1062//1062 1060//1060
f 814//814 1059//1059 1060//1060
f 814//814 1060//1060 1061//1061
f 828//828 1061//1061 1065//1065
f 1060//1060 1064//1064 1061//1061
f 1061//1061 1064//1064 1065//1065
f 1060//1060 1062//1062 1063//1063
f 1013//1013 1019//1019 1062//1062
f 1060//1060 1063//1063 1064//1064
f 1063//1063 1069//1069 1064//1064
f 1064//1064 1069//1069 1066//1066
f 1065//1065 1064//1064 1066//1066
f 1065//1065 1066//1066 1077//1077
f 1066//1066 1072//1072 1077//1077
f 1062//1062 1019//1019 1067//1067
f 1019//1019 1023//1023 1067//1067
f 1067//1067 1023//1023 1068//1068
f 1067//1067 1068//1068 1070//1070
f 1023//1023 1047//1047 1068//1068
f 1068//1068 1095//1095 1070//1070
f 1062//1062 1067//1067 1063//1063
f 1063//1063 1067//1067 1070//1070
f 1063//1063 1070//1070 1069//1069
f 1069//1069 1070//1070 1071//1071
f 1070//1070 1095//1095 1071//1071
f 1066//1066 1069//1069 1073//1073
f 1066//1066 1073//1073 1072//1072
f 1069//1069 1071//1071 1073//1073
f 1071//1071 1098//1098 1073//1073
f 1072//1072 1073//1073 1074//1074
f 1073//1073 1098//1098 1074//1074
f 1072//1072 1074//1074 1080//1080
f 1074//1074 1099//1099 1080//1080
f 828//828 1065//1065 1075//1075
f 1065//1065 1077//1077 1075//1075
f 1075//1075 1077//1077 1076//1076
f 831//831 1075//1075 1076//1076
f 831//831 1076//1076 1078//1078
f 1076//1076 1081//1081 1078//1078
f 1076//1076 1077//1077 1079//1079
f 1072//1072 1079//1079 1077//1077
f 1076//1076 1079//1079 1081//1081
f 1072//1072 1080//1080 1079//1079
f 1079//1079 1080//1080 1086//1086
f 1081//1081 1079//1079 1086//1086
f 1080//1080 1099//1099 1087//1087
f 1078//1078 1084//1084 1082//1082
f 957//957 1082//1082 1083//1083
f 1082//1082 1084//1084 1083//1083
f 1081//1081 1084//1084 1078//1078
f 1081//1081 1089//1089 1084//1084
f 1084//1084 1089//1089 1085//1085
f 1083//1083 1084//1084 1085//1085
f 1083//1083 1085//1085 1131//1131
f 1085//1085 1091//1091 1131//1131
f 1081//1081 1086//1086 1089//1089
f 1086//1086 1088//1088 1089//1089
f 1080//1080 1087//1087 1086//1086
f 1086//1086 1087//1087 1088//1088
f 1087//1087 1113//1113 1088//1088
f 1088//1088 1113//1113 1092//1092
f 1085//1085 1089//1089 1090//1090
f 1088//1088 1090//1090 1089//1089
f 1085//1085 1090//1090 1091//1091
f 1090//1090 1093//1093 1091//1091
f 1088//1088 1092//1092 1090//1090
f 1090//1090 1092//1092 1093//1093
f 1091//1091 1093//1093 1140//1140
f 1093//1093 1118//1118 1140//1140
f 1068//1068 1047//1047 1094//1094
f 1068//1068 1094//1094 1095//1095
f 1047//1047 1049//1049 1094//1094
f 1094//1094 1096//1096 1095//1095
f 1095//1095 1096//1096 1097//1097
f 1094//1094 1049//1049 1103//1103
f 1094//1094 1103//1103 1096//1096
f 1096//1096 1106//1106 1097//1097
f 1071//1071 1095//1095 1097//1097
f 1071//1071 1097//1097 1098//1098
f 1097//1097 1101//1101 1098//1098
f 1098//1098 1101//1101 1100//1100
f 1074//1074 1098//1098 1100//1100
f 1074//1074 1100//1100 1099//1099
f 1099//1099 1100//1100 1102//1102
f 1099//1099 1102//1102 1112//1112
f 1097//1097 1106//1106 1101//1101
f 1100//1100 1101//1101 1109//1109
f 1100//1100 1109//1109 1102//1102
f 1049//1049 1057//1057 1103//1103
f 1057//1057 1105//1105 1103//1103
f 1103//1103 1105//1105 1104//1104
f 1096//1096 1103//1103 1104//1104
f 1096//1096 1104//1104 1106//1106
f 1104//1104 1107//1107 1106//1106
f 1057//1057 2982//2982 1105//1105
f 1105//1105 3042//3042 1104//1104
f 1104//1104 3042//3042 1107//1107
f 1106//1106 1108//1108 1101//1101
f 1101//1101 1108//1108 1109//1109
f 1106//1106 1107//1107 1108//1108
f 1108//1108 1111//1111 1109//1109
f 1102//1102 1109//1109 1110//1110
f 1102//1102 1110//1110 1120//1120
f 1109//1109 1111//1111 1110//1110
f 1107//1107 3047//3047 1108//1108
f 1108//1108 3047//3047 1111//1111
f 1110//1110 1111//1111 3049//3049
f 1110//1110 3049//3049 1123//1123
f 1110//1110 1123//1123 1120//1120
f 1087//1087 1099//1099 1112//1112
f 1087//1087 1112//1112 1113//1113
f 1112//1112 1114//1114 1113//1113
f 1113//1113 1114//1114 1115//1115
f 1092//1092 1113//1113 1115//1115
f 1102//1102 1120//1120 1112//1112
f 1112//1112 1120//1120 1114//1114
f 1114//1114 1122//1122 1115//1115
f 1115//1115 1122//1122 1117//1117
f 1092//1092 1116//1116 1093//1093
f 1092//1092 1115//1115 1116//1116
f 1093//1093 1116//1116 1118//1118
f 1116//1116 1119//1119 1118//1118
f 1115//1115 1117//1117 1116//1116
f 1116//1116 1117//1117 1119//1119
f 1117//1117 1126//1126 1119//1119
f 1119//1119 1126//1126 1160//1160
f 1114//1114 1120//1120 1121//1121
f 1120//1120 1123//1123 1121//1121
f 1114//1114 1121//1121 1122//1122
f 1121//1121 1124//1124 1122//1122
f 1122//1122 1124//1124 1125//1125
f 1121//1121 1123//1123 3062//3062
f 1121//1121 3062//3062 1124//1124
f 1124//1124 3068//3068 1125//1125
f 1122//1122 1125//1125 1117//1117
f 1117//1117 1125//1125 1126//1126
f 1125//1125 1128//1128 1126//1126
f 1125//1125 3068//3068 1128//1128
f 1126//1126 1127//1127 1160//1160
f 1126//1126 1128//1128 1127//1127
f 1127//1127 1128//1128 3071//3071
f 957//957 1083//1083 1129//1129
f 1083//1083 1131//1131 1129//1129
f 958//958 1129//1129 1130//1130
f 1129//1129 1132//1132 1130//1130
f 1130//1130 1132//1132 1135//1135
f 1129//1129 1131//1131 1132//1132
f 1131//1131 1138//1138 1132//1132
f 1132//1132 1133//1133 1135//1135
f 1132//1132 1138//1138 1133//1133
f 1130//1130 1135//1135 1134//1134
f 975//975 1134//1134 1136//1136
f 1135//1135 1136//1136 1134//1134
f 1133//1133 1137//1137 1135//1135
f 1135//1135 1137//1137 1136//1136
f 1136//1136 1137//1137 1147//1147
f 1091//1091 1138//1138 1131//1131
f 1091//1091 1140//1140 1138//1138
f 1138//1138 1140//1140 1139//1139
f 1133//1133 1138//1138 1139//1139
f 1139//1139 1140//1140 1141//1141
f 1118//1118 1141//1141 1140//1140
f 1139//1139 1141//1141 1144//1144
f 1133//1133 1142//1142 1137//1137
f 1133//1133 1139//1139 1142//1142
f 1137//1137 1142//1142 1143//1143
f 1137//1137 1143//1143 1147//1147
f 1139//1139 1144//1144 1142//1142
f 1142//1142 1144//1144 1145//1145
f 1142//1142 1145//1145 1143//1143
f 1143//1143 1145//1145 1153//1153
f 975//975 1136//1136 1146//1146
f 975//975 1146//1146 976//976
f 976//976 1146//1146 1149//1149
f 1136//1136 1147//1147 1146//1146
f 1146//1146 1147//1147 1148//1148
f 1146//1146 1148//1148 1149//1149
f 980//980 1149//1149 1150//1150
f 1149//1149 1151//1151 1150//1150
f 1148//1148 1151//1151 1149//1149
f 1148//1148 1155//1155 1151//1151
f 1150//1150 1151//1151 2211//2211
f 1151//1151 1156//1156 2211//2211
f 1143//1143 1152//1152 1147//1147
f 1147//1147 1152//1152 1148//1148
f 1148//1148 1152//1152 1155//1155
f 1143//1143 1153//1153 1152//1152
f 1152//1152 1153//1153 1154//1154
f 1152//1152 1154//1154 1155//1155
f 1151//1151 1155//1155 1156//1156
f 1154//1154 1157//1157 1155//1155
f 1155//1155 1157//1157 1156//1156
f 1156//1156 1157//1157 2218//2218
f 1118//1118 1158//1158 1141//1141
f 1118//1118 1119//1119 1158//1158
f 1141//1141 1159//1159 1144//1144
f 1141//1141 1158//1158 1159//1159
f 1119//1119 1160//1160 1158//1158
f 1158//1158 1160//1160 1161//1161
f 1158//1158 1161//1161 1159//1159
f 1159//1159 1161//1161 1164//1164
f 1144//1144 1159//1159 1162//1162
f 1144//1144 1162//1162 1145//1145
f 1145//1145 1162//1162 1163//1163
f 1145//1145 1163//1163 1153//1153
f 1159//1159 1164//1164 1162//1162
f 1162//1162 1164//1164 1165//1165
f 1162//1162 1165//1165 1163//1163
f 1163//1163 1165//1165 1170//1170
f 1160//1160 1166//1166 1161//1161
f 1127//1127 1166//1166 1160//1160
f 1161//1161 1166//1166 1167//1167
f 1161//1161 1167//1167 1164//1164
f 1127//1127 3117//3117 1166//1166
f 1127//1127 3071//3071 3117//3117
f 1166//1166 3117//3117 3118//3118
f 1166//1166 3118//3118 1167//1167
f 1164//1164 1168//1168 1165//1165
f 1164//1164 1167//1167 1168//1168
f 1165//1165 1175//1175 1170//1170
f 1165//1165 1168//1168 1175//1175
f 1167//1167 3121//3121 1168//1168
f 1167//1167 3118//3118 3121//3121
f 1168//1168 3122//3122 1175//1175
f 1168//1168 3121//3121 3122//3122
f 1153//1153 1163//1163 1169//1169
f 1153//1153 1169//1169 1154//1154
f 1154//1154 1169//1169 1172//1172
f 1163//1163 1170//1170 1169//1169
f 1169//1169 1170//1170 1171//1171
f 1169//1169 1171//1171 1172//1172
f 1154//1154 1172//1172 1157//1157
f 1157//1157 1172//1172 1173//1173
f 1157//1157 1173//1173 2218//2218
f 1172//1172 1174//1174 1173//1173
f 1171//1171 1174//1174 1172//1172
f 1173//1173 1174//1174 2242//2242
f 1170//1170 1175//1175 1176//1176
f 1170//1170 1176//1176 1171//1171
f 1171//1171 1176//1176 1177//1177
f 1175//1175 3132//3132 1176//1176
f 1175//1175 3122//3122 3132//3132
f 1176//1176 3133//3133 1177//1177
f 1176//1176 3132//3132 3133//3133
f 1171//1171 1177//1177 1174//1174
f 1174//1174 1177//1177 1178//1178
f 1174//1174 1178//1178 2242//2242
f 1177//1177 3136//3136 1178//1178
f 1177//1177 3133//3133 3136//3136
f 1178//1178 3136//3136 3996//3996
f 1183//1183 1179//1179 1948//1948
f 1948//1948 1955//1955 1186//1186
f 1955//1955 1188//1188 1186//1186
f 54//54 1184//1184 1202//1202
f 1184//1184 1185//1185 1202//1202
f 1185//1185 1204//1204 1202//1202
f 23//23 1181//1181 1180//1180
f 1181//1181 1179//1179 1183//1183
f 1180//1180 1181//1181 1183//1183
f 1180//1180 1183//1183 1182//1182
f 1183//1183 1948//1948 1186//1186
f 1183//1183 1186//1186 1182//1182
f 23//23 1180//1180 1184//1184
f 1180//1180 1185//1185 1184//1184
f 1180//1180 1182//1182 1185//1185
f 1182//1182 1190//1190 1185//1185
f 1185//1185 1190//1190 1204//1204
f 1182//1182 1187//1187 1190//1190
f 1187//1187 1186//1186 1188//1188
f 1182//1182 1186//1186 1187//1187
f 1189//1189 1188//1188 1996//1996
f 1187//1187 1188//1188 1189//1189
f 1187//1187 1189//1189 1191//1191
f 1187//1187 1191//1191 1190//1190
f 1190//1190 1208//1208 1204//1204
f 1190//1190 1191//1191 1208//1208
f 1191//1191 1221//1221 1208//1208
f 1191//1191 1193//1193 1221//1221
f 1189//1189 1193//1193 1191//1191
f 1189//1189 1192//1192 1193//1193
f 1189//1189 1996//1996 1192//1192
f 1193//1193 1222//1222 1221//1221
f 1193//1193 1192//1192 1194//1194
f 1193//1193 1194//1194 1222//1222
f 1194//1194 1225//1225 1222//1222
f 1194//1194 1192//1192 1998//1998
f 1194//1194 1998//1998 1195//1195
f 1194//1194 1195//1195 1225//1225
f 1195//1195 2003//2003 1196//1196
f 1227//1227 1195//1195 1196//1196
f 46//46 1197//1197 1198//1198
f 1197//1197 1199//1199 1198//1198
f 1198//1198 1199//1199 1690//1690
f 1197//1197 1214//1214 1199//1199
f 1214//1214 1200//1200 1199//1199
f 1199//1199 1200//1200 1691//1691
f 1214//1214 1217//1217 1200//1200
f 1217//1217 1201//1201 1200//1200
f 54//54 1202//1202 1203//1203
f 1203//1203 1202//1202 1205//1205
f 1203//1203 1205//1205 1206//1206
f 1202//1202 1204//1204 1205//1205
f 1205//1205 1204//1204 1209//1209
f 1205//1205 1209//1209 1207//1207
f 56//56 1203//1203 1206//1206
f 56//56 1206//1206 1212//1212
f 1212//1212 1206//1206 1213//1213
f 1205//1205 1207//1207 1206//1206
f 1213//1213 1206//1206 1207//1207
f 1213//1213 1207//1207 1215//1215
f 1204//1204 1208//1208 1209//1209
f 1208//1208 1221//1221 1210//1210
f 1209//1209 1208//1208 1210//1210
f 1215//1215 1207//1207 1211//1211
f 1207//1207 1209//1209 1211//1211
f 1215//1215 1211//1211 1216//1216
f 1216//1216 1211//1211 1219//1219
f 1209//1209 1210//1210 1211//1211
f 1210//1210 1219//1219 1211//1211
f 1197//1197 1212//1212 1213//1213
f 46//46 1212//1212 1197//1197
f 1213//1213 1215//1215 1214//1214
f 1197//1197 1213//1213 1214//1214
f 1214//1214 1215//1215 1217//1217
f 1215//1215 1216//1216 1217//1217
f 1216//1216 1232//1232 1217//1217
f 1217//1217 1232//1232 1201//1201
f 1210//1210 1221//1221 1218//1218
f 1210//1210 1218//1218 1219//1219
f 1218//1218 1220//1220 1219//1219
f 1219//1219 1220//1220 1230//1230
f 1218//1218 1223//1223 1220//1220
f 1220//1220 1223//1223 1224//1224
f 1220//1220 1224//1224 1231//1231
f 1218//1218 1221//1221 1222//1222
f 1222//1222 1225//1225 1223//1223
f 1218//1218 1222//1222 1223//1223
f 1223//1223 1225//1225 1226//1226
f 1226//1226 1225//1225 1227//1227
f 1225//1225 1195//1195 1227//1227
f 1226//1226 1227//1227 1228//1228
f 1227//1227 1196//1196 1237//1237
f 1227//1227 1237//1237 1228//1228
f 1223//1223 1226//1226 1224//1224
f 1224//1224 1226//1226 1229//1229
f 1226//1226 1228//1228 1229//1229
f 1216//1216 1219//1219 1230//1230
f 1216//1216 1230//1230 1232//1232
f 1232//1232 1230//1230 1233//1233
f 1233//1233 1230//1230 1231//1231
f 1220//1220 1231//1231 1230//1230
f 1232//1232 1233//1233 1799//1799
f 1201//1201 1232//1232 1799//1799
f 1233//1233 1800//1800 1799//1799
f 1233//1233 1231//1231 1235//1235
f 1224//1224 1234//1234 1231//1231
f 1231//1231 1234//1234 1235//1235
f 1224//1224 1229//1229 1234//1234
f 1229//1229 1239//1239 1234//1234
f 1233//1233 1235//1235 1800//1800
f 1235//1235 1236//1236 1801//1801
f 1234//1234 1236//1236 1235//1235
f 1234//1234 1239//1239 1236//1236
f 1196//1196 2129//2129 1237//1237
f 1229//1229 1228//1228 1240//1240
f 1228//1228 1238//1238 1240//1240
f 1228//1228 1237//1237 1238//1238
f 1238//1238 1237//1237 2132//2132
f 1238//1238 2132//2132 1243//1243
f 1239//1239 1242//1242 1891//1891
f 1236//1236 1239//1239 1891//1891
f 1242//1242 1894//1894 1891//1891
f 1229//1229 1240//1240 1239//1239
f 1239//1239 1240//1240 1242//1242
f 1238//1238 1241//1241 1240//1240
f 1240//1240 1241//1241 1242//1242
f 1238//1238 1243//1243 1241//1241
f 1241//1241 1244//1244 1242//1242
f 1242//1242 1244//1244 1894//1894
f 1241//1241 1243//1243 1245//1245
f 1243//1243 2144//2144 1245//1245
f 1241//1241 1245//1245 1244//1244
f 1244//1244 1245//1245 1897//1897
f 2144//2144 2147//2147 1245//1245
f 1245//1245 2147//2147 1897//1897
f 558//558 1198//1198 1690//1690
f 558//558 1690//1690 1700//1700
f 1199//1199 1691//1691 1690//1690
f 1690//1690 1691//1691 1721//1721
f 1690//1690 1702//1702 1699//1699
f 1690//1690 1699//1699 1700//1700
f 1690//1690 1701//1701 1702//1702
f 1690//1690 1707//1707 1701//1701
f 1690//1690 1710//1710 1708//1708
f 1690//1690 1708//1708 1707//1707
f 1690//1690 1712//1712 1710//1710
f 1690//1690 1721//1721 1712//1712
f 1721//1721 1711//1711 1712//1712
f 1721//1721 1713//1713 1711//1711
f 1721//1721 1714//1714 1713//1713
f 1721//1721 1718//1718 1714//1714
f 1721//1721 1716//1716 1718//1718
f 1721//1721 1717//1717 1716//1716
f 1721//1721 1719//1719 1717//1717
f 1721//1721 1720//1720 1719//1719
f 1721//1721 1756//1756 1720//1720
f 1721//1721 1757//1757 1756//1756
f 1721//1721 1759//1759 1757//1757
f 1721//1721 1723//1723 1772//1772
f 1691//1691 1723//1723 1721//1721
f 1200//1200 1722//1722 1691//1691
f 1200//1200 1201//1201 1722//1722
f 1201//1201 1787//1787 1722//1722
f 1691//1691 1722//1722 1723//1723
f 1723//1723 1722//1722 1724//1724
f 1724//1724 1722//1722 1787//1787
f 1769//1769 1762//1762 1761//1761
f 1721//1721 1761//1761 1760//1760
f 1721//1721 1760//1760 1759//1759
f 1721//1721 1769//1769 1761//1761
f 1769//1769 1764//1764 1762//1762
f 1769//1769 1763//1763 1765//1765
f 1769//1769 1765//1765 1764//1764
f 1769//1769 1766//1766 1763//1763
f 1769//1769 1771//1771 1766//1766
f 1769//1769 1770//1770 1771//1771
f 1721//1721 1772//1772 1769//1769
f 1769//1769 1783//1783 1770//1770
f 1783//1783 1773//1773 1770//1770
f 1783//1783 1775//1775 1774//1774
f 1783//1783 1774//1774 1773//1773
f 1783//1783 1777//1777 1775//1775
f 1783//1783 1778//1778 1777//1777
f 1783//1783 1780//1780 1778//1778
f 1783//1783 1779//1779 1780//1780
f 1783//1783 1782//1782 1779//1779
f 1783//1783 1824//1824 1782//1782
f 1769//1769 1772//1772 1783//1783
f 1772//1772 1785//1785 1783//1783
f 1723//1723 1784//1784 1772//1772
f 1723//1723 1724//1724 1784//1784
f 1724//1724 1791//1791 1784//1784
f 1772//1772 1784//1784 1785//1785
f 1784//1784 1786//1786 1785//1785
f 1784//1784 1791//1791 1786//1786
f 1201//1201 1799//1799 1787//1787
f 1787//1787 1799//1799 1788//1788
f 1787//1787 1788//1788 1789//1789
f 1724//1724 1787//1787 1789//1789
f 1788//1788 1790//1790 1789//1789
f 1788//1788 1802//1802 1790//1790
f 1790//1790 1802//1802 1796//1796
f 1724//1724 1789//1789 1791//1791
f 1789//1789 1792//1792 1791//1791
f 1789//1789 1790//1790 1792//1792
f 1790//1790 1795//1795 1792//1792
f 1786//1786 1791//1791 1793//1793
f 1791//1791 1792//1792 1793//1793
f 1792//1792 1794//1794 1793//1793
f 1792//1792 1795//1795 1794//1794
f 1790//1790 1796//1796 1795//1795
f 1795//1795 1796//1796 1798//1798
f 1794//1794 1795//1795 1797//1797
f 1795//1795 1798//1798 1797//1797
f 1797//1797 1798//1798 1914//1914
f 1799//1799 1800//1800 1788//1788
f 1235//1235 1801//1801 1800//1800
f 1788//1788 1800//1800 1802//1802
f 1800//1800 1801//1801 1802//1802
f 1236//1236 1890//1890 1801//1801
f 1801//1801 1890//1890 1803//1803
f 1801//1801 1803//1803 1802//1802
f 1802//1802 1803//1803 1796//1796
f 1803//1803 1899//1899 1796//1796
f 1796//1796 1899//1899 1798//1798
f 1783//1783 1825//1825 1824//1824
f 1783//1783 1827//1827 1825//1825
f 1783//1783 1828//1828 1827//1827
f 1783//1783 1829//1829 1828//1828
f 1783//1783 1834//1834 1829//1829
f 1783//1783 1785//1785 1834//1834
f 1834//1834 1830//1830 1829//1829
f 1834//1834 1831//1831 1830//1830
f 1834//1834 1832//1832 1831//1831
f 1834//1834 1833//1833 1832//1832
f 1841//1841 1835//1835 1833//1833
f 1841//1841 1836//1836 1835//1835
f 1841//1841 1837//1837 1836//1836
f 1841//1841 1838//1838 1837//1837
f 1841//1841 1839//1839 1838//1838
f 1841//1841 1840//1840 1839//1839
f 1841//1841 1874//1874 1840//1840
f 1834//1834 1841//1841 1833//1833
f 1834//1834 1843//1843 1841//1841
f 1785//1785 1842//1842 1834//1834
f 1785//1785 1786//1786 1842//1842
f 1786//1786 1879//1879 1842//1842
f 1834//1834 1842//1842 1843//1843
f 1842//1842 1879//1879 1844//1844
f 1842//1842 1844//1844 1843//1843
f 1876//1876 1857//1857 1856//1856
f 1876//1876 1858//1858 1857//1857
f 1876//1876 1865//1865 1858//1858
f 3700//3700 1868//1868 1867//1867
f 3700//3700 1870//1870 1868//1868
f 3700//3700 1872//1872 1870//1870
f 3700//3700 1873//1873 1872//1872
f 3700//3700 3690//3690 1873//1873
f 1876//1876 1867//1867 1865//1865
f 1876//1876 3700//3700 1867//1867
f 1841//1841 1875//1875 1874//1874
f 1841//1841 1854//1854 1875//1875
f 1841//1841 1856//1856 1854//1854
f 1841//1841 1843//1843 1876//1876
f 1841//1841 1876//1876 1856//1856
f 1876//1876 3721//3721 3700//3700
f 1843//1843 1844//1844 1877//1877
f 1843//1843 1877//1877 1876//1876
f 1844//1844 1878//1878 1877//1877
f 1876//1876 1877//1877 3721//3721
f 1877//1877 3722//3722 3721//3721
f 1877//1877 1878//1878 3722//3722
f 1878//1878 3792//3792 3722//3722
f 1786//1786 1793//1793 1879//1879
f 1793//1793 1880//1880 1879//1879
f 1793//1793 1794//1794 1880//1880
f 1794//1794 1883//1883 1880//1880
f 1879//1879 1880//1880 1881//1881
f 1844//1844 1879//1879 1881//1881
f 1880//1880 1883//1883 1882//1882
f 1880//1880 1882//1882 1881//1881
f 1794//1794 1797//1797 1883//1883
f 1797//1797 1884//1884 1883//1883
f 1797//1797 1914//1914 1884//1884
f 1884//1884 1914//1914 1915//1915
f 1882//1882 1883//1883 1885//1885
f 1883//1883 1884//1884 1885//1885
f 1884//1884 1915//1915 1886//1886
f 1885//1885 1884//1884 1886//1886
f 1844//1844 1881//1881 1878//1878
f 1878//1878 1881//1881 1887//1887
f 1881//1881 1882//1882 1887//1887
f 1882//1882 1888//1888 1887//1887
f 1878//1878 1887//1887 3792//3792
f 1887//1887 3793//3793 3792//3792
f 1887//1887 1888//1888 3793//3793
f 1888//1888 3795//3795 3793//3793
f 1882//1882 1885//1885 1888//1888
f 1885//1885 1889//1889 1888//1888
f 1885//1885 1886//1886 1889//1889
f 1886//1886 1917//1917 1889//1889
f 1888//1888 1889//1889 3795//3795
f 1889//1889 1917//1917 3796//3796
f 1889//1889 3796//3796 3795//3795
f 1917//1917 3870//3870 3796//3796
f 1798//1798 1902//1902 1914//1914
f 1236//1236 1891//1891 1890//1890
f 1890//1890 1891//1891 1893//1893
f 1891//1891 1894//1894 1893//1893
f 1803//1803 1890//1890 1892//1892
f 1803//1803 1892//1892 1899//1899
f 1890//1890 1893//1893 1892//1892
f 1894//1894 1895//1895 1893//1893
f 1892//1892 1893//1893 1901//1901
f 1893//1893 1895//1895 1901//1901
f 1244//1244 1896//1896 1894//1894
f 1244//1244 1897//1897 1896//1896
f 1894//1894 1896//1896 1895//1895
f 1896//1896 1897//1897 1898//1898
f 2147//2147 1909//1909 1897//1897
f 1897//1897 1909//1909 1898//1898
f 1895//1895 1896//1896 1907//1907
f 1896//1896 1898//1898 1907//1907
f 1898//1898 1911//1911 1907//1907
f 1899//1899 1892//1892 1900//1900
f 1899//1899 1900//1900 1902//1902
f 1892//1892 1901//1901 1900//1900
f 1901//1901 1905//1905 1900//1900
f 1798//1798 1899//1899 1902//1902
f 1902//1902 1900//1900 1903//1903
f 1900//1900 1905//1905 1903//1903
f 1895//1895 1904//1904 1901//1901
f 1895//1895 1907//1907 1904//1904
f 1901//1901 1904//1904 1905//1905
f 1904//1904 1906//1906 1905//1905
f 1903//1903 1905//1905 1921//1921
f 1905//1905 1906//1906 1921//1921
f 1904//1904 1908//1908 1906//1906
f 1904//1904 1907//1907 1908//1908
f 1907//1907 1911//1911 1908//1908
f 1906//1906 1908//1908 1931//1931
f 1898//1898 1909//1909 1910//1910
f 1909//1909 2265//2265 1910//1910
f 1898//1898 1910//1910 1911//1911
f 1910//1910 2265//2265 2273//2273
f 1911//1911 1910//1910 1913//1913
f 1910//1910 2273//2273 1913//1913
f 1908//1908 1911//1911 1912//1912
f 1908//1908 1912//1912 1931//1931
f 1911//1911 1913//1913 1912//1912
f 1912//1912 1913//1913 1933//1933
f 2273//2273 2275//2275 1913//1913
f 1933//1933 1913//1913 2275//2275
f 1914//1914 1919//1919 1915//1915
f 1886//1886 1915//1915 1916//1916
f 1915//1915 1920//1920 1916//1916
f 1886//1886 1916//1916 1917//1917
f 1916//1916 1918//1918 1917//1917
f 1917//1917 1918//1918 3870//3870
f 1902//1902 1919//1919 1914//1914
f 1902//1902 1903//1903 1919//1919
f 1903//1903 1923//1923 1919//1919
f 1919//1919 1920//1920 1915//1915
f 1919//1919 1923//1923 1920//1920
f 1903//1903 1921//1921 1923//1923
f 1921//1921 1924//1924 1923//1923
f 1906//1906 1922//1922 1921//1921
f 1906//1906 1931//1931 1922//1922
f 1921//1921 1922//1922 1924//1924
f 1923//1923 1924//1924 1926//1926
f 1920//1920 1923//1923 1926//1926
f 1922//1922 1927//1927 1924//1924
f 1922//1922 1935//1935 1927//1927
f 1920//1920 1925//1925 1916//1916
f 1920//1920 1926//1926 1925//1925
f 1916//1916 1925//1925 1918//1918
f 1925//1925 3876//3876 1918//1918
f 1925//1925 1926//1926 1929//1929
f 1926//1926 1928//1928 1929//1929
f 1924//1924 1928//1928 1926//1926
f 1924//1924 1927//1927 1928//1928
f 1928//1928 1927//1927 1930//1930
f 1925//1925 1929//1929 3876//3876
f 1928//1928 3879//3879 1929//1929
f 1928//1928 1930//1930 3879//3879
f 1912//1912 1932//1932 1931//1931
f 1912//1912 1933//1933 1932//1932
f 1922//1922 1931//1931 1935//1935
f 1931//1931 1932//1932 1935//1935
f 1933//1933 2275//2275 1934//1934
f 1932//1932 1933//1933 1936//1936
f 1933//1933 1934//1934 1936//1936
f 1932//1932 1937//1937 1935//1935
f 1932//1932 1936//1936 1937//1937
f 1936//1936 1934//1934 1941//1941
f 1927//1927 1935//1935 1938//1938
f 1927//1927 1938//1938 1930//1930
f 1930//1930 1938//1938 3890//3890
f 1935//1935 1937//1937 1938//1938
f 1937//1937 1940//1940 1938//1938
f 1937//1937 1939//1939 1940//1940
f 1936//1936 1939//1939 1937//1937
f 1936//1936 1941//1941 1939//1939
f 1939//1939 1941//1941 1942//1942
f 1938//1938 1940//1940 3890//3890
f 1939//1939 3892//3892 1940//1940
f 1939//1939 1942//1942 3892//3892
f 1943//1943 1944//1944 1945//1945
f 1944//1944 1952//1952 1945//1945
f 1945//1945 1952//1952 1954//1954
f 1945//1945 1954//1954 1956//1956
f 1946//1946 1943//1943 1947//1947
f 1946//1946 1947//1947 1948//1948
f 1179//1179 1946//1946 1948//1948
f 1947//1947 1943//1943 1945//1945
f 1947//1947 1956//1956 1955//1955
f 1948//1948 1947//1947 1955//1955
f 1947//1947 1945//1945 1956//1956
f 1944//1944 1949//1949 1952//1952
f 1949//1949 1951//1951 1952//1952
f 1949//1949 1950//1950 1951//1951
f 1950//1950 1964//1964 1953//1953
f 1950//1950 1953//1953 1951//1951
f 1952//1952 1951//1951 1959//1959
f 1951//1951 1960//1960 1959//1959
f 1954//1954 1952//1952 1959//1959
f 1951//1951 1953//1953 1960//1960
f 1953//1953 1975//1975 1960//1960
f 1954//1954 1961//1961 1958//1958
f 1957//1957 1956//1956 1958//1958
f 1955//1955 1956//1956 1957//1957
f 1955//1955 1957//1957 1188//1188
f 1954//1954 1958//1958 1956//1956
f 1957//1957 1958//1958 1985//1985
f 1957//1957 1985//1985 1996//1996
f 1958//1958 1986//1986 1985//1985
f 1961//1961 1986//1986 1958//1958
f 1959//1959 1960//1960 1962//1962
f 1954//1954 1959//1959 1961//1961
f 1961//1961 1959//1959 1962//1962
f 1960//1960 1975//1975 1963//1963
f 1960//1960 1963//1963 1962//1962
f 1961//1961 1962//1962 1990//1990
f 1962//1962 1989//1989 1990//1990
f 1962//1962 1963//1963 1989//1989
f 1963//1963 2006//2006 1989//1989
f 1961//1961 1990//1990 1986//1986
f 1957//1957 1996//1996 1188//1188
f 1964//1964 1965//1965 1967//1967
f 1964//1964 1967//1967 1953//1953
f 1967//1967 1965//1965 1968//1968
f 1965//1965 1966//1966 1968//1968
f 1966//1966 1972//1972 1968//1968
f 1953//1953 1967//1967 1975//1975
f 1967//1967 1968//1968 1976//1976
f 1967//1967 1976//1976 1975//1975
f 1968//1968 1972//1972 1977//1977
f 1968//1968 1977//1977 1976//1976
f 1966//1966 1969//1969 1972//1972
f 1969//1969 1970//1970 1973//1973
f 1972//1972 1969//1969 1973//1973
f 1970//1970 1971//1971 1974//1974
f 1970//1970 1974//1974 1973//1973
f 1972//1972 1973//1973 1980//1980
f 1972//1972 1980//1980 1977//1977
f 1973//1973 1981//1981 1980//1980
f 1973//1973 1974//1974 1981//1981
f 1974//1974 2032//2032 1981//1981
f 1975//1975 1976//1976 1978//1978
f 1975//1975 1978//1978 1963//1963
f 1978//1978 1976//1976 1979//1979
f 1976//1976 1977//1977 1979//1979
f 1977//1977 1982//1982 1979//1979
f 1963//1963 1978//1978 2006//2006
f 1978//1978 1979//1979 2007//2007
f 1978//1978 2007//2007 2006//2006
f 1979//1979 1982//1982 2008//2008
f 1979//1979 2008//2008 2007//2007
f 1977//1977 1980//1980 1982//1982
f 1982//1982 1980//1980 1983//1983
f 1980//1980 1981//1981 1983//1983
f 1981//1981 2032//2032 1984//1984
f 1981//1981 1984//1984 1983//1983
f 1982//1982 2011//2011 2008//2008
f 1982//1982 1983//1983 2011//2011
f 1983//1983 1984//1984 2012//2012
f 1983//1983 2012//2012 2011//2011
f 1984//1984 2049//2049 2012//2012
f 1985//1985 1987//1987 1997//1997
f 1985//1985 1986//1986 1987//1987
f 1986//1986 1988//1988 1987//1987
f 1987//1987 1988//1988 2000//2000
f 1988//1988 1993//1993 2000//2000
f 1989//1989 2006//2006 1992//1992
f 1988//1988 1990//1990 1991//1991
f 1986//1986 1990//1990 1988//1988
f 1989//1989 1991//1991 1990//1990
f 1989//1989 1992//1992 1991//1991
f 1988//1988 1991//1991 1993//1993
f 1991//1991 1994//1994 1993//1993
f 1991//1991 1992//1992 1994//1994
f 1993//1993 1994//1994 2005//2005
f 1992//1992 2016//2016 1994//1994
f 1994//1994 1995//1995 2005//2005
f 1994//1994 2016//2016 1995//1995
f 1192//1192 1996//1996 1997//1997
f 1985//1985 1997//1997 1996//1996
f 1987//1987 1999//1999 1997//1997
f 1192//1192 1997//1997 1998//1998
f 1998//1998 1997//1997 1999//1999
f 1987//1987 2000//2000 1999//1999
f 1998//1998 1999//1999 2003//2003
f 1999//1999 2002//2002 2003//2003
f 1999//1999 2000//2000 2002//2002
f 2000//2000 1993//1993 2001//2001
f 2000//2000 2001//2001 2002//2002
f 2002//2002 2001//2001 2105//2105
f 2001//2001 2108//2108 2105//2105
f 1998//1998 2003//2003 1195//1195
f 2003//2003 2004//2004 1196//1196
f 2003//2003 2002//2002 2004//2004
f 1196//1196 2004//2004 2129//2129
f 2004//2004 2002//2002 2105//2105
f 2001//2001 1993//1993 2005//2005
f 2001//2001 2005//2005 2108//2108
f 2005//2005 2109//2109 2108//2108
f 1995//1995 2109//2109 2005//2005
f 2006//2006 2009//2009 1992//1992
f 2006//2006 2007//2007 2009//2009
f 2009//2009 2007//2007 2010//2010
f 2007//2007 2008//2008 2010//2010
f 2008//2008 2013//2013 2010//2010
f 2009//2009 2016//2016 1992//1992
f 2009//2009 2010//2010 2017//2017
f 2010//2010 2013//2013 2018//2018
f 2008//2008 2011//2011 2013//2013
f 2013//2013 2011//2011 2014//2014
f 2011//2011 2012//2012 2014//2014
f 2012//2012 2015//2015 2014//2014
f 2012//2012 2049//2049 2015//2015
f 2013//2013 2014//2014 2021//2021
f 2014//2014 2022//2022 2021//2021
f 2014//2014 2015//2015 2022//2022
f 2022//2022 2015//2015 2058//2058
f 2009//2009 2017//2017 2016//2016
f 2016//2016 2017//2017 2019//2019
f 2010//2010 2018//2018 2017//2017
f 2017//2017 2018//2018 2020//2020
f 2016//2016 2019//2019 1995//1995
f 2019//2019 2017//2017 2020//2020
f 2018//2018 2023//2023 2020//2020
f 2013//2013 2021//2021 2018//2018
f 2018//2018 2021//2021 2023//2023
f 2023//2023 2021//2021 2024//2024
f 2021//2021 2022//2022 2024//2024
f 1995//1995 2019//2019 2114//2114
f 2019//2019 2020//2020 2115//2115
f 2020//2020 2023//2023 2116//2116
f 2022//2022 2058//2058 2025//2025
f 2022//2022 2025//2025 2024//2024
f 2023//2023 2024//2024 2122//2122
f 2024//2024 2123//2123 2122//2122
f 2024//2024 2025//2025 2123//2123
f 2025//2025 2184//2184 2123//2123
f 1971//1971 2026//2026 2027//2027
f 1974//1974 1971//1971 2027//2027
f 1974//1974 2027//2027 2032//2032
f 2027//2027 2033//2033 2032//2032
f 2026//2026 2029//2029 2027//2027
f 2026//2026 2028//2028 2029//2029
f 2028//2028 2030//2030 2029//2029
f 2028//2028 2031//2031 2030//2030
f 2027//2027 2029//2029 2033//2033
f 2029//2029 2034//2034 2033//2033
f 2029//2029 2030//2030 2034//2034
f 2030//2030 2043//2043 2034//2034
f 2031//2031 2039//2039 2030//2030
f 2032//2032 2035//2035 1984//1984
f 2032//2032 2033//2033 2035//2035
f 2033//2033 2036//2036 2035//2035
f 2033//2033 2034//2034 2036//2036
f 2034//2034 2043//2043 2045//2045
f 2034//2034 2045//2045 2036//2036
f 1984//1984 2035//2035 2049//2049
f 2035//2035 2050//2050 2049//2049
f 2035//2035 2036//2036 2050//2050
f 2036//2036 2052//2052 2050//2050
f 2031//2031 2037//2037 2039//2039
f 2037//2037 2038//2038 2039//2039
f 942//942 2038//2038 2037//2037
f 2030//2030 2039//2039 2043//2043
f 2043//2043 2039//2039 2040//2040
f 2038//2038 2040//2040 2039//2039
f 942//942 2041//2041 2038//2038
f 2038//2038 2041//2041 2042//2042
f 2041//2041 2066//2066 2042//2042
f 2038//2038 2042//2042 2040//2040
f 2040//2040 2042//2042 2047//2047
f 2042//2042 2068//2068 2047//2047
f 2036//2036 2045//2045 2052//2052
f 2043//2043 2044//2044 2045//2045
f 2043//2043 2040//2040 2044//2044
f 2040//2040 2047//2047 2044//2044
f 2045//2045 2046//2046 2052//2052
f 2045//2045 2044//2044 2046//2046
f 2044//2044 2048//2048 2046//2046
f 2044//2044 2047//2047 2048//2048
f 2047//2047 2068//2068 2065//2065
f 2047//2047 2065//2065 2048//2048
f 2046//2046 2048//2048 2056//2056
f 2048//2048 2065//2065 2086//2086
f 2048//2048 2086//2086 2056//2056
f 969//969 2066//2066 2041//2041
f 2042//2042 2066//2066 2068//2068
f 2049//2049 2051//2051 2015//2015
f 2049//2049 2050//2050 2051//2051
f 2050//2050 2053//2053 2051//2051
f 2015//2015 2051//2051 2058//2058
f 2050//2050 2052//2052 2053//2053
f 2052//2052 2055//2055 2053//2053
f 2051//2051 2059//2059 2058//2058
f 2051//2051 2053//2053 2059//2059
f 2055//2055 2054//2054 2053//2053
f 2053//2053 2054//2054 2059//2059
f 2052//2052 2046//2046 2055//2055
f 2055//2055 2046//2046 2056//2056
f 2055//2055 2056//2056 2057//2057
f 2056//2056 2086//2086 2087//2087
f 2055//2055 2057//2057 2054//2054
f 2054//2054 2057//2057 2064//2064
f 2056//2056 2087//2087 2057//2057
f 2057//2057 2087//2087 2089//2089
f 2058//2058 2059//2059 2060//2060
f 2058//2058 2060//2060 2025//2025
f 2054//2054 2061//2061 2059//2059
f 2060//2060 2059//2059 2061//2061
f 2025//2025 2060//2060 2184//2184
f 2054//2054 2064//2064 2061//2061
f 2061//2061 2064//2064 2063//2063
f 2060//2060 2062//2062 2184//2184
f 2060//2060 2061//2061 2062//2062
f 2061//2061 2063//2063 2062//2062
f 2062//2062 2063//2063 2186//2186
f 2064//2064 2057//2057 2089//2089
f 2064//2064 2091//2091 2063//2063
f 969//969 2067//2067 2066//2066
f 2066//2066 2067//2067 2069//2069
f 2067//2067 2070//2070 2069//2069
f 2066//2066 2069//2069 2068//2068
f 2068//2068 2069//2069 2072//2072
f 2069//2069 2071//2071 2072//2072
f 971//971 2070//2070 2067//2067
f 971//971 2075//2075 2070//2070
f 2070//2070 2075//2075 2077//2077
f 2069//2069 2070//2070 2071//2071
f 2070//2070 2077//2077 2071//2071
f 2071//2071 2077//2077 2081//2081
f 2068//2068 2072//2072 2065//2065
f 2065//2065 2073//2073 2086//2086
f 2065//2065 2072//2072 2073//2073
f 2071//2071 2074//2074 2072//2072
f 2071//2071 2081//2081 2074//2074
f 2072//2072 2074//2074 2073//2073
f 2073//2073 2074//2074 2095//2095
f 2074//2074 2081//2081 2082//2082
f 2074//2074 2082//2082 2095//2095
f 2075//2075 2076//2076 2077//2077
f 979//979 2076//2076 2075//2075
f 2077//2077 2078//2078 2081//2081
f 2076//2076 2078//2078 2077//2077
f 979//979 2079//2079 2076//2076
f 2076//2076 2079//2079 2080//2080
f 2079//2079 2209//2209 2080//2080
f 2076//2076 2080//2080 2078//2078
f 2078//2078 2080//2080 2084//2084
f 2080//2080 2210//2210 2084//2084
f 2078//2078 2083//2083 2081//2081
f 2081//2081 2083//2083 2082//2082
f 2082//2082 2083//2083 2100//2100
f 2078//2078 2084//2084 2083//2083
f 2083//2083 2085//2085 2100//2100
f 2083//2083 2084//2084 2085//2085
f 2086//2086 2094//2094 2087//2087
f 2087//2087 2088//2088 2089//2089
f 2087//2087 2094//2094 2088//2088
f 2064//2064 2089//2089 2091//2091
f 2088//2088 2090//2090 2089//2089
f 2089//2089 2090//2090 2091//2091
f 2063//2063 2091//2091 2190//2190
f 2091//2091 2092//2092 2190//2190
f 2090//2090 2092//2092 2091//2091
f 2088//2088 2097//2097 2090//2090
f 2090//2090 2097//2097 2093//2093
f 2090//2090 2093//2093 2092//2092
f 2073//2073 2094//2094 2086//2086
f 2073//2073 2095//2095 2094//2094
f 2094//2094 2095//2095 2096//2096
f 2095//2095 2098//2098 2096//2096
f 2088//2088 2094//2094 2096//2096
f 2088//2088 2096//2096 2097//2097
f 2096//2096 2099//2099 2097//2097
f 2082//2082 2098//2098 2095//2095
f 2082//2082 2100//2100 2098//2098
f 2098//2098 2100//2100 2101//2101
f 2096//2096 2098//2098 2099//2099
f 2098//2098 2101//2101 2099//2099
f 2100//2100 2223//2223 2101//2101
f 2085//2085 2223//2223 2100//2100
f 2101//2101 2223//2223 2227//2227
f 2097//2097 2099//2099 2102//2102
f 2099//2099 2103//2103 2102//2102
f 2099//2099 2101//2101 2103//2103
f 2093//2093 2097//2097 2102//2102
f 2093//2093 2102//2102 2206//2206
f 2103//2103 2101//2101 2227//2227
f 2102//2102 2103//2103 2104//2104
f 2102//2102 2104//2104 2206//2206
f 2103//2103 2228//2228 2104//2104
f 2004//2004 2107//2107 2129//2129
f 2004//2004 2105//2105 2107//2107
f 2105//2105 2108//2108 2106//2106
f 2107//2107 2105//2105 2106//2106
f 2107//2107 2106//2106 2131//2131
f 2106//2106 2111//2111 2131//2131
f 2108//2108 2109//2109 2110//2110
f 1995//1995 2114//2114 2109//2109
f 2109//2109 2112//2112 2110//2110
f 2109//2109 2114//2114 2112//2112
f 2106//2106 2108//2108 2110//2110
f 2106//2106 2110//2110 2111//2111
f 2110//2110 2113//2113 2111//2111
f 2110//2110 2112//2112 2113//2113
f 2113//2113 2112//2112 2120//2120
f 2111//2111 2113//2113 2136//2136
f 2113//2113 2120//2120 2138//2138
f 2019//2019 2115//2115 2114//2114
f 2114//2114 2117//2117 2112//2112
f 2114//2114 2115//2115 2117//2117
f 2117//2117 2115//2115 2118//2118
f 2020//2020 2116//2116 2115//2115
f 2115//2115 2116//2116 2118//2118
f 2116//2116 2125//2125 2118//2118
f 2117//2117 2120//2120 2112//2112
f 2117//2117 2118//2118 2119//2119
f 2117//2117 2119//2119 2120//2120
f 2118//2118 2125//2125 2121//2121
f 2118//2118 2121//2121 2119//2119
f 2023//2023 2122//2122 2116//2116
f 2116//2116 2122//2122 2125//2125
f 2125//2125 2122//2122 2127//2127
f 2122//2122 2123//2123 2127//2127
f 2123//2123 2184//2184 2124//2124
f 2123//2123 2124//2124 2127//2127
f 2125//2125 2127//2127 2126//2126
f 2125//2125 2126//2126 2121//2121
f 2127//2127 2124//2124 2128//2128
f 2128//2128 2124//2124 2187//2187
f 2126//2126 2127//2127 2128//2128
f 2120//2120 2149//2149 2138//2138
f 2120//2120 2119//2119 2149//2149
f 2149//2149 2119//2119 2150//2150
f 2119//2119 2121//2121 2150//2150
f 2121//2121 2156//2156 2150//2150
f 2121//2121 2126//2126 2156//2156
f 2126//2126 2128//2128 2157//2157
f 1237//1237 2129//2129 2132//2132
f 2107//2107 2130//2130 2129//2129
f 2129//2129 2130//2130 2132//2132
f 2107//2107 2131//2131 2130//2130
f 2111//2111 2137//2137 2131//2131
f 2130//2130 2131//2131 2134//2134
f 2132//2132 2130//2130 2133//2133
f 2132//2132 2133//2133 1243//1243
f 2131//2131 2137//2137 2134//2134
f 2130//2130 2134//2134 2133//2133
f 2133//2133 2134//2134 2143//2143
f 2137//2137 2135//2135 2134//2134
f 2134//2134 2135//2135 2143//2143
f 2111//2111 2136//2136 2137//2137
f 2137//2137 2136//2136 2140//2140
f 2136//2136 2139//2139 2140//2140
f 2113//2113 2138//2138 2136//2136
f 2136//2136 2138//2138 2139//2139
f 2139//2139 2138//2138 2151//2151
f 2137//2137 2140//2140 2135//2135
f 2139//2139 2141//2141 2140//2140
f 2135//2135 2140//2140 2148//2148
f 2148//2148 2140//2140 2141//2141
f 2139//2139 2151//2151 2142//2142
f 2139//2139 2142//2142 2141//2141
f 2133//2133 2144//2144 1243//1243
f 2133//2133 2143//2143 2144//2144
f 2144//2144 2143//2143 2146//2146
f 2135//2135 2145//2145 2143//2143
f 2135//2135 2148//2148 2145//2145
f 2146//2146 2143//2143 2145//2145
f 2144//2144 2146//2146 2147//2147
f 2147//2147 2146//2146 2262//2262
f 2128//2128 2187//2187 2158//2158
f 2138//2138 2149//2149 2151//2151
f 2149//2149 2150//2150 2152//2152
f 2150//2150 2156//2156 2153//2153
f 2149//2149 2152//2152 2151//2151
f 2151//2151 2152//2152 2154//2154
f 2150//2150 2153//2153 2152//2152
f 2152//2152 2153//2153 2155//2155
f 2151//2151 2154//2154 2142//2142
f 2154//2154 2152//2152 2155//2155
f 2153//2153 2160//2160 2155//2155
f 2126//2126 2157//2157 2156//2156
f 2156//2156 2157//2157 2159//2159
f 2128//2128 2158//2158 2157//2157
f 2157//2157 2161//2161 2159//2159
f 2157//2157 2158//2158 2161//2161
f 2156//2156 2159//2159 2153//2153
f 2153//2153 2159//2159 2160//2160
f 2160//2160 2159//2159 2162//2162
f 2159//2159 2161//2161 2162//2162
f 2161//2161 2158//2158 2194//2194
f 2161//2161 2194//2194 2163//2163
f 2162//2162 2161//2161 2163//2163
f 2141//2141 2142//2142 2167//2167
f 2145//2145 2148//2148 2164//2164
f 2146//2146 2165//2165 2262//2262
f 2146//2146 2145//2145 2165//2165
f 2145//2145 2164//2164 2165//2165
f 2165//2165 2164//2164 2264//2264
f 2164//2164 2168//2168 2264//2264
f 2148//2148 2141//2141 2166//2166
f 2141//2141 2167//2167 2166//2166
f 2148//2148 2166//2166 2164//2164
f 2142//2142 2171//2171 2167//2167
f 2166//2166 2167//2167 2170//2170
f 2167//2167 2171//2171 2169//2169
f 2164//2164 2166//2166 2168//2168
f 2166//2166 2170//2170 2168//2168
f 2167//2167 2169//2169 2170//2170
f 2170//2170 2169//2169 2269//2269
f 2169//2169 2176//2176 2269//2269
f 2142//2142 2154//2154 2171//2171
f 2154//2154 2155//2155 2172//2172
f 2154//2154 2172//2172 2171//2171
f 2155//2155 2173//2173 2172//2172
f 2155//2155 2160//2160 2173//2173
f 2160//2160 2162//2162 2179//2179
f 2171//2171 2172//2172 2174//2174
f 2171//2171 2174//2174 2169//2169
f 2174//2174 2172//2172 2175//2175
f 2172//2172 2173//2173 2175//2175
f 2173//2173 2181//2181 2175//2175
f 2174//2174 2176//2176 2169//2169
f 2174//2174 2175//2175 2177//2177
f 2174//2174 2177//2177 2176//2176
f 2175//2175 2178//2178 2177//2177
f 2175//2175 2181//2181 2178//2178
f 2160//2160 2179//2179 2173//2173
f 2162//2162 2180//2180 2179//2179
f 2173//2173 2179//2179 2181//2181
f 2179//2179 2180//2180 2182//2182
f 2162//2162 2163//2163 2180//2180
f 2163//2163 2207//2207 2180//2180
f 2180//2180 2207//2207 2183//2183
f 2181//2181 2179//2179 2182//2182
f 2181//2181 2182//2182 2284//2284
f 2181//2181 2284//2284 2178//2178
f 2180//2180 2183//2183 2182//2182
f 2183//2183 2207//2207 2360//2360
f 2062//2062 2185//2185 2184//2184
f 2184//2184 2185//2185 2124//2124
f 2062//2062 2186//2186 2185//2185
f 2124//2124 2185//2185 2187//2187
f 2063//2063 2190//2190 2186//2186
f 2186//2186 2190//2190 2189//2189
f 2185//2185 2188//2188 2187//2187
f 2187//2187 2188//2188 2192//2192
f 2185//2185 2186//2186 2188//2188
f 2188//2188 2186//2186 2189//2189
f 2188//2188 2189//2189 2193//2193
f 2189//2189 2203//2203 2193//2193
f 2092//2092 2191//2191 2190//2190
f 2190//2190 2191//2191 2189//2189
f 2092//2092 2093//2093 2195//2195
f 2092//2092 2195//2195 2191//2191
f 2189//2189 2191//2191 2203//2203
f 2187//2187 2192//2192 2158//2158
f 2158//2158 2192//2192 2194//2194
f 2192//2192 2193//2193 2198//2198
f 2192//2192 2198//2198 2194//2194
f 2188//2188 2193//2193 2192//2192
f 2093//2093 2206//2206 2195//2195
f 2195//2195 2206//2206 2197//2197
f 2191//2191 2195//2195 2196//2196
f 2203//2203 2191//2191 2196//2196
f 2195//2195 2197//2197 2196//2196
f 2196//2196 2197//2197 2205//2205
f 2197//2197 2346//2346 2340//2340
f 2197//2197 2340//2340 2205//2205
f 2193//2193 2203//2203 2200//2200
f 2193//2193 2200//2200 2198//2198
f 2194//2194 2198//2198 2199//2199
f 2194//2194 2199//2199 2163//2163
f 2198//2198 2201//2201 2199//2199
f 2198//2198 2200//2200 2201//2201
f 2200//2200 2202//2202 2201//2201
f 2201//2201 2202//2202 2359//2359
f 2203//2203 2196//2196 2204//2204
f 2203//2203 2204//2204 2200//2200
f 2204//2204 2196//2196 2205//2205
f 2204//2204 2205//2205 2342//2342
f 2200//2200 2204//2204 2202//2202
f 2204//2204 2342//2342 2202//2202
f 2197//2197 2206//2206 2346//2346
f 2104//2104 2346//2346 2206//2206
f 2163//2163 2199//2199 2207//2207
f 2199//2199 2208//2208 2207//2207
f 2199//2199 2201//2201 2208//2208
f 2207//2207 2208//2208 2360//2360
f 2201//2201 2359//2359 2208//2208
f 1150//1150 2209//2209 2079//2079
f 1150//1150 2211//2211 2209//2209
f 2080//2080 2209//2209 2210//2210
f 2209//2209 2212//2212 2210//2210
f 2209//2209 2211//2211 2212//2212
f 2211//2211 2216//2216 2212//2212
f 2210//2210 2212//2212 2214//2214
f 2212//2212 2217//2217 2214//2214
f 2084//2084 2210//2210 2213//2213
f 2084//2084 2213//2213 2085//2085
f 2085//2085 2213//2213 2224//2224
f 2210//2210 2214//2214 2213//2213
f 2213//2213 2214//2214 2215//2215
f 2213//2213 2215//2215 2224//2224
f 1156//1156 2216//2216 2211//2211
f 2212//2212 2216//2216 2217//2217
f 1156//1156 2218//2218 2216//2216
f 2216//2216 2218//2218 2219//2219
f 2216//2216 2219//2219 2217//2217
f 2217//2217 2219//2219 2221//2221
f 2214//2214 2217//2217 2220//2220
f 2214//2214 2220//2220 2215//2215
f 2215//2215 2220//2220 2232//2232
f 2217//2217 2221//2221 2220//2220
f 2220//2220 2221//2221 2222//2222
f 2220//2220 2222//2222 2232//2232
f 2223//2223 2225//2225 2227//2227
f 2085//2085 2224//2224 2223//2223
f 2223//2223 2224//2224 2225//2225
f 2224//2224 2226//2226 2225//2225
f 2215//2215 2226//2226 2224//2224
f 2225//2225 2226//2226 2231//2231
f 2103//2103 2227//2227 2228//2228
f 2225//2225 2229//2229 2227//2227
f 2227//2227 2229//2229 2228//2228
f 2104//2104 2228//2228 2347//2347
f 2228//2228 2230//2230 2347//2347
f 2228//2228 2229//2229 2230//2230
f 2229//2229 2236//2236 2230//2230
f 2225//2225 2231//2231 2229//2229
f 2229//2229 2231//2231 2236//2236
f 2215//2215 2232//2232 2226//2226
f 2226//2226 2232//2232 2233//2233
f 2226//2226 2233//2233 2231//2231
f 2231//2231 2233//2233 2237//2237
f 2232//2232 2234//2234 2233//2233
f 2222//2222 2234//2234 2232//2232
f 2233//2233 2234//2234 2235//2235
f 2233//2233 2235//2235 2237//2237
f 2230//2230 2236//2236 2351//2351
f 2236//2236 2239//2239 2351//2351
f 2231//2231 2237//2237 2236//2236
f 2237//2237 2239//2239 2236//2236
f 2235//2235 2238//2238 2237//2237
f 2237//2237 2238//2238 2239//2239
f 2238//2238 2377//2377 2239//2239
f 1173//1173 2240//2240 2218//2218
f 2218//2218 2240//2240 2219//2219
f 2219//2219 2240//2240 2241//2241
f 2219//2219 2241//2241 2221//2221
f 1173//1173 2242//2242 2240//2240
f 2240//2240 2242//2242 2243//2243
f 2240//2240 2243//2243 2241//2241
f 2241//2241 2243//2243 2245//2245
f 2221//2221 2241//2241 2244//2244
f 2221//2221 2244//2244 2222//2222
f 2222//2222 2244//2244 2251//2251
f 2241//2241 2245//2245 2244//2244
f 2244//2244 2246//2246 2251//2251
f 2244//2244 2245//2245 2246//2246
f 2242//2242 2247//2247 2243//2243
f 1178//1178 2247//2247 2242//2242
f 2243//2243 2248//2248 2245//2245
f 2243//2243 2247//2247 2248//2248
f 1178//1178 3996//3996 2247//2247
f 2247//2247 3996//3996 3997//3997
f 2247//2247 3997//3997 2248//2248
f 2248//2248 3997//3997 4000//4000
f 2245//2245 2249//2249 2246//2246
f 2245//2245 2248//2248 2249//2249
f 2246//2246 2249//2249 2250//2250
f 2248//2248 4000//4000 2249//2249
f 2249//2249 4000//4000 4001//4001
f 2249//2249 4001//4001 2250//2250
f 2250//2250 4001//4001 4011//4011
f 2222//2222 2251//2251 2234//2234
f 2234//2234 2251//2251 2252//2252
f 2235//2235 2252//2252 2255//2255
f 2234//2234 2252//2252 2235//2235
f 2251//2251 2253//2253 2252//2252
f 2246//2246 2253//2253 2251//2251
f 2252//2252 2254//2254 2255//2255
f 2252//2252 2253//2253 2254//2254
f 2235//2235 2255//2255 2238//2238
f 2238//2238 2255//2255 2256//2256
f 2238//2238 2256//2256 2377//2377
f 2256//2256 2378//2378 2377//2377
f 2256//2256 2255//2255 2257//2257
f 2254//2254 2257//2257 2255//2255
f 2256//2256 2258//2258 2378//2378
f 2256//2256 2257//2257 2258//2258
f 2246//2246 2250//2250 2253//2253
f 2250//2250 2259//2259 2253//2253
f 2253//2253 2259//2259 2254//2254
f 2254//2254 2259//2259 2260//2260
f 2250//2250 4011//4011 2259//2259
f 2259//2259 4011//4011 4012//4012
f 2259//2259 4012//4012 2260//2260
f 2260//2260 4012//4012 4014//4014
f 2257//2257 2260//2260 2261//2261
f 2254//2254 2260//2260 2257//2257
f 2258//2258 2257//2257 2261//2261
f 2258//2258 2261//2261 2385//2385
f 2260//2260 4014//4014 2261//2261
f 2261//2261 4015//4015 2385//2385
f 2261//2261 4014//4014 4015//4015
f 2385//2385 4015//4015 4142//4142
f 2147//2147 2262//2262 1909//1909
f 2165//2165 2263//2263 2262//2262
f 1909//1909 2262//2262 2265//2265
f 2262//2262 2263//2263 2265//2265
f 2165//2165 2264//2264 2263//2263
f 2263//2263 2264//2264 2267//2267
f 2264//2264 2270//2270 2267//2267
f 2265//2265 2263//2263 2266//2266
f 2265//2265 2266//2266 2273//2273
f 2266//2266 2263//2263 2267//2267
f 2267//2267 2270//2270 2278//2278
f 2168//2168 2270//2270 2264//2264
f 2168//2168 2170//2170 2268//2268
f 2168//2168 2268//2268 2270//2270
f 2170//2170 2269//2269 2268//2268
f 2176//2176 2287//2287 2269//2269
f 2270//2270 2268//2268 2271//2271
f 2268//2268 2269//2269 2272//2272
f 2269//2269 2287//2287 2272//2272
f 2270//2270 2271//2271 2278//2278
f 2268//2268 2272//2272 2271//2271
f 2272//2272 2287//2287 2290//2290
f 2271//2271 2272//2272 2280//2280
f 2272//2272 2290//2290 2280//2280
f 2266//2266 2274//2274 2273//2273
f 2266//2266 2276//2276 2274//2274
f 2266//2266 2267//2267 2276//2276
f 2273//2273 2274//2274 2275//2275
f 2275//2275 2274//2274 2305//2305
f 2267//2267 2278//2278 2276//2276
f 2276//2276 2278//2278 2281//2281
f 2274//2274 2277//2277 2305//2305
f 2274//2274 2276//2276 2277//2277
f 2276//2276 2281//2281 2277//2277
f 2277//2277 2281//2281 2308//2308
f 2278//2278 2271//2271 2279//2279
f 2278//2278 2279//2279 2281//2281
f 2271//2271 2280//2280 2279//2279
f 2290//2290 2295//2295 2280//2280
f 2279//2279 2280//2280 2283//2283
f 2280//2280 2295//2295 2283//2283
f 2281//2281 2279//2279 2282//2282
f 2281//2281 2282//2282 2308//2308
f 2279//2279 2283//2283 2282//2282
f 2283//2283 2295//2295 2320//2320
f 2282//2282 2283//2283 2310//2310
f 2283//2283 2320//2320 2310//2310
f 2176//2176 2177//2177 2288//2288
f 2177//2177 2178//2178 2288//2288
f 2178//2178 2284//2284 2289//2289
f 2182//2182 2285//2285 2284//2284
f 2182//2182 2183//2183 2285//2285
f 2183//2183 2360//2360 2286//2286
f 2183//2183 2286//2286 2285//2285
f 2285//2285 2286//2286 2294//2294
f 2176//2176 2288//2288 2287//2287
f 2287//2287 2288//2288 2291//2291
f 2178//2178 2289//2289 2288//2288
f 2288//2288 2289//2289 2291//2291
f 2287//2287 2291//2291 2290//2290
f 2289//2289 2293//2293 2292//2292
f 2289//2289 2292//2292 2291//2291
f 2284//2284 2293//2293 2289//2289
f 2284//2284 2285//2285 2293//2293
f 2285//2285 2294//2294 2293//2293
f 2293//2293 2294//2294 2299//2299
f 2292//2292 2293//2293 2299//2299
f 2294//2294 2286//2286 2300//2300
f 2290//2290 2296//2296 2295//2295
f 2290//2290 2291//2291 2296//2296
f 2291//2291 2292//2292 2296//2296
f 2292//2292 2297//2297 2296//2296
f 2292//2292 2299//2299 2297//2297
f 2295//2295 2296//2296 2298//2298
f 2295//2295 2298//2298 2320//2320
f 2296//2296 2297//2297 2298//2298
f 2297//2297 2303//2303 2322//2322
f 2297//2297 2322//2322 2298//2298
f 2294//2294 2301//2301 2299//2299
f 2299//2299 2301//2301 2303//2303
f 2294//2294 2300//2300 2301//2301
f 2301//2301 2300//2300 2302//2302
f 2297//2297 2299//2299 2303//2303
f 2301//2301 2302//2302 2304//2304
f 2304//2304 2302//2302 2326//2326
f 2301//2301 2304//2304 2303//2303
f 2303//2303 2327//2327 2322//2322
f 2303//2303 2304//2304 2327//2327
f 2275//2275 2305//2305 1934//1934
f 1934//1934 2305//2305 2307//2307
f 2305//2305 2306//2306 2307//2307
f 2277//2277 2306//2306 2305//2305
f 2277//2277 2308//2308 2306//2306
f 2306//2306 2308//2308 2311//2311
f 1934//1934 2307//2307 1941//1941
f 2307//2307 2306//2306 2314//2314
f 2306//2306 2311//2311 2314//2314
f 2282//2282 2309//2309 2308//2308
f 2308//2308 2309//2309 2311//2311
f 2282//2282 2310//2310 2309//2309
f 2309//2309 2310//2310 2312//2312
f 2310//2310 2320//2320 2323//2323
f 2311//2311 2309//2309 2316//2316
f 2310//2310 2323//2323 2312//2312
f 2309//2309 2312//2312 2316//2316
f 2312//2312 2323//2323 2331//2331
f 2307//2307 2313//2313 1941//1941
f 2307//2307 2314//2314 2313//2313
f 1941//1941 2313//2313 1942//1942
f 2313//2313 2314//2314 2315//2315
f 2311//2311 2317//2317 2314//2314
f 2314//2314 2317//2317 2315//2315
f 2313//2313 4056//4056 1942//1942
f 2313//2313 2315//2315 4056//4056
f 2317//2317 4060//4060 2315//2315
f 2311//2311 2316//2316 2317//2317
f 2317//2317 2316//2316 2319//2319
f 2312//2312 2318//2318 2316//2316
f 2312//2312 2331//2331 2318//2318
f 2316//2316 2318//2318 2319//2319
f 2318//2318 2331//2331 2334//2334
f 2317//2317 2319//2319 4060//4060
f 2318//2318 4062//4062 2319//2319
f 2318//2318 2334//2334 4062//4062
f 2320//2320 2298//2298 2321//2321
f 2320//2320 2321//2321 2323//2323
f 2298//2298 2322//2322 2321//2321
f 2321//2321 2322//2322 2325//2325
f 2322//2322 2327//2327 2325//2325
f 2323//2323 2321//2321 2324//2324
f 2323//2323 2324//2324 2331//2331
f 2321//2321 2325//2325 2324//2324
f 2324//2324 2325//2325 2333//2333
f 2325//2325 2329//2329 2333//2333
f 2304//2304 2328//2328 2327//2327
f 2327//2327 2328//2328 2329//2329
f 2304//2304 2326//2326 2328//2328
f 2328//2328 2326//2326 2330//2330
f 2325//2325 2327//2327 2329//2329
f 2328//2328 2337//2337 2329//2329
f 2328//2328 2330//2330 2337//2337
f 2331//2331 2324//2324 2332//2332
f 2331//2331 2332//2332 2334//2334
f 2324//2324 2333//2333 2332//2332
f 2332//2332 2333//2333 2335//2335
f 2333//2333 2336//2336 2335//2335
f 2334//2334 2332//2332 4074//4074
f 2332//2332 2335//2335 4074//4074
f 2329//2329 2336//2336 2333//2333
f 2329//2329 2337//2337 2336//2336
f 2336//2336 2337//2337 2339//2339
f 2337//2337 2330//2330 2338//2338
f 2337//2337 2338//2338 2339//2339
f 2335//2335 2336//2336 4080//4080
f 2336//2336 2339//2339 4080//4080
f 2339//2339 2338//2338 4081//4081
f 2205//2205 2340//2340 2341//2341
f 2205//2205 2341//2341 2342//2342
f 2340//2340 2350//2350 2341//2341
f 2202//2202 2342//2342 2365//2365
f 2341//2341 2343//2343 2342//2342
f 2365//2365 2342//2342 2343//2343
f 2341//2341 2350//2350 2344//2344
f 2341//2341 2344//2344 2343//2343
f 2343//2343 2344//2344 2370//2370
f 2350//2350 2356//2356 2344//2344
f 2344//2344 2356//2356 2345//2345
f 2344//2344 2345//2345 2370//2370
f 2345//2345 2358//2358 2393//2393
f 2104//2104 2347//2347 2346//2346
f 2346//2346 2347//2347 2349//2349
f 2346//2346 2349//2349 2340//2340
f 2347//2347 2348//2348 2349//2349
f 2230//2230 2348//2348 2347//2347
f 2230//2230 2351//2351 2348//2348
f 2340//2340 2349//2349 2350//2350
f 2348//2348 2352//2352 2349//2349
f 2349//2349 2352//2352 2350//2350
f 2348//2348 2351//2351 2353//2353
f 2353//2353 2351//2351 2354//2354
f 2348//2348 2353//2353 2352//2352
f 2352//2352 2353//2353 2357//2357
f 2239//2239 2354//2354 2351//2351
f 2239//2239 2377//2377 2354//2354
f 2353//2353 2354//2354 2355//2355
f 2353//2353 2355//2355 2357//2357
f 2350//2350 2352//2352 2356//2356
f 2352//2352 2357//2357 2356//2356
f 2356//2356 2357//2357 2358//2358
f 2355//2355 2379//2379 2357//2357
f 2357//2357 2379//2379 2358//2358
f 2345//2345 2356//2356 2358//2358
f 2208//2208 2361//2361 2360//2360
f 2202//2202 2365//2365 2359//2359
f 2208//2208 2359//2359 2361//2361
f 2359//2359 2365//2365 2362//2362
f 2361//2361 2359//2359 2362//2362
f 2360//2360 2361//2361 2363//2363
f 2360//2360 2363//2363 2286//2286
f 2362//2362 2366//2366 2367//2367
f 2361//2361 2364//2364 2363//2363
f 2286//2286 2363//2363 2300//2300
f 2361//2361 2362//2362 2364//2364
f 2362//2362 2367//2367 2364//2364
f 2365//2365 2343//2343 2366//2366
f 2365//2365 2366//2366 2362//2362
f 2366//2366 2343//2343 2370//2370
f 2363//2363 2364//2364 2373//2373
f 2364//2364 2368//2368 2373//2373
f 2364//2364 2367//2367 2368//2368
f 2367//2367 2369//2369 2368//2368
f 2368//2368 2369//2369 2399//2399
f 2366//2366 2371//2371 2367//2367
f 2366//2366 2370//2370 2371//2371
f 2370//2370 2372//2372 2371//2371
f 2371//2371 2372//2372 2395//2395
f 2345//2345 2372//2372 2370//2370
f 2345//2345 2393//2393 2372//2372
f 2367//2367 2371//2371 2369//2369
f 2369//2369 2371//2371 2395//2395
f 2363//2363 2373//2373 2300//2300
f 2300//2300 2373//2373 2302//2302
f 2373//2373 2374//2374 2302//2302
f 2368//2368 2374//2374 2373//2373
f 2302//2302 2374//2374 2326//2326
f 2368//2368 2399//2399 2374//2374
f 2354//2354 2377//2377 2375//2375
f 2377//2377 2378//2378 2375//2375
f 2355//2355 2354//2354 2375//2375
f 2355//2355 2375//2375 2381//2381
f 2378//2378 2384//2384 2376//2376
f 2375//2375 2378//2378 2376//2376
f 2381//2381 2375//2375 2376//2376
f 2258//2258 2384//2384 2378//2378
f 2379//2379 2381//2381 2382//2382
f 2355//2355 2381//2381 2379//2379
f 2358//2358 2379//2379 2380//2380
f 2358//2358 2380//2380 2393//2393
f 2379//2379 2382//2382 2380//2380
f 2381//2381 2387//2387 2382//2382
f 2381//2381 2376//2376 2387//2387
f 2380//2380 2382//2382 2388//2388
f 2380//2380 2388//2388 2396//2396
f 2376//2376 2384//2384 2383//2383
f 2387//2387 2376//2376 2383//2383
f 2384//2384 2386//2386 2383//2383
f 2383//2383 2386//2386 4140//4140
f 2258//2258 2385//2385 2384//2384
f 2384//2384 2385//2385 2386//2386
f 2385//2385 4142//4142 2386//2386
f 2382//2382 2387//2387 2389//2389
f 2387//2387 2383//2383 2390//2390
f 2387//2387 2390//2390 2389//2389
f 2382//2382 2389//2389 2388//2388
f 2388//2388 2389//2389 2391//2391
f 2390//2390 2383//2383 4140//4140
f 2389//2389 2390//2390 4147//4147
f 2389//2389 4147//4147 2391//2391
f 2369//2369 2392//2392 2399//2399
f 2372//2372 2394//2394 2395//2395
f 2372//2372 2393//2393 2394//2394
f 2380//2380 2396//2396 2393//2393
f 2393//2393 2396//2396 2394//2394
f 2369//2369 2395//2395 2392//2392
f 2394//2394 2397//2397 2395//2395
f 2392//2392 2395//2395 2397//2397
f 2394//2394 2396//2396 2401//2401
f 2392//2392 2397//2397 2408//2408
f 2394//2394 2401//2401 2397//2397
f 2374//2374 2398//2398 2326//2326
f 2374//2374 2399//2399 2398//2398
f 2326//2326 2398//2398 2330//2330
f 2392//2392 2400//2400 2399//2399
f 2398//2398 2399//2399 2400//2400
f 2398//2398 2405//2405 2330//2330
f 2398//2398 2400//2400 2405//2405
f 2392//2392 2408//2408 2400//2400
f 2388//2388 2402//2402 2396//2396
f 2396//2396 2402//2402 2401//2401
f 2401//2401 2402//2402 2404//2404
f 2397//2397 2401//2401 2403//2403
f 2408//2408 2397//2397 2403//2403
f 2408//2408 2403//2403 2409//2409
f 2401//2401 2404//2404 2403//2403
f 2391//2391 4160//4160 2402//2402
f 2402//2402 4160//4160 2404//2404
f 2403//2403 2404//2404 4161//4161
f 2409//2409 2403//2403 4161//4161
f 2405//2405 2406//2406 2407//2407
f 2400//2400 2408//2408 2406//2406
f 2400//2400 2406//2406 2405//2405
f 2406//2406 2408//2408 2409//2409
f 2330//2330 2405//2405 2338//2338
f 2405//2405 2407//2407 2338//2338
f 2406//2406 2409//2409 4166//4166
f 2407//2407 2406//2406 4166//4166
f 2338//2338 2407//2407 4081//4081
f 2388//2388 2391//2391 2402//2402
f 112//112 2431//2431 2414//2414
f 2414//2414 2431//2431 2416//2416
f 2416//2416 2431//2431 2434//2434
f 2416//2416 2434//2434 2419//2419
f 97//97 2412//2412 2413//2413
f 2412//2412 2415//2415 2413//2413
f 93//93 2413//2413 2410//2410
f 2413//2413 2415//2415 2410//2410
f 97//97 2414//2414 2412//2412
f 2412//2412 2414//2414 2416//2416
f 2412//2412 2417//2417 2415//2415
f 2415//2415 2411//2411 2410//2410
f 2415//2415 2418//2418 2411//2411
f 2415//2415 2417//2417 2418//2418
f 2412//2412 2416//2416 2417//2417
f 2416//2416 2419//2419 2417//2417
f 2417//2417 2422//2422 2418//2418
f 2418//2418 2420//2420 2411//2411
f 2417//2417 2419//2419 2422//2422
f 2418//2418 2421//2421 2420//2420
f 2418//2418 2422//2422 2421//2421
f 2421//2421 3006//3006 2420//2420
f 2419//2419 2423//2423 2422//2422
f 2419//2419 2440//2440 2423//2423
f 2421//2421 2422//2422 2444//2444
f 2422//2422 2423//2423 2444//2444
f 102//102 2425//2425 2424//2424
f 2424//2424 2425//2425 2426//2426
f 2424//2424 2426//2426 2427//2427
f 2426//2426 2722//2722 2427//2427
f 2427//2427 2428//2428 2442//2442
f 2427//2427 2722//2722 2428//2428
f 2428//2428 2429//2429 2443//2443
f 2430//2430 2432//2432 2433//2433
f 112//112 2430//2430 2431//2431
f 2430//2430 2433//2433 2431//2431
f 113//113 2432//2432 2430//2430
f 113//113 2436//2436 2432//2432
f 2436//2436 2437//2437 2432//2432
f 2431//2431 2433//2433 2434//2434
f 2433//2433 2438//2438 2434//2434
f 2432//2432 2435//2435 2433//2433
f 2437//2437 2435//2435 2432//2432
f 2433//2433 2435//2435 2438//2438
f 102//102 2424//2424 2436//2436
f 2424//2424 2437//2437 2436//2436
f 2424//2424 2427//2427 2437//2437
f 2437//2437 2442//2442 2435//2435
f 2437//2437 2427//2427 2442//2442
f 2419//2419 2434//2434 2440//2440
f 2434//2434 2438//2438 2440//2440
f 2442//2442 2439//2439 2435//2435
f 2435//2435 2439//2439 2438//2438
f 2438//2438 2441//2441 2440//2440
f 2423//2423 2440//2440 2449//2449
f 2440//2440 2441//2441 2449//2449
f 2439//2439 2454//2454 2441//2441
f 2438//2438 2439//2439 2441//2441
f 2442//2442 2443//2443 2439//2439
f 2442//2442 2428//2428 2443//2443
f 2443//2443 2454//2454 2439//2439
f 2443//2443 2455//2455 2454//2454
f 2443//2443 2429//2429 2455//2455
f 2421//2421 2445//2445 3006//3006
f 3006//3006 2445//2445 3008//3008
f 2423//2423 2452//2452 2444//2444
f 2444//2444 2452//2452 2446//2446
f 2421//2421 2444//2444 2445//2445
f 2444//2444 2446//2446 2445//2445
f 2446//2446 2447//2447 2445//2445
f 2445//2445 2447//2447 3008//3008
f 3008//3008 2447//2447 3013//3013
f 2446//2446 2460//2460 2447//2447
f 2447//2447 2448//2448 3013//3013
f 2460//2460 2448//2448 2447//2447
f 2429//2429 2839//2839 2455//2455
f 2449//2449 2451//2451 2452//2452
f 2441//2441 2450//2450 2449//2449
f 2441//2441 2454//2454 2450//2450
f 2449//2449 2450//2450 2451//2451
f 2450//2450 2457//2457 2451//2451
f 2451//2451 2459//2459 2453//2453
f 2451//2451 2457//2457 2459//2459
f 2423//2423 2449//2449 2452//2452
f 2446//2446 2452//2452 2453//2453
f 2451//2451 2453//2453 2452//2452
f 2450//2450 2454//2454 2456//2456
f 2455//2455 2456//2456 2454//2454
f 2455//2455 2839//2839 2458//2458
f 2456//2456 2464//2464 2457//2457
f 2450//2450 2456//2456 2457//2457
f 2455//2455 2458//2458 2456//2456
f 2458//2458 2464//2464 2456//2456
f 2446//2446 2453//2453 2460//2460
f 2453//2453 2462//2462 2460//2460
f 2453//2453 2459//2459 2462//2462
f 2460//2460 2462//2462 2461//2461
f 2460//2460 2461//2461 2448//2448
f 2461//2461 3193//3193 2448//2448
f 2459//2459 2467//2467 2462//2462
f 2461//2461 2462//2462 2895//2895
f 2462//2462 2467//2467 2895//2895
f 2457//2457 2463//2463 2459//2459
f 2457//2457 2464//2464 2463//2463
f 2459//2459 2463//2463 2467//2467
f 2458//2458 2851//2851 2464//2464
f 2464//2464 2851//2851 2465//2465
f 2463//2463 2464//2464 2465//2465
f 2463//2463 2466//2466 2467//2467
f 2463//2463 2465//2465 2466//2466
f 2465//2465 2904//2904 2466//2466
f 2425//2425 2715//2715 2426//2426
f 2715//2715 2716//2716 2717//2717
f 2426//2426 2715//2715 2717//2717
f 2716//2716 2718//2718 2717//2717
f 2426//2426 2717//2717 2722//2722
f 2717//2717 2723//2723 2722//2722
f 2717//2717 2718//2718 2723//2723
f 2718//2718 2726//2726 2723//2723
f 2716//2716 2719//2719 2718//2718
f 2718//2718 2719//2719 2721//2721
f 2719//2719 2720//2720 2721//2721
f 2720//2720 2732//2732 2721//2721
f 2718//2718 2721//2721 2726//2726
f 2721//2721 2727//2727 2726//2726
f 2721//2721 2732//2732 2727//2727
f 2727//2727 2732//2732 2772//2772
f 2723//2723 2724//2724 2722//2722
f 2428//2428 2722//2722 2724//2724
f 2723//2723 2726//2726 2725//2725
f 2723//2723 2725//2725 2724//2724
f 2428//2428 2724//2724 2429//2429
f 2429//2429 2724//2724 2840//2840
f 2725//2725 2840//2840 2724//2724
f 2725//2725 2843//2843 2840//2840
f 2726//2726 2727//2727 2728//2728
f 2725//2725 2726//2726 2728//2728
f 2727//2727 2772//2772 2729//2729
f 2727//2727 2729//2729 2728//2728
f 2725//2725 2728//2728 2843//2843
f 2728//2728 2844//2844 2843//2843
f 2728//2728 2729//2729 2844//2844
f 2729//2729 2855//2855 2844//2844
f 2720//2720 2730//2730 2732//2732
f 2730//2730 2733//2733 2732//2732
f 2730//2730 2731//2731 2733//2733
f 2731//2731 2768//2768 2733//2733
f 2732//2732 2733//2733 2772//2772
f 2733//2733 2768//2768 2773//2773
f 2733//2733 2773//2773 2772//2772
f 2734//2734 2751//2751 2768//2768
f 2734//2734 2742//2742 2743//2743
f 2734//2734 2743//2743 2745//2745
f 2734//2734 2745//2745 2747//2747
f 2734//2734 2747//2747 2749//2749
f 2734//2734 2749//2749 2750//2750
f 2734//2734 2750//2750 2751//2751
f 2768//2768 2751//2751 2760//2760
f 2768//2768 2760//2760 2761//2761
f 2731//2731 2734//2734 2768//2768
f 2768//2768 2761//2761 2808//2808
f 2768//2768 2808//2808 2773//2773
f 2808//2808 2761//2761 2762//2762
f 2808//2808 2762//2762 2763//2763
f 2808//2808 2763//2763 2764//2764
f 2808//2808 2764//2764 2769//2769
f 2808//2808 2769//2769 2770//2770
f 2808//2808 2770//2770 2771//2771
f 2772//2772 2773//2773 2774//2774
f 2729//2729 2772//2772 2774//2774
f 2773//2773 2821//2821 2774//2774
f 2729//2729 2774//2774 2855//2855
f 2774//2774 2856//2856 2855//2855
f 2774//2774 2821//2821 2856//2856
f 2773//2773 2808//2808 2821//2821
f 2808//2808 2822//2822 2821//2821
f 2808//2808 2771//2771 2810//2810
f 2808//2808 2810//2810 2809//2809
f 2808//2808 2809//2809 2811//2811
f 2808//2808 2811//2811 2812//2812
f 2808//2808 2812//2812 2814//2814
f 2808//2808 2814//2814 2815//2815
f 2808//2808 2815//2815 2817//2817
f 2808//2808 2817//2817 2818//2818
f 2808//2808 2818//2818 2822//2822
f 2821//2821 2876//2876 2856//2856
f 2821//2821 2822//2822 2876//2876
f 2822//2822 2818//2818 2819//2819
f 2822//2822 2819//2819 2820//2820
f 2822//2822 2820//2820 2823//2823
f 2822//2822 2823//2823 2824//2824
f 2822//2822 2824//2824 2825//2825
f 2822//2822 2825//2825 2826//2826
f 2822//2822 2826//2826 2828//2828
f 2822//2822 2828//2828 2829//2829
f 2822//2822 2829//2829 2830//2830
f 2822//2822 2837//2837 2876//2876
f 2822//2822 2830//2830 2832//2832
f 2822//2822 2832//2832 2833//2833
f 2822//2822 2833//2833 2834//2834
f 2822//2822 2836//2836 2837//2837
f 2822//2822 2834//2834 2836//2836
f 2429//2429 2840//2840 2839//2839
f 2839//2839 2840//2840 2842//2842
f 2840//2840 2843//2843 2842//2842
f 2839//2839 2842//2842 2841//2841
f 2841//2841 2842//2842 2847//2847
f 2842//2842 2843//2843 2845//2845
f 2843//2843 2844//2844 2845//2845
f 2844//2844 2855//2855 2846//2846
f 2844//2844 2846//2846 2845//2845
f 2842//2842 2845//2845 2847//2847
f 2845//2845 2848//2848 2847//2847
f 2845//2845 2846//2846 2848//2848
f 2846//2846 2889//2889 2848//2848
f 2841//2841 2847//2847 2852//2852
f 2847//2847 2849//2849 2852//2852
f 2847//2847 2848//2848 2849//2849
f 2848//2848 2889//2889 2850//2850
f 2848//2848 2850//2850 2849//2849
f 2849//2849 2850//2850 2908//2908
f 2850//2850 2924//2924 2908//2908
f 2458//2458 2839//2839 2841//2841
f 2458//2458 2841//2841 2851//2851
f 2841//2841 2852//2852 2851//2851
f 2851//2851 2852//2852 2853//2853
f 2465//2465 2851//2851 2853//2853
f 2465//2465 2853//2853 2904//2904
f 2852//2852 2854//2854 2853//2853
f 2852//2852 2849//2849 2854//2854
f 2853//2853 2854//2854 2905//2905
f 2854//2854 2849//2849 2908//2908
f 2846//2846 2855//2855 2857//2857
f 2855//2855 2856//2856 2857//2857
f 2856//2856 2887//2887 2857//2857
f 2846//2846 2857//2857 2889//2889
f 2857//2857 2890//2890 2889//2889
f 2857//2857 2887//2887 2890//2890
f 2856//2856 2876//2876 2887//2887
f 2876//2876 2888//2888 2887//2887
f 2876//2876 2837//2837 2838//2838
f 2876//2876 2838//2838 2879//2879
f 2876//2876 2878//2878 2881//2881
f 2876//2876 2879//2879 2878//2878
f 2876//2876 2881//2881 2882//2882
f 2876//2876 2882//2882 3840//3840
f 3840//3840 2882//2882 2883//2883
f 3840//3840 2883//2883 2884//2884
f 3840//3840 2884//2884 2885//2885
f 3840//3840 2886//2886 3837//3837
f 3840//3840 2885//2885 2886//2886
f 2876//2876 3840//3840 2888//2888
f 2887//2887 2888//2888 2892//2892
f 2850//2850 2889//2889 2891//2891
f 2889//2889 2890//2890 2891//2891
f 2890//2890 2893//2893 2891//2891
f 2850//2850 2891//2891 2924//2924
f 2891//2891 2925//2925 2924//2924
f 2891//2891 2893//2893 2925//2925
f 2887//2887 2892//2892 2890//2890
f 2890//2890 2892//2892 2893//2893
f 2888//2888 3847//3847 2892//2892
f 2892//2892 3847//3847 2894//2894
f 2892//2892 2894//2894 2893//2893
f 2893//2893 2894//2894 2926//2926
f 2461//2461 2896//2896 3193//3193
f 3193//3193 2896//2896 3195//3195
f 2461//2461 2895//2895 2896//2896
f 2895//2895 2900//2900 2896//2896
f 2896//2896 2897//2897 3195//3195
f 2900//2900 2897//2897 2896//2896
f 2467//2467 2466//2466 2899//2899
f 2466//2466 2904//2904 2898//2898
f 2466//2466 2898//2898 2899//2899
f 2467//2467 2899//2899 2895//2895
f 2895//2895 2899//2899 2900//2900
f 2899//2899 2901//2901 2900//2900
f 2900//2900 2901//2901 2902//2902
f 2900//2900 2902//2902 2897//2897
f 2898//2898 2901//2901 2899//2899
f 2898//2898 2913//2913 2901//2901
f 2902//2902 3209//3209 2897//2897
f 2901//2901 2914//2914 2902//2902
f 2901//2901 2913//2913 2914//2914
f 2902//2902 2903//2903 3209//3209
f 2902//2902 2914//2914 2903//2903
f 2903//2903 2942//2942 3212//3212
f 2853//2853 2905//2905 2904//2904
f 2898//2898 2904//2904 2906//2906
f 2904//2904 2905//2905 2906//2906
f 2854//2854 2907//2907 2905//2905
f 2898//2898 2906//2906 2913//2913
f 2906//2906 2912//2912 2913//2913
f 2907//2907 2910//2910 2905//2905
f 2905//2905 2910//2910 2906//2906
f 2906//2906 2910//2910 2912//2912
f 2854//2854 2908//2908 2907//2907
f 2908//2908 2924//2924 2909//2909
f 2907//2907 2908//2908 2909//2909
f 2907//2907 2911//2911 2910//2910
f 2910//2910 2911//2911 2918//2918
f 2907//2907 2909//2909 2911//2911
f 2909//2909 2929//2929 2911//2911
f 2911//2911 2929//2929 2919//2919
f 2913//2913 2916//2916 2914//2914
f 2912//2912 2916//2916 2913//2913
f 2912//2912 2921//2921 2916//2916
f 2914//2914 2916//2916 2915//2915
f 2903//2903 2914//2914 2915//2915
f 2903//2903 2915//2915 2942//2942
f 2915//2915 2916//2916 2917//2917
f 2916//2916 2921//2921 2917//2917
f 2915//2915 2917//2917 2943//2943
f 2910//2910 2918//2918 2912//2912
f 2912//2912 2918//2918 2921//2921
f 2918//2918 2920//2920 2921//2921
f 2911//2911 2919//2919 2918//2918
f 2918//2918 2919//2919 2920//2920
f 2919//2919 2934//2934 2920//2920
f 2920//2920 2934//2934 2923//2923
f 2920//2920 2922//2922 2921//2921
f 2917//2917 2921//2921 2922//2922
f 2920//2920 2923//2923 2922//2922
f 2924//2924 2925//2925 2928//2928
f 2925//2925 2931//2931 2928//2928
f 2893//2893 2926//2926 2925//2925
f 2925//2925 2926//2926 2931//2931
f 2926//2926 2927//2927 2931//2931
f 2894//2894 3928//3928 2926//2926
f 2926//2926 3928//3928 2927//2927
f 2909//2909 2924//2924 2928//2928
f 2909//2909 2928//2928 2929//2929
f 2928//2928 2930//2930 2929//2929
f 2928//2928 2931//2931 2930//2930
f 2931//2931 2927//2927 2932//2932
f 2930//2930 2931//2931 2932//2932
f 2932//2932 2927//2927 3933//3933
f 2919//2919 2929//2929 2933//2933
f 2929//2929 2930//2930 2933//2933
f 2919//2919 2933//2933 2934//2934
f 2933//2933 2935//2935 2934//2934
f 2930//2930 2937//2937 2933//2933
f 2933//2933 2937//2937 2935//2935
f 2934//2934 2935//2935 2936//2936
f 2923//2923 2934//2934 2936//2936
f 2935//2935 2940//2940 2936//2936
f 2930//2930 2932//2932 2937//2937
f 2932//2932 2938//2938 2937//2937
f 2937//2937 2938//2938 2939//2939
f 2932//2932 3933//3933 2938//2938
f 2935//2935 2937//2937 2939//2939
f 2935//2935 2939//2939 2940//2940
f 2939//2939 2941//2941 2940//2940
f 2938//2938 3941//3941 2939//2939
f 2939//2939 3941//3941 2941//2941
f 2915//2915 2943//2943 2942//2942
f 2942//2942 2943//2943 3277//3277
f 2917//2917 2944//2944 2943//2943
f 2917//2917 2922//2922 2944//2944
f 2922//2922 2945//2945 2944//2944
f 2944//2944 3283//3283 2943//2943
f 2944//2944 2946//2946 3283//3283
f 2922//2922 2923//2923 2945//2945
f 2944//2944 2945//2945 2946//2946
f 2945//2945 2949//2949 2946//2946
f 2949//2949 3285//3285 2946//2946
f 2923//2923 2947//2947 2945//2945
f 2923//2923 2936//2936 2947//2947
f 2945//2945 2947//2947 2949//2949
f 2936//2936 2948//2948 2947//2947
f 2936//2936 2940//2940 2948//2948
f 2947//2947 2948//2948 2951//2951
f 2947//2947 2951//2951 2949//2949
f 2949//2949 2951//2951 2950//2950
f 2949//2949 2950//2950 3285//3285
f 2948//2948 2954//2954 2951//2951
f 2951//2951 2954//2954 2952//2952
f 2951//2951 2952//2952 2950//2950
f 2940//2940 2941//2941 2953//2953
f 2941//2941 3969//3969 2953//2953
f 2940//2940 2953//2953 2948//2948
f 2948//2948 2953//2953 2954//2954
f 2953//2953 2956//2956 2954//2954
f 2953//2953 3969//3969 2956//2956
f 2954//2954 2956//2956 2955//2955
f 2954//2954 2955//2955 2952//2952
f 2955//2955 3327//3327 2952//2952
f 2955//2955 2956//2956 3972//3972
f 2955//2955 3972//3972 3981//3981
f 2950//2950 2952//2952 3319//3319
f 2952//2952 3327//3327 3319//3319
f 2955//2955 3981//3981 3327//3327
f 1034//1034 2957//2957 2961//2961
f 2957//2957 2964//2964 2961//2961
f 93//93 2410//2410 2958//2958
f 2958//2958 2959//2959 2957//2957
f 2410//2410 2959//2959 2958//2958
f 1034//1034 2958//2958 2957//2957
f 2957//2957 2960//2960 2964//2964
f 2964//2964 2960//2960 2970//2970
f 2410//2410 2411//2411 2959//2959
f 2959//2959 2967//2967 2960//2960
f 2411//2411 2967//2967 2959//2959
f 2959//2959 2960//2960 2957//2957
f 1038//1038 2961//2961 2962//2962
f 2961//2961 2964//2964 2962//2962
f 1038//1038 2962//2962 2963//2963
f 1053//1053 2963//2963 2976//2976
f 2962//2962 2966//2966 2963//2963
f 2963//2963 2966//2966 2976//2976
f 2964//2964 2965//2965 2962//2962
f 2964//2964 2970//2970 2965//2965
f 2962//2962 2965//2965 2966//2966
f 2966//2966 2979//2979 2976//2976
f 2965//2965 2971//2971 2966//2966
f 2966//2966 2971//2971 2979//2979
f 2411//2411 2420//2420 2967//2967
f 2960//2960 2967//2967 2969//2969
f 2960//2960 2969//2969 2970//2970
f 2967//2967 2968//2968 2969//2969
f 2967//2967 2420//2420 2968//2968
f 2970//2970 2969//2969 2974//2974
f 2968//2968 2998//2998 2969//2969
f 2969//2969 2998//2998 2974//2974
f 2970//2970 2972//2972 2965//2965
f 2965//2965 2972//2972 2971//2971
f 2979//2979 2971//2971 2988//2988
f 2971//2971 2973//2973 2988//2988
f 2970//2970 2974//2974 2972//2972
f 2974//2974 3000//3000 2972//2972
f 2971//2971 2972//2972 2973//2973
f 2973//2973 2991//2991 2988//2988
f 2972//2972 3000//3000 2973//2973
f 2968//2968 2420//2420 3006//3006
f 1053//1053 2976//2976 2975//2975
f 2976//2976 2978//2978 2975//2975
f 1054//1054 2975//2975 2977//2977
f 1054//1054 2977//2977 2981//2981
f 2975//2975 2978//2978 2977//2977
f 2976//2976 2979//2979 2978//2978
f 2979//2979 2987//2987 2978//2978
f 2977//2977 2978//2978 2980//2980
f 2977//2977 2980//2980 2984//2984
f 2978//2978 2987//2987 2980//2980
f 1058//1058 2981//2981 2983//2983
f 2977//2977 2984//2984 2981//2981
f 2981//2981 2984//2984 2983//2983
f 1058//1058 2983//2983 2982//2982
f 2983//2983 2985//2985 2982//2982
f 2983//2983 2984//2984 2986//2986
f 2980//2980 2993//2993 2984//2984
f 2984//2984 2993//2993 2986//2986
f 2983//2983 2986//2986 2985//2985
f 2986//2986 2994//2994 2985//2985
f 2979//2979 2988//2988 2987//2987
f 2988//2988 2990//2990 2987//2987
f 2980//2980 2987//2987 2989//2989
f 2980//2980 2989//2989 2993//2993
f 2987//2987 2990//2990 2989//2989
f 2988//2988 2991//2991 2990//2990
f 2991//2991 3020//3020 2990//2990
f 2989//2989 2990//2990 2992//2992
f 2989//2989 2992//2992 2995//2995
f 2990//2990 3020//3020 2992//2992
f 2986//2986 2993//2993 2996//2996
f 2989//2989 2995//2995 2993//2993
f 2986//2986 2996//2996 2994//2994
f 2993//2993 2995//2995 2996//2996
f 2995//2995 3025//3025 2996//2996
f 2996//2996 2997//2997 2994//2994
f 2996//2996 3025//3025 2997//2997
f 2968//2968 3007//3007 2998//2998
f 2974//2974 2998//2998 3002//3002
f 2998//2998 3007//3007 2999//2999
f 2998//2998 2999//2999 3002//3002
f 3002//3002 2999//2999 3004//3004
f 2999//2999 3012//3012 3004//3004
f 2973//2973 3000//3000 3001//3001
f 2973//2973 3001//3001 2991//2991
f 3000//3000 3003//3003 3001//3001
f 2991//2991 3001//3001 3021//3021
f 2974//2974 3002//3002 3000//3000
f 3002//3002 3003//3003 3000//3000
f 3001//3001 3005//3005 3021//3021
f 3002//3002 3004//3004 3003//3003
f 3004//3004 3009//3009 3003//3003
f 3001//3001 3003//3003 3005//3005
f 3003//3003 3009//3009 3005//3005
f 3005//3005 3030//3030 3021//3021
f 2968//2968 3006//3006 3007//3007
f 3006//3006 3008//3008 3007//3007
f 2999//2999 3007//3007 3011//3011
f 3007//3007 3008//3008 3011//3011
f 2999//2999 3011//3011 3012//3012
f 3004//3004 3017//3017 3009//3009
f 3005//3005 3010//3010 3030//3030
f 3005//3005 3009//3009 3010//3010
f 3009//3009 3018//3018 3010//3010
f 3010//3010 3033//3033 3030//3030
f 3010//3010 3018//3018 3019//3019
f 3010//3010 3019//3019 3033//3033
f 3008//3008 3013//3013 3011//3011
f 3011//3011 3013//3013 3014//3014
f 3004//3004 3012//3012 3017//3017
f 3011//3011 3014//3014 3012//3012
f 3012//3012 3015//3015 3017//3017
f 3012//3012 3014//3014 3015//3015
f 3013//3013 3016//3016 3014//3014
f 3013//3013 2448//2448 3016//3016
f 3016//3016 3173//3173 3014//3014
f 2448//2448 3193//3193 3016//3016
f 3014//3014 3173//3173 3015//3015
f 3017//3017 3018//3018 3009//3009
f 3017//3017 3175//3175 3018//3018
f 3017//3017 3015//3015 3175//3175
f 3018//3018 3175//3175 3176//3176
f 3018//3018 3176//3176 3019//3019
f 3033//3033 3019//3019 3180//3180
f 2991//2991 3021//3021 3020//3020
f 3021//3021 3022//3022 3020//3020
f 2992//2992 3020//3020 3023//3023
f 3020//3020 3022//3022 3023//3023
f 2992//2992 3023//3023 3024//3024
f 3021//3021 3030//3030 3022//3022
f 3030//3030 3031//3031 3022//3022
f 3022//3022 3032//3032 3023//3023
f 3022//3022 3031//3031 3032//3032
f 3023//3023 3032//3032 3027//3027
f 2992//2992 3024//3024 2995//2995
f 2995//2995 3024//3024 3025//3025
f 3024//3024 3028//3028 3025//3025
f 2997//2997 3025//3025 3026//3026
f 3025//3025 3028//3028 3026//3026
f 3023//3023 3027//3027 3024//3024
f 3024//3024 3027//3027 3028//3028
f 3027//3027 3037//3037 3028//3028
f 3028//3028 3029//3029 3026//3026
f 3028//3028 3037//3037 3029//3029
f 3030//3030 3033//3033 3031//3031
f 3031//3031 3035//3035 3032//3032
f 3032//3032 3035//3035 3036//3036
f 3033//3033 3034//3034 3031//3031
f 3033//3033 3180//3180 3034//3034
f 3031//3031 3034//3034 3035//3035
f 3034//3034 3182//3182 3035//3035
f 3027//3027 3032//3032 3036//3036
f 3027//3027 3036//3036 3037//3037
f 3036//3036 3040//3040 3037//3037
f 3037//3037 3038//3038 3029//3029
f 3035//3035 3039//3039 3036//3036
f 3036//3036 3039//3039 3040//3040
f 3180//3180 3181//3181 3034//3034
f 3034//3034 3181//3181 3182//3182
f 3035//3035 3182//3182 3039//3039
f 3037//3037 3040//3040 3038//3038
f 3039//3039 3188//3188 3040//3040
f 3040//3040 3190//3190 3038//3038
f 3040//3040 3188//3188 3190//3190
f 3038//3038 3190//3190 3093//3093
f 1105//1105 2982//2982 3041//3041
f 2982//2982 2985//2985 3041//3041
f 1105//1105 3041//3041 3042//3042
f 1107//1107 3042//3042 3045//3045
f 3041//3041 3044//3044 3042//3042
f 3042//3042 3044//3044 3045//3045
f 3041//3041 2985//2985 3043//3043
f 2985//2985 2994//2994 3043//3043
f 3041//3041 3043//3043 3044//3044
f 3045//3045 3044//3044 3046//3046
f 3043//3043 3053//3053 3044//3044
f 3044//3044 3053//3053 3046//3046
f 1107//1107 3045//3045 3047//3047
f 3045//3045 3050//3050 3047//3047
f 3047//3047 3050//3050 3048//3048
f 1111//1111 3047//3047 3048//3048
f 1111//1111 3048//3048 3049//3049
f 3048//3048 3051//3051 3049//3049
f 3049//3049 3051//3051 3063//3063
f 3045//3045 3046//3046 3050//3050
f 3046//3046 3057//3057 3050//3050
f 3050//3050 3057//3057 3052//3052
f 3048//3048 3050//3050 3052//3052
f 3048//3048 3052//3052 3051//3051
f 3051//3051 3052//3052 3058//3058
f 3051//3051 3058//3058 3066//3066
f 3043//3043 2994//2994 3054//3054
f 3043//3043 3054//3054 3053//3053
f 3046//3046 3053//3053 3056//3056
f 2994//2994 2997//2997 3054//3054
f 2997//2997 3082//3082 3054//3054
f 3054//3054 3082//3082 3055//3055
f 3054//3054 3055//3055 3053//3053
f 3053//3053 3055//3055 3056//3056
f 3055//3055 3084//3084 3056//3056
f 3046//3046 3056//3056 3057//3057
f 3052//3052 3057//3057 3060//3060
f 3052//3052 3060//3060 3058//3058
f 3056//3056 3059//3059 3057//3057
f 3057//3057 3059//3059 3060//3060
f 3056//3056 3084//3084 3059//3059
f 3059//3059 3088//3088 3060//3060
f 3058//3058 3060//3060 3061//3061
f 3058//3058 3061//3061 3076//3076
f 3060//3060 3088//3088 3061//3061
f 1123//1123 3049//3049 3063//3063
f 3051//3051 3066//3066 3063//3063
f 1123//1123 3063//3063 3062//3062
f 3063//3063 3065//3065 3062//3062
f 3062//3062 3065//3065 3064//3064
f 1124//1124 3062//3062 3064//3064
f 1124//1124 3064//3064 3068//3068
f 3064//3064 3069//3069 3068//3068
f 3063//3063 3066//3066 3065//3065
f 3066//3066 3074//3074 3065//3065
f 3065//3065 3074//3074 3067//3067
f 3064//3064 3065//3065 3067//3067
f 3064//3064 3067//3067 3069//3069
f 1128//1128 3068//3068 3070//3070
f 3068//3068 3069//3069 3070//3070
f 3070//3070 3069//3069 3073//3073
f 3067//3067 3078//3078 3069//3069
f 3069//3069 3078//3078 3073//3073
f 1128//1128 3070//3070 3071//3071
f 3070//3070 3072//3072 3071//3071
f 3070//3070 3073//3073 3072//3072
f 3072//3072 3073//3073 3124//3124
f 3058//3058 3076//3076 3066//3066
f 3066//3066 3076//3076 3074//3074
f 3067//3067 3075//3075 3078//3078
f 3067//3067 3074//3074 3075//3075
f 3074//3074 3076//3076 3077//3077
f 3061//3061 3104//3104 3076//3076
f 3076//3076 3104//3104 3077//3077
f 3074//3074 3077//3077 3075//3075
f 3075//3075 3077//3077 3107//3107
f 3075//3075 3079//3079 3078//3078
f 3078//3078 3079//3079 3080//3080
f 3073//3073 3078//3078 3080//3080
f 3075//3075 3107//3107 3079//3079
f 3079//3079 3107//3107 3108//3108
f 3080//3080 3079//3079 3081//3081
f 3079//3079 3108//3108 3081//3081
f 3073//3073 3080//3080 3124//3124
f 2997//2997 3026//3026 3082//3082
f 3026//3026 3083//3083 3082//3082
f 3082//3082 3083//3083 3085//3085
f 3055//3055 3082//3082 3085//3085
f 3026//3026 3029//3029 3083//3083
f 3029//3029 3090//3090 3083//3083
f 3055//3055 3085//3085 3084//3084
f 3085//3085 3086//3086 3084//3084
f 3083//3083 3091//3091 3085//3085
f 3083//3083 3090//3090 3091//3091
f 3085//3085 3091//3091 3086//3086
f 3084//3084 3087//3087 3059//3059
f 3084//3084 3086//3086 3087//3087
f 3059//3059 3087//3087 3088//3088
f 3088//3088 3087//3087 3089//3089
f 3061//3061 3088//3088 3098//3098
f 3088//3088 3089//3089 3098//3098
f 3086//3086 3096//3096 3087//3087
f 3096//3096 3089//3089 3087//3087
f 3029//3029 3038//3038 3090//3090
f 3090//3090 3094//3094 3091//3091
f 3086//3086 3091//3091 3092//3092
f 3094//3094 3092//3092 3091//3091
f 3086//3086 3092//3092 3096//3096
f 3038//3038 3093//3093 3090//3090
f 3090//3090 3093//3093 3094//3094
f 3093//3093 3251//3251 3094//3094
f 3094//3094 3095//3095 3092//3092
f 3092//3092 3095//3095 3097//3097
f 3094//3094 3251//3251 3095//3095
f 3095//3095 3253//3253 3097//3097
f 3096//3096 3100//3100 3089//3089
f 3092//3092 3097//3097 3096//3096
f 3096//3096 3097//3097 3100//3100
f 3061//3061 3098//3098 3104//3104
f 3089//3089 3099//3099 3098//3098
f 3098//3098 3099//3099 3106//3106
f 3099//3099 3112//3112 3106//3106
f 3089//3089 3100//3100 3099//3099
f 3099//3099 3100//3100 3102//3102
f 3099//3099 3102//3102 3112//3112
f 3097//3097 3101//3101 3100//3100
f 3100//3100 3101//3101 3102//3102
f 3097//3097 3253//3253 3101//3101
f 3102//3102 3103//3103 3112//3112
f 3101//3101 3259//3259 3102//3102
f 3102//3102 3259//3259 3103//3103
f 3098//3098 3106//3106 3104//3104
f 3077//3077 3104//3104 3105//3105
f 3077//3077 3105//3105 3107//3107
f 3104//3104 3106//3106 3105//3105
f 3105//3105 3106//3106 3109//3109
f 3106//3106 3112//3112 3109//3109
f 3105//3105 3110//3110 3107//3107
f 3107//3107 3110//3110 3108//3108
f 3081//3081 3108//3108 3146//3146
f 3108//3108 3111//3111 3146//3146
f 3105//3105 3109//3109 3110//3110
f 3110//3110 3109//3109 3114//3114
f 3110//3110 3111//3111 3108//3108
f 3110//3110 3114//3114 3111//3111
f 3109//3109 3112//3112 3113//3113
f 3109//3109 3113//3113 3114//3114
f 3112//3112 3103//3103 3113//3113
f 3113//3113 3115//3115 3114//3114
f 3114//3114 3153//3153 3111//3111
f 3114//3114 3115//3115 3153//3153
f 3113//3113 3103//3103 3116//3116
f 3113//3113 3116//3116 3115//3115
f 3116//3116 3356//3356 3115//3115
f 3071//3071 3072//3072 3117//3117
f 3117//3117 3119//3119 3118//3118
f 3072//3072 3119//3119 3117//3117
f 3118//3118 3119//3119 3120//3120
f 3072//3072 3124//3124 3119//3119
f 3119//3119 3124//3124 3125//3125
f 3119//3119 3125//3125 3120//3120
f 3120//3120 3125//3125 3128//3128
f 3118//3118 3120//3120 3121//3121
f 3120//3120 3123//3123 3121//3121
f 3121//3121 3123//3123 3122//3122
f 3122//3122 3123//3123 3134//3134
f 3120//3120 3128//3128 3123//3123
f 3123//3123 3128//3128 3129//3129
f 3123//3123 3129//3129 3134//3134
f 3129//3129 3139//3139 3134//3134
f 3124//3124 3126//3126 3125//3125
f 3080//3080 3126//3126 3124//3124
f 3125//3125 3127//3127 3128//3128
f 3126//3126 3127//3127 3125//3125
f 3080//3080 3081//3081 3126//3126
f 3081//3081 3147//3147 3126//3126
f 3126//3126 3147//3147 3127//3127
f 3127//3127 3147//3147 3149//3149
f 3128//3128 3130//3130 3129//3129
f 3127//3127 3130//3130 3128//3128
f 3129//3129 3131//3131 3139//3139
f 3129//3129 3130//3130 3131//3131
f 3127//3127 3149//3149 3130//3130
f 3130//3130 3149//3149 3150//3150
f 3130//3130 3150//3150 3131//3131
f 3131//3131 3150//3150 3161//3161
f 3122//3122 3134//3134 3132//3132
f 3132//3132 3134//3134 3135//3135
f 3132//3132 3135//3135 3133//3133
f 3133//3133 3135//3135 3137//3137
f 3134//3134 3139//3139 3135//3135
f 3135//3135 3140//3140 3137//3137
f 3135//3135 3139//3139 3140//3140
f 3133//3133 3137//3137 3136//3136
f 3136//3136 3137//3137 3138//3138
f 3136//3136 3138//3138 3996//3996
f 3137//3137 3142//3142 3138//3138
f 3137//3137 3140//3140 3142//3142
f 3138//3138 3142//3142 4004//4004
f 3139//3139 3141//3141 3140//3140
f 3131//3131 3141//3141 3139//3139
f 3140//3140 3141//3141 3143//3143
f 3131//3131 3161//3161 3141//3141
f 3141//3141 3161//3161 3162//3162
f 3141//3141 3162//3162 3143//3143
f 3140//3140 3143//3143 3142//3142
f 3142//3142 3143//3143 3144//3144
f 3142//3142 3144//3144 4004//4004
f 3143//3143 3162//3162 3164//3164
f 3143//3143 3164//3164 3144//3144
f 3144//3144 3164//3164 4026//4026
f 3111//3111 3145//3145 3146//3146
f 3111//3111 3153//3153 3145//3145
f 3081//3081 3146//3146 3147//3147
f 3146//3146 3148//3148 3147//3147
f 3147//3147 3148//3148 3149//3149
f 3146//3146 3145//3145 3148//3148
f 3145//3145 3157//3157 3148//3148
f 3148//3148 3151//3151 3149//3149
f 3149//3149 3151//3151 3150//3150
f 3150//3150 3151//3151 3152//3152
f 3150//3150 3152//3152 3161//3161
f 3148//3148 3157//3157 3151//3151
f 3151//3151 3157//3157 3158//3158
f 3151//3151 3158//3158 3152//3152
f 3152//3152 3158//3158 3167//3167
f 3145//3145 3153//3153 3154//3154
f 3153//3153 3155//3155 3154//3154
f 3115//3115 3155//3155 3153//3153
f 3115//3115 3356//3356 3155//3155
f 3154//3154 3155//3155 3156//3156
f 3154//3154 3156//3156 3159//3159
f 3155//3155 3357//3357 3156//3156
f 3145//3145 3154//3154 3157//3157
f 3154//3154 3159//3159 3157//3157
f 3156//3156 3360//3360 3159//3159
f 3157//3157 3159//3159 3158//3158
f 3158//3158 3160//3160 3167//3167
f 3158//3158 3159//3159 3160//3160
f 3159//3159 3360//3360 3160//3160
f 3160//3160 3360//3360 3372//3372
f 3152//3152 3163//3163 3161//3161
f 3161//3161 3163//3163 3162//3162
f 3162//3162 3163//3163 3165//3165
f 3152//3152 3167//3167 3163//3163
f 3163//3163 3167//3167 3168//3168
f 3163//3163 3168//3168 3165//3165
f 3162//3162 3165//3165 3164//3164
f 3164//3164 3165//3165 3166//3166
f 3164//3164 3166//3166 4026//4026
f 3165//3165 3170//3170 3166//3166
f 3160//3160 3169//3169 3167//3167
f 3169//3169 3168//3168 3167//3167
f 3169//3169 3171//3171 3168//3168
f 3160//3160 3372//3372 3169//3169
f 3169//3169 3372//3372 3373//3373
f 3169//3169 3373//3373 3171//3171
f 3168//3168 3171//3171 3170//3170
f 3165//3165 3168//3168 3170//3170
f 3170//3170 3172//3172 4033//4033
f 3166//3166 3170//3170 4033//4033
f 3170//3170 3171//3171 3172//3172
f 3171//3171 3377//3377 3172//3172
f 3015//3015 3174//3174 3175//3175
f 3016//3016 3194//3194 3173//3173
f 3015//3015 3173//3173 3174//3174
f 3173//3173 3197//3197 3174//3174
f 3173//3173 3194//3194 3197//3197
f 3174//3174 3197//3197 3198//3198
f 3175//3175 3178//3178 3176//3176
f 3019//3019 3177//3177 3180//3180
f 3019//3019 3176//3176 3177//3177
f 3176//3176 3179//3179 3177//3177
f 3174//3174 3178//3178 3175//3175
f 3174//3174 3198//3198 3178//3178
f 3178//3178 3202//3202 3179//3179
f 3178//3178 3198//3198 3202//3202
f 3176//3176 3178//3178 3179//3179
f 3179//3179 3185//3185 3177//3177
f 3179//3179 3204//3204 3185//3185
f 3179//3179 3202//3202 3204//3204
f 3180//3180 3177//3177 3183//3183
f 3180//3180 3183//3183 3181//3181
f 3183//3183 3184//3184 3181//3181
f 3181//3181 3184//3184 3182//3182
f 3182//3182 3184//3184 3189//3189
f 3177//3177 3185//3185 3183//3183
f 3183//3183 3186//3186 3184//3184
f 3183//3183 3185//3185 3186//3186
f 3189//3189 3184//3184 3187//3187
f 3184//3184 3186//3186 3187//3187
f 3039//3039 3182//3182 3189//3189
f 3039//3039 3189//3189 3188//3188
f 3189//3189 3191//3191 3188//3188
f 3093//3093 3190//3190 3252//3252
f 3188//3188 3192//3192 3190//3190
f 3190//3190 3192//3192 3252//3252
f 3189//3189 3187//3187 3191//3191
f 3188//3188 3191//3191 3192//3192
f 3187//3187 3221//3221 3191//3191
f 3191//3191 3222//3222 3192//3192
f 3192//3192 3213//3213 3252//3252
f 3192//3192 3222//3222 3213//3213
f 3185//3185 3204//3204 3214//3214
f 3185//3185 3214//3214 3186//3186
f 3214//3214 3215//3215 3186//3186
f 3186//3186 3215//3215 3187//3187
f 3187//3187 3215//3215 3221//3221
f 3191//3191 3221//3221 3222//3222
f 3016//3016 3193//3193 3194//3194
f 3193//3193 3195//3195 3194//3194
f 3194//3194 3195//3195 3196//3196
f 3194//3194 3196//3196 3197//3197
f 3197//3197 3199//3199 3198//3198
f 3197//3197 3196//3196 3199//3199
f 3195//3195 3200//3200 3196//3196
f 3195//3195 2897//2897 3200//3200
f 3196//3196 3200//3200 3201//3201
f 3200//3200 3210//3210 3201//3201
f 3196//3196 3201//3201 3199//3199
f 3199//3199 3201//3201 3206//3206
f 3201//3201 3211//3211 3206//3206
f 3198//3198 3203//3203 3202//3202
f 3198//3198 3199//3199 3203//3203
f 3199//3199 3206//3206 3203//3203
f 3203//3203 3205//3205 3202//3202
f 3202//3202 3205//3205 3204//3204
f 3205//3205 3216//3216 3204//3204
f 3205//3205 3208//3208 3216//3216
f 3206//3206 3207//3207 3203//3203
f 3203//3203 3207//3207 3205//3205
f 3206//3206 3230//3230 3207//3207
f 3205//3205 3207//3207 3208//3208
f 3207//3207 3232//3232 3208//3208
f 2897//2897 3209//3209 3200//3200
f 3200//3200 3209//3209 3210//3210
f 3209//3209 3212//3212 3210//3210
f 3212//3212 3228//3228 3210//3210
f 3201//3201 3210//3210 3211//3211
f 3206//3206 3211//3211 3230//3230
f 3210//3210 3228//3228 3211//3211
f 3209//3209 2903//2903 3212//3212
f 3204//3204 3216//3216 3214//3214
f 3214//3214 3217//3217 3215//3215
f 3215//3215 3218//3218 3221//3221
f 3214//3214 3216//3216 3217//3217
f 3216//3216 3219//3219 3217//3217
f 3215//3215 3217//3217 3218//3218
f 3217//3217 3220//3220 3218//3218
f 3216//3216 3208//3208 3219//3219
f 3219//3219 3220//3220 3217//3217
f 3218//3218 3220//3220 3225//3225
f 3221//3221 3224//3224 3222//3222
f 3221//3221 3218//3218 3224//3224
f 3222//3222 3223//3223 3213//3213
f 3223//3223 3264//3264 3213//3213
f 3222//3222 3224//3224 3223//3223
f 3223//3223 3226//3226 3264//3264
f 3218//3218 3225//3225 3224//3224
f 3225//3225 3227//3227 3224//3224
f 3225//3225 3244//3244 3227//3227
f 3223//3223 3224//3224 3227//3227
f 3223//3223 3227//3227 3226//3226
f 3227//3227 3246//3246 3226//3226
f 3226//3226 3246//3246 3268//3268
f 3207//3207 3230//3230 3232//3232
f 3208//3208 3232//3232 3236//3236
f 3211//3211 3229//3229 3230//3230
f 3211//3211 3228//3228 3229//3229
f 3212//3212 3275//3275 3228//3228
f 3228//3228 3276//3276 3229//3229
f 3228//3228 3275//3275 3276//3276
f 3229//3229 3276//3276 3234//3234
f 3230//3230 3231//3231 3232//3232
f 3229//3229 3231//3231 3230//3230
f 3232//3232 3233//3233 3236//3236
f 3231//3231 3233//3233 3232//3232
f 3229//3229 3234//3234 3231//3231
f 3231//3231 3234//3234 3235//3235
f 3231//3231 3235//3235 3233//3233
f 3235//3235 3241//3241 3233//3233
f 3235//3235 3286//3286 3241//3241
f 3208//3208 3236//3236 3219//3219
f 3219//3219 3237//3237 3220//3220
f 3219//3219 3236//3236 3237//3237
f 3220//3220 3237//3237 3238//3238
f 3220//3220 3238//3238 3225//3225
f 3225//3225 3238//3238 3244//3244
f 3227//3227 3244//3244 3246//3246
f 3236//3236 3239//3239 3237//3237
f 3236//3236 3233//3233 3239//3239
f 3239//3239 3240//3240 3237//3237
f 3237//3237 3240//3240 3238//3238
f 3238//3238 3240//3240 3245//3245
f 3233//3233 3241//3241 3239//3239
f 3239//3239 3242//3242 3240//3240
f 3239//3239 3241//3241 3242//3242
f 3241//3241 3299//3299 3242//3242
f 3240//3240 3242//3242 3243//3243
f 3245//3245 3240//3240 3243//3243
f 3242//3242 3300//3300 3243//3243
f 3238//3238 3245//3245 3244//3244
f 3245//3245 3247//3247 3244//3244
f 3244//3244 3247//3247 3246//3246
f 3268//3268 3246//3246 3248//3248
f 3246//3246 3247//3247 3248//3248
f 3247//3247 3250//3250 3248//3248
f 3250//3250 3386//3386 3248//3248
f 3245//3245 3243//3243 3249//3249
f 3245//3245 3249//3249 3247//3247
f 3243//3243 3304//3304 3249//3249
f 3247//3247 3249//3249 3250//3250
f 3093//3093 3252//3252 3251//3251
f 3252//3252 3255//3255 3251//3251
f 3251//3251 3255//3255 3254//3254
f 3095//3095 3251//3251 3254//3254
f 3252//3252 3213//3213 3255//3255
f 3095//3095 3254//3254 3253//3253
f 3254//3254 3257//3257 3253//3253
f 3255//3255 3256//3256 3254//3254
f 3213//3213 3264//3264 3255//3255
f 3255//3255 3264//3264 3256//3256
f 3256//3256 3257//3257 3254//3254
f 3256//3256 3266//3266 3257//3257
f 3257//3257 3266//3266 3260//3260
f 3101//3101 3253//3253 3258//3258
f 3253//3253 3257//3257 3258//3258
f 3101//3101 3258//3258 3259//3259
f 3258//3258 3262//3262 3259//3259
f 3258//3258 3257//3257 3260//3260
f 3258//3258 3260//3260 3262//3262
f 3103//3103 3259//3259 3261//3261
f 3103//3103 3261//3261 3116//3116
f 3259//3259 3262//3262 3261//3261
f 3260//3260 3271//3271 3262//3262
f 3262//3262 3271//3271 3263//3263
f 3261//3261 3262//3262 3263//3263
f 3261//3261 3263//3263 3273//3273
f 3263//3263 3348//3348 3273//3273
f 3256//3256 3264//3264 3265//3265
f 3256//3256 3265//3265 3266//3266
f 3264//3264 3226//3226 3265//3265
f 3265//3265 3269//3269 3266//3266
f 3265//3265 3226//3226 3268//3268
f 3260//3260 3266//3266 3267//3267
f 3266//3266 3269//3269 3267//3267
f 3265//3265 3268//3268 3269//3269
f 3268//3268 3274//3274 3269//3269
f 3269//3269 3270//3270 3267//3267
f 3269//3269 3274//3274 3270//3270
f 3267//3267 3270//3270 3272//3272
f 3270//3270 3387//3387 3272//3272
f 3260//3260 3267//3267 3271//3271
f 3267//3267 3272//3272 3271//3271
f 3272//3272 3349//3349 3271//3271
f 3263//3263 3271//3271 3349//3349
f 3263//3263 3349//3349 3348//3348
f 3116//3116 3273//3273 3356//3356
f 3116//3116 3261//3261 3273//3273
f 3268//3268 3248//3248 3274//3274
f 3248//3248 3386//3386 3274//3274
f 3274//3274 3386//3386 3388//3388
f 3270//3270 3274//3274 3388//3388
f 3212//3212 2942//2942 3275//3275
f 2942//2942 3277//3277 3275//3275
f 3275//3275 3277//3277 3278//3278
f 3275//3275 3278//3278 3276//3276
f 2943//2943 3283//3283 3277//3277
f 3234//3234 3276//3276 3279//3279
f 3276//3276 3278//3278 3279//3279
f 3277//3277 3280//3280 3278//3278
f 3277//3277 3283//3283 3280//3280
f 3278//3278 3281//3281 3279//3279
f 3280//3280 3281//3281 3278//3278
f 3279//3279 3281//3281 3287//3287
f 3234//3234 3279//3279 3282//3282
f 3234//3234 3282//3282 3235//3235
f 3235//3235 3282//3282 3286//3286
f 3279//3279 3287//3287 3282//3282
f 3280//3280 3283//3283 3284//3284
f 3283//3283 2946//2946 3284//3284
f 3280//3280 3284//3284 3289//3289
f 3280//3280 3289//3289 3281//3281
f 3284//3284 2946//2946 3285//3285
f 3284//3284 3285//3285 3291//3291
f 3282//3282 3287//3287 3288//3288
f 3282//3282 3288//3288 3286//3286
f 3288//3288 3301//3301 3286//3286
f 3288//3288 3294//3294 3301//3301
f 3281//3281 3290//3290 3287//3287
f 3281//3281 3289//3289 3290//3290
f 3284//3284 3291//3291 3289//3289
f 3289//3289 3291//3291 3292//3292
f 3289//3289 3292//3292 3290//3290
f 3290//3290 3293//3293 3287//3287
f 3287//3287 3293//3293 3288//3288
f 3288//3288 3293//3293 3294//3294
f 3290//3290 3292//3292 3295//3295
f 3290//3290 3295//3295 3293//3293
f 3293//3293 3295//3295 3296//3296
f 3293//3293 3296//3296 3294//3294
f 3296//3296 3309//3309 3294//3294
f 3241//3241 3286//3286 3299//3299
f 3299//3299 3300//3300 3242//3242
f 3243//3243 3300//3300 3304//3304
f 3249//3249 3304//3304 3297//3297
f 3250//3250 3298//3298 3386//3386
f 3249//3249 3297//3297 3250//3250
f 3250//3250 3297//3297 3298//3298
f 3297//3297 3306//3306 3298//3298
f 3306//3306 3391//3391 3298//3298
f 3286//3286 3301//3301 3299//3299
f 3299//3299 3302//3302 3300//3300
f 3300//3300 3303//3303 3304//3304
f 3299//3299 3301//3301 3302//3302
f 3301//3301 3307//3307 3302//3302
f 3300//3300 3302//3302 3303//3303
f 3302//3302 3308//3308 3303//3303
f 3304//3304 3303//3303 3305//3305
f 3297//3297 3304//3304 3305//3305
f 3303//3303 3312//3312 3305//3305
f 3297//3297 3305//3305 3306//3306
f 3301//3301 3294//3294 3307//3307
f 3307//3307 3308//3308 3302//3302
f 3303//3303 3308//3308 3312//3312
f 3294//3294 3309//3309 3307//3307
f 3307//3307 3310//3310 3308//3308
f 3307//3307 3309//3309 3310//3310
f 3308//3308 3310//3310 3311//3311
f 3312//3312 3308//3308 3311//3311
f 3305//3305 3312//3312 3314//3314
f 3306//3306 3313//3313 3391//3391
f 3305//3305 3314//3314 3306//3306
f 3306//3306 3314//3314 3313//3313
f 3312//3312 3316//3316 3314//3314
f 3314//3314 3316//3316 3315//3315
f 3315//3315 3401//3401 3313//3313
f 3314//3314 3315//3315 3313//3313
f 3312//3312 3311//3311 3316//3316
f 3285//3285 2950//2950 3317//3317
f 3285//3285 3317//3317 3291//3291
f 3291//3291 3317//3317 3318//3318
f 3291//3291 3318//3318 3292//3292
f 3292//3292 3318//3318 3322//3322
f 2950//2950 3319//3319 3317//3317
f 3317//3317 3319//3319 3320//3320
f 3317//3317 3320//3320 3318//3318
f 3318//3318 3320//3320 3321//3321
f 3318//3318 3321//3321 3322//3322
f 3292//3292 3322//3322 3295//3295
f 3295//3295 3322//3322 3323//3323
f 3295//3295 3323//3323 3296//3296
f 3296//3296 3323//3323 3324//3324
f 3296//3296 3324//3324 3309//3309
f 3322//3322 3325//3325 3323//3323
f 3322//3322 3321//3321 3325//3325
f 3323//3323 3325//3325 3326//3326
f 3323//3323 3326//3326 3324//3324
f 3326//3326 3335//3335 3324//3324
f 3319//3319 3327//3327 3328//3328
f 3319//3319 3328//3328 3320//3320
f 3320//3320 3328//3328 3329//3329
f 3327//3327 3981//3981 4216//4216
f 3327//3327 4216//4216 3328//3328
f 3328//3328 4216//4216 4219//4219
f 3328//3328 4219//4219 3329//3329
f 3320//3320 3329//3329 3321//3321
f 3321//3321 3329//3329 3330//3330
f 3329//3329 4220//4220 3330//3330
f 3329//3329 4219//4219 4220//4220
f 3321//3321 3330//3330 3325//3325
f 3325//3325 3331//3331 3326//3326
f 3325//3325 3330//3330 3331//3331
f 3326//3326 3332//3332 3335//3335
f 3326//3326 3331//3331 3332//3332
f 3330//3330 4222//4222 3331//3331
f 3330//3330 4220//4220 4222//4222
f 3331//3331 4223//4223 3332//3332
f 3331//3331 4222//4222 4223//4223
f 3332//3332 4223//4223 4237//4237
f 3309//3309 3333//3333 3310//3310
f 3309//3309 3324//3324 3333//3333
f 3333//3333 3334//3334 3310//3310
f 3310//3310 3334//3334 3311//3311
f 3311//3311 3334//3334 3338//3338
f 3324//3324 3335//3335 3333//3333
f 3333//3333 3336//3336 3334//3334
f 3333//3333 3335//3335 3336//3336
f 3334//3334 3337//3337 3338//3338
f 3334//3334 3336//3336 3337//3337
f 3315//3315 3340//3340 3401//3401
f 3311//3311 3338//3338 3316//3316
f 3316//3316 3338//3338 3339//3339
f 3315//3315 3316//3316 3339//3339
f 3315//3315 3339//3339 3340//3340
f 3338//3338 3341//3341 3339//3339
f 3338//3338 3337//3337 3341//3341
f 3339//3339 3342//3342 3340//3340
f 3342//3342 3417//3417 3340//3340
f 3339//3339 3341//3341 3342//3342
f 3335//3335 3343//3343 3336//3336
f 3335//3335 3332//3332 3343//3343
f 3343//3343 3344//3344 3336//3336
f 3336//3336 3344//3344 3337//3337
f 3337//3337 3344//3344 3345//3345
f 3332//3332 4237//4237 3343//3343
f 3343//3343 4238//4238 3344//3344
f 3343//3343 4237//4237 4238//4238
f 3344//3344 4239//4239 3345//3345
f 3344//3344 4238//4238 4239//4239
f 3337//3337 3345//3345 3341//3341
f 3341//3341 3346//3346 3342//3342
f 3341//3341 3345//3345 3346//3346
f 3342//3342 3347//3347 3417//3417
f 3342//3342 3346//3346 3347//3347
f 3345//3345 4242//4242 3346//3346
f 3345//3345 4239//4239 4242//4242
f 3346//3346 4242//4242 4244//4244
f 3346//3346 4244//4244 3347//3347
f 3347//3347 4244//4244 4243//4243
f 3349//3349 3351//3351 3348//3348
f 3348//3348 3351//3351 3364//3364
f 3351//3351 3353//3353 3364//3364
f 3272//3272 3350//3350 3349//3349
f 3272//3272 3387//3387 3350//3350
f 3349//3349 3350//3350 3351//3351
f 3393//3393 3352//3352 3350//3350
f 3350//3350 3352//3352 3351//3351
f 3352//3352 3353//3353 3351//3351
f 3353//3353 3354//3354 3367//3367
f 3352//3352 3354//3354 3353//3353
f 3354//3354 3355//3355 3367//3367
f 3273//3273 3358//3358 3356//3356
f 3356//3356 3358//3358 3357//3357
f 3155//3155 3356//3356 3357//3357
f 3156//3156 3357//3357 3359//3359
f 3273//3273 3348//3348 3358//3358
f 3358//3358 3348//3348 3364//3364
f 3357//3357 3358//3358 3362//3362
f 3358//3358 3364//3364 3362//3362
f 3357//3357 3362//3362 3359//3359
f 3156//3156 3359//3359 3360//3360
f 3360//3360 3361//3361 3372//3372
f 3359//3359 3361//3361 3360//3360
f 3362//3362 3365//3365 3363//3363
f 3362//3362 3363//3363 3359//3359
f 3363//3363 3361//3361 3359//3359
f 3363//3363 3370//3370 3361//3361
f 3363//3363 3366//3366 3370//3370
f 3362//3362 3364//3364 3365//3365
f 3364//3364 3353//3353 3365//3365
f 3353//3353 3367//3367 3365//3365
f 3363//3363 3365//3365 3366//3366
f 3365//3365 3367//3367 3366//3366
f 3366//3366 3367//3367 3379//3379
f 3355//3355 3379//3379 3367//3367
f 3361//3361 3369//3369 3372//3372
f 3373//3373 3369//3369 3374//3374
f 3361//3361 3370//3370 3369//3369
f 3369//3369 3370//3370 3371//3371
f 3369//3369 3371//3371 3374//3374
f 3372//3372 3369//3369 3373//3373
f 3374//3374 3375//3375 3376//3376
f 3371//3371 3375//3375 3374//3374
f 3375//3375 4301//4301 3376//3376
f 3171//3171 3373//3373 3377//3377
f 3373//3373 3374//3374 3377//3377
f 3377//3377 3374//3374 3376//3376
f 3172//3172 3377//3377 4304//4304
f 3377//3377 3376//3376 4304//4304
f 3366//3366 3379//3379 3378//3378
f 3378//3378 3379//3379 3380//3380
f 3366//3366 3378//3378 3370//3370
f 3378//3378 3371//3371 3370//3370
f 3378//3378 3380//3380 3381//3381
f 3378//3378 3381//3381 3371//3371
f 3379//3379 3368//3368 3380//3380
f 3355//3355 3368//3368 3379//3379
f 3368//3368 3384//3384 3380//3380
f 3381//3381 3383//3383 3382//3382
f 3381//3381 3375//3375 3371//3371
f 3381//3381 3382//3382 3375//3375
f 3382//3382 4301//4301 3375//3375
f 3380//3380 3383//3383 3381//3381
f 3380//3380 3384//3384 3383//3383
f 3384//3384 3385//3385 3383//3383
f 3382//3382 3383//3383 4313//4313
f 3383//3383 3385//3385 4313//4313
f 3386//3386 3390//3390 3388//3388
f 3270//3270 3388//3388 3387//3387
f 3390//3390 3389//3389 3388//3388
f 3388//3388 3389//3389 3387//3387
f 3387//3387 3389//3389 3393//3393
f 3389//3389 3394//3394 3393//3393
f 3386//3386 3298//3298 3390//3390
f 3298//3298 3391//3391 3390//3390
f 3390//3390 3391//3391 3392//3392
f 3390//3390 3392//3392 3389//3389
f 3389//3389 3392//3392 3394//3394
f 3387//3387 3393//3393 3350//3350
f 3393//3393 3397//3397 3352//3352
f 3391//3391 3400//3400 3392//3392
f 3392//3392 3395//3395 3394//3394
f 3395//3395 3399//3399 3394//3394
f 3392//3392 3400//3400 3395//3395
f 3395//3395 3402//3402 3396//3396
f 3395//3395 3396//3396 3399//3399
f 3393//3393 3394//3394 3397//3397
f 3394//3394 3399//3399 3397//3397
f 3352//3352 3397//3397 3354//3354
f 3354//3354 3397//3397 3398//3398
f 3399//3399 3398//3398 3397//3397
f 3354//3354 3398//3398 3355//3355
f 3396//3396 3405//3405 3399//3399
f 3399//3399 3405//3405 3398//3398
f 3391//3391 3313//3313 3400//3400
f 3313//3313 3401//3401 3400//3400
f 3400//3400 3401//3401 3402//3402
f 3395//3395 3400//3400 3402//3402
f 3396//3396 3414//3414 3406//3406
f 3398//3398 3405//3405 3403//3403
f 3355//3355 3398//3398 3403//3403
f 3355//3355 3403//3403 3368//3368
f 3368//3368 3403//3403 3404//3404
f 3368//3368 3404//3404 3384//3384
f 3403//3403 3407//3407 3404//3404
f 3406//3406 3407//3407 3405//3405
f 3403//3403 3405//3405 3407//3407
f 3396//3396 3406//3406 3405//3405
f 3408//3408 3411//3411 3407//3407
f 3406//3406 3408//3408 3407//3407
f 3404//3404 3407//3407 3411//3411
f 3384//3384 3404//3404 3409//3409
f 3404//3404 3411//3411 3409//3409
f 3409//3409 3411//3411 3412//3412
f 3385//3385 3409//3409 4340//4340
f 3409//3409 3412//3412 4340//4340
f 3411//3411 3410//3410 3412//3412
f 3408//3408 3410//3410 3411//3411
f 3408//3408 3418//3418 3410//3410
f 3410//3410 4342//4342 3412//3412
f 3410//3410 4357//4357 4342//4342
f 3402//3402 3413//3413 3414//3414
f 3401//3401 3340//3340 3413//3413
f 3401//3401 3413//3413 3402//3402
f 3396//3396 3402//3402 3414//3414
f 3413//3413 3415//3415 3414//3414
f 3413//3413 3417//3417 3415//3415
f 3406//3406 3414//3414 3416//3416
f 3415//3415 3416//3416 3414//3414
f 3406//3406 3416//3416 3408//3408
f 3413//3413 3340//3340 3417//3417
f 3415//3415 3420//3420 3419//3419
f 3408//3408 3416//3416 3418//3418
f 3416//3416 3419//3419 3418//3418
f 3415//3415 3419//3419 3416//3416
f 3420//3420 4355//4355 3419//3419
f 3418//3418 4352//4352 4357//4357
f 3419//3419 4352//4352 3418//3418
f 3419//3419 4355//4355 4352//4352
f 3415//3415 3417//3417 3420//3420
f 3347//3347 3420//3420 3417//3417
f 3347//3347 4243//4243 3420//3420
f 3420//3420 4243//4243 4355//4355
f 3418//3418 4357//4357 3410//3410
f 3384//3384 3409//3409 3385//3385
f 3700//3700 3691//3691 3690//3690
f 3700//3700 3693//3693 3691//3691
f 3700//3700 3695//3695 3693//3693
f 3700//3700 3697//3697 3695//3695
f 3700//3700 3698//3698 3697//3697
f 3700//3700 3699//3699 3698//3698
f 3700//3700 3720//3720 3699//3699
f 3720//3720 3709//3709 3699//3699
f 3720//3720 3710//3710 3709//3709
f 3700//3700 3721//3721 3720//3720
f 3770//3770 3711//3711 3710//3710
f 3770//3770 3712//3712 3711//3711
f 3770//3770 3713//3713 3712//3712
f 3770//3770 3717//3717 3713//3713
f 3770//3770 3718//3718 3717//3717
f 3770//3770 3719//3719 3718//3718
f 3720//3720 3770//3770 3710//3710
f 3720//3720 3789//3789 3770//3770
f 3721//3721 3722//3722 3723//3723
f 3720//3720 3721//3721 3723//3723
f 3722//3722 3792//3792 3724//3724
f 3722//3722 3724//3724 3723//3723
f 3720//3720 3723//3723 3789//3789
f 3723//3723 3790//3790 3789//3789
f 3723//3723 3724//3724 3790//3790
f 3770//3770 3759//3759 3719//3719
f 3770//3770 3758//3758 3759//3759
f 3770//3770 3760//3760 3758//3758
f 3770//3770 3761//3761 3760//3760
f 3770//3770 3763//3763 3761//3761
f 3770//3770 3769//3769 3763//3763
f 3770//3770 3765//3765 3769//3769
f 3770//3770 3766//3766 3765//3765
f 3770//3770 3777//3777 3766//3766
f 3770//3770 3789//3789 3788//3788
f 3770//3770 3788//3788 3777//3777
f 3777//3777 3774//3774 3773//3773
f 3777//3777 3776//3776 3774//3774
f 3777//3777 3778//3778 3776//3776
f 3777//3777 3779//3779 3778//3778
f 3777//3777 3767//3767 3766//3766
f 3777//3777 3768//3768 3767//3767
f 3777//3777 3771//3771 3768//3768
f 3777//3777 3772//3772 3771//3771
f 3777//3777 3773//3773 3772//3772
f 3777//3777 3781//3781 3779//3779
f 3777//3777 3786//3786 3781//3781
f 3777//3777 3787//3787 3786//3786
f 3777//3777 3784//3784 3783//3783
f 3777//3777 3783//3783 3787//3787
f 3777//3777 3841//3841 3784//3784
f 3777//3777 3788//3788 3841//3841
f 3788//3788 3844//3844 3841//3841
f 3788//3788 3789//3789 3791//3791
f 3789//3789 3790//3790 3791//3791
f 3790//3790 3801//3801 3791//3791
f 3788//3788 3791//3791 3844//3844
f 3791//3791 3845//3845 3844//3844
f 3791//3791 3801//3801 3845//3845
f 3792//3792 3793//3793 3794//3794
f 3724//3724 3792//3792 3794//3794
f 3793//3793 3795//3795 3797//3797
f 3793//3793 3797//3797 3794//3794
f 3724//3724 3794//3794 3799//3799
f 3724//3724 3799//3799 3790//3790
f 3794//3794 3797//3797 3800//3800
f 3794//3794 3800//3800 3799//3799
f 3795//3795 3798//3798 3797//3797
f 3795//3795 3796//3796 3798//3798
f 3796//3796 3870//3870 3872//3872
f 3796//3796 3872//3872 3798//3798
f 3797//3797 3798//3798 3803//3803
f 3797//3797 3803//3803 3800//3800
f 3798//3798 3872//3872 3804//3804
f 3798//3798 3804//3804 3803//3803
f 3790//3790 3799//3799 3801//3801
f 3799//3799 3802//3802 3801//3801
f 3799//3799 3800//3800 3802//3802
f 3800//3800 3805//3805 3802//3802
f 3801//3801 3854//3854 3845//3845
f 3801//3801 3802//3802 3854//3854
f 3802//3802 3855//3855 3854//3854
f 3802//3802 3805//3805 3855//3855
f 3800//3800 3803//3803 3805//3805
f 3803//3803 3806//3806 3805//3805
f 3803//3803 3804//3804 3806//3806
f 3804//3804 3874//3874 3806//3806
f 3805//3805 3806//3806 3858//3858
f 3805//3805 3858//3858 3855//3855
f 3806//3806 3874//3874 3875//3875
f 3806//3806 3875//3875 3858//3858
f 3840//3840 3838//3838 3839//3839
f 3840//3840 3837//3837 3838//3838
f 3840//3840 3832//3832 3831//3831
f 3840//3840 3839//3839 3832//3832
f 3840//3840 3831//3831 3830//3830
f 3840//3840 3830//3830 3841//3841
f 3841//3841 3785//3785 3784//3784
f 3841//3841 3834//3834 3785//3785
f 3841//3841 3830//3830 3835//3835
f 3841//3841 3835//3835 3833//3833
f 3841//3841 3833//3833 3834//3834
f 2888//2888 3840//3840 3842//3842
f 3840//3840 3841//3841 3842//3842
f 3841//3841 3843//3843 3842//3842
f 3841//3841 3844//3844 3843//3843
f 2888//2888 3842//3842 3847//3847
f 3842//3842 3843//3843 3848//3848
f 3843//3843 3844//3844 3846//3846
f 3844//3844 3845//3845 3846//3846
f 3845//3845 3856//3856 3846//3846
f 3843//3843 3846//3846 3851//3851
f 3846//3846 3852//3852 3851//3851
f 3846//3846 3856//3856 3852//3852
f 3842//3842 3848//3848 3847//3847
f 3847//3847 3848//3848 3849//3849
f 3843//3843 3851//3851 3848//3848
f 3848//3848 3851//3851 3850//3850
f 2894//2894 3847//3847 3849//3849
f 2894//2894 3849//3849 3928//3928
f 3848//3848 3850//3850 3849//3849
f 3849//3849 3850//3850 3929//3929
f 3850//3850 3851//3851 3853//3853
f 3851//3851 3852//3852 3853//3853
f 3852//3852 3863//3863 3853//3853
f 3850//3850 3853//3853 3931//3931
f 3853//3853 3932//3932 3931//3931
f 3853//3853 3863//3863 3932//3932
f 3845//3845 3854//3854 3856//3856
f 3854//3854 3857//3857 3856//3856
f 3854//3854 3855//3855 3857//3857
f 3855//3855 3860//3860 3857//3857
f 3852//3852 3856//3856 3862//3862
f 3856//3856 3857//3857 3862//3862
f 3857//3857 3860//3860 3865//3865
f 3857//3857 3865//3865 3862//3862
f 3855//3855 3858//3858 3860//3860
f 3858//3858 3875//3875 3859//3859
f 3858//3858 3859//3859 3860//3860
f 3860//3860 3861//3861 3865//3865
f 3859//3859 3861//3861 3860//3860
f 3852//3852 3862//3862 3863//3863
f 3862//3862 3864//3864 3863//3863
f 3862//3862 3865//3865 3864//3864
f 3863//3863 3864//3864 3949//3949
f 3863//3863 3949//3949 3932//3932
f 3861//3861 3866//3866 3865//3865
f 3864//3864 3865//3865 3866//3866
f 3859//3859 3906//3906 3861//3861
f 3861//3861 3906//3906 3867//3867
f 3864//3864 3868//3868 3949//3949
f 3861//3861 3867//3867 3866//3866
f 3866//3866 3867//3867 3869//3869
f 3864//3864 3866//3866 3868//3868
f 3866//3866 3869//3869 3868//3868
f 3868//3868 3869//3869 3954//3954
f 3867//3867 3916//3916 3869//3869
f 3869//3869 3916//3916 3955//3955
f 1918//1918 3871//3871 3870//3870
f 3870//3870 3871//3871 3872//3872
f 3871//3871 3873//3873 3872//3872
f 3804//3804 3872//3872 3873//3873
f 3804//3804 3873//3873 3874//3874
f 3873//3873 3884//3884 3874//3874
f 3874//3874 3885//3885 3875//3875
f 1918//1918 3876//3876 3871//3871
f 3871//3871 3876//3876 3877//3877
f 3871//3871 3877//3877 3873//3873
f 3873//3873 3877//3877 3884//3884
f 3877//3877 3881//3881 3884//3884
f 1929//1929 3878//3878 3876//3876
f 1929//1929 3879//3879 3878//3878
f 3876//3876 3878//3878 3877//3877
f 3878//3878 3879//3879 3882//3882
f 1930//1930 3880//3880 3879//3879
f 3879//3879 3880//3880 3882//3882
f 3877//3877 3878//3878 3881//3881
f 3878//3878 3882//3882 3881//3881
f 3881//3881 3882//3882 3887//3887
f 3880//3880 3883//3883 3882//3882
f 3882//3882 3883//3883 3887//3887
f 3874//3874 3884//3884 3885//3885
f 3884//3884 3886//3886 3885//3885
f 3875//3875 3885//3885 3904//3904
f 3885//3885 3886//3886 3905//3905
f 3885//3885 3905//3905 3904//3904
f 3884//3884 3881//3881 3886//3886
f 3881//3881 3887//3887 3886//3886
f 3883//3883 3889//3889 3887//3887
f 3883//3883 3898//3898 3889//3889
f 3886//3886 3888//3888 3905//3905
f 3886//3886 3887//3887 3888//3888
f 3887//3887 3889//3889 3888//3888
f 3888//3888 3889//3889 3910//3910
f 3889//3889 3901//3901 3910//3910
f 1930//1930 3890//3890 3880//3880
f 3880//3880 3890//3890 3893//3893
f 3880//3880 3893//3893 3883//3883
f 3883//3883 3893//3893 3898//3898
f 1940//1940 3891//3891 3890//3890
f 3890//3890 3891//3891 3893//3893
f 1940//1940 3892//3892 3891//3891
f 3891//3891 3892//3892 3895//3895
f 1942//1942 3896//3896 3892//3892
f 3892//3892 3896//3896 3895//3895
f 3891//3891 3894//3894 3893//3893
f 3893//3893 3894//3894 3898//3898
f 3891//3891 3895//3895 3894//3894
f 3895//3895 3896//3896 3897//3897
f 3894//3894 3895//3895 3899//3899
f 3895//3895 3897//3897 3899//3899
f 3894//3894 3900//3900 3898//3898
f 3894//3894 3899//3899 3900//3900
f 3899//3899 3897//3897 3902//3902
f 3889//3889 3898//3898 3901//3901
f 3898//3898 3900//3900 3901//3901
f 3900//3900 3923//3923 3901//3901
f 3900//3900 3903//3903 3923//3923
f 3899//3899 3903//3903 3900//3900
f 3899//3899 3902//3902 3903//3903
f 3903//3903 3902//3902 4097//4097
f 3859//3859 3875//3875 3904//3904
f 3859//3859 3904//3904 3906//3906
f 3904//3904 3905//3905 3907//3907
f 3905//3905 3909//3909 3907//3907
f 3904//3904 3907//3907 3906//3906
f 3906//3906 3907//3907 3914//3914
f 3907//3907 3908//3908 3914//3914
f 3907//3907 3909//3909 3908//3908
f 3888//3888 3909//3909 3905//3905
f 3888//3888 3910//3910 3909//3909
f 3909//3909 3910//3910 3911//3911
f 3910//3910 3912//3912 3911//3911
f 3908//3908 3909//3909 3911//3911
f 3908//3908 3911//3911 3919//3919
f 3911//3911 3913//3913 3919//3919
f 3901//3901 3912//3912 3910//3910
f 3911//3911 3912//3912 3913//3913
f 3912//3912 3925//3925 3913//3913
f 3867//3867 3906//3906 3914//3914
f 3867//3867 3914//3914 3916//3916
f 3914//3914 3915//3915 3916//3916
f 3908//3908 3915//3915 3914//3914
f 3908//3908 3919//3919 3915//3915
f 3915//3915 3919//3919 3918//3918
f 3915//3915 3917//3917 3916//3916
f 3916//3916 3917//3917 3955//3955
f 3915//3915 3918//3918 3917//3917
f 3913//3913 3921//3921 3919//3919
f 3913//3913 3925//3925 3920//3920
f 3913//3913 3920//3920 3921//3921
f 3918//3918 3919//3919 3921//3921
f 3918//3918 3921//3921 3991//3991
f 3921//3921 3922//3922 3991//3991
f 3920//3920 3922//3922 3921//3921
f 3920//3920 3927//3927 3922//3922
f 3922//3922 3927//3927 4379//4379
f 3901//3901 3923//3923 3912//3912
f 3912//3912 3923//3923 3925//3925
f 3903//3903 3924//3924 3923//3923
f 3923//3923 3924//3924 3925//3925
f 3903//3903 4097//4097 3924//3924
f 3924//3924 4097//4097 4099//4099
f 3925//3925 3924//3924 3926//3926
f 3924//3924 4099//4099 3926//3926
f 3920//3920 3925//3925 3926//3926
f 4099//4099 4108//4108 3926//3926
f 3920//3920 3926//3926 3927//3927
f 3926//3926 4108//4108 3927//3927
f 3849//3849 3929//3929 3928//3928
f 2927//2927 3928//3928 3930//3930
f 3928//3928 3929//3929 3930//3930
f 3850//3850 3931//3931 3929//3929
f 3929//3929 3934//3934 3930//3930
f 3929//3929 3931//3931 3934//3934
f 3934//3934 3931//3931 3937//3937
f 3931//3931 3932//3932 3937//3937
f 2927//2927 3930//3930 3933//3933
f 3930//3930 3935//3935 3933//3933
f 3930//3930 3934//3934 3935//3935
f 3934//3934 3936//3936 3935//3935
f 3932//3932 3950//3950 3937//3937
f 3934//3934 3937//3937 3936//3936
f 3937//3937 3950//3950 3938//3938
f 3936//3936 3937//3937 3938//3938
f 2938//2938 3933//3933 3939//3939
f 3933//3933 3935//3935 3939//3939
f 2938//2938 3939//3939 3941//3941
f 3935//3935 3940//3940 3939//3939
f 3935//3935 3936//3936 3940//3940
f 3939//3939 3940//3940 3943//3943
f 3939//3939 3943//3943 3941//3941
f 2941//2941 3941//3941 3942//3942
f 3941//3941 3943//3943 3942//3942
f 3940//3940 3946//3946 3943//3943
f 3943//3943 3946//3946 3944//3944
f 3942//3942 3943//3943 3944//3944
f 3936//3936 3945//3945 3940//3940
f 3940//3940 3945//3945 3946//3946
f 3936//3936 3938//3938 3945//3945
f 3938//3938 3957//3957 3945//3945
f 3945//3945 3948//3948 3946//3946
f 3945//3945 3957//3957 3948//3948
f 3944//3944 3946//3946 3947//3947
f 3946//3946 3948//3948 3947//3947
f 3947//3947 3948//3948 3960//3960
f 3932//3932 3949//3949 3950//3950
f 3949//3949 3951//3951 3950//3950
f 3868//3868 3951//3951 3949//3949
f 3938//3938 3950//3950 3952//3952
f 3950//3950 3951//3951 3952//3952
f 3938//3938 3952//3952 3957//3957
f 3951//3951 3953//3953 3952//3952
f 3952//3952 3953//3953 3958//3958
f 3868//3868 3954//3954 3951//3951
f 3869//3869 3955//3955 3954//3954
f 3954//3954 3955//3955 3956//3956
f 3955//3955 3987//3987 3956//3956
f 3951//3951 3954//3954 3953//3953
f 3953//3953 3954//3954 3956//3956
f 3953//3953 3956//3956 3963//3963
f 3956//3956 3987//3987 3964//3964
f 3956//3956 3964//3964 3963//3963
f 3952//3952 3958//3958 3957//3957
f 3957//3957 3958//3958 3959//3959
f 3953//3953 3963//3963 3958//3958
f 3958//3958 3961//3961 3959//3959
f 3958//3958 3963//3963 3961//3961
f 3948//3948 3957//3957 3959//3959
f 3948//3948 3959//3959 3960//3960
f 3959//3959 3962//3962 3960//3960
f 3959//3959 3961//3961 3962//3962
f 3961//3961 3967//3967 3962//3962
f 3963//3963 3964//3964 3966//3966
f 3961//3961 3963//3963 3966//3966
f 3964//3964 3965//3965 3966//3966
f 3961//3961 3966//3966 3967//3967
f 3966//3966 3968//3968 3967//3967
f 3967//3967 3968//3968 3985//3985
f 3965//3965 3968//3968 3966//3966
f 3965//3965 3995//3995 3968//3968
f 3968//3968 3995//3995 3986//3986
f 2941//2941 3942//3942 3969//3969
f 3942//3942 3970//3970 3969//3969
f 3942//3942 3944//3944 3970//3970
f 2956//2956 3969//3969 3971//3971
f 3969//3969 3970//3970 3971//3971
f 3944//3944 3975//3975 3970//3970
f 3970//3970 3973//3973 3971//3971
f 3970//3970 3975//3975 3973//3973
f 2956//2956 3971//3971 3972//3972
f 3971//3971 3974//3974 3972//3972
f 3972//3972 3974//3974 3981//3981
f 3971//3971 3973//3973 3974//3974
f 3974//3974 3978//3978 4217//4217
f 3973//3973 3978//3978 3974//3974
f 3944//3944 3947//3947 3975//3975
f 3947//3947 3976//3976 3975//3975
f 3975//3975 3976//3976 3977//3977
f 3947//3947 3960//3960 3976//3976
f 3960//3960 3982//3982 3976//3976
f 3976//3976 3982//3982 3979//3979
f 3973//3973 3975//3975 3977//3977
f 3973//3973 3977//3977 3978//3978
f 3977//3977 3980//3980 3978//3978
f 3976//3976 3979//3979 3977//3977
f 3977//3977 3979//3979 3980//3980
f 3979//3979 4258//4258 3980//3980
f 3974//3974 4217//4217 3981//3981
f 3978//3978 4227//4227 4217//4217
f 3978//3978 3980//3980 4227//4227
f 3960//3960 3962//3962 3982//3982
f 3982//3982 3983//3983 3984//3984
f 3962//3962 3983//3983 3982//3982
f 3962//3962 3967//3967 3983//3983
f 3983//3983 4259//4259 3984//3984
f 3983//3983 3985//3985 4259//4259
f 3979//3979 3982//3982 3984//3984
f 3979//3979 3984//3984 4258//4258
f 3967//3967 3985//3985 3983//3983
f 3985//3985 3986//3986 4261//4261
f 3968//3968 3986//3986 3985//3985
f 3917//3917 3987//3987 3955//3955
f 3917//3917 3988//3988 3987//3987
f 3917//3917 3918//3918 3988//3988
f 3918//3918 3991//3991 3988//3988
f 3988//3988 3991//3991 3990//3990
f 3987//3987 3988//3988 3989//3989
f 3964//3964 3987//3987 3989//3989
f 3988//3988 3990//3990 3989//3989
f 3989//3989 3990//3990 3994//3994
f 3990//3990 3993//3993 3994//3994
f 3922//3922 3992//3992 3991//3991
f 3990//3990 3991//3991 3992//3992
f 3922//3922 4379//4379 3992//3992
f 3992//3992 4379//4379 4381//4381
f 3990//3990 3992//3992 3993//3993
f 3992//3992 4381//4381 3993//3993
f 3964//3964 3989//3989 3965//3965
f 3965//3965 3989//3989 3994//3994
f 3965//3965 3994//3994 3995//3995
f 3994//3994 4385//4385 3995//3995
f 3994//3994 3993//3993 4385//4385
f 3986//3986 3995//3995 4386//4386
f 3996//3996 3998//3998 3997//3997
f 3138//3138 3998//3998 3996//3996
f 3997//3997 3999//3999 4000//4000
f 3997//3997 3998//3998 3999//3999
f 3138//3138 4004//4004 3998//3998
f 3998//3998 4004//4004 4005//4005
f 3998//3998 4005//4005 3999//3999
f 3999//3999 4005//4005 4008//4008
f 4000//4000 4002//4002 4001//4001
f 3999//3999 4002//4002 4000//4000
f 4001//4001 4003//4003 4011//4011
f 4001//4001 4002//4002 4003//4003
f 3999//3999 4008//4008 4002//4002
f 4002//4002 4008//4008 4009//4009
f 4002//4002 4009//4009 4003//4003
f 4004//4004 4006//4006 4005//4005
f 3144//3144 4006//4006 4004//4004
f 4005//4005 4007//4007 4008//4008
f 4005//4005 4006//4006 4007//4007
f 3144//3144 4026//4026 4006//4006
f 4006//4006 4026//4026 4027//4027
f 4006//4006 4027//4027 4007//4007
f 4007//4007 4027//4027 4030//4030
f 4007//4007 4010//4010 4008//4008
f 4008//4008 4010//4010 4009//4009
f 4009//4009 4010//4010 4020//4020
f 4007//4007 4030//4030 4010//4010
f 4010//4010 4030//4030 4031//4031
f 4010//4010 4031//4031 4020//4020
f 4011//4011 4013//4013 4012//4012
f 4003//4003 4013//4013 4011//4011
f 4012//4012 4016//4016 4014//4014
f 4012//4012 4013//4013 4016//4016
f 4003//4003 4018//4018 4013//4013
f 4003//4003 4009//4009 4018//4018
f 4013//4013 4019//4019 4016//4016
f 4013//4013 4018//4018 4019//4019
f 4014//4014 4016//4016 4017//4017
f 4014//4014 4017//4017 4015//4015
f 4015//4015 4144//4144 4142//4142
f 4015//4015 4017//4017 4144//4144
f 4016//4016 4022//4022 4017//4017
f 4016//4016 4019//4019 4022//4022
f 4017//4017 4023//4023 4144//4144
f 4017//4017 4022//4022 4023//4023
f 4009//4009 4020//4020 4018//4018
f 4018//4018 4020//4020 4021//4021
f 4018//4018 4021//4021 4019//4019
f 4019//4019 4021//4021 4024//4024
f 4020//4020 4031//4031 4040//4040
f 4020//4020 4040//4040 4021//4021
f 4021//4021 4041//4041 4024//4024
f 4021//4021 4040//4040 4041//4041
f 4019//4019 4024//4024 4022//4022
f 4025//4025 4022//4022 4024//4024
f 4023//4023 4022//4022 4025//4025
f 4023//4023 4025//4025 4154//4154
f 4025//4025 4024//4024 4045//4045
f 4024//4024 4041//4041 4045//4045
f 4025//4025 4155//4155 4154//4154
f 4025//4025 4045//4045 4155//4155
f 3166//3166 4028//4028 4026//4026
f 4026//4026 4028//4028 4027//4027
f 4027//4027 4028//4028 4029//4029
f 4027//4027 4029//4029 4030//4030
f 3166//3166 4033//4033 4028//4028
f 4028//4028 4034//4034 4029//4029
f 4029//4029 4032//4032 4030//4030
f 4030//4030 4032//4032 4031//4031
f 4031//4031 4032//4032 4042//4042
f 4029//4029 4037//4037 4032//4032
f 4032//4032 4037//4037 4038//4038
f 4032//4032 4038//4038 4042//4042
f 4033//4033 4035//4035 4034//4034
f 4028//4028 4033//4033 4034//4034
f 4034//4034 4036//4036 4037//4037
f 4029//4029 4034//4034 4037//4037
f 3172//3172 4035//4035 4033//4033
f 3172//3172 4304//4304 4035//4035
f 4034//4034 4035//4035 4036//4036
f 4035//4035 4305//4305 4036//4036
f 4036//4036 4039//4039 4037//4037
f 4039//4039 4038//4038 4037//4037
f 4039//4039 4049//4049 4038//4038
f 4036//4036 4309//4309 4039//4039
f 4039//4039 4309//4309 4310//4310
f 4039//4039 4310//4310 4049//4049
f 4040//4040 4042//4042 4043//4043
f 4031//4031 4042//4042 4040//4040
f 4040//4040 4043//4043 4041//4041
f 4041//4041 4043//4043 4047//4047
f 4038//4038 4048//4048 4042//4042
f 4042//4042 4048//4048 4043//4043
f 4043//4043 4055//4055 4047//4047
f 4043//4043 4048//4048 4055//4055
f 4046//4046 4044//4044 4189//4189
f 4044//4044 4052//4052 4189//4189
f 4041//4041 4047//4047 4045//4045
f 4045//4045 4046//4046 4155//4155
f 4045//4045 4047//4047 4046//4046
f 4047//4047 4055//4055 4044//4044
f 4046//4046 4047//4047 4044//4044
f 4050//4050 4328//4328 4053//4053
f 4038//4038 4049//4049 4048//4048
f 4048//4048 4049//4049 4050//4050
f 4048//4048 4050//4050 4055//4055
f 4049//4049 4328//4328 4050//4050
f 4049//4049 4310//4310 4328//4328
f 4044//4044 4051//4051 4052//4052
f 4051//4051 4054//4054 4052//4052
f 4050//4050 4053//4053 4051//4051
f 4051//4051 4053//4053 4054//4054
f 4053//4053 4333//4333 4054//4054
f 4052//4052 4054//4054 4197//4197
f 4054//4054 4334//4334 4197//4197
f 4044//4044 4055//4055 4051//4051
f 4050//4050 4051//4051 4055//4055
f 1942//1942 4056//4056 3896//3896
f 3896//3896 4056//4056 4058//4058
f 4056//4056 4057//4057 4058//4058
f 2315//2315 4057//4057 4056//4056
f 2315//2315 4060//4060 4057//4057
f 4057//4057 4060//4060 4063//4063
f 3896//3896 4058//4058 3897//3897
f 3897//3897 4058//4058 4066//4066
f 4058//4058 4059//4059 4066//4066
f 4058//4058 4057//4057 4059//4059
f 4057//4057 4063//4063 4059//4059
f 4059//4059 4063//4063 4069//4069
f 2319//2319 4061//4061 4060//4060
f 4060//4060 4061//4061 4063//4063
f 2319//2319 4062//4062 4061//4061
f 2334//2334 4075//4075 4062//4062
f 4061//4061 4062//4062 4065//4065
f 4062//4062 4075//4075 4065//4065
f 4063//4063 4061//4061 4064//4064
f 4063//4063 4064//4064 4069//4069
f 4061//4061 4065//4065 4064//4064
f 4065//4065 4075//4075 4078//4078
f 4064//4064 4065//4065 4070//4070
f 4065//4065 4078//4078 4070//4070
f 3902//3902 4067//4067 4097//4097
f 3897//3897 4066//4066 3902//3902
f 4059//4059 4068//4068 4066//4066
f 4059//4059 4069//4069 4068//4068
f 3902//3902 4066//4066 4067//4067
f 4066//4066 4068//4068 4067//4067
f 4069//4069 4071//4071 4068//4068
f 4067//4067 4068//4068 4100//4100
f 4068//4068 4071//4071 4100//4100
f 4069//4069 4064//4064 4072//4072
f 4064//4064 4070//4070 4072//4072
f 4078//4078 4087//4087 4070//4070
f 4070//4070 4087//4087 4073//4073
f 4069//4069 4072//4072 4071//4071
f 4071//4071 4072//4072 4103//4103
f 4070//4070 4073//4073 4072//4072
f 4073//4073 4087//4087 4090//4090
f 4072//4072 4073//4073 4103//4103
f 2334//2334 4074//4074 4075//4075
f 4075//4075 4074//4074 4077//4077
f 2335//2335 4076//4076 4074//4074
f 2335//2335 4080//4080 4076//4076
f 4074//4074 4076//4076 4077//4077
f 4075//4075 4077//4077 4078//4078
f 4078//4078 4077//4077 4086//4086
f 4076//4076 4079//4079 4077//4077
f 4076//4076 4083//4083 4079//4079
f 4077//4077 4079//4079 4086//4086
f 2339//2339 4082//4082 4080//4080
f 4076//4076 4080//4080 4083//4083
f 4080//4080 4082//4082 4083//4083
f 2339//2339 4081//4081 4082//4082
f 4082//4082 4081//4081 4084//4084
f 4082//4082 4085//4085 4083//4083
f 4079//4079 4083//4083 4092//4092
f 4083//4083 4085//4085 4092//4092
f 4082//4082 4084//4084 4085//4085
f 4085//4085 4084//4084 4093//4093
f 4078//4078 4086//4086 4087//4087
f 4087//4087 4086//4086 4089//4089
f 4079//4079 4088//4088 4086//4086
f 4079//4079 4092//4092 4088//4088
f 4086//4086 4088//4088 4089//4089
f 4087//4087 4089//4089 4090//4090
f 4090//4090 4089//4089 4119//4119
f 4088//4088 4091//4091 4089//4089
f 4088//4088 4095//4095 4091//4091
f 4089//4089 4091//4091 4119//4119
f 4085//4085 4096//4096 4092//4092
f 4088//4088 4092//4092 4095//4095
f 4085//4085 4093//4093 4096//4096
f 4092//4092 4096//4096 4095//4095
f 4095//4095 4096//4096 4125//4125
f 4096//4096 4093//4093 4094//4094
f 4096//4096 4094//4094 4125//4125
f 4067//4067 4098//4098 4097//4097
f 4097//4097 4098//4098 4099//4099
f 4098//4098 4109//4109 4099//4099
f 4098//4098 4101//4101 4109//4109
f 4101//4101 4110//4110 4109//4109
f 4067//4067 4100//4100 4098//4098
f 4071//4071 4102//4102 4100//4100
f 4098//4098 4100//4100 4101//4101
f 4100//4100 4102//4102 4101//4101
f 4102//4102 4106//4106 4101//4101
f 4101//4101 4106//4106 4110//4110
f 4071//4071 4103//4103 4102//4102
f 4102//4102 4103//4103 4105//4105
f 4073//4073 4104//4104 4103//4103
f 4073//4073 4090//4090 4104//4104
f 4103//4103 4104//4104 4105//4105
f 4090//4090 4120//4120 4104//4104
f 4102//4102 4105//4105 4106//4106
f 4106//4106 4105//4105 4117//4117
f 4104//4104 4107//4107 4105//4105
f 4105//4105 4107//4107 4117//4117
f 4107//4107 4120//4120 4132//4132
f 4104//4104 4120//4120 4107//4107
f 4099//4099 4109//4109 4108//4108
f 4108//4108 4109//4109 4112//4112
f 4106//4106 4114//4114 4110//4110
f 4109//4109 4110//4110 4112//4112
f 4108//4108 4111//4111 3927//3927
f 4108//4108 4112//4112 4111//4111
f 3927//3927 4111//4111 4379//4379
f 4111//4111 4112//4112 4414//4414
f 4112//4112 4113//4113 4414//4414
f 4110//4110 4113//4113 4112//4112
f 4110//4110 4114//4114 4113//4113
f 4114//4114 4117//4117 4115//4115
f 4114//4114 4115//4115 4416//4416
f 4114//4114 4416//4416 4113//4113
f 4115//4115 4417//4417 4416//4416
f 4115//4115 4116//4116 4417//4417
f 4116//4116 4135//4135 4421//4421
f 4106//4106 4117//4117 4114//4114
f 4107//4107 4118//4118 4117//4117
f 4107//4107 4132//4132 4118//4118
f 4115//4115 4117//4117 4118//4118
f 4118//4118 4132//4132 4135//4135
f 4115//4115 4118//4118 4116//4116
f 4116//4116 4118//4118 4135//4135
f 4090//4090 4119//4119 4120//4120
f 4120//4120 4119//4119 4121//4121
f 4091//4091 4122//4122 4119//4119
f 4119//4119 4122//4122 4121//4121
f 4091//4091 4124//4124 4122//4122
f 4120//4120 4121//4121 4132//4132
f 4132//4132 4121//4121 4133//4133
f 4121//4121 4122//4122 4134//4134
f 4121//4121 4134//4134 4133//4133
f 4122//4122 4126//4126 4134//4134
f 4094//4094 4123//4123 4125//4125
f 4125//4125 4123//4123 4127//4127
f 4091//4091 4095//4095 4124//4124
f 4095//4095 4125//4125 4124//4124
f 4124//4124 4125//4125 4127//4127
f 4124//4124 4127//4127 4126//4126
f 4126//4126 4127//4127 4139//4139
f 4127//4127 4123//4123 4128//4128
f 4127//4127 4128//4128 4139//4139
f 4122//4122 4124//4124 4126//4126
f 4421//4421 4136//4136 4422//4422
f 4136//4136 4423//4423 4422//4422
f 4130//4130 4423//4423 4137//4137
f 4131//4131 4139//4139 4129//4129
f 4130//4130 4131//4131 4429//4429
f 4131//4131 4129//4129 4431//4431
f 4131//4131 4431//4431 4429//4429
f 4129//4129 4212//4212 4431//4431
f 4132//4132 4133//4133 4135//4135
f 4134//4134 4138//4138 4137//4137
f 4133//4133 4134//4134 4137//4137
f 4135//4135 4133//4133 4136//4136
f 4135//4135 4136//4136 4421//4421
f 4133//4133 4137//4137 4136//4136
f 4136//4136 4137//4137 4423//4423
f 4126//4126 4139//4139 4138//4138
f 4126//4126 4138//4138 4134//4134
f 4131//4131 4138//4138 4139//4139
f 4139//4139 4128//4128 4129//4129
f 4130//4130 4137//4137 4138//4138
f 4130//4130 4138//4138 4131//4131
f 2386//2386 4143//4143 4140//4140
f 4140//4140 4143//4143 4141//4141
f 4143//4143 4145//4145 4141//4141
f 4145//4145 4152//4152 4141//4141
f 4149//4149 4141//4141 4152//4152
f 2386//2386 4142//4142 4143//4143
f 4142//4142 4144//4144 4143//4143
f 4143//4143 4144//4144 4145//4145
f 4023//4023 4145//4145 4144//4144
f 2390//2390 4140//4140 4146//4146
f 2390//2390 4146//4146 4147//4147
f 4146//4146 4140//4140 4141//4141
f 2391//2391 4147//4147 4148//4148
f 4146//4146 4150//4150 4147//4147
f 4148//4148 4147//4147 4150//4150
f 4149//4149 4157//4157 4150//4150
f 4146//4146 4141//4141 4149//4149
f 4146//4146 4149//4149 4150//4150
f 4148//4148 4150//4150 4151//4151
f 4151//4151 4150//4150 4157//4157
f 4145//4145 4154//4154 4152//4152
f 4154//4154 4153//4153 4152//4152
f 4156//4156 4152//4152 4153//4153
f 4154//4154 4155//4155 4153//4153
f 4155//4155 4187//4187 4153//4153
f 4156//4156 4153//4153 4188//4188
f 4153//4153 4187//4187 4188//4188
f 4023//4023 4154//4154 4145//4145
f 4149//4149 4152//4152 4156//4156
f 4149//4149 4156//4156 4157//4157
f 4151//4151 4157//4157 4159//4159
f 4151//4151 4159//4159 4173//4173
f 4156//4156 4158//4158 4157//4157
f 4156//4156 4188//4188 4158//4158
f 4157//4157 4158//4158 4159//4159
f 4158//4158 4193//4193 4159//4159
f 4159//4159 4193//4193 4176//4176
f 2404//2404 4160//4160 4162//4162
f 4148//4148 4163//4163 4160//4160
f 4160//4160 4163//4163 4162//4162
f 2409//2409 4161//4161 4170//4170
f 4161//4161 4162//4162 4165//4165
f 4170//4170 4161//4161 4165//4165
f 2404//2404 4162//4162 4161//4161
f 4162//4162 4163//4163 4164//4164
f 4151//4151 4173//4173 4163//4163
f 4163//4163 4173//4173 4164//4164
f 4170//4170 4165//4165 4171//4171
f 4164//4164 4174//4174 4165//4165
f 4171//4171 4165//4165 4174//4174
f 4162//4162 4164//4164 4165//4165
f 2407//2407 4166//4166 4167//4167
f 2409//2409 4170//4170 4166//4166
f 4166//4166 4170//4170 4169//4169
f 4167//4167 4166//4166 4169//4169
f 2407//2407 4167//4167 4081//4081
f 4081//4081 4167//4167 4084//4084
f 4167//4167 4169//4169 4168//4168
f 4170//4170 4171//4171 4169//4169
f 4169//4169 4171//4171 4178//4178
f 4168//4168 4169//4169 4178//4178
f 4167//4167 4168//4168 4084//4084
f 4168//4168 4093//4093 4084//4084
f 4172//4172 4200//4200 4180//4180
f 4164//4164 4173//4173 4175//4175
f 4171//4171 4174//4174 4172//4172
f 4164//4164 4175//4175 4174//4174
f 4175//4175 4204//4204 4177//4177
f 4159//4159 4176//4176 4173//4173
f 4173//4173 4176//4176 4175//4175
f 4175//4175 4176//4176 4204//4204
f 4174//4174 4175//4175 4177//4177
f 4172//4172 4174//4174 4177//4177
f 4172//4172 4177//4177 4200//4200
f 4168//4168 4179//4179 4093//4093
f 4168//4168 4178//4178 4179//4179
f 4171//4171 4172//4172 4178//4178
f 4093//4093 4179//4179 4094//4094
f 4094//4094 4179//4179 4206//4206
f 4179//4179 4180//4180 4206//4206
f 4172//4172 4180//4180 4178//4178
f 4179//4179 4178//4178 4180//4180
f 2391//2391 4148//4148 4160//4160
f 4148//4148 4151//4151 4163//4163
f 4176//4176 4193//4193 4181//4181
f 4182//4182 4194//4194 4199//4199
f 4181//4181 4194//4194 4182//4182
f 4181//4181 4182//4182 4205//4205
f 4182//4182 4199//4199 4185//4185
f 4182//4182 4184//4184 4205//4205
f 4182//4182 4185//4185 4184//4184
f 4183//4183 4185//4185 4199//4199
f 4183//4183 4467//4467 4185//4185
f 4185//4185 4467//4467 4186//4186
f 4184//4184 4185//4185 4186//4186
f 4215//4215 4184//4184 4186//4186
f 4215//4215 4186//4186 4461//4461
f 4046//4046 4187//4187 4155//4155
f 4046//4046 4189//4189 4187//4187
f 4188//4188 4187//4187 4191//4191
f 4188//4188 4191//4191 4192//4192
f 4191//4191 4187//4187 4189//4189
f 4191//4191 4189//4189 4195//4195
f 4191//4191 4190//4190 4192//4192
f 4191//4191 4195//4195 4190//4190
f 4158//4158 4188//4188 4192//4192
f 4158//4158 4192//4192 4193//4193
f 4192//4192 4194//4194 4193//4193
f 4181//4181 4193//4193 4194//4194
f 4190//4190 4194//4194 4192//4192
f 4190//4190 4199//4199 4194//4194
f 4195//4195 4197//4197 4196//4196
f 4052//4052 4195//4195 4189//4189
f 4052//4052 4197//4197 4195//4195
f 4190//4190 4195//4195 4196//4196
f 4190//4190 4196//4196 4199//4199
f 4196//4196 4183//4183 4199//4199
f 4196//4196 4197//4197 4198//4198
f 4198//4198 4197//4197 4334//4334
f 4196//4196 4198//4198 4183//4183
f 4180//4180 4200//4200 4201//4201
f 4201//4201 4200//4200 4202//4202
f 4201//4201 4210//4210 4207//4207
f 4207//4207 4210//4210 4209//4209
f 4201//4201 4202//4202 4210//4210
f 4177//4177 4204//4204 4203//4203
f 4204//4204 4205//4205 4203//4203
f 4176//4176 4181//4181 4204//4204
f 4181//4181 4205//4205 4204//4204
f 4200//4200 4177//4177 4203//4203
f 4200//4200 4203//4203 4202//4202
f 4202//4202 4203//4203 4214//4214
f 4214//4214 4203//4203 4205//4205
f 4094//4094 4206//4206 4123//4123
f 4123//4123 4206//4206 4207//4207
f 4201//4201 4207//4207 4206//4206
f 4180//4180 4201//4201 4206//4206
f 4123//4123 4207//4207 4128//4128
f 4128//4128 4207//4207 4209//4209
f 4202//4202 4214//4214 4208//4208
f 4128//4128 4209//4209 4129//4129
f 4209//4209 4210//4210 4213//4213
f 4202//4202 4208//4208 4210//4210
f 4213//4213 4210//4210 4208//4208
f 4212//4212 4213//4213 4479//4479
f 4208//4208 4215//4215 4211//4211
f 4213//4213 4208//4208 4211//4211
f 4211//4211 4215//4215 4461//4461
f 4213//4213 4211//4211 4479//4479
f 4209//4209 4213//4213 4212//4212
f 4129//4129 4209//4209 4212//4212
f 4214//4214 4205//4205 4184//4184
f 4214//4214 4184//4184 4215//4215
f 4208//4208 4214//4214 4215//4215
f 3980//3980 4258//4258 4229//4229
f 3981//3981 4217//4217 4216//4216
f 4216//4216 4218//4218 4219//4219
f 4216//4216 4217//4217 4218//4218
f 4218//4218 4221//4221 4219//4219
f 4217//4217 4227//4227 4218//4218
f 4218//4218 4227//4227 4228//4228
f 4218//4218 4228//4228 4221//4221
f 4219//4219 4221//4221 4220//4220
f 4220//4220 4221//4221 4224//4224
f 4221//4221 4231//4231 4224//4224
f 4221//4221 4228//4228 4231//4231
f 4220//4220 4224//4224 4222//4222
f 4222//4222 4224//4224 4225//4225
f 4222//4222 4225//4225 4223//4223
f 4223//4223 4226//4226 4237//4237
f 4223//4223 4225//4225 4226//4226
f 4231//4231 4232//4232 4224//4224
f 4224//4224 4232//4232 4225//4225
f 4225//4225 4232//4232 4233//4233
f 4225//4225 4233//4233 4226//4226
f 4226//4226 4233//4233 4248//4248
f 4227//4227 4229//4229 4228//4228
f 3980//3980 4229//4229 4227//4227
f 4229//4229 4230//4230 4228//4228
f 4228//4228 4230//4230 4231//4231
f 4229//4229 4258//4258 4268//4268
f 4229//4229 4268//4268 4230//4230
f 4230//4230 4268//4268 4269//4269
f 4230//4230 4269//4269 4234//4234
f 4230//4230 4234//4234 4231//4231
f 4234//4234 4269//4269 4272//4272
f 4231//4231 4234//4234 4232//4232
f 4234//4234 4235//4235 4232//4232
f 4232//4232 4235//4235 4233//4233
f 4233//4233 4236//4236 4248//4248
f 4233//4233 4235//4235 4236//4236
f 4234//4234 4272//4272 4235//4235
f 4235//4235 4272//4272 4275//4275
f 4235//4235 4275//4275 4236//4236
f 4236//4236 4275//4275 4281//4281
f 4237//4237 4240//4240 4238//4238
f 4237//4237 4226//4226 4240//4240
f 4240//4240 4241//4241 4238//4238
f 4238//4238 4241//4241 4239//4239
f 4239//4239 4241//4241 4245//4245
f 4226//4226 4248//4248 4240//4240
f 4240//4240 4249//4249 4241//4241
f 4240//4240 4248//4248 4249//4249
f 4241//4241 4250//4250 4245//4245
f 4241//4241 4249//4249 4250//4250
f 4239//4239 4245//4245 4242//4242
f 4242//4242 4246//4246 4244//4244
f 4245//4245 4246//4246 4242//4242
f 4244//4244 4247//4247 4243//4243
f 4244//4244 4246//4246 4247//4247
f 4245//4245 4253//4253 4246//4246
f 4245//4245 4250//4250 4253//4253
f 4246//4246 4253//4253 4254//4254
f 4247//4247 4254//4254 4362//4362
f 4246//4246 4254//4254 4247//4247
f 4248//4248 4251//4251 4249//4249
f 4248//4248 4236//4236 4251//4251
f 4251//4251 4252//4252 4249//4249
f 4249//4249 4252//4252 4250//4250
f 4250//4250 4252//4252 4255//4255
f 4251//4251 4281//4281 4282//4282
f 4236//4236 4281//4281 4251//4251
f 4251//4251 4282//4282 4252//4252
f 4252//4252 4282//4282 4283//4283
f 4252//4252 4283//4283 4255//4255
f 4257//4257 4286//4286 4376//4376
f 4250//4250 4255//4255 4253//4253
f 4255//4255 4256//4256 4253//4253
f 4254//4254 4257//4257 4362//4362
f 4254//4254 4256//4256 4257//4257
f 4253//4253 4256//4256 4254//4254
f 4255//4255 4283//4283 4290//4290
f 4255//4255 4290//4290 4256//4256
f 4256//4256 4286//4286 4257//4257
f 4256//4256 4290//4290 4286//4286
f 3984//3984 4260//4260 4258//4258
f 4258//4258 4260//4260 4268//4268
f 3984//3984 4259//4259 4260//4260
f 4259//4259 4263//4263 4260//4260
f 4260//4260 4263//4263 4270//4270
f 4263//4263 4264//4264 4270//4270
f 4259//4259 3985//3985 4261//4261
f 3986//3986 4386//4386 4262//4262
f 4261//4261 3986//3986 4262//4262
f 4261//4261 4262//4262 4265//4265
f 4262//4262 4435//4435 4265//4265
f 4259//4259 4261//4261 4263//4263
f 4261//4261 4265//4265 4263//4263
f 4263//4263 4265//4265 4264//4264
f 4264//4264 4266//4266 4276//4276
f 4264//4264 4265//4265 4266//4266
f 4265//4265 4435//4435 4266//4266
f 4266//4266 4435//4435 4441//4441
f 4266//4266 4267//4267 4276//4276
f 4266//4266 4441//4441 4267//4267
f 4267//4267 4441//4441 4442//4442
f 4267//4267 4442//4442 4278//4278
f 4260//4260 4270//4270 4268//4268
f 4268//4268 4270//4270 4269//4269
f 4269//4269 4270//4270 4271//4271
f 4264//4264 4271//4271 4270//4270
f 4264//4264 4276//4276 4271//4271
f 4269//4269 4271//4271 4272//4272
f 4271//4271 4273//4273 4272//4272
f 4272//4272 4273//4273 4275//4275
f 4273//4273 4274//4274 4275//4275
f 4271//4271 4276//4276 4273//4273
f 4273//4273 4276//4276 4277//4277
f 4273//4273 4277//4277 4274//4274
f 4275//4275 4274//4274 4281//4281
f 4267//4267 4277//4277 4276//4276
f 4267//4267 4278//4278 4277//4277
f 4277//4277 4278//4278 4291//4291
f 4274//4274 4277//4277 4291//4291
f 4278//4278 4446//4446 4294//4294
f 4294//4294 4447//4447 4295//4295
f 4295//4295 4448//4448 4298//4298
f 4297//4297 4280//4280 4372//4372
f 4279//4279 4280//4280 4297//4297
f 4279//4279 4298//4298 4456//4456
f 4280//4280 4457//4457 4482//4482
f 4279//4279 4456//4456 4457//4457
f 4279//4279 4457//4457 4280//4280
f 4274//4274 4291//4291 4284//4284
f 4284//4284 4292//4292 4285//4285
f 4287//4287 4285//4285 4293//4293
f 4274//4274 4284//4284 4281//4281
f 4284//4284 4285//4285 4282//4282
f 4281//4281 4284//4284 4282//4282
f 4282//4282 4285//4285 4283//4283
f 4287//4287 4283//4283 4285//4285
f 4287//4287 4289//4289 4290//4290
f 4286//4286 4290//4290 4289//4289
f 4286//4286 4288//4288 4376//4376
f 4286//4286 4289//4289 4288//4288
f 4287//4287 4296//4296 4289//4289
f 4297//4297 4372//4372 4288//4288
f 4289//4289 4296//4296 4297//4297
f 4289//4289 4297//4297 4288//4288
f 4287//4287 4290//4290 4283//4283
f 4291//4291 4294//4294 4292//4292
f 4284//4284 4291//4291 4292//4292
f 4292//4292 4295//4295 4293//4293
f 4285//4285 4292//4292 4293//4293
f 4291//4291 4278//4278 4294//4294
f 4294//4294 4295//4295 4292//4292
f 4293//4293 4295//4295 4298//4298
f 4293//4293 4298//4298 4296//4296
f 4279//4279 4296//4296 4298//4298
f 4287//4287 4293//4293 4296//4296
f 4279//4279 4297//4297 4296//4296
f 3376//3376 4301//4301 4300//4300
f 4301//4301 4303//4303 4300//4300
f 4300//4300 4303//4303 4302//4302
f 4302//4302 4303//4303 4306//4306
f 4035//4035 4304//4304 4305//4305
f 3376//3376 4300//4300 4304//4304
f 4304//4304 4300//4300 4305//4305
f 4036//4036 4305//4305 4309//4309
f 4305//4305 4300//4300 4302//4302
f 4305//4305 4302//4302 4309//4309
f 4302//4302 4307//4307 4309//4309
f 4310//4310 4307//4307 4329//4329
f 4302//4302 4306//4306 4307//4307
f 4307//4307 4308//4308 4329//4329
f 4306//4306 4308//4308 4307//4307
f 4309//4309 4307//4307 4310//4310
f 3382//3382 4311//4311 4301//4301
f 4311//4311 4303//4303 4301//4301
f 3382//3382 4313//4313 4311//4311
f 4311//4311 4315//4315 4312//4312
f 4311//4311 4312//4312 4303//4303
f 4312//4312 4306//4306 4303//4303
f 4311//4311 4313//4313 4315//4315
f 3385//3385 4314//4314 4313//4313
f 4314//4314 4315//4315 4313//4313
f 4312//4312 4315//4315 4318//4318
f 4316//4316 4318//4318 4315//4315
f 4314//4314 4316//4316 4315//4315
f 4312//4312 4318//4318 4317//4317
f 4312//4312 4317//4317 4306//4306
f 4317//4317 4318//4318 4319//4319
f 4317//4317 4319//4319 4336//4336
f 4317//4317 4308//4308 4306//4306
f 4317//4317 4336//4336 4308//4308
f 4316//4316 4299//4299 4318//4318
f 4299//4299 4319//4319 4318//4318
f 4299//4299 4320//4320 4319//4319
f 4320//4320 4322//4322 4338//4338
f 4321//4321 4338//4338 4322//4322
f 4321//4321 4322//4322 4326//4326
f 4323//4323 4339//4339 4325//4325
f 4321//4321 4325//4325 4339//4339
f 4324//4324 4323//4323 4325//4325
f 4375//4375 4327//4327 4326//4326
f 4321//4321 4326//4326 4325//4325
f 4326//4326 4327//4327 4325//4325
f 4324//4324 4327//4327 4474//4474
f 4370//4370 4474//4474 4327//4327
f 4324//4324 4325//4325 4327//4327
f 4310//4310 4329//4329 4328//4328
f 4328//4328 4329//4329 4330//4330
f 4053//4053 4328//4328 4330//4330
f 4308//4308 4331//4331 4329//4329
f 4331//4331 4330//4330 4329//4329
f 4308//4308 4336//4336 4331//4331
f 4331//4331 4337//4337 4332//4332
f 4331//4331 4332//4332 4330//4330
f 4053//4053 4330//4330 4333//4333
f 4333//4333 4335//4335 4334//4334
f 4334//4334 4335//4335 4478//4478
f 4054//4054 4333//4333 4334//4334
f 4332//4332 4335//4335 4333//4333
f 4332//4332 4339//4339 4335//4335
f 4332//4332 4333//4333 4330//4330
f 4335//4335 4323//4323 4478//4478
f 4335//4335 4339//4339 4323//4323
f 4331//4331 4336//4336 4337//4337
f 4336//4336 4338//4338 4337//4337
f 4332//4332 4337//4337 4339//4339
f 4321//4321 4337//4337 4338//4338
f 4321//4321 4339//4339 4337//4337
f 4319//4319 4338//4338 4336//4336
f 4319//4319 4320//4320 4338//4338
f 4314//4314 4340//4340 4341//4341
f 3412//3412 4343//4343 4340//4340
f 4340//4340 4343//4343 4341//4341
f 4316//4316 4341//4341 4346//4346
f 4341//4341 4343//4343 4345//4345
f 4341//4341 4345//4345 4346//4346
f 4342//4342 4344//4344 4343//4343
f 4357//4357 4344//4344 4342//4342
f 3412//3412 4342//4342 4343//4343
f 4343//4343 4344//4344 4345//4345
f 4349//4349 4344//4344 4353//4353
f 4349//4349 4345//4345 4344//4344
f 4351//4351 4361//4361 4363//4363
f 4316//4316 4346//4346 4299//4299
f 4299//4299 4346//4346 4347//4347
f 4346//4346 4348//4348 4347//4347
f 4347//4347 4350//4350 4366//4366
f 4299//4299 4347//4347 4320//4320
f 4320//4320 4347//4347 4366//4366
f 4349//4349 4348//4348 4345//4345
f 4349//4349 4351//4351 4348//4348
f 4345//4345 4348//4348 4346//4346
f 4351//4351 4350//4350 4348//4348
f 4347//4347 4348//4348 4350//4350
f 4351//4351 4363//4363 4350//4350
f 4355//4355 4356//4356 4354//4354
f 4352//4352 4353//4353 4357//4357
f 4355//4355 4354//4354 4352//4352
f 4352//4352 4354//4354 4353//4353
f 4356//4356 4358//4358 4354//4354
f 4354//4354 4359//4359 4353//4353
f 4349//4349 4353//4353 4359//4359
f 4354//4354 4358//4358 4359//4359
f 4243//4243 4356//4356 4355//4355
f 4247//4247 4356//4356 4243//4243
f 4247//4247 4362//4362 4356//4356
f 4356//4356 4362//4362 4358//4358
f 4357//4357 4353//4353 4344//4344
f 4358//4358 4362//4362 4360//4360
f 4358//4358 4360//4360 4361//4361
f 4358//4358 4361//4361 4359//4359
f 4349//4349 4359//4359 4351//4351
f 4351//4351 4359//4359 4361//4361
f 4360//4360 4377//4377 4361//4361
f 4360//4360 4257//4257 4376//4376
f 4360//4360 4376//4376 4377//4377
f 4361//4361 4377//4377 4363//4363
f 4360//4360 4362//4362 4257//4257
f 3385//3385 4340//4340 4314//4314
f 4314//4314 4341//4341 4316//4316
f 4363//4363 4377//4377 4365//4365
f 4363//4363 4365//4365 4368//4368
f 4372//4372 4373//4373 4378//4378
f 4368//4368 4365//4365 4364//4364
f 4365//4365 4373//4373 4364//4364
f 4365//4365 4378//4378 4373//4373
f 4368//4368 4367//4367 4366//4366
f 4320//4320 4366//4366 4322//4322
f 4368//4368 4364//4364 4367//4367
f 4364//4364 4375//4375 4367//4367
f 4322//4322 4366//4366 4367//4367
f 4322//4322 4367//4367 4326//4326
f 4363//4363 4368//4368 4350//4350
f 4368//4368 4366//4366 4350//4350
f 4369//4369 4370//4370 4375//4375
f 4364//4364 4369//4369 4375//4375
f 4374//4374 4482//4482 4371//4371
f 4371//4371 4470//4470 4370//4370
f 4374//4374 4371//4371 4369//4369
f 4369//4369 4371//4371 4370//4370
f 4372//4372 4374//4374 4373//4373
f 4372//4372 4280//4280 4374//4374
f 4364//4364 4373//4373 4369//4369
f 4374//4374 4369//4369 4373//4373
f 4280//4280 4482//4482 4374//4374
f 4375//4375 4326//4326 4367//4367
f 4375//4375 4370//4370 4327//4327
f 4376//4376 4288//4288 4378//4378
f 4376//4376 4378//4378 4377//4377
f 4365//4365 4377//4377 4378//4378
f 4372//4372 4378//4378 4288//4288
f 4111//4111 4380//4380 4379//4379
f 4379//4379 4380//4380 4381//4381
f 3993//3993 4381//4381 4389//4389
f 4381//4381 4382//4382 4389//4389
f 4380//4380 4382//4382 4381//4381
f 4380//4380 4383//4383 4382//4382
f 4383//4383 4391//4391 4382//4382
f 4383//4383 4384//4384 4391//4391
f 3993//3993 4389//4389 4385//4385
f 4385//4385 4389//4389 4387//4387
f 4385//4385 4386//4386 3995//3995
f 4385//4385 4387//4387 4386//4386
f 4386//4386 4387//4387 4434//4434
f 4387//4387 4390//4390 4388//4388
f 4387//4387 4388//4388 4434//4434
f 4388//4388 4395//4395 4437//4437
f 4382//4382 4390//4390 4389//4389
f 4387//4387 4389//4389 4390//4390
f 4382//4382 4391//4391 4390//4390
f 4390//4390 4391//4391 4395//4395
f 4388//4388 4390//4390 4395//4395
f 4384//4384 4393//4393 4391//4391
f 4384//4384 4392//4392 4393//4393
f 4391//4391 4393//4393 4395//4395
f 4393//4393 4392//4392 4398//4398
f 4398//4398 4394//4394 4404//4404
f 4392//4392 4394//4394 4398//4398
f 4395//4395 4393//4393 4396//4396
f 4393//4393 4398//4398 4396//4396
f 4395//4395 4396//4396 4437//4437
f 4396//4396 4397//4397 4439//4439
f 4396//4396 4398//4398 4397//4397
f 4398//4398 4404//4404 4397//4397
f 4471//4471 4454//4454 4411//4411
f 4394//4394 4400//4400 4404//4404
f 4400//4400 4401//4401 4405//4405
f 4401//4401 4407//4407 4406//4406
f 4397//4397 4404//4404 4402//4402
f 4402//4402 4405//4405 4403//4403
f 4403//4403 4406//4406 4410//4410
f 4402//4402 4404//4404 4405//4405
f 4400//4400 4405//4405 4404//4404
f 4403//4403 4405//4405 4406//4406
f 4401//4401 4406//4406 4405//4405
f 4407//4407 4413//4413 4406//4406
f 4407//4407 4408//4408 4413//4413
f 4409//4409 4399//4399 4477//4477
f 4408//4408 4399//4399 4409//4409
f 4408//4408 4409//4409 4413//4413
f 4409//4409 4477//4477 4411//4411
f 4410//4410 4412//4412 4452//4452
f 4410//4410 4413//4413 4412//4412
f 4409//4409 4412//4412 4413//4413
f 4409//4409 4411//4411 4412//4412
f 4412//4412 4411//4411 4454//4454
f 4410//4410 4406//4406 4413//4413
f 4111//4111 4414//4414 4380//4380
f 4113//4113 4415//4415 4414//4414
f 4380//4380 4414//4414 4383//4383
f 4383//4383 4414//4414 4415//4415
f 4113//4113 4416//4416 4415//4415
f 4383//4383 4415//4415 4384//4384
f 4415//4415 4416//4416 4419//4419
f 4416//4416 4417//4417 4419//4419
f 4116//4116 4418//4418 4417//4417
f 4116//4116 4421//4421 4418//4418
f 4417//4417 4418//4418 4420//4420
f 4384//4384 4415//4415 4419//4419
f 4384//4384 4419//4419 4392//4392
f 4392//4392 4419//4419 4420//4420
f 4417//4417 4420//4420 4419//4419
f 4420//4420 4418//4418 4424//4424
f 4394//4394 4420//4420 4424//4424
f 4392//4392 4420//4420 4394//4394
f 4421//4421 4427//4427 4418//4418
f 4421//4421 4422//4422 4427//4427
f 4427//4427 4422//4422 4428//4428
f 4422//4422 4423//4423 4428//4428
f 4423//4423 4430//4430 4428//4428
f 4418//4418 4427//4427 4424//4424
f 4427//4427 4428//4428 4425//4425
f 4424//4424 4427//4427 4425//4425
f 4430//4430 4426//4426 4428//4428
f 4425//4425 4428//4428 4426//4426
f 4431//4431 4480//4480 4433//4433
f 4130//4130 4429//4429 4430//4430
f 4130//4130 4430//4430 4423//4423
f 4430//4430 4429//4429 4432//4432
f 4212//4212 4480//4480 4431//4431
f 4429//4429 4431//4431 4433//4433
f 4430//4430 4432//4432 4426//4426
f 4429//4429 4433//4433 4432//4432
f 4407//4407 4426//4426 4432//4432
f 4408//4408 4432//4432 4433//4433
f 4399//4399 4433//4433 4480//4480
f 4408//4408 4433//4433 4399//4399
f 4394//4394 4424//4424 4400//4400
f 4400//4400 4424//4424 4425//4425
f 4400//4400 4425//4425 4401//4401
f 4401//4401 4425//4425 4426//4426
f 4401//4401 4426//4426 4407//4407
f 4407//4407 4432//4432 4408//4408
f 4262//4262 4386//4386 4434//4434
f 4262//4262 4434//4434 4435//4435
f 4435//4435 4436//4436 4441//4441
f 4434//4434 4436//4436 4435//4435
f 4388//4388 4436//4436 4434//4434
f 4388//4388 4437//4437 4436//4436
f 4436//4436 4438//4438 4441//4441
f 4437//4437 4439//4439 4438//4438
f 4436//4436 4437//4437 4438//4438
f 4438//4438 4439//4439 4440//4440
f 4439//4439 4443//4443 4440//4440
f 4438//4438 4442//4442 4441//4441
f 4438//4438 4440//4440 4442//4442
f 4442//4442 4440//4440 4446//4446
f 4278//4278 4442//4442 4446//4446
f 4396//4396 4439//4439 4437//4437
f 4397//4397 4443//4443 4439//4439
f 4443//4443 4449//4449 4440//4440
f 4449//4449 4444//4444 4450//4450
f 4443//4443 4444//4444 4449//4449
f 4445//4445 4453//4453 4450//4450
f 4444//4444 4445//4445 4450//4450
f 4440//4440 4449//4449 4446//4446
f 4446//4446 4449//4449 4447//4447
f 4449//4449 4450//4450 4447//4447
f 4294//4294 4446//4446 4447//4447
f 4447//4447 4450//4450 4448//4448
f 4453//4453 4448//4448 4450//4450
f 4295//4295 4447//4447 4448//4448
f 4457//4457 4451//4451 4482//4482
f 4455//4455 4451//4451 4457//4457
f 4453//4453 4452//4452 4455//4455
f 4445//4445 4452//4452 4453//4453
f 4471//4471 4451//4451 4454//4454
f 4452//4452 4454//4454 4455//4455
f 4454//4454 4451//4451 4455//4455
f 4453//4453 4456//4456 4448//4448
f 4453//4453 4455//4455 4456//4456
f 4298//4298 4448//4448 4456//4456
f 4455//4455 4457//4457 4456//4456
f 4397//4397 4402//4402 4443//4443
f 4402//4402 4403//4403 4444//4444
f 4402//4402 4444//4444 4443//4443
f 4403//4403 4445//4445 4444//4444
f 4403//4403 4410//4410 4445//4445
f 4410//4410 4452//4452 4445//4445
f 4412//4412 4454//4454 4452//4452
f 4198//4198 4458//4458 4183//4183
f 4183//4183 4458//4458 4467//4467
f 4458//4458 4460//4460 4467//4467
f 4458//4458 4478//4478 4459//4459
f 4323//4323 4459//4459 4478//4478
f 4459//4459 4473//4473 4460//4460
f 4468//4468 4460//4460 4473//4473
f 4458//4458 4459//4459 4460//4460
f 4211//4211 4461//4461 4462//4462
f 4462//4462 4461//4461 4465//4465
f 4468//4468 4476//4476 4465//4465
f 4464//4464 4465//4465 4476//4476
f 4463//4463 4462//4462 4464//4464
f 4463//4463 4464//4464 4477//4477
f 4399//4399 4463//4463 4477//4477
f 4464//4464 4462//4462 4465//4465
f 4186//4186 4467//4467 4466//4466
f 4466//4466 4467//4467 4460//4460
f 4186//4186 4466//4466 4461//4461
f 4466//4466 4465//4465 4461//4461
f 4466//4466 4460//4460 4468//4468
f 4466//4466 4468//4468 4465//4465
f 4468//4468 4469//4469 4476//4476
f 4472//4472 4476//4476 4469//4469
f 4469//4469 4474//4474 4470//4470
f 4370//4370 4470//4470 4474//4474
f 4471//4471 4475//4475 4472//4472
f 4471//4471 4472//4472 4481//4481
f 4472//4472 4469//4469 4470//4470
f 4472//4472 4470//4470 4481//4481
f 4324//4324 4474//4474 4473//4473
f 4469//4469 4473//4473 4474//4474
f 4324//4324 4459//4459 4323//4323
f 4324//4324 4473//4473 4459//4459
f 4468//4468 4473//4473 4469//4469
f 4464//4464 4476//4476 4475//4475
f 4464//4464 4475//4475 4477//4477
f 4475//4475 4411//4411 4477//4477
f 4472//4472 4475//4475 4476//4476
f 4471//4471 4411//4411 4475//4475
f 4198//4198 4334//4334 4478//4478
f 4198//4198 4478//4478 4458//4458
f 4212//4212 4479//4479 4480//4480
f 4463//4463 4480//4480 4479//4479
f 4463//4463 4479//4479 4462//4462
f 4211//4211 4462//4462 4479//4479
f 4399//4399 4480//4480 4463//4463
f 4371//4371 4482//4482 4481//4481
f 4482//4482 4451//4451 4481//4481
f 4371//4371 4481//4481 4470//4470
f 4471//4471 4481//4481 4451//4451
f 118//118 1315//1315 1248//1248
f 118//118 1248//1248 149//149
f 118//118 149//149 115//115
f 117//117 116//116 115//115
f 117//117 178//178 116//116
f 119//119 178//178 117//117
f 118//118 115//115 116//116
f 123//123 142//142 120//120
f 128//128 280//280 281//281
f 123//123 1255//1255 122//122
f 124//124 141//141 142//142
f 125//125 141//141 124//124
f 123//123 120//120 1255//1255
f 124//124 142//142 123//123
f 126//126 124//124 121//121
f 125//125 124//124 126//126
f 123//123 122//122 121//121
f 124//124 123//123 121//121
f 132//132 125//125 126//126
f 132//132 162//162 125//125
f 131//131 162//162 132//132
f 122//122 1260//1260 128//128
f 126//126 121//121 127//127
f 121//121 122//122 128//128
f 127//127 121//121 128//128
f 126//126 127//127 129//129
f 132//132 129//129 130//130
f 133//133 130//130 290//290
f 129//129 127//127 291//291
f 127//127 128//128 281//281
f 128//128 1260//1260 280//280
f 127//127 281//281 291//291
f 129//129 292//292 130//130
f 131//131 133//133 167//167
f 132//132 126//126 129//129
f 131//131 132//132 130//130
f 131//131 130//130 133//133
f 167//167 133//133 294//294
f 134//134 135//135 136//136
f 139//139 136//136 135//135
f 134//134 1268//1268 135//135
f 148//148 136//136 137//137
f 148//148 134//134 136//136
f 153//153 137//137 145//145
f 138//138 139//139 142//142
f 139//139 1273//1273 120//120
f 139//139 135//135 1273//1273
f 138//138 136//136 139//139
f 138//138 142//142 141//141
f 139//139 120//120 142//142
f 145//145 138//138 141//141
f 143//143 145//145 141//141
f 146//146 143//143 140//140
f 146//146 144//144 151//151
f 138//138 137//137 136//136
f 145//145 137//137 138//138
f 146//146 153//153 145//145
f 146//146 151//151 153//153
f 146//146 140//140 144//144
f 147//147 144//144 140//140
f 147//147 157//157 144//144
f 147//147 165//165 157//157
f 146//146 145//145 143//143
f 115//115 149//149 134//134
f 148//148 115//115 134//134
f 150//150 148//148 137//137
f 149//149 1268//1268 134//134
f 117//117 148//148 150//150
f 117//117 115//115 148//148
f 155//155 150//150 153//153
f 154//154 155//155 151//151
f 154//154 151//151 152//152
f 150//150 137//137 153//153
f 155//155 153//153 151//151
f 154//154 156//156 226//226
f 119//119 117//117 150//150
f 155//155 119//119 150//150
f 155//155 181//181 119//119
f 154//154 181//181 155//155
f 154//154 152//152 156//156
f 159//159 156//156 152//152
f 159//159 227//227 156//156
f 152//152 151//151 144//144
f 157//157 152//152 144//144
f 159//159 152//152 157//157
f 159//159 157//157 158//158
f 157//157 165//165 158//158
f 160//160 159//159 158//158
f 160//160 227//227 159//159
f 161//161 160//160 158//158
f 147//147 140//140 163//163
f 140//140 162//162 163//163
f 147//147 163//163 164//164
f 143//143 141//141 125//125
f 143//143 125//125 162//162
f 140//140 143//143 162//162
f 131//131 163//163 162//162
f 131//131 167//167 163//163
f 164//164 163//163 167//167
f 147//147 164//164 165//165
f 166//166 165//165 164//164
f 166//166 170//170 165//165
f 166//166 175//175 170//170
f 166//166 164//164 168//168
f 164//164 167//167 168//168
f 168//168 167//167 294//294
f 168//168 294//294 331//331
f 168//168 331//331 169//169
f 166//166 168//168 169//169
f 166//166 169//169 175//175
f 175//175 169//169 334//334
f 171//171 173//173 243//243
f 170//170 158//158 165//165
f 161//161 158//158 170//170
f 171//171 170//170 175//175
f 161//161 170//170 171//171
f 161//161 171//171 243//243
f 172//172 334//334 337//337
f 172//172 337//337 174//174
f 172//172 173//173 171//171
f 172//172 174//174 173//173
f 246//246 173//173 174//174
f 172//172 171//171 175//175
f 172//172 175//175 334//334
f 179//179 176//176 1312//1312
f 180//180 177//177 176//176
f 183//183 187//187 177//177
f 176//176 1325//1325 1312//1312
f 180//180 179//179 116//116
f 118//118 179//179 1315//1315
f 118//118 116//116 179//179
f 180//180 116//116 178//178
f 183//183 180//180 178//178
f 179//179 1312//1312 1315//1315
f 182//182 183//183 178//178
f 226//226 185//185 181//181
f 119//119 182//182 178//178
f 119//119 181//181 182//182
f 185//185 182//182 181//181
f 180//180 176//176 179//179
f 183//183 177//177 180//180
f 184//184 182//182 185//185
f 184//184 183//183 182//182
f 184//184 187//187 183//183
f 194//194 184//184 185//185
f 186//186 185//185 226//226
f 186//186 226//226 228//228
f 194//194 185//185 186//186
f 186//186 228//228 196//196
f 177//177 188//188 176//176
f 176//176 188//188 1325//1325
f 189//189 188//188 177//177
f 189//189 177//177 187//187
f 184//184 190//190 187//187
f 192//192 189//189 187//187
f 188//188 1330//1330 1325//1325
f 190//190 192//192 187//187
f 189//189 191//191 188//188
f 188//188 191//191 1330//1330
f 192//192 203//203 189//189
f 192//192 202//202 203//203
f 191//191 1344//1344 1330//1330
f 189//189 203//203 191//191
f 197//197 198//198 206//206
f 190//190 193//193 192//192
f 197//197 193//193 190//190
f 193//193 202//202 192//192
f 197//197 206//206 193//193
f 194//194 186//186 195//195
f 194//194 195//195 197//197
f 194//194 190//190 184//184
f 194//194 197//197 190//190
f 186//186 196//196 195//195
f 196//196 199//199 195//195
f 196//196 234//234 199//199
f 197//197 195//195 198//198
f 199//199 198//198 195//195
f 199//199 211//211 198//198
f 200//200 199//199 234//234
f 200//200 211//211 199//199
f 209//209 1341//1341 1351//1351
f 209//209 201//201 1341//1341
f 201//201 1343//1343 1341//1341
f 201//201 220//220 528//528
f 201//201 528//528 1343//1343
f 203//203 204//204 191//191
f 191//191 204//204 1344//1344
f 203//203 207//207 204//204
f 204//204 1351//1351 1344//1344
f 205//205 208//208 202//202
f 202//202 207//207 203//203
f 198//198 212//212 206//206
f 212//212 210//210 206//206
f 205//205 202//202 193//193
f 205//205 193//193 206//206
f 205//205 206//206 210//210
f 207//207 209//209 204//204
f 204//204 209//209 1351//1351
f 202//202 208//208 207//207
f 207//207 215//215 209//209
f 207//207 208//208 215//215
f 205//205 216//216 208//208
f 212//212 218//218 210//210
f 205//205 210//210 216//216
f 198//198 211//211 212//212
f 212//212 211//211 213//213
f 200//200 214//214 211//211
f 200//200 256//256 214//214
f 212//212 213//213 218//218
f 214//214 213//213 211//211
f 214//214 224//224 213//213
f 214//214 258//258 224//224
f 208//208 217//217 215//215
f 215//215 201//201 209//209
f 216//216 217//217 208//208
f 215//215 220//220 201//201
f 217//217 220//220 215//215
f 216//216 221//221 217//217
f 219//219 221//221 216//216
f 218//218 219//219 210//210
f 218//218 222//222 219//219
f 219//219 216//216 210//210
f 217//217 529//529 220//220
f 217//217 221//221 529//529
f 219//219 222//222 532//532
f 219//219 532//532 221//221
f 213//213 223//223 218//218
f 224//224 223//223 213//213
f 223//223 222//222 218//218
f 264//264 224//224 258//258
f 224//224 225//225 223//223
f 264//264 225//225 224//224
f 223//223 539//539 222//222
f 223//223 225//225 539//539
f 264//264 591//591 225//225
f 154//154 226//226 181//181
f 227//227 228//228 156//156
f 156//156 228//228 226//226
f 227//227 229//229 228//228
f 229//229 196//196 228//228
f 230//230 229//229 227//227
f 235//235 229//229 230//230
f 235//235 230//230 233//233
f 231//231 239//239 233//233
f 231//231 245//245 239//239
f 160//160 230//230 227//227
f 160//160 232//232 230//230
f 161//161 232//232 160//160
f 161//161 243//243 232//232
f 231//231 232//232 243//243
f 230//230 232//232 233//233
f 231//231 233//233 232//232
f 229//229 234//234 196//196
f 235//235 234//234 229//229
f 235//235 237//237 234//234
f 235//235 233//233 236//236
f 235//235 236//236 237//237
f 237//237 200//200 234//234
f 237//237 256//256 200//200
f 237//237 238//238 256//256
f 237//237 236//236 238//238
f 238//238 236//236 241//241
f 241//241 236//236 239//239
f 240//240 239//239 245//245
f 241//241 239//239 240//240
f 238//238 241//241 259//259
f 241//241 242//242 259//259
f 241//241 240//240 242//242
f 239//239 236//236 233//233
f 231//231 243//243 244//244
f 244//244 243//243 173//173
f 231//231 244//244 245//245
f 244//244 247//247 245//245
f 247//247 249//249 245//245
f 244//244 173//173 246//246
f 244//244 246//246 247//247
f 246//246 174//174 430//430
f 246//246 430//430 248//248
f 246//246 248//248 247//247
f 251//251 247//247 248//248
f 251//251 248//248 432//432
f 240//240 245//245 249//249
f 240//240 249//249 250//250
f 240//240 250//250 242//242
f 250//250 269//269 242//242
f 253//253 250//250 249//249
f 253//253 270//270 250//250
f 251//251 249//249 247//247
f 251//251 253//253 249//249
f 251//251 432//432 252//252
f 251//251 252//252 253//253
f 253//253 254//254 270//270
f 253//253 252//252 254//254
f 238//238 259//259 257//257
f 257//257 259//259 255//255
f 257//257 255//255 263//263
f 256//256 238//238 257//257
f 256//256 257//257 258//258
f 214//214 256//256 258//258
f 257//257 263//263 258//258
f 260//260 259//259 242//242
f 260//260 255//255 259//259
f 260//260 242//242 269//269
f 260//260 266//266 255//255
f 260//260 269//269 261//261
f 260//260 261//261 266//266
f 263//263 255//255 262//262
f 263//263 262//262 265//265
f 262//262 589//589 265//265
f 264//264 258//258 263//263
f 264//264 263//263 265//265
f 264//264 265//265 591//591
f 266//266 262//262 255//255
f 266//266 268//268 262//262
f 266//266 261//261 267//267
f 266//266 267//267 268//268
f 262//262 268//268 589//589
f 267//267 596//596 268//268
f 267//267 277//277 596//596
f 270//270 269//269 250//250
f 270//270 271//271 269//269
f 270//270 272//272 271//271
f 271//271 261//261 269//269
f 271//271 275//275 261//261
f 271//271 273//273 275//275
f 270//270 254//254 272//272
f 254//254 449//449 272//272
f 272//272 449//449 274//274
f 271//271 272//272 273//273
f 272//272 274//274 273//273
f 273//273 274//274 278//278
f 275//275 267//267 261//261
f 275//275 277//277 267//267
f 276//276 275//275 273//273
f 276//276 277//277 275//275
f 276//276 606//606 277//277
f 276//276 273//273 278//278
f 276//276 278//278 279//279
f 278//278 274//274 454//454
f 278//278 454//454 455//455
f 276//276 279//279 606//606
f 606//606 279//279 608//608
f 278//278 455//455 279//279
f 279//279 455//455 608//608
f 282//282 291//291 281//281
f 281//281 280//280 283//283
f 280//280 1426//1426 283//283
f 284//284 291//291 282//282
f 292//292 291//291 284//284
f 282//282 281//281 283//283
f 292//292 284//284 293//293
f 287//287 289//289 303//303
f 289//289 285//285 305//305
f 284//284 282//282 287//287
f 283//283 1426//1426 285//285
f 282//282 283//283 289//289
f 282//282 289//289 287//287
f 288//288 284//284 287//287
f 283//283 285//285 289//289
f 293//293 284//284 288//288
f 293//293 288//288 286//286
f 299//299 286//286 306//306
f 288//288 287//287 304//304
f 286//286 288//288 307//307
f 129//129 291//291 292//292
f 290//290 130//130 292//292
f 297//297 290//290 293//293
f 297//297 295//295 290//290
f 297//297 298//298 295//295
f 290//290 292//292 293//293
f 133//133 290//290 295//295
f 294//294 133//133 295//295
f 294//294 295//295 296//296
f 331//331 294//294 296//296
f 296//296 295//295 298//298
f 331//331 296//296 332//332
f 297//297 293//293 286//286
f 297//297 286//286 299//299
f 297//297 299//299 298//298
f 301//301 298//298 300//300
f 298//298 299//299 300//300
f 301//301 296//296 298//298
f 301//301 332//332 296//296
f 301//301 302//302 332//332
f 301//301 300//300 322//322
f 301//301 322//322 302//302
f 287//287 303//303 304//304
f 285//285 1448//1448 305//305
f 303//303 289//289 305//305
f 305//305 1448//1448 309//309
f 305//305 309//309 308//308
f 304//304 303//303 310//310
f 303//303 305//305 308//308
f 303//303 308//308 310//310
f 304//304 310//310 311//311
f 286//286 307//307 306//306
f 288//288 304//304 307//307
f 306//306 307//307 316//316
f 306//306 316//316 317//317
f 320//320 306//306 317//317
f 320//320 317//317 326//326
f 307//307 304//304 311//311
f 307//307 311//311 316//316
f 308//308 309//309 312//312
f 310//310 308//308 313//313
f 311//311 310//310 314//314
f 316//316 311//311 315//315
f 310//310 313//313 314//314
f 309//309 1458//1458 312//312
f 313//313 308//308 312//312
f 311//311 314//314 315//315
f 317//317 316//316 318//318
f 317//317 319//319 326//326
f 316//316 315//315 318//318
f 317//317 318//318 319//319
f 319//319 328//328 326//326
f 299//299 306//306 320//320
f 299//299 320//320 300//300
f 321//321 300//300 320//320
f 322//322 300//300 321//321
f 321//321 320//320 326//326
f 322//322 324//324 302//302
f 322//322 321//321 323//323
f 322//322 323//323 324//324
f 324//324 323//323 325//325
f 329//329 369//369 325//325
f 321//321 326//326 327//327
f 323//323 321//321 327//327
f 327//327 326//326 328//328
f 327//327 328//328 371//371
f 329//329 327//327 371//371
f 323//323 327//327 329//329
f 323//323 329//329 325//325
f 330//330 337//337 334//334
f 331//331 333//333 169//169
f 331//331 332//332 333//333
f 333//333 332//332 336//336
f 330//330 333//333 336//336
f 334//334 169//169 333//333
f 330//330 334//334 333//333
f 335//335 336//336 344//344
f 330//330 336//336 335//335
f 330//330 335//335 339//339
f 335//335 344//344 346//346
f 335//335 340//340 339//339
f 335//335 346//346 340//340
f 332//332 302//302 336//336
f 344//344 336//336 302//302
f 330//330 339//339 337//337
f 337//337 339//339 338//338
f 174//174 337//337 338//338
f 174//174 338//338 430//430
f 338//338 342//342 430//430
f 341//341 338//338 339//339
f 341//341 339//339 340//340
f 341//341 340//340 350//350
f 341//341 342//342 338//338
f 341//341 343//343 342//342
f 341//341 350//350 343//343
f 344//344 324//324 345//345
f 346//346 344//344 345//345
f 324//324 325//325 345//345
f 346//346 351//351 340//340
f 346//346 345//345 348//348
f 346//346 348//348 351//351
f 344//344 302//302 324//324
f 345//345 325//325 347//347
f 348//348 345//345 347//347
f 347//347 325//325 369//369
f 351//351 348//348 349//349
f 348//348 347//347 409//409
f 349//349 348//348 409//409
f 350//350 340//340 351//351
f 350//350 351//351 353//353
f 343//343 350//350 352//352
f 343//343 352//352 441//441
f 350//350 353//353 352//352
f 351//351 349//349 353//353
f 353//353 349//349 415//415
f 353//353 415//415 354//354
f 352//352 353//353 354//354
f 352//352 354//354 443//443
f 318//318 315//315 355//355
f 314//314 313//313 356//356
f 313//313 312//312 357//357
f 312//312 1458//1458 358//358
f 314//314 356//356 359//359
f 313//313 357//357 356//356
f 312//312 358//358 357//357
f 315//315 314//314 359//359
f 315//315 359//359 355//355
f 360//360 355//355 362//362
f 359//359 356//356 363//363
f 356//356 357//357 364//364
f 357//357 358//358 365//365
f 355//355 359//359 366//366
f 319//319 318//318 360//360
f 318//318 355//355 360//360
f 319//319 360//360 361//361
f 319//319 361//361 328//328
f 372//372 328//328 361//361
f 361//361 360//360 367//367
f 372//372 361//361 368//368
f 359//359 363//363 366//366
f 356//356 364//364 363//363
f 357//357 365//365 364//364
f 358//358 1509//1509 365//365
f 355//355 366//366 362//362
f 388//388 362//362 379//379
f 366//366 363//363 383//383
f 363//363 364//364 380//380
f 364//364 365//365 381//381
f 365//365 1509//1509 382//382
f 363//363 380//380 383//383
f 364//364 381//381 380//380
f 365//365 382//382 381//381
f 362//362 366//366 379//379
f 366//366 383//383 379//379
f 360//360 362//362 367//367
f 361//361 367//367 368//368
f 367//367 362//362 388//388
f 367//367 388//388 389//389
f 368//368 367//367 389//389
f 399//399 368//368 389//389
f 374//374 370//370 369//369
f 374//374 378//378 370//370
f 371//371 328//328 372//372
f 371//371 372//372 373//373
f 374//374 371//371 373//373
f 329//329 371//371 374//374
f 329//329 374//374 369//369
f 374//374 373//373 378//378
f 370//370 378//378 375//375
f 378//378 402//402 375//375
f 372//372 368//368 376//376
f 372//372 376//376 373//373
f 373//373 376//376 377//377
f 373//373 377//377 378//378
f 376//376 368//368 399//399
f 377//377 376//376 399//399
f 377//377 402//402 378//378
f 383//383 380//380 386//386
f 380//380 381//381 385//385
f 381//381 382//382 384//384
f 379//379 383//383 387//387
f 379//379 387//387 390//390
f 380//380 385//385 386//386
f 381//381 384//384 385//385
f 382//382 1532//1532 384//384
f 387//387 383//383 386//386
f 388//388 379//379 390//390
f 389//389 388//388 391//391
f 399//399 389//389 400//400
f 388//388 390//390 391//391
f 389//389 391//391 400//400
f 386//386 385//385 394//394
f 384//384 1532//1532 393//393
f 385//385 384//384 392//392
f 384//384 393//393 392//392
f 385//385 392//392 394//394
f 387//387 386//386 395//395
f 395//395 386//386 394//394
f 387//387 395//395 396//396
f 392//392 393//393 2470//2470
f 394//394 392//392 2468//2468
f 395//395 394//394 2469//2469
f 390//390 387//387 396//396
f 391//391 390//390 397//397
f 397//397 390//390 396//396
f 391//391 405//405 400//400
f 391//391 397//397 405//405
f 397//397 396//396 2471//2471
f 397//397 2480//2480 405//405
f 396//396 395//395 2472//2472
f 402//402 398//398 375//375
f 377//377 399//399 401//401
f 377//377 401//401 402//402
f 399//399 400//400 401//401
f 402//402 401//401 406//406
f 402//402 406//406 398//398
f 406//406 403//403 398//398
f 401//401 400//400 404//404
f 404//404 400//400 405//405
f 401//401 404//404 406//406
f 404//404 405//405 2481//2481
f 404//404 2481//2481 407//407
f 406//406 404//404 407//407
f 406//406 407//407 403//403
f 407//407 2483//2483 403//403
f 347//347 369//369 408//408
f 347//347 408//408 409//409
f 408//408 369//369 370//370
f 408//408 370//370 412//412
f 408//408 410//410 409//409
f 408//408 412//412 410//410
f 349//349 409//409 411//411
f 411//411 409//409 410//410
f 411//411 410//410 413//413
f 370//370 375//375 412//412
f 410//410 412//412 414//414
f 412//412 375//375 420//420
f 412//412 420//420 414//414
f 410//410 414//414 413//413
f 413//413 414//414 421//421
f 349//349 411//411 415//415
f 415//415 411//411 416//416
f 411//411 413//413 416//416
f 417//417 415//415 416//416
f 354//354 415//415 417//417
f 354//354 417//417 470//470
f 417//417 416//416 419//419
f 417//417 471//471 470//470
f 417//417 419//419 471//471
f 416//416 413//413 418//418
f 416//416 418//418 419//419
f 418//418 413//413 421//421
f 471//471 419//419 473//473
f 418//418 427//427 419//419
f 419//419 427//427 473//473
f 375//375 398//398 420//420
f 414//414 420//420 422//422
f 420//420 398//398 423//423
f 420//420 423//423 422//422
f 421//421 414//414 422//422
f 421//421 422//422 424//424
f 398//398 403//403 423//423
f 423//423 403//403 2508//2508
f 423//423 2508//2508 425//425
f 422//422 423//423 425//425
f 424//424 422//422 425//425
f 424//424 425//425 2514//2514
f 418//418 421//421 426//426
f 418//418 426//426 427//427
f 421//421 424//424 426//426
f 427//427 480//480 473//473
f 427//427 426//426 429//429
f 427//427 429//429 480//480
f 426//426 424//424 428//428
f 426//426 428//428 429//429
f 424//424 2514//2514 428//428
f 429//429 428//428 2517//2517
f 429//429 2517//2517 482//482
f 430//430 431//431 248//248
f 430//430 342//342 431//431
f 248//248 431//431 432//432
f 434//434 432//432 431//431
f 434//434 436//436 432//432
f 342//342 433//433 431//431
f 343//343 433//433 342//342
f 434//434 431//431 433//433
f 343//343 441//441 433//433
f 433//433 441//441 435//435
f 434//434 433//433 435//435
f 434//434 435//435 438//438
f 432//432 436//436 252//252
f 252//252 436//436 437//437
f 254//254 252//252 437//437
f 254//254 437//437 449//449
f 436//436 439//439 437//437
f 437//437 439//439 450//450
f 434//434 438//438 436//436
f 436//436 438//438 439//439
f 438//438 435//435 445//445
f 438//438 445//445 440//440
f 438//438 440//440 439//439
f 439//439 440//440 452//452
f 352//352 443//443 441//441
f 441//441 443//443 442//442
f 441//441 442//442 435//435
f 445//445 435//435 442//442
f 354//354 470//470 443//443
f 444//444 443//443 470//470
f 442//442 443//443 444//444
f 442//442 444//444 447//447
f 445//445 442//442 447//447
f 445//445 447//447 446//446
f 445//445 446//446 440//440
f 440//440 446//446 460//460
f 444//444 475//475 447//447
f 447//447 475//475 448//448
f 446//446 448//448 463//463
f 447//447 448//448 446//446
f 437//437 450//450 449//449
f 450//450 451//451 449//449
f 451//451 274//274 449//449
f 451//451 454//454 274//274
f 450//450 453//453 451//451
f 451//451 453//453 457//457
f 439//439 452//452 450//450
f 450//450 452//452 453//453
f 453//453 461//461 458//458
f 452//452 461//461 453//453
f 451//451 457//457 454//454
f 454//454 457//457 456//456
f 454//454 456//456 455//455
f 455//455 456//456 662//662
f 457//457 453//453 458//458
f 457//457 458//458 459//459
f 457//457 459//459 456//456
f 456//456 459//459 664//664
f 458//458 466//466 459//459
f 459//459 466//466 665//665
f 452//452 460//460 461//461
f 440//440 460//460 452//452
f 460//460 446//446 463//463
f 460//460 463//463 462//462
f 460//460 462//462 461//461
f 461//461 462//462 465//465
f 448//448 488//488 463//463
f 463//463 488//488 464//464
f 463//463 464//464 462//462
f 462//462 464//464 467//467
f 461//461 465//465 458//458
f 458//458 465//465 466//466
f 462//462 467//467 465//465
f 465//465 468//468 466//466
f 466//466 468//468 673//673
f 465//465 467//467 468//468
f 464//464 493//493 467//467
f 467//467 493//493 469//469
f 467//467 469//469 468//468
f 468//468 469//469 676//676
f 444//444 470//470 472//472
f 470//470 471//471 472//472
f 472//472 471//471 474//474
f 444//444 472//472 475//475
f 472//472 476//476 475//475
f 472//472 474//474 476//476
f 471//471 473//473 474//474
f 473//473 481//481 474//474
f 476//476 474//474 478//478
f 474//474 481//481 478//478
f 477//477 475//475 476//476
f 477//477 476//476 479//479
f 448//448 475//475 477//477
f 448//448 477//477 488//488
f 477//477 479//479 489//489
f 476//476 478//478 479//479
f 478//478 485//485 479//479
f 479//479 485//485 491//491
f 473//473 480//480 481//481
f 480//480 483//483 481//481
f 481//481 484//484 478//478
f 481//481 483//483 484//484
f 429//429 482//482 480//480
f 480//480 482//482 483//483
f 483//483 482//482 2582//2582
f 483//483 2582//2582 486//486
f 478//478 484//484 485//485
f 485//485 484//484 487//487
f 485//485 487//487 498//498
f 484//484 483//483 486//486
f 484//484 486//486 487//487
f 487//487 2587//2587 500//500
f 487//487 486//486 2587//2587
f 477//477 489//489 488//488
f 488//488 489//489 490//490
f 464//464 488//488 490//490
f 464//464 490//490 493//493
f 490//490 489//489 492//492
f 490//490 492//492 494//494
f 489//489 479//479 491//491
f 489//489 491//491 492//492
f 491//491 499//499 492//492
f 492//492 499//499 496//496
f 490//490 494//494 493//493
f 493//493 494//494 495//495
f 493//493 495//495 469//469
f 469//469 495//495 702//702
f 494//494 492//492 496//496
f 494//494 496//496 497//497
f 494//494 497//497 495//495
f 495//495 497//497 703//703
f 496//496 504//504 497//497
f 497//497 504//504 705//705
f 485//485 498//498 491//491
f 491//491 498//498 499//499
f 498//498 501//501 499//499
f 499//499 501//501 503//503
f 487//487 500//500 498//498
f 498//498 500//500 501//501
f 501//501 500//500 502//502
f 501//501 502//502 505//505
f 499//499 503//503 496//496
f 496//496 503//503 504//504
f 503//503 506//506 504//504
f 504//504 506//506 716//716
f 503//503 501//501 505//505
f 503//503 505//505 506//506
f 502//502 2607//2607 505//505
f 505//505 2607//2607 507//507
f 505//505 507//507 506//506
f 506//506 507//507 718//718
f 528//528 1658//1658 1343//1343
f 528//528 535//535 1658//1658
f 535//535 1666//1666 1658//1658
f 220//220 530//530 528//528
f 529//529 530//530 220//220
f 221//221 531//531 529//529
f 532//532 531//531 221//221
f 529//529 534//534 530//530
f 530//530 535//535 528//528
f 531//531 534//534 529//529
f 222//222 533//533 532//532
f 533//533 538//538 532//532
f 532//532 538//538 531//531
f 530//530 536//536 535//535
f 534//534 536//536 530//530
f 531//531 537//537 534//534
f 536//536 544//544 535//535
f 535//535 544//544 1666//1666
f 534//534 545//545 536//536
f 537//537 545//545 534//534
f 533//533 542//542 538//538
f 542//542 547//547 538//538
f 531//531 538//538 537//537
f 538//538 547//547 537//537
f 539//539 533//533 222//222
f 539//539 541//541 533//533
f 540//540 541//541 539//539
f 225//225 540//540 539//539
f 591//591 540//540 225//225
f 591//591 593//593 540//540
f 541//541 542//542 533//533
f 541//541 552//552 542//542
f 540//540 543//543 541//541
f 540//540 593//593 543//543
f 543//543 552//552 541//541
f 544//544 1677//1677 1666//1666
f 536//536 546//546 544//544
f 545//545 546//546 536//536
f 544//544 548//548 1677//1677
f 546//546 548//548 544//544
f 545//545 550//550 546//546
f 542//542 553//553 547//547
f 537//537 549//549 545//545
f 537//537 547//547 549//549
f 549//549 550//550 545//545
f 548//548 1681//1681 1677//1677
f 546//546 551//551 548//548
f 546//546 550//550 551//551
f 548//548 551//551 560//560
f 548//548 560//560 1681//1681
f 553//553 554//554 547//547
f 547//547 554//554 549//549
f 549//549 561//561 550//550
f 550//550 562//562 551//551
f 549//549 554//554 561//561
f 542//542 552//552 553//553
f 543//543 555//555 552//552
f 543//543 599//599 555//555
f 553//553 552//552 556//556
f 553//553 568//568 554//554
f 553//553 556//556 568//568
f 555//555 556//556 552//552
f 555//555 618//618 556//556
f 560//560 1694//1694 1681//1681
f 551//551 563//563 560//560
f 551//551 562//562 563//563
f 561//561 562//562 550//550
f 563//563 564//564 560//560
f 560//560 564//564 1694//1694
f 561//561 571//571 562//562
f 562//562 572//572 563//563
f 564//564 1698//1698 1694//1694
f 563//563 577//577 564//564
f 563//563 572//572 577//577
f 564//564 577//577 578//578
f 564//564 578//578 565//565
f 564//564 566//566 1698//1698
f 564//564 565//565 566//566
f 1698//1698 566//566 567//567
f 1698//1698 567//567 1700//1700
f 554//554 568//568 569//569
f 569//569 568//568 580//580
f 554//554 569//569 561//561
f 569//569 571//571 561//561
f 556//556 570//570 568//568
f 556//556 618//618 570//570
f 570//570 580//580 568//568
f 571//571 572//572 562//562
f 571//571 579//579 572//572
f 569//569 581//581 571//571
f 571//571 583//583 579//579
f 571//571 581//581 583//583
f 572//572 573//573 577//577
f 572//572 576//576 574//574
f 572//572 574//574 575//575
f 572//572 575//575 573//573
f 572//572 579//579 576//576
f 569//569 580//580 581//581
f 580//580 582//582 581//581
f 580//580 584//584 582//582
f 570//570 621//621 580//580
f 580//580 585//585 584//584
f 580//580 621//621 585//585
f 265//265 589//589 592//592
f 592//592 589//589 590//590
f 592//592 590//590 594//594
f 594//594 590//590 602//602
f 591//591 265//265 592//592
f 591//591 592//592 593//593
f 593//593 592//592 594//594
f 593//593 599//599 543//543
f 593//593 594//594 599//599
f 268//268 595//595 589//589
f 595//595 590//590 589//589
f 268//268 596//596 595//595
f 595//595 596//596 598//598
f 595//595 597//597 590//590
f 590//590 597//597 602//602
f 595//595 598//598 597//597
f 598//598 611//611 597//597
f 594//594 602//602 601//601
f 594//594 601//601 599//599
f 555//555 599//599 600//600
f 599//599 601//601 600//600
f 555//555 600//600 618//618
f 601//601 619//619 600//600
f 601//601 604//604 619//619
f 597//597 603//603 602//602
f 597//597 611//611 603//603
f 601//601 602//602 604//604
f 602//602 603//603 604//604
f 603//603 628//628 604//604
f 277//277 605//605 596//596
f 605//605 598//598 596//596
f 606//606 605//605 277//277
f 606//606 609//609 605//605
f 605//605 607//607 598//598
f 607//607 611//611 598//598
f 605//605 609//609 607//607
f 606//606 608//608 609//609
f 608//608 455//455 662//662
f 608//608 662//662 610//610
f 609//609 614//614 607//607
f 609//609 610//610 614//614
f 609//609 608//608 610//610
f 611//611 613//613 603//603
f 612//612 613//613 611//611
f 607//607 612//612 611//611
f 607//607 614//614 612//612
f 603//603 613//613 628//628
f 628//628 613//613 641//641
f 612//612 615//615 613//613
f 615//615 641//641 613//613
f 612//612 614//614 616//616
f 614//614 610//610 667//667
f 614//614 667//667 616//616
f 612//612 616//616 615//615
f 616//616 646//646 615//615
f 600//600 620//620 618//618
f 570//570 618//618 623//623
f 620//620 623//623 618//618
f 600//600 619//619 620//620
f 620//620 619//619 635//635
f 570//570 623//623 621//621
f 620//620 624//624 623//623
f 623//623 625//625 622//622
f 623//623 624//624 625//625
f 623//623 622//622 621//621
f 620//620 626//626 624//624
f 620//620 627//627 626//626
f 620//620 635//635 627//627
f 604//604 629//629 619//619
f 604//604 628//628 629//629
f 629//629 632//632 636//636
f 629//629 631//631 632//632
f 628//628 638//638 629//629
f 629//629 638//638 631//631
f 619//619 634//634 635//635
f 619//619 636//636 633//633
f 619//619 633//633 634//634
f 629//629 636//636 619//619
f 628//628 641//641 639//639
f 628//628 639//639 638//638
f 641//641 640//640 639//639
f 641//641 642//642 640//640
f 641//641 645//645 642//642
f 615//615 645//645 641//641
f 615//615 643//643 644//644
f 615//615 644//644 645//645
f 615//615 647//647 643//643
f 615//615 646//646 647//647
f 646//646 683//683 647//647
f 662//662 456//456 664//664
f 662//662 664//664 663//663
f 662//662 663//663 610//610
f 663//663 667//667 610//610
f 664//664 666//666 663//663
f 663//663 666//666 668//668
f 664//664 459//459 665//665
f 664//664 665//665 666//666
f 665//665 674//674 666//666
f 666//666 674//674 670//670
f 668//668 669//669 667//667
f 663//663 668//668 667//667
f 616//616 667//667 669//669
f 616//616 669//669 646//646
f 668//668 671//671 669//669
f 669//669 671//671 685//685
f 668//668 666//666 670//670
f 668//668 670//670 671//671
f 670//670 672//672 671//671
f 671//671 672//672 691//691
f 665//665 466//466 673//673
f 665//665 673//673 674//674
f 673//673 676//676 675//675
f 674//674 675//675 678//678
f 674//674 673//673 675//675
f 468//468 676//676 673//673
f 469//469 702//702 676//676
f 676//676 702//702 677//677
f 676//676 677//677 675//675
f 675//675 677//677 680//680
f 670//670 674//674 678//678
f 670//670 678//678 672//672
f 678//678 675//675 680//680
f 678//678 680//680 679//679
f 678//678 679//679 672//672
f 672//672 679//679 695//695
f 679//679 696//696 695//695
f 680//680 677//677 707//707
f 680//680 707//707 681//681
f 680//680 681//681 679//679
f 679//679 681//681 697//697
f 679//679 697//697 696//696
f 681//681 698//698 697//697
f 681//681 699//699 698//698
f 681//681 709//709 699//699
f 646//646 669//669 685//685
f 646//646 685//685 683//683
f 685//685 684//684 683//683
f 685//685 671//671 687//687
f 685//685 686//686 684//684
f 685//685 687//687 686//686
f 671//671 688//688 687//687
f 671//671 689//689 688//688
f 671//671 690//690 689//689
f 671//671 691//691 690//690
f 672//672 692//692 691//691
f 672//672 694//694 692//692
f 672//672 695//695 694//694
f 495//495 703//703 702//702
f 702//702 703//703 704//704
f 677//677 702//702 704//704
f 677//677 704//704 707//707
f 703//703 706//706 704//704
f 704//704 706//706 708//708
f 703//703 497//497 705//705
f 703//703 705//705 706//706
f 705//705 717//717 706//706
f 706//706 717//717 710//710
f 704//704 708//708 707//707
f 707//707 708//708 709//709
f 707//707 709//709 681//681
f 709//709 732//732 699//699
f 709//709 733//733 732//732
f 708//708 712//712 709//709
f 709//709 712//712 733//733
f 708//708 706//706 710//710
f 708//708 710//710 712//712
f 712//712 711//711 733//733
f 712//712 713//713 711//711
f 710//710 723//723 712//712
f 712//712 714//714 713//713
f 712//712 715//715 714//714
f 712//712 723//723 715//715
f 705//705 504//504 716//716
f 705//705 716//716 717//717
f 716//716 719//719 717//717
f 717//717 719//719 721//721
f 716//716 506//506 718//718
f 716//716 718//718 719//719
f 718//718 507//507 2735//2735
f 718//718 2735//2735 720//720
f 718//718 720//720 719//719
f 719//719 720//720 726//726
f 710//710 717//717 721//721
f 710//710 721//721 723//723
f 723//723 722//722 715//715
f 723//723 724//724 722//722
f 723//723 725//725 724//724
f 721//721 728//728 723//723
f 723//723 727//727 725//725
f 723//723 728//728 727//727
f 721//721 719//719 726//726
f 721//721 726//726 728//728
f 728//728 729//729 727//727
f 726//726 2741//2741 728//728
f 728//728 2741//2741 729//729
f 2741//2741 730//730 729//729
f 149//149 1248//1248 1285//1285
f 1248//1248 1315//1315 1250//1250
f 1285//1285 1248//1248 1250//1250
f 1285//1285 1250//1250 1246//1246
f 1246//1246 1247//1247 1249//1249
f 1250//1250 1247//1247 1246//1246
f 1249//1249 1247//1247 1316//1316
f 1249//1249 1316//1316 1251//1251
f 120//120 1252//1252 1255//1255
f 1256//1256 1252//1252 1276//1276
f 280//280 1260//1260 1424//1424
f 1261//1261 1425//1425 1424//1424
f 122//122 1255//1255 1253//1253
f 1253//1253 1255//1255 1256//1256
f 1255//1255 1252//1252 1256//1256
f 1256//1256 1276//1276 1257//1257
f 1257//1257 1276//1276 1277//1277
f 1257//1257 1277//1277 1258//1258
f 1253//1253 1256//1256 1254//1254
f 1256//1256 1257//1257 1254//1254
f 1254//1254 1257//1257 1259//1259
f 1257//1257 1258//1258 1259//1259
f 1258//1258 1265//1265 1259//1259
f 1258//1258 1298//1298 1265//1265
f 1265//1265 1298//1298 1266//1266
f 1253//1253 1261//1261 1260//1260
f 122//122 1253//1253 1260//1260
f 1253//1253 1254//1254 1261//1261
f 1254//1254 1262//1262 1261//1261
f 1254//1254 1259//1259 1262//1262
f 1259//1259 1263//1263 1262//1262
f 1263//1263 1265//1265 1264//1264
f 1260//1260 1261//1261 1424//1424
f 1261//1261 1262//1262 1425//1425
f 1262//1262 1263//1263 1435//1435
f 1262//1262 1435//1435 1425//1425
f 1263//1263 1264//1264 1436//1436
f 1264//1264 1267//1267 1437//1437
f 1259//1259 1265//1265 1263//1263
f 1265//1265 1266//1266 1264//1264
f 1266//1266 1303//1303 1267//1267
f 1266//1266 1267//1267 1264//1264
f 1303//1303 1439//1439 1267//1267
f 135//135 1268//1268 1270//1270
f 1269//1269 1271//1271 1270//1270
f 135//135 1270//1270 1273//1273
f 1270//1270 1271//1271 1274//1274
f 1268//1268 1269//1269 1270//1270
f 1284//1284 1272//1272 1271//1271
f 1269//1269 1284//1284 1271//1271
f 1272//1272 1287//1287 1280//1280
f 1273//1273 1274//1274 1252//1252
f 1274//1274 1275//1275 1276//1276
f 1273//1273 1270//1270 1274//1274
f 1274//1274 1271//1271 1275//1275
f 120//120 1273//1273 1252//1252
f 1274//1274 1276//1276 1252//1252
f 1276//1276 1275//1275 1277//1277
f 1275//1275 1280//1280 1277//1277
f 1280//1280 1278//1278 1277//1277
f 1281//1281 1279//1279 1278//1278
f 1271//1271 1272//1272 1275//1275
f 1275//1275 1272//1272 1280//1280
f 1280//1280 1287//1287 1281//1281
f 1281//1281 1287//1287 1288//1288
f 1281//1281 1288//1288 1282//1282
f 1280//1280 1281//1281 1278//1278
f 1281//1281 1282//1282 1279//1279
f 1279//1279 1282//1282 1283//1283
f 1282//1282 1293//1293 1283//1283
f 1283//1283 1293//1293 1301//1301
f 1285//1285 1246//1246 1269//1269
f 149//149 1285//1285 1268//1268
f 1246//1246 1284//1284 1269//1269
f 1285//1285 1269//1269 1268//1268
f 1284//1284 1286//1286 1272//1272
f 1246//1246 1249//1249 1284//1284
f 1249//1249 1286//1286 1284//1284
f 1286//1286 1290//1290 1287//1287
f 1286//1286 1287//1287 1272//1272
f 1290//1290 1288//1288 1287//1287
f 1290//1290 1291//1291 1288//1288
f 1291//1291 1289//1289 1288//1288
f 1249//1249 1251//1251 1286//1286
f 1251//1251 1290//1290 1286//1286
f 1251//1251 1319//1319 1290//1290
f 1290//1290 1319//1319 1291//1291
f 1291//1291 1370//1370 1292//1292
f 1291//1291 1292//1292 1289//1289
f 1289//1289 1292//1292 1295//1295
f 1295//1295 1292//1292 1371//1371
f 1288//1288 1289//1289 1282//1282
f 1282//1282 1289//1289 1293//1293
f 1293//1293 1289//1289 1295//1295
f 1293//1293 1295//1295 1294//1294
f 1293//1293 1294//1294 1301//1301
f 1295//1295 1296//1296 1294//1294
f 1295//1295 1371//1371 1296//1296
f 1294//1294 1296//1296 1297//1297
f 1258//1258 1277//1277 1278//1278
f 1258//1258 1278//1278 1298//1298
f 1278//1278 1279//1279 1298//1298
f 1279//1279 1283//1283 1299//1299
f 1279//1279 1299//1299 1298//1298
f 1283//1283 1300//1300 1299//1299
f 1266//1266 1298//1298 1299//1299
f 1266//1266 1299//1299 1303//1303
f 1299//1299 1300//1300 1303//1303
f 1283//1283 1301//1301 1300//1300
f 1301//1301 1302//1302 1300//1300
f 1301//1301 1306//1306 1302//1302
f 1302//1302 1306//1306 1308//1308
f 1300//1300 1304//1304 1303//1303
f 1300//1300 1302//1302 1304//1304
f 1303//1303 1304//1304 1439//1439
f 1304//1304 1477//1477 1439//1439
f 1304//1304 1305//1305 1477//1477
f 1304//1304 1302//1302 1305//1305
f 1302//1302 1308//1308 1305//1305
f 1308//1308 1480//1480 1305//1305
f 1301//1301 1294//1294 1306//1306
f 1294//1294 1297//1297 1306//1306
f 1306//1306 1307//1307 1308//1308
f 1297//1297 1307//1307 1306//1306
f 1297//1297 1387//1387 1307//1307
f 1307//1307 1387//1387 1310//1310
f 1307//1307 1309//1309 1308//1308
f 1308//1308 1309//1309 1480//1480
f 1309//1309 1484//1484 1480//1480
f 1309//1309 1311//1311 1484//1484
f 1307//1307 1310//1310 1309//1309
f 1309//1309 1310//1310 1311//1311
f 1310//1310 1390//1390 1311//1311
f 1312//1312 1313//1313 1317//1317
f 1313//1313 1314//1314 1318//1318
f 1312//1312 1325//1325 1313//1313
f 1321//1321 1314//1314 1326//1326
f 1317//1317 1318//1318 1247//1247
f 1250//1250 1315//1315 1317//1317
f 1250//1250 1317//1317 1247//1247
f 1318//1318 1316//1316 1247//1247
f 1315//1315 1312//1312 1317//1317
f 1318//1318 1321//1321 1316//1316
f 1321//1321 1320//1320 1316//1316
f 1251//1251 1316//1316 1320//1320
f 1251//1251 1320//1320 1319//1319
f 1319//1319 1320//1320 1323//1323
f 1319//1319 1323//1323 1370//1370
f 1317//1317 1313//1313 1318//1318
f 1318//1318 1314//1314 1321//1321
f 1322//1322 1323//1323 1320//1320
f 1321//1321 1322//1322 1320//1320
f 1321//1321 1326//1326 1322//1322
f 1322//1322 1334//1334 1323//1323
f 1370//1370 1323//1323 1324//1324
f 1370//1370 1324//1324 1372//1372
f 1334//1334 1324//1324 1323//1323
f 1324//1324 1336//1336 1372//1372
f 1313//1313 1325//1325 1327//1327
f 1313//1313 1327//1327 1314//1314
f 1327//1327 1328//1328 1314//1314
f 1328//1328 1326//1326 1314//1314
f 1326//1326 1329//1329 1322//1322
f 1325//1325 1330//1330 1327//1327
f 1328//1328 1332//1332 1326//1326
f 1332//1332 1329//1329 1326//1326
f 1330//1330 1331//1331 1327//1327
f 1327//1327 1331//1331 1328//1328
f 1328//1328 1345//1345 1332//1332
f 1330//1330 1344//1344 1331//1331
f 1328//1328 1331//1331 1345//1345
f 1332//1332 1345//1345 1346//1346
f 1332//1332 1333//1333 1329//1329
f 1329//1329 1333//1333 1337//1337
f 1332//1332 1346//1346 1333//1333
f 1337//1337 1333//1333 1349//1349
f 1337//1337 1349//1349 1338//1338
f 1322//1322 1329//1329 1334//1334
f 1329//1329 1337//1337 1334//1334
f 1334//1334 1335//1335 1324//1324
f 1334//1334 1337//1337 1335//1335
f 1324//1324 1335//1335 1336//1336
f 1335//1335 1339//1339 1336//1336
f 1336//1336 1339//1339 1378//1378
f 1337//1337 1338//1338 1335//1335
f 1335//1335 1338//1338 1339//1339
f 1339//1339 1338//1338 1355//1355
f 1339//1339 1340//1340 1378//1378
f 1339//1339 1355//1355 1340//1340
f 1351//1351 1341//1341 1352//1352
f 1341//1341 1342//1342 1352//1352
f 1341//1341 1343//1343 1342//1342
f 1342//1342 1343//1343 1657//1657
f 1342//1342 1657//1657 1364//1364
f 1344//1344 1347//1347 1331//1331
f 1331//1331 1347//1347 1345//1345
f 1347//1347 1350//1350 1345//1345
f 1344//1344 1351//1351 1347//1347
f 1345//1345 1350//1350 1346//1346
f 1346//1346 1353//1353 1348//1348
f 1346//1346 1348//1348 1333//1333
f 1348//1348 1349//1349 1333//1333
f 1348//1348 1354//1354 1349//1349
f 1349//1349 1356//1356 1338//1338
f 1349//1349 1354//1354 1356//1356
f 1351//1351 1352//1352 1347//1347
f 1347//1347 1352//1352 1350//1350
f 1350//1350 1353//1353 1346//1346
f 1352//1352 1359//1359 1350//1350
f 1350//1350 1359//1359 1353//1353
f 1353//1353 1360//1360 1348//1348
f 1348//1348 1360//1360 1354//1354
f 1354//1354 1362//1362 1356//1356
f 1338//1338 1356//1356 1355//1355
f 1356//1356 1357//1357 1355//1355
f 1355//1355 1358//1358 1340//1340
f 1340//1340 1358//1358 1399//1399
f 1356//1356 1362//1362 1357//1357
f 1357//1357 1358//1358 1355//1355
f 1357//1357 1368//1368 1358//1358
f 1358//1358 1368//1368 1401//1401
f 1352//1352 1342//1342 1359//1359
f 1359//1359 1361//1361 1353//1353
f 1353//1353 1361//1361 1360//1360
f 1342//1342 1364//1364 1359//1359
f 1359//1359 1364//1364 1361//1361
f 1361//1361 1365//1365 1360//1360
f 1360//1360 1365//1365 1363//1363
f 1360//1360 1363//1363 1354//1354
f 1363//1363 1362//1362 1354//1354
f 1363//1363 1366//1366 1362//1362
f 1361//1361 1364//1364 1659//1659
f 1361//1361 1659//1659 1365//1365
f 1363//1363 1365//1365 1662//1662
f 1363//1363 1662//1662 1366//1366
f 1362//1362 1367//1367 1357//1357
f 1357//1357 1367//1367 1368//1368
f 1362//1362 1366//1366 1367//1367
f 1368//1368 1407//1407 1401//1401
f 1367//1367 1369//1369 1368//1368
f 1368//1368 1369//1369 1407//1407
f 1367//1367 1366//1366 1670//1670
f 1367//1367 1670//1670 1369//1369
f 1407//1407 1369//1369 1725//1725
f 1291//1291 1319//1319 1370//1370
f 1292//1292 1372//1372 1371//1371
f 1370//1370 1372//1372 1292//1292
f 1372//1372 1373//1373 1371//1371
f 1372//1372 1336//1336 1373//1373
f 1371//1371 1373//1373 1374//1374
f 1373//1373 1379//1379 1374//1374
f 1379//1379 1376//1376 1374//1374
f 1371//1371 1374//1374 1296//1296
f 1296//1296 1374//1374 1375//1375
f 1297//1297 1296//1296 1375//1375
f 1297//1297 1375//1375 1387//1387
f 1375//1375 1377//1377 1387//1387
f 1374//1374 1376//1376 1375//1375
f 1375//1375 1376//1376 1377//1377
f 1376//1376 1383//1383 1377//1377
f 1377//1377 1383//1383 1389//1389
f 1373//1373 1336//1336 1378//1378
f 1373//1373 1378//1378 1379//1379
f 1379//1379 1378//1378 1381//1381
f 1379//1379 1380//1380 1376//1376
f 1379//1379 1381//1381 1380//1380
f 1378//1378 1340//1340 1381//1381
f 1381//1381 1340//1340 1399//1399
f 1381//1381 1399//1399 1382//1382
f 1381//1381 1382//1382 1380//1380
f 1382//1382 1385//1385 1380//1380
f 1376//1376 1380//1380 1383//1383
f 1380//1380 1385//1385 1383//1383
f 1383//1383 1384//1384 1389//1389
f 1385//1385 1384//1384 1383//1383
f 1382//1382 1403//1403 1385//1385
f 1385//1385 1403//1403 1386//1386
f 1385//1385 1386//1386 1384//1384
f 1377//1377 1388//1388 1387//1387
f 1387//1387 1388//1388 1310//1310
f 1377//1377 1389//1389 1388//1388
f 1388//1388 1389//1389 1391//1391
f 1391//1391 1389//1389 1393//1393
f 1388//1388 1390//1390 1310//1310
f 1388//1388 1391//1391 1390//1390
f 1390//1390 1579//1579 1311//1311
f 1390//1390 1392//1392 1579//1579
f 1390//1390 1391//1391 1392//1392
f 1391//1391 1395//1395 1392//1392
f 1395//1395 1581//1581 1392//1392
f 1384//1384 1393//1393 1389//1389
f 1384//1384 1394//1394 1393//1393
f 1384//1384 1386//1386 1394//1394
f 1394//1394 1386//1386 1413//1413
f 1393//1393 1394//1394 1397//1397
f 1394//1394 1414//1414 1397//1397
f 1391//1391 1393//1393 1395//1395
f 1393//1393 1397//1397 1395//1395
f 1395//1395 1396//1396 1581//1581
f 1395//1395 1397//1397 1396//1396
f 1397//1397 1414//1414 1398//1398
f 1397//1397 1398//1398 1396//1396
f 1399//1399 1400//1400 1382//1382
f 1399//1399 1401//1401 1400//1400
f 1358//1358 1401//1401 1399//1399
f 1400//1400 1401//1401 1406//1406
f 1382//1382 1400//1400 1403//1403
f 1400//1400 1402//1402 1403//1403
f 1400//1400 1406//1406 1402//1402
f 1403//1403 1404//1404 1386//1386
f 1403//1403 1402//1402 1404//1404
f 1404//1404 1413//1413 1386//1386
f 1404//1404 1402//1402 1410//1410
f 1404//1404 1405//1405 1413//1413
f 1404//1404 1410//1410 1405//1405
f 1407//1407 1406//1406 1401//1401
f 1407//1407 1408//1408 1406//1406
f 1407//1407 1725//1725 1408//1408
f 1406//1406 1409//1409 1402//1402
f 1406//1406 1408//1408 1409//1409
f 1409//1409 1408//1408 1729//1729
f 1402//1402 1409//1409 1410//1410
f 1409//1409 1412//1412 1410//1410
f 1410//1410 1411//1411 1405//1405
f 1410//1410 1412//1412 1411//1411
f 1409//1409 1729//1729 1412//1412
f 1411//1411 1412//1412 1732//1732
f 1411//1411 1732//1732 1421//1421
f 1394//1394 1413//1413 1414//1414
f 1413//1413 1415//1415 1414//1414
f 1414//1414 1415//1415 1416//1416
f 1413//1413 1405//1405 1415//1415
f 1405//1405 1419//1419 1415//1415
f 1415//1415 1419//1419 1417//1417
f 1414//1414 1416//1416 1398//1398
f 1398//1398 1416//1416 1598//1598
f 1416//1416 1418//1418 1598//1598
f 1415//1415 1417//1417 1416//1416
f 1416//1416 1417//1417 1418//1418
f 1417//1417 1422//1422 1418//1418
f 1405//1405 1411//1411 1419//1419
f 1411//1411 1421//1421 1419//1419
f 1419//1419 1420//1420 1417//1417
f 1419//1419 1421//1421 1420//1420
f 1420//1420 1421//1421 1742//1742
f 1420//1420 1422//1422 1417//1417
f 1420//1420 1423//1423 1422//1422
f 1422//1422 1603//1603 1418//1418
f 1422//1422 1604//1604 1603//1603
f 1420//1420 1742//1742 1423//1423
f 1742//1742 1744//1744 1423//1423
f 1422//1422 1423//1423 1604//1604
f 1423//1423 1744//1744 1604//1604
f 280//280 1424//1424 1426//1426
f 1424//1424 1425//1425 1427//1427
f 1425//1425 1435//1435 1428//1428
f 1424//1424 1427//1427 1426//1426
f 1425//1425 1428//1428 1427//1427
f 1428//1428 1435//1435 1429//1429
f 1429//1429 1435//1435 1436//1436
f 1429//1429 1436//1436 1438//1438
f 285//285 1430//1430 1448//1448
f 1430//1430 1431//1431 1449//1449
f 1431//1431 1432//1432 1450//1450
f 1426//1426 1427//1427 1430//1430
f 1427//1427 1428//1428 1431//1431
f 1428//1428 1429//1429 1432//1432
f 285//285 1426//1426 1430//1430
f 1427//1427 1431//1431 1430//1430
f 1428//1428 1432//1432 1431//1431
f 1429//1429 1433//1433 1432//1432
f 1429//1429 1438//1438 1433//1433
f 1438//1438 1434//1434 1433//1433
f 1432//1432 1433//1433 1451//1451
f 1433//1433 1434//1434 1452//1452
f 1434//1434 1444//1444 1453//1453
f 1263//1263 1436//1436 1435//1435
f 1436//1436 1264//1264 1437//1437
f 1436//1436 1437//1437 1438//1438
f 1437//1437 1442//1442 1438//1438
f 1437//1437 1440//1440 1442//1442
f 1442//1442 1440//1440 1443//1443
f 1437//1437 1267//1267 1440//1440
f 1267//1267 1439//1439 1440//1440
f 1439//1439 1441//1441 1440//1440
f 1439//1439 1477//1477 1441//1441
f 1440//1440 1441//1441 1443//1443
f 1441//1441 1477//1477 1478//1478
f 1438//1438 1442//1442 1434//1434
f 1442//1442 1444//1444 1434//1434
f 1442//1442 1443//1443 1444//1444
f 1444//1444 1443//1443 1445//1445
f 1443//1443 1446//1446 1445//1445
f 1441//1441 1446//1446 1443//1443
f 1441//1441 1478//1478 1446//1446
f 1446//1446 1478//1478 1447//1447
f 1445//1445 1446//1446 1469//1469
f 1446//1446 1447//1447 1469//1469
f 1430//1430 1449//1449 1448//1448
f 1431//1431 1450//1450 1449//1449
f 1432//1432 1451//1451 1450//1450
f 1448//1448 1449//1449 1454//1454
f 309//309 1448//1448 1454//1454
f 1449//1449 1455//1455 1454//1454
f 1449//1449 1450//1450 1455//1455
f 1450//1450 1451//1451 1456//1456
f 1450//1450 1456//1456 1455//1455
f 1451//1451 1457//1457 1456//1456
f 1451//1451 1433//1433 1452//1452
f 1434//1434 1453//1453 1452//1452
f 1451//1451 1452//1452 1457//1457
f 1452//1452 1463//1463 1457//1457
f 1452//1452 1453//1453 1463//1463
f 1453//1453 1464//1464 1463//1463
f 1453//1453 1467//1467 1464//1464
f 1467//1467 1472//1472 1464//1464
f 309//309 1454//1454 1458//1458
f 1454//1454 1455//1455 1459//1459
f 1455//1455 1456//1456 1460//1460
f 1456//1456 1457//1457 1461//1461
f 1457//1457 1463//1463 1462//1462
f 1454//1454 1459//1459 1458//1458
f 1455//1455 1460//1460 1459//1459
f 1456//1456 1461//1461 1460//1460
f 1461//1461 1457//1457 1462//1462
f 1463//1463 1464//1464 1465//1465
f 1464//1464 1472//1472 1466//1466
f 1463//1463 1465//1465 1462//1462
f 1465//1465 1464//1464 1466//1466
f 1466//1466 1472//1472 1474//1474
f 1453//1453 1444//1444 1467//1467
f 1444//1444 1445//1445 1467//1467
f 1467//1467 1445//1445 1468//1468
f 1445//1445 1469//1469 1468//1468
f 1467//1467 1468//1468 1472//1472
f 1469//1469 1447//1447 1471//1471
f 1469//1469 1470//1470 1468//1468
f 1469//1469 1471//1471 1470//1470
f 1471//1471 1476//1476 1470//1470
f 1472//1472 1468//1468 1473//1473
f 1468//1468 1470//1470 1473//1473
f 1472//1472 1473//1473 1474//1474
f 1474//1474 1473//1473 1517//1517
f 1473//1473 1475//1475 1517//1517
f 1470//1470 1475//1475 1473//1473
f 1470//1470 1476//1476 1475//1475
f 1475//1475 1476//1476 1521//1521
f 1477//1477 1305//1305 1479//1479
f 1477//1477 1479//1479 1478//1478
f 1478//1478 1479//1479 1482//1482
f 1479//1479 1481//1481 1482//1482
f 1305//1305 1480//1480 1479//1479
f 1480//1480 1481//1481 1479//1479
f 1480//1480 1484//1484 1481//1481
f 1478//1478 1482//1482 1447//1447
f 1482//1482 1491//1491 1447//1447
f 1482//1482 1483//1483 1491//1491
f 1481//1481 1483//1483 1482//1482
f 1481//1481 1486//1486 1483//1483
f 1483//1483 1493//1493 1491//1491
f 1483//1483 1486//1486 1487//1487
f 1483//1483 1487//1487 1493//1493
f 1481//1481 1484//1484 1486//1486
f 1484//1484 1485//1485 1486//1486
f 1484//1484 1311//1311 1485//1485
f 1311//1311 1579//1579 1485//1485
f 1485//1485 1579//1579 1489//1489
f 1485//1485 1488//1488 1486//1486
f 1486//1486 1488//1488 1487//1487
f 1487//1487 1488//1488 1497//1497
f 1485//1485 1489//1489 1488//1488
f 1488//1488 1489//1489 1490//1490
f 1488//1488 1490//1490 1497//1497
f 1447//1447 1491//1491 1471//1471
f 1471//1471 1491//1491 1492//1492
f 1491//1491 1493//1493 1492//1492
f 1471//1471 1492//1492 1476//1476
f 1493//1493 1487//1487 1498//1498
f 1493//1493 1495//1495 1492//1492
f 1493//1493 1498//1498 1495//1495
f 1492//1492 1494//1494 1476//1476
f 1492//1492 1495//1495 1494//1494
f 1476//1476 1494//1494 1521//1521
f 1495//1495 1498//1498 1496//1496
f 1495//1495 1558//1558 1494//1494
f 1495//1495 1496//1496 1558//1558
f 1487//1487 1497//1497 1498//1498
f 1497//1497 1500//1500 1498//1498
f 1490//1490 1499//1499 1497//1497
f 1490//1490 1590//1590 1499//1499
f 1497//1497 1499//1499 1500//1500
f 1498//1498 1500//1500 1496//1496
f 1500//1500 1564//1564 1496//1496
f 1500//1500 1501//1501 1564//1564
f 1500//1500 1499//1499 1501//1501
f 1499//1499 1592//1592 1501//1501
f 1458//1458 1459//1459 1502//1502
f 1459//1459 1460//1460 1503//1503
f 1460//1460 1461//1461 1504//1504
f 358//358 1458//1458 1502//1502
f 1459//1459 1503//1503 1502//1502
f 1460//1460 1504//1504 1503//1503
f 1461//1461 1505//1505 1504//1504
f 1461//1461 1462//1462 1505//1505
f 1505//1505 1462//1462 1506//1506
f 1462//1462 1465//1465 1506//1506
f 358//358 1502//1502 1509//1509
f 1502//1502 1503//1503 1510//1510
f 1503//1503 1504//1504 1511//1511
f 1504//1504 1505//1505 1512//1512
f 1505//1505 1506//1506 1513//1513
f 1506//1506 1507//1507 1514//1514
f 1465//1465 1466//1466 1507//1507
f 1465//1465 1507//1507 1506//1506
f 1466//1466 1508//1508 1507//1507
f 1466//1466 1474//1474 1508//1508
f 1474//1474 1518//1518 1508//1508
f 1507//1507 1508//1508 1515//1515
f 1508//1508 1518//1518 1516//1516
f 1502//1502 1510//1510 1509//1509
f 1503//1503 1511//1511 1510//1510
f 1504//1504 1512//1512 1511//1511
f 1505//1505 1513//1513 1512//1512
f 1506//1506 1514//1514 1513//1513
f 1509//1509 1510//1510 1527//1527
f 1510//1510 1511//1511 1528//1528
f 1511//1511 1512//1512 1529//1529
f 1512//1512 1513//1513 1530//1530
f 382//382 1509//1509 1527//1527
f 1510//1510 1528//1528 1527//1527
f 1528//1528 1511//1511 1529//1529
f 1512//1512 1530//1530 1529//1529
f 1513//1513 1514//1514 1531//1531
f 1530//1530 1513//1513 1531//1531
f 1514//1514 1537//1537 1531//1531
f 1507//1507 1515//1515 1514//1514
f 1508//1508 1516//1516 1515//1515
f 1514//1514 1515//1515 1537//1537
f 1515//1515 1538//1538 1537//1537
f 1515//1515 1516//1516 1538//1538
f 1516//1516 1547//1547 1538//1538
f 1474//1474 1517//1517 1518//1518
f 1517//1517 1519//1519 1518//1518
f 1517//1517 1520//1520 1519//1519
f 1475//1475 1520//1520 1517//1517
f 1475//1475 1521//1521 1520//1520
f 1520//1520 1525//1525 1519//1519
f 1520//1520 1521//1521 1522//1522
f 1520//1520 1522//1522 1525//1525
f 1518//1518 1523//1523 1516//1516
f 1518//1518 1519//1519 1523//1523
f 1519//1519 1524//1524 1523//1523
f 1519//1519 1525//1525 1524//1524
f 1516//1516 1523//1523 1547//1547
f 1523//1523 1524//1524 1547//1547
f 1524//1524 1525//1525 1550//1550
f 1522//1522 1526//1526 1525//1525
f 1525//1525 1526//1526 1550//1550
f 382//382 1527//1527 1532//1532
f 1527//1527 1528//1528 1533//1533
f 1528//1528 1529//1529 1534//1534
f 1529//1529 1530//1530 1535//1535
f 1530//1530 1531//1531 1536//1536
f 1527//1527 1533//1533 1532//1532
f 1528//1528 1534//1534 1533//1533
f 1529//1529 1535//1535 1534//1534
f 1530//1530 1536//1536 1535//1535
f 1531//1531 1539//1539 1536//1536
f 1531//1531 1537//1537 1539//1539
f 1537//1537 1538//1538 1540//1540
f 1538//1538 1547//1547 1548//1548
f 1537//1537 1540//1540 1539//1539
f 1538//1538 1548//1548 1540//1540
f 1532//1532 1533//1533 1541//1541
f 1533//1533 1534//1534 1542//1542
f 1534//1534 1535//1535 1543//1543
f 393//393 1532//1532 1541//1541
f 1533//1533 1542//1542 1541//1541
f 1542//1542 1534//1534 1543//1543
f 1535//1535 1536//1536 1544//1544
f 1535//1535 1544//1544 1543//1543
f 1536//1536 1545//1545 1544//1544
f 1541//1541 1542//1542 3421//3421
f 1542//1542 1543//1543 3422//3422
f 1543//1543 1544//1544 3423//3423
f 1536//1536 1539//1539 1545//1545
f 1539//1539 1540//1540 1546//1546
f 1539//1539 1546//1546 1545//1545
f 1540//1540 1548//1548 1553//1553
f 1540//1540 1553//1553 1546//1546
f 1544//1544 1545//1545 3425//3425
f 1545//1545 1546//1546 3426//3426
f 1546//1546 1553//1553 3434//3434
f 1524//1524 1549//1549 1547//1547
f 1524//1524 1550//1550 1549//1549
f 1548//1548 1547//1547 1549//1549
f 1549//1549 1550//1550 1554//1554
f 1550//1550 1551//1551 1554//1554
f 1550//1550 1526//1526 1551//1551
f 1548//1548 1549//1549 1552//1552
f 1548//1548 1552//1552 1553//1553
f 1549//1549 1554//1554 1552//1552
f 1553//1553 1552//1552 3435//3435
f 1552//1552 1555//1555 3435//3435
f 1552//1552 1554//1554 1555//1555
f 1554//1554 1556//1556 1555//1555
f 1555//1555 1556//1556 3437//3437
f 1554//1554 1551//1551 1556//1556
f 1494//1494 1557//1557 1521//1521
f 1494//1494 1558//1558 1557//1557
f 1521//1521 1557//1557 1522//1522
f 1557//1557 1561//1561 1522//1522
f 1557//1557 1558//1558 1559//1559
f 1557//1557 1559//1559 1561//1561
f 1558//1558 1496//1496 1560//1560
f 1558//1558 1560//1560 1559//1559
f 1559//1559 1560//1560 1562//1562
f 1522//1522 1561//1561 1526//1526
f 1559//1559 1563//1563 1561//1561
f 1526//1526 1561//1561 1569//1569
f 1561//1561 1563//1563 1569//1569
f 1559//1559 1562//1562 1563//1563
f 1563//1563 1562//1562 1570//1570
f 1496//1496 1564//1564 1560//1560
f 1564//1564 1565//1565 1560//1560
f 1560//1560 1565//1565 1562//1562
f 1564//1564 1566//1566 1565//1565
f 1501//1501 1566//1566 1564//1564
f 1501//1501 1619//1619 1566//1566
f 1566//1566 1568//1568 1565//1565
f 1566//1566 1619//1619 1620//1620
f 1566//1566 1620//1620 1568//1568
f 1565//1565 1567//1567 1562//1562
f 1565//1565 1568//1568 1567//1567
f 1562//1562 1567//1567 1570//1570
f 1620//1620 1622//1622 1568//1568
f 1567//1567 1568//1568 1576//1576
f 1568//1568 1622//1622 1576//1576
f 1526//1526 1569//1569 1551//1551
f 1563//1563 1571//1571 1569//1569
f 1551//1551 1569//1569 1572//1572
f 1569//1569 1571//1571 1572//1572
f 1563//1563 1570//1570 1571//1571
f 1571//1571 1570//1570 1573//1573
f 1551//1551 1572//1572 1556//1556
f 1556//1556 1572//1572 3464//3464
f 1572//1572 1574//1574 3464//3464
f 1571//1571 1574//1574 1572//1572
f 1571//1571 1573//1573 1574//1574
f 1574//1574 1573//1573 3470//3470
f 1567//1567 1575//1575 1570//1570
f 1567//1567 1576//1576 1575//1575
f 1570//1570 1575//1575 1573//1573
f 1576//1576 1622//1622 1629//1629
f 1575//1575 1576//1576 1578//1578
f 1576//1576 1629//1629 1578//1578
f 1575//1575 1577//1577 1573//1573
f 1575//1575 1578//1578 1577//1577
f 1573//1573 1577//1577 3470//3470
f 1578//1578 3473//3473 1577//1577
f 1578//1578 1631//1631 3473//3473
f 1579//1579 1392//1392 1580//1580
f 1579//1579 1580//1580 1489//1489
f 1392//1392 1581//1581 1580//1580
f 1580//1580 1581//1581 1583//1583
f 1583//1583 1581//1581 1585//1585
f 1489//1489 1580//1580 1582//1582
f 1490//1490 1489//1489 1582//1582
f 1580//1580 1583//1583 1582//1582
f 1490//1490 1582//1582 1590//1590
f 1582//1582 1584//1584 1590//1590
f 1583//1583 1584//1584 1582//1582
f 1583//1583 1587//1587 1584//1584
f 1581//1581 1396//1396 1585//1585
f 1396//1396 1586//1586 1585//1585
f 1398//1398 1586//1586 1396//1396
f 1398//1398 1598//1598 1586//1586
f 1585//1585 1586//1586 1588//1588
f 1586//1586 1599//1599 1588//1588
f 1583//1583 1585//1585 1587//1587
f 1585//1585 1588//1588 1587//1587
f 1584//1584 1587//1587 1594//1594
f 1587//1587 1589//1589 1594//1594
f 1587//1587 1588//1588 1589//1589
f 1588//1588 1601//1601 1589//1589
f 1499//1499 1590//1590 1592//1592
f 1590//1590 1591//1591 1592//1592
f 1590//1590 1584//1584 1591//1591
f 1584//1584 1594//1594 1591//1591
f 1501//1501 1592//1592 1619//1619
f 1592//1592 1593//1593 1619//1619
f 1592//1592 1591//1591 1593//1593
f 1591//1591 1596//1596 1593//1593
f 1594//1594 1596//1596 1591//1591
f 1594//1594 1595//1595 1596//1596
f 1594//1594 1589//1589 1595//1595
f 1589//1589 1609//1609 1595//1595
f 1593//1593 1596//1596 1624//1624
f 1596//1596 1597//1597 1624//1624
f 1596//1596 1595//1595 1597//1597
f 1595//1595 1612//1612 1597//1597
f 1586//1586 1598//1598 1599//1599
f 1598//1598 1600//1600 1599//1599
f 1598//1598 1418//1418 1600//1600
f 1418//1418 1603//1603 1600//1600
f 1599//1599 1600//1600 1602//1602
f 1600//1600 1606//1606 1602//1602
f 1588//1588 1599//1599 1601//1601
f 1599//1599 1602//1602 1601//1601
f 1601//1601 1602//1602 1610//1610
f 1602//1602 1607//1607 1610//1610
f 1600//1600 1603//1603 1606//1606
f 1603//1603 1605//1605 1606//1606
f 1603//1603 1604//1604 1605//1605
f 1604//1604 1804//1804 1605//1605
f 1606//1606 1607//1607 1602//1602
f 1606//1606 1608//1608 1607//1607
f 1606//1606 1605//1605 1608//1608
f 1605//1605 1806//1806 1608//1608
f 1607//1607 1608//1608 1615//1615
f 1608//1608 1807//1807 1615//1615
f 1589//1589 1601//1601 1609//1609
f 1601//1601 1610//1610 1609//1609
f 1609//1609 1612//1612 1595//1595
f 1609//1609 1611//1611 1612//1612
f 1609//1609 1610//1610 1611//1611
f 1610//1610 1614//1614 1611//1611
f 1597//1597 1612//1612 1637//1637
f 1612//1612 1613//1613 1637//1637
f 1612//1612 1611//1611 1613//1613
f 1611//1611 1616//1616 1613//1613
f 1610//1610 1607//1607 1614//1614
f 1607//1607 1615//1615 1614//1614
f 1611//1611 1614//1614 1616//1616
f 1614//1614 1615//1615 1617//1617
f 1615//1615 1815//1815 1617//1617
f 1614//1614 1617//1617 1616//1616
f 1613//1613 1616//1616 1642//1642
f 1616//1616 1618//1618 1642//1642
f 1616//1616 1617//1617 1618//1618
f 1617//1617 1818//1818 1618//1618
f 1593//1593 1621//1621 1619//1619
f 1619//1619 1621//1621 1620//1620
f 1621//1621 1623//1623 1620//1620
f 1593//1593 1624//1624 1621//1621
f 1621//1621 1624//1624 1625//1625
f 1621//1621 1625//1625 1623//1623
f 1620//1620 1623//1623 1622//1622
f 1622//1622 1623//1623 1630//1630
f 1625//1625 1627//1627 1623//1623
f 1623//1623 1627//1627 1630//1630
f 1624//1624 1626//1626 1625//1625
f 1626//1626 1628//1628 1625//1625
f 1597//1597 1626//1626 1624//1624
f 1597//1597 1637//1637 1626//1626
f 1626//1626 1638//1638 1628//1628
f 1625//1625 1628//1628 1627//1627
f 1627//1627 1628//1628 1634//1634
f 1628//1628 1640//1640 1634//1634
f 1622//1622 1630//1630 1629//1629
f 1629//1629 1630//1630 1632//1632
f 1630//1630 1627//1627 1633//1633
f 1630//1630 1633//1633 1632//1632
f 1578//1578 1629//1629 1631//1631
f 1629//1629 1632//1632 1631//1631
f 1631//1631 1632//1632 3542//3542
f 1632//1632 1635//1635 3542//3542
f 1627//1627 1634//1634 1633//1633
f 1633//1633 1634//1634 1636//1636
f 1634//1634 1647//1647 1636//1636
f 1633//1633 1635//1635 1632//1632
f 1633//1633 1636//1636 1635//1635
f 1636//1636 3547//3547 1635//1635
f 1636//1636 1649//1649 3547//3547
f 1626//1626 1637//1637 1638//1638
f 1637//1637 1639//1639 1638//1638
f 1613//1613 1639//1639 1637//1637
f 1613//1613 1642//1642 1639//1639
f 1639//1639 1641//1641 1638//1638
f 1639//1639 1643//1643 1641//1641
f 1638//1638 1640//1640 1628//1628
f 1638//1638 1641//1641 1640//1640
f 1640//1640 1641//1641 1648//1648
f 1641//1641 1645//1645 1648//1648
f 1639//1639 1642//1642 1643//1643
f 1642//1642 1644//1644 1643//1643
f 1642//1642 1618//1618 1644//1644
f 1618//1618 1845//1845 1644//1644
f 1643//1643 1645//1645 1641//1641
f 1643//1643 1646//1646 1645//1645
f 1643//1643 1644//1644 1646//1646
f 1644//1644 1846//1846 1646//1646
f 1645//1645 1646//1646 1653//1653
f 1646//1646 1848//1848 1653//1653
f 1634//1634 1640//1640 1647//1647
f 1640//1640 1648//1648 1647//1647
f 1647//1647 1648//1648 1650//1650
f 1648//1648 1652//1652 1650//1650
f 1636//1636 1647//1647 1649//1649
f 1647//1647 1650//1650 1649//1649
f 1650//1650 1651//1651 1649//1649
f 1650//1650 1654//1654 1651//1651
f 1648//1648 1645//1645 1652//1652
f 1645//1645 1653//1653 1652//1652
f 1652//1652 1653//1653 1655//1655
f 1653//1653 1859//1859 1655//1655
f 1652//1652 1654//1654 1650//1650
f 1652//1652 1655//1655 1654//1654
f 1651//1651 1654//1654 3567//3567
f 1654//1654 1656//1656 3567//3567
f 1654//1654 1655//1655 1656//1656
f 1655//1655 1861//1861 1656//1656
f 1343//1343 1658//1658 1657//1657
f 1658//1658 1664//1664 1657//1657
f 1658//1658 1666//1666 1664//1664
f 1657//1657 1660//1660 1364//1364
f 1364//1364 1660//1660 1659//1659
f 1659//1659 1661//1661 1365//1365
f 1365//1365 1661//1661 1662//1662
f 1657//1657 1664//1664 1660//1660
f 1660//1660 1665//1665 1659//1659
f 1659//1659 1665//1665 1661//1661
f 1661//1661 1669//1669 1662//1662
f 1662//1662 1663//1663 1366//1366
f 1662//1662 1669//1669 1663//1663
f 1664//1664 1667//1667 1660//1660
f 1660//1660 1667//1667 1665//1665
f 1665//1665 1668//1668 1661//1661
f 1664//1664 1666//1666 1675//1675
f 1664//1664 1675//1675 1667//1667
f 1665//1665 1667//1667 1676//1676
f 1665//1665 1676//1676 1668//1668
f 1661//1661 1668//1668 1669//1669
f 1669//1669 1668//1668 1679//1679
f 1669//1669 1673//1673 1663//1663
f 1669//1669 1679//1679 1673//1673
f 1366//1366 1663//1663 1670//1670
f 1663//1663 1672//1672 1670//1670
f 1670//1670 1672//1672 1671//1671
f 1670//1670 1671//1671 1369//1369
f 1369//1369 1671//1671 1725//1725
f 1671//1671 1727//1727 1725//1725
f 1663//1663 1673//1673 1672//1672
f 1672//1672 1673//1673 1685//1685
f 1672//1672 1674//1674 1671//1671
f 1671//1671 1674//1674 1727//1727
f 1672//1672 1685//1685 1674//1674
f 1666//1666 1677//1677 1675//1675
f 1675//1675 1678//1678 1667//1667
f 1667//1667 1678//1678 1676//1676
f 1677//1677 1680//1680 1675//1675
f 1675//1675 1680//1680 1678//1678
f 1678//1678 1683//1683 1676//1676
f 1676//1676 1682//1682 1668//1668
f 1668//1668 1682//1682 1679//1679
f 1676//1676 1683//1683 1682//1682
f 1679//1679 1686//1686 1673//1673
f 1677//1677 1681//1681 1680//1680
f 1680//1680 1684//1684 1678//1678
f 1678//1678 1684//1684 1683//1683
f 1680//1680 1681//1681 1692//1692
f 1680//1680 1692//1692 1684//1684
f 1682//1682 1687//1687 1679//1679
f 1683//1683 1693//1693 1682//1682
f 1684//1684 1696//1696 1683//1683
f 1682//1682 1693//1693 1687//1687
f 1679//1679 1687//1687 1686//1686
f 1673//1673 1686//1686 1685//1685
f 1685//1685 1688//1688 1674//1674
f 1674//1674 1688//1688 1735//1735
f 1686//1686 1689//1689 1685//1685
f 1686//1686 1687//1687 1703//1703
f 1686//1686 1703//1703 1689//1689
f 1685//1685 1689//1689 1688//1688
f 1689//1689 1753//1753 1688//1688
f 1681//1681 1694//1694 1692//1692
f 1692//1692 1695//1695 1684//1684
f 1684//1684 1695//1695 1696//1696
f 1683//1683 1696//1696 1693//1693
f 1694//1694 1697//1697 1692//1692
f 1692//1692 1697//1697 1695//1695
f 1696//1696 1706//1706 1693//1693
f 1694//1694 1698//1698 1697//1697
f 1697//1697 1708//1708 1695//1695
f 1695//1695 1708//1708 1709//1709
f 1695//1695 1709//1709 1696//1696
f 1698//1698 1702//1702 1697//1697
f 1697//1697 1702//1702 1701//1701
f 1697//1697 1707//1707 1708//1708
f 1697//1697 1701//1701 1707//1707
f 1698//1698 1699//1699 1702//1702
f 1698//1698 1700//1700 1699//1699
f 1693//1693 1704//1704 1687//1687
f 1693//1693 1706//1706 1704//1704
f 1687//1687 1704//1704 1703//1703
f 1704//1704 1715//1715 1703//1703
f 1703//1703 1705//1705 1689//1689
f 1689//1689 1705//1705 1753//1753
f 1703//1703 1715//1715 1705//1705
f 1696//1696 1709//1709 1706//1706
f 1709//1709 1714//1714 1706//1706
f 1706//1706 1716//1716 1704//1704
f 1706//1706 1714//1714 1718//1718
f 1706//1706 1718//1718 1716//1716
f 1709//1709 1708//1708 1710//1710
f 1709//1709 1710//1710 1712//1712
f 1709//1709 1712//1712 1711//1711
f 1709//1709 1711//1711 1713//1713
f 1709//1709 1713//1713 1714//1714
f 1704//1704 1716//1716 1715//1715
f 1715//1715 1716//1716 1717//1717
f 1715//1715 1717//1717 1719//1719
f 1705//1705 1715//1715 1756//1756
f 1715//1715 1719//1719 1720//1720
f 1715//1715 1720//1720 1756//1756
f 1725//1725 1726//1726 1408//1408
f 1725//1725 1727//1727 1726//1726
f 1727//1727 1728//1728 1726//1726
f 1727//1727 1674//1674 1735//1735
f 1727//1727 1735//1735 1728//1728
f 1408//1408 1726//1726 1729//1729
f 1726//1726 1730//1730 1729//1729
f 1726//1726 1728//1728 1730//1730
f 1728//1728 1738//1738 1730//1730
f 1729//1729 1731//1731 1412//1412
f 1729//1729 1730//1730 1731//1731
f 1412//1412 1731//1731 1732//1732
f 1731//1731 1734//1734 1732//1732
f 1730//1730 1733//1733 1731//1731
f 1730//1730 1738//1738 1733//1733
f 1731//1731 1733//1733 1734//1734
f 1734//1734 1733//1733 1747//1747
f 1728//1728 1735//1735 1737//1737
f 1688//1688 1736//1736 1735//1735
f 1735//1735 1736//1736 1737//1737
f 1688//1688 1753//1753 1736//1736
f 1737//1737 1736//1736 1754//1754
f 1737//1737 1754//1754 1740//1740
f 1728//1728 1737//1737 1738//1738
f 1738//1738 1739//1739 1733//1733
f 1733//1733 1739//1739 1747//1747
f 1737//1737 1740//1740 1738//1738
f 1738//1738 1740//1740 1739//1739
f 1739//1739 1740//1740 1767//1767
f 1732//1732 1741//1741 1421//1421
f 1732//1732 1734//1734 1741//1741
f 1421//1421 1741//1741 1742//1742
f 1741//1741 1745//1745 1742//1742
f 1734//1734 1743//1743 1741//1741
f 1734//1734 1747//1747 1743//1743
f 1741//1741 1743//1743 1745//1745
f 1742//1742 1745//1745 1744//1744
f 1744//1744 1804//1804 1604//1604
f 1744//1744 1746//1746 1804//1804
f 1745//1745 1743//1743 1750//1750
f 1745//1745 1750//1750 1746//1746
f 1745//1745 1746//1746 1744//1744
f 1747//1747 1739//1739 1749//1749
f 1747//1747 1749//1749 1748//1748
f 1747//1747 1748//1748 1743//1743
f 1743//1743 1748//1748 1750//1750
f 1739//1739 1767//1767 1749//1749
f 1767//1767 1776//1776 1749//1749
f 1749//1749 1751//1751 1748//1748
f 1749//1749 1776//1776 1751//1751
f 1748//1748 1752//1752 1750//1750
f 1750//1750 1809//1809 1746//1746
f 1750//1750 1752//1752 1809//1809
f 1748//1748 1751//1751 1752//1752
f 1752//1752 1751//1751 1781//1781
f 1753//1753 1755//1755 1736//1736
f 1705//1705 1758//1758 1753//1753
f 1758//1758 1755//1755 1753//1753
f 1736//1736 1755//1755 1754//1754
f 1755//1755 1764//1764 1754//1754
f 1705//1705 1756//1756 1758//1758
f 1758//1758 1756//1756 1757//1757
f 1758//1758 1760//1760 1755//1755
f 1758//1758 1757//1757 1759//1759
f 1758//1758 1759//1759 1760//1760
f 1755//1755 1760//1760 1761//1761
f 1755//1755 1761//1761 1762//1762
f 1755//1755 1762//1762 1764//1764
f 1754//1754 1764//1764 1765//1765
f 1754//1754 1763//1763 1766//1766
f 1754//1754 1765//1765 1763//1763
f 1754//1754 1766//1766 1768//1768
f 1754//1754 1768//1768 1740//1740
f 1740//1740 1768//1768 1767//1767
f 1768//1768 1766//1766 1771//1771
f 1768//1768 1771//1771 1770//1770
f 1768//1768 1773//1773 1767//1767
f 1768//1768 1770//1770 1773//1773
f 1767//1767 1774//1774 1776//1776
f 1767//1767 1773//1773 1774//1774
f 1776//1776 1774//1774 1775//1775
f 1776//1776 1775//1775 1777//1777
f 1776//1776 1777//1777 1778//1778
f 1776//1776 1778//1778 1751//1751
f 1751//1751 1780//1780 1779//1779
f 1751//1751 1778//1778 1780//1780
f 1751//1751 1779//1779 1782//1782
f 1751//1751 1782//1782 1781//1781
f 1781//1781 1782//1782 1824//1824
f 1804//1804 1806//1806 1605//1605
f 1804//1804 1805//1805 1806//1806
f 1746//1746 1805//1805 1804//1804
f 1746//1746 1809//1809 1805//1805
f 1806//1806 1805//1805 1808//1808
f 1805//1805 1810//1810 1808//1808
f 1806//1806 1807//1807 1608//1608
f 1806//1806 1808//1808 1807//1807
f 1808//1808 1812//1812 1816//1816
f 1807//1807 1808//1808 1816//1816
f 1809//1809 1811//1811 1810//1810
f 1809//1809 1810//1810 1805//1805
f 1752//1752 1811//1811 1809//1809
f 1752//1752 1781//1781 1811//1811
f 1810//1810 1811//1811 1813//1813
f 1811//1811 1826//1826 1813//1813
f 1810//1810 1812//1812 1808//1808
f 1810//1810 1813//1813 1812//1812
f 1812//1812 1813//1813 1814//1814
f 1813//1813 1832//1832 1814//1814
f 1807//1807 1815//1815 1615//1615
f 1807//1807 1816//1816 1815//1815
f 1815//1815 1817//1817 1818//1818
f 1816//1816 1820//1820 1817//1817
f 1816//1816 1817//1817 1815//1815
f 1617//1617 1815//1815 1818//1818
f 1618//1618 1818//1818 1845//1845
f 1818//1818 1819//1819 1845//1845
f 1818//1818 1817//1817 1819//1819
f 1817//1817 1822//1822 1819//1819
f 1812//1812 1814//1814 1820//1820
f 1812//1812 1820//1820 1816//1816
f 1820//1820 1822//1822 1817//1817
f 1820//1820 1821//1821 1822//1822
f 1820//1820 1814//1814 1821//1821
f 1814//1814 1836//1836 1821//1821
f 1821//1821 1836//1836 1837//1837
f 1822//1822 1850//1850 1819//1819
f 1822//1822 1823//1823 1850//1850
f 1821//1821 1837//1837 1838//1838
f 1822//1822 1821//1821 1823//1823
f 1821//1821 1838//1838 1823//1823
f 1823//1823 1838//1838 1839//1839
f 1823//1823 1839//1839 1840//1840
f 1823//1823 1840//1840 1852//1852
f 1781//1781 1826//1826 1811//1811
f 1781//1781 1824//1824 1826//1826
f 1826//1826 1824//1824 1825//1825
f 1826//1826 1828//1828 1813//1813
f 1826//1826 1825//1825 1827//1827
f 1826//1826 1827//1827 1828//1828
f 1813//1813 1828//1828 1829//1829
f 1813//1813 1829//1829 1830//1830
f 1813//1813 1830//1830 1831//1831
f 1813//1813 1831//1831 1832//1832
f 1814//1814 1832//1832 1833//1833
f 1814//1814 1833//1833 1835//1835
f 1814//1814 1835//1835 1836//1836
f 1644//1644 1845//1845 1846//1846
f 1845//1845 1847//1847 1846//1846
f 1819//1819 1847//1847 1845//1845
f 1819//1819 1850//1850 1847//1847
f 1846//1846 1847//1847 1849//1849
f 1847//1847 1851//1851 1849//1849
f 1846//1846 1848//1848 1646//1646
f 1846//1846 1849//1849 1848//1848
f 1848//1848 1849//1849 1860//1860
f 1849//1849 1853//1853 1860//1860
f 1847//1847 1850//1850 1851//1851
f 1850//1850 1852//1852 1851//1851
f 1850//1850 1823//1823 1852//1852
f 1852//1852 1840//1840 1874//1874
f 1852//1852 1874//1874 1875//1875
f 1851//1851 1852//1852 1855//1855
f 1852//1852 1875//1875 1855//1855
f 1851//1851 1853//1853 1849//1849
f 1851//1851 1855//1855 1853//1853
f 1855//1855 1875//1875 1854//1854
f 1855//1855 1854//1854 1856//1856
f 1853//1853 1855//1855 1866//1866
f 1855//1855 1856//1856 1857//1857
f 1855//1855 1857//1857 1858//1858
f 1855//1855 1858//1858 1866//1866
f 1848//1848 1859//1859 1653//1653
f 1848//1848 1860//1860 1859//1859
f 1859//1859 1860//1860 1862//1862
f 1860//1860 1864//1864 1862//1862
f 1859//1859 1861//1861 1655//1655
f 1859//1859 1862//1862 1861//1861
f 1861//1861 3683//3683 1656//1656
f 1861//1861 1863//1863 3683//3683
f 1861//1861 1862//1862 1863//1863
f 1862//1862 1869//1869 1863//1863
f 1853//1853 1864//1864 1860//1860
f 1853//1853 1866//1866 1864//1864
f 1866//1866 1858//1858 1865//1865
f 1866//1866 1865//1865 1867//1867
f 1866//1866 1867//1867 1868//1868
f 1864//1864 1866//1866 1871//1871
f 1866//1866 1868//1868 1870//1870
f 1866//1866 1870//1870 1871//1871
f 1864//1864 1869//1869 1862//1862
f 1864//1864 1871//1871 1869//1869
f 1871//1871 1870//1870 1872//1872
f 3689//3689 1872//1872 1873//1873
f 1869//1869 1871//1871 3689//3689
f 1871//1871 1872//1872 3689//3689
f 393//393 3424//3424 2470//2470
f 394//394 2468//2468 2469//2469
f 392//392 2470//2470 2468//2468
f 2469//2469 2468//2468 2475//2475
f 2468//2468 2470//2470 2477//2477
f 2468//2468 2477//2477 2475//2475
f 2470//2470 3424//3424 2473//2473
f 396//396 2472//2472 2471//2471
f 397//397 2471//2471 2480//2480
f 395//395 2469//2469 2472//2472
f 2471//2471 2472//2472 2474//2474
f 2485//2485 2471//2471 2474//2474
f 2472//2472 2469//2469 2476//2476
f 2476//2476 2469//2469 2475//2475
f 2472//2472 2476//2476 2474//2474
f 2470//2470 2473//2473 2477//2477
f 2475//2475 2477//2477 2478//2478
f 2476//2476 2475//2475 2479//2479
f 2474//2474 2476//2476 2488//2488
f 2475//2475 2478//2478 2479//2479
f 2477//2477 2473//2473 2491//2491
f 2473//2473 3445//3445 2491//2491
f 2477//2477 2491//2491 2478//2478
f 2476//2476 2479//2479 2488//2488
f 2481//2481 405//405 2480//2480
f 2481//2481 2480//2480 2482//2482
f 2480//2480 2471//2471 2485//2485
f 2482//2482 2480//2480 2485//2485
f 2481//2481 2482//2482 2484//2484
f 407//407 2481//2481 2484//2484
f 407//407 2484//2484 2483//2483
f 2484//2484 2490//2490 2483//2483
f 2485//2485 2474//2474 2486//2486
f 2489//2489 2482//2482 2487//2487
f 2482//2482 2485//2485 2487//2487
f 2474//2474 2488//2488 2486//2486
f 2487//2487 2485//2485 2486//2486
f 2487//2487 2486//2486 2497//2497
f 2484//2484 2482//2482 2489//2489
f 2484//2484 2489//2489 2490//2490
f 2489//2489 2512//2512 2490//2490
f 2489//2489 2487//2487 2498//2498
f 2489//2489 2498//2498 2512//2512
f 2491//2491 3445//3445 2493//2493
f 2479//2479 2478//2478 2495//2495
f 2488//2488 2479//2479 2496//2496
f 2496//2496 2479//2479 2495//2495
f 2478//2478 2492//2492 2495//2495
f 2478//2478 2491//2491 2492//2492
f 2491//2491 2493//2493 2492//2492
f 2492//2492 2493//2493 2501//2501
f 2486//2486 2488//2488 2494//2494
f 2486//2486 2494//2494 2497//2497
f 2488//2488 2496//2496 2494//2494
f 2504//2504 2494//2494 2502//2502
f 2495//2495 2492//2492 2500//2500
f 2496//2496 2495//2495 2503//2503
f 2494//2494 2496//2496 2502//2502
f 2487//2487 2497//2497 2498//2498
f 2498//2498 2497//2497 2499//2499
f 2512//2512 2498//2498 2524//2524
f 2497//2497 2494//2494 2504//2504
f 2497//2497 2504//2504 2499//2499
f 2524//2524 2498//2498 2499//2499
f 2495//2495 2500//2500 2503//2503
f 2492//2492 2501//2501 2500//2500
f 2493//2493 3455//3455 2501//2501
f 2496//2496 2503//2503 2502//2502
f 2502//2502 2503//2503 2507//2507
f 2501//2501 3455//3455 2537//2537
f 2503//2503 2500//2500 2506//2506
f 2500//2500 2501//2501 2536//2536
f 2500//2500 2536//2536 2506//2506
f 2501//2501 2537//2537 2536//2536
f 2504//2504 2502//2502 2505//2505
f 2499//2499 2504//2504 2527//2527
f 2504//2504 2505//2505 2527//2527
f 2507//2507 2503//2503 2506//2506
f 2505//2505 2502//2502 2507//2507
f 403//403 2483//2483 2508//2508
f 2508//2508 2483//2483 2509//2509
f 2508//2508 2509//2509 2510//2510
f 425//425 2508//2508 2510//2510
f 2514//2514 425//425 2510//2510
f 2510//2510 2509//2509 2511//2511
f 2514//2514 2510//2510 2515//2515
f 2510//2510 2511//2511 2515//2515
f 2509//2509 2483//2483 2490//2490
f 2509//2509 2513//2513 2511//2511
f 2511//2511 2520//2520 2515//2515
f 2511//2511 2513//2513 2522//2522
f 2511//2511 2522//2522 2520//2520
f 2509//2509 2490//2490 2513//2513
f 2490//2490 2512//2512 2513//2513
f 2513//2513 2512//2512 2523//2523
f 2513//2513 2523//2523 2522//2522
f 428//428 2514//2514 2516//2516
f 2514//2514 2515//2515 2516//2516
f 2516//2516 2515//2515 2519//2519
f 2517//2517 428//428 2516//2516
f 2517//2517 2516//2516 2518//2518
f 2516//2516 2519//2519 2518//2518
f 2517//2517 2518//2518 2581//2581
f 2519//2519 2515//2515 2520//2520
f 2519//2519 2520//2520 2531//2531
f 2518//2518 2519//2519 2521//2521
f 2519//2519 2531//2531 2521//2521
f 2522//2522 2525//2525 2530//2530
f 2523//2523 2512//2512 2524//2524
f 2524//2524 2499//2499 2526//2526
f 2523//2523 2524//2524 2528//2528
f 2522//2522 2523//2523 2525//2525
f 2523//2523 2528//2528 2525//2525
f 2499//2499 2527//2527 2526//2526
f 2524//2524 2526//2526 2528//2528
f 2505//2505 2543//2543 2527//2527
f 2526//2526 2527//2527 2542//2542
f 2529//2529 2526//2526 2542//2542
f 2525//2525 2528//2528 2535//2535
f 2528//2528 2526//2526 2529//2529
f 2528//2528 2529//2529 2535//2535
f 2520//2520 2522//2522 2530//2530
f 2520//2520 2530//2530 2531//2531
f 2530//2530 2525//2525 2532//2532
f 2533//2533 2530//2530 2532//2532
f 2531//2531 2592//2592 2521//2521
f 2531//2531 2530//2530 2533//2533
f 2531//2531 2533//2533 2592//2592
f 2533//2533 2532//2532 2534//2534
f 2533//2533 2534//2534 2594//2594
f 2532//2532 2557//2557 2534//2534
f 2525//2525 2535//2535 2532//2532
f 2532//2532 2535//2535 2557//2557
f 2506//2506 2536//2536 2540//2540
f 2507//2507 2506//2506 2538//2538
f 2536//2536 2537//2537 2539//2539
f 2506//2506 2540//2540 2538//2538
f 2539//2539 2537//2537 3495//3495
f 2540//2540 2536//2536 2539//2539
f 2505//2505 2507//2507 2544//2544
f 2507//2507 2538//2538 2544//2544
f 2538//2538 2540//2540 2546//2546
f 2540//2540 2539//2539 2549//2549
f 2540//2540 2549//2549 2546//2546
f 2539//2539 3495//3495 2541//2541
f 2539//2539 2541//2541 2549//2549
f 2505//2505 2544//2544 2543//2543
f 2527//2527 2543//2543 2542//2542
f 2542//2542 2543//2543 2547//2547
f 2543//2543 2544//2544 2545//2545
f 2543//2543 2545//2545 2547//2547
f 2544//2544 2538//2538 2550//2550
f 2550//2550 2538//2538 2546//2546
f 2544//2544 2550//2550 2545//2545
f 2529//2529 2542//2542 2548//2548
f 2529//2529 2556//2556 2535//2535
f 2529//2529 2548//2548 2556//2556
f 2542//2542 2547//2547 2548//2548
f 2547//2547 2559//2559 2548//2548
f 2546//2546 2549//2549 2551//2551
f 2549//2549 2541//2541 2552//2552
f 2551//2551 2549//2549 2552//2552
f 2541//2541 3509//3509 2552//2552
f 2550//2550 2546//2546 2554//2554
f 2545//2545 2550//2550 2555//2555
f 2546//2546 2551//2551 2554//2554
f 2551//2551 2552//2552 2565//2565
f 2552//2552 3509//3509 2564//2564
f 2547//2547 2545//2545 2553//2553
f 2545//2545 2555//2555 2553//2553
f 2547//2547 2553//2553 2559//2559
f 2550//2550 2554//2554 2555//2555
f 2555//2555 2568//2568 2553//2553
f 2554//2554 2551//2551 2566//2566
f 2551//2551 2565//2565 2566//2566
f 2552//2552 2564//2564 2565//2565
f 2555//2555 2554//2554 2569//2569
f 2569//2569 2554//2554 2566//2566
f 2555//2555 2569//2569 2568//2568
f 2557//2557 2624//2624 2534//2534
f 2535//2535 2556//2556 2557//2557
f 2556//2556 2548//2548 2560//2560
f 2556//2556 2560//2560 2558//2558
f 2557//2557 2556//2556 2558//2558
f 2557//2557 2558//2558 2624//2624
f 2548//2548 2559//2559 2560//2560
f 2560//2560 2559//2559 2562//2562
f 2559//2559 2553//2553 2561//2561
f 2561//2561 2553//2553 2568//2568
f 2562//2562 2559//2559 2561//2561
f 2558//2558 2560//2560 2563//2563
f 2563//2563 2560//2560 2562//2562
f 2563//2563 2562//2562 2637//2637
f 2565//2565 2564//2564 2567//2567
f 2566//2566 2565//2565 2570//2570
f 2564//2564 3525//3525 2567//2567
f 2565//2565 2567//2567 2570//2570
f 2561//2561 2568//2568 2574//2574
f 2568//2568 2576//2576 2574//2574
f 2569//2569 2566//2566 2571//2571
f 2568//2568 2569//2569 2576//2576
f 2566//2566 2570//2570 2571//2571
f 2569//2569 2571//2571 2576//2576
f 2567//2567 3525//3525 2572//2572
f 2570//2570 2567//2567 2573//2573
f 2567//2567 2572//2572 2573//2573
f 2571//2571 2570//2570 2577//2577
f 2570//2570 2573//2573 2577//2577
f 2562//2562 2561//2561 2575//2575
f 2561//2561 2574//2574 2575//2575
f 2562//2562 2575//2575 2637//2637
f 2574//2574 2638//2638 2575//2575
f 2576//2576 2571//2571 2578//2578
f 2571//2571 2577//2577 2578//2578
f 2574//2574 2576//2576 2639//2639
f 2576//2576 2578//2578 2639//2639
f 2573//2573 2572//2572 2579//2579
f 2579//2579 2572//2572 3536//3536
f 2577//2577 2573//2573 2580//2580
f 2578//2578 2577//2577 2642//2642
f 2573//2573 2579//2579 2580//2580
f 2577//2577 2580//2580 2642//2642
f 2579//2579 3536//3536 3604//3604
f 2517//2517 2581//2581 482//482
f 2582//2582 482//482 2581//2581
f 2518//2518 2584//2584 2581//2581
f 2581//2581 2584//2584 2583//2583
f 2582//2582 2581//2581 2583//2583
f 2582//2582 2583//2583 2586//2586
f 2518//2518 2521//2521 2584//2584
f 2584//2584 2521//2521 2591//2591
f 2584//2584 2591//2591 2585//2585
f 2583//2583 2584//2584 2585//2585
f 2589//2589 2583//2583 2585//2585
f 2582//2582 2586//2586 486//486
f 486//486 2586//2586 2587//2587
f 2586//2586 2583//2583 2589//2589
f 2586//2586 2589//2589 2588//2588
f 2587//2587 2588//2588 2603//2603
f 2587//2587 2586//2586 2588//2588
f 2589//2589 2585//2585 2597//2597
f 2589//2589 2597//2597 2590//2590
f 2588//2588 2589//2589 2590//2590
f 2588//2588 2590//2590 2605//2605
f 2521//2521 2592//2592 2591//2591
f 2591//2591 2592//2592 2595//2595
f 2585//2585 2591//2591 2593//2593
f 2585//2585 2593//2593 2597//2597
f 2591//2591 2595//2595 2593//2593
f 2533//2533 2594//2594 2592//2592
f 2592//2592 2594//2594 2595//2595
f 2594//2594 2534//2534 2623//2623
f 2594//2594 2623//2623 2596//2596
f 2595//2595 2594//2594 2596//2596
f 2595//2595 2600//2600 2593//2593
f 2595//2595 2596//2596 2600//2600
f 2597//2597 2598//2598 2599//2599
f 2597//2597 2593//2593 2598//2598
f 2593//2593 2600//2600 2598//2598
f 2590//2590 2597//2597 2599//2599
f 2590//2590 2599//2599 2612//2612
f 2599//2599 2598//2598 2601//2601
f 2599//2599 2601//2601 2613//2613
f 2598//2598 2600//2600 2602//2602
f 2600//2600 2596//2596 2630//2630
f 2600//2600 2630//2630 2602//2602
f 2598//2598 2602//2602 2601//2601
f 2602//2602 2662//2662 2601//2601
f 2587//2587 2603//2603 500//500
f 500//500 2603//2603 502//502
f 2603//2603 2605//2605 2604//2604
f 2588//2588 2605//2605 2603//2603
f 502//502 2603//2603 2604//2604
f 502//502 2604//2604 2607//2607
f 2590//2590 2612//2612 2605//2605
f 2605//2605 2612//2612 2606//2606
f 2604//2604 2606//2606 2609//2609
f 2604//2604 2605//2605 2606//2606
f 2606//2606 2612//2612 2614//2614
f 2606//2606 2614//2614 2610//2610
f 2607//2607 2604//2604 2609//2609
f 2607//2607 2609//2609 2608//2608
f 2607//2607 2608//2608 507//507
f 507//507 2608//2608 2735//2735
f 2606//2606 2610//2610 2609//2609
f 2609//2609 2610//2610 2611//2611
f 2609//2609 2611//2611 2608//2608
f 2608//2608 2611//2611 2737//2737
f 2610//2610 2619//2619 2611//2611
f 2611//2611 2619//2619 2738//2738
f 2599//2599 2613//2613 2612//2612
f 2612//2612 2613//2613 2614//2614
f 2614//2614 2613//2613 2616//2616
f 2614//2614 2616//2616 2618//2618
f 2613//2613 2601//2601 2615//2615
f 2613//2613 2615//2615 2616//2616
f 2601//2601 2662//2662 2615//2615
f 2615//2615 2662//2662 2664//2664
f 2616//2616 2615//2615 2617//2617
f 2616//2616 2617//2617 2621//2621
f 2615//2615 2664//2664 2617//2617
f 2614//2614 2618//2618 2610//2610
f 2610//2610 2618//2618 2619//2619
f 2618//2618 2616//2616 2621//2621
f 2618//2618 2621//2621 2620//2620
f 2618//2618 2620//2620 2619//2619
f 2619//2619 2620//2620 2752//2752
f 2621//2621 2617//2617 2669//2669
f 2621//2621 2669//2669 2622//2622
f 2621//2621 2622//2622 2620//2620
f 2620//2620 2622//2622 2754//2754
f 2669//2669 2775//2775 2622//2622
f 2622//2622 2775//2775 2754//2754
f 2534//2534 2624//2624 2623//2623
f 2623//2623 2624//2624 2625//2625
f 2596//2596 2623//2623 2626//2626
f 2596//2596 2626//2626 2630//2630
f 2623//2623 2625//2625 2626//2626
f 2626//2626 2625//2625 2633//2633
f 2558//2558 2627//2627 2624//2624
f 2624//2624 2627//2627 2625//2625
f 2625//2625 2629//2629 2633//2633
f 2558//2558 2563//2563 2627//2627
f 2563//2563 2637//2637 2628//2628
f 2627//2627 2563//2563 2628//2628
f 2625//2625 2627//2627 2629//2629
f 2627//2627 2628//2628 2629//2629
f 2628//2628 2650//2650 2629//2629
f 2630//2630 2626//2626 2631//2631
f 2626//2626 2633//2633 2631//2631
f 2630//2630 2631//2631 2632//2632
f 2602//2602 2630//2630 2632//2632
f 2602//2602 2632//2632 2662//2662
f 2632//2632 2631//2631 2634//2634
f 2632//2632 2634//2634 2663//2663
f 2631//2631 2633//2633 2635//2635
f 2633//2633 2636//2636 2635//2635
f 2631//2631 2635//2635 2634//2634
f 2635//2635 2666//2666 2634//2634
f 2635//2635 2654//2654 2666//2666
f 2633//2633 2629//2629 2636//2636
f 2629//2629 2650//2650 2636//2636
f 2635//2635 2636//2636 2654//2654
f 2637//2637 2575//2575 2641//2641
f 2637//2637 2641//2641 2640//2640
f 2574//2574 2639//2639 2638//2638
f 2575//2575 2638//2638 2641//2641
f 2628//2628 2637//2637 2640//2640
f 2628//2628 2640//2640 2650//2650
f 2641//2641 2638//2638 2647//2647
f 2640//2640 2641//2641 2651//2651
f 2641//2641 2647//2647 2651//2651
f 2638//2638 2639//2639 2646//2646
f 2578//2578 2643//2643 2639//2639
f 2578//2578 2642//2642 2643//2643
f 2579//2579 2644//2644 2580//2580
f 2646//2646 2639//2639 2643//2643
f 2579//2579 3604//3604 2644//2644
f 2642//2642 2580//2580 2645//2645
f 2580//2580 2644//2644 2645//2645
f 2643//2643 2642//2642 2648//2648
f 2642//2642 2645//2645 2648//2648
f 2644//2644 3604//3604 3609//3609
f 2647//2647 2638//2638 2646//2646
f 2647//2647 2646//2646 2657//2657
f 2646//2646 2643//2643 2649//2649
f 2643//2643 2648//2648 2649//2649
f 2645//2645 2644//2644 2691//2691
f 2644//2644 3609//3609 2691//2691
f 2648//2648 2645//2645 2692//2692
f 2645//2645 2691//2691 2692//2692
f 2646//2646 2649//2649 2657//2657
f 2649//2649 2648//2648 2693//2693
f 2648//2648 2692//2692 2693//2693
f 2650//2650 2640//2640 2652//2652
f 2636//2636 2650//2650 2653//2653
f 2650//2650 2652//2652 2653//2653
f 2640//2640 2651//2651 2652//2652
f 2636//2636 2653//2653 2654//2654
f 2653//2653 2676//2676 2654//2654
f 2653//2653 2652//2652 2655//2655
f 2655//2655 2652//2652 2659//2659
f 2653//2653 2655//2655 2676//2676
f 2647//2647 2656//2656 2651//2651
f 2647//2647 2657//2657 2656//2656
f 2652//2652 2651//2651 2659//2659
f 2651//2651 2656//2656 2659//2659
f 2656//2656 2657//2657 2660//2660
f 2657//2657 2649//2649 2658//2658
f 2649//2649 2693//2693 2658//2658
f 2657//2657 2658//2658 2660//2660
f 2659//2659 2656//2656 2661//2661
f 2655//2655 2659//2659 2678//2678
f 2659//2659 2661//2661 2678//2678
f 2656//2656 2660//2660 2661//2661
f 2660//2660 2699//2699 2661//2661
f 2662//2662 2632//2632 2663//2663
f 2662//2662 2663//2663 2664//2664
f 2664//2664 2670//2670 2617//2617
f 2664//2664 2663//2663 2667//2667
f 2664//2664 2667//2667 2670//2670
f 2634//2634 2665//2665 2663//2663
f 2634//2634 2666//2666 2665//2665
f 2665//2665 2666//2666 2668//2668
f 2663//2663 2665//2665 2667//2667
f 2665//2665 2673//2673 2667//2667
f 2665//2665 2668//2668 2673//2673
f 2617//2617 2670//2670 2669//2669
f 2669//2669 2670//2670 2671//2671
f 2670//2670 2667//2667 2672//2672
f 2670//2670 2672//2672 2671//2671
f 2669//2669 2671//2671 2775//2775
f 2672//2672 2778//2778 2671//2671
f 2667//2667 2673//2673 2672//2672
f 2672//2672 2673//2673 2674//2674
f 2673//2673 2668//2668 2682//2682
f 2673//2673 2682//2682 2674//2674
f 2672//2672 2674//2674 2778//2778
f 2682//2682 2789//2789 2674//2674
f 2666//2666 2654//2654 2675//2675
f 2666//2666 2675//2675 2668//2668
f 2668//2668 2675//2675 2683//2683
f 2654//2654 2676//2676 2675//2675
f 2676//2676 2655//2655 2680//2680
f 2676//2676 2677//2677 2675//2675
f 2676//2676 2680//2680 2677//2677
f 2675//2675 2677//2677 2683//2683
f 2655//2655 2678//2678 2680//2680
f 2678//2678 2661//2661 2679//2679
f 2661//2661 2699//2699 2679//2679
f 2678//2678 2679//2679 2681//2681
f 2680//2680 2678//2678 2681//2681
f 2680//2680 2686//2686 2677//2677
f 2680//2680 2681//2681 2686//2686
f 2679//2679 2687//2687 2681//2681
f 2668//2668 2683//2683 2682//2682
f 2682//2682 2683//2683 2685//2685
f 2682//2682 2685//2685 2789//2789
f 2683//2683 2677//2677 2684//2684
f 2677//2677 2686//2686 2684//2684
f 2683//2683 2684//2684 2685//2685
f 2684//2684 2791//2791 2685//2685
f 2684//2684 2689//2689 2791//2791
f 2686//2686 2681//2681 2688//2688
f 2684//2684 2686//2686 2689//2689
f 2686//2686 2688//2688 2689//2689
f 2681//2681 2687//2687 2688//2688
f 2688//2688 2687//2687 2690//2690
f 2688//2688 2795//2795 2689//2689
f 2688//2688 2690//2690 2795//2795
f 2691//2691 3609//3609 3656//3656
f 2692//2692 2691//2691 2694//2694
f 2691//2691 3656//3656 2694//2694
f 2693//2693 2692//2692 2695//2695
f 2692//2692 2694//2694 2695//2695
f 2658//2658 2693//2693 2696//2696
f 2693//2693 2695//2695 2696//2696
f 2694//2694 3656//3656 3661//3661
f 2660//2660 2658//2658 2697//2697
f 2658//2658 2696//2696 2697//2697
f 2695//2695 2694//2694 2698//2698
f 2694//2694 3661//3661 2698//2698
f 2696//2696 2695//2695 2702//2702
f 2660//2660 2697//2697 2699//2699
f 2697//2697 2696//2696 2701//2701
f 2696//2696 2702//2702 2701//2701
f 2695//2695 2698//2698 2702//2702
f 2698//2698 3661//3661 3666//3666
f 2679//2679 2699//2699 2704//2704
f 2699//2699 2697//2697 2700//2700
f 2697//2697 2701//2701 2700//2700
f 2699//2699 2700//2700 2704//2704
f 2702//2702 2698//2698 2703//2703
f 2698//2698 3666//3666 2703//2703
f 2700//2700 2701//2701 2706//2706
f 2701//2701 2702//2702 2705//2705
f 2702//2702 2703//2703 2705//2705
f 2703//2703 3666//3666 3671//3671
f 2679//2679 2704//2704 2687//2687
f 2700//2700 2709//2709 2704//2704
f 2701//2701 2705//2705 2706//2706
f 2705//2705 2703//2703 2707//2707
f 2703//2703 3671//3671 2707//2707
f 2700//2700 2706//2706 2709//2709
f 2705//2705 2710//2710 2706//2706
f 2705//2705 2707//2707 2710//2710
f 2707//2707 3671//3671 3677//3677
f 2687//2687 2704//2704 2708//2708
f 2687//2687 2708//2708 2690//2690
f 2704//2704 2709//2709 2708//2708
f 2708//2708 2709//2709 2713//2713
f 2709//2709 2706//2706 2711//2711
f 2706//2706 2710//2710 2711//2711
f 2710//2710 2707//2707 2712//2712
f 2707//2707 3677//3677 2712//2712
f 2709//2709 2711//2711 2713//2713
f 2711//2711 2710//2710 2714//2714
f 2710//2710 2712//2712 2714//2714
f 2712//2712 3677//3677 3682//3682
f 2708//2708 2858//2858 2690//2690
f 2708//2708 2713//2713 2858//2858
f 2711//2711 2859//2859 2713//2713
f 2711//2711 2714//2714 2859//2859
f 2712//2712 2860//2860 2714//2714
f 2712//2712 3682//3682 2860//2860
f 2735//2735 2608//2608 2737//2737
f 2735//2735 2737//2737 2736//2736
f 2735//2735 2736//2736 720//720
f 720//720 2736//2736 2740//2740
f 2611//2611 2738//2738 2737//2737
f 2737//2737 2738//2738 2739//2739
f 2737//2737 2739//2739 2736//2736
f 2736//2736 2739//2739 2746//2746
f 2739//2739 2738//2738 2753//2753
f 2739//2739 2753//2753 2757//2757
f 720//720 2740//2740 726//726
f 726//726 2740//2740 2741//2741
f 2736//2736 2746//2746 2740//2740
f 2740//2740 2746//2746 2744//2744
f 2741//2741 2740//2740 2744//2744
f 2741//2741 2742//2742 730//730
f 2741//2741 2743//2743 2742//2742
f 2741//2741 2744//2744 2743//2743
f 2744//2744 2745//2745 2743//2743
f 2744//2744 2747//2747 2745//2745
f 2739//2739 2757//2757 2746//2746
f 2746//2746 2757//2757 2748//2748
f 2746//2746 2748//2748 2744//2744
f 2744//2744 2748//2748 2747//2747
f 2748//2748 2749//2749 2747//2747
f 2748//2748 2750//2750 2749//2749
f 2748//2748 2751//2751 2750//2750
f 2619//2619 2752//2752 2738//2738
f 2738//2738 2752//2752 2753//2753
f 2620//2620 2754//2754 2752//2752
f 2752//2752 2754//2754 2755//2755
f 2752//2752 2755//2755 2753//2753
f 2753//2753 2755//2755 2758//2758
f 2754//2754 2775//2775 2756//2756
f 2755//2755 2754//2754 2756//2756
f 2755//2755 2756//2756 2765//2765
f 2756//2756 2777//2777 2765//2765
f 2753//2753 2758//2758 2757//2757
f 2757//2757 2758//2758 2759//2759
f 2757//2757 2759//2759 2748//2748
f 2748//2748 2759//2759 2751//2751
f 2759//2759 2760//2760 2751//2751
f 2759//2759 2761//2761 2760//2760
f 2759//2759 2762//2762 2761//2761
f 2758//2758 2766//2766 2759//2759
f 2759//2759 2763//2763 2762//2762
f 2759//2759 2764//2764 2763//2763
f 2759//2759 2766//2766 2764//2764
f 2755//2755 2765//2765 2758//2758
f 2758//2758 2765//2765 2766//2766
f 2765//2765 2777//2777 2783//2783
f 2765//2765 2783//2783 2766//2766
f 2766//2766 2769//2769 2764//2764
f 2766//2766 2767//2767 2769//2769
f 2766//2766 2783//2783 2767//2767
f 2767//2767 2770//2770 2769//2769
f 2767//2767 2771//2771 2770//2770
f 2767//2767 2810//2810 2771//2771
f 2775//2775 2671//2671 2776//2776
f 2756//2756 2775//2775 2776//2776
f 2671//2671 2778//2778 2776//2776
f 2776//2776 2778//2778 2780//2780
f 2756//2756 2776//2776 2777//2777
f 2776//2776 2780//2780 2777//2777
f 2777//2777 2780//2780 2784//2784
f 2778//2778 2674//2674 2779//2779
f 2778//2778 2779//2779 2780//2780
f 2674//2674 2789//2789 2779//2779
f 2779//2779 2789//2789 2782//2782
f 2780//2780 2779//2779 2781//2781
f 2780//2780 2781//2781 2784//2784
f 2779//2779 2782//2782 2781//2781
f 2782//2782 2787//2787 2781//2781
f 2777//2777 2784//2784 2783//2783
f 2783//2783 2784//2784 2785//2785
f 2784//2784 2786//2786 2785//2785
f 2783//2783 2785//2785 2767//2767
f 2767//2767 2785//2785 2810//2810
f 2785//2785 2809//2809 2810//2810
f 2785//2785 2811//2811 2809//2809
f 2786//2786 2813//2813 2785//2785
f 2785//2785 2813//2813 2811//2811
f 2784//2784 2781//2781 2786//2786
f 2786//2786 2781//2781 2787//2787
f 2786//2786 2788//2788 2813//2813
f 2813//2813 2788//2788 2815//2815
f 2786//2786 2787//2787 2788//2788
f 2787//2787 2801//2801 2788//2788
f 2788//2788 2816//2816 2817//2817
f 2788//2788 2801//2801 2816//2816
f 2789//2789 2685//2685 2790//2790
f 2789//2789 2790//2790 2782//2782
f 2782//2782 2790//2790 2792//2792
f 2782//2782 2792//2792 2787//2787
f 2685//2685 2791//2791 2790//2790
f 2790//2790 2791//2791 2793//2793
f 2793//2793 2791//2791 2794//2794
f 2790//2790 2793//2793 2792//2792
f 2793//2793 2800//2800 2792//2792
f 2793//2793 2797//2797 2800//2800
f 2791//2791 2689//2689 2794//2794
f 2689//2689 2795//2795 2794//2794
f 2794//2794 2795//2795 2798//2798
f 2795//2795 2690//2690 2796//2796
f 2795//2795 2796//2796 2798//2798
f 2793//2793 2794//2794 2797//2797
f 2794//2794 2798//2798 2797//2797
f 2797//2797 2798//2798 2804//2804
f 2798//2798 2796//2796 2799//2799
f 2804//2804 2798//2798 2799//2799
f 2787//2787 2792//2792 2801//2801
f 2792//2792 2800//2800 2801//2801
f 2800//2800 2797//2797 2803//2803
f 2801//2801 2800//2800 2802//2802
f 2816//2816 2801//2801 2802//2802
f 2800//2800 2803//2803 2802//2802
f 2803//2803 2827//2827 2802//2802
f 2803//2803 2805//2805 2827//2827
f 2797//2797 2804//2804 2803//2803
f 2804//2804 2799//2799 2806//2806
f 2799//2799 2868//2868 2806//2806
f 2803//2803 2804//2804 2805//2805
f 2804//2804 2806//2806 2805//2805
f 2806//2806 2831//2831 2805//2805
f 2806//2806 2868//2868 2807//2807
f 2806//2806 2807//2807 2831//2831
f 2813//2813 2812//2812 2811//2811
f 2813//2813 2814//2814 2812//2812
f 2813//2813 2815//2815 2814//2814
f 2788//2788 2817//2817 2815//2815
f 2816//2816 2818//2818 2817//2817
f 2816//2816 2819//2819 2818//2818
f 2816//2816 2820//2820 2819//2819
f 2816//2816 2802//2802 2823//2823
f 2816//2816 2823//2823 2820//2820
f 2802//2802 2824//2824 2823//2823
f 2802//2802 2825//2825 2824//2824
f 2802//2802 2827//2827 2825//2825
f 2827//2827 2826//2826 2825//2825
f 2827//2827 2828//2828 2826//2826
f 2827//2827 2829//2829 2828//2828
f 2827//2827 2805//2805 2829//2829
f 2805//2805 2831//2831 2829//2829
f 2831//2831 2830//2830 2829//2829
f 2831//2831 2832//2832 2830//2830
f 2831//2831 2833//2833 2832//2832
f 2831//2831 2807//2807 2834//2834
f 2831//2831 2834//2834 2833//2833
f 2807//2807 2835//2835 2834//2834
f 2835//2835 2836//2836 2834//2834
f 2835//2835 2837//2837 2836//2836
f 2835//2835 2838//2838 2837//2837
f 2835//2835 2880//2880 2838//2838
f 2880//2880 2879//2879 2838//2838
f 2690//2690 2858//2858 2796//2796
f 2796//2796 2858//2858 2863//2863
f 2858//2858 2713//2713 2861//2861
f 2863//2863 2858//2858 2861//2861
f 2713//2713 2859//2859 2861//2861
f 2859//2859 2714//2714 2862//2862
f 2714//2714 2860//2860 2862//2862
f 2860//2860 3682//3682 3812//3812
f 2861//2861 2859//2859 2865//2865
f 2859//2859 2862//2862 2865//2865
f 2862//2862 2860//2860 2866//2866
f 2860//2860 3812//3812 2866//2866
f 2796//2796 2863//2863 2799//2799
f 2799//2799 2863//2863 2868//2868
f 2863//2863 2861//2861 2864//2864
f 2863//2863 2864//2864 2868//2868
f 2861//2861 2865//2865 2864//2864
f 2865//2865 2862//2862 2867//2867
f 2862//2862 2866//2866 2867//2867
f 2866//2866 3812//3812 3818//3818
f 2864//2864 2865//2865 2869//2869
f 2865//2865 2867//2867 2869//2869
f 2867//2867 2866//2866 2870//2870
f 2866//2866 3818//3818 2870//2870
f 2872//2872 2864//2864 2869//2869
f 2868//2868 2864//2864 2872//2872
f 2872//2872 2869//2869 2873//2873
f 2869//2869 2871//2871 2873//2873
f 2869//2869 2867//2867 2871//2871
f 2867//2867 2870//2870 2871//2871
f 2870//2870 3818//3818 3822//3822
f 2870//2870 3822//3822 2875//2875
f 2871//2871 2870//2870 2875//2875
f 2868//2868 2872//2872 2807//2807
f 2871//2871 2874//2874 2873//2873
f 2872//2872 2835//2835 2807//2807
f 2872//2872 2873//2873 2835//2835
f 2880//2880 2873//2873 2874//2874
f 2875//2875 2877//2877 2874//2874
f 2875//2875 3828//3828 2877//2877
f 2875//2875 3822//3822 3828//3828
f 2871//2871 2875//2875 2874//2874
f 2835//2835 2873//2873 2880//2880
f 2880//2880 2874//2874 2882//2882
f 2874//2874 2883//2883 2882//2882
f 2877//2877 3828//3828 3837//3837
f 2874//2874 2877//2877 2883//2883
f 2880//2880 2878//2878 2879//2879
f 2880//2880 2881//2881 2878//2878
f 2880//2880 2882//2882 2881//2881
f 2877//2877 2884//2884 2883//2883
f 2877//2877 2885//2885 2884//2884
f 2877//2877 2886//2886 2885//2885
f 2877//2877 3837//3837 2886//2886
f 393//393 1541//1541 3424//3424
f 1541//1541 3421//3421 3424//3424
f 1542//1542 3422//3422 3421//3421
f 1543//1543 3423//3423 3422//3422
f 3421//3421 3422//3422 3430//3430
f 3422//3422 3423//3423 3428//3428
f 3424//3424 3421//3421 3427//3427
f 3430//3430 3422//3422 3428//3428
f 1544//1544 3425//3425 3423//3423
f 1545//1545 3426//3426 3425//3425
f 1546//1546 3434//3434 3426//3426
f 3423//3423 3425//3425 3429//3429
f 3423//3423 3429//3429 3428//3428
f 3425//3425 3431//3431 3429//3429
f 3425//3425 3426//3426 3431//3431
f 3426//3426 3439//3439 3431//3431
f 2473//2473 3424//3424 3427//3427
f 3421//3421 3430//3430 3427//3427
f 3430//3430 3428//3428 3432//3432
f 3428//3428 3429//3429 3433//3433
f 3429//3429 3431//3431 3440//3440
f 2473//2473 3427//3427 3445//3445
f 3427//3427 3430//3430 3446//3446
f 3428//3428 3433//3433 3432//3432
f 3427//3427 3446//3446 3445//3445
f 3430//3430 3432//3432 3446//3446
f 3433//3433 3429//3429 3440//3440
f 1553//1553 3435//3435 3434//3434
f 3426//3426 3434//3434 3439//3439
f 3434//3434 3435//3435 3436//3436
f 3434//3434 3436//3436 3439//3439
f 3436//3436 3435//3435 3438//3438
f 3435//3435 1555//1555 3438//3438
f 1555//1555 3437//3437 3438//3438
f 3438//3438 3437//3437 3444//3444
f 3431//3431 3439//3439 3441//3441
f 3436//3436 3442//3442 3439//3439
f 3436//3436 3443//3443 3442//3442
f 3431//3431 3441//3441 3440//3440
f 3439//3439 3442//3442 3441//3441
f 3442//3442 3452//3452 3441//3441
f 3436//3436 3438//3438 3443//3443
f 3438//3438 3444//3444 3443//3443
f 3443//3443 3444//3444 3467//3467
f 3442//3442 3443//3443 3453//3453
f 3453//3453 3443//3443 3467//3467
f 3445//3445 3446//3446 3448//3448
f 3432//3432 3433//3433 3449//3449
f 3433//3433 3440//3440 3450//3450
f 3446//3446 3432//3432 3447//3447
f 3433//3433 3450//3450 3449//3449
f 3447//3447 3432//3432 3449//3449
f 2493//2493 3445//3445 3448//3448
f 3446//3446 3447//3447 3448//3448
f 2493//2493 3448//3448 3455//3455
f 3448//3448 3447//3447 3456//3456
f 3440//3440 3451//3451 3450//3450
f 3440//3440 3441//3441 3451//3451
f 3451//3451 3441//3441 3452//3452
f 3447//3447 3449//3449 3457//3457
f 3449//3449 3450//3450 3459//3459
f 3450//3450 3451//3451 3458//3458
f 3451//3451 3460//3460 3458//3458
f 3442//3442 3453//3453 3452//3452
f 3452//3452 3453//3453 3454//3454
f 3453//3453 3467//3467 3479//3479
f 3451//3451 3452//3452 3460//3460
f 3452//3452 3454//3454 3460//3460
f 3453//3453 3479//3479 3454//3454
f 3447//3447 3457//3457 3456//3456
f 3449//3449 3459//3459 3457//3457
f 3448//3448 3456//3456 3455//3455
f 3450//3450 3458//3458 3459//3459
f 3459//3459 3458//3458 3462//3462
f 3455//3455 3456//3456 3492//3492
f 3456//3456 3457//3457 3493//3493
f 3457//3457 3459//3459 3461//3461
f 2537//2537 3455//3455 3492//3492
f 3456//3456 3493//3493 3492//3492
f 3493//3493 3457//3457 3461//3461
f 3460//3460 3463//3463 3458//3458
f 3460//3460 3454//3454 3483//3483
f 3460//3460 3483//3483 3463//3463
f 3459//3459 3462//3462 3461//3461
f 3458//3458 3463//3463 3462//3462
f 3437//3437 3465//3465 3444//3444
f 1556//1556 3464//3464 3437//3437
f 3464//3464 3465//3465 3437//3437
f 3464//3464 3466//3466 3465//3465
f 3464//3464 1574//1574 3466//3466
f 1574//1574 3470//3470 3466//3466
f 3465//3465 3466//3466 3469//3469
f 3470//3470 3471//3471 3466//3466
f 3466//3466 3471//3471 3469//3469
f 3444//3444 3465//3465 3468//3468
f 3444//3444 3468//3468 3467//3467
f 3468//3468 3478//3478 3467//3467
f 3468//3468 3481//3481 3478//3478
f 3468//3468 3465//3465 3469//3469
f 3469//3469 3471//3471 3476//3476
f 3468//3468 3469//3469 3481//3481
f 3469//3469 3476//3476 3481//3481
f 1577//1577 3472//3472 3470//3470
f 3470//3470 3472//3472 3471//3471
f 3471//3471 3472//3472 3475//3475
f 1577//1577 3473//3473 3472//3472
f 3473//3473 3474//3474 3472//3472
f 3472//3472 3474//3474 3475//3475
f 3473//3473 3541//3541 3474//3474
f 3471//3471 3475//3475 3476//3476
f 3476//3476 3475//3475 3487//3487
f 3474//3474 3477//3477 3475//3475
f 3487//3487 3475//3475 3477//3477
f 3467//3467 3478//3478 3479//3479
f 3454//3454 3479//3479 3482//3482
f 3478//3478 3484//3484 3479//3479
f 3478//3478 3481//3481 3480//3480
f 3478//3478 3480//3480 3484//3484
f 3480//3480 3481//3481 3486//3486
f 3454//3454 3482//3482 3483//3483
f 3479//3479 3484//3484 3482//3482
f 3463//3463 3483//3483 3501//3501
f 3483//3483 3482//3482 3500//3500
f 3482//3482 3485//3485 3500//3500
f 3484//3484 3480//3480 3488//3488
f 3484//3484 3485//3485 3482//3482
f 3484//3484 3488//3488 3485//3485
f 3476//3476 3486//3486 3481//3481
f 3476//3476 3487//3487 3486//3486
f 3480//3480 3486//3486 3489//3489
f 3486//3486 3490//3490 3489//3489
f 3487//3487 3477//3477 3552//3552
f 3487//3487 3490//3490 3486//3486
f 3487//3487 3552//3552 3490//3490
f 3480//3480 3489//3489 3488//3488
f 3488//3488 3489//3489 3515//3515
f 3490//3490 3491//3491 3489//3489
f 3490//3490 3554//3554 3491//3491
f 3515//3515 3489//3489 3491//3491
f 2537//2537 3492//3492 3495//3495
f 3492//3492 3493//3493 3496//3496
f 3493//3493 3461//3461 3497//3497
f 3461//3461 3462//3462 3494//3494
f 3492//3492 3496//3496 3495//3495
f 3493//3493 3497//3497 3496//3496
f 3497//3497 3461//3461 3494//3494
f 3462//3462 3463//3463 3499//3499
f 3494//3494 3462//3462 3499//3499
f 3496//3496 3497//3497 3506//3506
f 3497//3497 3494//3494 3502//3502
f 3495//3495 3496//3496 3498//3498
f 2541//2541 3495//3495 3498//3498
f 3496//3496 3506//3506 3498//3498
f 3497//3497 3502//3502 3506//3506
f 3463//3463 3501//3501 3499//3499
f 3501//3501 3483//3483 3500//3500
f 3501//3501 3500//3500 3504//3504
f 3494//3494 3499//3499 3507//3507
f 3494//3494 3507//3507 3502//3502
f 3499//3499 3503//3503 3507//3507
f 3499//3499 3501//3501 3503//3503
f 3501//3501 3504//3504 3503//3503
f 3500//3500 3485//3485 3505//3505
f 3485//3485 3488//3488 3514//3514
f 3505//3505 3485//3485 3514//3514
f 3500//3500 3505//3505 3504//3504
f 3504//3504 3505//3505 3517//3517
f 3506//3506 3502//3502 3510//3510
f 2541//2541 3498//3498 3509//3509
f 3498//3498 3506//3506 3508//3508
f 3498//3498 3508//3508 3509//3509
f 3506//3506 3510//3510 3508//3508
f 3502//3502 3507//3507 3512//3512
f 3507//3507 3503//3503 3513//3513
f 3502//3502 3512//3512 3510//3510
f 3508//3508 3510//3510 3523//3523
f 3509//3509 3508//3508 3522//3522
f 3512//3512 3507//3507 3513//3513
f 3503//3503 3504//3504 3511//3511
f 3503//3503 3511//3511 3513//3513
f 3511//3511 3504//3504 3517//3517
f 3510//3510 3512//3512 3524//3524
f 2564//2564 3509//3509 3522//3522
f 3522//3522 3508//3508 3523//3523
f 3523//3523 3510//3510 3524//3524
f 3512//3512 3513//3513 3527//3527
f 3524//3524 3512//3512 3527//3527
f 3513//3513 3528//3528 3527//3527
f 3513//3513 3511//3511 3528//3528
f 3488//3488 3515//3515 3514//3514
f 3505//3505 3514//3514 3518//3518
f 3518//3518 3514//3514 3516//3516
f 3514//3514 3515//3515 3516//3516
f 3515//3515 3584//3584 3516//3516
f 3515//3515 3491//3491 3584//3584
f 3505//3505 3518//3518 3517//3517
f 3518//3518 3520//3520 3517//3517
f 3511//3511 3517//3517 3519//3519
f 3511//3511 3519//3519 3528//3528
f 3517//3517 3520//3520 3519//3519
f 3518//3518 3516//3516 3521//3521
f 3518//3518 3521//3521 3520//3520
f 3520//3520 3521//3521 3597//3597
f 2564//2564 3522//3522 3525//3525
f 3522//3522 3523//3523 3526//3526
f 3523//3523 3524//3524 3529//3529
f 3522//3522 3526//3526 3525//3525
f 3523//3523 3529//3529 3526//3526
f 3524//3524 3527//3527 3530//3530
f 3527//3527 3528//3528 3535//3535
f 3524//3524 3530//3530 3529//3529
f 3527//3527 3535//3535 3530//3530
f 3528//3528 3519//3519 3533//3533
f 3528//3528 3533//3533 3535//3535
f 3525//3525 3526//3526 3531//3531
f 3526//3526 3529//3529 3532//3532
f 2572//2572 3525//3525 3531//3531
f 3526//3526 3532//3532 3531//3531
f 3529//3529 3530//3530 3537//3537
f 3532//3532 3529//3529 3537//3537
f 2572//2572 3531//3531 3536//3536
f 3519//3519 3520//3520 3534//3534
f 3519//3519 3534//3534 3533//3533
f 3520//3520 3597//3597 3534//3534
f 3530//3530 3535//3535 3538//3538
f 3530//3530 3538//3538 3537//3537
f 3535//3535 3533//3533 3598//3598
f 3538//3538 3535//3535 3598//3598
f 3533//3533 3534//3534 3599//3599
f 3531//3531 3532//3532 3539//3539
f 3531//3531 3539//3539 3536//3536
f 3532//3532 3537//3537 3540//3540
f 3532//3532 3540//3540 3539//3539
f 3537//3537 3538//3538 3602//3602
f 3536//3536 3539//3539 3604//3604
f 3537//3537 3602//3602 3540//3540
f 3473//3473 1631//1631 3541//3541
f 1631//1631 3542//3542 3541//3541
f 3474//3474 3541//3541 3544//3544
f 3541//3541 3543//3543 3544//3544
f 3542//3542 3543//3543 3541//3541
f 3542//3542 3546//3546 3543//3543
f 3474//3474 3544//3544 3477//3477
f 3544//3544 3551//3551 3477//3477
f 3544//3544 3545//3545 3551//3551
f 3543//3543 3545//3545 3544//3544
f 3543//3543 3549//3549 3545//3545
f 3542//3542 1635//1635 3546//3546
f 1635//1635 3547//3547 3546//3546
f 3543//3543 3546//3546 3549//3549
f 3546//3546 3548//3548 3549//3549
f 3547//3547 3563//3563 3548//3548
f 3547//3547 3548//3548 3546//3546
f 3549//3549 3557//3557 3545//3545
f 3549//3549 3550//3550 3557//3557
f 3548//3548 3550//3550 3549//3549
f 3548//3548 3565//3565 3550//3550
f 3477//3477 3551//3551 3552//3552
f 3551//3551 3555//3555 3552//3552
f 3551//3551 3545//3545 3553//3553
f 3545//3545 3557//3557 3553//3553
f 3551//3551 3553//3553 3555//3555
f 3490//3490 3552//3552 3554//3554
f 3552//3552 3555//3555 3554//3554
f 3491//3491 3554//3554 3583//3583
f 3554//3554 3556//3556 3583//3583
f 3555//3555 3556//3556 3554//3554
f 3555//3555 3553//3553 3560//3560
f 3555//3555 3560//3560 3556//3556
f 3557//3557 3559//3559 3558//3558
f 3557//3557 3558//3558 3553//3553
f 3553//3553 3558//3558 3560//3560
f 3550//3550 3559//3559 3557//3557
f 3550//3550 3572//3572 3559//3559
f 3559//3559 3561//3561 3558//3558
f 3559//3559 3573//3573 3561//3561
f 3558//3558 3562//3562 3560//3560
f 3556//3556 3560//3560 3590//3590
f 3590//3590 3560//3560 3562//3562
f 3558//3558 3561//3561 3562//3562
f 3562//3562 3561//3561 3624//3624
f 3547//3547 1649//1649 3563//3563
f 1649//1649 1651//1651 3563//3563
f 3548//3548 3563//3563 3565//3565
f 3563//3563 3564//3564 3565//3565
f 1651//1651 3564//3564 3563//3563
f 1651//1651 3567//3567 3564//3564
f 3550//3550 3565//3565 3572//3572
f 3565//3565 3566//3566 3572//3572
f 3564//3564 3566//3566 3565//3565
f 3564//3564 3569//3569 3566//3566
f 3566//3566 3574//3574 3572//3572
f 3566//3566 3570//3570 3574//3574
f 3567//3567 3569//3569 3564//3564
f 3567//3567 3568//3568 3569//3569
f 3567//3567 1656//1656 3568//3568
f 1656//1656 3683//3683 3568//3568
f 3566//3566 3569//3569 3570//3570
f 3569//3569 3571//3571 3570//3570
f 3569//3569 3568//3568 3571//3571
f 3568//3568 3685//3685 3571//3571
f 3570//3570 3571//3571 3579//3579
f 3571//3571 3686//3686 3579//3579
f 3559//3559 3572//3572 3573//3573
f 3573//3573 3572//3572 3574//3574
f 3573//3573 3574//3574 3576//3576
f 3576//3576 3574//3574 3578//3578
f 3573//3573 3575//3575 3561//3561
f 3573//3573 3576//3576 3575//3575
f 3561//3561 3575//3575 3624//3624
f 3575//3575 3626//3626 3624//3624
f 3576//3576 3577//3577 3575//3575
f 3576//3576 3581//3581 3577//3577
f 3575//3575 3577//3577 3626//3626
f 3574//3574 3570//3570 3578//3578
f 3570//3570 3579//3579 3578//3578
f 3576//3576 3578//3578 3581//3581
f 3578//3578 3580//3580 3581//3581
f 3578//3578 3579//3579 3580//3580
f 3579//3579 3701//3701 3580//3580
f 3581//3581 3631//3631 3577//3577
f 3581//3581 3582//3582 3631//3631
f 3581//3581 3580//3580 3582//3582
f 3580//3580 3703//3703 3582//3582
f 3631//3631 3582//3582 3725//3725
f 3582//3582 3703//3703 3725//3725
f 3516//3516 3584//3584 3587//3587
f 3584//3584 3585//3585 3587//3587
f 3491//3491 3583//3583 3584//3584
f 3584//3584 3583//3583 3585//3585
f 3556//3556 3586//3586 3583//3583
f 3556//3556 3590//3590 3586//3586
f 3583//3583 3586//3586 3585//3585
f 3586//3586 3594//3594 3585//3585
f 3516//3516 3587//3587 3521//3521
f 3597//3597 3521//3521 3588//3588
f 3587//3587 3588//3588 3521//3521
f 3587//3587 3585//3585 3589//3589
f 3587//3587 3589//3589 3588//3588
f 3588//3588 3589//3589 3612//3612
f 3589//3589 3585//3585 3594//3594
f 3590//3590 3591//3591 3586//3586
f 3586//3586 3591//3591 3594//3594
f 3590//3590 3592//3592 3591//3591
f 3590//3590 3562//3562 3592//3592
f 3592//3592 3562//3562 3624//3624
f 3592//3592 3595//3595 3591//3591
f 3592//3592 3625//3625 3595//3595
f 3589//3589 3594//3594 3593//3593
f 3589//3589 3593//3593 3612//3612
f 3593//3593 3596//3596 3616//3616
f 3594//3594 3591//3591 3596//3596
f 3593//3593 3594//3594 3596//3596
f 3591//3591 3595//3595 3596//3596
f 3596//3596 3595//3595 3628//3628
f 3596//3596 3628//3628 3616//3616
f 3534//3534 3597//3597 3601//3601
f 3601//3601 3597//3597 3600//3600
f 3533//3533 3599//3599 3598//3598
f 3599//3599 3534//3534 3601//3601
f 3597//3597 3588//3588 3600//3600
f 3600//3600 3588//3588 3612//3612
f 3599//3599 3601//3601 3608//3608
f 3601//3601 3600//3600 3613//3613
f 3601//3601 3613//3613 3608//3608
f 3538//3538 3598//3598 3603//3603
f 3539//3539 3540//3540 3605//3605
f 3538//3538 3603//3603 3602//3602
f 3598//3598 3607//3607 3603//3603
f 3598//3598 3599//3599 3607//3607
f 3539//3539 3605//3605 3604//3604
f 3540//3540 3602//3602 3606//3606
f 3540//3540 3606//3606 3605//3605
f 3602//3602 3603//3603 3610//3610
f 3602//3602 3610//3610 3606//3606
f 3604//3604 3605//3605 3609//3609
f 3603//3603 3607//3607 3611//3611
f 3599//3599 3608//3608 3607//3607
f 3607//3607 3608//3608 3620//3620
f 3610//3610 3603//3603 3611//3611
f 3605//3605 3606//3606 3653//3653
f 3609//3609 3605//3605 3653//3653
f 3606//3606 3610//3610 3654//3654
f 3653//3653 3606//3606 3654//3654
f 3607//3607 3620//3620 3611//3611
f 3610//3610 3611//3611 3655//3655
f 3610//3610 3655//3655 3654//3654
f 3600//3600 3612//3612 3614//3614
f 3593//3593 3615//3615 3612//3612
f 3612//3612 3615//3615 3614//3614
f 3600//3600 3614//3614 3613//3613
f 3593//3593 3616//3616 3615//3615
f 3615//3615 3616//3616 3638//3638
f 3614//3614 3615//3615 3617//3617
f 3621//3621 3614//3614 3617//3617
f 3615//3615 3638//3638 3617//3617
f 3608//3608 3613//3613 3618//3618
f 3608//3608 3618//3618 3620//3620
f 3613//3613 3614//3614 3621//3621
f 3618//3618 3613//3613 3621//3621
f 3611//3611 3620//3620 3619//3619
f 3655//3655 3611//3611 3619//3619
f 3619//3619 3620//3620 3622//3622
f 3618//3618 3622//3622 3620//3620
f 3618//3618 3621//3621 3623//3623
f 3621//3621 3617//3617 3640//3640
f 3621//3621 3640//3640 3623//3623
f 3618//3618 3623//3623 3622//3622
f 3622//3622 3623//3623 3664//3664
f 3592//3592 3624//3624 3625//3625
f 3625//3625 3624//3624 3626//3626
f 3626//3626 3577//3577 3632//3632
f 3625//3625 3626//3626 3629//3629
f 3629//3629 3626//3626 3632//3632
f 3595//3595 3625//3625 3627//3627
f 3595//3595 3627//3627 3628//3628
f 3628//3628 3627//3627 3630//3630
f 3625//3625 3629//3629 3627//3627
f 3627//3627 3629//3629 3635//3635
f 3627//3627 3635//3635 3630//3630
f 3577//3577 3631//3631 3632//3632
f 3632//3632 3631//3631 3633//3633
f 3629//3629 3632//3632 3634//3634
f 3634//3634 3632//3632 3633//3633
f 3631//3631 3725//3725 3633//3633
f 3634//3634 3633//3633 3728//3728
f 3629//3629 3634//3634 3635//3635
f 3634//3634 3636//3636 3635//3635
f 3630//3630 3635//3635 3647//3647
f 3647//3647 3635//3635 3636//3636
f 3634//3634 3728//3728 3636//3636
f 3647//3647 3636//3636 3743//3743
f 3616//3616 3637//3637 3638//3638
f 3638//3638 3642//3642 3617//3617
f 3638//3638 3637//3637 3639//3639
f 3638//3638 3639//3639 3642//3642
f 3637//3637 3644//3644 3639//3639
f 3628//3628 3637//3637 3616//3616
f 3628//3628 3630//3630 3637//3637
f 3630//3630 3644//3644 3637//3637
f 3640//3640 3617//3617 3642//3642
f 3640//3640 3641//3641 3623//3623
f 3664//3664 3623//3623 3641//3641
f 3640//3640 3643//3643 3641//3641
f 3640//3640 3642//3642 3643//3643
f 3642//3642 3639//3639 3648//3648
f 3643//3643 3642//3642 3648//3648
f 3641//3641 3643//3643 3649//3649
f 3644//3644 3645//3645 3639//3639
f 3639//3639 3645//3645 3648//3648
f 3644//3644 3646//3646 3645//3645
f 3645//3645 3646//3646 3740//3740
f 3645//3645 3740//3740 3651//3651
f 3630//3630 3647//3647 3644//3644
f 3647//3647 3646//3646 3644//3644
f 3647//3647 3743//3743 3646//3646
f 3643//3643 3648//3648 3650//3650
f 3648//3648 3645//3645 3651//3651
f 3650//3650 3648//3648 3651//3651
f 3649//3649 3643//3643 3650//3650
f 3649//3649 3650//3650 3652//3652
f 3650//3650 3651//3651 3745//3745
f 3650//3650 3745//3745 3652//3652
f 3609//3609 3653//3653 3656//3656
f 3653//3653 3657//3657 3656//3656
f 3653//3653 3654//3654 3657//3657
f 3654//3654 3655//3655 3658//3658
f 3657//3657 3654//3654 3658//3658
f 3655//3655 3619//3619 3659//3659
f 3655//3655 3659//3659 3658//3658
f 3656//3656 3657//3657 3661//3661
f 3619//3619 3622//3622 3660//3660
f 3659//3659 3619//3619 3660//3660
f 3661//3661 3657//3657 3662//3662
f 3657//3657 3658//3658 3662//3662
f 3658//3658 3659//3659 3665//3665
f 3622//3622 3664//3664 3660//3660
f 3659//3659 3660//3660 3667//3667
f 3659//3659 3667//3667 3665//3665
f 3661//3661 3662//3662 3666//3666
f 3658//3658 3665//3665 3662//3662
f 3660//3660 3664//3664 3663//3663
f 3667//3667 3660//3660 3663//3663
f 3664//3664 3669//3669 3663//3663
f 3664//3664 3641//3641 3669//3669
f 3666//3666 3662//3662 3668//3668
f 3662//3662 3665//3665 3668//3668
f 3665//3665 3667//3667 3670//3670
f 3668//3668 3665//3665 3670//3670
f 3667//3667 3663//3663 3672//3672
f 3666//3666 3668//3668 3671//3671
f 3663//3663 3669//3669 3675//3675
f 3669//3669 3641//3641 3649//3649
f 3670//3670 3667//3667 3672//3672
f 3671//3671 3668//3668 3673//3673
f 3668//3668 3670//3670 3673//3673
f 3670//3670 3672//3672 3676//3676
f 3672//3672 3663//3663 3675//3675
f 3673//3673 3670//3670 3676//3676
f 3671//3671 3673//3673 3677//3677
f 3669//3669 3674//3674 3675//3675
f 3675//3675 3674//3674 3680//3680
f 3669//3669 3649//3649 3674//3674
f 3674//3674 3649//3649 3652//3652
f 3672//3672 3675//3675 3678//3678
f 3676//3676 3672//3672 3678//3678
f 3673//3673 3676//3676 3679//3679
f 3677//3677 3673//3673 3679//3679
f 3678//3678 3675//3675 3680//3680
f 3676//3676 3678//3678 3681//3681
f 3679//3679 3676//3676 3681//3681
f 3677//3677 3679//3679 3682//3682
f 3674//3674 3807//3807 3680//3680
f 3674//3674 3652//3652 3807//3807
f 3678//3678 3680//3680 3808//3808
f 3679//3679 3809//3809 3682//3682
f 3679//3679 3681//3681 3809//3809
f 3678//3678 3808//3808 3681//3681
f 3683//3683 3685//3685 3568//3568
f 3683//3683 3684//3684 3685//3685
f 3683//3683 1863//1863 3684//3684
f 1863//1863 3688//3688 3684//3684
f 3571//3571 3685//3685 3686//3686
f 3685//3685 3687//3687 3686//3686
f 3684//3684 3694//3694 3687//3687
f 3685//3685 3684//3684 3687//3687
f 3687//3687 3702//3702 3686//3686
f 3687//3687 3706//3706 3702//3702
f 1863//1863 1869//1869 3688//3688
f 1869//1869 3689//3689 3688//3688
f 3688//3688 3692//3692 3694//3694
f 3684//3684 3688//3688 3694//3694
f 3689//3689 3692//3692 3688//3688
f 3689//3689 1873//1873 3690//3690
f 3689//3689 3690//3690 3691//3691
f 3689//3689 3691//3691 3692//3692
f 3692//3692 3691//3691 3693//3693
f 3692//3692 3693//3693 3695//3695
f 3687//3687 3694//3694 3706//3706
f 3694//3694 3696//3696 3706//3706
f 3694//3694 3692//3692 3696//3696
f 3692//3692 3695//3695 3696//3696
f 3696//3696 3695//3695 3697//3697
f 3696//3696 3697//3697 3698//3698
f 3696//3696 3698//3698 3699//3699
f 3579//3579 3686//3686 3701//3701
f 3686//3686 3702//3702 3701//3701
f 3580//3580 3701//3701 3703//3703
f 3704//3704 3703//3703 3701//3701
f 3704//3704 3701//3701 3702//3702
f 3704//3704 3702//3702 3707//3707
f 3703//3703 3705//3705 3725//3725
f 3704//3704 3705//3705 3703//3703
f 3704//3704 3714//3714 3705//3705
f 3705//3705 3714//3714 3727//3727
f 3707//3707 3702//3702 3706//3706
f 3707//3707 3706//3706 3708//3708
f 3706//3706 3696//3696 3708//3708
f 3696//3696 3699//3699 3708//3708
f 3708//3708 3699//3699 3709//3709
f 3708//3708 3709//3709 3710//3710
f 3708//3708 3710//3710 3711//3711
f 3707//3707 3708//3708 3715//3715
f 3708//3708 3711//3711 3712//3712
f 3708//3708 3712//3712 3713//3713
f 3708//3708 3713//3713 3715//3715
f 3704//3704 3707//3707 3714//3714
f 3707//3707 3715//3715 3714//3714
f 3714//3714 3733//3733 3727//3727
f 3714//3714 3715//3715 3733//3733
f 3715//3715 3713//3713 3717//3717
f 3715//3715 3717//3717 3716//3716
f 3715//3715 3716//3716 3733//3733
f 3716//3716 3717//3717 3718//3718
f 3716//3716 3719//3719 3759//3759
f 3716//3716 3718//3718 3719//3719
f 3633//3633 3725//3725 3726//3726
f 3705//3705 3726//3726 3725//3725
f 3728//3728 3633//3633 3726//3726
f 3728//3728 3726//3726 3730//3730
f 3705//3705 3727//3727 3726//3726
f 3730//3730 3726//3726 3727//3727
f 3730//3730 3727//3727 3734//3734
f 3728//3728 3729//3729 3636//3636
f 3728//3728 3730//3730 3729//3729
f 3743//3743 3636//3636 3729//3729
f 3743//3743 3729//3729 3732//3732
f 3730//3730 3731//3731 3729//3729
f 3730//3730 3734//3734 3731//3731
f 3732//3732 3729//3729 3731//3731
f 3732//3732 3731//3731 3737//3737
f 3734//3734 3727//3727 3733//3733
f 3734//3734 3733//3733 3735//3735
f 3734//3734 3735//3735 3736//3736
f 3735//3735 3733//3733 3716//3716
f 3735//3735 3716//3716 3759//3759
f 3735//3735 3759//3759 3758//3758
f 3735//3735 3758//3758 3760//3760
f 3736//3736 3735//3735 3762//3762
f 3735//3735 3760//3760 3762//3762
f 3764//3764 3751//3751 3738//3738
f 3734//3734 3736//3736 3731//3731
f 3736//3736 3737//3737 3731//3731
f 3736//3736 3762//3762 3738//3738
f 3762//3762 3769//3769 3738//3738
f 3736//3736 3738//3738 3737//3737
f 3737//3737 3738//3738 3751//3751
f 3764//3764 3738//3738 3765//3765
f 3646//3646 3739//3739 3740//3740
f 3739//3739 3742//3742 3740//3740
f 3742//3742 3744//3744 3740//3740
f 3739//3739 3741//3741 3742//3742
f 3742//3742 3741//3741 3750//3750
f 3742//3742 3750//3750 3747//3747
f 3743//3743 3739//3739 3646//3646
f 3743//3743 3732//3732 3739//3739
f 3732//3732 3741//3741 3739//3739
f 3732//3732 3737//3737 3741//3741
f 3651//3651 3740//3740 3744//3744
f 3745//3745 3651//3651 3744//3744
f 3745//3745 3744//3744 3748//3748
f 3652//3652 3745//3745 3746//3746
f 3746//3746 3745//3745 3748//3748
f 3742//3742 3747//3747 3744//3744
f 3748//3748 3744//3744 3747//3747
f 3754//3754 3748//3748 3747//3747
f 3746//3746 3748//3748 3749//3749
f 3754//3754 3749//3749 3748//3748
f 3741//3741 3751//3751 3750//3750
f 3750//3750 3753//3753 3747//3747
f 3751//3751 3752//3752 3750//3750
f 3764//3764 3752//3752 3751//3751
f 3750//3750 3752//3752 3753//3753
f 3753//3753 3752//3752 3775//3775
f 3755//3755 3753//3753 3775//3775
f 3737//3737 3751//3751 3741//3741
f 3754//3754 3747//3747 3753//3753
f 3754//3754 3756//3756 3749//3749
f 3819//3819 3749//3749 3756//3756
f 3754//3754 3753//3753 3755//3755
f 3754//3754 3755//3755 3756//3756
f 3756//3756 3755//3755 3780//3780
f 3819//3819 3756//3756 3757//3757
f 3756//3756 3780//3780 3757//3757
f 3762//3762 3760//3760 3761//3761
f 3762//3762 3761//3761 3763//3763
f 3764//3764 3765//3765 3766//3766
f 3764//3764 3766//3766 3767//3767
f 3764//3764 3767//3767 3768//3768
f 3762//3762 3763//3763 3769//3769
f 3738//3738 3769//3769 3765//3765
f 3764//3764 3771//3771 3752//3752
f 3764//3764 3768//3768 3771//3771
f 3752//3752 3771//3771 3772//3772
f 3752//3752 3772//3772 3773//3773
f 3775//3775 3752//3752 3773//3773
f 3775//3775 3773//3773 3774//3774
f 3775//3775 3774//3774 3776//3776
f 3775//3775 3776//3776 3778//3778
f 3755//3755 3775//3775 3778//3778
f 3780//3780 3755//3755 3778//3778
f 3780//3780 3778//3778 3779//3779
f 3780//3780 3779//3779 3781//3781
f 3780//3780 3781//3781 3786//3786
f 3782//3782 3757//3757 3787//3787
f 3782//3782 3787//3787 3783//3783
f 3782//3782 3783//3783 3784//3784
f 3782//3782 3784//3784 3785//3785
f 3836//3836 3782//3782 3785//3785
f 3836//3836 3785//3785 3834//3834
f 3780//3780 3787//3787 3757//3757
f 3780//3780 3786//3786 3787//3787
f 3680//3680 3807//3807 3810//3810
f 3814//3814 3810//3810 3807//3807
f 3807//3807 3652//3652 3746//3746
f 3814//3814 3807//3807 3746//3746
f 3808//3808 3680//3680 3810//3810
f 3681//3681 3808//3808 3811//3811
f 3809//3809 3681//3681 3811//3811
f 3682//3682 3809//3809 3812//3812
f 3808//3808 3810//3810 3815//3815
f 3811//3811 3808//3808 3815//3815
f 3809//3809 3811//3811 3816//3816
f 3812//3812 3809//3809 3816//3816
f 3814//3814 3813//3813 3810//3810
f 3814//3814 3819//3819 3813//3813
f 3814//3814 3746//3746 3749//3749
f 3814//3814 3749//3749 3819//3819
f 3811//3811 3815//3815 3817//3817
f 3815//3815 3810//3810 3813//3813
f 3816//3816 3811//3811 3817//3817
f 3812//3812 3816//3816 3818//3818
f 3815//3815 3813//3813 3821//3821
f 3815//3815 3821//3821 3817//3817
f 3816//3816 3820//3820 3818//3818
f 3816//3816 3817//3817 3820//3820
f 3821//3821 3813//3813 3824//3824
f 3824//3824 3813//3813 3819//3819
f 3821//3821 3824//3824 3825//3825
f 3823//3823 3821//3821 3825//3825
f 3817//3817 3821//3821 3823//3823
f 3820//3820 3817//3817 3823//3823
f 3818//3818 3820//3820 3822//3822
f 3822//3822 3820//3820 3827//3827
f 3820//3820 3823//3823 3827//3827
f 3824//3824 3819//3819 3757//3757
f 3823//3823 3825//3825 3826//3826
f 3824//3824 3757//3757 3782//3782
f 3825//3825 3824//3824 3782//3782
f 3836//3836 3826//3826 3825//3825
f 3827//3827 3829//3829 3828//3828
f 3827//3827 3826//3826 3829//3829
f 3822//3822 3827//3827 3828//3828
f 3827//3827 3823//3823 3826//3826
f 3836//3836 3830//3830 3826//3826
f 3826//3826 3830//3830 3831//3831
f 3836//3836 3825//3825 3782//3782
f 3828//3828 3829//3829 3837//3837
f 3829//3829 3826//3826 3831//3831
f 3836//3836 3834//3834 3833//3833
f 3836//3836 3835//3835 3830//3830
f 3836//3836 3833//3833 3835//3835
f 3829//3829 3838//3838 3837//3837
f 3829//3829 3839//3839 3838//3838
f 3829//3829 3832//3832 3839//3839
f 3829//3829 3831//3831 3832//3832
