# tail segment 1 - visual mesh
# 5120 triangles, volume 110.345 ml
# generated by tools/make_meshes.py - do not edit by hand
v -0.031566 0.025520 0.000000
v -0.008434 0.025520 0.000000
v -0.031566 -0.025520 0.000000
v -0.008434 -0.025520 0.000000
v -0.020000 -0.015772 0.034026
v -0.020000 0.015772 0.034026
v -0.020000 -0.015772 -0.034026
v -0.020000 0.015772 -0.034026
v -0.001286 0.000000 -0.021029
v -0.001286 0.000000 0.021029
v -0.038714 0.000000 -0.021029
v -0.038714 0.000000 0.021029
v -0.020000 0.030000 0.000000
v -0.020000 -0.030000 0.000000
v -0.026798 -0.024271 0.020000
v -0.013202 -0.024271 0.020000
v -0.026798 0.024271 0.020000
v -0.013202 0.024271 0.020000
v -0.020000 0.000000 0.040000
v -0.026798 -0.024271 -0.020000
v -0.013202 -0.024271 -0.020000
v -0.026798 0.024271 -0.020000
v -0.013202 0.024271 -0.020000
v -0.020000 0.000000 -0.040000
v -0.002202 0.015000 -0.012361
v -0.002202 -0.015000 -0.012361
v -0.009000 -0.009271 -0.032361
v -0.009000 0.009271 -0.032361
v -0.002202 0.015000 0.012361
v -0.002202 -0.015000 0.012361
v -0.009000 -0.009271 0.032361
v -0.009000 0.009271 0.032361
v 0.002000 0.000000 0.000000
v -0.037798 0.015000 -0.012361
v -0.037798 -0.015000 -0.012361
v -0.031000 -0.009271 -0.032361
v -0.031000 0.009271 -0.032361
v -0.037798 0.015000 0.012361
v -0.037798 -0.015000 0.012361
v -0.031000 -0.009271 0.032361
v -0.031000 0.009271 0.032361
v -0.042000 0.000000 0.000000
v -0.026012 0.028858 0.000000
v -0.013988 0.028858 0.000000
v -0.026012 -0.028858 0.000000
v -0.013988 -0.028858 0.000000
v -0.029546 -0.025880 0.010396
v -0.023534 -0.020813 0.028082
v -0.023574 -0.028532 0.010515
v -0.010454 -0.025880 0.010396
v -0.016466 -0.020813 0.028082
v -0.016426 -0.028532 0.010515
v -0.020000 -0.025520 0.021029
v -0.029546 0.025880 0.010396
v -0.023534 0.020813 0.028082
v -0.023574 0.028532 0.010515
v -0.010454 0.025880 0.010396
v -0.016466 0.020813 0.028082
v -0.016426 0.028532 0.010515
v -0.020000 0.025520 0.021029
v -0.020000 -0.008198 0.038478
v -0.020000 0.008198 0.038478
v -0.029546 -0.025880 -0.010396
v -0.023534 -0.020813 -0.028082
v -0.023574 -0.028532 -0.010515
v -0.010454 -0.025880 -0.010396
v -0.016466 -0.020813 -0.028082
v -0.016426 -0.028532 -0.010515
v -0.020000 -0.025520 -0.021029
v -0.029546 0.025880 -0.010396
v -0.023534 0.020813 -0.028082
v -0.023574 0.028532 -0.010515
v -0.010454 0.025880 -0.010396
v -0.016466 0.020813 -0.028082
v -0.016426 0.028532 -0.010515
v -0.020000 0.025520 -0.021029
v -0.020000 -0.008198 -0.038478
v -0.020000 0.008198 -0.038478
v -0.004737 0.021061 -0.006425
v -0.001021 0.007797 -0.017356
v -0.007069 0.020646 -0.017013
v -0.004737 -0.021061 -0.006425
v -0.001021 -0.007797 -0.017356
v -0.007069 -0.020646 -0.017013
v -0.014282 -0.013017 -0.034507
v -0.004555 -0.004819 -0.027751
v -0.010643 -0.017634 -0.027528
v -0.014217 -0.004874 -0.038042
v -0.004860 -0.012760 -0.023511
v -0.014282 0.013017 -0.034507
v -0.004555 0.004819 -0.027751
v -0.010643 0.017634 -0.027528
v -0.014217 0.004874 -0.038042
v -0.004860 0.012760 -0.023511
v -0.008434 0.000000 -0.034026
v -0.004737 0.021061 0.006425
v -0.001021 0.007797 0.017356
v -0.007069 0.020646 0.017013
v -0.001286 0.015772 0.000000
v -0.004737 -0.021061 0.006425
v -0.001021 -0.007797 0.017356
v -0.007069 -0.020646 0.017013
v -0.001286 -0.015772 0.000000
v -0.014282 -0.013017 0.034507
v -0.004555 -0.004819 0.027751
v -0.010643 -0.017634 0.027528
v -0.014217 -0.004874 0.038042
v -0.004860 -0.012760 0.023511
v -0.014282 0.013017 0.034507
v -0.004555 0.004819 0.027751
v -0.010643 0.017634 0.027528
v -0.014217 0.004874 0.038042
v -0.004860 0.012760 0.023511
v -0.008434 0.000000 0.034026
v 0.001163 0.000000 -0.010931
v 0.001163 0.000000 0.010931
v 0.000923 0.007886 -0.006498
v 0.000923 -0.007886 -0.006498
v 0.000923 0.007886 0.006498
v 0.000923 -0.007886 0.006498
v -0.035263 0.021061 -0.006425
v -0.038979 0.007797 -0.017356
v -0.032931 0.020646 -0.017013
v -0.035263 -0.021061 -0.006425
v -0.038979 -0.007797 -0.017356
v -0.032931 -0.020646 -0.017013
v -0.025718 -0.013017 -0.034507
v -0.035445 -0.004819 -0.027751
v -0.029357 -0.017634 -0.027528
v -0.025783 -0.004874 -0.038042
v -0.035140 -0.012760 -0.023511
v -0.025718 0.013017 -0.034507
v -0.035445 0.004819 -0.027751
v -0.029357 0.017634 -0.027528
v -0.025783 0.004874 -0.038042
v -0.035140 0.012760 -0.023511
v -0.031566 0.000000 -0.034026
v -0.035263 0.021061 0.006425
v -0.038979 0.007797 0.017356
v -0.032931 0.020646 0.017013
v -0.038714 0.015772 0.000000
v -0.035263 -0.021061 0.006425
v -0.038979 -0.007797 0.017356
v -0.032931 -0.020646 0.017013
v -0.038714 -0.015772 0.000000
v -0.025718 -0.013017 0.034507
v -0.035445 -0.004819 0.027751
v -0.029357 -0.017634 0.027528
v -0.025783 -0.004874 0.038042
v -0.035140 -0.012760 0.023511
v -0.025718 0.013017 0.034507
v -0.035445 0.004819 0.027751
v -0.029357 0.017634 0.027528
v -0.025783 0.004874 0.038042
v -0.035140 0.012760 0.023511
v -0.031566 0.000000 0.034026
v -0.041163 0.000000 -0.010931
v -0.041163 0.000000 0.010931
v -0.040923 0.007886 -0.006498
v -0.040923 -0.007886 -0.006498
v -0.040923 0.007886 0.006498
v -0.040923 -0.007886 0.006498
v -0.028874 0.027451 0.000000
v -0.023035 0.029713 0.000000
v -0.011126 0.027451 0.000000
v -0.016965 0.029713 0.000000
v -0.028874 -0.027451 0.000000
v -0.023035 -0.029713 0.000000
v -0.011126 -0.027451 0.000000
v -0.016965 -0.029713 0.000000
v -0.030658 -0.025948 0.005248
v -0.028251 -0.025317 0.015345
v -0.027881 -0.027729 0.005266
v -0.021784 -0.018469 0.031354
v -0.025216 -0.022760 0.024273
v -0.021809 -0.029631 0.005323
v -0.025251 -0.026730 0.015447
v -0.024843 -0.028992 0.005312
v -0.026628 -0.027487 0.010563
v -0.009342 -0.025948 0.005248
v -0.011749 -0.025317 0.015345
v -0.012119 -0.027729 0.005266
v -0.018216 -0.018469 0.031354
v -0.014784 -0.022760 0.024273
v -0.020000 -0.021087 0.028451
v -0.018191 -0.029631 0.005323
v -0.014749 -0.026730 0.015447
v -0.015157 -0.028992 0.005312
v -0.020000 -0.028916 0.010656
v -0.013372 -0.027487 0.010563
v -0.023442 -0.025205 0.020770
v -0.016558 -0.025205 0.020770
v -0.021785 -0.023406 0.024810
v -0.021811 -0.027389 0.015984
v -0.018215 -0.023406 0.024810
v -0.018189 -0.027389 0.015984
v -0.030658 0.025948 0.005248
v -0.028251 0.025317 0.015345
v -0.027881 0.027729 0.005266
v -0.021784 0.018469 0.031354
v -0.025216 0.022760 0.024273
v -0.021809 0.029631 0.005323
v -0.025251 0.026730 0.015447
v -0.024843 0.028992 0.005312
v -0.026628 0.027487 0.010563
v -0.009342 0.025948 0.005248
v -0.011749 0.025317 0.015345
v -0.012119 0.027729 0.005266
v -0.018216 0.018469 0.031354
v -0.014784 0.022760 0.024273
v -0.020000 0.021087 0.028451
v -0.018191 0.029631 0.005323
v -0.014749 0.026730 0.015447
v -0.015157 0.028992 0.005312
v -0.020000 0.028916 0.010656
v -0.013372 0.027487 0.010563
v -0.023442 0.025205 0.020770
v -0.016558 0.025205 0.020770
v -0.021785 0.023406 0.024810
v -0.021811 0.027389 0.015984
v -0.018215 0.023406 0.024810
v -0.018189 0.027389 0.015984
v -0.020000 -0.012101 0.036602
v -0.020000 -0.004139 0.039618
v -0.020000 0.012101 0.036602
v -0.020000 0.004139 0.039618
v -0.030658 -0.025948 -0.005248
v -0.028251 -0.025317 -0.015345
v -0.027881 -0.027729 -0.005266
v -0.021784 -0.018469 -0.031354
v -0.025216 -0.022760 -0.024273
v -0.021809 -0.029631 -0.005323
v -0.025251 -0.026730 -0.015447
v -0.024843 -0.028992 -0.005312
v -0.026628 -0.027487 -0.010563
v -0.009342 -0.025948 -0.005248
v -0.011749 -0.025317 -0.015345
v -0.012119 -0.027729 -0.005266
v -0.018216 -0.018469 -0.031354
v -0.014784 -0.022760 -0.024273
v -0.020000 -0.021087 -0.028451
v -0.018191 -0.029631 -0.005323
v -0.014749 -0.026730 -0.015447
v -0.015157 -0.028992 -0.005312
v -0.020000 -0.028916 -0.010656
v -0.013372 -0.027487 -0.010563
v -0.023442 -0.025205 -0.020770
v -0.016558 -0.025205 -0.020770
v -0.021785 -0.023406 -0.024810
v -0.021811 -0.027389 -0.015984
v -0.018215 -0.023406 -0.024810
v -0.018189 -0.027389 -0.015984
v -0.030658 0.025948 -0.005248
v -0.028251 0.025317 -0.015345
v -0.027881 0.027729 -0.005266
v -0.021784 0.018469 -0.031354
v -0.025216 0.022760 -0.024273
v -0.021809 0.029631 -0.005323
v -0.025251 0.026730 -0.015447
v -0.024843 0.028992 -0.005312
v -0.026628 0.027487 -0.010563
v -0.009342 0.025948 -0.005248
v -0.011749 0.025317 -0.015345
v -0.012119 0.027729 -0.005266
v -0.018216 0.018469 -0.031354
v -0.014784 0.022760 -0.024273
v -0.020000 0.021087 -0.028451
v -0.018191 0.029631 -0.005323
v -0.014749 0.026730 -0.015447
v -0.015157 0.028992 -0.005312
v -0.020000 0.028916 -0.010656
v -0.013372 0.027487 -0.010563
v -0.023442 0.025205 -0.020770
v -0.016558 0.025205 -0.020770
v -0.021785 0.023406 -0.024810
v -0.021811 0.027389 -0.015984
v -0.018215 0.023406 -0.024810
v -0.018189 0.027389 -0.015984
v -0.020000 -0.012101 -0.036602
v -0.020000 -0.004139 -0.039618
v -0.020000 0.012101 -0.036602
v -0.020000 0.004139 -0.039618
v -0.006456 0.023515 -0.003243
v -0.003310 0.018205 -0.009483
v -0.007432 0.023779 -0.008521
v -0.000972 0.003936 -0.019378
v -0.001434 0.011508 -0.015002
v -0.010012 0.022738 -0.018737
v -0.004444 0.018045 -0.014870
v -0.008645 0.023504 -0.013846
v -0.005757 0.021069 -0.011840
v -0.006456 -0.023515 -0.003243
v -0.003310 -0.018205 -0.009483
v -0.007432 -0.023779 -0.008521
v -0.000972 -0.003936 -0.019378
v -0.001434 -0.011508 -0.015002
v -0.010012 -0.022738 -0.018737
v -0.004444 -0.018045 -0.014870
v -0.008645 -0.023504 -0.013846
v -0.005757 -0.021069 -0.011840
v -0.017114 -0.014533 -0.034597
v -0.011560 -0.011251 -0.033756
v -0.015313 -0.017138 -0.031706
v -0.017104 -0.010747 -0.036972
v -0.002755 -0.002433 -0.024626
v -0.006650 -0.007113 -0.030346
v -0.002562 -0.006391 -0.022850
v -0.011822 -0.021213 -0.024060
v -0.009695 -0.013620 -0.030317
v -0.013488 -0.019422 -0.028092
v -0.008706 -0.019397 -0.022570
v -0.012385 -0.015484 -0.031338
v -0.017072 -0.002467 -0.039508
v -0.011504 -0.007160 -0.035640
v -0.017079 -0.006604 -0.038656
v -0.014190 -0.009038 -0.036650
v -0.003325 -0.014053 -0.018160
v -0.006767 -0.011152 -0.028284
v -0.002764 -0.010385 -0.020645
v -0.005775 -0.016928 -0.020535
v -0.004549 -0.008880 -0.025896
v -0.007586 -0.015401 -0.025863
v -0.017114 0.014533 -0.034597
v -0.011560 0.011251 -0.033756
v -0.015313 0.017138 -0.031706
v -0.017104 0.010747 -0.036972
v -0.002755 0.002433 -0.024626
v -0.006650 0.007113 -0.030346
v -0.002562 0.006391 -0.022850
v -0.004352 0.000000 -0.028116
v -0.011822 0.021213 -0.024060
v -0.009695 0.013620 -0.030317
v -0.013488 0.019422 -0.028092
v -0.008706 0.019397 -0.022570
v -0.012385 0.015484 -0.031338
v -0.017072 0.002467 -0.039508
v -0.011504 0.007160 -0.035640
v -0.017079 0.006604 -0.038656
v -0.014139 0.000000 -0.038554
v -0.014190 0.009038 -0.036650
v -0.003325 0.014053 -0.018160
v -0.006767 0.011152 -0.028284
v -0.002764 0.010385 -0.020645
v -0.005775 0.016928 -0.020535
v -0.004549 0.008880 -0.025896
v -0.007586 0.015401 -0.025863
v -0.008576 -0.004693 -0.033607
v -0.008576 0.004693 -0.033607
v -0.006355 -0.002434 -0.031208
v -0.011209 -0.002470 -0.036519
v -0.006355 0.002434 -0.031208
v -0.011209 0.002470 -0.036519
v -0.006456 0.023515 0.003243
v -0.003310 0.018205 0.009483
v -0.007432 0.023779 0.008521
v -0.004536 0.021338 0.000000
v -0.000972 0.003936 0.019378
v -0.001434 0.011508 0.015002
v -0.010012 0.022738 0.018737
v -0.004444 0.018045 0.014870
v -0.008645 0.023504 0.013846
v -0.005757 0.021069 0.011840
v -0.001516 0.015578 -0.006257
v -0.001516 0.015578 0.006257
v -0.002836 0.018607 -0.003246
v -0.002836 0.018607 0.003246
v -0.006456 -0.023515 0.003243
v -0.003310 -0.018205 0.009483
v -0.007432 -0.023779 0.008521
v -0.004536 -0.021338 0.000000
v -0.000972 -0.003936 0.019378
v -0.001434 -0.011508 0.015002
v -0.010012 -0.022738 0.018737
v -0.004444 -0.018045 0.014870
v -0.008645 -0.023504 0.013846
v -0.005757 -0.021069 0.011840
v -0.001516 -0.015578 -0.006257
v -0.001516 -0.015578 0.006257
v -0.002836 -0.018607 -0.003246
v -0.002836 -0.018607 0.003246
v -0.017114 -0.014533 0.034597
v -0.011560 -0.011251 0.033756
v -0.015313 -0.017138 0.031706
v -0.017104 -0.010747 0.036972
v -0.002755 -0.002433 0.024626
v -0.006650 -0.007113 0.030346
v -0.002562 -0.006391 0.022850
v -0.011822 -0.021213 0.024060
v -0.009695 -0.013620 0.030317
v -0.013488 -0.019422 0.028092
v -0.008706 -0.019397 0.022570
v -0.012385 -0.015484 0.031338
v -0.017072 -0.002467 0.039508
v -0.011504 -0.007160 0.035640
v -0.017079 -0.006604 0.038656
v -0.014190 -0.009038 0.036650
v -0.003325 -0.014053 0.018160
v -0.006767 -0.011152 0.028284
v -0.002764 -0.010385 0.020645
v -0.005775 -0.016928 0.020535
v -0.004549 -0.008880 0.025896
v -0.007586 -0.015401 0.025863
v -0.017114 0.014533 0.034597
v -0.011560 0.011251 0.033756
v -0.015313 0.017138 0.031706
v -0.017104 0.010747 0.036972
v -0.002755 0.002433 0.024626
v -0.006650 0.007113 0.030346
v -0.002562 0.006391 0.022850
v -0.004352 0.000000 0.028116
v -0.011822 0.021213 0.024060
v -0.009695 0.013620 0.030317
v -0.013488 0.019422 0.028092
v -0.008706 0.019397 0.022570
v -0.012385 0.015484 0.031338
v -0.017072 0.002467 0.039508
v -0.011504 0.007160 0.035640
v -0.017079 0.006604 0.038656
v -0.014139 0.000000 0.038554
v -0.014190 0.009038 0.036650
v -0.003325 0.014053 0.018160
v -0.006767 0.011152 0.028284
v -0.002764 0.010385 0.020645
v -0.005775 0.016928 0.020535
v -0.004549 0.008880 0.025896
v -0.007586 0.015401 0.025863
v -0.008576 -0.004693 0.033607
v -0.008576 0.004693 0.033607
v -0.006355 -0.002434 0.031208
v -0.011209 -0.002470 0.036519
v -0.006355 0.002434 0.031208
v -0.011209 0.002470 0.036519
v 0.000131 0.000000 -0.016134
v 0.001790 0.000000 -0.005518
v 0.000335 0.003950 -0.014329
v 0.000335 -0.003950 -0.014329
v 0.000131 0.000000 0.016134
v 0.001790 0.000000 0.005518
v 0.000335 0.003950 0.014329
v 0.000335 -0.003950 0.014329
v -0.000398 0.011586 -0.009547
v 0.001729 0.003992 -0.003290
v 0.000157 0.007922 -0.012050
v 0.000086 0.011988 -0.003293
v 0.001261 0.003984 -0.008805
v -0.000398 -0.011586 -0.009547
v 0.001729 -0.003992 -0.003290
v 0.000157 -0.007922 -0.012050
v 0.000086 -0.011988 -0.003293
v 0.001261 -0.003984 -0.008805
v -0.000398 0.011586 0.009547
v 0.001729 0.003992 0.003290
v 0.000157 0.007922 0.012050
v 0.000086 0.011988 0.003293
v 0.001261 0.003984 0.008805
v 0.001205 0.007992 0.000000
v -0.000398 -0.011586 0.009547
v 0.001729 -0.003992 0.003290
v 0.000157 -0.007922 0.012050
v 0.000086 -0.011988 0.003293
v 0.001261 -0.003984 0.008805
v 0.001205 -0.007992 0.000000
v -0.033544 0.023515 -0.003243
v -0.036690 0.018205 -0.009483
v -0.032568 0.023779 -0.008521
v -0.039028 0.003936 -0.019378
v -0.038566 0.011508 -0.015002
v -0.029988 0.022738 -0.018737
v -0.035556 0.018045 -0.014870
v -0.031355 0.023504 -0.013846
v -0.034243 0.021069 -0.011840
v -0.033544 -0.023515 -0.003243
v -0.036690 -0.018205 -0.009483
v -0.032568 -0.023779 -0.008521
v -0.039028 -0.003936 -0.019378
v -0.038566 -0.011508 -0.015002
v -0.029988 -0.022738 -0.018737
v -0.035556 -0.018045 -0.014870
v -0.031355 -0.023504 -0.013846
v -0.034243 -0.021069 -0.011840
v -0.022886 -0.014533 -0.034597
v -0.028440 -0.011251 -0.033756
v -0.024687 -0.017138 -0.031706
v -0.022896 -0.010747 -0.036972
v -0.037245 -0.002433 -0.024626
v -0.033350 -0.007113 -0.030346
v -0.037438 -0.006391 -0.022850
v -0.028178 -0.021213 -0.024060
v -0.030305 -0.013620 -0.030317
v -0.026512 -0.019422 -0.028092
v -0.031294 -0.019397 -0.022570
v -0.027615 -0.015484 -0.031338
v -0.022928 -0.002467 -0.039508
v -0.028496 -0.007160 -0.035640
v -0.022921 -0.006604 -0.038656
v -0.025810 -0.009038 -0.036650
v -0.036675 -0.014053 -0.018160
v -0.033233 -0.011152 -0.028284
v -0.037236 -0.010385 -0.020645
v -0.034225 -0.016928 -0.020535
v -0.035451 -0.008880 -0.025896
v -0.032414 -0.015401 -0.025863
v -0.022886 0.014533 -0.034597
v -0.028440 0.011251 -0.033756
v -0.024687 0.017138 -0.031706
v -0.022896 0.010747 -0.036972
v -0.037245 0.002433 -0.024626
v -0.033350 0.007113 -0.030346
v -0.037438 0.006391 -0.022850
v -0.035648 0.000000 -0.028116
v -0.028178 0.021213 -0.024060
v -0.030305 0.013620 -0.030317
v -0.026512 0.019422 -0.028092
v -0.031294 0.019397 -0.022570
v -0.027615 0.015484 -0.031338
v -0.022928 0.002467 -0.039508
v -0.028496 0.007160 -0.035640
v -0.022921 0.006604 -0.038656
v -0.025861 0.000000 -0.038554
v -0.025810 0.009038 -0.036650
v -0.036675 0.014053 -0.018160
v -0.033233 0.011152 -0.028284
v -0.037236 0.010385 -0.020645
v -0.034225 0.016928 -0.020535
v -0.035451 0.008880 -0.025896
v -0.032414 0.015401 -0.025863
v -0.031424 -0.004693 -0.033607
v -0.031424 0.004693 -0.033607
v -0.033645 -0.002434 -0.031208
v -0.028791 -0.002470 -0.036519
v -0.033645 0.002434 -0.031208
v -0.028791 0.002470 -0.036519
v -0.033544 0.023515 0.003243
v -0.036690 0.018205 0.009483
v -0.032568 0.023779 0.008521
v -0.035464 0.021338 0.000000
v -0.039028 0.003936 0.019378
v -0.038566 0.011508 0.015002
v -0.029988 0.022738 0.018737
v -0.035556 0.018045 0.014870
v -0.031355 0.023504 0.013846
v -0.034243 0.021069 0.011840
v -0.038484 0.015578 -0.006257
v -0.038484 0.015578 0.006257
v -0.037164 0.018607 -0.003246
v -0.037164 0.018607 0.003246
v -0.033544 -0.023515 0.003243
v -0.036690 -0.018205 0.009483
v -0.032568 -0.023779 0.008521
v -0.035464 -0.021338 0.000000
v -0.039028 -0.003936 0.019378
v -0.038566 -0.011508 0.015002
v -0.029988 -0.022738 0.018737
v -0.035556 -0.018045 0.014870
v -0.031355 -0.023504 0.013846
v -0.034243 -0.021069 0.011840
v -0.038484 -0.015578 -0.006257
v -0.038484 -0.015578 0.006257
v -0.037164 -0.018607 -0.003246
v -0.037164 -0.018607 0.003246
v -0.022886 -0.014533 0.034597
v -0.028440 -0.011251 0.033756
v -0.024687 -0.017138 0.031706
v -0.022896 -0.010747 0.036972
v -0.037245 -0.002433 0.024626
v -0.033350 -0.007113 0.030346
v -0.037438 -0.006391 0.022850
v -0.028178 -0.021213 0.024060
v -0.030305 -0.013620 0.030317
v -0.026512 -0.019422 0.028092
v -0.031294 -0.019397 0.022570
v -0.027615 -0.015484 0.031338
v -0.022928 -0.002467 0.039508
v -0.028496 -0.007160 0.035640
v -0.022921 -0.006604 0.038656
v -0.025810 -0.009038 0.036650
v -0.036675 -0.014053 0.018160
v -0.033233 -0.011152 0.028284
v -0.037236 -0.010385 0.020645
v -0.034225 -0.016928 0.020535
v -0.035451 -0.008880 0.025896
v -0.032414 -0.015401 0.025863
v -0.022886 0.014533 0.034597
v -0.028440 0.011251 0.033756
v -0.024687 0.017138 0.031706
v -0.022896 0.010747 0.036972
v -0.037245 0.002433 0.024626
v -0.033350 0.007113 0.030346
v -0.037438 0.006391 0.022850
v -0.035648 0.000000 0.028116
v -0.028178 0.021213 0.024060
v -0.030305 0.013620 0.030317
v -0.026512 0.019422 0.028092
v -0.031294 0.019397 0.022570
v -0.027615 0.015484 0.031338
v -0.022928 0.002467 0.039508
v -0.028496 0.007160 0.035640
v -0.022921 0.006604 0.038656
v -0.025861 0.000000 0.038554
v -0.025810 0.009038 0.036650
v -0.036675 0.014053 0.018160
v -0.033233 0.011152 0.028284
v -0.037236 0.010385 0.020645
v -0.034225 0.016928 0.020535
v -0.035451 0.008880 0.025896
v -0.032414 0.015401 0.025863
v -0.031424 -0.004693 0.033607
v -0.031424 0.004693 0.033607
v -0.033645 -0.002434 0.031208
v -0.028791 -0.002470 0.036519
v -0.033645 0.002434 0.031208
v -0.028791 0.002470 0.036519
v -0.040131 0.000000 -0.016134
v -0.041790 0.000000 -0.005518
v -0.040335 0.003950 -0.014329
v -0.040335 -0.003950 -0.014329
v -0.040131 0.000000 0.016134
v -0.041790 0.000000 0.005518
v -0.040335 0.003950 0.014329
v -0.040335 -0.003950 0.014329
v -0.039602 0.011586 -0.009547
v -0.041729 0.003992 -0.003290
v -0.040157 0.007922 -0.012050
v -0.040086 0.011988 -0.003293
v -0.041261 0.003984 -0.008805
v -0.039602 -0.011586 -0.009547
v -0.041729 -0.003992 -0.003290
v -0.040157 -0.007922 -0.012050
v -0.040086 -0.011988 -0.003293
v -0.041261 -0.003984 -0.008805
v -0.039602 0.011586 0.009547
v -0.041729 0.003992 0.003290
v -0.040157 0.007922 0.012050
v -0.040086 0.011988 0.003293
v -0.041261 0.003984 0.008805
v -0.041205 0.007992 0.000000
v -0.039602 -0.011586 0.009547
v -0.041729 -0.003992 0.003290
v -0.040157 -0.007922 0.012050
v -0.040086 -0.011988 0.003293
v -0.041261 -0.003984 0.008805
v -0.041205 -0.007992 0.000000
v -0.030244 0.026549 0.000000
v -0.027461 0.028222 0.000000
v -0.021521 0.029928 0.000000
v -0.024534 0.029356 0.000000
v -0.009756 0.026549 0.000000
v -0.012539 0.028222 0.000000
v -0.018479 0.029928 0.000000
v -0.015466 0.029356 0.000000
v -0.030244 -0.026549 0.000000
v -0.027461 -0.028222 0.000000
v -0.021521 -0.029928 0.000000
v -0.024534 -0.029356 0.000000
v -0.009756 -0.026549 0.000000
v -0.012539 -0.028222 0.000000
v -0.018479 -0.029928 0.000000
v -0.015466 -0.029356 0.000000
v -0.031139 -0.025795 0.002630
v -0.030126 -0.025976 0.007841
v -0.029798 -0.026788 0.002633
v -0.027543 -0.024853 0.017715
v -0.028920 -0.025660 0.012901
v -0.026969 -0.028386 0.002642
v -0.028742 -0.026892 0.007856
v -0.028398 -0.027658 0.002640
v -0.029292 -0.026904 0.005270
v -0.020894 -0.017162 0.032768
v -0.022665 -0.019688 0.029789
v -0.026022 -0.023571 0.022190
v -0.024385 -0.021839 0.026240
v -0.020907 -0.029908 0.002670
v -0.022700 -0.029171 0.007943
v -0.022428 -0.029749 0.002668
v -0.026043 -0.025579 0.017779
v -0.024426 -0.027716 0.013021
v -0.026769 -0.026092 0.015436
v -0.025441 -0.028999 0.002663
v -0.024219 -0.028836 0.007933
v -0.023951 -0.029444 0.002664
v -0.026378 -0.028435 0.005303
v -0.023334 -0.029383 0.005330
v -0.028107 -0.026752 0.010506
v -0.025114 -0.028081 0.010566
v -0.027463 -0.026485 0.012995
v -0.027273 -0.027680 0.007935
v -0.025954 -0.027175 0.013037
v -0.025754 -0.028333 0.007964
v -0.008861 -0.025795 0.002630
v -0.009874 -0.025976 0.007841
v -0.010202 -0.026788 0.002633
v -0.012457 -0.024853 0.017715
v -0.011080 -0.025660 0.012901
v -0.013031 -0.028386 0.002642
v -0.011258 -0.026892 0.007856
v -0.011602 -0.027658 0.002640
v -0.010708 -0.026904 0.005270
v -0.019106 -0.017162 0.032768
v -0.017335 -0.019688 0.029789
v -0.020000 -0.018530 0.031457
v -0.013978 -0.023571 0.022190
v -0.015615 -0.021839 0.026240
v -0.021773 -0.021019 0.028359
v -0.018227 -0.021019 0.028359
v -0.020894 -0.019827 0.029975
v -0.019106 -0.019827 0.029975
v -0.019093 -0.029908 0.002670
v -0.017300 -0.029171 0.007943
v -0.017572 -0.029749 0.002668
v -0.020000 -0.029731 0.005341
v -0.013957 -0.025579 0.017779
v -0.015574 -0.027716 0.013021
v -0.013231 -0.026092 0.015436
v -0.014559 -0.028999 0.002663
v -0.015781 -0.028836 0.007933
v -0.016049 -0.029444 0.002664
v -0.013622 -0.028435 0.005303
v -0.016666 -0.029383 0.005330
v -0.021793 -0.028820 0.010621
v -0.018207 -0.028820 0.010621
v -0.020908 -0.029366 0.008015
v -0.019092 -0.029366 0.008015
v -0.011893 -0.026752 0.010506
v -0.014886 -0.028081 0.010566
v -0.012537 -0.026485 0.012995
v -0.012727 -0.027680 0.007935
v -0.014046 -0.027175 0.013037
v -0.014246 -0.028333 0.007964
v -0.025136 -0.024814 0.020448
v -0.021726 -0.025441 0.020964
v -0.024340 -0.024045 0.022581
v -0.024361 -0.026056 0.018170
v -0.014864 -0.024814 0.020448
v -0.018274 -0.025441 0.020964
v -0.015660 -0.024045 0.022581
v -0.015639 -0.026056 0.018170
v -0.022666 -0.022167 0.026514
v -0.020895 -0.024526 0.022978
v -0.023511 -0.023155 0.024618
v -0.020895 -0.022305 0.026700
v -0.022620 -0.024365 0.022846
v -0.022702 -0.028054 0.013294
v -0.020909 -0.026543 0.018569
v -0.023542 -0.027145 0.015765
v -0.020909 -0.028249 0.013366
v -0.022635 -0.026380 0.018435
v -0.017334 -0.022167 0.026514
v -0.019105 -0.024526 0.022978
v -0.016489 -0.023155 0.024618
v -0.019105 -0.022305 0.026700
v -0.017380 -0.024365 0.022846
v -0.020000 -0.023484 0.024892
v -0.017298 -0.028054 0.013294
v -0.019091 -0.026543 0.018569
v -0.016458 -0.027145 0.015765
v -0.019091 -0.028249 0.013366
v -0.017365 -0.026380 0.018435
v -0.020000 -0.027483 0.016039
v -0.031139 0.025795 0.002630
v -0.030126 0.025976 0.007841
v -0.029798 0.026788 0.002633
v -0.027543 0.024853 0.017715
v -0.028920 0.025660 0.012901
v -0.026969 0.028386 0.002642
v -0.028742 0.026892 0.007856
v -0.028398 0.027658 0.002640
v -0.029292 0.026904 0.005270
v -0.020894 0.017162 0.032768
v -0.022665 0.019688 0.029789
v -0.026022 0.023571 0.022190
v -0.024385 0.021839 0.026240
v -0.020907 0.029908 0.002670
v -0.022700 0.029171 0.007943
v -0.022428 0.029749 0.002668
v -0.026043 0.025579 0.017779
v -0.024426 0.027716 0.013021
v -0.026769 0.026092 0.015436
v -0.025441 0.028999 0.002663
v -0.024219 0.028836 0.007933
v -0.023951 0.029444 0.002664
v -0.026378 0.028435 0.005303
v -0.023334 0.029383 0.005330
v -0.028107 0.026752 0.010506
v -0.025114 0.028081 0.010566
v -0.027463 0.026485 0.012995
v -0.027273 0.027680 0.007935
v -0.025954 0.027175 0.013037
v -0.025754 0.028333 0.007964
v -0.008861 0.025795 0.002630
v -0.009874 0.025976 0.007841
v -0.010202 0.026788 0.002633
v -0.012457 0.024853 0.017715
v -0.011080 0.025660 0.012901
v -0.013031 0.028386 0.002642
v -0.011258 0.026892 0.007856
v -0.011602 0.027658 0.002640
v -0.010708 0.026904 0.005270
v -0.019106 0.017162 0.032768
v -0.017335 0.019688 0.029789
v -0.020000 0.018530 0.031457
v -0.013978 0.023571 0.022190
v -0.015615 0.021839 0.026240
v -0.021773 0.021019 0.028359
v -0.018227 0.021019 0.028359
v -0.020894 0.019827 0.029975
v -0.019106 0.019827 0.029975
v -0.019093 0.029908 0.002670
v -0.017300 0.029171 0.007943
v -0.017572 0.029749 0.002668
v -0.020000 0.029731 0.005341
v -0.013957 0.025579 0.017779
v -0.015574 0.027716 0.013021
v -0.013231 0.026092 0.015436
v -0.014559 0.028999 0.002663
v -0.015781 0.028836 0.007933
v -0.016049 0.029444 0.002664
v -0.013622 0.028435 0.005303
v -0.016666 0.029383 0.005330
v -0.021793 0.028820 0.010621
v -0.018207 0.028820 0.010621
v -0.020908 0.029366 0.008015
v -0.019092 0.029366 0.008015
v -0.011893 0.026752 0.010506
v -0.014886 0.028081 0.010566
v -0.012537 0.026485 0.012995
v -0.012727 0.027680 0.007935
v -0.014046 0.027175 0.013037
v -0.014246 0.028333 0.007964
v -0.025136 0.024814 0.020448
v -0.021726 0.025441 0.020964
v -0.024340 0.024045 0.022581
v -0.024361 0.026056 0.018170
v -0.014864 0.024814 0.020448
v -0.018274 0.025441 0.020964
v -0.015660 0.024045 0.022581
v -0.015639 0.026056 0.018170
v -0.022666 0.022167 0.026514
v -0.020895 0.024526 0.022978
v -0.023511 0.023155 0.024618
v -0.020895 0.022305 0.026700
v -0.022620 0.024365 0.022846
v -0.022702 0.028054 0.013294
v -0.020909 0.026543 0.018569
v -0.023542 0.027145 0.015765
v -0.020909 0.028249 0.013366
v -0.022635 0.026380 0.018435
v -0.017334 0.022167 0.026514
v -0.019105 0.024526 0.022978
v -0.016489 0.023155 0.024618
v -0.019105 0.022305 0.026700
v -0.017380 0.024365 0.022846
v -0.020000 0.023484 0.024892
v -0.017298 0.028054 0.013294
v -0.019091 0.026543 0.018569
v -0.016458 0.027145 0.015765
v -0.019091 0.028249 0.013366
v -0.017365 0.026380 0.018435
v -0.020000 0.027483 0.016039
v -0.020000 -0.013970 0.035399
v -0.020000 -0.010174 0.037630
v -0.020000 -0.002074 0.039904
v -0.020000 -0.006183 0.039141
v -0.020000 0.013970 0.035399
v -0.020000 0.010174 0.037630
v -0.020000 0.002074 0.039904
v -0.020000 0.006183 0.039141
v -0.031139 -0.025795 -0.002630
v -0.030126 -0.025976 -0.007841
v -0.029798 -0.026788 -0.002633
v -0.027543 -0.024853 -0.017715
v -0.028920 -0.025660 -0.012901
v -0.026969 -0.028386 -0.002642
v -0.028742 -0.026892 -0.007856
v -0.028398 -0.027658 -0.002640
v -0.029292 -0.026904 -0.005270
v -0.020894 -0.017162 -0.032768
v -0.022665 -0.019688 -0.029789
v -0.026022 -0.023571 -0.022190
v -0.024385 -0.021839 -0.026240
v -0.020907 -0.029908 -0.002670
v -0.022700 -0.029171 -0.007943
v -0.022428 -0.029749 -0.002668
v -0.026043 -0.025579 -0.017779
v -0.024426 -0.027716 -0.013021
v -0.026769 -0.026092 -0.015436
v -0.025441 -0.028999 -0.002663
v -0.024219 -0.028836 -0.007933
v -0.023951 -0.029444 -0.002664
v -0.026378 -0.028435 -0.005303
v -0.023334 -0.029383 -0.005330
v -0.028107 -0.026752 -0.010506
v -0.025114 -0.028081 -0.010566
v -0.027463 -0.026485 -0.012995
v -0.027273 -0.027680 -0.007935
v -0.025954 -0.027175 -0.013037
v -0.025754 -0.028333 -0.007964
v -0.008861 -0.025795 -0.002630
v -0.009874 -0.025976 -0.007841
v -0.010202 -0.026788 -0.002633
v -0.012457 -0.024853 -0.017715
v -0.011080 -0.025660 -0.012901
v -0.013031 -0.028386 -0.002642
v -0.011258 -0.026892 -0.007856
v -0.011602 -0.027658 -0.002640
v -0.010708 -0.026904 -0.005270
v -0.019106 -0.017162 -0.032768
v -0.017335 -0.019688 -0.029789
v -0.020000 -0.018530 -0.031457
v -0.013978 -0.023571 -0.022190
v -0.015615 -0.021839 -0.026240
v -0.021773 -0.021019 -0.028359
v -0.018227 -0.021019 -0.028359
v -0.020894 -0.019827 -0.029975
v -0.019106 -0.019827 -0.029975
v -0.019093 -0.029908 -0.002670
v -0.017300 -0.029171 -0.007943
v -0.017572 -0.029749 -0.002668
v -0.020000 -0.029731 -0.005341
v -0.013957 -0.025579 -0.017779
v -0.015574 -0.027716 -0.013021
v -0.013231 -0.026092 -0.015436
v -0.014559 -0.028999 -0.002663
v -0.015781 -0.028836 -0.007933
v -0.016049 -0.029444 -0.002664
v -0.013622 -0.028435 -0.005303
v -0.016666 -0.029383 -0.005330
v -0.021793 -0.028820 -0.010621
v -0.018207 -0.028820 -0.010621
v -0.020908 -0.029366 -0.008015
v -0.019092 -0.029366 -0.008015
v -0.011893 -0.026752 -0.010506
v -0.014886 -0.028081 -0.010566
v -0.012537 -0.026485 -0.012995
v -0.012727 -0.027680 -0.007935
v -0.014046 -0.027175 -0.013037
v -0.014246 -0.028333 -0.007964
v -0.025136 -0.024814 -0.020448
v -0.021726 -0.025441 -0.020964
v -0.024340 -0.024045 -0.022581
v -0.024361 -0.026056 -0.018170
v -0.014864 -0.024814 -0.020448
v -0.018274 -0.025441 -0.020964
v -0.015660 -0.024045 -0.022581
v -0.015639 -0.026056 -0.018170
v -0.022666 -0.022167 -0.026514
v -0.020895 -0.024526 -0.022978
v -0.023511 -0.023155 -0.024618
v -0.020895 -0.022305 -0.026700
v -0.022620 -0.024365 -0.022846
v -0.022702 -0.028054 -0.013294
v -0.020909 -0.026543 -0.018569
v -0.023542 -0.027145 -0.015765
v -0.020909 -0.028249 -0.013366
v -0.022635 -0.026380 -0.018435
v -0.017334 -0.022167 -0.026514
v -0.019105 -0.024526 -0.022978
v -0.016489 -0.023155 -0.024618
v -0.019105 -0.022305 -0.026700
v -0.017380 -0.024365 -0.022846
v -0.020000 -0.023484 -0.024892
v -0.017298 -0.028054 -0.013294
v -0.019091 -0.026543 -0.018569
v -0.016458 -0.027145 -0.015765
v -0.019091 -0.028249 -0.013366
v -0.017365 -0.026380 -0.018435
v -0.020000 -0.027483 -0.016039
v -0.031139 0.025795 -0.002630
v -0.030126 0.025976 -0.007841
v -0.029798 0.026788 -0.002633
v -0.027543 0.024853 -0.017715
v -0.028920 0.025660 -0.012901
v -0.026969 0.028386 -0.002642
v -0.028742 0.026892 -0.007856
v -0.028398 0.027658 -0.002640
v -0.029292 0.026904 -0.005270
v -0.020894 0.017162 -0.032768
v -0.022665 0.019688 -0.029789
v -0.026022 0.023571 -0.022190
v -0.024385 0.021839 -0.026240
v -0.020907 0.029908 -0.002670
v -0.022700 0.029171 -0.007943
v -0.022428 0.029749 -0.002668
v -0.026043 0.025579 -0.017779
v -0.024426 0.027716 -0.013021
v -0.026769 0.026092 -0.015436
v -0.025441 0.028999 -0.002663
v -0.024219 0.028836 -0.007933
v -0.023951 0.029444 -0.002664
v -0.026378 0.028435 -0.005303
v -0.023334 0.029383 -0.005330
v -0.028107 0.026752 -0.010506
v -0.025114 0.028081 -0.010566
v -0.027463 0.026485 -0.012995
v -0.027273 0.027680 -0.007935
v -0.025954 0.027175 -0.013037
v -0.025754 0.028333 -0.007964
v -0.008861 0.025795 -0.002630
v -0.009874 0.025976 -0.007841
v -0.010202 0.026788 -0.002633
v -0.012457 0.024853 -0.017715
v -0.011080 0.025660 -0.012901
v -0.013031 0.028386 -0.002642
v -0.011258 0.026892 -0.007856
v -0.011602 0.027658 -0.002640
v -0.010708 0.026904 -0.005270
v -0.019106 0.017162 -0.032768
v -0.017335 0.019688 -0.029789
v -0.020000 0.018530 -0.031457
v -0.013978 0.023571 -0.022190
v -0.015615 0.021839 -0.026240
v -0.021773 0.021019 -0.028359
v -0.018227 0.021019 -0.028359
v -0.020894 0.019827 -0.029975
v -0.019106 0.019827 -0.029975
v -0.019093 0.029908 -0.002670
v -0.017300 0.029171 -0.007943
v -0.017572 0.029749 -0.002668
v -0.020000 0.029731 -0.005341
v -0.013957 0.025579 -0.017779
v -0.015574 0.027716 -0.013021
v -0.013231 0.026092 -0.015436
v -0.014559 0.028999 -0.002663
v -0.015781 0.028836 -0.007933
v -0.016049 0.029444 -0.002664
v -0.013622 0.028435 -0.005303
v -0.016666 0.029383 -0.005330
v -0.021793 0.028820 -0.010621
v -0.018207 0.028820 -0.010621
v -0.020908 0.029366 -0.008015
v -0.019092 0.029366 -0.008015
v -0.011893 0.026752 -0.010506
v -0.014886 0.028081 -0.010566
v -0.012537 0.026485 -0.012995
v -0.012727 0.027680 -0.007935
v -0.014046 0.027175 -0.013037
v -0.014246 0.028333 -0.007964
v -0.025136 0.024814 -0.020448
v -0.021726 0.025441 -0.020964
v -0.024340 0.024045 -0.022581
v -0.024361 0.026056 -0.018170
v -0.014864 0.024814 -0.020448
v -0.018274 0.025441 -0.020964
v -0.015660 0.024045 -0.022581
v -0.015639 0.026056 -0.018170
v -0.022666 0.022167 -0.026514
v -0.020895 0.024526 -0.022978
v -0.023511 0.023155 -0.024618
v -0.020895 0.022305 -0.026700
v -0.022620 0.024365 -0.022846
v -0.022702 0.028054 -0.013294
v -0.020909 0.026543 -0.018569
v -0.023542 0.027145 -0.015765
v -0.020909 0.028249 -0.013366
v -0.022635 0.026380 -0.018435
v -0.017334 0.022167 -0.026514
v -0.019105 0.024526 -0.022978
v -0.016489 0.023155 -0.024618
v -0.019105 0.022305 -0.026700
v -0.017380 0.024365 -0.022846
v -0.020000 0.023484 -0.024892
v -0.017298 0.028054 -0.013294
v -0.019091 0.026543 -0.018569
v -0.016458 0.027145 -0.015765
v -0.019091 0.028249 -0.013366
v -0.017365 0.026380 -0.018435
v -0.020000 0.027483 -0.016039
v -0.020000 -0.013970 -0.035399
v -0.020000 -0.010174 -0.037630
v -0.020000 -0.002074 -0.039904
v -0.020000 -0.006183 -0.039141
v -0.020000 0.013970 -0.035399
v -0.020000 0.010174 -0.037630
v -0.020000 0.002074 -0.039904
v -0.020000 0.006183 -0.039141
v -0.007415 0.024576 -0.001626
v -0.005562 0.022342 -0.004846
v -0.007859 0.024813 -0.004260
v -0.002714 0.016642 -0.010948
v -0.003985 0.019680 -0.007973
v -0.008907 0.024911 -0.009489
v -0.006039 0.022494 -0.007497
v -0.008359 0.024924 -0.006901
v -0.006912 0.023705 -0.005897
v -0.001083 0.001973 -0.020252
v -0.000951 0.005880 -0.018411
v -0.001774 0.013286 -0.013714
v -0.001183 0.009676 -0.016217
v -0.011581 0.023577 -0.019428
v -0.008505 0.021759 -0.017930
v -0.010857 0.024090 -0.017085
v -0.003271 0.016574 -0.013657
v -0.005712 0.019405 -0.015991
v -0.003835 0.018172 -0.012208
v -0.009523 0.024755 -0.012152
v -0.007826 0.022131 -0.015469
v -0.010167 0.024487 -0.014641
v -0.008008 0.023703 -0.011213
v -0.009303 0.023177 -0.016331
v -0.005209 0.021119 -0.009156
v -0.006378 0.020911 -0.014464
v -0.004485 0.019699 -0.010695
v -0.006560 0.022483 -0.010207
v -0.005064 0.019605 -0.013388
v -0.007159 0.022360 -0.012886
v -0.007415 -0.024576 -0.001626
v -0.005562 -0.022342 -0.004846
v -0.007859 -0.024813 -0.004260
v -0.002714 -0.016642 -0.010948
v -0.003985 -0.019680 -0.007973
v -0.008907 -0.024911 -0.009489
v -0.006039 -0.022494 -0.007497
v -0.008359 -0.024924 -0.006901
v -0.006912 -0.023705 -0.005897
v -0.001083 -0.001973 -0.020252
v -0.000951 -0.005880 -0.018411
v -0.001774 -0.013286 -0.013714
v -0.001183 -0.009676 -0.016217
v -0.011581 -0.023577 -0.019428
v -0.008505 -0.021759 -0.017930
v -0.010857 -0.024090 -0.017085
v -0.003271 -0.016574 -0.013657
v -0.005712 -0.019405 -0.015991
v -0.003835 -0.018172 -0.012208
v -0.009523 -0.024755 -0.012152
v -0.007826 -0.022131 -0.015469
v -0.010167 -0.024487 -0.014641
v -0.008008 -0.023703 -0.011213
v -0.009303 -0.023177 -0.016331
v -0.005209 -0.021119 -0.009156
v -0.006378 -0.020911 -0.014464
v -0.004485 -0.019699 -0.010695
v -0.006560 -0.022483 -0.010207
v -0.005064 -0.019605 -0.013388
v -0.007159 -0.022360 -0.012886
v -0.018553 -0.015189 -0.034394
v -0.015688 -0.013808 -0.034635
v -0.017657 -0.016556 -0.033084
v -0.018552 -0.013361 -0.035717
v -0.010257 -0.010285 -0.033138
v -0.012904 -0.012163 -0.034213
v -0.015876 -0.019037 -0.029991
v -0.014781 -0.015126 -0.033214
v -0.016757 -0.017847 -0.031607
v -0.016204 -0.015874 -0.033232
v -0.018547 -0.009503 -0.037848
v -0.015679 -0.011921 -0.035856
v -0.018548 -0.011452 -0.036877
v -0.017102 -0.012671 -0.035872
v -0.001977 -0.001219 -0.022882
v -0.003616 -0.003634 -0.026251
v -0.001804 -0.003195 -0.022074
v -0.007796 -0.008211 -0.031429
v -0.005568 -0.005980 -0.029118
v -0.001732 -0.007117 -0.020168
v -0.003505 -0.005623 -0.025383
v -0.001722 -0.005176 -0.021165
v -0.002616 -0.004422 -0.023796
v -0.012488 -0.022812 -0.022098
v -0.011205 -0.019483 -0.025874
v -0.013285 -0.022044 -0.024230
v -0.010886 -0.022050 -0.021471
v -0.009314 -0.011481 -0.031436
v -0.010138 -0.015675 -0.029012
v -0.010603 -0.012468 -0.032121
v -0.014964 -0.020170 -0.028159
v -0.012045 -0.018576 -0.027881
v -0.014118 -0.021157 -0.026265
v -0.014386 -0.018328 -0.029977
v -0.012637 -0.020367 -0.026140
v -0.007847 -0.020088 -0.019858
v -0.009640 -0.018577 -0.025133
v -0.009325 -0.021134 -0.020719
v -0.010233 -0.020369 -0.023389
v -0.013316 -0.014287 -0.033007
v -0.011492 -0.016601 -0.029508
v -0.011947 -0.013409 -0.032649
v -0.013833 -0.016353 -0.031604
v -0.011018 -0.014587 -0.030903
v -0.012913 -0.017511 -0.029814
v -0.018532 -0.001237 -0.039877
v -0.015631 -0.003682 -0.038895
v -0.018532 -0.003312 -0.039666
v -0.010222 -0.008241 -0.034106
v -0.012838 -0.006036 -0.036955
v -0.011510 -0.009230 -0.034789
v -0.018536 -0.007420 -0.038666
v -0.015637 -0.005753 -0.038448
v -0.018535 -0.005388 -0.039259
v -0.017083 -0.008698 -0.037913
v -0.017068 -0.004546 -0.039177
v -0.014221 -0.011056 -0.035670
v -0.014189 -0.006974 -0.037442
v -0.012853 -0.010176 -0.035313
v -0.015635 -0.009918 -0.036907
v -0.012830 -0.008119 -0.036233
v -0.015620 -0.007847 -0.037777
v -0.002710 -0.014571 -0.015307
v -0.004043 -0.013448 -0.020900
v -0.002334 -0.012814 -0.016624
v -0.003830 -0.016104 -0.016571
v -0.007846 -0.010243 -0.030416
v -0.005770 -0.011993 -0.025978
v -0.006674 -0.009156 -0.029392
v -0.008191 -0.012428 -0.029400
v -0.001846 -0.009114 -0.019049
v -0.003770 -0.011602 -0.022135
v -0.002043 -0.010981 -0.017879
v -0.002618 -0.008410 -0.021804
v -0.003003 -0.012249 -0.019450
v -0.006377 -0.018849 -0.018837
v -0.005269 -0.014893 -0.022097
v -0.005063 -0.017541 -0.017758
v -0.007197 -0.018224 -0.021626
v -0.004502 -0.015539 -0.019408
v -0.004512 -0.006867 -0.026893
v -0.004665 -0.010848 -0.024767
v -0.005554 -0.008021 -0.028209
v -0.003512 -0.007655 -0.024437
v -0.005623 -0.010041 -0.027157
v -0.003603 -0.009664 -0.023348
v -0.009078 -0.016573 -0.026784
v -0.006177 -0.014128 -0.024770
v -0.008605 -0.014556 -0.028179
v -0.008106 -0.017459 -0.024299
v -0.007136 -0.013319 -0.027159
v -0.006635 -0.016219 -0.023278
v -0.018553 0.015189 -0.034394
v -0.015688 0.013808 -0.034635
v -0.017657 0.016556 -0.033084
v -0.018552 0.013361 -0.035717
v -0.010257 0.010285 -0.033138
v -0.012904 0.012163 -0.034213
v -0.015876 0.019037 -0.029991
v -0.014781 0.015126 -0.033214
v -0.016757 0.017847 -0.031607
v -0.016204 0.015874 -0.033232
v -0.018547 0.009503 -0.037848
v -0.015679 0.011921 -0.035856
v -0.018548 0.011452 -0.036877
v -0.017102 0.012671 -0.035872
v -0.001977 0.001219 -0.022882
v -0.003616 0.003634 -0.026251
v -0.001804 0.003195 -0.022074
v -0.002698 0.000000 -0.024707
v -0.007796 0.008211 -0.031429
v -0.005568 0.005980 -0.029118
v -0.001732 0.007117 -0.020168
v -0.003505 0.005623 -0.025383
v -0.001722 0.005176 -0.021165
v -0.002616 0.004422 -0.023796
v -0.004403 -0.002417 -0.028025
v -0.004403 0.002417 -0.028025
v -0.003513 -0.001219 -0.026435
v -0.003513 0.001219 -0.026435
v -0.012488 0.022812 -0.022098
v -0.011205 0.019483 -0.025874
v -0.013285 0.022044 -0.024230
v -0.010886 0.022050 -0.021471
v -0.009314 0.011481 -0.031436
v -0.010138 0.015675 -0.029012
v -0.010603 0.012468 -0.032121
v -0.014964 0.020170 -0.028159
v -0.012045 0.018576 -0.027881
v -0.014118 0.021157 -0.026265
v -0.014386 0.018328 -0.029977
v -0.012637 0.020367 -0.026140
v -0.007847 0.020088 -0.019858
v -0.009640 0.018577 -0.025133
v -0.009325 0.021134 -0.020719
v -0.010233 0.020369 -0.023389
v -0.013316 0.014287 -0.033007
v -0.011492 0.016601 -0.029508
v -0.011947 0.013409 -0.032649
v -0.013833 0.016353 -0.031604
v -0.011018 0.014587 -0.030903
v -0.012913 0.017511 -0.029814
v -0.018532 0.001237 -0.039877
v -0.015631 0.003682 -0.038895
v -0.018532 0.003312 -0.039666
v -0.017062 0.000000 -0.039642
v -0.010222 0.008241 -0.034106
v -0.012838 0.006036 -0.036955
v -0.011510 0.009230 -0.034789
v -0.018536 0.007420 -0.038666
v -0.015637 0.005753 -0.038448
v -0.018535 0.005388 -0.039259
v -0.017083 0.008698 -0.037913
v -0.017068 0.004546 -0.039177
v -0.014159 -0.002445 -0.038426
v -0.014159 0.002445 -0.038426
v -0.015592 -0.001238 -0.039154
v -0.015592 0.001238 -0.039154
v -0.014221 0.011056 -0.035670
v -0.014189 0.006974 -0.037442
v -0.012853 0.010176 -0.035313
v -0.015635 0.009918 -0.036907
v -0.012830 0.008119 -0.036233
v -0.015620 0.007847 -0.037777
v -0.002710 0.014571 -0.015307
v -0.004043 0.013448 -0.020900
v -0.002334 0.012814 -0.016624
v -0.003830 0.016104 -0.016571
v -0.007846 0.010243 -0.030416
v -0.005770 0.011993 -0.025978
v -0.006674 0.009156 -0.029392
v -0.008191 0.012428 -0.029400
v -0.001846 0.009114 -0.019049
v -0.003770 0.011602 -0.022135
v -0.002043 0.010981 -0.017879
v -0.002618 0.008410 -0.021804
v -0.003003 0.012249 -0.019450
v -0.006377 0.018849 -0.018837
v -0.005269 0.014893 -0.022097
v -0.005063 0.017541 -0.017758
v -0.007197 0.018224 -0.021626
v -0.004502 0.015539 -0.019408
v -0.004512 0.006867 -0.026893
v -0.004665 0.010848 -0.024767
v -0.005554 0.008021 -0.028209
v -0.003512 0.007655 -0.024437
v -0.005623 0.010041 -0.027157
v -0.003603 0.009664 -0.023348
v -0.009078 0.016573 -0.026784
v -0.006177 0.014128 -0.024770
v -0.008605 0.014556 -0.028179
v -0.008106 0.017459 -0.024299
v -0.007136 0.013319 -0.027159
v -0.006635 0.016219 -0.023278
v -0.008753 -0.007003 -0.033086
v -0.008470 -0.002354 -0.033921
v -0.007581 -0.005918 -0.032060
v -0.010006 -0.005947 -0.034741
v -0.008753 0.007003 -0.033086
v -0.008470 0.002354 -0.033921
v -0.007581 0.005918 -0.032060
v -0.010006 0.005947 -0.034741
v -0.005417 -0.003636 -0.029555
v -0.007362 -0.001220 -0.032701
v -0.006460 -0.004788 -0.030874
v -0.005315 -0.001220 -0.029740
v -0.007435 -0.003572 -0.032487
v -0.012688 -0.003684 -0.037405
v -0.009787 -0.001239 -0.035390
v -0.011329 -0.004830 -0.036194
v -0.012649 -0.001239 -0.037665
v -0.009861 -0.003593 -0.035174
v -0.005417 0.003636 -0.029555
v -0.007362 0.001220 -0.032701
v -0.006460 0.004788 -0.030874
v -0.005315 0.001220 -0.029740
v -0.007435 0.003572 -0.032487
v -0.006310 0.000000 -0.031311
v -0.012688 0.003684 -0.037405
v -0.009787 0.001239 -0.035390
v -0.011329 0.004830 -0.036194
v -0.012649 0.001239 -0.037665
v -0.009861 0.003593 -0.035174
v -0.011179 0.000000 -0.036644
v -0.007415 0.024576 0.001626
v -0.005562 0.022342 0.004846
v -0.007859 0.024813 0.004260
v -0.006411 0.023593 0.000000
v -0.002714 0.016642 0.010948
v -0.003985 0.019680 0.007973
v -0.008907 0.024911 0.009489
v -0.006039 0.022494 0.007497
v -0.008359 0.024924 0.006901
v -0.006912 0.023705 0.005897
v -0.004586 0.021269 -0.003223
v -0.004586 0.021269 0.003223
v -0.005461 0.022482 -0.001626
v -0.005461 0.022482 0.001626
v -0.001083 0.001973 0.020252
v -0.000951 0.005880 0.018411
v -0.001774 0.013286 0.013714
v -0.001183 0.009676 0.016217
v -0.011581 0.023577 0.019428
v -0.008505 0.021759 0.017930
v -0.010857 0.024090 0.017085
v -0.003271 0.016574 0.013657
v -0.005712 0.019405 0.015991
v -0.003835 0.018172 0.012208
v -0.009523 0.024755 0.012152
v -0.007826 0.022131 0.015469
v -0.010167 0.024487 0.014641
v -0.008008 0.023703 0.011213
v -0.009303 0.023177 0.016331
v -0.005209 0.021119 0.009156
v -0.006378 0.020911 0.014464
v -0.004485 0.019699 0.010695
v -0.006560 0.022483 0.010207
v -0.005064 0.019605 0.013388
v -0.007159 0.022360 0.012886
v -0.001803 0.015336 -0.009338
v -0.001343 0.015723 -0.003138
v -0.002367 0.016935 -0.007891
v -0.001803 0.015336 0.009338
v -0.001343 0.015723 0.003138
v -0.002367 0.016935 0.007891
v -0.003745 0.019885 -0.004848
v -0.002014 0.017234 -0.001627
v -0.003020 0.018464 -0.006385
v -0.003643 0.020025 -0.001627
v -0.002132 0.017134 -0.004763
v -0.003745 0.019885 0.004848
v -0.002014 0.017234 0.001627
v -0.003020 0.018464 0.006385
v -0.003643 0.020025 0.001627
v -0.002132 0.017134 0.004763
v -0.002779 0.018669 0.000000
v -0.007415 -0.024576 0.001626
v -0.005562 -0.022342 0.004846
v -0.007859 -0.024813 0.004260
v -0.006411 -0.023593 0.000000
v -0.002714 -0.016642 0.010948
v -0.003985 -0.019680 0.007973
v -0.008907 -0.024911 0.009489
v -0.006039 -0.022494 0.007497
v -0.008359 -0.024924 0.006901
v -0.006912 -0.023705 0.005897
v -0.004586 -0.021269 -0.003223
v -0.004586 -0.021269 0.003223
v -0.005461 -0.022482 -0.001626
v -0.005461 -0.022482 0.001626
v -0.001083 -0.001973 0.020252
v -0.000951 -0.005880 0.018411
v -0.001774 -0.013286 0.013714
v -0.001183 -0.009676 0.016217
v -0.011581 -0.023577 0.019428
v -0.008505 -0.021759 0.017930
v -0.010857 -0.024090 0.017085
v -0.003271 -0.016574 0.013657
v -0.005712 -0.019405 0.015991
v -0.003835 -0.018172 0.012208
v -0.009523 -0.024755 0.012152
v -0.007826 -0.022131 0.015469
v -0.010167 -0.024487 0.014641
v -0.008008 -0.023703 0.011213
v -0.009303 -0.023177 0.016331
v -0.005209 -0.021119 0.009156
v -0.006378 -0.020911 0.014464
v -0.004485 -0.019699 0.010695
v -0.006560 -0.022483 0.010207
v -0.005064 -0.019605 0.013388
v -0.007159 -0.022360 0.012886
v -0.001803 -0.015336 -0.009338
v -0.001343 -0.015723 -0.003138
v -0.002367 -0.016935 -0.007891
v -0.001803 -0.015336 0.009338
v -0.001343 -0.015723 0.003138
v -0.002367 -0.016935 0.007891
v -0.003745 -0.019885 -0.004848
v -0.002014 -0.017234 -0.001627
v -0.003020 -0.018464 -0.006385
v -0.003643 -0.020025 -0.001627
v -0.002132 -0.017134 -0.004763
v -0.003745 -0.019885 0.004848
v -0.002014 -0.017234 0.001627
v -0.003020 -0.018464 0.006385
v -0.003643 -0.020025 0.001627
v -0.002132 -0.017134 0.004763
v -0.002779 -0.018669 0.000000
v -0.018553 -0.015189 0.034394
v -0.015688 -0.013808 0.034635
v -0.017657 -0.016556 0.033084
v -0.018552 -0.013361 0.035717
v -0.010257 -0.010285 0.033138
v -0.012904 -0.012163 0.034213
v -0.015876 -0.019037 0.029991
v -0.014781 -0.015126 0.033214
v -0.016757 -0.017847 0.031607
v -0.016204 -0.015874 0.033232
v -0.018547 -0.009503 0.037848
v -0.015679 -0.011921 0.035856
v -0.018548 -0.011452 0.036877
v -0.017102 -0.012671 0.035872
v -0.001977 -0.001219 0.022882
v -0.003616 -0.003634 0.026251
v -0.001804 -0.003195 0.022074
v -0.007796 -0.008211 0.031429
v -0.005568 -0.005980 0.029118
v -0.001732 -0.007117 0.020168
v -0.003505 -0.005623 0.025383
v -0.001722 -0.005176 0.021165
v -0.002616 -0.004422 0.023796
v -0.012488 -0.022812 0.022098
v -0.011205 -0.019483 0.025874
v -0.013285 -0.022044 0.024230
v -0.010886 -0.022050 0.021471
v -0.009314 -0.011481 0.031436
v -0.010138 -0.015675 0.029012
v -0.010603 -0.012468 0.032121
v -0.014964 -0.020170 0.028159
v -0.012045 -0.018576 0.027881
v -0.014118 -0.021157 0.026265
v -0.014386 -0.018328 0.029977
v -0.012637 -0.020367 0.026140
v -0.007847 -0.020088 0.019858
v -0.009640 -0.018577 0.025133
v -0.009325 -0.021134 0.020719
v -0.010233 -0.020369 0.023389
v -0.013316 -0.014287 0.033007
v -0.011492 -0.016601 0.029508
v -0.011947 -0.013409 0.032649
v -0.013833 -0.016353 0.031604
v -0.011018 -0.014587 0.030903
v -0.012913 -0.017511 0.029814
v -0.018532 -0.001237 0.039877
v -0.015631 -0.003682 0.038895
v -0.018532 -0.003312 0.039666
v -0.010222 -0.008241 0.034106
v -0.012838 -0.006036 0.036955
v -0.011510 -0.009230 0.034789
v -0.018536 -0.007420 0.038666
v -0.015637 -0.005753 0.038448
v -0.018535 -0.005388 0.039259
v -0.017083 -0.008698 0.037913
v -0.017068 -0.004546 0.039177
v -0.014221 -0.011056 0.035670
v -0.014189 -0.006974 0.037442
v -0.012853 -0.010176 0.035313
v -0.015635 -0.009918 0.036907
v -0.012830 -0.008119 0.036233
v -0.015620 -0.007847 0.037777
v -0.002710 -0.014571 0.015307
v -0.004043 -0.013448 0.020900
v -0.002334 -0.012814 0.016624
v -0.003830 -0.016104 0.016571
v -0.007846 -0.010243 0.030416
v -0.005770 -0.011993 0.025978
v -0.006674 -0.009156 0.029392
v -0.008191 -0.012428 0.029400
v -0.001846 -0.009114 0.019049
v -0.003770 -0.011602 0.022135
v -0.002043 -0.010981 0.017879
v -0.002618 -0.008410 0.021804
v -0.003003 -0.012249 0.019450
v -0.006377 -0.018849 0.018837
v -0.005269 -0.014893 0.022097
v -0.005063 -0.017541 0.017758
v -0.007197 -0.018224 0.021626
v -0.004502 -0.015539 0.019408
v -0.004512 -0.006867 0.026893
v -0.004665 -0.010848 0.024767
v -0.005554 -0.008021 0.028209
v -0.003512 -0.007655 0.024437
v -0.005623 -0.010041 0.027157
v -0.003603 -0.009664 0.023348
v -0.009078 -0.016573 0.026784
v -0.006177 -0.014128 0.024770
v -0.008605 -0.014556 0.028179
v -0.008106 -0.017459 0.024299
v -0.007136 -0.013319 0.027159
v -0.006635 -0.016219 0.023278
v -0.018553 0.015189 0.034394
v -0.015688 0.013808 0.034635
v -0.017657 0.016556 0.033084
v -0.018552 0.013361 0.035717
v -0.010257 0.010285 0.033138
v -0.012904 0.012163 0.034213
v -0.015876 0.019037 0.029991
v -0.014781 0.015126 0.033214
v -0.016757 0.017847 0.031607
v -0.016204 0.015874 0.033232
v -0.018547 0.009503 0.037848
v -0.015679 0.011921 0.035856
v -0.018548 0.011452 0.036877
v -0.017102 0.012671 0.035872
v -0.001977 0.001219 0.022882
v -0.003616 0.003634 0.026251
v -0.001804 0.003195 0.022074
v -0.002698 0.000000 0.024707
v -0.007796 0.008211 0.031429
v -0.005568 0.005980 0.029118
v -0.001732 0.007117 0.020168
v -0.003505 0.005623 0.025383
v -0.001722 0.005176 0.021165
v -0.002616 0.004422 0.023796
v -0.004403 -0.002417 0.028025
v -0.004403 0.002417 0.028025
v -0.003513 -0.001219 0.026435
v -0.003513 0.001219 0.026435
v -0.012488 0.022812 0.022098
v -0.011205 0.019483 0.025874
v -0.013285 0.022044 0.024230
v -0.010886 0.022050 0.021471
v -0.009314 0.011481 0.031436
v -0.010138 0.015675 0.029012
v -0.010603 0.012468 0.032121
v -0.014964 0.020170 0.028159
v -0.012045 0.018576 0.027881
v -0.014118 0.021157 0.026265
v -0.014386 0.018328 0.029977
v -0.012637 0.020367 0.026140
v -0.007847 0.020088 0.019858
v -0.009640 0.018577 0.025133
v -0.009325 0.021134 0.020719
v -0.010233 0.020369 0.023389
v -0.013316 0.014287 0.033007
v -0.011492 0.016601 0.029508
v -0.011947 0.013409 0.032649
v -0.013833 0.016353 0.031604
v -0.011018 0.014587 0.030903
v -0.012913 0.017511 0.029814
v -0.018532 0.001237 0.039877
v -0.015631 0.003682 0.038895
v -0.018532 0.003312 0.039666
v -0.017062 0.000000 0.039642
v -0.010222 0.008241 0.034106
v -0.012838 0.006036 0.036955
v -0.011510 0.009230 0.034789
v -0.018536 0.007420 0.038666
v -0.015637 0.005753 0.038448
v -0.018535 0.005388 0.039259
v -0.017083 0.008698 0.037913
v -0.017068 0.004546 0.039177
v -0.014159 -0.002445 0.038426
v -0.014159 0.002445 0.038426
v -0.015592 -0.001238 0.039154
v -0.015592 0.001238 0.039154
v -0.014221 0.011056 0.035670
v -0.014189 0.006974 0.037442
v -0.012853 0.010176 0.035313
v -0.015635 0.009918 0.036907
v -0.012830 0.008119 0.036233
v -0.015620 0.007847 0.037777
v -0.002710 0.014571 0.015307
v -0.004043 0.013448 0.020900
v -0.002334 0.012814 0.016624
v -0.003830 0.016104 0.016571
v -0.007846 0.010243 0.030416
v -0.005770 0.011993 0.025978
v -0.006674 0.009156 0.029392
v -0.008191 0.012428 0.029400
v -0.001846 0.009114 0.019049
v -0.003770 0.011602 0.022135
v -0.002043 0.010981 0.017879
v -0.002618 0.008410 0.021804
v -0.003003 0.012249 0.019450
v -0.006377 0.018849 0.018837
v -0.005269 0.014893 0.022097
v -0.005063 0.017541 0.017758
v -0.007197 0.018224 0.021626
v -0.004502 0.015539 0.019408
v -0.004512 0.006867 0.026893
v -0.004665 0.010848 0.024767
v -0.005554 0.008021 0.028209
v -0.003512 0.007655 0.024437
v -0.005623 0.010041 0.027157
v -0.003603 0.009664 0.023348
v -0.009078 0.016573 0.026784
v -0.006177 0.014128 0.024770
v -0.008605 0.014556 0.028179
v -0.008106 0.017459 0.024299
v -0.007136 0.013319 0.027159
v -0.006635 0.016219 0.023278
v -0.008753 -0.007003 0.033086
v -0.008470 -0.002354 0.033921
v -0.007581 -0.005918 0.032060
v -0.010006 -0.005947 0.034741
v -0.008753 0.007003 0.033086
v -0.008470 0.002354 0.033921
v -0.007581 0.005918 0.032060
v -0.010006 0.005947 0.034741
v -0.005417 -0.003636 0.029555
v -0.007362 -0.001220 0.032701
v -0.006460 -0.004788 0.030874
v -0.005315 -0.001220 0.029740
v -0.007435 -0.003572 0.032487
v -0.012688 -0.003684 0.037405
v -0.009787 -0.001239 0.035390
v -0.011329 -0.004830 0.036194
v -0.012649 -0.001239 0.037665
v -0.009861 -0.003593 0.035174
v -0.005417 0.003636 0.029555
v -0.007362 0.001220 0.032701
v -0.006460 0.004788 0.030874
v -0.005315 0.001220 0.029740
v -0.007435 0.003572 0.032487
v -0.006310 0.000000 0.031311
v -0.012688 0.003684 0.037405
v -0.009787 0.001239 0.035390
v -0.011329 0.004830 0.036194
v -0.012649 0.001239 0.037665
v -0.009861 0.003593 0.035174
v -0.011179 0.000000 0.036644
v -0.000531 0.000000 -0.018626
v 0.000696 0.000000 -0.013565
v -0.000356 0.001975 -0.017815
v -0.000356 -0.001975 -0.017815
v 0.001947 0.000000 -0.002766
v 0.001528 0.000000 -0.008244
v -0.000279 0.005892 -0.015894
v 0.000816 0.001981 -0.012671
v -0.000270 0.003952 -0.016895
v 0.000282 0.001980 -0.015269
v -0.000279 -0.005892 -0.015894
v 0.000816 -0.001981 -0.012671
v -0.000270 -0.003952 -0.016895
v 0.000282 -0.001980 -0.015269
v -0.000531 0.000000 0.018626
v 0.000696 0.000000 0.013565
v -0.000356 0.001975 0.017815
v -0.000356 -0.001975 0.017815
v 0.001947 0.000000 0.002766
v 0.001528 0.000000 0.008244
v -0.000279 0.005892 0.015894
v 0.000816 0.001981 0.012671
v -0.000270 0.003952 0.016895
v 0.000282 0.001980 0.015269
v -0.000279 -0.005892 0.015894
v 0.000816 -0.001981 0.012671
v -0.000270 -0.003952 0.016895
v 0.000282 -0.001980 0.015269
v -0.001242 0.013334 -0.010988
v 0.000325 0.009766 -0.008048
v -0.000866 0.011577 -0.012306
v -0.000892 0.013628 -0.007929
v 0.001932 0.002002 -0.001650
v 0.001392 0.005957 -0.004909
v 0.001816 0.002001 -0.004415
v -0.000382 0.007880 -0.014741
v 0.000593 0.007925 -0.009298
v -0.000578 0.009746 -0.013568
v 0.000299 0.005952 -0.013224
v -0.000072 0.009778 -0.010825
v -0.000535 0.013926 -0.001652
v 0.000573 0.009970 -0.004912
v -0.000654 0.013826 -0.004790
v -0.000094 0.011824 -0.006440
v 0.001266 0.001997 -0.009893
v 0.001146 0.005950 -0.007671
v 0.001593 0.001998 -0.007184
v 0.000852 0.003977 -0.011597
v 0.001547 0.003998 -0.006062
v 0.000778 0.005973 -0.010462
v -0.001242 -0.013334 -0.010988
v 0.000325 -0.009766 -0.008048
v -0.000866 -0.011577 -0.012306
v -0.000892 -0.013628 -0.007929
v 0.001932 -0.002002 -0.001650
v 0.001392 -0.005957 -0.004909
v 0.001816 -0.002001 -0.004415
v -0.000382 -0.007880 -0.014741
v 0.000593 -0.007925 -0.009298
v -0.000578 -0.009746 -0.013568
v 0.000299 -0.005952 -0.013224
v -0.000072 -0.009778 -0.010825
v -0.000535 -0.013926 -0.001652
v 0.000573 -0.009970 -0.004912
v -0.000654 -0.013826 -0.004790
v -0.000094 -0.011824 -0.006440
v 0.001266 -0.001997 -0.009893
v 0.001146 -0.005950 -0.007671
v 0.001593 -0.001998 -0.007184
v 0.000852 -0.003977 -0.011597
v 0.001547 -0.003998 -0.006062
v 0.000778 -0.005973 -0.010462
v -0.001242 0.013334 0.010988
v 0.000325 0.009766 0.008048
v -0.000866 0.011577 0.012306
v -0.000892 0.013628 0.007929
v 0.001932 0.002002 0.001650
v 0.001392 0.005957 0.004909
v 0.001816 0.002001 0.004415
v 0.001803 0.004006 0.000000
v -0.000382 0.007880 0.014741
v 0.000593 0.007925 0.009298
v -0.000578 0.009746 0.013568
v 0.000299 0.005952 0.013224
v -0.000072 0.009778 0.010825
v -0.000535 0.013926 0.001652
v 0.000573 0.009970 0.004912
v -0.000654 0.013826 0.004790
v 0.000154 0.012029 0.000000
v -0.000094 0.011824 0.006440
v 0.001266 0.001997 0.009893
v 0.001146 0.005950 0.007671
v 0.001593 0.001998 0.007184
v 0.000852 0.003977 0.011597
v 0.001547 0.003998 0.006062
v 0.000778 0.005973 0.010462
v 0.001134 0.007966 -0.003260
v 0.001134 0.007966 0.003260
v 0.001535 0.006011 -0.001650
v 0.000716 0.010024 -0.001652
v 0.001535 0.006011 0.001650
v 0.000716 0.010024 0.001652
v -0.001242 -0.013334 0.010988
v 0.000325 -0.009766 0.008048
v -0.000866 -0.011577 0.012306
v -0.000892 -0.013628 0.007929
v 0.001932 -0.002002 0.001650
v 0.001392 -0.005957 0.004909
v 0.001816 -0.002001 0.004415
v 0.001803 -0.004006 0.000000
v -0.000382 -0.007880 0.014741
v 0.000593 -0.007925 0.009298
v -0.000578 -0.009746 0.013568
v 0.000299 -0.005952 0.013224
v -0.000072 -0.009778 0.010825
v -0.000535 -0.013926 0.001652
v 0.000573 -0.009970 0.004912
v -0.000654 -0.013826 0.004790
v 0.000154 -0.012029 0.000000
v -0.000094 -0.011824 0.006440
v 0.001266 -0.001997 0.009893
v 0.001146 -0.005950 0.007671
v 0.001593 -0.001998 0.007184
v 0.000852 -0.003977 0.011597
v 0.001547 -0.003998 0.006062
v 0.000778 -0.005973 0.010462
v 0.001134 -0.007966 -0.003260
v 0.001134 -0.007966 0.003260
v 0.001535 -0.006011 -0.001650
v 0.000716 -0.010024 -0.001652
v 0.001535 -0.006011 0.001650
v 0.000716 -0.010024 0.001652
v -0.032585 0.024576 -0.001626
v -0.034438 0.022342 -0.004846
v -0.032141 0.024813 -0.004260
v -0.037286 0.016642 -0.010948
v -0.036015 0.019680 -0.007973
v -0.031093 0.024911 -0.009489
v -0.033961 0.022494 -0.007497
v -0.031641 0.024924 -0.006901
v -0.033088 0.023705 -0.005897
v -0.038917 0.001973 -0.020252
v -0.039049 0.005880 -0.018411
v -0.038226 0.013286 -0.013714
v -0.038817 0.009676 -0.016217
v -0.028419 0.023577 -0.019428
v -0.031495 0.021759 -0.017930
v -0.029143 0.024090 -0.017085
v -0.036729 0.016574 -0.013657
v -0.034288 0.019405 -0.015991
v -0.036165 0.018172 -0.012208
v -0.030477 0.024755 -0.012152
v -0.032174 0.022131 -0.015469
v -0.029833 0.024487 -0.014641
v -0.031992 0.023703 -0.011213
v -0.030697 0.023177 -0.016331
v -0.034791 0.021119 -0.009156
v -0.033622 0.020911 -0.014464
v -0.035515 0.019699 -0.010695
v -0.033440 0.022483 -0.010207
v -0.034936 0.019605 -0.013388
v -0.032841 0.022360 -0.012886
v -0.032585 -0.024576 -0.001626
v -0.034438 -0.022342 -0.004846
v -0.032141 -0.024813 -0.004260
v -0.037286 -0.016642 -0.010948
v -0.036015 -0.019680 -0.007973
v -0.031093 -0.024911 -0.009489
v -0.033961 -0.022494 -0.007497
v -0.031641 -0.024924 -0.006901
v -0.033088 -0.023705 -0.005897
v -0.038917 -0.001973 -0.020252
v -0.039049 -0.005880 -0.018411
v -0.038226 -0.013286 -0.013714
v -0.038817 -0.009676 -0.016217
v -0.028419 -0.023577 -0.019428
v -0.031495 -0.021759 -0.017930
v -0.029143 -0.024090 -0.017085
v -0.036729 -0.016574 -0.013657
v -0.034288 -0.019405 -0.015991
v -0.036165 -0.018172 -0.012208
v -0.030477 -0.024755 -0.012152
v -0.032174 -0.022131 -0.015469
v -0.029833 -0.024487 -0.014641
v -0.031992 -0.023703 -0.011213
v -0.030697 -0.023177 -0.016331
v -0.034791 -0.021119 -0.009156
v -0.033622 -0.020911 -0.014464
v -0.035515 -0.019699 -0.010695
v -0.033440 -0.022483 -0.010207
v -0.034936 -0.019605 -0.013388
v -0.032841 -0.022360 -0.012886
v -0.021447 -0.015189 -0.034394
v -0.024312 -0.013808 -0.034635
v -0.022343 -0.016556 -0.033084
v -0.021448 -0.013361 -0.035717
v -0.029743 -0.010285 -0.033138
v -0.027096 -0.012163 -0.034213
v -0.024124 -0.019037 -0.029991
v -0.025219 -0.015126 -0.033214
v -0.023243 -0.017847 -0.031607
v -0.023796 -0.015874 -0.033232
v -0.021453 -0.009503 -0.037848
v -0.024321 -0.011921 -0.035856
v -0.021452 -0.011452 -0.036877
v -0.022898 -0.012671 -0.035872
v -0.038023 -0.001219 -0.022882
v -0.036384 -0.003634 -0.026251
v -0.038196 -0.003195 -0.022074
v -0.032204 -0.008211 -0.031429
v -0.034432 -0.005980 -0.029118
v -0.038268 -0.007117 -0.020168
v -0.036495 -0.005623 -0.025383
v -0.038278 -0.005176 -0.021165
v -0.037384 -0.004422 -0.023796
v -0.027512 -0.022812 -0.022098
v -0.028795 -0.019483 -0.025874
v -0.026715 -0.022044 -0.024230
v -0.029114 -0.022050 -0.021471
v -0.030686 -0.011481 -0.031436
v -0.029862 -0.015675 -0.029012
v -0.029397 -0.012468 -0.032121
v -0.025036 -0.020170 -0.028159
v -0.027955 -0.018576 -0.027881
v -0.025882 -0.021157 -0.026265
v -0.025614 -0.018328 -0.029977
v -0.027363 -0.020367 -0.026140
v -0.032153 -0.020088 -0.019858
v -0.030360 -0.018577 -0.025133
v -0.030675 -0.021134 -0.020719
v -0.029767 -0.020369 -0.023389
v -0.026684 -0.014287 -0.033007
v -0.028508 -0.016601 -0.029508
v -0.028053 -0.013409 -0.032649
v -0.026167 -0.016353 -0.031604
v -0.028982 -0.014587 -0.030903
v -0.027087 -0.017511 -0.029814
v -0.021468 -0.001237 -0.039877
v -0.024369 -0.003682 -0.038895
v -0.021468 -0.003312 -0.039666
v -0.029778 -0.008241 -0.034106
v -0.027162 -0.006036 -0.036955
v -0.028490 -0.009230 -0.034789
v -0.021464 -0.007420 -0.038666
v -0.024363 -0.005753 -0.038448
v -0.021465 -0.005388 -0.039259
v -0.022917 -0.008698 -0.037913
v -0.022932 -0.004546 -0.039177
v -0.025779 -0.011056 -0.035670
v -0.025811 -0.006974 -0.037442
v -0.027147 -0.010176 -0.035313
v -0.024365 -0.009918 -0.036907
v -0.027170 -0.008119 -0.036233
v -0.024380 -0.007847 -0.037777
v -0.037290 -0.014571 -0.015307
v -0.035957 -0.013448 -0.020900
v -0.037666 -0.012814 -0.016624
v -0.036170 -0.016104 -0.016571
v -0.032154 -0.010243 -0.030416
v -0.034230 -0.011993 -0.025978
v -0.033326 -0.009156 -0.029392
v -0.031809 -0.012428 -0.029400
v -0.038154 -0.009114 -0.019049
v -0.036230 -0.011602 -0.022135
v -0.037957 -0.010981 -0.017879
v -0.037382 -0.008410 -0.021804
v -0.036997 -0.012249 -0.019450
v -0.033623 -0.018849 -0.018837
v -0.034731 -0.014893 -0.022097
v -0.034937 -0.017541 -0.017758
v -0.032803 -0.018224 -0.021626
v -0.035498 -0.015539 -0.019408
v -0.035488 -0.006867 -0.026893
v -0.035335 -0.010848 -0.024767
v -0.034446 -0.008021 -0.028209
v -0.036488 -0.007655 -0.024437
v -0.034377 -0.010041 -0.027157
v -0.036397 -0.009664 -0.023348
v -0.030922 -0.016573 -0.026784
v -0.033823 -0.014128 -0.024770
v -0.031395 -0.014556 -0.028179
v -0.031894 -0.017459 -0.024299
v -0.032864 -0.013319 -0.027159
v -0.033365 -0.016219 -0.023278
v -0.021447 0.015189 -0.034394
v -0.024312 0.013808 -0.034635
v -0.022343 0.016556 -0.033084
v -0.021448 0.013361 -0.035717
v -0.029743 0.010285 -0.033138
v -0.027096 0.012163 -0.034213
v -0.024124 0.019037 -0.029991
v -0.025219 0.015126 -0.033214
v -0.023243 0.017847 -0.031607
v -0.023796 0.015874 -0.033232
v -0.021453 0.009503 -0.037848
v -0.024321 0.011921 -0.035856
v -0.021452 0.011452 -0.036877
v -0.022898 0.012671 -0.035872
v -0.038023 0.001219 -0.022882
v -0.036384 0.003634 -0.026251
v -0.038196 0.003195 -0.022074
v -0.037302 0.000000 -0.024707
v -0.032204 0.008211 -0.031429
v -0.034432 0.005980 -0.029118
v -0.038268 0.007117 -0.020168
v -0.036495 0.005623 -0.025383
v -0.038278 0.005176 -0.021165
v -0.037384 0.004422 -0.023796
v -0.035597 -0.002417 -0.028025
v -0.035597 0.002417 -0.028025
v -0.036487 -0.001219 -0.026435
v -0.036487 0.001219 -0.026435
v -0.027512 0.022812 -0.022098
v -0.028795 0.019483 -0.025874
v -0.026715 0.022044 -0.024230
v -0.029114 0.022050 -0.021471
v -0.030686 0.011481 -0.031436
v -0.029862 0.015675 -0.029012
v -0.029397 0.012468 -0.032121
v -0.025036 0.020170 -0.028159
v -0.027955 0.018576 -0.027881
v -0.025882 0.021157 -0.026265
v -0.025614 0.018328 -0.029977
v -0.027363 0.020367 -0.026140
v -0.032153 0.020088 -0.019858
v -0.030360 0.018577 -0.025133
v -0.030675 0.021134 -0.020719
v -0.029767 0.020369 -0.023389
v -0.026684 0.014287 -0.033007
v -0.028508 0.016601 -0.029508
v -0.028053 0.013409 -0.032649
v -0.026167 0.016353 -0.031604
v -0.028982 0.014587 -0.030903
v -0.027087 0.017511 -0.029814
v -0.021468 0.001237 -0.039877
v -0.024369 0.003682 -0.038895
v -0.021468 0.003312 -0.039666
v -0.022938 0.000000 -0.039642
v -0.029778 0.008241 -0.034106
v -0.027162 0.006036 -0.036955
v -0.028490 0.009230 -0.034789
v -0.021464 0.007420 -0.038666
v -0.024363 0.005753 -0.038448
v -0.021465 0.005388 -0.039259
v -0.022917 0.008698 -0.037913
v -0.022932 0.004546 -0.039177
v -0.025841 -0.002445 -0.038426
v -0.025841 0.002445 -0.038426
v -0.024408 -0.001238 -0.039154
v -0.024408 0.001238 -0.039154
v -0.025779 0.011056 -0.035670
v -0.025811 0.006974 -0.037442
v -0.027147 0.010176 -0.035313
v -0.024365 0.009918 -0.036907
v -0.027170 0.008119 -0.036233
v -0.024380 0.007847 -0.037777
v -0.037290 0.014571 -0.015307
v -0.035957 0.013448 -0.020900
v -0.037666 0.012814 -0.016624
v -0.036170 0.016104 -0.016571
v -0.032154 0.010243 -0.030416
v -0.034230 0.011993 -0.025978
v -0.033326 0.009156 -0.029392
v -0.031809 0.012428 -0.029400
v -0.038154 0.009114 -0.019049
v -0.036230 0.011602 -0.022135
v -0.037957 0.010981 -0.017879
v -0.037382 0.008410 -0.021804
v -0.036997 0.012249 -0.019450
v -0.033623 0.018849 -0.018837
v -0.034731 0.014893 -0.022097
v -0.034937 0.017541 -0.017758
v -0.032803 0.018224 -0.021626
v -0.035498 0.015539 -0.019408
v -0.035488 0.006867 -0.026893
v -0.035335 0.010848 -0.024767
v -0.034446 0.008021 -0.028209
v -0.036488 0.007655 -0.024437
v -0.034377 0.010041 -0.027157
v -0.036397 0.009664 -0.023348
v -0.030922 0.016573 -0.026784
v -0.033823 0.014128 -0.024770
v -0.031395 0.014556 -0.028179
v -0.031894 0.017459 -0.024299
v -0.032864 0.013319 -0.027159
v -0.033365 0.016219 -0.023278
v -0.031247 -0.007003 -0.033086
v -0.031530 -0.002354 -0.033921
v -0.032419 -0.005918 -0.032060
v -0.029994 -0.005947 -0.034741
v -0.031247 0.007003 -0.033086
v -0.031530 0.002354 -0.033921
v -0.032419 0.005918 -0.032060
v -0.029994 0.005947 -0.034741
v -0.034583 -0.003636 -0.029555
v -0.032638 -0.001220 -0.032701
v -0.033540 -0.004788 -0.030874
v -0.034685 -0.001220 -0.029740
v -0.032565 -0.003572 -0.032487
v -0.027312 -0.003684 -0.037405
v -0.030213 -0.001239 -0.035390
v -0.028671 -0.004830 -0.036194
v -0.027351 -0.001239 -0.037665
v -0.030139 -0.003593 -0.035174
v -0.034583 0.003636 -0.029555
v -0.032638 0.001220 -0.032701
v -0.033540 0.004788 -0.030874
v -0.034685 0.001220 -0.029740
v -0.032565 0.003572 -0.032487
v -0.033690 0.000000 -0.031311
v -0.027312 0.003684 -0.037405
v -0.030213 0.001239 -0.035390
v -0.028671 0.004830 -0.036194
v -0.027351 0.001239 -0.037665
v -0.030139 0.003593 -0.035174
v -0.028821 0.000000 -0.036644
v -0.032585 0.024576 0.001626
v -0.034438 0.022342 0.004846
v -0.032141 0.024813 0.004260
v -0.033589 0.023593 0.000000
v -0.037286 0.016642 0.010948
v -0.036015 0.019680 0.007973
v -0.031093 0.024911 0.009489
v -0.033961 0.022494 0.007497
v -0.031641 0.024924 0.006901
v -0.033088 0.023705 0.005897
v -0.035414 0.021269 -0.003223
v -0.035414 0.021269 0.003223
v -0.034539 0.022482 -0.001626
v -0.034539 0.022482 0.001626
v -0.038917 0.001973 0.020252
v -0.039049 0.005880 0.018411
v -0.038226 0.013286 0.013714
v -0.038817 0.009676 0.016217
v -0.028419 0.023577 0.019428
v -0.031495 0.021759 0.017930
v -0.029143 0.024090 0.017085
v -0.036729 0.016574 0.013657
v -0.034288 0.019405 0.015991
v -0.036165 0.018172 0.012208
v -0.030477 0.024755 0.012152
v -0.032174 0.022131 0.015469
v -0.029833 0.024487 0.014641
v -0.031992 0.023703 0.011213
v -0.030697 0.023177 0.016331
v -0.034791 0.021119 0.009156
v -0.033622 0.020911 0.014464
v -0.035515 0.019699 0.010695
v -0.033440 0.022483 0.010207
v -0.034936 0.019605 0.013388
v -0.032841 0.022360 0.012886
v -0.038197 0.015336 -0.009338
v -0.038657 0.015723 -0.003138
v -0.037633 0.016935 -0.007891
v -0.038197 0.015336 0.009338
v -0.038657 0.015723 0.003138
v -0.037633 0.016935 0.007891
v -0.036255 0.019885 -0.004848
v -0.037986 0.017234 -0.001627
v -0.036980 0.018464 -0.006385
v -0.036357 0.020025 -0.001627
v -0.037868 0.017134 -0.004763
v -0.036255 0.019885 0.004848
v -0.037986 0.017234 0.001627
v -0.036980 0.018464 0.006385
v -0.036357 0.020025 0.001627
v -0.037868 0.017134 0.004763
v -0.037221 0.018669 0.000000
v -0.032585 -0.024576 0.001626
v -0.034438 -0.022342 0.004846
v -0.032141 -0.024813 0.004260
v -0.033589 -0.023593 0.000000
v -0.037286 -0.016642 0.010948
v -0.036015 -0.019680 0.007973
v -0.031093 -0.024911 0.009489
v -0.033961 -0.022494 0.007497
v -0.031641 -0.024924 0.006901
v -0.033088 -0.023705 0.005897
v -0.035414 -0.021269 -0.003223
v -0.035414 -0.021269 0.003223
v -0.034539 -0.022482 -0.001626
v -0.034539 -0.022482 0.001626
v -0.038917 -0.001973 0.020252
v -0.039049 -0.005880 0.018411
v -0.038226 -0.013286 0.013714
v -0.038817 -0.009676 0.016217
v -0.028419 -0.023577 0.019428
v -0.031495 -0.021759 0.017930
v -0.029143 -0.024090 0.017085
v -0.036729 -0.016574 0.013657
v -0.034288 -0.019405 0.015991
v -0.036165 -0.018172 0.012208
v -0.030477 -0.024755 0.012152
v -0.032174 -0.022131 0.015469
v -0.029833 -0.024487 0.014641
v -0.031992 -0.023703 0.011213
v -0.030697 -0.023177 0.016331
v -0.034791 -0.021119 0.009156
v -0.033622 -0.020911 0.014464
v -0.035515 -0.019699 0.010695
v -0.033440 -0.022483 0.010207
v -0.034936 -0.019605 0.013388
v -0.032841 -0.022360 0.012886
v -0.038197 -0.015336 -0.009338
v -0.038657 -0.015723 -0.003138
v -0.037633 -0.016935 -0.007891
v -0.038197 -0.015336 0.009338
v -0.038657 -0.015723 0.003138
v -0.037633 -0.016935 0.007891
v -0.036255 -0.019885 -0.004848
v -0.037986 -0.017234 -0.001627
v -0.036980 -0.018464 -0.006385
v -0.036357 -0.020025 -0.001627
v -0.037868 -0.017134 -0.004763
v -0.036255 -0.019885 0.004848
v -0.037986 -0.017234 0.001627
v -0.036980 -0.018464 0.006385
v -0.036357 -0.020025 0.001627
v -0.037868 -0.017134 0.004763
v -0.037221 -0.018669 0.000000
v -0.021447 -0.015189 0.034394
v -0.024312 -0.013808 0.034635
v -0.022343 -0.016556 0.033084
v -0.021448 -0.013361 0.035717
v -0.029743 -0.010285 0.033138
v -0.027096 -0.012163 0.034213
v -0.024124 -0.019037 0.029991
v -0.025219 -0.015126 0.033214
v -0.023243 -0.017847 0.031607
v -0.023796 -0.015874 0.033232
v -0.021453 -0.009503 0.037848
v -0.024321 -0.011921 0.035856
v -0.021452 -0.011452 0.036877
v -0.022898 -0.012671 0.035872
v -0.038023 -0.001219 0.022882
v -0.036384 -0.003634 0.026251
v -0.038196 -0.003195 0.022074
v -0.032204 -0.008211 0.031429
v -0.034432 -0.005980 0.029118
v -0.038268 -0.007117 0.020168
v -0.036495 -0.005623 0.025383
v -0.038278 -0.005176 0.021165
v -0.037384 -0.004422 0.023796
v -0.027512 -0.022812 0.022098
v -0.028795 -0.019483 0.025874
v -0.026715 -0.022044 0.024230
v -0.029114 -0.022050 0.021471
v -0.030686 -0.011481 0.031436
v -0.029862 -0.015675 0.029012
v -0.029397 -0.012468 0.032121
v -0.025036 -0.020170 0.028159
v -0.027955 -0.018576 0.027881
v -0.025882 -0.021157 0.026265
v -0.025614 -0.018328 0.029977
v -0.027363 -0.020367 0.026140
v -0.032153 -0.020088 0.019858
v -0.030360 -0.018577 0.025133
v -0.030675 -0.021134 0.020719
v -0.029767 -0.020369 0.023389
v -0.026684 -0.014287 0.033007
v -0.028508 -0.016601 0.029508
v -0.028053 -0.013409 0.032649
v -0.026167 -0.016353 0.031604
v -0.028982 -0.014587 0.030903
v -0.027087 -0.017511 0.029814
v -0.021468 -0.001237 0.039877
v -0.024369 -0.003682 0.038895
v -0.021468 -0.003312 0.039666
v -0.029778 -0.008241 0.034106
v -0.027162 -0.006036 0.036955
v -0.028490 -0.009230 0.034789
v -0.021464 -0.007420 0.038666
v -0.024363 -0.005753 0.038448
v -0.021465 -0.005388 0.039259
v -0.022917 -0.008698 0.037913
v -0.022932 -0.004546 0.039177
v -0.025779 -0.011056 0.035670
v -0.025811 -0.006974 0.037442
v -0.027147 -0.010176 0.035313
v -0.024365 -0.009918 0.036907
v -0.027170 -0.008119 0.036233
v -0.024380 -0.007847 0.037777
v -0.037290 -0.014571 0.015307
v -0.035957 -0.013448 0.020900
v -0.037666 -0.012814 0.016624
v -0.036170 -0.016104 0.016571
v -0.032154 -0.010243 0.030416
v -0.034230 -0.011993 0.025978
v -0.033326 -0.009156 0.029392
v -0.031809 -0.012428 0.029400
v -0.038154 -0.009114 0.019049
v -0.036230 -0.011602 0.022135
v -0.037957 -0.010981 0.017879
v -0.037382 -0.008410 0.021804
v -0.036997 -0.012249 0.019450
v -0.033623 -0.018849 0.018837
v -0.034731 -0.014893 0.022097
v -0.034937 -0.017541 0.017758
v -0.032803 -0.018224 0.021626
v -0.035498 -0.015539 0.019408
v -0.035488 -0.006867 0.026893
v -0.035335 -0.010848 0.024767
v -0.034446 -0.008021 0.028209
v -0.036488 -0.007655 0.024437
v -0.034377 -0.010041 0.027157
v -0.036397 -0.009664 0.023348
v -0.030922 -0.016573 0.026784
v -0.033823 -0.014128 0.024770
v -0.031395 -0.014556 0.028179
v -0.031894 -0.017459 0.024299
v -0.032864 -0.013319 0.027159
v -0.033365 -0.016219 0.023278
v -0.021447 0.015189 0.034394
v -0.024312 0.013808 0.034635
v -0.022343 0.016556 0.033084
v -0.021448 0.013361 0.035717
v -0.029743 0.010285 0.033138
v -0.027096 0.012163 0.034213
v -0.024124 0.019037 0.029991
v -0.025219 0.015126 0.033214
v -0.023243 0.017847 0.031607
v -0.023796 0.015874 0.033232
v -0.021453 0.009503 0.037848
v -0.024321 0.011921 0.035856
v -0.021452 0.011452 0.036877
v -0.022898 0.012671 0.035872
v -0.038023 0.001219 0.022882
v -0.036384 0.003634 0.026251
v -0.038196 0.003195 0.022074
v -0.037302 0.000000 0.024707
v -0.032204 0.008211 0.031429
v -0.034432 0.005980 0.029118
v -0.038268 0.007117 0.020168
v -0.036495 0.005623 0.025383
v -0.038278 0.005176 0.021165
v -0.037384 0.004422 0.023796
v -0.035597 -0.002417 0.028025
v -0.035597 0.002417 0.028025
v -0.036487 -0.001219 0.026435
v -0.036487 0.001219 0.026435
v -0.027512 0.022812 0.022098
v -0.028795 0.019483 0.025874
v -0.026715 0.022044 0.024230
v -0.029114 0.022050 0.021471
v -0.030686 0.011481 0.031436
v -0.029862 0.015675 0.029012
v -0.029397 0.012468 0.032121
v -0.025036 0.020170 0.028159
v -0.027955 0.018576 0.027881
v -0.025882 0.021157 0.026265
v -0.025614 0.018328 0.029977
v -0.027363 0.020367 0.026140
v -0.032153 0.020088 0.019858
v -0.030360 0.018577 0.025133
v -0.030675 0.021134 0.020719
v -0.029767 0.020369 0.023389
v -0.026684 0.014287 0.033007
v -0.028508 0.016601 0.029508
v -0.028053 0.013409 0.032649
v -0.026167 0.016353 0.031604
v -0.028982 0.014587 0.030903
v -0.027087 0.017511 0.029814
v -0.021468 0.001237 0.039877
v -0.024369 0.003682 0.038895
v -0.021468 0.003312 0.039666
v -0.022938 0.000000 0.039642
v -0.029778 0.008241 0.034106
v -0.027162 0.006036 0.036955
v -0.028490 0.009230 0.034789
v -0.021464 0.007420 0.038666
v -0.024363 0.005753 0.038448
v -0.021465 0.005388 0.039259
v -0.022917 0.008698 0.037913
v -0.022932 0.004546 0.039177
v -0.025841 -0.002445 0.038426
v -0.025841 0.002445 0.038426
v -0.024408 -0.001238 0.039154
v -0.024408 0.001238 0.039154
v -0.025779 0.011056 0.035670
v -0.025811 0.006974 0.037442
v -0.027147 0.010176 0.035313
v -0.024365 0.009918 0.036907
v -0.027170 0.008119 0.036233
v -0.024380 0.007847 0.037777
v -0.037290 0.014571 0.015307
v -0.035957 0.013448 0.020900
v -0.037666 0.012814 0.016624
v -0.036170 0.016104 0.016571
v -0.032154 0.010243 0.030416
v -0.034230 0.011993 0.025978
v -0.033326 0.009156 0.029392
v -0.031809 0.012428 0.029400
v -0.038154 0.009114 0.019049
v -0.036230 0.011602 0.022135
v -0.037957 0.010981 0.017879
v -0.037382 0.008410 0.021804
v -0.036997 0.012249 0.019450
v -0.033623 0.018849 0.018837
v -0.034731 0.014893 0.022097
v -0.034937 0.017541 0.017758
v -0.032803 0.018224 0.021626
v -0.035498 0.015539 0.019408
v -0.035488 0.006867 0.026893
v -0.035335 0.010848 0.024767
v -0.034446 0.008021 0.028209
v -0.036488 0.007655 0.024437
v -0.034377 0.010041 0.027157
v -0.036397 0.009664 0.023348
v -0.030922 0.016573 0.026784
v -0.033823 0.014128 0.024770
v -0.031395 0.014556 0.028179
v -0.031894 0.017459 0.024299
v -0.032864 0.013319 0.027159
v -0.033365 0.016219 0.023278
v -0.031247 -0.007003 0.033086
v -0.031530 -0.002354 0.033921
v -0.032419 -0.005918 0.032060
v -0.029994 -0.005947 0.034741
v -0.031247 0.007003 0.033086
v -0.031530 0.002354 0.033921
v -0.032419 0.005918 0.032060
v -0.029994 0.005947 0.034741
v -0.034583 -0.003636 0.029555
v -0.032638 -0.001220 0.032701
v -0.033540 -0.004788 0.030874
v -0.034685 -0.001220 0.029740
v -0.032565 -0.003572 0.032487
v -0.027312 -0.003684 0.037405
v -0.030213 -0.001239 0.035390
v -0.028671 -0.004830 0.036194
v -0.027351 -0.001239 0.037665
v -0.030139 -0.003593 0.035174
v -0.034583 0.003636 0.029555
v -0.032638 0.001220 0.032701
v -0.033540 0.004788 0.030874
v -0.034685 0.001220 0.029740
v -0.032565 0.003572 0.032487
v -0.033690 0.000000 0.031311
v -0.027312 0.003684 0.037405
v -0.030213 0.001239 0.035390
v -0.028671 0.004830 0.036194
v -0.027351 0.001239 0.037665
v -0.030139 0.003593 0.035174
v -0.028821 0.000000 0.036644
v -0.039469 0.000000 -0.018626
v -0.040696 0.000000 -0.013565
v -0.039644 0.001975 -0.017815
v -0.039644 -0.001975 -0.017815
v -0.041947 0.000000 -0.002766
v -0.041528 0.000000 -0.008244
v -0.039721 0.005892 -0.015894
v -0.040816 0.001981 -0.012671
v -0.039730 0.003952 -0.016895
v -0.040282 0.001980 -0.015269
v -0.039721 -0.005892 -0.015894
v -0.040816 -0.001981 -0.012671
v -0.039730 -0.003952 -0.016895
v -0.040282 -0.001980 -0.015269
v -0.039469 0.000000 0.018626
v -0.040696 0.000000 0.013565
v -0.039644 0.001975 0.017815
v -0.039644 -0.001975 0.017815
v -0.041947 0.000000 0.002766
v -0.041528 0.000000 0.008244
v -0.039721 0.005892 0.015894
v -0.040816 0.001981 0.012671
v -0.039730 0.003952 0.016895
v -0.040282 0.001980 0.015269
v -0.039721 -0.005892 0.015894
v -0.040816 -0.001981 0.012671
v -0.039730 -0.003952 0.016895
v -0.040282 -0.001980 0.015269
v -0.038758 0.013334 -0.010988
v -0.040325 0.009766 -0.008048
v -0.039134 0.011577 -0.012306
v -0.039108 0.013628 -0.007929
v -0.041932 0.002002 -0.001650
v -0.041392 0.005957 -0.004909
v -0.041816 0.002001 -0.004415
v -0.039618 0.007880 -0.014741
v -0.040593 0.007925 -0.009298
v -0.039422 0.009746 -0.013568
v -0.040299 0.005952 -0.013224
v -0.039928 0.009778 -0.010825
v -0.039465 0.013926 -0.001652
v -0.040573 0.009970 -0.004912
v -0.039346 0.013826 -0.004790
v -0.039906 0.011824 -0.006440
v -0.041266 0.001997 -0.009893
v -0.041146 0.005950 -0.007671
v -0.041593 0.001998 -0.007184
v -0.040852 0.003977 -0.011597
v -0.041547 0.003998 -0.006062
v -0.040778 0.005973 -0.010462
v -0.038758 -0.013334 -0.010988
v -0.040325 -0.009766 -0.008048
v -0.039134 -0.011577 -0.012306
v -0.039108 -0.013628 -0.007929
v -0.041932 -0.002002 -0.001650
v -0.041392 -0.005957 -0.004909
v -0.041816 -0.002001 -0.004415
v -0.039618 -0.007880 -0.014741
v -0.040593 -0.007925 -0.009298
v -0.039422 -0.009746 -0.013568
v -0.040299 -0.005952 -0.013224
v -0.039928 -0.009778 -0.010825
v -0.039465 -0.013926 -0.001652
v -0.040573 -0.009970 -0.004912
v -0.039346 -0.013826 -0.004790
v -0.039906 -0.011824 -0.006440
v -0.041266 -0.001997 -0.009893
v -0.041146 -0.005950 -0.007671
v -0.041593 -0.001998 -0.007184
v -0.040852 -0.003977 -0.011597
v -0.041547 -0.003998 -0.006062
v -0.040778 -0.005973 -0.010462
v -0.038758 0.013334 0.010988
v -0.040325 0.009766 0.008048
v -0.039134 0.011577 0.012306
v -0.039108 0.013628 0.007929
v -0.041932 0.002002 0.001650
v -0.041392 0.005957 0.004909
v -0.041816 0.002001 0.004415
v -0.041803 0.004006 0.000000
v -0.039618 0.007880 0.014741
v -0.040593 0.007925 0.009298
v -0.039422 0.009746 0.013568
v -0.040299 0.005952 0.013224
v -0.039928 0.009778 0.010825
v -0.039465 0.013926 0.001652
v -0.040573 0.009970 0.004912
v -0.039346 0.013826 0.004790
v -0.040154 0.012029 0.000000
v -0.039906 0.011824 0.006440
v -0.041266 0.001997 0.009893
v -0.041146 0.005950 0.007671
v -0.041593 0.001998 0.007184
v -0.040852 0.003977 0.011597
v -0.041547 0.003998 0.006062
v -0.040778 0.005973 0.010462
v -0.041134 0.007966 -0.003260
v -0.041134 0.007966 0.003260
v -0.041535 0.006011 -0.001650
v -0.040716 0.010024 -0.001652
v -0.041535 0.006011 0.001650
v -0.040716 0.010024 0.001652
v -0.038758 -0.013334 0.010988
v -0.040325 -0.009766 0.008048
v -0.039134 -0.011577 0.012306
v -0.039108 -0.013628 0.007929
v -0.041932 -0.002002 0.001650
v -0.041392 -0.005957 0.004909
v -0.041816 -0.002001 0.004415
v -0.041803 -0.004006 0.000000
v -0.039618 -0.007880 0.014741
v -0.040593 -0.007925 0.009298
v -0.039422 -0.009746 0.013568
v -0.040299 -0.005952 0.013224
v -0.039928 -0.009778 0.010825
v -0.039465 -0.013926 0.001652
v -0.040573 -0.009970 0.004912
v -0.039346 -0.013826 0.004790
v -0.040154 -0.012029 0.000000
v -0.039906 -0.011824 0.006440
v -0.041266 -0.001997 0.009893
v -0.041146 -0.005950 0.007671
v -0.041593 -0.001998 0.007184
v -0.040852 -0.003977 0.011597
v -0.041547 -0.003998 0.006062
v -0.040778 -0.005973 0.010462
v -0.041134 -0.007966 -0.003260
v -0.041134 -0.007966 0.003260
v -0.041535 -0.006011 -0.001650
v -0.040716 -0.010024 -0.001652
v -0.041535 -0.006011 0.001650
v -0.040716 -0.010024 0.001652
vn -0.644425 0.764668 -0.000000
vn 0.644425 0.764668 0.000000
vn -0.644425 -0.764668 0.000000
vn 0.644425 -0.764668 0.000000
vn 0.000000 -0.635940 0.771739
vn -0.000000 0.635940 0.771739
vn -0.000000 -0.635940 -0.771739
vn 0.000000 0.635940 -0.771739
vn 0.946641 0.000000 -0.322289
vn 0.946641 -0.000000 0.322289
vn -0.946641 -0.000000 -0.322289
vn -0.946641 -0.000000 0.322289
vn 0.000000 1.000000 0.000000
vn 0.000000 -1.000000 0.000000
vn -0.426701 -0.820441 0.380530
vn 0.426701 -0.820441 0.380530
vn -0.426701 0.820441 0.380530
vn 0.426701 0.820441 0.380530
vn 0.000000 0.000000 1.000000
vn -0.426701 -0.820441 -0.380530
vn 0.426701 -0.820441 -0.380530
vn -0.426701 0.820441 -0.380530
vn 0.426701 0.820441 -0.380530
vn 0.000000 0.000000 -1.000000
vn 0.894384 0.405774 -0.188214
vn 0.894384 -0.405774 -0.188214
vn 0.706850 -0.320704 -0.630485
vn 0.706850 0.320704 -0.630485
vn 0.894384 0.405774 0.188214
vn 0.894384 -0.405774 0.188214
vn 0.706850 -0.320704 0.630485
vn 0.706850 0.320704 0.630485
vn 1.000000 -0.000000 0.000000
vn -0.894384 0.405774 -0.188214
vn -0.894384 -0.405774 -0.188214
vn -0.706850 -0.320704 -0.630485
vn -0.706850 0.320704 -0.630485
vn -0.894384 0.405774 0.188214
vn -0.894384 -0.405774 0.188214
vn -0.706850 -0.320704 0.630485
vn -0.706850 0.320704 0.630485
vn -1.000000 -0.000000 0.000000
vn -0.361008 0.932563 -0.000000
vn 0.361008 0.932563 0.000000
vn -0.361008 -0.932563 -0.000000
vn 0.361008 -0.932563 0.000000
vn -0.556336 -0.810589 0.182854
vn -0.242314 -0.772499 0.586966
vn -0.219032 -0.955252 0.198791
vn 0.556336 -0.810589 0.182854
vn 0.242314 -0.772499 0.586966
vn 0.219032 -0.955252 0.198791
vn -0.000000 -0.908208 0.418519
vn -0.556336 0.810589 0.182854
vn -0.242314 0.772499 0.586966
vn -0.219032 0.955252 0.198791
vn 0.556336 0.810589 0.182854
vn 0.242314 0.772499 0.586966
vn 0.219032 0.955252 0.198791
vn 0.000000 0.908208 0.418519
vn 0.000000 -0.355044 0.934849
vn -0.000000 0.355044 0.934849
vn -0.556336 -0.810589 -0.182854
vn -0.242314 -0.772499 -0.586966
vn -0.219032 -0.955252 -0.198791
vn 0.556336 -0.810589 -0.182854
vn 0.242314 -0.772499 -0.586966
vn 0.219032 -0.955252 -0.198791
vn 0.000000 -0.908208 -0.418519
vn -0.556336 0.810589 -0.182854
vn -0.242314 0.772499 -0.586966
vn -0.219032 0.955252 -0.198791
vn 0.556336 0.810589 -0.182854
vn 0.242314 0.772499 -0.586966
vn 0.219032 0.955252 -0.198791
vn 0.000000 0.908208 -0.418519
vn 0.000000 -0.355044 -0.934849
vn -0.000000 0.355044 -0.934849
vn 0.798318 0.593539 -0.101981
vn 0.942617 0.208128 -0.261067
vn 0.726194 0.622780 -0.291182
vn 0.798318 -0.593539 -0.101981
vn 0.942617 -0.208128 -0.261067
vn 0.726194 -0.622780 -0.291182
vn 0.412871 -0.506857 -0.756726
vn 0.869018 -0.145595 -0.472874
vn 0.597180 -0.602803 -0.529155
vn 0.441118 -0.196557 -0.875660
vn 0.835923 -0.381878 -0.394210
vn 0.412871 0.506857 -0.756726
vn 0.869018 0.145595 -0.472874
vn 0.597180 0.602803 -0.529155
vn 0.441118 0.196557 -0.875660
vn 0.835923 0.381878 -0.394210
vn 0.744267 0.000000 -0.667882
vn 0.798318 0.593539 0.101981
vn 0.942617 0.208128 0.261067
vn 0.726194 0.622780 0.291182
vn 0.911470 0.411367 0.000000
vn 0.798318 -0.593539 0.101981
vn 0.942617 -0.208128 0.261067
vn 0.726194 -0.622780 0.291182
vn 0.911470 -0.411367 0.000000
vn 0.412871 -0.506857 0.756726
vn 0.869018 -0.145595 0.472874
vn 0.597180 -0.602803 0.529155
vn 0.441118 -0.196557 0.875660
vn 0.835923 -0.381878 0.394210
vn 0.412871 0.506857 0.756726
vn 0.869018 0.145595 0.472874
vn 0.597180 0.602803 0.529155
vn 0.441118 0.196557 0.875660
vn 0.835923 0.381878 0.394210
vn 0.744267 0.000000 0.667882
vn 0.987907 0.000000 -0.155048
vn 0.987907 0.000000 0.155048
vn 0.975776 0.199157 -0.090538
vn 0.975776 -0.199157 -0.090538
vn 0.975776 0.199157 0.090538
vn 0.975776 -0.199157 0.090538
vn -0.798318 0.593539 -0.101981
vn -0.942617 0.208128 -0.261067
vn -0.726194 0.622780 -0.291182
vn -0.798318 -0.593539 -0.101981
vn -0.942617 -0.208128 -0.261067
vn -0.726194 -0.622780 -0.291182
vn -0.412871 -0.506857 -0.756726
vn -0.869018 -0.145595 -0.472874
vn -0.597180 -0.602803 -0.529155
vn -0.441118 -0.196557 -0.875660
vn -0.835923 -0.381878 -0.394210
vn -0.412871 0.506857 -0.756726
vn -0.869018 0.145595 -0.472874
vn -0.597180 0.602803 -0.529155
vn -0.441118 0.196557 -0.875660
vn -0.835923 0.381878 -0.394210
vn -0.744267 -0.000000 -0.667882
vn -0.798318 0.593539 0.101981
vn -0.942617 0.208128 0.261067
vn -0.726194 0.622780 0.291182
vn -0.911470 0.411367 0.000000
vn -0.798318 -0.593539 0.101981
vn -0.942617 -0.208128 0.261067
vn -0.726194 -0.622780 0.291182
vn -0.911470 -0.411367 0.000000
vn -0.412871 -0.506857 0.756726
vn -0.869018 -0.145595 0.472874
vn -0.597180 -0.602803 0.529155
vn -0.441118 -0.196557 0.875660
vn -0.835923 -0.381878 0.394210
vn -0.412871 0.506857 0.756726
vn -0.869018 0.145595 0.472874
vn -0.597180 0.602803 0.529155
vn -0.441118 0.196557 0.875660
vn -0.835923 0.381878 0.394210
vn -0.744267 -0.000000 0.667882
vn -0.987907 -0.000000 -0.155048
vn -0.987907 -0.000000 0.155048
vn -0.975776 0.199157 -0.090538
vn -0.975776 -0.199157 -0.090538
vn -0.975776 0.199157 0.090538
vn -0.975776 -0.199157 0.090538
vn -0.514900 0.857250 0.000000
vn -0.186471 0.982460 -0.000000
vn 0.514900 0.857250 -0.000000
vn 0.186471 0.982460 -0.000000
vn -0.514900 -0.857250 0.000000
vn -0.186471 -0.982460 -0.000000
vn 0.514900 -0.857250 -0.000000
vn 0.186471 -0.982460 -0.000000
vn -0.604828 -0.791301 0.089593
vn -0.497660 -0.820983 0.279859
vn -0.464154 -0.880724 0.094270
vn -0.127310 -0.716959 0.685392
vn -0.341944 -0.805608 0.483808
vn -0.108605 -0.988985 0.100564
vn -0.325176 -0.899077 0.293124
vn -0.295588 -0.950265 0.098105
vn -0.400987 -0.895480 0.193198
vn 0.604828 -0.791301 0.089593
vn 0.497660 -0.820983 0.279859
vn 0.464154 -0.880724 0.094270
vn 0.127310 -0.716959 0.685392
vn 0.341944 -0.805608 0.483808
vn -0.000000 -0.796751 0.604308
vn 0.108605 -0.988985 0.100564
vn 0.325176 -0.899077 0.293124
vn 0.295588 -0.950265 0.098105
vn 0.000000 -0.978992 0.203898
vn 0.400987 -0.895480 0.193198
vn -0.223974 -0.885146 0.407864
vn 0.223974 -0.885146 0.407864
vn -0.119924 -0.852403 0.508947
vn -0.114826 -0.943801 0.309926
vn 0.119924 -0.852403 0.508947
vn 0.114826 -0.943801 0.309926
vn -0.604828 0.791301 0.089593
vn -0.497660 0.820983 0.279859
vn -0.464154 0.880724 0.094270
vn -0.127310 0.716959 0.685392
vn -0.341944 0.805608 0.483808
vn -0.108605 0.988985 0.100564
vn -0.325176 0.899077 0.293124
vn -0.295588 0.950265 0.098105
vn -0.400987 0.895480 0.193198
vn 0.604828 0.791301 0.089593
vn 0.497660 0.820983 0.279859
vn 0.464154 0.880724 0.094270
vn 0.127310 0.716959 0.685392
vn 0.341944 0.805608 0.483808
vn 0.000000 0.796751 0.604308
vn 0.108605 0.988985 0.100564
vn 0.325176 0.899077 0.293124
vn 0.295588 0.950265 0.098105
vn 0.000000 0.978992 0.203898
vn 0.400987 0.895480 0.193198
vn -0.223974 0.885146 0.407864
vn 0.223974 0.885146 0.407864
vn -0.119924 0.852403 0.508947
vn -0.114826 0.943801 0.309926
vn 0.119924 0.852403 0.508947
vn 0.114826 0.943801 0.309926
vn 0.000000 -0.507458 0.861676
vn 0.000000 -0.183256 0.983065
vn -0.000000 0.507458 0.861676
vn 0.000000 0.183256 0.983065
vn -0.604828 -0.791301 -0.089593
vn -0.497660 -0.820983 -0.279859
vn -0.464154 -0.880724 -0.094270
vn -0.127310 -0.716959 -0.685392
vn -0.341944 -0.805608 -0.483808
vn -0.108605 -0.988985 -0.100564
vn -0.325176 -0.899077 -0.293124
vn -0.295588 -0.950265 -0.098105
vn -0.400987 -0.895480 -0.193198
vn 0.604828 -0.791301 -0.089593
vn 0.497660 -0.820983 -0.279859
vn 0.464154 -0.880724 -0.094270
vn 0.127310 -0.716959 -0.685392
vn 0.341944 -0.805608 -0.483808
vn -0.000000 -0.796751 -0.604308
vn 0.108605 -0.988985 -0.100564
vn 0.325176 -0.899077 -0.293124
vn 0.295588 -0.950265 -0.098105
vn 0.000000 -0.978992 -0.203898
vn 0.400987 -0.895480 -0.193198
vn -0.223974 -0.885146 -0.407864
vn 0.223974 -0.885146 -0.407864
vn -0.119924 -0.852403 -0.508947
vn -0.114826 -0.943801 -0.309926
vn 0.119924 -0.852403 -0.508947
vn 0.114826 -0.943801 -0.309926
vn -0.604828 0.791301 -0.089593
vn -0.497660 0.820983 -0.279859
vn -0.464154 0.880724 -0.094270
vn -0.127310 0.716959 -0.685392
vn -0.341944 0.805608 -0.483808
vn -0.108605 0.988985 -0.100564
vn -0.325176 0.899077 -0.293124
vn -0.295588 0.950265 -0.098105
vn -0.400987 0.895480 -0.193198
vn 0.604828 0.791301 -0.089593
vn 0.497660 0.820983 -0.279859
vn 0.464154 0.880724 -0.094270
vn 0.127310 0.716959 -0.685392
vn 0.341944 0.805608 -0.483808
vn 0.000000 0.796751 -0.604308
vn 0.108605 0.988985 -0.100564
vn 0.325176 0.899077 -0.293124
vn 0.295588 0.950265 -0.098105
vn -0.000000 0.978992 -0.203898
vn 0.400987 0.895480 -0.193198
vn -0.223974 0.885146 -0.407864
vn 0.223974 0.885146 -0.407864
vn -0.119924 0.852403 -0.508947
vn -0.114826 0.943801 -0.309926
vn 0.119924 0.852403 -0.508947
vn 0.114826 0.943801 -0.309926
vn 0.000000 -0.507458 -0.861676
vn -0.000000 -0.183256 -0.983065
vn -0.000000 0.507458 -0.861676
vn 0.000000 0.183256 -0.983065
vn 0.729220 0.682215 -0.053109
vn 0.852851 0.501060 -0.146916
vn 0.693513 0.706129 -0.142906
vn 0.950243 0.105503 -0.293100
vn 0.924091 0.308101 -0.226119
vn 0.595094 0.728100 -0.340197
vn 0.824038 0.513113 -0.240158
vn 0.648741 0.722417 -0.239267
vn 0.767123 0.611694 -0.193270
vn 0.729220 -0.682215 -0.053109
vn 0.852851 -0.501060 -0.146916
vn 0.693513 -0.706129 -0.142906
vn 0.950243 -0.105503 -0.293100
vn 0.924091 -0.308101 -0.226119
vn 0.595094 -0.728100 -0.340197
vn 0.824038 -0.513113 -0.240158
vn 0.648741 -0.722417 -0.239267
vn 0.767123 -0.611694 -0.193270
vn 0.214815 -0.583884 -0.782901
vn 0.578405 -0.415541 -0.701978
vn 0.332364 -0.653181 -0.680360
vn 0.224247 -0.446455 -0.866251
vn 0.915680 -0.069147 -0.395914
vn 0.801562 -0.229697 -0.552030
vn 0.914068 -0.180818 -0.363021
vn 0.518837 -0.720830 -0.459579
vn 0.661328 -0.468045 -0.586156
vn 0.434542 -0.697981 -0.569206
vn 0.671326 -0.619831 -0.406363
vn 0.515275 -0.565507 -0.643967
vn 0.238153 -0.104251 -0.965616
vn 0.596941 -0.267535 -0.756364
vn 0.232105 -0.283031 -0.930602
vn 0.430803 -0.362002 -0.826658
vn 0.871262 -0.397596 -0.287787
vn 0.782883 -0.358129 -0.508761
vn 0.899182 -0.291228 -0.326584
vn 0.789590 -0.506649 -0.346200
vn 0.859772 -0.265688 -0.436122
vn 0.736096 -0.492383 -0.464459
vn 0.214815 0.583884 -0.782901
vn 0.578405 0.415541 -0.701978
vn 0.332364 0.653181 -0.680360
vn 0.224247 0.446455 -0.866251
vn 0.915680 0.069147 -0.395914
vn 0.801562 0.229697 -0.552030
vn 0.914068 0.180818 -0.363021
vn 0.878009 0.000000 -0.478644
vn 0.518837 0.720830 -0.459579
vn 0.661328 0.468045 -0.586156
vn 0.434542 0.697981 -0.569206
vn 0.671326 0.619831 -0.406363
vn 0.515275 0.565507 -0.643967
vn 0.238153 0.104251 -0.965616
vn 0.596941 0.267535 -0.756364
vn 0.232105 0.283031 -0.930602
vn 0.448654 -0.000000 -0.893705
vn 0.430803 0.362002 -0.826658
vn 0.871262 0.397596 -0.287787
vn 0.782883 0.358129 -0.508761
vn 0.899182 0.291228 -0.326584
vn 0.789590 0.506649 -0.346200
vn 0.859772 0.265688 -0.436122
vn 0.736096 0.492383 -0.464459
vn 0.734261 -0.163471 -0.658892
vn 0.734261 0.163471 -0.658892
vn 0.819534 -0.078198 -0.567669
vn 0.618256 -0.092877 -0.780470
vn 0.819534 0.078198 -0.567669
vn 0.618256 0.092877 -0.780470
vn 0.729220 0.682215 0.053109
vn 0.852851 0.501060 0.146916
vn 0.693513 0.706129 0.142906
vn 0.803038 0.595927 -0.000000
vn 0.950243 0.105503 0.293100
vn 0.924091 0.308101 0.226119
vn 0.595094 0.728100 0.340197
vn 0.824038 0.513113 0.240158
vn 0.648741 0.722417 0.239267
vn 0.767123 0.611694 0.193270
vn 0.907504 0.409587 -0.093135
vn 0.907504 0.409587 0.093135
vn 0.862472 0.503718 -0.049102
vn 0.862472 0.503718 0.049102
vn 0.729220 -0.682215 0.053109
vn 0.852851 -0.501060 0.146916
vn 0.693513 -0.706129 0.142906
vn 0.803038 -0.595927 -0.000000
vn 0.950243 -0.105503 0.293100
vn 0.924091 -0.308101 0.226119
vn 0.595094 -0.728100 0.340197
vn 0.824038 -0.513113 0.240158
vn 0.648741 -0.722417 0.239267
vn 0.767123 -0.611694 0.193270
vn 0.907504 -0.409587 -0.093135
vn 0.907504 -0.409587 0.093135
vn 0.862472 -0.503718 -0.049102
vn 0.862472 -0.503718 0.049102
vn 0.214815 -0.583884 0.782901
vn 0.578405 -0.415541 0.701978
vn 0.332364 -0.653181 0.680360
vn 0.224247 -0.446455 0.866251
vn 0.915680 -0.069147 0.395914
vn 0.801562 -0.229697 0.552030
vn 0.914068 -0.180818 0.363021
vn 0.518837 -0.720830 0.459579
vn 0.661328 -0.468045 0.586156
vn 0.434542 -0.697981 0.569206
vn 0.671326 -0.619831 0.406363
vn 0.515275 -0.565507 0.643967
vn 0.238153 -0.104251 0.965616
vn 0.596941 -0.267535 0.756364
vn 0.232105 -0.283031 0.930602
vn 0.430803 -0.362002 0.826658
vn 0.871262 -0.397596 0.287787
vn 0.782883 -0.358129 0.508761
vn 0.899182 -0.291228 0.326584
vn 0.789590 -0.506649 0.346200
vn 0.859772 -0.265688 0.436122
vn 0.736096 -0.492383 0.464459
vn 0.214815 0.583884 0.782901
vn 0.578405 0.415541 0.701978
vn 0.332364 0.653181 0.680360
vn 0.224247 0.446455 0.866251
vn 0.915680 0.069147 0.395914
vn 0.801562 0.229697 0.552030
vn 0.914068 0.180818 0.363021
vn 0.878009 0.000000 0.478644
vn 0.518837 0.720830 0.459579
vn 0.661328 0.468045 0.586156
vn 0.434542 0.697981 0.569206
vn 0.671326 0.619831 0.406363
vn 0.515275 0.565507 0.643967
vn 0.238153 0.104251 0.965616
vn 0.596941 0.267535 0.756364
vn 0.232105 0.283031 0.930602
vn 0.448654 0.000000 0.893705
vn 0.430803 0.362002 0.826658
vn 0.871262 0.397596 0.287787
vn 0.782883 0.358129 0.508761
vn 0.899182 0.291228 0.326584
vn 0.789590 0.506649 0.346200
vn 0.859772 0.265688 0.436122
vn 0.736096 0.492383 0.464459
vn 0.734261 -0.163471 0.658892
vn 0.734261 0.163471 0.658892
vn 0.819534 -0.078198 0.567669
vn 0.618256 -0.092877 0.780470
vn 0.819534 0.078198 0.567669
vn 0.618256 0.092877 0.780470
vn 0.971650 0.000000 -0.236425
vn 0.997045 0.000000 -0.076822
vn 0.972929 0.102042 -0.207356
vn 0.972929 -0.102042 -0.207356
vn 0.971650 0.000000 0.236425
vn 0.997045 0.000000 0.076822
vn 0.972929 0.102042 0.207356
vn 0.972929 -0.102042 0.207356
vn 0.943440 0.301511 -0.137882
vn 0.994061 0.099368 -0.044378
vn 0.963434 0.203362 -0.174467
vn 0.951138 0.305196 -0.046817
vn 0.987231 0.099776 -0.124173
vn 0.943440 -0.301511 -0.137882
vn 0.994061 -0.099368 -0.044378
vn 0.963434 -0.203362 -0.174467
vn 0.951138 -0.305196 -0.046817
vn 0.987231 -0.099776 -0.124173
vn 0.943440 0.301511 0.137882
vn 0.994061 0.099368 0.044378
vn 0.963434 0.203362 0.174467
vn 0.951138 0.305196 0.046817
vn 0.987231 0.099776 0.124173
vn 0.979919 0.199394 0.000000
vn 0.943440 -0.301511 0.137882
vn 0.994061 -0.099368 0.044378
vn 0.963434 -0.203362 0.174467
vn 0.951138 -0.305196 0.046817
vn 0.987231 -0.099776 0.124173
vn 0.979919 -0.199394 0.000000
vn -0.729220 0.682215 -0.053109
vn -0.852851 0.501060 -0.146916
vn -0.693513 0.706129 -0.142906
vn -0.950243 0.105503 -0.293100
vn -0.924091 0.308101 -0.226119
vn -0.595094 0.728100 -0.340197
vn -0.824038 0.513113 -0.240158
vn -0.648741 0.722417 -0.239267
vn -0.767123 0.611694 -0.193270
vn -0.729220 -0.682215 -0.053109
vn -0.852851 -0.501060 -0.146916
vn -0.693513 -0.706129 -0.142906
vn -0.950243 -0.105503 -0.293100
vn -0.924091 -0.308101 -0.226119
vn -0.595094 -0.728100 -0.340197
vn -0.824038 -0.513113 -0.240158
vn -0.648741 -0.722417 -0.239267
vn -0.767123 -0.611694 -0.193270
vn -0.214815 -0.583884 -0.782901
vn -0.578405 -0.415541 -0.701978
vn -0.332364 -0.653181 -0.680360
vn -0.224247 -0.446455 -0.866251
vn -0.915680 -0.069147 -0.395914
vn -0.801562 -0.229697 -0.552030
vn -0.914068 -0.180818 -0.363021
vn -0.518837 -0.720830 -0.459579
vn -0.661328 -0.468045 -0.586156
vn -0.434542 -0.697981 -0.569206
vn -0.671326 -0.619831 -0.406363
vn -0.515275 -0.565507 -0.643967
vn -0.238153 -0.104251 -0.965616
vn -0.596941 -0.267535 -0.756364
vn -0.232105 -0.283031 -0.930602
vn -0.430803 -0.362002 -0.826658
vn -0.871262 -0.397596 -0.287787
vn -0.782883 -0.358129 -0.508761
vn -0.899182 -0.291228 -0.326584
vn -0.789590 -0.506649 -0.346200
vn -0.859772 -0.265688 -0.436122
vn -0.736096 -0.492383 -0.464459
vn -0.214815 0.583884 -0.782901
vn -0.578405 0.415541 -0.701978
vn -0.332364 0.653181 -0.680360
vn -0.224247 0.446455 -0.866251
vn -0.915680 0.069147 -0.395914
vn -0.801562 0.229697 -0.552030
vn -0.914068 0.180818 -0.363021
vn -0.878009 0.000000 -0.478644
vn -0.518837 0.720830 -0.459579
vn -0.661328 0.468045 -0.586156
vn -0.434542 0.697981 -0.569206
vn -0.671326 0.619831 -0.406363
vn -0.515275 0.565507 -0.643967
vn -0.238153 0.104251 -0.965616
vn -0.596941 0.267535 -0.756364
vn -0.232105 0.283031 -0.930602
vn -0.448654 0.000000 -0.893705
vn -0.430803 0.362002 -0.826658
vn -0.871262 0.397596 -0.287787
vn -0.782883 0.358129 -0.508761
vn -0.899182 0.291228 -0.326584
vn -0.789590 0.506649 -0.346200
vn -0.859772 0.265688 -0.436122
vn -0.736096 0.492383 -0.464459
vn -0.734261 -0.163471 -0.658892
vn -0.734261 0.163471 -0.658892
vn -0.819534 -0.078198 -0.567669
vn -0.618256 -0.092877 -0.780470
vn -0.819534 0.078198 -0.567669
vn -0.618256 0.092877 -0.780470
vn -0.729220 0.682215 0.053109
vn -0.852851 0.501060 0.146916
vn -0.693513 0.706129 0.142906
vn -0.803038 0.595927 0.000000
vn -0.950243 0.105503 0.293100
vn -0.924091 0.308101 0.226119
vn -0.595094 0.728100 0.340197
vn -0.824038 0.513113 0.240158
vn -0.648741 0.722417 0.239267
vn -0.767123 0.611694 0.193270
vn -0.907504 0.409587 -0.093135
vn -0.907504 0.409587 0.093135
vn -0.862472 0.503718 -0.049102
vn -0.862472 0.503718 0.049102
vn -0.729220 -0.682215 0.053109
vn -0.852851 -0.501060 0.146916
vn -0.693513 -0.706129 0.142906
vn -0.803038 -0.595927 0.000000
vn -0.950243 -0.105503 0.293100
vn -0.924091 -0.308101 0.226119
vn -0.595094 -0.728100 0.340197
vn -0.824038 -0.513113 0.240158
vn -0.648741 -0.722417 0.239267
vn -0.767123 -0.611694 0.193270
vn -0.907504 -0.409587 -0.093135
vn -0.907504 -0.409587 0.093135
vn -0.862472 -0.503718 -0.049102
vn -0.862472 -0.503718 0.049102
vn -0.214815 -0.583884 0.782901
vn -0.578405 -0.415541 0.701978
vn -0.332364 -0.653181 0.680360
vn -0.224247 -0.446455 0.866251
vn -0.915680 -0.069147 0.395914
vn -0.801562 -0.229697 0.552030
vn -0.914068 -0.180818 0.363021
vn -0.518837 -0.720830 0.459579
vn -0.661328 -0.468045 0.586156
vn -0.434542 -0.697981 0.569206
vn -0.671326 -0.619831 0.406363
vn -0.515275 -0.565507 0.643967
vn -0.238153 -0.104251 0.965616
vn -0.596941 -0.267535 0.756364
vn -0.232105 -0.283031 0.930602
vn -0.430803 -0.362002 0.826658
vn -0.871262 -0.397596 0.287787
vn -0.782883 -0.358129 0.508761
vn -0.899182 -0.291228 0.326584
vn -0.789590 -0.506649 0.346200
vn -0.859772 -0.265688 0.436122
vn -0.736096 -0.492383 0.464459
vn -0.214815 0.583884 0.782901
vn -0.578405 0.415541 0.701978
vn -0.332364 0.653181 0.680360
vn -0.224247 0.446455 0.866251
vn -0.915680 0.069147 0.395914
vn -0.801562 0.229697 0.552030
vn -0.914068 0.180818 0.363021
vn -0.878009 0.000000 0.478644
vn -0.518837 0.720830 0.459579
vn -0.661328 0.468045 0.586156
vn -0.434542 0.697981 0.569206
vn -0.671326 0.619831 0.406363
vn -0.515275 0.565507 0.643967
vn -0.238153 0.104251 0.965616
vn -0.596941 0.267535 0.756364
vn -0.232105 0.283031 0.930602
vn -0.448654 -0.000000 0.893705
vn -0.430803 0.362002 0.826658
vn -0.871262 0.397596 0.287787
vn -0.782883 0.358129 0.508761
vn -0.899182 0.291228 0.326584
vn -0.789590 0.506649 0.346200
vn -0.859772 0.265688 0.436122
vn -0.736096 0.492383 0.464459
vn -0.734261 -0.163471 0.658892
vn -0.734261 0.163471 0.658892
vn -0.819534 -0.078198 0.567669
vn -0.618256 -0.092877 0.780470
vn -0.819534 0.078198 0.567669
vn -0.618256 0.092877 0.780470
vn -0.971650 0.000000 -0.236425
vn -0.997045 -0.000000 -0.076822
vn -0.972929 0.102042 -0.207356
vn -0.972929 -0.102042 -0.207356
vn -0.971650 0.000000 0.236425
vn -0.997045 0.000000 0.076822
vn -0.972929 0.102042 0.207356
vn -0.972929 -0.102042 0.207356
vn -0.943440 0.301511 -0.137882
vn -0.994061 0.099368 -0.044378
vn -0.963434 0.203362 -0.174467
vn -0.951138 0.305196 -0.046817
vn -0.987231 0.099776 -0.124173
vn -0.943440 -0.301511 -0.137882
vn -0.994061 -0.099368 -0.044378
vn -0.963434 -0.203362 -0.174467
vn -0.951138 -0.305196 -0.046817
vn -0.987231 -0.099776 -0.124173
vn -0.943440 0.301511 0.137882
vn -0.994061 0.099368 0.044378
vn -0.963434 0.203362 0.174467
vn -0.951138 0.305196 0.046817
vn -0.987231 0.099776 0.124173
vn -0.979919 0.199394 0.000000
vn -0.943440 -0.301511 0.137882
vn -0.994061 -0.099368 0.044378
vn -0.963434 -0.203362 0.174467
vn -0.951138 -0.305196 0.046817
vn -0.987231 -0.099776 0.124173
vn -0.979919 -0.199394 0.000000
vn -0.582692 0.812693 -0.000000
vn -0.440865 0.897573 0.000000
vn -0.094058 0.995567 0.000000
vn -0.275839 0.961204 0.000000
vn 0.582692 0.812693 0.000000
vn 0.440865 0.897573 -0.000000
vn 0.094058 0.995567 0.000000
vn 0.275839 0.961204 -0.000000
vn -0.582692 -0.812693 0.000000
vn -0.440865 -0.897573 -0.000000
vn -0.094058 -0.995567 0.000000
vn -0.275839 -0.961204 -0.000000
vn 0.582692 -0.812693 -0.000000
vn 0.440865 -0.897573 -0.000000
vn 0.094058 -0.995567 0.000000
vn 0.275839 -0.961204 -0.000000
vn -0.625758 -0.778765 0.044176
vn -0.581728 -0.801961 0.135831
vn -0.561251 -0.826381 0.045742
vn -0.464062 -0.822162 0.329691
vn -0.528278 -0.817054 0.230964
vn -0.413705 -0.909159 0.047742
vn -0.511323 -0.847980 0.139568
vn -0.490851 -0.869988 0.046756
vn -0.537648 -0.838103 0.092292
vn -0.064510 -0.679612 0.730730
vn -0.186732 -0.747801 0.637122
vn -0.385872 -0.815110 0.432086
vn -0.294221 -0.791583 0.535566
vn -0.052574 -0.997331 0.050656
vn -0.164139 -0.974965 0.150005
vn -0.149901 -0.987442 0.049881
vn -0.375788 -0.862779 0.338225
vn -0.272901 -0.929918 0.246531
vn -0.415713 -0.862941 0.287255
vn -0.329476 -0.942900 0.048842
vn -0.260005 -0.954217 0.147874
vn -0.241343 -0.969182 0.049393
vn -0.382757 -0.918785 0.096595
vn -0.205186 -0.973672 0.099307
vn -0.481669 -0.855800 0.188682
vn -0.314154 -0.928874 0.196215
vn -0.450199 -0.860695 0.237748
vn -0.433841 -0.889485 0.143522
vn -0.365775 -0.898502 0.242697
vn -0.349257 -0.925516 0.146425
vn 0.625758 -0.778765 0.044176
vn 0.581728 -0.801961 0.135831
vn 0.561251 -0.826381 0.045742
vn 0.464062 -0.822162 0.329691
vn 0.528278 -0.817054 0.230964
vn 0.413705 -0.909159 0.047742
vn 0.511323 -0.847980 0.139568
vn 0.490851 -0.869988 0.046756
vn 0.537648 -0.838103 0.092292
vn 0.064510 -0.679612 0.730730
vn 0.186732 -0.747801 0.637122
vn 0.000000 -0.723044 0.690802
vn 0.385872 -0.815110 0.432086
vn 0.294221 -0.791583 0.535566
vn -0.123661 -0.790638 0.599666
vn 0.123661 -0.790638 0.599666
vn -0.063404 -0.759915 0.646923
vn 0.063404 -0.759915 0.646923
vn 0.052574 -0.997331 0.050656
vn 0.164139 -0.974965 0.150005
vn 0.149901 -0.987442 0.049881
vn 0.000000 -0.994906 0.100808
vn 0.375788 -0.862779 0.338225
vn 0.272901 -0.929918 0.246531
vn 0.415713 -0.862941 0.287255
vn 0.329476 -0.942900 0.048842
vn 0.260005 -0.954217 0.147874
vn 0.241343 -0.969182 0.049393
vn 0.382757 -0.918785 0.096595
vn 0.205186 -0.973672 0.099307
vn -0.112399 -0.972789 0.202605
vn 0.112399 -0.972789 0.202605
vn -0.056373 -0.986835 0.151587
vn 0.056373 -0.986835 0.151587
vn 0.481669 -0.855800 0.188682
vn 0.314154 -0.928874 0.196215
vn 0.450199 -0.860695 0.237748
vn 0.433841 -0.889485 0.143522
vn 0.365775 -0.898502 0.242697
vn 0.349257 -0.925516 0.146425
vn -0.328957 -0.857686 0.395174
vn -0.113467 -0.902345 0.415811
vn -0.283855 -0.847677 0.448186
vn -0.277594 -0.894254 0.351071
vn 0.328957 -0.857686 0.395174
vn 0.113467 -0.902345 0.415811
vn 0.283855 -0.847677 0.448186
vn 0.277594 -0.894254 0.351071
vn -0.181391 -0.815546 0.549529
vn -0.058998 -0.882869 0.465898
vn -0.234783 -0.834155 0.499061
vn -0.061424 -0.827732 0.557751
vn -0.174009 -0.870845 0.459728
vn -0.169352 -0.952296 0.253875
vn -0.057866 -0.928928 0.365710
vn -0.224397 -0.926175 0.303059
vn -0.057327 -0.964693 0.257061
vn -0.170264 -0.916982 0.360769
vn 0.181391 -0.815546 0.549529
vn 0.058998 -0.882869 0.465898
vn 0.234783 -0.834155 0.499061
vn 0.061424 -0.827732 0.557751
vn 0.174009 -0.870845 0.459728
vn 0.000000 -0.858634 0.512589
vn 0.169352 -0.952296 0.253875
vn 0.057866 -0.928928 0.365710
vn 0.224397 -0.926175 0.303059
vn 0.057327 -0.964693 0.257061
vn 0.170264 -0.916982 0.360769
vn -0.000000 -0.950085 0.311991
vn -0.625758 0.778765 0.044176
vn -0.581728 0.801961 0.135831
vn -0.561251 0.826381 0.045742
vn -0.464062 0.822162 0.329691
vn -0.528278 0.817054 0.230964
vn -0.413705 0.909159 0.047742
vn -0.511323 0.847980 0.139568
vn -0.490851 0.869988 0.046756
vn -0.537648 0.838103 0.092292
vn -0.064510 0.679612 0.730730
vn -0.186732 0.747801 0.637122
vn -0.385872 0.815110 0.432086
vn -0.294221 0.791583 0.535566
vn -0.052574 0.997331 0.050656
vn -0.164139 0.974965 0.150005
vn -0.149901 0.987442 0.049881
vn -0.375788 0.862779 0.338225
vn -0.272901 0.929918 0.246531
vn -0.415713 0.862941 0.287255
vn -0.329476 0.942900 0.048842
vn -0.260005 0.954217 0.147874
vn -0.241343 0.969182 0.049393
vn -0.382757 0.918785 0.096595
vn -0.205186 0.973672 0.099307
vn -0.481669 0.855800 0.188682
vn -0.314154 0.928874 0.196215
vn -0.450199 0.860695 0.237748
vn -0.433841 0.889485 0.143522
vn -0.365775 0.898502 0.242697
vn -0.349257 0.925516 0.146425
vn 0.625758 0.778765 0.044176
vn 0.581728 0.801961 0.135831
vn 0.561251 0.826381 0.045742
vn 0.464062 0.822162 0.329691
vn 0.528278 0.817054 0.230964
vn 0.413705 0.909159 0.047742
vn 0.511323 0.847980 0.139568
vn 0.490851 0.869988 0.046756
vn 0.537648 0.838103 0.092292
vn 0.064510 0.679612 0.730730
vn 0.186732 0.747801 0.637122
vn -0.000000 0.723044 0.690802
vn 0.385872 0.815110 0.432086
vn 0.294221 0.791583 0.535566
vn -0.123661 0.790638 0.599666
vn 0.123661 0.790638 0.599666
vn -0.063404 0.759915 0.646923
vn 0.063404 0.759915 0.646923
vn 0.052574 0.997331 0.050656
vn 0.164139 0.974965 0.150005
vn 0.149901 0.987442 0.049881
vn 0.000000 0.994906 0.100808
vn 0.375788 0.862779 0.338225
vn 0.272901 0.929918 0.246531
vn 0.415713 0.862941 0.287255
vn 0.329476 0.942900 0.048842
vn 0.260005 0.954217 0.147874
vn 0.241343 0.969182 0.049393
vn 0.382757 0.918785 0.096595
vn 0.205186 0.973672 0.099307
vn -0.112399 0.972789 0.202605
vn 0.112399 0.972789 0.202605
vn -0.056373 0.986835 0.151587
vn 0.056373 0.986835 0.151587
vn 0.481669 0.855800 0.188682
vn 0.314154 0.928874 0.196215
vn 0.450199 0.860695 0.237748
vn 0.433841 0.889485 0.143522
vn 0.365775 0.898502 0.242697
vn 0.349257 0.925516 0.146425
vn -0.328957 0.857686 0.395174
vn -0.113467 0.902345 0.415811
vn -0.283855 0.847677 0.448186
vn -0.277594 0.894254 0.351071
vn 0.328957 0.857686 0.395174
vn 0.113467 0.902345 0.415811
vn 0.283855 0.847677 0.448186
vn 0.277594 0.894254 0.351071
vn -0.181391 0.815546 0.549529
vn -0.058998 0.882869 0.465898
vn -0.234783 0.834155 0.499061
vn -0.061424 0.827732 0.557751
vn -0.174009 0.870845 0.459728
vn -0.169352 0.952296 0.253875
vn -0.057866 0.928928 0.365710
vn -0.224397 0.926175 0.303059
vn -0.057327 0.964693 0.257061
vn -0.170264 0.916982 0.360769
vn 0.181391 0.815546 0.549529
vn 0.058998 0.882869 0.465898
vn 0.234783 0.834155 0.499061
vn 0.061424 0.827732 0.557751
vn 0.174009 0.870845 0.459728
vn -0.000000 0.858634 0.512589
vn 0.169352 0.952296 0.253875
vn 0.057866 0.928928 0.365710
vn 0.224397 0.926175 0.303059
vn 0.057327 0.964693 0.257061
vn 0.170264 0.916982 0.360769
vn 0.000000 0.950085 0.311991
vn -0.000000 -0.575038 0.818127
vn -0.000000 -0.433949 0.900938
vn -0.000000 -0.092708 0.995693
vn -0.000000 -0.270973 0.962587
vn -0.000000 0.575038 0.818127
vn 0.000000 0.433949 0.900938
vn 0.000000 0.092708 0.995693
vn 0.000000 0.270973 0.962587
vn -0.625758 -0.778765 -0.044176
vn -0.581728 -0.801961 -0.135831
vn -0.561251 -0.826381 -0.045742
vn -0.464062 -0.822162 -0.329691
vn -0.528278 -0.817054 -0.230964
vn -0.413705 -0.909159 -0.047742
vn -0.511323 -0.847980 -0.139568
vn -0.490851 -0.869988 -0.046756
vn -0.537648 -0.838103 -0.092292
vn -0.064510 -0.679612 -0.730730
vn -0.186732 -0.747801 -0.637122
vn -0.385872 -0.815110 -0.432086
vn -0.294221 -0.791583 -0.535566
vn -0.052574 -0.997331 -0.050656
vn -0.164139 -0.974965 -0.150005
vn -0.149901 -0.987442 -0.049881
vn -0.375788 -0.862779 -0.338225
vn -0.272901 -0.929918 -0.246531
vn -0.415713 -0.862941 -0.287255
vn -0.329476 -0.942900 -0.048842
vn -0.260005 -0.954217 -0.147874
vn -0.241343 -0.969182 -0.049393
vn -0.382757 -0.918785 -0.096595
vn -0.205186 -0.973672 -0.099307
vn -0.481669 -0.855800 -0.188682
vn -0.314154 -0.928874 -0.196215
vn -0.450199 -0.860695 -0.237748
vn -0.433841 -0.889485 -0.143522
vn -0.365775 -0.898502 -0.242697
vn -0.349257 -0.925516 -0.146425
vn 0.625758 -0.778765 -0.044176
vn 0.581728 -0.801961 -0.135831
vn 0.561251 -0.826381 -0.045742
vn 0.464062 -0.822162 -0.329691
vn 0.528278 -0.817054 -0.230964
vn 0.413705 -0.909159 -0.047742
vn 0.511323 -0.847980 -0.139568
vn 0.490851 -0.869988 -0.046756
vn 0.537648 -0.838103 -0.092292
vn 0.064510 -0.679612 -0.730730
vn 0.186732 -0.747801 -0.637122
vn -0.000000 -0.723044 -0.690802
vn 0.385872 -0.815110 -0.432086
vn 0.294221 -0.791583 -0.535566
vn -0.123661 -0.790638 -0.599666
vn 0.123661 -0.790638 -0.599666
vn -0.063404 -0.759915 -0.646923
vn 0.063404 -0.759915 -0.646923
vn 0.052574 -0.997331 -0.050656
vn 0.164139 -0.974965 -0.150005
vn 0.149901 -0.987442 -0.049881
vn -0.000000 -0.994906 -0.100808
vn 0.375788 -0.862779 -0.338225
vn 0.272901 -0.929918 -0.246531
vn 0.415713 -0.862941 -0.287255
vn 0.329476 -0.942900 -0.048842
vn 0.260005 -0.954217 -0.147874
vn 0.241343 -0.969182 -0.049393
vn 0.382757 -0.918785 -0.096595
vn 0.205186 -0.973672 -0.099307
vn -0.112399 -0.972789 -0.202605
vn 0.112399 -0.972789 -0.202605
vn -0.056373 -0.986835 -0.151587
vn 0.056373 -0.986835 -0.151587
vn 0.481669 -0.855800 -0.188682
vn 0.314154 -0.928874 -0.196215
vn 0.450199 -0.860695 -0.237748
vn 0.433841 -0.889485 -0.143522
vn 0.365775 -0.898502 -0.242697
vn 0.349257 -0.925516 -0.146425
vn -0.328957 -0.857686 -0.395174
vn -0.113467 -0.902345 -0.415811
vn -0.283855 -0.847677 -0.448186
vn -0.277594 -0.894254 -0.351071
vn 0.328957 -0.857686 -0.395174
vn 0.113467 -0.902345 -0.415811
vn 0.283855 -0.847677 -0.448186
vn 0.277594 -0.894254 -0.351071
vn -0.181391 -0.815546 -0.549529
vn -0.058998 -0.882869 -0.465898
vn -0.234783 -0.834155 -0.499061
vn -0.061424 -0.827732 -0.557751
vn -0.174009 -0.870845 -0.459728
vn -0.169352 -0.952296 -0.253875
vn -0.057866 -0.928928 -0.365710
vn -0.224397 -0.926175 -0.303059
vn -0.057327 -0.964693 -0.257061
vn -0.170264 -0.916982 -0.360769
vn 0.181391 -0.815546 -0.549529
vn 0.058998 -0.882869 -0.465898
vn 0.234783 -0.834155 -0.499061
vn 0.061424 -0.827732 -0.557751
vn 0.174009 -0.870845 -0.459728
vn 0.000000 -0.858634 -0.512589
vn 0.169352 -0.952296 -0.253875
vn 0.057866 -0.928928 -0.365710
vn 0.224397 -0.926175 -0.303059
vn 0.057327 -0.964693 -0.257061
vn 0.170264 -0.916982 -0.360769
vn 0.000000 -0.950085 -0.311991
vn -0.625758 0.778765 -0.044176
vn -0.581728 0.801961 -0.135831
vn -0.561251 0.826381 -0.045742
vn -0.464062 0.822162 -0.329691
vn -0.528278 0.817054 -0.230964
vn -0.413705 0.909159 -0.047742
vn -0.511323 0.847980 -0.139568
vn -0.490851 0.869988 -0.046756
vn -0.537648 0.838103 -0.092292
vn -0.064510 0.679612 -0.730730
vn -0.186732 0.747801 -0.637122
vn -0.385872 0.815110 -0.432086
vn -0.294221 0.791583 -0.535566
vn -0.052574 0.997331 -0.050656
vn -0.164139 0.974965 -0.150005
vn -0.149901 0.987442 -0.049881
vn -0.375788 0.862779 -0.338225
vn -0.272901 0.929918 -0.246531
vn -0.415713 0.862941 -0.287255
vn -0.329476 0.942900 -0.048842
vn -0.260005 0.954217 -0.147874
vn -0.241343 0.969182 -0.049393
vn -0.382757 0.918785 -0.096595
vn -0.205186 0.973672 -0.099307
vn -0.481669 0.855800 -0.188682
vn -0.314154 0.928874 -0.196215
vn -0.450199 0.860695 -0.237748
vn -0.433841 0.889485 -0.143522
vn -0.365775 0.898502 -0.242697
vn -0.349257 0.925516 -0.146425
vn 0.625758 0.778765 -0.044176
vn 0.581728 0.801961 -0.135831
vn 0.561251 0.826381 -0.045742
vn 0.464062 0.822162 -0.329691
vn 0.528278 0.817054 -0.230964
vn 0.413705 0.909159 -0.047742
vn 0.511323 0.847980 -0.139568
vn 0.490851 0.869988 -0.046756
vn 0.537648 0.838103 -0.092292
vn 0.064510 0.679612 -0.730730
vn 0.186732 0.747801 -0.637122
vn 0.000000 0.723044 -0.690802
vn 0.385872 0.815110 -0.432086
vn 0.294221 0.791583 -0.535566
vn -0.123661 0.790638 -0.599666
vn 0.123661 0.790638 -0.599666
vn -0.063404 0.759915 -0.646923
vn 0.063404 0.759915 -0.646923
vn 0.052574 0.997331 -0.050656
vn 0.164139 0.974965 -0.150005
vn 0.149901 0.987442 -0.049881
vn 0.000000 0.994906 -0.100808
vn 0.375788 0.862779 -0.338225
vn 0.272901 0.929918 -0.246531
vn 0.415713 0.862941 -0.287255
vn 0.329476 0.942900 -0.048842
vn 0.260005 0.954217 -0.147874
vn 0.241343 0.969182 -0.049393
vn 0.382757 0.918785 -0.096595
vn 0.205186 0.973672 -0.099307
vn -0.112399 0.972789 -0.202605
vn 0.112399 0.972789 -0.202605
vn -0.056373 0.986835 -0.151587
vn 0.056373 0.986835 -0.151587
vn 0.481669 0.855800 -0.188682
vn 0.314154 0.928874 -0.196215
vn 0.450199 0.860695 -0.237748
vn 0.433841 0.889485 -0.143522
vn 0.365775 0.898502 -0.242697
vn 0.349257 0.925516 -0.146425
vn -0.328957 0.857686 -0.395174
vn -0.113467 0.902345 -0.415811
vn -0.283855 0.847677 -0.448186
vn -0.277594 0.894254 -0.351071
vn 0.328957 0.857686 -0.395174
vn 0.113467 0.902345 -0.415811
vn 0.283855 0.847677 -0.448186
vn 0.277594 0.894254 -0.351071
vn -0.181391 0.815546 -0.549529
vn -0.058998 0.882869 -0.465898
vn -0.234783 0.834155 -0.499061
vn -0.061424 0.827732 -0.557751
vn -0.174009 0.870845 -0.459728
vn -0.169352 0.952296 -0.253875
vn -0.057866 0.928928 -0.365710
vn -0.224397 0.926175 -0.303059
vn -0.057327 0.964693 -0.257061
vn -0.170264 0.916982 -0.360769
vn 0.181391 0.815546 -0.549529
vn 0.058998 0.882869 -0.465898
vn 0.234783 0.834155 -0.499061
vn 0.061424 0.827732 -0.557751
vn 0.174009 0.870845 -0.459728
vn -0.000000 0.858634 -0.512589
vn 0.169352 0.952296 -0.253875
vn 0.057866 0.928928 -0.365710
vn 0.224397 0.926175 -0.303059
vn 0.057327 0.964693 -0.257061
vn 0.170264 0.916982 -0.360769
vn -0.000000 0.950085 -0.311991
vn 0.000000 -0.575038 -0.818127
vn 0.000000 -0.433949 -0.900938
vn 0.000000 -0.092708 -0.995693
vn -0.000000 -0.270973 -0.962587
vn 0.000000 0.575038 -0.818127
vn -0.000000 0.433949 -0.900938
vn -0.000000 0.092708 -0.995693
vn 0.000000 0.270973 -0.962587
vn 0.688614 0.724619 -0.027156
vn 0.765730 0.638409 -0.078047
vn 0.670865 0.738130 -0.071449
vn 0.875123 0.453799 -0.168005
vn 0.827342 0.547633 -0.124912
vn 0.628917 0.760093 -0.163470
vn 0.749908 0.650113 -0.122438
vn 0.650841 0.750169 -0.116843
vn 0.712435 0.694965 -0.097268
vn 0.949893 0.053037 -0.308043
vn 0.947797 0.157204 -0.277431
vn 0.910709 0.357137 -0.207512
vn 0.934705 0.258478 -0.243958
vn 0.515677 0.776254 -0.362639
vn 0.665126 0.676500 -0.316156
vn 0.547773 0.777030 -0.310112
vn 0.862376 0.458469 -0.214744
vn 0.778915 0.568057 -0.265713
vn 0.839528 0.508223 -0.192100
vn 0.604244 0.768096 -0.211937
vn 0.689397 0.674180 -0.264976
vn 0.577203 0.773907 -0.260585
vn 0.672320 0.715329 -0.190501
vn 0.623013 0.727135 -0.288320
vn 0.783867 0.603282 -0.146983
vn 0.747759 0.618799 -0.240717
vn 0.813596 0.556017 -0.170021
vn 0.732319 0.659747 -0.168650
vn 0.797356 0.563359 -0.216449
vn 0.712146 0.667825 -0.216467
vn 0.688614 -0.724619 -0.027156
vn 0.765730 -0.638409 -0.078047
vn 0.670865 -0.738130 -0.071449
vn 0.875123 -0.453799 -0.168005
vn 0.827342 -0.547633 -0.124912
vn 0.628917 -0.760093 -0.163470
vn 0.749908 -0.650113 -0.122438
vn 0.650841 -0.750169 -0.116843
vn 0.712435 -0.694965 -0.097268
vn 0.949893 -0.053037 -0.308043
vn 0.947797 -0.157204 -0.277431
vn 0.910709 -0.357137 -0.207512
vn 0.934705 -0.258478 -0.243958
vn 0.515677 -0.776254 -0.362639
vn 0.665126 -0.676500 -0.316156
vn 0.547773 -0.777030 -0.310112
vn 0.862376 -0.458469 -0.214744
vn 0.778915 -0.568057 -0.265713
vn 0.839528 -0.508223 -0.192100
vn 0.604244 -0.768096 -0.211937
vn 0.689397 -0.674180 -0.264976
vn 0.577203 -0.773907 -0.260585
vn 0.672320 -0.715329 -0.190501
vn 0.623013 -0.727135 -0.288320
vn 0.783867 -0.603282 -0.146983
vn 0.747759 -0.618799 -0.240717
vn 0.813596 -0.556017 -0.170021
vn 0.732319 -0.659747 -0.168650
vn 0.797356 -0.563359 -0.216449
vn 0.712146 -0.667825 -0.216467
vn 0.108005 -0.613393 -0.782358
vn 0.317244 -0.547911 -0.774048
vn 0.172035 -0.654375 -0.736341
vn 0.110714 -0.549796 -0.827929
vn 0.647117 -0.368085 -0.667647
vn 0.500302 -0.462221 -0.732154
vn 0.288686 -0.716316 -0.635257
vn 0.374392 -0.583114 -0.720977
vn 0.232205 -0.688616 -0.686942
vn 0.275720 -0.621865 -0.732982
vn 0.115378 -0.403948 -0.907477
vn 0.324309 -0.480424 -0.814872
vn 0.112884 -0.479929 -0.870014
vn 0.219742 -0.518362 -0.826447
vn 0.932893 -0.033578 -0.358584
vn 0.894576 -0.106478 -0.434047
vn 0.934928 -0.088473 -0.343630
vn 0.758093 -0.274440 -0.591589
vn 0.838236 -0.186748 -0.512334
vn 0.930039 -0.195520 -0.311127
vn 0.893884 -0.164534 -0.417013
vn 0.934003 -0.142270 -0.327716
vn 0.916457 -0.125443 -0.379962
vn 0.475189 -0.772761 -0.420756
vn 0.559584 -0.664107 -0.495810
vn 0.433397 -0.766267 -0.474344
vn 0.558459 -0.727371 -0.398817
vn 0.687307 -0.395426 -0.609301
vn 0.631235 -0.537278 -0.559352
vn 0.621856 -0.444573 -0.644709
vn 0.342175 -0.738331 -0.581191
vn 0.518985 -0.652496 -0.552181
vn 0.389829 -0.754815 -0.527529
vn 0.386058 -0.678490 -0.624988
vn 0.477765 -0.712099 -0.514447
vn 0.701119 -0.622968 -0.346904
vn 0.636331 -0.613463 -0.467703
vn 0.634413 -0.676747 -0.373543
vn 0.598766 -0.672724 -0.434652
vn 0.467028 -0.539186 -0.700830
vn 0.557566 -0.586955 -0.587030
vn 0.549283 -0.492453 -0.675113
vn 0.428117 -0.611610 -0.665318
vn 0.591990 -0.517675 -0.617706
vn 0.476604 -0.634595 -0.608390
vn 0.122707 -0.051751 -0.991093
vn 0.345079 -0.152912 -0.926034
vn 0.119767 -0.145757 -0.982044
vn 0.657677 -0.295247 -0.693030
vn 0.525062 -0.234766 -0.818043
vn 0.588307 -0.344648 -0.731514
vn 0.117624 -0.320991 -0.939750
vn 0.340202 -0.242157 -0.908638
vn 0.118745 -0.234901 -0.964739
vn 0.228686 -0.367211 -0.901587
vn 0.234400 -0.196178 -0.952140
vn 0.422777 -0.437014 -0.793901
vn 0.436017 -0.282552 -0.854432
vn 0.510772 -0.391517 -0.765393
vn 0.331606 -0.406086 -0.851547
vn 0.518372 -0.316288 -0.794514
vn 0.337156 -0.325866 -0.883254
vn 0.883833 -0.403203 -0.237206
vn 0.855493 -0.390538 -0.340019
vn 0.900328 -0.351431 -0.256721
vn 0.849959 -0.455879 -0.264090
vn 0.747601 -0.342317 -0.569133
vn 0.811992 -0.371143 -0.450467
vn 0.794717 -0.293888 -0.531088
vn 0.727136 -0.412367 -0.548842
vn 0.922913 -0.248997 -0.293654
vn 0.870787 -0.334718 -0.360130
vn 0.913085 -0.300688 -0.275431
vn 0.908183 -0.236608 -0.345284
vn 0.887173 -0.344085 -0.307457
vn 0.759590 -0.566770 -0.319052
vn 0.815262 -0.444359 -0.371341
vn 0.808652 -0.511103 -0.291299
vn 0.735227 -0.563529 -0.376665
vn 0.834636 -0.450690 -0.316641
vn 0.866145 -0.206428 -0.455171
vn 0.850135 -0.323402 -0.415550
vn 0.833390 -0.249283 -0.493274
vn 0.889401 -0.222433 -0.399361
vn 0.825046 -0.310108 -0.472368
vn 0.881589 -0.279584 -0.380307
vn 0.670977 -0.548953 -0.498438
vn 0.791059 -0.435888 -0.429218
vn 0.700982 -0.482093 -0.525557
vn 0.705711 -0.557721 -0.436943
vn 0.762187 -0.425196 -0.488139
vn 0.765470 -0.500589 -0.404310
vn 0.108005 0.613393 -0.782358
vn 0.317244 0.547911 -0.774048
vn 0.172035 0.654375 -0.736341
vn 0.110714 0.549796 -0.827929
vn 0.647117 0.368085 -0.667647
vn 0.500302 0.462221 -0.732154
vn 0.288686 0.716316 -0.635257
vn 0.374392 0.583114 -0.720977
vn 0.232205 0.688616 -0.686942
vn 0.275720 0.621865 -0.732982
vn 0.115378 0.403948 -0.907477
vn 0.324309 0.480424 -0.814872
vn 0.112884 0.479929 -0.870014
vn 0.219742 0.518362 -0.826447
vn 0.932893 0.033578 -0.358584
vn 0.894576 0.106478 -0.434047
vn 0.934928 0.088473 -0.343630
vn 0.917750 0.000000 -0.397159
vn 0.758093 0.274440 -0.591589
vn 0.838236 0.186748 -0.512334
vn 0.930039 0.195520 -0.311127
vn 0.893884 0.164534 -0.417013
vn 0.934003 0.142270 -0.327716
vn 0.916457 0.125443 -0.379962
vn 0.875657 -0.073154 -0.477361
vn 0.875657 0.073154 -0.477361
vn 0.898938 -0.035678 -0.436621
vn 0.898938 0.035678 -0.436621
vn 0.475189 0.772761 -0.420756
vn 0.559584 0.664107 -0.495810
vn 0.433397 0.766267 -0.474344
vn 0.558459 0.727371 -0.398817
vn 0.687307 0.395426 -0.609301
vn 0.631235 0.537278 -0.559352
vn 0.621856 0.444573 -0.644709
vn 0.342175 0.738331 -0.581191
vn 0.518985 0.652496 -0.552181
vn 0.389829 0.754815 -0.527529
vn 0.386058 0.678490 -0.624988
vn 0.477765 0.712099 -0.514447
vn 0.701119 0.622968 -0.346904
vn 0.636331 0.613463 -0.467703
vn 0.634413 0.676747 -0.373543
vn 0.598766 0.672724 -0.434652
vn 0.467028 0.539186 -0.700830
vn 0.557566 0.586955 -0.587030
vn 0.549283 0.492453 -0.675113
vn 0.428117 0.611610 -0.665318
vn 0.591990 0.517675 -0.617706
vn 0.476604 0.634595 -0.608390
vn 0.122707 0.051751 -0.991093
vn 0.345079 0.152912 -0.926034
vn 0.119767 0.145757 -0.982044
vn 0.237267 0.000000 -0.971445
vn 0.657677 0.295247 -0.693030
vn 0.525062 0.234766 -0.818043
vn 0.588307 0.344648 -0.731514
vn 0.117624 0.320991 -0.939750
vn 0.340202 0.242157 -0.908638
vn 0.118745 0.234901 -0.964739
vn 0.228686 0.367211 -0.901587
vn 0.234400 0.196178 -0.952140
vn 0.446393 -0.100555 -0.889169
vn 0.446393 0.100555 -0.889169
vn 0.346874 -0.052320 -0.936451
vn 0.346874 0.052320 -0.936451
vn 0.422777 0.437014 -0.793901
vn 0.436017 0.282552 -0.854432
vn 0.510772 0.391517 -0.765393
vn 0.331606 0.406086 -0.851547
vn 0.518372 0.316288 -0.794514
vn 0.337156 0.325866 -0.883254
vn 0.883833 0.403203 -0.237206
vn 0.855493 0.390538 -0.340019
vn 0.900328 0.351431 -0.256721
vn 0.849959 0.455879 -0.264090
vn 0.747601 0.342317 -0.569133
vn 0.811992 0.371143 -0.450467
vn 0.794717 0.293888 -0.531088
vn 0.727136 0.412367 -0.548842
vn 0.922913 0.248997 -0.293654
vn 0.870787 0.334718 -0.360130
vn 0.913085 0.300688 -0.275431
vn 0.908183 0.236608 -0.345284
vn 0.887173 0.344085 -0.307457
vn 0.759590 0.566770 -0.319052
vn 0.815262 0.444359 -0.371341
vn 0.808652 0.511103 -0.291299
vn 0.735227 0.563529 -0.376665
vn 0.834636 0.450690 -0.316641
vn 0.866145 0.206428 -0.455171
vn 0.850135 0.323402 -0.415550
vn 0.833390 0.249283 -0.493274
vn 0.889401 0.222433 -0.399361
vn 0.825046 0.310108 -0.472368
vn 0.881589 0.279584 -0.380307
vn 0.670977 0.548953 -0.498438
vn 0.791059 0.435888 -0.429218
vn 0.700982 0.482093 -0.525557
vn 0.705711 0.557721 -0.436943
vn 0.762187 0.425196 -0.488139
vn 0.765470 0.500589 -0.404310
vn 0.721825 -0.243560 -0.647802
vn 0.741801 -0.082105 -0.665575
vn 0.772021 -0.197934 -0.603992
vn 0.671787 -0.215271 -0.708774
vn 0.721825 0.243560 -0.647802
vn 0.741801 0.082105 -0.665575
vn 0.772021 0.197934 -0.603992
vn 0.671787 0.215271 -0.708774
vn 0.846820 -0.113148 -0.519705
vn 0.786411 -0.040365 -0.616384
vn 0.812666 -0.154771 -0.561801
vn 0.851615 -0.037980 -0.522790
vn 0.781469 -0.119739 -0.612347
vn 0.535044 -0.144664 -0.832346
vn 0.688109 -0.044229 -0.724258
vn 0.609344 -0.182883 -0.771527
vn 0.540201 -0.048844 -0.840117
vn 0.682785 -0.130608 -0.718851
vn 0.846820 0.113148 -0.519705
vn 0.786411 0.040365 -0.616384
vn 0.812666 0.154771 -0.561801
vn 0.851615 0.037980 -0.522790
vn 0.781469 0.119739 -0.612347
vn 0.821922 0.000000 -0.569601
vn 0.535044 0.144664 -0.832346
vn 0.688109 0.044229 -0.724258
vn 0.609344 0.182883 -0.771527
vn 0.540201 0.048844 -0.840117
vn 0.682785 0.130608 -0.718851
vn 0.621146 0.000000 -0.783695
vn 0.688614 0.724619 0.027156
vn 0.765730 0.638409 0.078047
vn 0.670865 0.738130 0.071449
vn 0.730634 0.682770 -0.000000
vn 0.875123 0.453799 0.168005
vn 0.827342 0.547633 0.124912
vn 0.628917 0.760093 0.163470
vn 0.749908 0.650113 0.122438
vn 0.650841 0.750169 0.116843
vn 0.712435 0.694965 0.097268
vn 0.802000 0.595156 -0.050841
vn 0.802000 0.595156 0.050841
vn 0.768242 0.639634 -0.025946
vn 0.768242 0.639634 0.025946
vn 0.949893 0.053037 0.308043
vn 0.947797 0.157204 0.277431
vn 0.910709 0.357137 0.207512
vn 0.934705 0.258478 0.243958
vn 0.515677 0.776254 0.362639
vn 0.665126 0.676500 0.316156
vn 0.547773 0.777030 0.310112
vn 0.862376 0.458469 0.214744
vn 0.778915 0.568057 0.265713
vn 0.839528 0.508223 0.192100
vn 0.604244 0.768096 0.211937
vn 0.689397 0.674180 0.264976
vn 0.577203 0.773907 0.260585
vn 0.672320 0.715329 0.190501
vn 0.623013 0.727135 0.288320
vn 0.783867 0.603282 0.146983
vn 0.747759 0.618799 0.240717
vn 0.813596 0.556017 0.170021
vn 0.732319 0.659747 0.168650
vn 0.797356 0.563359 0.216449
vn 0.712146 0.667825 0.216467
vn 0.902453 0.407290 -0.140329
vn 0.910476 0.410942 -0.046482
vn 0.881904 0.456037 -0.119482
vn 0.902453 0.407290 0.140329
vn 0.910476 0.410942 0.046482
vn 0.881904 0.456037 0.119482
vn 0.832613 0.548766 -0.074907
vn 0.888330 0.458574 -0.024055
vn 0.858954 0.502621 -0.097828
vn 0.834768 0.550030 -0.025067
vn 0.886280 0.457573 -0.071654
vn 0.832613 0.548766 0.074907
vn 0.888330 0.458574 0.024055
vn 0.858954 0.502621 0.097828
vn 0.834768 0.550030 0.025067
vn 0.886280 0.457573 0.071654
vn 0.863635 0.504118 -0.000000
vn 0.688614 -0.724619 0.027156
vn 0.765730 -0.638409 0.078047
vn 0.670865 -0.738130 0.071449
vn 0.730634 -0.682770 -0.000000
vn 0.875123 -0.453799 0.168005
vn 0.827342 -0.547633 0.124912
vn 0.628917 -0.760093 0.163470
vn 0.749908 -0.650113 0.122438
vn 0.650841 -0.750169 0.116843
vn 0.712435 -0.694965 0.097268
vn 0.802000 -0.595156 -0.050841
vn 0.802000 -0.595156 0.050841
vn 0.768242 -0.639634 -0.025946
vn 0.768242 -0.639634 0.025946
vn 0.949893 -0.053037 0.308043
vn 0.947797 -0.157204 0.277431
vn 0.910709 -0.357137 0.207512
vn 0.934705 -0.258478 0.243958
vn 0.515677 -0.776254 0.362639
vn 0.665126 -0.676500 0.316156
vn 0.547773 -0.777030 0.310112
vn 0.862376 -0.458469 0.214744
vn 0.778915 -0.568057 0.265713
vn 0.839528 -0.508223 0.192100
vn 0.604244 -0.768096 0.211937
vn 0.689397 -0.674180 0.264976
vn 0.577203 -0.773907 0.260585
vn 0.672320 -0.715329 0.190501
vn 0.623013 -0.727135 0.288320
vn 0.783867 -0.603282 0.146983
vn 0.747759 -0.618799 0.240717
vn 0.813596 -0.556017 0.170021
vn 0.732319 -0.659747 0.168650
vn 0.797356 -0.563359 0.216449
vn 0.712146 -0.667825 0.216467
vn 0.902453 -0.407290 -0.140329
vn 0.910476 -0.410942 -0.046482
vn 0.881904 -0.456037 -0.119482
vn 0.902453 -0.407290 0.140329
vn 0.910476 -0.410942 0.046482
vn 0.881904 -0.456037 0.119482
vn 0.832613 -0.548766 -0.074907
vn 0.888330 -0.458574 -0.024055
vn 0.858954 -0.502621 -0.097828
vn 0.834768 -0.550030 -0.025067
vn 0.886280 -0.457573 -0.071654
vn 0.832613 -0.548766 0.074907
vn 0.888330 -0.458574 0.024055
vn 0.858954 -0.502621 0.097828
vn 0.834768 -0.550030 0.025067
vn 0.886280 -0.457573 0.071654
vn 0.863635 -0.504118 -0.000000
vn 0.108005 -0.613393 0.782358
vn 0.317244 -0.547911 0.774048
vn 0.172035 -0.654375 0.736341
vn 0.110714 -0.549796 0.827929
vn 0.647117 -0.368085 0.667647
vn 0.500302 -0.462221 0.732154
vn 0.288686 -0.716316 0.635257
vn 0.374392 -0.583114 0.720977
vn 0.232205 -0.688616 0.686942
vn 0.275720 -0.621865 0.732982
vn 0.115378 -0.403948 0.907477
vn 0.324309 -0.480424 0.814872
vn 0.112884 -0.479929 0.870014
vn 0.219742 -0.518362 0.826447
vn 0.932893 -0.033578 0.358584
vn 0.894576 -0.106478 0.434047
vn 0.934928 -0.088473 0.343630
vn 0.758093 -0.274440 0.591589
vn 0.838236 -0.186748 0.512334
vn 0.930039 -0.195520 0.311127
vn 0.893884 -0.164534 0.417013
vn 0.934003 -0.142270 0.327716
vn 0.916457 -0.125443 0.379962
vn 0.475189 -0.772761 0.420756
vn 0.559584 -0.664107 0.495810
vn 0.433397 -0.766267 0.474344
vn 0.558459 -0.727371 0.398817
vn 0.687307 -0.395426 0.609301
vn 0.631235 -0.537278 0.559352
vn 0.621856 -0.444573 0.644709
vn 0.342175 -0.738331 0.581191
vn 0.518985 -0.652496 0.552181
vn 0.389829 -0.754815 0.527529
vn 0.386058 -0.678490 0.624988
vn 0.477765 -0.712099 0.514447
vn 0.701119 -0.622968 0.346904
vn 0.636331 -0.613463 0.467703
vn 0.634413 -0.676747 0.373543
vn 0.598766 -0.672724 0.434652
vn 0.467028 -0.539186 0.700830
vn 0.557566 -0.586955 0.587030
vn 0.549283 -0.492453 0.675113
vn 0.428117 -0.611610 0.665318
vn 0.591990 -0.517675 0.617706
vn 0.476604 -0.634595 0.608390
vn 0.122707 -0.051751 0.991093
vn 0.345079 -0.152912 0.926034
vn 0.119767 -0.145757 0.982044
vn 0.657677 -0.295247 0.693030
vn 0.525062 -0.234766 0.818043
vn 0.588307 -0.344648 0.731514
vn 0.117624 -0.320991 0.939750
vn 0.340202 -0.242157 0.908638
vn 0.118745 -0.234901 0.964739
vn 0.228686 -0.367211 0.901587
vn 0.234400 -0.196178 0.952140
vn 0.422777 -0.437014 0.793901
vn 0.436017 -0.282552 0.854432
vn 0.510772 -0.391517 0.765393
vn 0.331606 -0.406086 0.851547
vn 0.518372 -0.316288 0.794514
vn 0.337156 -0.325866 0.883254
vn 0.883833 -0.403203 0.237206
vn 0.855493 -0.390538 0.340019
vn 0.900328 -0.351431 0.256721
vn 0.849959 -0.455879 0.264090
vn 0.747601 -0.342317 0.569133
vn 0.811992 -0.371143 0.450467
vn 0.794717 -0.293888 0.531088
vn 0.727136 -0.412367 0.548842
vn 0.922913 -0.248997 0.293654
vn 0.870787 -0.334718 0.360130
vn 0.913085 -0.300688 0.275431
vn 0.908183 -0.236608 0.345284
vn 0.887173 -0.344085 0.307457
vn 0.759590 -0.566770 0.319052
vn 0.815262 -0.444359 0.371341
vn 0.808652 -0.511103 0.291299
vn 0.735227 -0.563529 0.376665
vn 0.834636 -0.450690 0.316641
vn 0.866145 -0.206428 0.455171
vn 0.850135 -0.323402 0.415550
vn 0.833390 -0.249283 0.493274
vn 0.889401 -0.222433 0.399361
vn 0.825046 -0.310108 0.472368
vn 0.881589 -0.279584 0.380307
vn 0.670977 -0.548953 0.498438
vn 0.791059 -0.435888 0.429218
vn 0.700982 -0.482093 0.525557
vn 0.705711 -0.557721 0.436943
vn 0.762187 -0.425196 0.488139
vn 0.765470 -0.500589 0.404310
vn 0.108005 0.613393 0.782358
vn 0.317244 0.547911 0.774048
vn 0.172035 0.654375 0.736341
vn 0.110714 0.549796 0.827929
vn 0.647117 0.368085 0.667647
vn 0.500302 0.462221 0.732154
vn 0.288686 0.716316 0.635257
vn 0.374392 0.583114 0.720977
vn 0.232205 0.688616 0.686942
vn 0.275720 0.621865 0.732982
vn 0.115378 0.403948 0.907477
vn 0.324309 0.480424 0.814872
vn 0.112884 0.479929 0.870014
vn 0.219742 0.518362 0.826447
vn 0.932893 0.033578 0.358584
vn 0.894576 0.106478 0.434047
vn 0.934928 0.088473 0.343630
vn 0.917750 0.000000 0.397159
vn 0.758093 0.274440 0.591589
vn 0.838236 0.186748 0.512334
vn 0.930039 0.195520 0.311127
vn 0.893884 0.164534 0.417013
vn 0.934003 0.142270 0.327716
vn 0.916457 0.125443 0.379962
vn 0.875657 -0.073154 0.477361
vn 0.875657 0.073154 0.477361
vn 0.898938 -0.035678 0.436621
vn 0.898938 0.035678 0.436621
vn 0.475189 0.772761 0.420756
vn 0.559584 0.664107 0.495810
vn 0.433397 0.766267 0.474344
vn 0.558459 0.727371 0.398817
vn 0.687307 0.395426 0.609301
vn 0.631235 0.537278 0.559352
vn 0.621856 0.444573 0.644709
vn 0.342175 0.738331 0.581191
vn 0.518985 0.652496 0.552181
vn 0.389829 0.754815 0.527529
vn 0.386058 0.678490 0.624988
vn 0.477765 0.712099 0.514447
vn 0.701119 0.622968 0.346904
vn 0.636331 0.613463 0.467703
vn 0.634413 0.676747 0.373543
vn 0.598766 0.672724 0.434652
vn 0.467028 0.539186 0.700830
vn 0.557566 0.586955 0.587030
vn 0.549283 0.492453 0.675113
vn 0.428117 0.611610 0.665318
vn 0.591990 0.517675 0.617706
vn 0.476604 0.634595 0.608390
vn 0.122707 0.051751 0.991093
vn 0.345079 0.152912 0.926034
vn 0.119767 0.145757 0.982044
vn 0.237267 -0.000000 0.971445
vn 0.657677 0.295247 0.693030
vn 0.525062 0.234766 0.818043
vn 0.588307 0.344648 0.731514
vn 0.117624 0.320991 0.939750
vn 0.340202 0.242157 0.908638
vn 0.118745 0.234901 0.964739
vn 0.228686 0.367211 0.901587
vn 0.234400 0.196178 0.952140
vn 0.446393 -0.100555 0.889169
vn 0.446393 0.100555 0.889169
vn 0.346874 -0.052320 0.936451
vn 0.346874 0.052320 0.936451
vn 0.422777 0.437014 0.793901
vn 0.436017 0.282552 0.854432
vn 0.510772 0.391517 0.765393
vn 0.331606 0.406086 0.851547
vn 0.518372 0.316288 0.794514
vn 0.337156 0.325866 0.883254
vn 0.883833 0.403203 0.237206
vn 0.855493 0.390538 0.340019
vn 0.900328 0.351431 0.256721
vn 0.849959 0.455879 0.264090
vn 0.747601 0.342317 0.569133
vn 0.811992 0.371143 0.450467
vn 0.794717 0.293888 0.531088
vn 0.727136 0.412367 0.548842
vn 0.922913 0.248997 0.293654
vn 0.870787 0.334718 0.360130
vn 0.913085 0.300688 0.275431
vn 0.908183 0.236608 0.345284
vn 0.887173 0.344085 0.307457
vn 0.759590 0.566770 0.319052
vn 0.815262 0.444359 0.371341
vn 0.808652 0.511103 0.291299
vn 0.735227 0.563529 0.376665
vn 0.834636 0.450690 0.316641
vn 0.866145 0.206428 0.455171
vn 0.850135 0.323402 0.415550
vn 0.833390 0.249283 0.493274
vn 0.889401 0.222433 0.399361
vn 0.825046 0.310108 0.472368
vn 0.881589 0.279584 0.380307
vn 0.670977 0.548953 0.498438
vn 0.791059 0.435888 0.429218
vn 0.700982 0.482093 0.525557
vn 0.705711 0.557721 0.436943
vn 0.762187 0.425196 0.488139
vn 0.765470 0.500589 0.404310
vn 0.721825 -0.243560 0.647802
vn 0.741801 -0.082105 0.665575
vn 0.772021 -0.197934 0.603992
vn 0.671787 -0.215271 0.708774
vn 0.721825 0.243560 0.647802
vn 0.741801 0.082105 0.665575
vn 0.772021 0.197934 0.603992
vn 0.671787 0.215271 0.708774
vn 0.846820 -0.113148 0.519705
vn 0.786411 -0.040365 0.616384
vn 0.812666 -0.154771 0.561801
vn 0.851615 -0.037980 0.522790
vn 0.781469 -0.119739 0.612347
vn 0.535044 -0.144664 0.832346
vn 0.688109 -0.044229 0.724258
vn 0.609344 -0.182883 0.771527
vn 0.540201 -0.048844 0.840117
vn 0.682785 -0.130608 0.718851
vn 0.846820 0.113148 0.519705
vn 0.786411 0.040365 0.616384
vn 0.812666 0.154771 0.561801
vn 0.851615 0.037980 0.522790
vn 0.781469 0.119739 0.612347
vn 0.821922 0.000000 0.569601
vn 0.535044 0.144664 0.832346
vn 0.688109 0.044229 0.724258
vn 0.609344 0.182883 0.771527
vn 0.540201 0.048844 0.840117
vn 0.682785 0.130608 0.718851
vn 0.621146 0.000000 0.783695
vn 0.960333 -0.000000 -0.278856
vn 0.980762 0.000000 -0.195206
vn 0.962985 0.052206 -0.264450
vn 0.962985 -0.052206 -0.264450
vn 0.999260 -0.000000 -0.038452
vn 0.993299 0.000000 -0.115572
vn 0.959844 0.154726 -0.234008
vn 0.982218 0.050615 -0.180795
vn 0.962746 0.103724 -0.249722
vn 0.973674 0.051220 -0.222115
vn 0.959844 -0.154726 -0.234008
vn 0.982218 -0.050615 -0.180795
vn 0.962746 -0.103724 -0.249722
vn 0.973674 -0.051220 -0.222115
vn 0.960333 0.000000 0.278856
vn 0.980762 0.000000 0.195206
vn 0.962985 0.052206 0.264450
vn 0.962985 -0.052206 0.264450
vn 0.999260 -0.000000 0.038452
vn 0.993299 0.000000 0.115572
vn 0.959844 0.154726 0.234008
vn 0.982218 0.050615 0.180795
vn 0.962746 0.103724 0.249722
vn 0.973674 0.051220 0.222115
vn 0.959844 -0.154726 0.234008
vn 0.982218 -0.050615 0.180795
vn 0.962746 -0.103724 0.249722
vn 0.973674 -0.051220 0.222115
vn 0.921134 0.353883 -0.162110
vn 0.961513 0.249974 -0.114039
vn 0.934966 0.304394 -0.182159
vn 0.927241 0.355898 -0.116453
vn 0.998511 0.050103 -0.021560
vn 0.986543 0.148986 -0.067354
vn 0.996909 0.049272 -0.061189
vn 0.954182 0.205812 -0.217207
vn 0.970636 0.200615 -0.132734
vn 0.945861 0.255568 -0.200078
vn 0.969552 0.152971 -0.191230
vn 0.954813 0.252237 -0.157191
vn 0.933048 0.358978 -0.023575
vn 0.965382 0.251438 -0.069396
vn 0.931051 0.358122 -0.069942
vn 0.948324 0.303383 -0.092954
vn 0.988924 0.050172 -0.139688
vn 0.982872 0.149089 -0.108330
vn 0.993746 0.049572 -0.100057
vn 0.981079 0.100853 -0.165268
vn 0.991504 0.098903 -0.084484
vn 0.977201 0.151134 -0.149120
vn 0.921134 -0.353883 -0.162110
vn 0.961513 -0.249974 -0.114039
vn 0.934966 -0.304394 -0.182159
vn 0.927241 -0.355898 -0.116453
vn 0.998511 -0.050103 -0.021560
vn 0.986543 -0.148986 -0.067354
vn 0.996909 -0.049272 -0.061189
vn 0.954182 -0.205812 -0.217207
vn 0.970636 -0.200615 -0.132734
vn 0.945861 -0.255568 -0.200078
vn 0.969552 -0.152971 -0.191230
vn 0.954813 -0.252237 -0.157191
vn 0.933048 -0.358978 -0.023575
vn 0.965382 -0.251438 -0.069396
vn 0.931051 -0.358122 -0.069942
vn 0.948324 -0.303383 -0.092954
vn 0.988924 -0.050172 -0.139688
vn 0.982872 -0.149089 -0.108330
vn 0.993746 -0.049572 -0.100057
vn 0.981079 -0.100853 -0.165268
vn 0.991504 -0.098903 -0.084484
vn 0.977201 -0.151134 -0.149120
vn 0.921134 0.353883 0.162110
vn 0.961513 0.249974 0.114039
vn 0.934966 0.304394 0.182159
vn 0.927241 0.355898 0.116453
vn 0.998511 0.050103 0.021560
vn 0.986543 0.148986 0.067354
vn 0.996909 0.049272 0.061189
vn 0.995132 0.098549 -0.000000
vn 0.954182 0.205812 0.217207
vn 0.970636 0.200615 0.132734
vn 0.945861 0.255568 0.200078
vn 0.969552 0.152971 0.191230
vn 0.954813 0.252237 0.157191
vn 0.933048 0.358978 0.023575
vn 0.965382 0.251438 0.069396
vn 0.931051 0.358122 0.069942
vn 0.952110 0.305757 0.000000
vn 0.948324 0.303383 0.092954
vn 0.988924 0.050172 0.139688
vn 0.982872 0.149089 0.108330
vn 0.993746 0.049572 0.100057
vn 0.981079 0.100853 0.165268
vn 0.991504 0.098903 0.084484
vn 0.977201 0.151134 0.149120
vn 0.978891 0.199184 -0.045805
vn 0.978891 0.199184 0.045805
vn 0.988656 0.148452 -0.022849
vn 0.967419 0.252110 -0.023265
vn 0.988656 0.148452 0.022849
vn 0.967419 0.252110 0.023265
vn 0.921134 -0.353883 0.162110
vn 0.961513 -0.249974 0.114039
vn 0.934966 -0.304394 0.182159
vn 0.927241 -0.355898 0.116453
vn 0.998511 -0.050103 0.021560
vn 0.986543 -0.148986 0.067354
vn 0.996909 -0.049272 0.061189
vn 0.995132 -0.098549 0.000000
vn 0.954182 -0.205812 0.217207
vn 0.970636 -0.200615 0.132734
vn 0.945861 -0.255568 0.200078
vn 0.969552 -0.152971 0.191230
vn 0.954813 -0.252237 0.157191
vn 0.933048 -0.358978 0.023575
vn 0.965382 -0.251438 0.069396
vn 0.931051 -0.358122 0.069942
vn 0.952110 -0.305757 -0.000000
vn 0.948324 -0.303383 0.092954
vn 0.988924 -0.050172 0.139688
vn 0.982872 -0.149089 0.108330
vn 0.993746 -0.049572 0.100057
vn 0.981079 -0.100853 0.165268
vn 0.991504 -0.098903 0.084484
vn 0.977201 -0.151134 0.149120
vn 0.978891 -0.199184 -0.045805
vn 0.978891 -0.199184 0.045805
vn 0.988656 -0.148452 -0.022849
vn 0.967419 -0.252110 -0.023265
vn 0.988656 -0.148452 0.022849
vn 0.967419 -0.252110 0.023265
vn -0.688614 0.724619 -0.027156
vn -0.765730 0.638409 -0.078047
vn -0.670865 0.738130 -0.071449
vn -0.875123 0.453799 -0.168005
vn -0.827342 0.547633 -0.124912
vn -0.628917 0.760093 -0.163470
vn -0.749908 0.650113 -0.122438
vn -0.650841 0.750169 -0.116843
vn -0.712435 0.694965 -0.097268
vn -0.949893 0.053037 -0.308043
vn -0.947797 0.157204 -0.277431
vn -0.910709 0.357137 -0.207512
vn -0.934705 0.258478 -0.243958
vn -0.515677 0.776254 -0.362639
vn -0.665126 0.676500 -0.316156
vn -0.547773 0.777030 -0.310112
vn -0.862376 0.458469 -0.214744
vn -0.778915 0.568057 -0.265713
vn -0.839528 0.508223 -0.192100
vn -0.604244 0.768096 -0.211937
vn -0.689397 0.674180 -0.264976
vn -0.577203 0.773907 -0.260585
vn -0.672320 0.715329 -0.190501
vn -0.623013 0.727135 -0.288320
vn -0.783867 0.603282 -0.146983
vn -0.747759 0.618799 -0.240717
vn -0.813596 0.556017 -0.170021
vn -0.732319 0.659747 -0.168650
vn -0.797356 0.563359 -0.216449
vn -0.712146 0.667825 -0.216467
vn -0.688614 -0.724619 -0.027156
vn -0.765730 -0.638409 -0.078047
vn -0.670865 -0.738130 -0.071449
vn -0.875123 -0.453799 -0.168005
vn -0.827342 -0.547633 -0.124912
vn -0.628917 -0.760093 -0.163470
vn -0.749908 -0.650113 -0.122438
vn -0.650841 -0.750169 -0.116843
vn -0.712435 -0.694965 -0.097268
vn -0.949893 -0.053037 -0.308043
vn -0.947797 -0.157204 -0.277431
vn -0.910709 -0.357137 -0.207512
vn -0.934705 -0.258478 -0.243958
vn -0.515677 -0.776254 -0.362639
vn -0.665126 -0.676500 -0.316156
vn -0.547773 -0.777030 -0.310112
vn -0.862376 -0.458469 -0.214744
vn -0.778915 -0.568057 -0.265713
vn -0.839528 -0.508223 -0.192100
vn -0.604244 -0.768096 -0.211937
vn -0.689397 -0.674180 -0.264976
vn -0.577203 -0.773907 -0.260585
vn -0.672320 -0.715329 -0.190501
vn -0.623013 -0.727135 -0.288320
vn -0.783867 -0.603282 -0.146983
vn -0.747759 -0.618799 -0.240717
vn -0.813596 -0.556017 -0.170021
vn -0.732319 -0.659747 -0.168650
vn -0.797356 -0.563359 -0.216449
vn -0.712146 -0.667825 -0.216467
vn -0.108005 -0.613393 -0.782358
vn -0.317244 -0.547911 -0.774048
vn -0.172035 -0.654375 -0.736341
vn -0.110714 -0.549796 -0.827929
vn -0.647117 -0.368085 -0.667647
vn -0.500302 -0.462221 -0.732154
vn -0.288686 -0.716316 -0.635257
vn -0.374392 -0.583114 -0.720977
vn -0.232205 -0.688616 -0.686942
vn -0.275720 -0.621865 -0.732982
vn -0.115378 -0.403948 -0.907477
vn -0.324309 -0.480424 -0.814872
vn -0.112884 -0.479929 -0.870014
vn -0.219742 -0.518362 -0.826447
vn -0.932893 -0.033578 -0.358584
vn -0.894576 -0.106478 -0.434047
vn -0.934928 -0.088473 -0.343630
vn -0.758093 -0.274440 -0.591589
vn -0.838236 -0.186748 -0.512334
vn -0.930039 -0.195520 -0.311127
vn -0.893884 -0.164534 -0.417013
vn -0.934003 -0.142270 -0.327716
vn -0.916457 -0.125443 -0.379962
vn -0.475189 -0.772761 -0.420756
vn -0.559584 -0.664107 -0.495810
vn -0.433397 -0.766267 -0.474344
vn -0.558459 -0.727371 -0.398817
vn -0.687307 -0.395426 -0.609301
vn -0.631235 -0.537278 -0.559352
vn -0.621856 -0.444573 -0.644709
vn -0.342175 -0.738331 -0.581191
vn -0.518985 -0.652496 -0.552181
vn -0.389829 -0.754815 -0.527529
vn -0.386058 -0.678490 -0.624988
vn -0.477765 -0.712099 -0.514447
vn -0.701119 -0.622968 -0.346904
vn -0.636331 -0.613463 -0.467703
vn -0.634413 -0.676747 -0.373543
vn -0.598766 -0.672724 -0.434652
vn -0.467028 -0.539186 -0.700830
vn -0.557566 -0.586955 -0.587030
vn -0.549283 -0.492453 -0.675113
vn -0.428117 -0.611610 -0.665318
vn -0.591990 -0.517675 -0.617706
vn -0.476604 -0.634595 -0.608390
vn -0.122707 -0.051751 -0.991093
vn -0.345079 -0.152912 -0.926034
vn -0.119767 -0.145757 -0.982044
vn -0.657677 -0.295247 -0.693030
vn -0.525062 -0.234766 -0.818043
vn -0.588307 -0.344648 -0.731514
vn -0.117624 -0.320991 -0.939750
vn -0.340202 -0.242157 -0.908638
vn -0.118745 -0.234901 -0.964739
vn -0.228686 -0.367211 -0.901587
vn -0.234400 -0.196178 -0.952140
vn -0.422777 -0.437014 -0.793901
vn -0.436017 -0.282552 -0.854432
vn -0.510772 -0.391517 -0.765393
vn -0.331606 -0.406086 -0.851547
vn -0.518372 -0.316288 -0.794514
vn -0.337156 -0.325866 -0.883254
vn -0.883833 -0.403203 -0.237206
vn -0.855493 -0.390538 -0.340019
vn -0.900328 -0.351431 -0.256721
vn -0.849959 -0.455879 -0.264090
vn -0.747601 -0.342317 -0.569133
vn -0.811992 -0.371143 -0.450467
vn -0.794717 -0.293888 -0.531088
vn -0.727136 -0.412367 -0.548842
vn -0.922913 -0.248997 -0.293654
vn -0.870787 -0.334718 -0.360130
vn -0.913085 -0.300688 -0.275431
vn -0.908183 -0.236608 -0.345284
vn -0.887173 -0.344085 -0.307457
vn -0.759590 -0.566770 -0.319052
vn -0.815262 -0.444359 -0.371341
vn -0.808652 -0.511103 -0.291299
vn -0.735227 -0.563529 -0.376665
vn -0.834636 -0.450690 -0.316641
vn -0.866145 -0.206428 -0.455171
vn -0.850135 -0.323402 -0.415550
vn -0.833390 -0.249283 -0.493274
vn -0.889401 -0.222433 -0.399361
vn -0.825046 -0.310108 -0.472368
vn -0.881589 -0.279584 -0.380307
vn -0.670977 -0.548953 -0.498438
vn -0.791059 -0.435888 -0.429218
vn -0.700982 -0.482093 -0.525557
vn -0.705711 -0.557721 -0.436943
vn -0.762187 -0.425196 -0.488139
vn -0.765470 -0.500589 -0.404310
vn -0.108005 0.613393 -0.782358
vn -0.317244 0.547911 -0.774048
vn -0.172035 0.654375 -0.736341
vn -0.110714 0.549796 -0.827929
vn -0.647117 0.368085 -0.667647
vn -0.500302 0.462221 -0.732154
vn -0.288686 0.716316 -0.635257
vn -0.374392 0.583114 -0.720977
vn -0.232205 0.688616 -0.686942
vn -0.275720 0.621865 -0.732982
vn -0.115378 0.403948 -0.907477
vn -0.324309 0.480424 -0.814872
vn -0.112884 0.479929 -0.870014
vn -0.219742 0.518362 -0.826447
vn -0.932893 0.033578 -0.358584
vn -0.894576 0.106478 -0.434047
vn -0.934928 0.088473 -0.343630
vn -0.917750 -0.000000 -0.397159
vn -0.758093 0.274440 -0.591589
vn -0.838236 0.186748 -0.512334
vn -0.930039 0.195520 -0.311127
vn -0.893884 0.164534 -0.417013
vn -0.934003 0.142270 -0.327716
vn -0.916457 0.125443 -0.379962
vn -0.875657 -0.073154 -0.477361
vn -0.875657 0.073154 -0.477361
vn -0.898938 -0.035678 -0.436621
vn -0.898938 0.035678 -0.436621
vn -0.475189 0.772761 -0.420756
vn -0.559584 0.664107 -0.495810
vn -0.433397 0.766267 -0.474344
vn -0.558459 0.727371 -0.398817
vn -0.687307 0.395426 -0.609301
vn -0.631235 0.537278 -0.559352
vn -0.621856 0.444573 -0.644709
vn -0.342175 0.738331 -0.581191
vn -0.518985 0.652496 -0.552181
vn -0.389829 0.754815 -0.527529
vn -0.386058 0.678490 -0.624988
vn -0.477765 0.712099 -0.514447
vn -0.701119 0.622968 -0.346904
vn -0.636331 0.613463 -0.467703
vn -0.634413 0.676747 -0.373543
vn -0.598766 0.672724 -0.434652
vn -0.467028 0.539186 -0.700830
vn -0.557566 0.586955 -0.587030
vn -0.549283 0.492453 -0.675113
vn -0.428117 0.611610 -0.665318
vn -0.591990 0.517675 -0.617706
vn -0.476604 0.634595 -0.608390
vn -0.122707 0.051751 -0.991093
vn -0.345079 0.152912 -0.926034
vn -0.119767 0.145757 -0.982044
vn -0.237267 -0.000000 -0.971445
vn -0.657677 0.295247 -0.693030
vn -0.525062 0.234766 -0.818043
vn -0.588307 0.344648 -0.731514
vn -0.117624 0.320991 -0.939750
vn -0.340202 0.242157 -0.908638
vn -0.118745 0.234901 -0.964739
vn -0.228686 0.367211 -0.901587
vn -0.234400 0.196178 -0.952140
vn -0.446393 -0.100555 -0.889169
vn -0.446393 0.100555 -0.889169
vn -0.346874 -0.052320 -0.936451
vn -0.346874 0.052320 -0.936451
vn -0.422777 0.437014 -0.793901
vn -0.436017 0.282552 -0.854432
vn -0.510772 0.391517 -0.765393
vn -0.331606 0.406086 -0.851547
vn -0.518372 0.316288 -0.794514
vn -0.337156 0.325866 -0.883254
vn -0.883833 0.403203 -0.237206
vn -0.855493 0.390538 -0.340019
vn -0.900328 0.351431 -0.256721
vn -0.849959 0.455879 -0.264090
vn -0.747601 0.342317 -0.569133
vn -0.811992 0.371143 -0.450467
vn -0.794717 0.293888 -0.531088
vn -0.727136 0.412367 -0.548842
vn -0.922913 0.248997 -0.293654
vn -0.870787 0.334718 -0.360130
vn -0.913085 0.300688 -0.275431
vn -0.908183 0.236608 -0.345284
vn -0.887173 0.344085 -0.307457
vn -0.759590 0.566770 -0.319052
vn -0.815262 0.444359 -0.371341
vn -0.808652 0.511103 -0.291299
vn -0.735227 0.563529 -0.376665
vn -0.834636 0.450690 -0.316641
vn -0.866145 0.206428 -0.455171
vn -0.850135 0.323402 -0.415550
vn -0.833390 0.249283 -0.493274
vn -0.889401 0.222433 -0.399361
vn -0.825046 0.310108 -0.472368
vn -0.881589 0.279584 -0.380307
vn -0.670977 0.548953 -0.498438
vn -0.791059 0.435888 -0.429218
vn -0.700982 0.482093 -0.525557
vn -0.705711 0.557721 -0.436943
vn -0.762187 0.425196 -0.488139
vn -0.765470 0.500589 -0.404310
vn -0.721825 -0.243560 -0.647802
vn -0.741801 -0.082105 -0.665575
vn -0.772021 -0.197934 -0.603992
vn -0.671787 -0.215271 -0.708774
vn -0.721825 0.243560 -0.647802
vn -0.741801 0.082105 -0.665575
vn -0.772021 0.197934 -0.603992
vn -0.671787 0.215271 -0.708774
vn -0.846820 -0.113148 -0.519705
vn -0.786411 -0.040365 -0.616384
vn -0.812666 -0.154771 -0.561801
vn -0.851615 -0.037980 -0.522790
vn -0.781469 -0.119739 -0.612347
vn -0.535044 -0.144664 -0.832346
vn -0.688109 -0.044229 -0.724258
vn -0.609344 -0.182883 -0.771527
vn -0.540201 -0.048844 -0.840117
vn -0.682785 -0.130608 -0.718851
vn -0.846820 0.113148 -0.519705
vn -0.786411 0.040365 -0.616384
vn -0.812666 0.154771 -0.561801
vn -0.851615 0.037980 -0.522790
vn -0.781469 0.119739 -0.612347
vn -0.821922 0.000000 -0.569601
vn -0.535044 0.144664 -0.832346
vn -0.688109 0.044229 -0.724258
vn -0.609344 0.182883 -0.771527
vn -0.540201 0.048844 -0.840117
vn -0.682785 0.130608 -0.718851
vn -0.621146 0.000000 -0.783695
vn -0.688614 0.724619 0.027156
vn -0.765730 0.638409 0.078047
vn -0.670865 0.738130 0.071449
vn -0.730634 0.682770 -0.000000
vn -0.875123 0.453799 0.168005
vn -0.827342 0.547633 0.124912
vn -0.628917 0.760093 0.163470
vn -0.749908 0.650113 0.122438
vn -0.650841 0.750169 0.116843
vn -0.712435 0.694965 0.097268
vn -0.802000 0.595156 -0.050841
vn -0.802000 0.595156 0.050841
vn -0.768242 0.639634 -0.025946
vn -0.768242 0.639634 0.025946
vn -0.949893 0.053037 0.308043
vn -0.947797 0.157204 0.277431
vn -0.910709 0.357137 0.207512
vn -0.934705 0.258478 0.243958
vn -0.515677 0.776254 0.362639
vn -0.665126 0.676500 0.316156
vn -0.547773 0.777030 0.310112
vn -0.862376 0.458469 0.214744
vn -0.778915 0.568057 0.265713
vn -0.839528 0.508223 0.192100
vn -0.604244 0.768096 0.211937
vn -0.689397 0.674180 0.264976
vn -0.577203 0.773907 0.260585
vn -0.672320 0.715329 0.190501
vn -0.623013 0.727135 0.288320
vn -0.783867 0.603282 0.146983
vn -0.747759 0.618799 0.240717
vn -0.813596 0.556017 0.170021
vn -0.732319 0.659747 0.168650
vn -0.797356 0.563359 0.216449
vn -0.712146 0.667825 0.216467
vn -0.902453 0.407290 -0.140329
vn -0.910476 0.410942 -0.046482
vn -0.881904 0.456037 -0.119482
vn -0.902453 0.407290 0.140329
vn -0.910476 0.410942 0.046482
vn -0.881904 0.456037 0.119482
vn -0.832613 0.548766 -0.074907
vn -0.888330 0.458574 -0.024055
vn -0.858954 0.502621 -0.097828
vn -0.834768 0.550030 -0.025067
vn -0.886280 0.457573 -0.071654
vn -0.832613 0.548766 0.074907
vn -0.888330 0.458574 0.024055
vn -0.858954 0.502621 0.097828
vn -0.834768 0.550030 0.025067
vn -0.886280 0.457573 0.071654
vn -0.863635 0.504118 -0.000000
vn -0.688614 -0.724619 0.027156
vn -0.765730 -0.638409 0.078047
vn -0.670865 -0.738130 0.071449
vn -0.730634 -0.682770 0.000000
vn -0.875123 -0.453799 0.168005
vn -0.827342 -0.547633 0.124912
vn -0.628917 -0.760093 0.163470
vn -0.749908 -0.650113 0.122438
vn -0.650841 -0.750169 0.116843
vn -0.712435 -0.694965 0.097268
vn -0.802000 -0.595156 -0.050841
vn -0.802000 -0.595156 0.050841
vn -0.768242 -0.639634 -0.025946
vn -0.768242 -0.639634 0.025946
vn -0.949893 -0.053037 0.308043
vn -0.947797 -0.157204 0.277431
vn -0.910709 -0.357137 0.207512
vn -0.934705 -0.258478 0.243958
vn -0.515677 -0.776254 0.362639
vn -0.665126 -0.676500 0.316156
vn -0.547773 -0.777030 0.310112
vn -0.862376 -0.458469 0.214744
vn -0.778915 -0.568057 0.265713
vn -0.839528 -0.508223 0.192100
vn -0.604244 -0.768096 0.211937
vn -0.689397 -0.674180 0.264976
vn -0.577203 -0.773907 0.260585
vn -0.672320 -0.715329 0.190501
vn -0.623013 -0.727135 0.288320
vn -0.783867 -0.603282 0.146983
vn -0.747759 -0.618799 0.240717
vn -0.813596 -0.556017 0.170021
vn -0.732319 -0.659747 0.168650
vn -0.797356 -0.563359 0.216449
vn -0.712146 -0.667825 0.216467
vn -0.902453 -0.407290 -0.140329
vn -0.910476 -0.410942 -0.046482
vn -0.881904 -0.456037 -0.119482
vn -0.902453 -0.407290 0.140329
vn -0.910476 -0.410942 0.046482
vn -0.881904 -0.456037 0.119482
vn -0.832613 -0.548766 -0.074907
vn -0.888330 -0.458574 -0.024055
vn -0.858954 -0.502621 -0.097828
vn -0.834768 -0.550030 -0.025067
vn -0.886280 -0.457573 -0.071654
vn -0.832613 -0.548766 0.074907
vn -0.888330 -0.458574 0.024055
vn -0.858954 -0.502621 0.097828
vn -0.834768 -0.550030 0.025067
vn -0.886280 -0.457573 0.071654
vn -0.863635 -0.504118 -0.000000
vn -0.108005 -0.613393 0.782358
vn -0.317244 -0.547911 0.774048
vn -0.172035 -0.654375 0.736341
vn -0.110714 -0.549796 0.827929
vn -0.647117 -0.368085 0.667647
vn -0.500302 -0.462221 0.732154
vn -0.288686 -0.716316 0.635257
vn -0.374392 -0.583114 0.720977
vn -0.232205 -0.688616 0.686942
vn -0.275720 -0.621865 0.732982
vn -0.115378 -0.403948 0.907477
vn -0.324309 -0.480424 0.814872
vn -0.112884 -0.479929 0.870014
vn -0.219742 -0.518362 0.826447
vn -0.932893 -0.033578 0.358584
vn -0.894576 -0.106478 0.434047
vn -0.934928 -0.088473 0.343630
vn -0.758093 -0.274440 0.591589
vn -0.838236 -0.186748 0.512334
vn -0.930039 -0.195520 0.311127
vn -0.893884 -0.164534 0.417013
vn -0.934003 -0.142270 0.327716
vn -0.916457 -0.125443 0.379962
vn -0.475189 -0.772761 0.420756
vn -0.559584 -0.664107 0.495810
vn -0.433397 -0.766267 0.474344
vn -0.558459 -0.727371 0.398817
vn -0.687307 -0.395426 0.609301
vn -0.631235 -0.537278 0.559352
vn -0.621856 -0.444573 0.644709
vn -0.342175 -0.738331 0.581191
vn -0.518985 -0.652496 0.552181
vn -0.389829 -0.754815 0.527529
vn -0.386058 -0.678490 0.624988
vn -0.477765 -0.712099 0.514447
vn -0.701119 -0.622968 0.346904
vn -0.636331 -0.613463 0.467703
vn -0.634413 -0.676747 0.373543
vn -0.598766 -0.672724 0.434652
vn -0.467028 -0.539186 0.700830
vn -0.557566 -0.586955 0.587030
vn -0.549283 -0.492453 0.675113
vn -0.428117 -0.611610 0.665318
vn -0.591990 -0.517675 0.617706
vn -0.476604 -0.634595 0.608390
vn -0.122707 -0.051751 0.991093
vn -0.345079 -0.152912 0.926034
vn -0.119767 -0.145757 0.982044
vn -0.657677 -0.295247 0.693030
vn -0.525062 -0.234766 0.818043
vn -0.588307 -0.344648 0.731514
vn -0.117624 -0.320991 0.939750
vn -0.340202 -0.242157 0.908638
vn -0.118745 -0.234901 0.964739
vn -0.228686 -0.367211 0.901587
vn -0.234400 -0.196178 0.952140
vn -0.422777 -0.437014 0.793901
vn -0.436017 -0.282552 0.854432
vn -0.510772 -0.391517 0.765393
vn -0.331606 -0.406086 0.851547
vn -0.518372 -0.316288 0.794514
vn -0.337156 -0.325866 0.883254
vn -0.883833 -0.403203 0.237206
vn -0.855493 -0.390538 0.340019
vn -0.900328 -0.351431 0.256721
vn -0.849959 -0.455879 0.264090
vn -0.747601 -0.342317 0.569133
vn -0.811992 -0.371143 0.450467
vn -0.794717 -0.293888 0.531088
vn -0.727136 -0.412367 0.548842
vn -0.922913 -0.248997 0.293654
vn -0.870787 -0.334718 0.360130
vn -0.913085 -0.300688 0.275431
vn -0.908183 -0.236608 0.345284
vn -0.887173 -0.344085 0.307457
vn -0.759590 -0.566770 0.319052
vn -0.815262 -0.444359 0.371341
vn -0.808652 -0.511103 0.291299
vn -0.735227 -0.563529 0.376665
vn -0.834636 -0.450690 0.316641
vn -0.866145 -0.206428 0.455171
vn -0.850135 -0.323402 0.415550
vn -0.833390 -0.249283 0.493274
vn -0.889401 -0.222433 0.399361
vn -0.825046 -0.310108 0.472368
vn -0.881589 -0.279584 0.380307
vn -0.670977 -0.548953 0.498438
vn -0.791059 -0.435888 0.429218
vn -0.700982 -0.482093 0.525557
vn -0.705711 -0.557721 0.436943
vn -0.762187 -0.425196 0.488139
vn -0.765470 -0.500589 0.404310
vn -0.108005 0.613393 0.782358
vn -0.317244 0.547911 0.774048
vn -0.172035 0.654375 0.736341
vn -0.110714 0.549796 0.827929
vn -0.647117 0.368085 0.667647
vn -0.500302 0.462221 0.732154
vn -0.288686 0.716316 0.635257
vn -0.374392 0.583114 0.720977
vn -0.232205 0.688616 0.686942
vn -0.275720 0.621865 0.732982
vn -0.115378 0.403948 0.907477
vn -0.324309 0.480424 0.814872
vn -0.112884 0.479929 0.870014
vn -0.219742 0.518362 0.826447
vn -0.932893 0.033578 0.358584
vn -0.894576 0.106478 0.434047
vn -0.934928 0.088473 0.343630
vn -0.917750 -0.000000 0.397159
vn -0.758093 0.274440 0.591589
vn -0.838236 0.186748 0.512334
vn -0.930039 0.195520 0.311127
vn -0.893884 0.164534 0.417013
vn -0.934003 0.142270 0.327716
vn -0.916457 0.125443 0.379962
vn -0.875657 -0.073154 0.477361
vn -0.875657 0.073154 0.477361
vn -0.898938 -0.035678 0.436621
vn -0.898938 0.035678 0.436621
vn -0.475189 0.772761 0.420756
vn -0.559584 0.664107 0.495810
vn -0.433397 0.766267 0.474344
vn -0.558459 0.727371 0.398817
vn -0.687307 0.395426 0.609301
vn -0.631235 0.537278 0.559352
vn -0.621856 0.444573 0.644709
vn -0.342175 0.738331 0.581191
vn -0.518985 0.652496 0.552181
vn -0.389829 0.754815 0.527529
vn -0.386058 0.678490 0.624988
vn -0.477765 0.712099 0.514447
vn -0.701119 0.622968 0.346904
vn -0.636331 0.613463 0.467703
vn -0.634413 0.676747 0.373543
vn -0.598766 0.672724 0.434652
vn -0.467028 0.539186 0.700830
vn -0.557566 0.586955 0.587030
vn -0.549283 0.492453 0.675113
vn -0.428117 0.611610 0.665318
vn -0.591990 0.517675 0.617706
vn -0.476604 0.634595 0.608390
vn -0.122707 0.051751 0.991093
vn -0.345079 0.152912 0.926034
vn -0.119767 0.145757 0.982044
vn -0.237267 0.000000 0.971445
vn -0.657677 0.295247 0.693030
vn -0.525062 0.234766 0.818043
vn -0.588307 0.344648 0.731514
vn -0.117624 0.320991 0.939750
vn -0.340202 0.242157 0.908638
vn -0.118745 0.234901 0.964739
vn -0.228686 0.367211 0.901587
vn -0.234400 0.196178 0.952140
vn -0.446393 -0.100555 0.889169
vn -0.446393 0.100555 0.889169
vn -0.346874 -0.052320 0.936451
vn -0.346874 0.052320 0.936451
vn -0.422777 0.437014 0.793901
vn -0.436017 0.282552 0.854432
vn -0.510772 0.391517 0.765393
vn -0.331606 0.406086 0.851547
vn -0.518372 0.316288 0.794514
vn -0.337156 0.325866 0.883254
vn -0.883833 0.403203 0.237206
vn -0.855493 0.390538 0.340019
vn -0.900328 0.351431 0.256721
vn -0.849959 0.455879 0.264090
vn -0.747601 0.342317 0.569133
vn -0.811992 0.371143 0.450467
vn -0.794717 0.293888 0.531088
vn -0.727136 0.412367 0.548842
vn -0.922913 0.248997 0.293654
vn -0.870787 0.334718 0.360130
vn -0.913085 0.300688 0.275431
vn -0.908183 0.236608 0.345284
vn -0.887173 0.344085 0.307457
vn -0.759590 0.566770 0.319052
vn -0.815262 0.444359 0.371341
vn -0.808652 0.511103 0.291299
vn -0.735227 0.563529 0.376665
vn -0.834636 0.450690 0.316641
vn -0.866145 0.206428 0.455171
vn -0.850135 0.323402 0.415550
vn -0.833390 0.249283 0.493274
vn -0.889401 0.222433 0.399361
vn -0.825046 0.310108 0.472368
vn -0.881589 0.279584 0.380307
vn -0.670977 0.548953 0.498438
vn -0.791059 0.435888 0.429218
vn -0.700982 0.482093 0.525557
vn -0.705711 0.557721 0.436943
vn -0.762187 0.425196 0.488139
vn -0.765470 0.500589 0.404310
vn -0.721825 -0.243560 0.647802
vn -0.741801 -0.082105 0.665575
vn -0.772021 -0.197934 0.603992
vn -0.671787 -0.215271 0.708774
vn -0.721825 0.243560 0.647802
vn -0.741801 0.082105 0.665575
vn -0.772021 0.197934 0.603992
vn -0.671787 0.215271 0.708774
vn -0.846820 -0.113148 0.519705
vn -0.786411 -0.040365 0.616384
vn -0.812666 -0.154771 0.561801
vn -0.851615 -0.037980 0.522790
vn -0.781469 -0.119739 0.612347
vn -0.535044 -0.144664 0.832346
vn -0.688109 -0.044229 0.724258
vn -0.609344 -0.182883 0.771527
vn -0.540201 -0.048844 0.840117
vn -0.682785 -0.130608 0.718851
vn -0.846820 0.113148 0.519705
vn -0.786411 0.040365 0.616384
vn -0.812666 0.154771 0.561801
vn -0.851615 0.037980 0.522790
vn -0.781469 0.119739 0.612347
vn -0.821922 -0.000000 0.569601
vn -0.535044 0.144664 0.832346
vn -0.688109 0.044229 0.724258
vn -0.609344 0.182883 0.771527
vn -0.540201 0.048844 0.840117
vn -0.682785 0.130608 0.718851
vn -0.621146 -0.000000 0.783695
vn -0.960333 0.000000 -0.278856
vn -0.980762 0.000000 -0.195206
vn -0.962985 0.052206 -0.264450
vn -0.962985 -0.052206 -0.264450
vn -0.999260 0.000000 -0.038452
vn -0.993299 0.000000 -0.115572
vn -0.959844 0.154726 -0.234008
vn -0.982218 0.050615 -0.180795
vn -0.962746 0.103724 -0.249722
vn -0.973674 0.051220 -0.222115
vn -0.959844 -0.154726 -0.234008
vn -0.982218 -0.050615 -0.180795
vn -0.962746 -0.103724 -0.249722
vn -0.973674 -0.051220 -0.222115
vn -0.960333 -0.000000 0.278856
vn -0.980762 -0.000000 0.195206
vn -0.962985 0.052206 0.264450
vn -0.962985 -0.052206 0.264450
vn -0.999260 0.000000 0.038452
vn -0.993299 -0.000000 0.115572
vn -0.959844 0.154726 0.234008
vn -0.982218 0.050615 0.180795
vn -0.962746 0.103724 0.249722
vn -0.973674 0.051220 0.222115
vn -0.959844 -0.154726 0.234008
vn -0.982218 -0.050615 0.180795
vn -0.962746 -0.103724 0.249722
vn -0.973674 -0.051220 0.222115
vn -0.921134 0.353883 -0.162110
vn -0.961513 0.249974 -0.114039
vn -0.934966 0.304394 -0.182159
vn -0.927241 0.355898 -0.116453
vn -0.998511 0.050103 -0.021560
vn -0.986543 0.148986 -0.067354
vn -0.996909 0.049272 -0.061189
vn -0.954182 0.205812 -0.217207
vn -0.970636 0.200615 -0.132734
vn -0.945861 0.255568 -0.200078
vn -0.969552 0.152971 -0.191230
vn -0.954813 0.252237 -0.157191
vn -0.933048 0.358978 -0.023575
vn -0.965382 0.251438 -0.069396
vn -0.931051 0.358122 -0.069942
vn -0.948324 0.303383 -0.092954
vn -0.988924 0.050172 -0.139688
vn -0.982872 0.149089 -0.108330
vn -0.993746 0.049572 -0.100057
vn -0.981079 0.100853 -0.165268
vn -0.991504 0.098903 -0.084484
vn -0.977201 0.151134 -0.149120
vn -0.921134 -0.353883 -0.162110
vn -0.961513 -0.249974 -0.114039
vn -0.934966 -0.304394 -0.182159
vn -0.927241 -0.355898 -0.116453
vn -0.998511 -0.050103 -0.021560
vn -0.986543 -0.148986 -0.067354
vn -0.996909 -0.049272 -0.061189
vn -0.954182 -0.205812 -0.217207
vn -0.970636 -0.200615 -0.132734
vn -0.945861 -0.255568 -0.200078
vn -0.969552 -0.152971 -0.191230
vn -0.954813 -0.252237 -0.157191
vn -0.933048 -0.358978 -0.023575
vn -0.965382 -0.251438 -0.069396
vn -0.931051 -0.358122 -0.069942
vn -0.948324 -0.303383 -0.092954
vn -0.988924 -0.050172 -0.139688
vn -0.982872 -0.149089 -0.108330
vn -0.993746 -0.049572 -0.100057
vn -0.981079 -0.100853 -0.165268
vn -0.991504 -0.098903 -0.084484
vn -0.977201 -0.151134 -0.149120
vn -0.921134 0.353883 0.162110
vn -0.961513 0.249974 0.114039
vn -0.934966 0.304394 0.182159
vn -0.927241 0.355898 0.116453
vn -0.998511 0.050103 0.021560
vn -0.986543 0.148986 0.067354
vn -0.996909 0.049272 0.061189
vn -0.995132 0.098549 0.000000
vn -0.954182 0.205812 0.217207
vn -0.970636 0.200615 0.132734
vn -0.945861 0.255568 0.200078
vn -0.969552 0.152971 0.191230
vn -0.954813 0.252237 0.157191
vn -0.933048 0.358978 0.023575
vn -0.965382 0.251438 0.069396
vn -0.931051 0.358122 0.069942
vn -0.952110 0.305757 -0.000000
vn -0.948324 0.303383 0.092954
vn -0.988924 0.050172 0.139688
vn -0.982872 0.149089 0.108330
vn -0.993746 0.049572 0.100057
vn -0.981079 0.100853 0.165268
vn -0.991504 0.098903 0.084484
vn -0.977201 0.151134 0.149120
vn -0.978891 0.199184 -0.045805
vn -0.978891 0.199184 0.045805
vn -0.988656 0.148452 -0.022849
vn -0.967419 0.252110 -0.023265
vn -0.988656 0.148452 0.022849
vn -0.967419 0.252110 0.023265
vn -0.921134 -0.353883 0.162110
vn -0.961513 -0.249974 0.114039
vn -0.934966 -0.304394 0.182159
vn -0.927241 -0.355898 0.116453
vn -0.998511 -0.050103 0.021560
vn -0.986543 -0.148986 0.067354
vn -0.996909 -0.049272 0.061189
vn -0.995132 -0.098549 0.000000
vn -0.954182 -0.205812 0.217207
vn -0.970636 -0.200615 0.132734
vn -0.945861 -0.255568 0.200078
vn -0.969552 -0.152971 0.191230
vn -0.954813 -0.252237 0.157191
vn -0.933048 -0.358978 0.023575
vn -0.965382 -0.251438 0.069396
vn -0.931051 -0.358122 0.069942
vn -0.952110 -0.305757 0.000000
vn -0.948324 -0.303383 0.092954
vn -0.988924 -0.050172 0.139688
vn -0.982872 -0.149089 0.108330
vn -0.993746 -0.049572 0.100057
vn -0.981079 -0.100853 0.165268
vn -0.991504 -0.098903 0.084484
vn -0.977201 -0.151134 0.149120
vn -0.978891 -0.199184 -0.045805
vn -0.978891 -0.199184 0.045805
vn -0.988656 -0.148452 -0.022849
vn -0.967419 -0.252110 -0.023265
vn -0.988656 -0.148452 0.022849
vn -0.967419 -0.252110 0.023265
f 1//1 2103//2103 759//759
f 2103//2103 533//533 2105//2105
f 759//759 2105//2105 197//197
f 2103//2103 2105//2105 759//759
f 533//533 2104//2104 2112//2112
f 2104//2104 138//138 2110//2110
f 2112//2112 2110//2110 535//535
f 2104//2104 2110//2110 2112//2112
f 197//197 2111//2111 760//760
f 2111//2111 535//535 2109//2109
f 760//760 2109//2109 54//54
f 2111//2111 2109//2109 760//760
f 533//533 2112//2112 2105//2105
f 2112//2112 535//535 2111//2111
f 2105//2105 2111//2111 197//197
f 2112//2112 2111//2111 2105//2105
f 138//138 2108//2108 2132//2132
f 2108//2108 534//534 2134//2134
f 2132//2132 2134//2134 542//542
f 2108//2108 2134//2134 2132//2132
f 534//534 2107//2107 2126//2126
f 2107//2107 38//38 2124//2124
f 2126//2126 2124//2124 540//540
f 2107//2107 2124//2124 2126//2126
f 542//542 2136//2136 2133//2133
f 2136//2136 540//540 2125//2125
f 2133//2133 2125//2125 140//140
f 2136//2136 2125//2125 2133//2133
f 534//534 2126//2126 2134//2134
f 2126//2126 540//540 2136//2136
f 2134//2134 2136//2136 542//542
f 2126//2126 2136//2136 2134//2134
f 54//54 2127//2127 763//763
f 2127//2127 541//541 2129//2129
f 763//763 2129//2129 198//198
f 2127//2127 2129//2129 763//763
f 541//541 2128//2128 2131//2131
f 2128//2128 140//140 2122//2122
f 2131//2131 2122//2122 539//539
f 2128//2128 2122//2122 2131//2131
f 198//198 2123//2123 762//762
f 2123//2123 539//539 2121//2121
f 762//762 2121//2121 17//17
f 2123//2123 2121//2121 762//762
f 541//541 2131//2131 2129//2129
f 2131//2131 539//539 2123//2123
f 2129//2129 2123//2123 198//198
f 2131//2131 2123//2123 2129//2129
f 138//138 2132//2132 2110//2110
f 2132//2132 542//542 2135//2135
f 2110//2110 2135//2135 535//535
f 2132//2132 2135//2135 2110//2110
f 542//542 2133//2133 2137//2137
f 2133//2133 140//140 2128//2128
f 2137//2137 2128//2128 541//541
f 2133//2133 2128//2128 2137//2137
f 535//535 2130//2130 2109//2109
f 2130//2130 541//541 2127//2127
f 2109//2109 2127//2127 54//54
f 2130//2130 2127//2127 2109//2109
f 542//542 2137//2137 2135//2135
f 2137//2137 541//541 2130//2130
f 2135//2135 2130//2130 535//535
f 2137//2137 2130//2130 2135//2135
f 38//38 2119//2119 2371//2371
f 2119//2119 538//538 2373//2373
f 2371//2371 2373//2373 601//601
f 2119//2119 2373//2373 2371//2371
f 538//538 2120//2120 2381//2381
f 2120//2120 139//139 2379//2379
f 2381//2381 2379//2379 603//603
f 2120//2120 2379//2379 2381//2381
f 601//601 2383//2383 2372//2372
f 2383//2383 603//603 2380//2380
f 2372//2372 2380//2380 155//155
f 2383//2383 2380//2380 2372//2372
f 538//538 2381//2381 2373//2373
f 2381//2381 603//603 2383//2383
f 2373//2373 2383//2383 601//601
f 2381//2381 2383//2383 2373//2373
f 139//139 2118//2118 2319//2319
f 2118//2118 537//537 2321//2321
f 2319//2319 2321//2321 589//589
f 2118//2118 2321//2321 2319//2319
f 537//537 2117//2117 2315//2315
f 2117//2117 12//12 2313//2313
f 2315//2315 2313//2313 587//587
f 2117//2117 2313//2313 2315//2315
f 589//589 2322//2322 2320//2320
f 2322//2322 587//587 2314//2314
f 2320//2320 2314//2314 152//152
f 2322//2322 2314//2314 2320//2320
f 537//537 2315//2315 2321//2321
f 2315//2315 587//587 2322//2322
f 2321//2321 2322//2322 589//589
f 2315//2315 2322//2322 2321//2321
f 155//155 2390//2390 2376//2376
f 2390//2390 605//605 2393//2393
f 2376//2376 2393//2393 602//602
f 2390//2390 2393//2393 2376//2376
f 605//605 2389//2389 2391//2391
f 2389//2389 152//152 2318//2318
f 2391//2391 2318//2318 588//588
f 2389//2389 2318//2318 2391//2391
f 602//602 2377//2377 2375//2375
f 2377//2377 588//588 2317//2317
f 2375//2375 2317//2317 41//41
f 2377//2377 2317//2317 2375//2375
f 605//605 2391//2391 2393//2393
f 2391//2391 588//588 2377//2377
f 2393//2393 2377//2377 602//602
f 2391//2391 2377//2377 2393//2393
f 139//139 2319//2319 2379//2379
f 2319//2319 589//589 2382//2382
f 2379//2379 2382//2382 603//603
f 2319//2319 2382//2382 2379//2379
f 589//589 2320//2320 2392//2392
f 2320//2320 152//152 2389//2389
f 2392//2392 2389//2389 605//605
f 2320//2320 2389//2389 2392//2392
f 603//603 2394//2394 2380//2380
f 2394//2394 605//605 2390//2390
f 2380//2380 2390//2390 155//155
f 2394//2394 2390//2390 2380//2380
f 589//589 2392//2392 2382//2382
f 2392//2392 605//605 2394//2394
f 2382//2382 2394//2394 603//603
f 2392//2392 2394//2394 2382//2382
f 17//17 2327//2327 770//770
f 2327//2327 591//591 2329//2329
f 770//770 2329//2329 201//201
f 2327//2327 2329//2329 770//770
f 591//591 2328//2328 2338//2338
f 2328//2328 153//153 2335//2335
f 2338//2338 2335//2335 593//593
f 2328//2328 2335//2335 2338//2338
f 201//201 2336//2336 771//771
f 2336//2336 593//593 2334//2334
f 771//771 2334//2334 55//55
f 2336//2336 2334//2334 771//771
f 591//591 2338//2338 2329//2329
f 2338//2338 593//593 2336//2336
f 2329//2329 2336//2336 201//201
f 2338//2338 2336//2336 2329//2329
f 153//153 2332//2332 2344//2344
f 2332//2332 592//592 2347//2347
f 2344//2344 2347//2347 595//595
f 2332//2332 2347//2347 2344//2344
f 592//592 2331//2331 2333//2333
f 2331//2331 41//41 2303//2303
f 2333//2333 2303//2303 584//584
f 2331//2331 2303//2303 2333//2333
f 595//595 2345//2345 2343//2343
f 2345//2345 584//584 2304//2304
f 2343//2343 2304//2304 151//151
f 2345//2345 2304//2304 2343//2343
f 592//592 2333//2333 2347//2347
f 2333//2333 584//584 2345//2345
f 2347//2347 2345//2345 595//595
f 2333//2333 2345//2345 2347//2347
f 55//55 2305//2305 769//769
f 2305//2305 585//585 2307//2307
f 769//769 2307//2307 200//200
f 2305//2305 2307//2307 769//769
f 585//585 2306//2306 2308//2308
f 2306//2306 151//151 2300//2300
f 2308//2308 2300//2300 583//583
f 2306//2306 2300//2300 2308//2308
f 200//200 2301//2301 768//768
f 2301//2301 583//583 2299//2299
f 768//768 2299//2299 6//6
f 2301//2301 2299//2299 768//768
f 585//585 2308//2308 2307//2307
f 2308//2308 583//583 2301//2301
f 2307//2307 2301//2301 200//200
f 2308//2308 2301//2301 2307//2307
f 153//153 2344//2344 2335//2335
f 2344//2344 595//595 2348//2348
f 2335//2335 2348//2348 593//593
f 2344//2344 2348//2348 2335//2335
f 595//595 2343//2343 2346//2346
f 2343//2343 151//151 2306//2306
f 2346//2346 2306//2306 585//585
f 2343//2343 2306//2306 2346//2346
f 593//593 2337//2337 2334//2334
f 2337//2337 585//585 2305//2305
f 2334//2334 2305//2305 55//55
f 2337//2337 2305//2305 2334//2334
f 595//595 2346//2346 2348//2348
f 2346//2346 585//585 2337//2337
f 2348//2348 2337//2337 593//593
f 2346//2346 2337//2337 2348//2348
f 38//38 2371//2371 2124//2124
f 2371//2371 601//601 2374//2374
f 2124//2124 2374//2374 540//540
f 2371//2371 2374//2374 2124//2124
f 601//601 2372//2372 2388//2388
f 2372//2372 155//155 2385//2385
f 2388//2388 2385//2385 604//604
f 2372//2372 2385//2385 2388//2388
f 540//540 2386//2386 2125//2125
f 2386//2386 604//604 2384//2384
f 2125//2125 2384//2384 140//140
f 2386//2386 2384//2384 2125//2125
f 601//601 2388//2388 2374//2374
f 2388//2388 604//604 2386//2386
f 2374//2374 2386//2386 540//540
f 2388//2388 2386//2386 2374//2374
f 155//155 2376//2376 2396//2396
f 2376//2376 602//602 2399//2399
f 2396//2396 2399//2399 606//606
f 2376//2376 2399//2399 2396//2396
f 602//602 2375//2375 2378//2378
f 2375//2375 41//41 2331//2331
f 2378//2378 2331//2331 592//592
f 2375//2375 2331//2331 2378//2378
f 606//606 2397//2397 2395//2395
f 2397//2397 592//592 2332//2332
f 2395//2395 2332//2332 153//153
f 2397//2397 2332//2332 2395//2395
f 602//602 2378//2378 2399//2399
f 2378//2378 592//592 2397//2397
f 2399//2399 2397//2397 606//606
f 2378//2378 2397//2397 2399//2399
f 140//140 2339//2339 2122//2122
f 2339//2339 594//594 2341//2341
f 2122//2122 2341//2341 539//539
f 2339//2339 2341//2341 2122//2122
f 594//594 2340//2340 2342//2342
f 2340//2340 153//153 2328//2328
f 2342//2342 2328//2328 591//591
f 2340//2340 2328//2328 2342//2342
f 539//539 2330//2330 2121//2121
f 2330//2330 591//591 2327//2327
f 2121//2121 2327//2327 17//17
f 2330//2330 2327//2327 2121//2121
f 594//594 2342//2342 2341//2341
f 2342//2342 591//591 2330//2330
f 2341//2341 2330//2330 539//539
f 2342//2342 2330//2330 2341//2341
f 155//155 2396//2396 2385//2385
f 2396//2396 606//606 2400//2400
f 2385//2385 2400//2400 604//604
f 2396//2396 2400//2400 2385//2385
f 606//606 2395//2395 2398//2398
f 2395//2395 153//153 2340//2340
f 2398//2398 2340//2340 594//594
f 2395//2395 2340//2340 2398//2398
f 604//604 2387//2387 2384//2384
f 2387//2387 594//594 2339//2339
f 2384//2384 2339//2339 140//140
f 2387//2387 2339//2339 2384//2384
f 606//606 2398//2398 2400//2400
f 2398//2398 594//594 2387//2387
f 2400//2400 2387//2387 604//604
f 2398//2398 2387//2387 2400//2400
f 1//1 759//759 643//643
f 759//759 197//197 761//761
f 643//643 761//761 163//163
f 759//759 761//761 643//643
f 197//197 760//760 767//767
f 760//760 54//54 765//765
f 767//767 765//765 199//199
f 760//760 765//765 767//767
f 163//163 766//766 644//644
f 766//766 199//199 764//764
f 644//644 764//764 43//43
f 766//766 764//764 644//644
f 197//197 767//767 761//761
f 767//767 199//199 766//766
f 761//761 766//766 163//163
f 767//767 766//766 761//761
f 54//54 763//763 783//783
f 763//763 198//198 785//785
f 783//783 785//785 205//205
f 763//763 785//785 783//783
f 198//198 762//762 777//777
f 762//762 17//17 775//775
f 777//777 775//775 203//203
f 762//762 775//775 777//777
f 205//205 787//787 784//784
f 787//787 203//203 776//776
f 784//784 776//776 56//56
f 787//787 776//776 784//784
f 198//198 777//777 785//785
f 777//777 203//203 787//787
f 785//785 787//787 205//205
f 777//777 787//787 785//785
f 43//43 778//778 646//646
f 778//778 204//204 780//780
f 646//646 780//780 164//164
f 778//778 780//780 646//646
f 204//204 779//779 782//782
f 779//779 56//56 773//773
f 782//782 773//773 202//202
f 779//779 773//773 782//782
f 164//164 774//774 645//645
f 774//774 202//202 772//772
f 645//645 772//772 13//13
f 774//774 772//772 645//645
f 204//204 782//782 780//780
f 782//782 202//202 774//774
f 780//780 774//774 164//164
f 782//782 774//774 780//780
f 54//54 783//783 765//765
f 783//783 205//205 786//786
f 765//765 786//786 199//199
f 783//783 786//786 765//765
f 205//205 784//784 788//788
f 784//784 56//56 779//779
f 788//788 779//779 204//204
f 784//784 779//779 788//788
f 199//199 781//781 764//764
f 781//781 204//204 778//778
f 764//764 778//778 43//43
f 781//781 778//778 764//764
f 205//205 788//788 786//786
f 788//788 204//204 781//781
f 786//786 781//781 199//199
f 788//788 781//781 786//786
f 17//17 770//770 829//829
f 770//770 201//201 831//831
f 829//829 831//831 217//217
f 770//770 831//831 829//829
f 201//201 771//771 839//839
f 771//771 55//55 837//837
f 839//839 837//837 219//219
f 771//771 837//837 839//839
f 217//217 841//841 830//830
f 841//841 219//219 838//838
f 830//830 838//838 60//60
f 841//841 838//838 830//830
f 201//201 839//839 831//831
f 839//839 219//219 841//841
f 831//831 841//841 217//217
f 839//839 841//841 831//831
f 55//55 769//769 803//803
f 769//769 200//200 805//805
f 803//803 805//805 211//211
f 769//769 805//805 803//803
f 200//200 768//768 800//800
f 768//768 6//6 798//798
f 800//800 798//798 209//209
f 768//768 798//798 800//800
f 211//211 806//806 804//804
f 806//806 209//209 799//799
f 804//804 799//799 58//58
f 806//806 799//799 804//804
f 200//200 800//800 805//805
f 800//800 209//209 806//806
f 805//805 806//806 211//211
f 800//800 806//806 805//805
f 60//60 848//848 834//834
f 848//848 221//221 851//851
f 834//834 851//851 218//218
f 848//848 851//851 834//834
f 221//221 847//847 849//849
f 847//847 58//58 802//802
f 849//849 802//802 210//210
f 847//847 802//802 849//849
f 218//218 835//835 833//833
f 835//835 210//210 801//801
f 833//833 801//801 18//18
f 835//835 801//801 833//833
f 221//221 849//849 851//851
f 849//849 210//210 835//835
f 851//851 835//835 218//218
f 849//849 835//835 851//851
f 55//55 803//803 837//837
f 803//803 211//211 840//840
f 837//837 840//840 219//219
f 803//803 840//840 837//837
f 211//211 804//804 850//850
f 804//804 58//58 847//847
f 850//850 847//847 221//221
f 804//804 847//847 850//850
f 219//219 852//852 838//838
f 852//852 221//221 848//848
f 838//838 848//848 60//60
f 852//852 848//848 838//838
f 211//211 850//850 840//840
f 850//850 221//221 852//852
f 840//840 852//852 219//219
f 850//850 852//852 840//840
f 13//13 807//807 649//649
f 807//807 212//212 809//809
f 649//649 809//809 166//166
f 807//807 809//809 649//649
f 212//212 808//808 818//818
f 808//808 59//59 815//815
f 818//818 815//815 214//214
f 808//808 815//815 818//818
f 166//166 816//816 650//650
f 816//816 214//214 814//814
f 650//650 814//814 44//44
f 816//816 814//814 650//650
f 212//212 818//818 809//809
f 818//818 214//214 816//816
f 809//809 816//816 166//166
f 818//818 816//816 809//809
f 59//59 812//812 824//824
f 812//812 213//213 827//827
f 824//824 827//827 216//216
f 812//812 827//827 824//824
f 213//213 811//811 813//813
f 811//811 18//18 792//792
f 813//813 792//792 207//207
f 811//811 792//792 813//813
f 216//216 825//825 823//823
f 825//825 207//207 793//793
f 823//823 793//793 57//57
f 825//825 793//793 823//823
f 213//213 813//813 827//827
f 813//813 207//207 825//825
f 827//827 825//825 216//216
f 813//813 825//825 827//827
f 44//44 794//794 648//648
f 794//794 208//208 796//796
f 648//648 796//796 165//165
f 794//794 796//796 648//648
f 208//208 795//795 797//797
f 795//795 57//57 790//790
f 797//797 790//790 206//206
f 795//795 790//790 797//797
f 165//165 791//791 647//647
f 791//791 206//206 789//789
f 647//647 789//789 2//2
f 791//791 789//789 647//647
f 208//208 797//797 796//796
f 797//797 206//206 791//791
f 796//796 791//791 165//165
f 797//797 791//791 796//796
f 59//59 824//824 815//815
f 824//824 216//216 828//828
f 815//815 828//828 214//214
f 824//824 828//828 815//815
f 216//216 823//823 826//826
f 823//823 57//57 795//795
f 826//826 795//795 208//208
f 823//823 795//795 826//826
f 214//214 817//817 814//814
f 817//817 208//208 794//794
f 814//814 794//794 44//44
f 817//817 794//794 814//814
f 216//216 826//826 828//828
f 826//826 208//208 817//817
f 828//828 817//817 214//214
f 826//826 817//817 828//828
f 17//17 829//829 775//775
f 829//829 217//217 832//832
f 775//775 832//832 203//203
f 829//829 832//832 775//775
f 217//217 830//830 846//846
f 830//830 60//60 843//843
f 846//846 843//843 220//220
f 830//830 843//843 846//846
f 203//203 844//844 776//776
f 844//844 220//220 842//842
f 776//776 842//842 56//56
f 844//844 842//842 776//776
f 217//217 846//846 832//832
f 846//846 220//220 844//844
f 832//832 844//844 203//203
f 846//846 844//844 832//832
f 60//60 834//834 854//854
f 834//834 218//218 857//857
f 854//854 857//857 222//222
f 834//834 857//857 854//854
f 218//218 833//833 836//836
f 833//833 18//18 811//811
f 836//836 811//811 213//213
f 833//833 811//811 836//836
f 222//222 855//855 853//853
f 855//855 213//213 812//812
f 853//853 812//812 59//59
f 855//855 812//812 853//853
f 218//218 836//836 857//857
f 836//836 213//213 855//855
f 857//857 855//855 222//222
f 836//836 855//855 857//857
f 56//56 819//819 773//773
f 819//819 215//215 821//821
f 773//773 821//821 202//202
f 819//819 821//821 773//773
f 215//215 820//820 822//822
f 820//820 59//59 808//808
f 822//822 808//808 212//212
f 820//820 808//808 822//822
f 202//202 810//810 772//772
f 810//810 212//212 807//807
f 772//772 807//807 13//13
f 810//810 807//807 772//772
f 215//215 822//822 821//821
f 822//822 212//212 810//810
f 821//821 810//810 202//202
f 822//822 810//810 821//821
f 60//60 854//854 843//843
f 854//854 222//222 858//858
f 843//843 858//858 220//220
f 854//854 858//858 843//843
f 222//222 853//853 856//856
f 853//853 59//59 820//820
f 856//856 820//820 215//215
f 853//853 820//820 856//856
f 220//220 845//845 842//842
f 845//845 215//215 819//819
f 842//842 819//819 56//56
f 845//845 819//819 842//842
f 222//222 856//856 858//858
f 856//856 215//215 845//845
f 858//858 845//845 220//220
f 856//856 845//845 858//858
f 1//1 643//643 967//967
f 643//643 163//163 969//969
f 967//967 969//969 253//253
f 643//643 969//969 967//967
f 163//163 644//644 974//974
f 644//644 43//43 972//972
f 974//974 972//972 255//255
f 644//644 972//972 974//974
f 253//253 975//975 968//968
f 975//975 255//255 973//973
f 968//968 973//973 70//70
f 975//975 973//973 968//968
f 163//163 974//974 969//969
f 974//974 255//255 975//975
f 969//969 975//975 253//253
f 974//974 975//975 969//969
f 43//43 646//646 986//986
f 646//646 164//164 988//988
f 986//986 988//988 260//260
f 646//646 988//988 986//986
f 164//164 645//645 982//982
f 645//645 13//13 980//980
f 982//982 980//980 258//258
f 645//645 980//980 982//982
f 260//260 990//990 987//987
f 990//990 258//258 981//981
f 987//987 981//981 72//72
f 990//990 981//981 987//987
f 164//164 982//982 988//988
f 982//982 258//258 990//990
f 988//988 990//990 260//260
f 982//982 990//990 988//988
f 70//70 991//991 971//971
f 991//991 261//261 993//993
f 971//971 993//993 254//254
f 991//991 993//993 971//971
f 261//261 992//992 995//995
f 992//992 72//72 984//984
f 995//995 984//984 259//259
f 992//992 984//984 995//995
f 254//254 985//985 970//970
f 985//985 259//259 983//983
f 970//970 983//983 22//22
f 985//985 983//983 970//970
f 261//261 995//995 993//993
f 995//995 259//259 985//985
f 993//993 985//985 254//254
f 995//995 985//985 993//993
f 43//43 986//986 972//972
f 986//986 260//260 989//989
f 972//972 989//989 255//255
f 986//986 989//989 972//972
f 260//260 987//987 996//996
f 987//987 72//72 992//992
f 996//996 992//992 261//261
f 987//987 992//992 996//996
f 255//255 994//994 973//973
f 994//994 261//261 991//991
f 973//973 991//991 70//70
f 994//994 991//991 973//973
f 260//260 996//996 989//989
f 996//996 261//261 994//994
f 989//989 994//994 255//255
f 996//996 994//994 989//989
f 13//13 649//649 1015//1015
f 649//649 166//166 1017//1017
f 1015//1015 1017//1017 268//268
f 649//649 1017//1017 1015//1015
f 166//166 650//650 1024//1024
f 650//650 44//44 1022//1022
f 1024//1024 1022//1022 270//270
f 650//650 1022//1022 1024//1024
f 268//268 1026//1026 1016//1016
f 1026//1026 270//270 1023//1023
f 1016//1016 1023//1023 75//75
f 1026//1026 1023//1023 1016//1016
f 166//166 1024//1024 1017//1017
f 1024//1024 270//270 1026//1026
f 1017//1017 1026//1026 268//268
f 1024//1024 1026//1026 1017//1017
f 44//44 648//648 1002//1002
f 648//648 165//165 1004//1004
f 1002//1002 1004//1004 264//264
f 648//648 1004//1004 1002//1002
f 165//165 647//647 999//999
f 647//647 2//2 997//997
f 999//999 997//997 262//262
f 647//647 997//997 999//999
f 264//264 1005//1005 1003//1003
f 1005//1005 262//262 998//998
f 1003//1003 998//998 73//73
f 1005//1005 998//998 1003//1003
f 165//165 999//999 1004//1004
f 999//999 262//262 1005//1005
f 1004//1004 1005//1005 264//264
f 999//999 1005//1005 1004//1004
f 75//75 1032//1032 1020//1020
f 1032//1032 272//272 1035//1035
f 1020//1020 1035//1035 269//269
f 1032//1032 1035//1035 1020//1020
f 272//272 1031//1031 1033//1033
f 1031//1031 73//73 1001//1001
f 1033//1033 1001//1001 263//263
f 1031//1031 1001//1001 1033//1033
f 269//269 1021//1021 1019//1019
f 1021//1021 263//263 1000//1000
f 1019//1019 1000//1000 23//23
f 1021//1021 1000//1000 1019//1019
f 272//272 1033//1033 1035//1035
f 1033//1033 263//263 1021//1021
f 1035//1035 1021//1021 269//269
f 1033//1033 1021//1021 1035//1035
f 44//44 1002//1002 1022//1022
f 1002//1002 264//264 1025//1025
f 1022//1022 1025//1025 270//270
f 1002//1002 1025//1025 1022//1022
f 264//264 1003//1003 1034//1034
f 1003//1003 73//73 1031//1031
f 1034//1034 1031//1031 272//272
f 1003//1003 1031//1031 1034//1034
f 270//270 1036//1036 1023//1023
f 1036//1036 272//272 1032//1032
f 1023//1023 1032//1032 75//75
f 1036//1036 1032//1032 1023//1023
f 264//264 1034//1034 1025//1025
f 1034//1034 272//272 1036//1036
f 1025//1025 1036//1036 270//270
f 1034//1034 1036//1036 1025//1025
f 22//22 1037//1037 978//978
f 1037//1037 273//273 1039//1039
f 978//978 1039//1039 257//257
f 1037//1037 1039//1039 978//978
f 273//273 1038//1038 1049//1049
f 1038//1038 76//76 1046//1046
f 1049//1049 1046//1046 275//275
f 1038//1038 1046//1046 1049//1049
f 257//257 1047//1047 979//979
f 1047//1047 275//275 1045//1045
f 979//979 1045//1045 71//71
f 1047//1047 1045//1045 979//979
f 273//273 1049//1049 1039//1039
f 1049//1049 275//275 1047//1047
f 1039//1039 1047//1047 257//257
f 1049//1049 1047//1047 1039//1039
f 76//76 1042//1042 1056//1056
f 1042//1042 274//274 1059//1059
f 1056//1056 1059//1059 277//277
f 1042//1042 1059//1059 1056//1056
f 274//274 1041//1041 1043//1043
f 1041//1041 23//23 1009//1009
f 1043//1043 1009//1009 266//266
f 1041//1041 1009//1009 1043//1043
f 277//277 1057//1057 1055//1055
f 1057//1057 266//266 1010//1010
f 1055//1055 1010//1010 74//74
f 1057//1057 1010//1010 1055//1055
f 274//274 1043//1043 1059//1059
f 1043//1043 266//266 1057//1057
f 1059//1059 1057//1057 277//277
f 1043//1043 1057//1057 1059//1059
f 71//71 1011//1011 977//977
f 1011//1011 267//267 1013//1013
f 977//977 1013//1013 256//256
f 1011//1011 1013//1013 977//977
f 267//267 1012//1012 1014//1014
f 1012//1012 74//74 1007//1007
f 1014//1014 1007//1007 265//265
f 1012//1012 1007//1007 1014//1014
f 256//256 1008//1008 976//976
f 1008//1008 265//265 1006//1006
f 976//976 1006//1006 8//8
f 1008//1008 1006//1006 976//976
f 267//267 1014//1014 1013//1013
f 1014//1014 265//265 1008//1008
f 1013//1013 1008//1008 256//256
f 1014//1014 1008//1008 1013//1013
f 76//76 1056//1056 1046//1046
f 1056//1056 277//277 1060//1060
f 1046//1046 1060//1060 275//275
f 1056//1056 1060//1060 1046//1046
f 277//277 1055//1055 1058//1058
f 1055//1055 74//74 1012//1012
f 1058//1058 1012//1012 267//267
f 1055//1055 1012//1012 1058//1058
f 275//275 1048//1048 1045//1045
f 1048//1048 267//267 1011//1011
f 1045//1045 1011//1011 71//71
f 1048//1048 1011//1011 1045//1045
f 277//277 1058//1058 1060//1060
f 1058//1058 267//267 1048//1048
f 1060//1060 1048//1048 275//275
f 1058//1058 1048//1048 1060//1060
f 13//13 1015//1015 980//980
f 1015//1015 268//268 1018//1018
f 980//980 1018//1018 258//258
f 1015//1015 1018//1018 980//980
f 268//268 1016//1016 1030//1030
f 1016//1016 75//75 1028//1028
f 1030//1030 1028//1028 271//271
f 1016//1016 1028//1028 1030//1030
f 258//258 1029//1029 981//981
f 1029//1029 271//271 1027//1027
f 981//981 1027//1027 72//72
f 1029//1029 1027//1027 981//981
f 268//268 1030//1030 1018//1018
f 1030//1030 271//271 1029//1029
f 1018//1018 1029//1029 258//258
f 1030//1030 1029//1029 1018//1018
f 75//75 1020//1020 1061//1061
f 1020//1020 269//269 1063//1063
f 1061//1061 1063//1063 278//278
f 1020//1020 1063//1063 1061//1061
f 269//269 1019//1019 1044//1044
f 1019//1019 23//23 1041//1041
f 1044//1044 1041//1041 274//274
f 1019//1019 1041//1041 1044//1044
f 278//278 1065//1065 1062//1062
f 1065//1065 274//274 1042//1042
f 1062//1062 1042//1042 76//76
f 1065//1065 1042//1042 1062//1062
f 269//269 1044//1044 1063//1063
f 1044//1044 274//274 1065//1065
f 1063//1063 1065//1065 278//278
f 1044//1044 1065//1065 1063//1063
f 72//72 1050//1050 984//984
f 1050//1050 276//276 1052//1052
f 984//984 1052//1052 259//259
f 1050//1050 1052//1052 984//984
f 276//276 1051//1051 1054//1054
f 1051//1051 76//76 1038//1038
f 1054//1054 1038//1038 273//273
f 1051//1051 1038//1038 1054//1054
f 259//259 1040//1040 983//983
f 1040//1040 273//273 1037//1037
f 983//983 1037//1037 22//22
f 1040//1040 1037//1037 983//983
f 276//276 1054//1054 1052//1052
f 1054//1054 273//273 1040//1040
f 1052//1052 1040//1040 259//259
f 1054//1054 1040//1040 1052//1052
f 75//75 1061//1061 1028//1028
f 1061//1061 278//278 1064//1064
f 1028//1028 1064//1064 271//271
f 1061//1061 1064//1064 1028//1028
f 278//278 1062//1062 1066//1066
f 1062//1062 76//76 1051//1051
f 1066//1066 1051//1051 276//276
f 1062//1062 1051//1051 1066//1066
f 271//271 1053//1053 1027//1027
f 1053//1053 276//276 1050//1050
f 1027//1027 1050//1050 72//72
f 1053//1053 1050//1050 1027//1027
f 278//278 1066//1066 1064//1064
f 1066//1066 276//276 1053//1053
f 1064//1064 1053//1053 271//271
f 1066//1066 1053//1053 1064//1064
f 1//1 967//967 1819//1819
f 967//967 253//253 1821//1821
f 1819//1819 1821//1821 463//463
f 967//967 1821//1821 1819//1819
f 253//253 968//968 1826//1826
f 968//968 70//70 1824//1824
f 1826//1826 1824//1824 465//465
f 968//968 1824//1824 1826//1826
f 463//463 1827//1827 1820//1820
f 1827//1827 465//465 1825//1825
f 1820//1820 1825//1825 121//121
f 1827//1827 1825//1825 1820//1820
f 253//253 1826//1826 1821//1821
f 1826//1826 465//465 1827//1827
f 1821//1821 1827//1827 463//463
f 1826//1826 1827//1827 1821//1821
f 70//70 971//971 1838//1838
f 971//971 254//254 1840//1840
f 1838//1838 1840//1840 470//470
f 971//971 1840//1840 1838//1838
f 254//254 970//970 1834//1834
f 970//970 22//22 1832//1832
f 1834//1834 1832//1832 468//468
f 970//970 1832//1832 1834//1834
f 470//470 1842//1842 1839//1839
f 1842//1842 468//468 1833//1833
f 1839//1839 1833//1833 123//123
f 1842//1842 1833//1833 1839//1839
f 254//254 1834//1834 1840//1840
f 1834//1834 468//468 1842//1842
f 1840//1840 1842//1842 470//470
f 1834//1834 1842//1842 1840//1840
f 121//121 1843//1843 1823//1823
f 1843//1843 471//471 1845//1845
f 1823//1823 1845//1845 464//464
f 1843//1843 1845//1845 1823//1823
f 471//471 1844//1844 1847//1847
f 1844//1844 123//123 1836//1836
f 1847//1847 1836//1836 469//469
f 1844//1844 1836//1836 1847//1847
f 464//464 1837//1837 1822//1822
f 1837//1837 469//469 1835//1835
f 1822//1822 1835//1835 34//34
f 1837//1837 1835//1835 1822//1822
f 471//471 1847//1847 1845//1845
f 1847//1847 469//469 1837//1837
f 1845//1845 1837//1837 464//464
f 1847//1847 1837//1837 1845//1845
f 70//70 1838//1838 1824//1824
f 1838//1838 470//470 1841//1841
f 1824//1824 1841//1841 465//465
f 1838//1838 1841//1841 1824//1824
f 470//470 1839//1839 1848//1848
f 1839//1839 123//123 1844//1844
f 1848//1848 1844//1844 471//471
f 1839//1839 1844//1844 1848//1848
f 465//465 1846//1846 1825//1825
f 1846//1846 471//471 1843//1843
f 1825//1825 1843//1843 121//121
f 1846//1846 1843//1843 1825//1825
f 470//470 1848//1848 1841//1841
f 1848//1848 471//471 1846//1846
f 1841//1841 1846//1846 465//465
f 1848//1848 1846//1846 1841//1841
f 22//22 978//978 1999//1999
f 978//978 257//257 2001//2001
f 1999//1999 2001//2001 511//511
f 978//978 2001//2001 1999//1999
f 257//257 979//979 2008//2008
f 979//979 71//71 2006//2006
f 2008//2008 2006//2006 513//513
f 979//979 2006//2006 2008//2008
f 511//511 2010//2010 2000//2000
f 2010//2010 513//513 2007//2007
f 2000//2000 2007//2007 134//134
f 2010//2010 2007//2007 2000//2000
f 257//257 2008//2008 2001//2001
f 2008//2008 513//513 2010//2010
f 2001//2001 2010//2010 511//511
f 2008//2008 2010//2010 2001//2001
f 71//71 977//977 1977//1977
f 977//977 256//256 1979//1979
f 1977//1977 1979//1979 505//505
f 977//977 1979//1979 1977//1977
f 256//256 976//976 1973//1973
f 976//976 8//8 1971//1971
f 1973//1973 1971//1971 503//503
f 976//976 1971//1971 1973//1973
f 505//505 1980//1980 1978//1978
f 1980//1980 503//503 1972//1972
f 1978//1978 1972//1972 132//132
f 1980//1980 1972//1972 1978//1978
f 256//256 1973//1973 1979//1979
f 1973//1973 503//503 1980//1980
f 1979//1979 1980//1980 505//505
f 1973//1973 1980//1980 1979//1979
f 134//134 2016//2016 2004//2004
f 2016//2016 515//515 2019//2019
f 2004//2004 2019//2019 512//512
f 2016//2016 2019//2019 2004//2004
f 515//515 2015//2015 2017//2017
f 2015//2015 132//132 1976//1976
f 2017//2017 1976//1976 504//504
f 2015//2015 1976//1976 2017//2017
f 512//512 2005//2005 2003//2003
f 2005//2005 504//504 1975//1975
f 2003//2003 1975//1975 37//37
f 2005//2005 1975//1975 2003//2003
f 515//515 2017//2017 2019//2019
f 2017//2017 504//504 2005//2005
f 2019//2019 2005//2005 512//512
f 2017//2017 2005//2005 2019//2019
f 71//71 1977//1977 2006//2006
f 1977//1977 505//505 2009//2009
f 2006//2006 2009//2009 513//513
f 1977//1977 2009//2009 2006//2006
f 505//505 1978//1978 2018//2018
f 1978//1978 132//132 2015//2015
f 2018//2018 2015//2015 515//515
f 1978//1978 2015//2015 2018//2018
f 513//513 2020//2020 2007//2007
f 2020//2020 515//515 2016//2016
f 2007//2007 2016//2016 134//134
f 2020//2020 2016//2016 2007//2007
f 505//505 2018//2018 2009//2009
f 2018//2018 515//515 2020//2020
f 2009//2009 2020//2020 513//513
f 2018//2018 2020//2020 2009//2009
f 34//34 2043//2043 1830//1830
f 2043//2043 521//521 2045//2045
f 1830//1830 2045//2045 467//467
f 2043//2043 2045//2045 1830//1830
f 521//521 2044//2044 2055//2055
f 2044//2044 136//136 2052//2052
f 2055//2055 2052//2052 523//523
f 2044//2044 2052//2052 2055//2055
f 467//467 2053//2053 1831//1831
f 2053//2053 523//523 2051//2051
f 1831//1831 2051//2051 122//122
f 2053//2053 2051//2051 1831//1831
f 521//521 2055//2055 2045//2045
f 2055//2055 523//523 2053//2053
f 2045//2045 2053//2053 467//467
f 2055//2055 2053//2053 2045//2045
f 136//136 2048//2048 2062//2062
f 2048//2048 522//522 2065//2065
f 2062//2062 2065//2065 525//525
f 2048//2048 2065//2065 2062//2062
f 522//522 2047//2047 2049//2049
f 2047//2047 37//37 1989//1989
f 2049//2049 1989//1989 508//508
f 2047//2047 1989//1989 2049//2049
f 525//525 2063//2063 2061//2061
f 2063//2063 508//508 1990//1990
f 2061//2061 1990//1990 133//133
f 2063//2063 1990//1990 2061//2061
f 522//522 2049//2049 2065//2065
f 2049//2049 508//508 2063//2063
f 2065//2065 2063//2063 525//525
f 2049//2049 2063//2063 2065//2065
f 122//122 1991//1991 1829//1829
f 1991//1991 509//509 1993//1993
f 1829//1829 1993//1993 466//466
f 1991//1991 1993//1993 1829//1829
f 509//509 1992//1992 1994//1994
f 1992//1992 133//133 1986//1986
f 1994//1994 1986//1986 507//507
f 1992//1992 1986//1986 1994//1994
f 466//466 1987//1987 1828//1828
f 1987//1987 507//507 1985//1985
f 1828//1828 1985//1985 11//11
f 1987//1987 1985//1985 1828//1828
f 509//509 1994//1994 1993//1993
f 1994//1994 507//507 1987//1987
f 1993//1993 1987//1987 466//466
f 1994//1994 1987//1987 1993//1993
f 136//136 2062//2062 2052//2052
f 2062//2062 525//525 2066//2066
f 2052//2052 2066//2066 523//523
f 2062//2062 2066//2066 2052//2052
f 525//525 2061//2061 2064//2064
f 2061//2061 133//133 1992//1992
f 2064//2064 1992//1992 509//509
f 2061//2061 1992//1992 2064//2064
f 523//523 2054//2054 2051//2051
f 2054//2054 509//509 1991//1991
f 2051//2051 1991//1991 122//122
f 2054//2054 1991//1991 2051//2051
f 525//525 2064//2064 2066//2066
f 2064//2064 509//509 2054//2054
f 2066//2066 2054//2054 523//523
f 2064//2064 2054//2054 2066//2066
f 22//22 1999//1999 1832//1832
f 1999//1999 511//511 2002//2002
f 1832//1832 2002//2002 468//468
f 1999//1999 2002//2002 1832//1832
f 511//511 2000//2000 2014//2014
f 2000//2000 134//134 2012//2012
f 2014//2014 2012//2012 514//514
f 2000//2000 2012//2012 2014//2014
f 468//468 2013//2013 1833//1833
f 2013//2013 514//514 2011//2011
f 1833//1833 2011//2011 123//123
f 2013//2013 2011//2011 1833//1833
f 511//511 2014//2014 2002//2002
f 2014//2014 514//514 2013//2013
f 2002//2002 2013//2013 468//468
f 2014//2014 2013//2013 2002//2002
f 134//134 2004//2004 2067//2067
f 2004//2004 512//512 2069//2069
f 2067//2067 2069//2069 526//526
f 2004//2004 2069//2069 2067//2067
f 512//512 2003//2003 2050//2050
f 2003//2003 37//37 2047//2047
f 2050//2050 2047//2047 522//522
f 2003//2003 2047//2047 2050//2050
f 526//526 2071//2071 2068//2068
f 2071//2071 522//522 2048//2048
f 2068//2068 2048//2048 136//136
f 2071//2071 2048//2048 2068//2068
f 512//512 2050//2050 2069//2069
f 2050//2050 522//522 2071//2071
f 2069//2069 2071//2071 526//526
f 2050//2050 2071//2071 2069//2069
f 123//123 2056//2056 1836//1836
f 2056//2056 524//524 2058//2058
f 1836//1836 2058//2058 469//469
f 2056//2056 2058//2058 1836//1836
f 524//524 2057//2057 2060//2060
f 2057//2057 136//136 2044//2044
f 2060//2060 2044//2044 521//521
f 2057//2057 2044//2044 2060//2060
f 469//469 2046//2046 1835//1835
f 2046//2046 521//521 2043//2043
f 1835//1835 2043//2043 34//34
f 2046//2046 2043//2043 1835//1835
f 524//524 2060//2060 2058//2058
f 2060//2060 521//521 2046//2046
f 2058//2058 2046//2046 469//469
f 2060//2060 2046//2046 2058//2058
f 134//134 2067//2067 2012//2012
f 2067//2067 526//526 2070//2070
f 2012//2012 2070//2070 514//514
f 2067//2067 2070//2070 2012//2012
f 526//526 2068//2068 2072//2072
f 2068//2068 136//136 2057//2057
f 2072//2072 2057//2057 524//524
f 2068//2068 2057//2057 2072//2072
f 514//514 2059//2059 2011//2011
f 2059//2059 524//524 2056//2056
f 2011//2011 2056//2056 123//123
f 2059//2059 2056//2056 2011//2011
f 526//526 2072//2072 2070//2070
f 2072//2072 524//524 2059//2059
f 2070//2070 2059//2059 514//514
f 2072//2072 2059//2059 2070//2070
f 1//1 1819//1819 2103//2103
f 1819//1819 463//463 2106//2106
f 2103//2103 2106//2106 533//533
f 1819//1819 2106//2106 2103//2103
f 463//463 1820//1820 2115//2115
f 1820//1820 121//121 2113//2113
f 2115//2115 2113//2113 536//536
f 1820//1820 2113//2113 2115//2115
f 533//533 2116//2116 2104//2104
f 2116//2116 536//536 2114//2114
f 2104//2104 2114//2114 138//138
f 2116//2116 2114//2114 2104//2104
f 463//463 2115//2115 2106//2106
f 2115//2115 536//536 2116//2116
f 2106//2106 2116//2116 533//533
f 2115//2115 2116//2116 2106//2106
f 121//121 1823//1823 2144//2144
f 1823//1823 464//464 2146//2146
f 2144//2144 2146//2146 545//545
f 1823//1823 2146//2146 2144//2144
f 464//464 1822//1822 2140//2140
f 1822//1822 34//34 2138//2138
f 2140//2140 2138//2138 543//543
f 1822//1822 2138//2138 2140//2140
f 545//545 2148//2148 2145//2145
f 2148//2148 543//543 2139//2139
f 2145//2145 2139//2139 141//141
f 2148//2148 2139//2139 2145//2145
f 464//464 2140//2140 2146//2146
f 2140//2140 543//543 2148//2148
f 2146//2146 2148//2148 545//545
f 2140//2140 2148//2148 2146//2146
f 138//138 2149//2149 2108//2108
f 2149//2149 546//546 2151//2151
f 2108//2108 2151//2151 534//534
f 2149//2149 2151//2151 2108//2108
f 546//546 2150//2150 2153//2153
f 2150//2150 141//141 2142//2142
f 2153//2153 2142//2142 544//544
f 2150//2150 2142//2142 2153//2153
f 534//534 2143//2143 2107//2107
f 2143//2143 544//544 2141//2141
f 2107//2107 2141//2141 38//38
f 2143//2143 2141//2141 2107//2107
f 546//546 2153//2153 2151//2151
f 2153//2153 544//544 2143//2143
f 2151//2151 2143//2143 534//534
f 2153//2153 2143//2143 2151//2151
f 121//121 2144//2144 2113//2113
f 2144//2144 545//545 2147//2147
f 2113//2113 2147//2147 536//536
f 2144//2144 2147//2147 2113//2113
f 545//545 2145//2145 2154//2154
f 2145//2145 141//141 2150//2150
f 2154//2154 2150//2150 546//546
f 2145//2145 2150//2150 2154//2154
f 536//536 2152//2152 2114//2114
f 2152//2152 546//546 2149//2149
f 2114//2114 2149//2149 138//138
f 2152//2152 2149//2149 2114//2114
f 545//545 2154//2154 2147//2147
f 2154//2154 546//546 2152//2152
f 2147//2147 2152//2152 536//536
f 2154//2154 2152//2152 2147//2147
f 34//34 1830//1830 2459//2459
f 1830//1830 467//467 2461//2461
f 2459//2459 2461//2461 621//621
f 1830//1830 2461//2461 2459//2459
f 467//467 1831//1831 2468//2468
f 1831//1831 122//122 2466//2466
f 2468//2468 2466//2466 623//623
f 1831//1831 2466//2466 2468//2468
f 621//621 2470//2470 2460//2460
f 2470//2470 623//623 2467//2467
f 2460//2460 2467//2467 159//159
f 2470//2470 2467//2467 2460//2460
f 467//467 2468//2468 2461//2461
f 2468//2468 623//623 2470//2470
f 2461//2461 2470//2470 621//621
f 2468//2468 2470//2470 2461//2461
f 122//122 1829//1829 2437//2437
f 1829//1829 466//466 2439//2439
f 2437//2437 2439//2439 615//615
f 1829//1829 2439//2439 2437//2437
f 466//466 1828//1828 2433//2433
f 1828//1828 11//11 2431//2431
f 2433//2433 2431//2431 613//613
f 1828//1828 2431//2431 2433//2433
f 615//615 2440//2440 2438//2438
f 2440//2440 613//613 2432//2432
f 2438//2438 2432//2432 157//157
f 2440//2440 2432//2432 2438//2438
f 466//466 2433//2433 2439//2439
f 2433//2433 613//613 2440//2440
f 2439//2439 2440//2440 615//615
f 2433//2433 2440//2440 2439//2439
f 159//159 2476//2476 2464//2464
f 2476//2476 625//625 2479//2479
f 2464//2464 2479//2479 622//622
f 2476//2476 2479//2479 2464//2464
f 625//625 2475//2475 2477//2477
f 2475//2475 157//157 2436//2436
f 2477//2477 2436//2436 614//614
f 2475//2475 2436//2436 2477//2477
f 622//622 2465//2465 2463//2463
f 2465//2465 614//614 2435//2435
f 2463//2463 2435//2435 42//42
f 2465//2465 2435//2435 2463//2463
f 625//625 2477//2477 2479//2479
f 2477//2477 614//614 2465//2465
f 2479//2479 2465//2465 622//622
f 2477//2477 2465//2465 2479//2479
f 122//122 2437//2437 2466//2466
f 2437//2437 615//615 2469//2469
f 2466//2466 2469//2469 623//623
f 2437//2437 2469//2469 2466//2466
f 615//615 2438//2438 2478//2478
f 2438//2438 157//157 2475//2475
f 2478//2478 2475//2475 625//625
f 2438//2438 2475//2475 2478//2478
f 623//623 2480//2480 2467//2467
f 2480//2480 625//625 2476//2476
f 2467//2467 2476//2476 159//159
f 2480//2480 2476//2476 2467//2467
f 615//615 2478//2478 2469//2469
f 2478//2478 625//625 2480//2480
f 2469//2469 2480//2480 623//623
f 2478//2478 2480//2480 2469//2469
f 38//38 2503//2503 2119//2119
f 2503//2503 631//631 2505//2505
f 2119//2119 2505//2505 538//538
f 2503//2503 2505//2505 2119//2119
f 631//631 2504//2504 2515//2515
f 2504//2504 161//161 2512//2512
f 2515//2515 2512//2512 633//633
f 2504//2504 2512//2512 2515//2515
f 538//538 2513//2513 2120//2120
f 2513//2513 633//633 2511//2511
f 2120//2120 2511//2511 139//139
f 2513//2513 2511//2511 2120//2120
f 631//631 2515//2515 2505//2505
f 2515//2515 633//633 2513//2513
f 2505//2505 2513//2513 538//538
f 2515//2515 2513//2513 2505//2505
f 161//161 2508//2508 2522//2522
f 2508//2508 632//632 2525//2525
f 2522//2522 2525//2525 635//635
f 2508//2508 2525//2525 2522//2522
f 632//632 2507//2507 2509//2509
f 2507//2507 42//42 2449//2449
f 2509//2509 2449//2449 618//618
f 2507//2507 2449//2449 2509//2509
f 635//635 2523//2523 2521//2521
f 2523//2523 618//618 2450//2450
f 2521//2521 2450//2450 158//158
f 2523//2523 2450//2450 2521//2521
f 632//632 2509//2509 2525//2525
f 2509//2509 618//618 2523//2523
f 2525//2525 2523//2523 635//635
f 2509//2509 2523//2523 2525//2525
f 139//139 2451//2451 2118//2118
f 2451//2451 619//619 2453//2453
f 2118//2118 2453//2453 537//537
f 2451//2451 2453//2453 2118//2118
f 619//619 2452//2452 2454//2454
f 2452//2452 158//158 2446//2446
f 2454//2454 2446//2446 617//617
f 2452//2452 2446//2446 2454//2454
f 537//537 2447//2447 2117//2117
f 2447//2447 617//617 2445//2445
f 2117//2117 2445//2445 12//12
f 2447//2447 2445//2445 2117//2117
f 619//619 2454//2454 2453//2453
f 2454//2454 617//617 2447//2447
f 2453//2453 2447//2447 537//537
f 2454//2454 2447//2447 2453//2453
f 161//161 2522//2522 2512//2512
f 2522//2522 635//635 2526//2526
f 2512//2512 2526//2526 633//633
f 2522//2522 2526//2526 2512//2512
f 635//635 2521//2521 2524//2524
f 2521//2521 158//158 2452//2452
f 2524//2524 2452//2452 619//619
f 2521//2521 2452//2452 2524//2524
f 633//633 2514//2514 2511//2511
f 2514//2514 619//619 2451//2451
f 2511//2511 2451//2451 139//139
f 2514//2514 2451//2451 2511//2511
f 635//635 2524//2524 2526//2526
f 2524//2524 619//619 2514//2514
f 2526//2526 2514//2514 633//633
f 2524//2524 2514//2514 2526//2526
f 34//34 2459//2459 2138//2138
f 2459//2459 621//621 2462//2462
f 2138//2138 2462//2462 543//543
f 2459//2459 2462//2462 2138//2138
f 621//621 2460//2460 2474//2474
f 2460//2460 159//159 2472//2472
f 2474//2474 2472//2472 624//624
f 2460//2460 2472//2472 2474//2474
f 543//543 2473//2473 2139//2139
f 2473//2473 624//624 2471//2471
f 2139//2139 2471//2471 141//141
f 2473//2473 2471//2471 2139//2139
f 621//621 2474//2474 2462//2462
f 2474//2474 624//624 2473//2473
f 2462//2462 2473//2473 543//543
f 2474//2474 2473//2473 2462//2462
f 159//159 2464//2464 2527//2527
f 2464//2464 622//622 2529//2529
f 2527//2527 2529//2529 636//636
f 2464//2464 2529//2529 2527//2527
f 622//622 2463//2463 2510//2510
f 2463//2463 42//42 2507//2507
f 2510//2510 2507//2507 632//632
f 2463//2463 2507//2507 2510//2510
f 636//636 2531//2531 2528//2528
f 2531//2531 632//632 2508//2508
f 2528//2528 2508//2508 161//161
f 2531//2531 2508//2508 2528//2528
f 622//622 2510//2510 2529//2529
f 2510//2510 632//632 2531//2531
f 2529//2529 2531//2531 636//636
f 2510//2510 2531//2531 2529//2529
f 141//141 2516//2516 2142//2142
f 2516//2516 634//634 2518//2518
f 2142//2142 2518//2518 544//544
f 2516//2516 2518//2518 2142//2142
f 634//634 2517//2517 2520//2520
f 2517//2517 161//161 2504//2504
f 2520//2520 2504//2504 631//631
f 2517//2517 2504//2504 2520//2520
f 544//544 2506//2506 2141//2141
f 2506//2506 631//631 2503//2503
f 2141//2141 2503//2503 38//38
f 2506//2506 2503//2503 2141//2141
f 634//634 2520//2520 2518//2518
f 2520//2520 631//631 2506//2506
f 2518//2518 2506//2506 544//544
f 2520//2520 2506//2506 2518//2518
f 159//159 2527//2527 2472//2472
f 2527//2527 636//636 2530//2530
f 2472//2472 2530//2530 624//624
f 2527//2527 2530//2530 2472//2472
f 636//636 2528//2528 2532//2532
f 2528//2528 161//161 2517//2517
f 2532//2532 2517//2517 634//634
f 2528//2528 2517//2517 2532//2532
f 624//624 2519//2519 2471//2471
f 2519//2519 634//634 2516//2516
f 2471//2471 2516//2516 141//141
f 2519//2519 2516//2516 2471//2471
f 636//636 2532//2532 2530//2530
f 2532//2532 634//634 2519//2519
f 2530//2530 2519//2519 624//624
f 2532//2532 2519//2519 2530//2530
f 2//2 789//789 1359//1359
f 789//789 206//206 1361//1361
f 1359//1359 1361//1361 353//353
f 789//789 1361//1361 1359//1359
f 206//206 790//790 1367//1367
f 790//790 57//57 1365//1365
f 1367//1367 1365//1365 355//355
f 790//790 1365//1365 1367//1367
f 353//353 1368//1368 1360//1360
f 1368//1368 355//355 1366//1366
f 1360//1360 1366//1366 96//96
f 1368//1368 1366//1366 1360//1360
f 206//206 1367//1367 1361//1361
f 1367//1367 355//355 1368//1368
f 1361//1361 1368//1368 353//353
f 1367//1367 1368//1368 1361//1361
f 57//57 793//793 1383//1383
f 793//793 207//207 1385//1385
f 1383//1383 1385//1385 361//361
f 793//793 1385//1385 1383//1383
f 207//207 792//792 1379//1379
f 792//792 18//18 1377//1377
f 1379//1379 1377//1377 359//359
f 792//792 1377//1377 1379//1379
f 361//361 1387//1387 1384//1384
f 1387//1387 359//359 1378//1378
f 1384//1384 1378//1378 98//98
f 1387//1387 1378//1378 1384//1384
f 207//207 1379//1379 1385//1385
f 1379//1379 359//359 1387//1387
f 1385//1385 1387//1387 361//361
f 1379//1379 1387//1387 1385//1385
f 96//96 1388//1388 1364//1364
f 1388//1388 362//362 1390//1390
f 1364//1364 1390//1390 354//354
f 1388//1388 1390//1390 1364//1364
f 362//362 1389//1389 1392//1392
f 1389//1389 98//98 1381//1381
f 1392//1392 1381//1381 360//360
f 1389//1389 1381//1381 1392//1392
f 354//354 1382//1382 1363//1363
f 1382//1382 360//360 1380//1380
f 1363//1363 1380//1380 29//29
f 1382//1382 1380//1380 1363//1363
f 362//362 1392//1392 1390//1390
f 1392//1392 360//360 1382//1382
f 1390//1390 1382//1382 354//354
f 1392//1392 1382//1382 1390//1390
f 57//57 1383//1383 1365//1365
f 1383//1383 361//361 1386//1386
f 1365//1365 1386//1386 355//355
f 1383//1383 1386//1386 1365//1365
f 361//361 1384//1384 1393//1393
f 1384//1384 98//98 1389//1389
f 1393//1393 1389//1389 362//362
f 1384//1384 1389//1389 1393//1393
f 355//355 1391//1391 1366//1366
f 1391//1391 362//362 1388//1388
f 1366//1366 1388//1388 96//96
f 1391//1391 1388//1388 1366//1366
f 361//361 1393//1393 1386//1386
f 1393//1393 362//362 1391//1391
f 1386//1386 1391//1391 355//355
f 1393//1393 1391//1391 1386//1386
f 18//18 801//801 1583//1583
f 801//801 210//210 1585//1585
f 1583//1583 1585//1585 411//411
f 801//801 1585//1585 1583//1583
f 210//210 802//802 1592//1592
f 802//802 58//58 1590//1590
f 1592//1592 1590//1590 413//413
f 802//802 1590//1590 1592//1592
f 411//411 1594//1594 1584//1584
f 1594//1594 413//413 1591//1591
f 1584//1584 1591//1591 111//111
f 1594//1594 1591//1591 1584//1584
f 210//210 1592//1592 1585//1585
f 1592//1592 413//413 1594//1594
f 1585//1585 1594//1594 411//411
f 1592//1592 1594//1594 1585//1585
f 58//58 799//799 1561//1561
f 799//799 209//209 1563//1563
f 1561//1561 1563//1563 405//405
f 799//799 1563//1563 1561//1561
f 209//209 798//798 1557//1557
f 798//798 6//6 1555//1555
f 1557//1557 1555//1555 403//403
f 798//798 1555//1555 1557//1557
f 405//405 1564//1564 1562//1562
f 1564//1564 403//403 1556//1556
f 1562//1562 1556//1556 109//109
f 1564//1564 1556//1556 1562//1562
f 209//209 1557//1557 1563//1563
f 1557//1557 403//403 1564//1564
f 1563//1563 1564//1564 405//405
f 1557//1557 1564//1564 1563//1563
f 111//111 1600//1600 1588//1588
f 1600//1600 415//415 1603//1603
f 1588//1588 1603//1603 412//412
f 1600//1600 1603//1603 1588//1588
f 415//415 1599//1599 1601//1601
f 1599//1599 109//109 1560//1560
f 1601//1601 1560//1560 404//404
f 1599//1599 1560//1560 1601//1601
f 412//412 1589//1589 1587//1587
f 1589//1589 404//404 1559//1559
f 1587//1587 1559//1559 32//32
f 1589//1589 1559//1559 1587//1587
f 415//415 1601//1601 1603//1603
f 1601//1601 404//404 1589//1589
f 1603//1603 1589//1589 412//412
f 1601//1601 1589//1589 1603//1603
f 58//58 1561//1561 1590//1590
f 1561//1561 405//405 1593//1593
f 1590//1590 1593//1593 413//413
f 1561//1561 1593//1593 1590//1590
f 405//405 1562//1562 1602//1602
f 1562//1562 109//109 1599//1599
f 1602//1602 1599//1599 415//415
f 1562//1562 1599//1599 1602//1602
f 413//413 1604//1604 1591//1591
f 1604//1604 415//415 1600//1600
f 1591//1591 1600//1600 111//111
f 1604//1604 1600//1600 1591//1591
f 405//405 1602//1602 1593//1593
f 1602//1602 415//415 1604//1604
f 1593//1593 1604//1604 413//413
f 1602//1602 1604//1604 1593//1593
f 29//29 1627//1627 1375//1375
f 1627//1627 421//421 1629//1629
f 1375//1375 1629//1629 358//358
f 1627//1627 1629//1629 1375//1375
f 421//421 1628//1628 1639//1639
f 1628//1628 113//113 1636//1636
f 1639//1639 1636//1636 423//423
f 1628//1628 1636//1636 1639//1639
f 358//358 1637//1637 1376//1376
f 1637//1637 423//423 1635//1635
f 1376//1376 1635//1635 97//97
f 1637//1637 1635//1635 1376//1376
f 421//421 1639//1639 1629//1629
f 1639//1639 423//423 1637//1637
f 1629//1629 1637//1637 358//358
f 1639//1639 1637//1637 1629//1629
f 113//113 1632//1632 1646//1646
f 1632//1632 422//422 1649//1649
f 1646//1646 1649//1649 425//425
f 1632//1632 1649//1649 1646//1646
f 422//422 1631//1631 1633//1633
f 1631//1631 32//32 1573//1573
f 1633//1633 1573//1573 408//408
f 1631//1631 1573//1573 1633//1633
f 425//425 1647//1647 1645//1645
f 1647//1647 408//408 1574//1574
f 1645//1645 1574//1574 110//110
f 1647//1647 1574//1574 1645//1645
f 422//422 1633//1633 1649//1649
f 1633//1633 408//408 1647//1647
f 1649//1649 1647//1647 425//425
f 1633//1633 1647//1647 1649//1649
f 97//97 1575//1575 1374//1374
f 1575//1575 409//409 1577//1577
f 1374//1374 1577//1577 357//357
f 1575//1575 1577//1577 1374//1374
f 409//409 1576//1576 1578//1578
f 1576//1576 110//110 1570//1570
f 1578//1578 1570//1570 407//407
f 1576//1576 1570//1570 1578//1578
f 357//357 1571//1571 1373//1373
f 1571//1571 407//407 1569//1569
f 1373//1373 1569//1569 10//10
f 1571//1571 1569//1569 1373//1373
f 409//409 1578//1578 1577//1577
f 1578//1578 407//407 1571//1571
f 1577//1577 1571//1571 357//357
f 1578//1578 1571//1571 1577//1577
f 113//113 1646//1646 1636//1636
f 1646//1646 425//425 1650//1650
f 1636//1636 1650//1650 423//423
f 1646//1646 1650//1650 1636//1636
f 425//425 1645//1645 1648//1648
f 1645//1645 110//110 1576//1576
f 1648//1648 1576//1576 409//409
f 1645//1645 1576//1576 1648//1648
f 423//423 1638//1638 1635//1635
f 1638//1638 409//409 1575//1575
f 1635//1635 1575//1575 97//97
f 1638//1638 1575//1575 1635//1635
f 425//425 1648//1648 1650//1650
f 1648//1648 409//409 1638//1638
f 1650//1650 1638//1638 423//423
f 1648//1648 1638//1638 1650//1650
f 18//18 1583//1583 1377//1377
f 1583//1583 411//411 1586//1586
f 1377//1377 1586//1586 359//359
f 1583//1583 1586//1586 1377//1377
f 411//411 1584//1584 1598//1598
f 1584//1584 111//111 1596//1596
f 1598//1598 1596//1596 414//414
f 1584//1584 1596//1596 1598//1598
f 359//359 1597//1597 1378//1378
f 1597//1597 414//414 1595//1595
f 1378//1378 1595//1595 98//98
f 1597//1597 1595//1595 1378//1378
f 411//411 1598//1598 1586//1586
f 1598//1598 414//414 1597//1597
f 1586//1586 1597//1597 359//359
f 1598//1598 1597//1597 1586//1586
f 111//111 1588//1588 1651//1651
f 1588//1588 412//412 1653//1653
f 1651//1651 1653//1653 426//426
f 1588//1588 1653//1653 1651//1651
f 412//412 1587//1587 1634//1634
f 1587//1587 32//32 1631//1631
f 1634//1634 1631//1631 422//422
f 1587//1587 1631//1631 1634//1634
f 426//426 1655//1655 1652//1652
f 1655//1655 422//422 1632//1632
f 1652//1652 1632//1632 113//113
f 1655//1655 1632//1632 1652//1652
f 412//412 1634//1634 1653//1653
f 1634//1634 422//422 1655//1655
f 1653//1653 1655//1655 426//426
f 1634//1634 1655//1655 1653//1653
f 98//98 1640//1640 1381//1381
f 1640//1640 424//424 1642//1642
f 1381//1381 1642//1642 360//360
f 1640//1640 1642//1642 1381//1381
f 424//424 1641//1641 1644//1644
f 1641//1641 113//113 1628//1628
f 1644//1644 1628//1628 421//421
f 1641//1641 1628//1628 1644//1644
f 360//360 1630//1630 1380//1380
f 1630//1630 421//421 1627//1627
f 1380//1380 1627//1627 29//29
f 1630//1630 1627//1627 1380//1380
f 424//424 1644//1644 1642//1642
f 1644//1644 421//421 1630//1630
f 1642//1642 1630//1630 360//360
f 1644//1644 1630//1630 1642//1642
f 111//111 1651//1651 1596//1596
f 1651//1651 426//426 1654//1654
f 1596//1596 1654//1654 414//414
f 1651//1651 1654//1654 1596//1596
f 426//426 1652//1652 1656//1656
f 1652//1652 113//113 1641//1641
f 1656//1656 1641//1641 424//424
f 1652//1652 1641//1641 1656//1656
f 414//414 1643//1643 1595//1595
f 1643//1643 424//424 1640//1640
f 1595//1595 1640//1640 98//98
f 1643//1643 1640//1640 1595//1595
f 426//426 1656//1656 1654//1654
f 1656//1656 424//424 1643//1643
f 1654//1654 1643//1643 414//414
f 1656//1656 1643//1643 1654//1654
f 6//6 2299//2299 863//863
f 2299//2299 583//583 2302//2302
f 863//863 2302//2302 225//225
f 2299//2299 2302//2302 863//863
f 583//583 2300//2300 2312//2312
f 2300//2300 151//151 2310//2310
f 2312//2312 2310//2310 586//586
f 2300//2300 2310//2310 2312//2312
f 225//225 2311//2311 864//864
f 2311//2311 586//586 2309//2309
f 864//864 2309//2309 62//62
f 2311//2311 2309//2309 864//864
f 583//583 2312//2312 2302//2302
f 2312//2312 586//586 2311//2311
f 2302//2302 2311//2311 225//225
f 2312//2312 2311//2311 2302//2302
f 151//151 2304//2304 2365//2365
f 2304//2304 584//584 2367//2367
f 2365//2365 2367//2367 600//600
f 2304//2304 2367//2367 2365//2365
f 584//584 2303//2303 2355//2355
f 2303//2303 41//41 2353//2353
f 2355//2355 2353//2353 597//597
f 2303//2303 2353//2353 2355//2355
f 600//600 2369//2369 2366//2366
f 2369//2369 597//597 2354//2354
f 2366//2366 2354//2354 154//154
f 2369//2369 2354//2354 2366//2366
f 584//584 2355//2355 2367//2367
f 2355//2355 597//597 2369//2369
f 2367//2367 2369//2369 600//600
f 2355//2355 2369//2369 2367//2367
f 62//62 2356//2356 866//866
f 2356//2356 598//598 2358//2358
f 866//866 2358//2358 226//226
f 2356//2356 2358//2358 866//866
f 598//598 2357//2357 2360//2360
f 2357//2357 154//154 2350//2350
f 2360//2360 2350//2350 596//596
f 2357//2357 2350//2350 2360//2360
f 226//226 2351//2351 865//865
f 2351//2351 596//596 2349//2349
f 865//865 2349//2349 19//19
f 2351//2351 2349//2349 865//865
f 598//598 2360//2360 2358//2358
f 2360//2360 596//596 2351//2351
f 2358//2358 2351//2351 226//226
f 2360//2360 2351//2351 2358//2358
f 151//151 2365//2365 2310//2310
f 2365//2365 600//600 2368//2368
f 2310//2310 2368//2368 586//586
f 2365//2365 2368//2368 2310//2310
f 600//600 2366//2366 2370//2370
f 2366//2366 154//154 2357//2357
f 2370//2370 2357//2357 598//598
f 2366//2366 2357//2357 2370//2370
f 586//586 2359//2359 2309//2309
f 2359//2359 598//598 2356//2356
f 2309//2309 2356//2356 62//62
f 2359//2359 2356//2356 2309//2309
f 600//600 2370//2370 2368//2368
f 2370//2370 598//598 2359//2359
f 2368//2368 2359//2359 586//586
f 2370//2370 2359//2359 2368//2368
f 41//41 2317//2317 2405//2405
f 2317//2317 588//588 2407//2407
f 2405//2405 2407//2407 608//608
f 2317//2317 2407//2407 2405//2405
f 588//588 2318//2318 2421//2421
f 2318//2318 152//152 2419//2419
f 2421//2421 2419//2419 611//611
f 2318//2318 2419//2419 2421//2421
f 608//608 2423//2423 2406//2406
f 2423//2423 611//611 2420//2420
f 2406//2406 2420//2420 156//156
f 2423//2423 2420//2420 2406//2406
f 588//588 2421//2421 2407//2407
f 2421//2421 611//611 2423//2423
f 2407//2407 2423//2423 608//608
f 2421//2421 2423//2423 2407//2407
f 152//152 2314//2314 2324//2324
f 2314//2314 587//587 2326//2326
f 2324//2324 2326//2326 590//590
f 2314//2314 2326//2326 2324//2324
f 587//587 2313//2313 2316//2316
f 2313//2313 12//12 2221//2221
f 2316//2316 2221//2221 565//565
f 2313//2313 2221//2221 2316//2316
f 590//590 2325//2325 2323//2323
f 2325//2325 565//565 2222//2222
f 2323//2323 2222//2222 147//147
f 2325//2325 2222//2222 2323//2323
f 587//587 2316//2316 2326//2326
f 2316//2316 565//565 2325//2325
f 2326//2326 2325//2325 590//590
f 2316//2316 2325//2325 2326//2326
f 156//156 2410//2410 2402//2402
f 2410//2410 609//609 2413//2413
f 2402//2402 2413//2413 607//607
f 2410//2410 2413//2413 2402//2402
f 609//609 2409//2409 2411//2411
f 2409//2409 147//147 2225//2225
f 2411//2411 2225//2225 566//566
f 2409//2409 2225//2225 2411//2411
f 607//607 2403//2403 2401//2401
f 2403//2403 566//566 2224//2224
f 2401//2401 2224//2224 40//40
f 2403//2403 2224//2224 2401//2401
f 609//609 2411//2411 2413//2413
f 2411//2411 566//566 2403//2403
f 2413//2413 2403//2403 607//607
f 2411//2411 2403//2403 2413//2413
f 152//152 2324//2324 2419//2419
f 2324//2324 590//590 2422//2422
f 2419//2419 2422//2422 611//611
f 2324//2324 2422//2422 2419//2419
f 590//590 2323//2323 2412//2412
f 2323//2323 147//147 2409//2409
f 2412//2412 2409//2409 609//609
f 2323//2323 2409//2409 2412//2412
f 611//611 2424//2424 2420//2420
f 2424//2424 609//609 2410//2410
f 2420//2420 2410//2410 156//156
f 2424//2424 2410//2410 2420//2420
f 590//590 2412//2412 2422//2422
f 2412//2412 609//609 2424//2424
f 2422//2422 2424//2424 611//611
f 2412//2412 2424//2424 2422//2422
f 19//19 2252//2252 861//861
f 2252//2252 573//573 2254//2254
f 861//861 2254//2254 224//224
f 2252//2252 2254//2254 861//861
f 573//573 2253//2253 2262//2262
f 2253//2253 149//149 2259//2259
f 2262//2262 2259//2259 575//575
f 2253//2253 2259//2259 2262//2262
f 224//224 2260//2260 862//862
f 2260//2260 575//575 2258//2258
f 862//862 2258//2258 61//61
f 2260//2260 2258//2258 862//862
f 573//573 2262//2262 2254//2254
f 2262//2262 575//575 2260//2260
f 2254//2254 2260//2260 224//224
f 2262//2262 2260//2260 2254//2254
f 149//149 2256//2256 2264//2264
f 2256//2256 574//574 2267//2267
f 2264//2264 2267//2267 576//576
f 2256//2256 2267//2267 2264//2264
f 574//574 2255//2255 2257//2257
f 2255//2255 40//40 2211//2211
f 2257//2257 2211//2211 562//562
f 2255//2255 2211//2211 2257//2257
f 576//576 2265//2265 2263//2263
f 2265//2265 562//562 2212//2212
f 2263//2263 2212//2212 146//146
f 2265//2265 2212//2212 2263//2263
f 574//574 2257//2257 2267//2267
f 2257//2257 562//562 2265//2265
f 2267//2267 2265//2265 576//576
f 2257//2257 2265//2265 2267//2267
f 61//61 2217//2217 860//860
f 2217//2217 564//564 2219//2219
f 860//860 2219//2219 223//223
f 2217//2217 2219//2219 860//860
f 564//564 2218//2218 2220//2220
f 2218//2218 146//146 2208//2208
f 2220//2220 2208//2208 561//561
f 2218//2218 2208//2208 2220//2220
f 223//223 2210//2210 859//859
f 2210//2210 561//561 2207//2207
f 859//859 2207//2207 5//5
f 2210//2210 2207//2207 859//859
f 564//564 2220//2220 2219//2219
f 2220//2220 561//561 2210//2210
f 2219//2219 2210//2210 223//223
f 2220//2220 2210//2210 2219//2219
f 149//149 2264//2264 2259//2259
f 2264//2264 576//576 2268//2268
f 2259//2259 2268//2268 575//575
f 2264//2264 2268//2268 2259//2259
f 576//576 2263//2263 2266//2266
f 2263//2263 146//146 2218//2218
f 2266//2266 2218//2218 564//564
f 2263//2263 2218//2218 2266//2266
f 575//575 2261//2261 2258//2258
f 2261//2261 564//564 2217//2217
f 2258//2258 2217//2217 61//61
f 2261//2261 2217//2217 2258//2258
f 576//576 2266//2266 2268//2268
f 2266//2266 564//564 2261//2261
f 2268//2268 2261//2261 575//575
f 2266//2266 2261//2261 2268//2268
f 41//41 2405//2405 2353//2353
f 2405//2405 608//608 2408//2408
f 2353//2353 2408//2408 597//597
f 2405//2405 2408//2408 2353//2353
f 608//608 2406//2406 2429//2429
f 2406//2406 156//156 2426//2426
f 2429//2429 2426//2426 612//612
f 2406//2406 2426//2426 2429//2429
f 597//597 2427//2427 2354//2354
f 2427//2427 612//612 2425//2425
f 2354//2354 2425//2425 154//154
f 2427//2427 2425//2425 2354//2354
f 608//608 2429//2429 2408//2408
f 2429//2429 612//612 2427//2427
f 2408//2408 2427//2427 597//597
f 2429//2429 2427//2427 2408//2408
f 156//156 2402//2402 2415//2415
f 2402//2402 607//607 2418//2418
f 2415//2415 2418//2418 610//610
f 2402//2402 2418//2418 2415//2415
f 607//607 2401//2401 2404//2404
f 2401//2401 40//40 2255//2255
f 2404//2404 2255//2255 574//574
f 2401//2401 2255//2255 2404//2404
f 610//610 2416//2416 2414//2414
f 2416//2416 574//574 2256//2256
f 2414//2414 2256//2256 149//149
f 2416//2416 2256//2256 2414//2414
f 607//607 2404//2404 2418//2418
f 2404//2404 574//574 2416//2416
f 2418//2418 2416//2416 610//610
f 2404//2404 2416//2416 2418//2418
f 154//154 2362//2362 2350//2350
f 2362//2362 599//599 2364//2364
f 2350//2350 2364//2364 596//596
f 2362//2362 2364//2364 2350//2350
f 599//599 2361//2361 2363//2363
f 2361//2361 149//149 2253//2253
f 2363//2363 2253//2253 573//573
f 2361//2361 2253//2253 2363//2363
f 596//596 2352//2352 2349//2349
f 2352//2352 573//573 2252//2252
f 2349//2349 2252//2252 19//19
f 2352//2352 2252//2252 2349//2349
f 599//599 2363//2363 2364//2364
f 2363//2363 573//573 2352//2352
f 2364//2364 2352//2352 596//596
f 2363//2363 2352//2352 2364//2364
f 156//156 2415//2415 2426//2426
f 2415//2415 610//610 2430//2430
f 2426//2426 2430//2430 612//612
f 2415//2415 2430//2430 2426//2426
f 610//610 2414//2414 2417//2417
f 2414//2414 149//149 2361//2361
f 2417//2417 2361//2361 599//599
f 2414//2414 2361//2361 2417//2417
f 612//612 2428//2428 2425//2425
f 2428//2428 599//599 2362//2362
f 2425//2425 2362//2362 154//154
f 2428//2428 2362//2362 2425//2425
f 610//610 2417//2417 2430//2430
f 2417//2417 599//599 2428//2428
f 2430//2430 2428//2428 612//612
f 2417//2417 2428//2428 2430//2430
f 12//12 2445//2445 2169//2169
f 2445//2445 617//617 2448//2448
f 2169//2169 2448//2448 551//551
f 2445//2445 2448//2448 2169//2169
f 617//617 2446//2446 2458//2458
f 2446//2446 158//158 2456//2456
f 2458//2458 2456//2456 620//620
f 2446//2446 2456//2456 2458//2458
f 551//551 2457//2457 2170//2170
f 2457//2457 620//620 2455//2455
f 2170//2170 2455//2455 143//143
f 2457//2457 2455//2455 2170//2170
f 617//617 2458//2458 2448//2448
f 2458//2458 620//620 2457//2457
f 2448//2448 2457//2457 551//551
f 2458//2458 2457//2457 2448//2448
f 158//158 2450//2450 2551//2551
f 2450//2450 618//618 2553//2553
f 2551//2551 2553//2553 641//641
f 2450//2450 2553//2553 2551//2551
f 618//618 2449//2449 2539//2539
f 2449//2449 42//42 2537//2537
f 2539//2539 2537//2537 638//638
f 2449//2449 2537//2537 2539//2539
f 641//641 2555//2555 2552//2552
f 2555//2555 638//638 2538//2538
f 2552//2552 2538//2538 162//162
f 2555//2555 2538//2538 2552//2552
f 618//618 2539//2539 2553//2553
f 2539//2539 638//638 2555//2555
f 2553//2553 2555//2555 641//641
f 2539//2539 2555//2555 2553//2553
f 143//143 2541//2541 2172//2172
f 2541//2541 639//639 2543//2543
f 2172//2172 2543//2543 552//552
f 2541//2541 2543//2543 2172//2172
f 639//639 2542//2542 2545//2545
f 2542//2542 162//162 2534//2534
f 2545//2545 2534//2534 637//637
f 2542//2542 2534//2534 2545//2545
f 552//552 2535//2535 2171//2171
f 2535//2535 637//637 2533//2533
f 2171//2171 2533//2533 39//39
f 2535//2535 2533//2533 2171//2171
f 639//639 2545//2545 2543//2543
f 2545//2545 637//637 2535//2535
f 2543//2543 2535//2535 552//552
f 2545//2545 2535//2535 2543//2543
f 158//158 2551//2551 2456//2456
f 2551//2551 641//641 2554//2554
f 2456//2456 2554//2554 620//620
f 2551//2551 2554//2554 2456//2456
f 641//641 2552//2552 2556//2556
f 2552//2552 162//162 2542//2542
f 2556//2556 2542//2542 639//639
f 2552//2552 2542//2542 2556//2556
f 620//620 2544//2544 2455//2455
f 2544//2544 639//639 2541//2541
f 2455//2455 2541//2541 143//143
f 2544//2544 2541//2541 2455//2455
f 641//641 2556//2556 2554//2554
f 2556//2556 639//639 2544//2544
f 2554//2554 2544//2544 620//620
f 2556//2556 2544//2544 2554//2554
f 42//42 2435//2435 2485//2485
f 2435//2435 614//614 2487//2487
f 2485//2485 2487//2487 627//627
f 2435//2435 2487//2487 2485//2485
f 614//614 2436//2436 2499//2499
f 2436//2436 157//157 2497//2497
f 2499//2499 2497//2497 630//630
f 2436//2436 2497//2497 2499//2499
f 627//627 2501//2501 2486//2486
f 2501//2501 630//630 2498//2498
f 2486//2486 2498//2498 160//160
f 2501//2501 2498//2498 2486//2486
f 614//614 2499//2499 2487//2487
f 2499//2499 630//630 2501//2501
f 2487//2487 2501//2501 627//627
f 2499//2499 2501//2501 2487//2487
f 157//157 2432//2432 2442//2442
f 2432//2432 613//613 2444//2444
f 2442//2442 2444//2444 616//616
f 2432//2432 2444//2444 2442//2442
f 613//613 2431//2431 2434//2434
f 2431//2431 11//11 1858//1858
f 2434//2434 1858//1858 475//475
f 2431//2431 1858//1858 2434//2434
f 616//616 2443//2443 2441//2441
f 2443//2443 475//475 1859//1859
f 2441//2441 1859//1859 125//125
f 2443//2443 1859//1859 2441//2441
f 613//613 2434//2434 2444//2444
f 2434//2434 475//475 2443//2443
f 2444//2444 2443//2443 616//616
f 2434//2434 2443//2443 2444//2444
f 160//160 2489//2489 2482//2482
f 2489//2489 628//628 2492//2492
f 2482//2482 2492//2492 626//626
f 2489//2489 2492//2492 2482//2482
f 628//628 2488//2488 2490//2490
f 2488//2488 125//125 1861//1861
f 2490//2490 1861//1861 476//476
f 2488//2488 1861//1861 2490//2490
f 626//626 2483//2483 2481//2481
f 2483//2483 476//476 1860//1860
f 2481//2481 1860//1860 35//35
f 2483//2483 1860//1860 2481//2481
f 628//628 2490//2490 2492//2492
f 2490//2490 476//476 2483//2483
f 2492//2492 2483//2483 626//626
f 2490//2490 2483//2483 2492//2492
f 157//157 2442//2442 2497//2497
f 2442//2442 616//616 2500//2500
f 2497//2497 2500//2500 630//630
f 2442//2442 2500//2500 2497//2497
f 616//616 2441//2441 2491//2491
f 2441//2441 125//125 2488//2488
f 2491//2491 2488//2488 628//628
f 2441//2441 2488//2488 2491//2491
f 630//630 2502//2502 2498//2498
f 2502//2502 628//628 2489//2489
f 2498//2498 2489//2489 160//160
f 2502//2502 2489//2489 2498//2498
f 616//616 2491//2491 2500//2500
f 2491//2491 628//628 2502//2502
f 2500//2500 2502//2502 630//630
f 2491//2491 2502//2502 2500//2500
f 39//39 2193//2193 2159//2159
f 2193//2193 558//558 2195//2195
f 2159//2159 2195//2195 548//548
f 2193//2193 2195//2195 2159//2159
f 558//558 2194//2194 2205//2205
f 2194//2194 145//145 2202//2202
f 2205//2205 2202//2202 560//560
f 2194//2194 2202//2202 2205//2205
f 548//548 2203//2203 2160//2160
f 2203//2203 560//560 2201//2201
f 2160//2160 2201//2201 142//142
f 2203//2203 2201//2201 2160//2160
f 558//558 2205//2205 2195//2195
f 2205//2205 560//560 2203//2203
f 2195//2195 2203//2203 548//548
f 2205//2205 2203//2203 2195//2195
f 145//145 2191//2191 2197//2197
f 2191//2191 557//557 2200//2200
f 2197//2197 2200//2200 559//559
f 2191//2191 2200//2200 2197//2197
f 557//557 2190//2190 2192//2192
f 2190//2190 35//35 1852//1852
f 2192//2192 1852//1852 473//473
f 2190//2190 1852//1852 2192//2192
f 559//559 2198//2198 2196//2196
f 2198//2198 473//473 1853//1853
f 2196//2196 1853//1853 124//124
f 2198//2198 1853//1853 2196//2196
f 557//557 2192//2192 2200//2200
f 2192//2192 473//473 2198//2198
f 2200//2200 2198//2198 559//559
f 2192//2192 2198//2198 2200//2200
f 142//142 2166//2166 2156//2156
f 2166//2166 550//550 2168//2168
f 2156//2156 2168//2168 547//547
f 2166//2166 2168//2168 2156//2156
f 550//550 2165//2165 2167//2167
f 2165//2165 124//124 1850//1850
f 2167//2167 1850//1850 472//472
f 2165//2165 1850//1850 2167//2167
f 547//547 2158//2158 2155//2155
f 2158//2158 472//472 1849//1849
f 2155//2155 1849//1849 3//3
f 2158//2158 1849//1849 2155//2155
f 550//550 2167//2167 2168//2168
f 2167//2167 472//472 2158//2158
f 2168//2168 2158//2158 547//547
f 2167//2167 2158//2158 2168//2168
f 145//145 2197//2197 2202//2202
f 2197//2197 559//559 2206//2206
f 2202//2202 2206//2206 560//560
f 2197//2197 2206//2206 2202//2202
f 559//559 2196//2196 2199//2199
f 2196//2196 124//124 2165//2165
f 2199//2199 2165//2165 550//550
f 2196//2196 2165//2165 2199//2199
f 560//560 2204//2204 2201//2201
f 2204//2204 550//550 2166//2166
f 2201//2201 2166//2166 142//142
f 2204//2204 2166//2166 2201//2201
f 559//559 2199//2199 2206//2206
f 2199//2199 550//550 2204//2204
f 2206//2206 2204//2204 560//560
f 2199//2199 2204//2204 2206//2206
f 42//42 2485//2485 2537//2537
f 2485//2485 627//627 2540//2540
f 2537//2537 2540//2540 638//638
f 2485//2485 2540//2540 2537//2537
f 627//627 2486//2486 2559//2559
f 2486//2486 160//160 2557//2557
f 2559//2559 2557//2557 642//642
f 2486//2486 2557//2557 2559//2559
f 638//638 2561//2561 2538//2538
f 2561//2561 642//642 2558//2558
f 2538//2538 2558//2558 162//162
f 2561//2561 2558//2558 2538//2538
f 627//627 2559//2559 2540//2540
f 2559//2559 642//642 2561//2561
f 2540//2540 2561//2561 638//638
f 2559//2559 2561//2561 2540//2540
f 160//160 2482//2482 2494//2494
f 2482//2482 626//626 2496//2496
f 2494//2494 2496//2496 629//629
f 2482//2482 2496//2496 2494//2494
f 626//626 2481//2481 2484//2484
f 2481//2481 35//35 2190//2190
f 2484//2484 2190//2190 557//557
f 2481//2481 2190//2190 2484//2484
f 629//629 2495//2495 2493//2493
f 2495//2495 557//557 2191//2191
f 2493//2493 2191//2191 145//145
f 2495//2495 2191//2191 2493//2493
f 626//626 2484//2484 2496//2496
f 2484//2484 557//557 2495//2495
f 2496//2496 2495//2495 629//629
f 2484//2484 2495//2495 2496//2496
f 162//162 2547//2547 2534//2534
f 2547//2547 640//640 2550//2550
f 2534//2534 2550//2550 637//637
f 2547//2547 2550//2550 2534//2534
f 640//640 2546//2546 2548//2548
f 2546//2546 145//145 2194//2194
f 2548//2548 2194//2194 558//558
f 2546//2546 2194//2194 2548//2548
f 637//637 2536//2536 2533//2533
f 2536//2536 558//558 2193//2193
f 2533//2533 2193//2193 39//39
f 2536//2536 2193//2193 2533//2533
f 640//640 2548//2548 2550//2550
f 2548//2548 558//558 2536//2536
f 2550//2550 2536//2536 637//637
f 2548//2548 2536//2536 2550//2550
f 160//160 2494//2494 2557//2557
f 2494//2494 629//629 2560//2560
f 2557//2557 2560//2560 642//642
f 2494//2494 2560//2560 2557//2557
f 629//629 2493//2493 2549//2549
f 2493//2493 145//145 2546//2546
f 2549//2549 2546//2546 640//640
f 2493//2493 2546//2546 2549//2549
f 642//642 2562//2562 2558//2558
f 2562//2562 640//640 2547//2547
f 2558//2558 2547//2547 162//162
f 2562//2562 2547//2547 2558//2558
f 629//629 2549//2549 2560//2560
f 2549//2549 640//640 2562//2562
f 2560//2560 2562//2562 642//642
f 2549//2549 2562//2562 2560//2560
f 11//11 1985//1985 1893//1893
f 1985//1985 507//507 1988//1988
f 1893//1893 1988//1988 485//485
f 1985//1985 1988//1988 1893//1893
f 507//507 1986//1986 1998//1998
f 1986//1986 133//133 1996//1996
f 1998//1998 1996//1996 510//510
f 1986//1986 1996//1996 1998//1998
f 485//485 1997//1997 1894//1894
f 1997//1997 510//510 1995//1995
f 1894//1894 1995//1995 128//128
f 1997//1997 1995//1995 1894//1894
f 507//507 1998//1998 1988//1988
f 1998//1998 510//510 1997//1997
f 1988//1988 1997//1997 485//485
f 1998//1998 1997//1997 1988//1988
f 133//133 1990//1990 2091//2091
f 1990//1990 508//508 2093//2093
f 2091//2091 2093//2093 531//531
f 1990//1990 2093//2093 2091//2091
f 508//508 1989//1989 2079//2079
f 1989//1989 37//37 2077//2077
f 2079//2079 2077//2077 528//528
f 1989//1989 2077//2077 2079//2079
f 531//531 2095//2095 2092//2092
f 2095//2095 528//528 2078//2078
f 2092//2092 2078//2078 137//137
f 2095//2095 2078//2078 2092//2092
f 508//508 2079//2079 2093//2093
f 2079//2079 528//528 2095//2095
f 2093//2093 2095//2095 531//531
f 2079//2079 2095//2095 2093//2093
f 128//128 2081//2081 1897//1897
f 2081//2081 529//529 2083//2083
f 1897//1897 2083//2083 486//486
f 2081//2081 2083//2083 1897//1897
f 529//529 2082//2082 2085//2085
f 2082//2082 137//137 2074//2074
f 2085//2085 2074//2074 527//527
f 2082//2082 2074//2074 2085//2085
f 486//486 2075//2075 1896//1896
f 2075//2075 527//527 2073//2073
f 1896//1896 2073//2073 36//36
f 2075//2075 2073//2073 1896//1896
f 529//529 2085//2085 2083//2083
f 2085//2085 527//527 2075//2075
f 2083//2083 2075//2075 486//486
f 2085//2085 2075//2075 2083//2083
f 133//133 2091//2091 1996//1996
f 2091//2091 531//531 2094//2094
f 1996//1996 2094//2094 510//510
f 2091//2091 2094//2094 1996//1996
f 531//531 2092//2092 2096//2096
f 2092//2092 137//137 2082//2082
f 2096//2096 2082//2082 529//529
f 2092//2092 2082//2082 2096//2096
f 510//510 2084//2084 1995//1995
f 2084//2084 529//529 2081//2081
f 1995//1995 2081//2081 128//128
f 2084//2084 2081//2081 1995//1995
f 531//531 2096//2096 2094//2094
f 2096//2096 529//529 2084//2084
f 2094//2094 2084//2084 510//510
f 2096//2096 2084//2084 2094//2094
f 37//37 1975//1975 2025//2025
f 1975//1975 504//504 2027//2027
f 2025//2025 2027//2027 517//517
f 1975//1975 2027//2027 2025//2025
f 504//504 1976//1976 2039//2039
f 1976//1976 132//132 2037//2037
f 2039//2039 2037//2037 520//520
f 1976//1976 2037//2037 2039//2039
f 517//517 2041//2041 2026//2026
f 2041//2041 520//520 2038//2038
f 2026//2026 2038//2038 135//135
f 2041//2041 2038//2038 2026//2026
f 504//504 2039//2039 2027//2027
f 2039//2039 520//520 2041//2041
f 2027//2027 2041//2041 517//517
f 2039//2039 2041//2041 2027//2027
f 132//132 1972//1972 1982//1982
f 1972//1972 503//503 1984//1984
f 1982//1982 1984//1984 506//506
f 1972//1972 1984//1984 1982//1982
f 503//503 1971//1971 1974//1974
f 1971//1971 8//8 1071//1071
f 1974//1974 1071//1071 281//281
f 1971//1971 1071//1071 1974//1974
f 506//506 1983//1983 1981//1981
f 1983//1983 281//281 1072//1072
f 1981//1981 1072//1072 78//78
f 1983//1983 1072//1072 1981//1981
f 503//503 1974//1974 1984//1984
f 1974//1974 281//281 1983//1983
f 1984//1984 1983//1983 506//506
f 1974//1974 1983//1983 1984//1984
f 135//135 2029//2029 2022//2022
f 2029//2029 518//518 2032//2032
f 2022//2022 2032//2032 516//516
f 2029//2029 2032//2032 2022//2022
f 518//518 2028//2028 2030//2030
f 2028//2028 78//78 1074//1074
f 2030//2030 1074//1074 282//282
f 2028//2028 1074//1074 2030//2030
f 516//516 2023//2023 2021//2021
f 2023//2023 282//282 1073//1073
f 2021//2021 1073//1073 24//24
f 2023//2023 1073//1073 2021//2021
f 518//518 2030//2030 2032//2032
f 2030//2030 282//282 2023//2023
f 2032//2032 2023//2023 516//516
f 2030//2030 2023//2023 2032//2032
f 132//132 1982//1982 2037//2037
f 1982//1982 506//506 2040//2040
f 2037//2037 2040//2040 520//520
f 1982//1982 2040//2040 2037//2037
f 506//506 1981//1981 2031//2031
f 1981//1981 78//78 2028//2028
f 2031//2031 2028//2028 518//518
f 1981//1981 2028//2028 2031//2031
f 520//520 2042//2042 2038//2038
f 2042//2042 518//518 2029//2029
f 2038//2038 2029//2029 135//135
f 2042//2042 2029//2029 2038//2038
f 506//506 2031//2031 2040//2040
f 2031//2031 518//518 2042//2042
f 2040//2040 2042//2042 520//520
f 2031//2031 2042//2042 2040//2040
f 36//36 1927//1927 1883//1883
f 1927//1927 494//494 1929//1929
f 1883//1883 1929//1929 482//482
f 1927//1927 1929//1929 1883//1883
f 494//494 1928//1928 1939//1939
f 1928//1928 130//130 1936//1936
f 1939//1939 1936//1936 496//496
f 1928//1928 1936//1936 1939//1939
f 482//482 1937//1937 1884//1884
f 1937//1937 496//496 1935//1935
f 1884//1884 1935//1935 127//127
f 1937//1937 1935//1935 1884//1884
f 494//494 1939//1939 1929//1929
f 1939//1939 496//496 1937//1937
f 1929//1929 1937//1937 482//482
f 1939//1939 1937//1937 1929//1929
f 130//130 1925//1925 1931//1931
f 1925//1925 493//493 1934//1934
f 1931//1931 1934//1934 495//495
f 1925//1925 1934//1934 1931//1931
f 493//493 1924//1924 1926//1926
f 1924//1924 24//24 1069//1069
f 1926//1926 1069//1069 280//280
f 1924//1924 1069//1069 1926//1926
f 495//495 1932//1932 1930//1930
f 1932//1932 280//280 1070//1070
f 1930//1930 1070//1070 77//77
f 1932//1932 1070//1070 1930//1930
f 493//493 1926//1926 1934//1934
f 1926//1926 280//280 1932//1932
f 1934//1934 1932//1932 495//495
f 1926//1926 1932//1932 1934//1934
f 127//127 1890//1890 1880//1880
f 1890//1890 484//484 1892//1892
f 1880//1880 1892//1892 481//481
f 1890//1890 1892//1892 1880//1880
f 484//484 1889//1889 1891//1891
f 1889//1889 77//77 1068//1068
f 1891//1891 1068//1068 279//279
f 1889//1889 1068//1068 1891//1891
f 481//481 1882//1882 1879//1879
f 1882//1882 279//279 1067//1067
f 1879//1879 1067//1067 7//7
f 1882//1882 1067//1067 1879//1879
f 484//484 1891//1891 1892//1892
f 1891//1891 279//279 1882//1882
f 1892//1892 1882//1882 481//481
f 1891//1891 1882//1882 1892//1892
f 130//130 1931//1931 1936//1936
f 1931//1931 495//495 1940//1940
f 1936//1936 1940//1940 496//496
f 1931//1931 1940//1940 1936//1936
f 495//495 1930//1930 1933//1933
f 1930//1930 77//77 1889//1889
f 1933//1933 1889//1889 484//484
f 1930//1930 1889//1889 1933//1933
f 496//496 1938//1938 1935//1935
f 1938//1938 484//484 1890//1890
f 1935//1935 1890//1890 127//127
f 1938//1938 1890//1890 1935//1935
f 495//495 1933//1933 1940//1940
f 1933//1933 484//484 1938//1938
f 1940//1940 1938//1938 496//496
f 1933//1933 1938//1938 1940//1940
f 37//37 2025//2025 2077//2077
f 2025//2025 517//517 2080//2080
f 2077//2077 2080//2080 528//528
f 2025//2025 2080//2080 2077//2077
f 517//517 2026//2026 2099//2099
f 2026//2026 135//135 2097//2097
f 2099//2099 2097//2097 532//532
f 2026//2026 2097//2097 2099//2099
f 528//528 2101//2101 2078//2078
f 2101//2101 532//532 2098//2098
f 2078//2078 2098//2098 137//137
f 2101//2101 2098//2098 2078//2078
f 517//517 2099//2099 2080//2080
f 2099//2099 532//532 2101//2101
f 2080//2080 2101//2101 528//528
f 2099//2099 2101//2101 2080//2080
f 135//135 2022//2022 2034//2034
f 2022//2022 516//516 2036//2036
f 2034//2034 2036//2036 519//519
f 2022//2022 2036//2036 2034//2034
f 516//516 2021//2021 2024//2024
f 2021//2021 24//24 1924//1924
f 2024//2024 1924//1924 493//493
f 2021//2021 1924//1924 2024//2024
f 519//519 2035//2035 2033//2033
f 2035//2035 493//493 1925//1925
f 2033//2033 1925//1925 130//130
f 2035//2035 1925//1925 2033//2033
f 516//516 2024//2024 2036//2036
f 2024//2024 493//493 2035//2035
f 2036//2036 2035//2035 519//519
f 2024//2024 2035//2035 2036//2036
f 137//137 2087//2087 2074//2074
f 2087//2087 530//530 2090//2090
f 2074//2074 2090//2090 527//527
f 2087//2087 2090//2090 2074//2074
f 530//530 2086//2086 2088//2088
f 2086//2086 130//130 1928//1928
f 2088//2088 1928//1928 494//494
f 2086//2086 1928//1928 2088//2088
f 527//527 2076//2076 2073//2073
f 2076//2076 494//494 1927//1927
f 2073//2073 1927//1927 36//36
f 2076//2076 1927//1927 2073//2073
f 530//530 2088//2088 2090//2090
f 2088//2088 494//494 2076//2076
f 2090//2090 2076//2076 527//527
f 2088//2088 2076//2076 2090//2090
f 135//135 2034//2034 2097//2097
f 2034//2034 519//519 2100//2100
f 2097//2097 2100//2100 532//532
f 2034//2034 2100//2100 2097//2097
f 519//519 2033//2033 2089//2089
f 2033//2033 130//130 2086//2086
f 2089//2089 2086//2086 530//530
f 2033//2033 2086//2086 2089//2089
f 532//532 2102//2102 2098//2098
f 2102//2102 530//530 2087//2087
f 2098//2098 2087//2087 137//137
f 2102//2102 2087//2087 2098//2098
f 519//519 2089//2089 2100//2100
f 2089//2089 530//530 2102//2102
f 2100//2100 2102//2102 532//532
f 2089//2089 2102//2102 2100//2100
f 8//8 1006//1006 1227//1227
f 1006//1006 265//265 1229//1229
f 1227//1227 1229//1229 323//323
f 1006//1006 1229//1229 1227//1227
f 265//265 1007//1007 1235//1235
f 1007//1007 74//74 1233//1233
f 1235//1235 1233//1233 325//325
f 1007//1007 1233//1233 1235//1235
f 323//323 1236//1236 1228//1228
f 1236//1236 325//325 1234//1234
f 1228//1228 1234//1234 90//90
f 1236//1236 1234//1234 1228//1228
f 265//265 1235//1235 1229//1229
f 1235//1235 325//325 1236//1236
f 1229//1229 1236//1236 323//323
f 1235//1235 1236//1236 1229//1229
f 74//74 1010//1010 1262//1262
f 1010//1010 266//266 1264//1264
f 1262//1262 1264//1264 333//333
f 1010//1010 1264//1264 1262//1262
f 266//266 1009//1009 1257//1257
f 1009//1009 23//23 1255//1255
f 1257//1257 1255//1255 331//331
f 1009//1009 1255//1255 1257//1257
f 333//333 1266//1266 1263//1263
f 1266//1266 331//331 1256//1256
f 1263//1263 1256//1256 92//92
f 1266//1266 1256//1256 1263//1263
f 266//266 1257//1257 1264//1264
f 1257//1257 331//331 1266//1266
f 1264//1264 1266//1266 333//333
f 1257//1257 1266//1266 1264//1264
f 90//90 1271//1271 1232//1232
f 1271//1271 335//335 1273//1273
f 1232//1232 1273//1273 324//324
f 1271//1271 1273//1273 1232//1232
f 335//335 1272//1272 1275//1275
f 1272//1272 92//92 1260//1260
f 1275//1275 1260//1260 332//332
f 1272//1272 1260//1260 1275//1275
f 324//324 1261//1261 1231//1231
f 1261//1261 332//332 1259//1259
f 1231//1231 1259//1259 28//28
f 1261//1261 1259//1259 1231//1231
f 335//335 1275//1275 1273//1273
f 1275//1275 332//332 1261//1261
f 1273//1273 1261//1261 324//324
f 1275//1275 1261//1261 1273//1273
f 74//74 1262//1262 1233//1233
f 1262//1262 333//333 1265//1265
f 1233//1233 1265//1265 325//325
f 1262//1262 1265//1265 1233//1233
f 333//333 1263//1263 1276//1276
f 1263//1263 92//92 1272//1272
f 1276//1276 1272//1272 335//335
f 1263//1263 1272//1272 1276//1276
f 325//325 1274//1274 1234//1234
f 1274//1274 335//335 1271//1271
f 1234//1234 1271//1271 90//90
f 1274//1274 1271//1271 1234//1234
f 333//333 1276//1276 1265//1265
f 1276//1276 335//335 1274//1274
f 1265//1265 1274//1274 325//325
f 1276//1276 1274//1274 1265//1265
f 23//23 1000//1000 1088//1088
f 1000//1000 263//263 1090//1090
f 1088//1088 1090//1090 288//288
f 1000//1000 1090//1090 1088//1088
f 263//263 1001//1001 1096//1096
f 1001//1001 73//73 1094//1094
f 1096//1096 1094//1094 290//290
f 1001//1001 1094//1094 1096//1096
f 288//288 1098//1098 1089//1089
f 1098//1098 290//290 1095//1095
f 1089//1089 1095//1095 81//81
f 1098//1098 1095//1095 1089//1089
f 263//263 1096//1096 1090//1090
f 1096//1096 290//290 1098//1098
f 1090//1090 1098//1098 288//288
f 1096//1096 1098//1098 1090//1090
f 73//73 998//998 1080//1080
f 998//998 262//262 1082//1082
f 1080//1080 1082//1082 285//285
f 998//998 1082//1082 1080//1080
f 262//262 997//997 1077//1077
f 997//997 2//2 1075//1075
f 1077//1077 1075//1075 283//283
f 997//997 1075//1075 1077//1077
f 285//285 1083//1083 1081//1081
f 1083//1083 283//283 1076//1076
f 1081//1081 1076//1076 79//79
f 1083//1083 1076//1076 1081//1081
f 262//262 1077//1077 1082//1082
f 1077//1077 283//283 1083//1083
f 1082//1082 1083//1083 285//285
f 1077//1077 1083//1083 1082//1082
f 81//81 1100//1100 1092//1092
f 1100//1100 291//291 1103//1103
f 1092//1092 1103//1103 289//289
f 1100//1100 1103//1103 1092//1092
f 291//291 1099//1099 1101//1101
f 1099//1099 79//79 1079//1079
f 1101//1101 1079//1079 284//284
f 1099//1099 1079//1079 1101//1101
f 289//289 1093//1093 1091//1091
f 1093//1093 284//284 1078//1078
f 1091//1091 1078//1078 25//25
f 1093//1093 1078//1078 1091//1091
f 291//291 1101//1101 1103//1103
f 1101//1101 284//284 1093//1093
f 1103//1103 1093//1093 289//289
f 1101//1101 1093//1093 1103//1103
f 73//73 1080//1080 1094//1094
f 1080//1080 285//285 1097//1097
f 1094//1094 1097//1097 290//290
f 1080//1080 1097//1097 1094//1094
f 285//285 1081//1081 1102//1102
f 1081//1081 79//79 1099//1099
f 1102//1102 1099//1099 291//291
f 1081//1081 1099//1099 1102//1102
f 290//290 1104//1104 1095//1095
f 1104//1104 291//291 1100//1100
f 1095//1095 1100//1100 81//81
f 1104//1104 1100//1100 1095//1095
f 285//285 1102//1102 1097//1097
f 1102//1102 291//291 1104//1104
f 1097//1097 1104//1104 290//290
f 1102//1102 1104//1104 1097//1097
f 28//28 1303//1303 1245//1245
f 1303//1303 342//342 1305//1305
f 1245//1245 1305//1305 328//328
f 1303//1303 1305//1305 1245//1245
f 342//342 1304//1304 1321//1321
f 1304//1304 94//94 1318//1318
f 1321//1321 1318//1318 345//345
f 1304//1304 1318//1318 1321//1321
f 328//328 1319//1319 1246//1246
f 1319//1319 345//345 1317//1317
f 1246//1246 1317//1317 91//91
f 1319//1319 1317//1317 1246//1246
f 342//342 1321//1321 1305//1305
f 1321//1321 345//345 1319//1319
f 1305//1305 1319//1319 328//328
f 1321//1321 1319//1319 1305//1305
f 94//94 1300//1300 1308//1308
f 1300//1300 341//341 1311//1311
f 1308//1308 1311//1311 343//343
f 1300//1300 1311//1311 1308//1308
f 341//341 1299//1299 1301//1301
f 1299//1299 25//25 1086//1086
f 1301//1301 1086//1086 287//287
f 1299//1299 1086//1086 1301//1301
f 343//343 1309//1309 1307//1307
f 1309//1309 287//287 1087//1087
f 1307//1307 1087//1087 80//80
f 1309//1309 1087//1087 1307//1307
f 341//341 1301//1301 1311//1311
f 1301//1301 287//287 1309//1309
f 1311//1311 1309//1309 343//343
f 1301//1301 1309//1309 1311//1311
f 91//91 1248//1248 1242//1242
f 1248//1248 329//329 1250//1250
f 1242//1242 1250//1250 327//327
f 1248//1248 1250//1250 1242//1242
f 329//329 1247//1247 1249//1249
f 1247//1247 80//80 1085//1085
f 1249//1249 1085//1085 286//286
f 1247//1247 1085//1085 1249//1249
f 327//327 1243//1243 1241//1241
f 1243//1243 286//286 1084//1084
f 1241//1241 1084//1084 9//9
f 1243//1243 1084//1084 1241//1241
f 329//329 1249//1249 1250//1250
f 1249//1249 286//286 1243//1243
f 1250//1250 1243//1243 327//327
f 1249//1249 1243//1243 1250//1250
f 94//94 1308//1308 1318//1318
f 1308//1308 343//343 1322//1322
f 1318//1318 1322//1322 345//345
f 1308//1308 1322//1322 1318//1318
f 343//343 1307//1307 1310//1310
f 1307//1307 80//80 1247//1247
f 1310//1310 1247//1247 329//329
f 1307//1307 1247//1247 1310//1310
f 345//345 1320//1320 1317//1317
f 1320//1320 329//329 1248//1248
f 1317//1317 1248//1248 91//91
f 1320//1320 1248//1248 1317//1317
f 343//343 1310//1310 1322//1322
f 1310//1310 329//329 1320//1320
f 1322//1322 1320//1320 345//345
f 1310//1310 1320//1320 1322//1322
f 23//23 1088//1088 1255//1255
f 1088//1088 288//288 1258//1258
f 1255//1255 1258//1258 331//331
f 1088//1088 1258//1258 1255//1255
f 288//288 1089//1089 1269//1269
f 1089//1089 81//81 1267//1267
f 1269//1269 1267//1267 334//334
f 1089//1089 1267//1267 1269//1269
f 331//331 1270//1270 1256//1256
f 1270//1270 334//334 1268//1268
f 1256//1256 1268//1268 92//92
f 1270//1270 1268//1268 1256//1256
f 288//288 1269//1269 1258//1258
f 1269//1269 334//334 1270//1270
f 1258//1258 1270//1270 331//331
f 1269//1269 1270//1270 1258//1258
f 81//81 1092//1092 1312//1312
f 1092//1092 289//289 1314//1314
f 1312//1312 1314//1314 344//344
f 1092//1092 1314//1314 1312//1312
f 289//289 1091//1091 1302//1302
f 1091//1091 25//25 1299//1299
f 1302//1302 1299//1299 341//341
f 1091//1091 1299//1299 1302//1302
f 344//344 1316//1316 1313//1313
f 1316//1316 341//341 1300//1300
f 1313//1313 1300//1300 94//94
f 1316//1316 1300//1300 1313//1313
f 289//289 1302//1302 1314//1314
f 1302//1302 341//341 1316//1316
f 1314//1314 1316//1316 344//344
f 1302//1302 1316//1316 1314//1314
f 92//92 1323//1323 1260//1260
f 1323//1323 346//346 1325//1325
f 1260//1260 1325//1325 332//332
f 1323//1323 1325//1325 1260//1260
f 346//346 1324//1324 1327//1327
f 1324//1324 94//94 1304//1304
f 1327//1327 1304//1304 342//342
f 1324//1324 1304//1304 1327//1327
f 332//332 1306//1306 1259//1259
f 1306//1306 342//342 1303//1303
f 1259//1259 1303//1303 28//28
f 1306//1306 1303//1303 1259//1259
f 346//346 1327//1327 1325//1325
f 1327//1327 342//342 1306//1306
f 1325//1325 1306//1306 332//332
f 1327//1327 1306//1306 1325//1325
f 81//81 1312//1312 1267//1267
f 1312//1312 344//344 1315//1315
f 1267//1267 1315//1315 334//334
f 1312//1312 1315//1315 1267//1267
f 344//344 1313//1313 1328//1328
f 1313//1313 94//94 1324//1324
f 1328//1328 1324//1324 346//346
f 1313//1313 1324//1324 1328//1328
f 334//334 1326//1326 1268//1268
f 1326//1326 346//346 1323//1323
f 1268//1268 1323//1323 92//92
f 1326//1326 1323//1323 1268//1268
f 344//344 1328//1328 1315//1315
f 1328//1328 346//346 1326//1326
f 1315//1315 1326//1326 334//334
f 1328//1328 1326//1326 1315//1315
f 4//4 1411//1411 689//689
f 1411//1411 367//367 1413//1413
f 689//689 1413//1413 180//180
f 1411//1411 1413//1413 689//689
f 367//367 1412//1412 1420//1420
f 1412//1412 100//100 1418//1418
f 1420//1420 1418//1418 369//369
f 1412//1412 1418//1418 1420//1420
f 180//180 1419//1419 690//690
f 1419//1419 369//369 1417//1417
f 690//690 1417//1417 50//50
f 1419//1419 1417//1417 690//690
f 367//367 1420//1420 1413//1413
f 1420//1420 369//369 1419//1419
f 1413//1413 1419//1419 180//180
f 1420//1420 1419//1419 1413//1413
f 100//100 1416//1416 1440//1440
f 1416//1416 368//368 1442//1442
f 1440//1440 1442//1442 376//376
f 1416//1416 1442//1442 1440//1440
f 368//368 1415//1415 1434//1434
f 1415//1415 30//30 1432//1432
f 1434//1434 1432//1432 374//374
f 1415//1415 1432//1432 1434//1434
f 376//376 1444//1444 1441//1441
f 1444//1444 374//374 1433//1433
f 1441//1441 1433//1433 102//102
f 1444//1444 1433//1433 1441//1441
f 368//368 1434//1434 1442//1442
f 1434//1434 374//374 1444//1444
f 1442//1442 1444//1444 376//376
f 1434//1434 1444//1444 1442//1442
f 50//50 1435//1435 693//693
f 1435//1435 375//375 1437//1437
f 693//693 1437//1437 181//181
f 1435//1435 1437//1437 693//693
f 375//375 1436//1436 1439//1439
f 1436//1436 102//102 1430//1430
f 1439//1439 1430//1430 373//373
f 1436//1436 1430//1430 1439//1439
f 181//181 1431//1431 692//692
f 1431//1431 373//373 1429//1429
f 692//692 1429//1429 16//16
f 1431//1431 1429//1429 692//692
f 375//375 1439//1439 1437//1437
f 1439//1439 373//373 1431//1431
f 1437//1437 1431//1431 181//181
f 1439//1439 1431//1431 1437//1437
f 100//100 1440//1440 1418//1418
f 1440//1440 376//376 1443//1443
f 1418//1418 1443//1443 369//369
f 1440//1440 1443//1443 1418//1418
f 376//376 1441//1441 1445//1445
f 1441//1441 102//102 1436//1436
f 1445//1445 1436//1436 375//375
f 1441//1441 1436//1436 1445//1445
f 369//369 1438//1438 1417//1417
f 1438//1438 375//375 1435//1435
f 1417//1417 1435//1435 50//50
f 1438//1438 1435//1435 1417//1417
f 376//376 1445//1445 1443//1443
f 1445//1445 375//375 1438//1438
f 1443//1443 1438//1438 369//369
f 1445//1445 1438//1438 1443//1443
f 30//30 1427//1427 1525//1525
f 1427//1427 372//372 1527//1527
f 1525//1525 1527//1527 397//397
f 1427//1427 1527//1527 1525//1525
f 372//372 1428//1428 1535//1535
f 1428//1428 101//101 1533//1533
f 1535//1535 1533//1533 399//399
f 1428//1428 1533//1533 1535//1535
f 397//397 1537//1537 1526//1526
f 1537//1537 399//399 1534//1534
f 1526//1526 1534//1534 108//108
f 1537//1537 1534//1534 1526//1526
f 372//372 1535//1535 1527//1527
f 1535//1535 399//399 1537//1537
f 1527//1527 1537//1537 397//397
f 1535//1535 1537//1537 1527//1527
f 101//101 1426//1426 1482//1482
f 1426//1426 371//371 1484//1484
f 1482//1482 1484//1484 387//387
f 1426//1426 1484//1484 1482//1482
f 371//371 1425//1425 1479//1479
f 1425//1425 10//10 1477//1477
f 1479//1479 1477//1477 385//385
f 1425//1425 1477//1477 1479//1479
f 387//387 1485//1485 1483//1483
f 1485//1485 385//385 1478//1478
f 1483//1483 1478//1478 105//105
f 1485//1485 1478//1478 1483//1483
f 371//371 1479//1479 1484//1484
f 1479//1479 385//385 1485//1485
f 1484//1484 1485//1485 387//387
f 1479//1479 1485//1485 1484//1484
f 108//108 1544//1544 1530//1530
f 1544//1544 401//401 1547//1547
f 1530//1530 1547//1547 398//398
f 1544//1544 1547//1547 1530//1530
f 401//401 1543//1543 1545//1545
f 1543//1543 105//105 1481//1481
f 1545//1545 1481//1481 386//386
f 1543//1543 1481//1481 1545//1545
f 398//398 1531//1531 1529//1529
f 1531//1531 386//386 1480//1480
f 1529//1529 1480//1480 31//31
f 1531//1531 1480//1480 1529//1529
f 401//401 1545//1545 1547//1547
f 1545//1545 386//386 1531//1531
f 1547//1547 1531//1531 398//398
f 1545//1545 1531//1531 1547//1547
f 101//101 1482//1482 1533//1533
f 1482//1482 387//387 1536//1536
f 1533//1533 1536//1536 399//399
f 1482//1482 1536//1536 1533//1533
f 387//387 1483//1483 1546//1546
f 1483//1483 105//105 1543//1543
f 1546//1546 1543//1543 401//401
f 1483//1483 1543//1543 1546//1546
f 399//399 1548//1548 1534//1534
f 1548//1548 401//401 1544//1544
f 1534//1534 1544//1544 108//108
f 1548//1548 1544//1544 1534//1534
f 387//387 1546//1546 1536//1536
f 1546//1546 401//401 1548//1548
f 1536//1536 1548//1548 399//399
f 1546//1546 1548//1548 1536//1536
f 16//16 1486//1486 701//701
f 1486//1486 388//388 1488//1488
f 701//701 1488//1488 184//184
f 1486//1486 1488//1488 701//701
f 388//388 1487//1487 1497//1497
f 1487//1487 106//106 1494//1494
f 1497//1497 1494//1494 390//390
f 1487//1487 1494//1494 1497//1497
f 184//184 1495//1495 702//702
f 1495//1495 390//390 1493//1493
f 702//702 1493//1493 51//51
f 1495//1495 1493//1493 702//702
f 388//388 1497//1497 1488//1488
f 1497//1497 390//390 1495//1495
f 1488//1488 1495//1495 184//184
f 1497//1497 1495//1495 1488//1488
f 106//106 1491//1491 1503//1503
f 1491//1491 389//389 1506//1506
f 1503//1503 1506//1506 392//392
f 1491//1491 1506//1506 1503//1503
f 389//389 1490//1490 1492//1492
f 1490//1490 31//31 1467//1467
f 1492//1492 1467//1467 382//382
f 1490//1490 1467//1467 1492//1492
f 392//392 1504//1504 1502//1502
f 1504//1504 382//382 1468//1468
f 1502//1502 1468//1468 104//104
f 1504//1504 1468//1468 1502//1502
f 389//389 1492//1492 1506//1506
f 1492//1492 382//382 1504//1504
f 1506//1506 1504//1504 392//392
f 1492//1492 1504//1504 1506//1506
f 51//51 1469//1469 699//699
f 1469//1469 383//383 1471//1471
f 699//699 1471//1471 183//183
f 1469//1469 1471//1471 699//699
f 383//383 1470//1470 1472//1472
f 1470//1470 104//104 1464//1464
f 1472//1472 1464//1464 381//381
f 1470//1470 1464//1464 1472//1472
f 183//183 1465//1465 698//698
f 1465//1465 381//381 1463//1463
f 698//698 1463//1463 5//5
f 1465//1465 1463//1463 698//698
f 383//383 1472//1472 1471//1471
f 1472//1472 381//381 1465//1465
f 1471//1471 1465//1465 183//183
f 1472//1472 1465//1465 1471//1471
f 106//106 1503//1503 1494//1494
f 1503//1503 392//392 1507//1507
f 1494//1494 1507//1507 390//390
f 1503//1503 1507//1507 1494//1494
f 392//392 1502//1502 1505//1505
f 1502//1502 104//104 1470//1470
f 1505//1505 1470//1470 383//383
f 1502//1502 1470//1470 1505//1505
f 390//390 1496//1496 1493//1493
f 1496//1496 383//383 1469//1469
f 1493//1493 1469//1469 51//51
f 1496//1496 1469//1469 1493//1493
f 392//392 1505//1505 1507//1507
f 1505//1505 383//383 1496//1496
f 1507//1507 1496//1496 390//390
f 1505//1505 1496//1496 1507//1507
f 30//30 1525//1525 1432//1432
f 1525//1525 397//397 1528//1528
f 1432//1432 1528//1528 374//374
f 1525//1525 1528//1528 1432//1432
f 397//397 1526//1526 1542//1542
f 1526//1526 108//108 1539//1539
f 1542//1542 1539//1539 400//400
f 1526//1526 1539//1539 1542//1542
f 374//374 1540//1540 1433//1433
f 1540//1540 400//400 1538//1538
f 1433//1433 1538//1538 102//102
f 1540//1540 1538//1538 1433//1433
f 397//397 1542//1542 1528//1528
f 1542//1542 400//400 1540//1540
f 1528//1528 1540//1540 374//374
f 1542//1542 1540//1540 1528//1528
f 108//108 1530//1530 1550//1550
f 1530//1530 398//398 1553//1553
f 1550//1550 1553//1553 402//402
f 1530//1530 1553//1553 1550//1550
f 398//398 1529//1529 1532//1532
f 1529//1529 31//31 1490//1490
f 1532//1532 1490//1490 389//389
f 1529//1529 1490//1490 1532//1532
f 402//402 1551//1551 1549//1549
f 1551//1551 389//389 1491//1491
f 1549//1549 1491//1491 106//106
f 1551//1551 1491//1491 1549//1549
f 398//398 1532//1532 1553//1553
f 1532//1532 389//389 1551//1551
f 1553//1553 1551//1551 402//402
f 1532//1532 1551//1551 1553//1553
f 102//102 1498//1498 1430//1430
f 1498//1498 391//391 1500//1500
f 1430//1430 1500//1500 373//373
f 1498//1498 1500//1500 1430//1430
f 391//391 1499//1499 1501//1501
f 1499//1499 106//106 1487//1487
f 1501//1501 1487//1487 388//388
f 1499//1499 1487//1487 1501//1501
f 373//373 1489//1489 1429//1429
f 1489//1489 388//388 1486//1486
f 1429//1429 1486//1486 16//16
f 1489//1489 1486//1486 1429//1429
f 391//391 1501//1501 1500//1500
f 1501//1501 388//388 1489//1489
f 1500//1500 1489//1489 373//373
f 1501//1501 1489//1489 1500//1500
f 108//108 1550//1550 1539//1539
f 1550//1550 402//402 1554//1554
f 1539//1539 1554//1554 400//400
f 1550//1550 1554//1554 1539//1539
f 402//402 1549//1549 1552//1552
f 1549//1549 106//106 1499//1499
f 1552//1552 1499//1499 391//391
f 1549//1549 1499//1499 1552//1552
f 400//400 1541//1541 1538//1538
f 1541//1541 391//391 1498//1498
f 1538//1538 1498//1498 102//102
f 1541//1541 1498//1498 1538//1538
f 402//402 1552//1552 1554//1554
f 1552//1552 391//391 1541//1541
f 1554//1554 1541//1541 400//400
f 1552//1552 1541//1541 1554//1554
f 4//4 689//689 655//655
f 689//689 180//180 691//691
f 655//655 691//691 169//169
f 689//689 691//691 655//655
f 180//180 690//690 697//697
f 690//690 50//50 695//695
f 697//697 695//695 182//182
f 690//690 695//695 697//697
f 169//169 696//696 656//656
f 696//696 182//182 694//694
f 656//656 694//694 46//46
f 696//696 694//694 656//656
f 180//180 697//697 691//691
f 697//697 182//182 696//696
f 691//691 696//696 169//169
f 697//697 696//696 691//691
f 50//50 693//693 723//723
f 693//693 181//181 725//725
f 723//723 725//725 190//190
f 693//693 725//725 723//723
f 181//181 692//692 713//713
f 692//692 16//16 711//711
f 713//713 711//711 187//187
f 692//692 711//711 713//713
f 190//190 727//727 724//724
f 727//727 187//187 712//712
f 724//724 712//712 52//52
f 727//727 712//712 724//724
f 181//181 713//713 725//725
f 713//713 187//187 727//727
f 725//725 727//727 190//190
f 713//713 727//727 725//725
f 46//46 714//714 658//658
f 714//714 188//188 716//716
f 658//658 716//716 170//170
f 714//714 716//716 658//658
f 188//188 715//715 718//718
f 715//715 52//52 708//708
f 718//718 708//708 186//186
f 715//715 708//708 718//718
f 170//170 709//709 657//657
f 709//709 186//186 707//707
f 657//657 707//707 14//14
f 709//709 707//707 657//657
f 188//188 718//718 716//716
f 718//718 186//186 709//709
f 716//716 709//709 170//170
f 718//718 709//709 716//716
f 50//50 723//723 695//695
f 723//723 190//190 726//726
f 695//695 726//726 182//182
f 723//723 726//726 695//695
f 190//190 724//724 728//728
f 724//724 52//52 715//715
f 728//728 715//715 188//188
f 724//724 715//715 728//728
f 182//182 717//717 694//694
f 717//717 188//188 714//714
f 694//694 714//714 46//46
f 717//717 714//714 694//694
f 190//190 728//728 726//726
f 728//728 188//188 717//717
f 726//726 717//717 182//182
f 728//728 717//717 726//726
f 16//16 701//701 733//733
f 701//701 184//184 735//735
f 733//733 735//735 192//192
f 701//701 735//735 733//733
f 184//184 702//702 749//749
f 702//702 51//51 747//747
f 749//749 747//747 195//195
f 702//702 747//747 749//749
f 192//192 751//751 734//734
f 751//751 195//195 748//748
f 734//734 748//748 53//53
f 751//751 748//748 734//734
f 184//184 749//749 735//735
f 749//749 195//195 751//751
f 735//735 751//751 192//192
f 749//749 751//751 735//735
f 51//51 699//699 704//704
f 699//699 183//183 706//706
f 704//704 706//706 185//185
f 699//699 706//706 704//704
f 183//183 698//698 700//700
f 698//698 5//5 668//668
f 700//700 668//668 174//174
f 698//698 668//668 700//700
f 185//185 705//705 703//703
f 705//705 174//174 669//669
f 703//703 669//669 48//48
f 705//705 669//669 703//703
f 183//183 700//700 706//706
f 700//700 174//174 705//705
f 706//706 705//705 185//185
f 700//700 705//705 706//706
f 53//53 738//738 730//730
f 738//738 193//193 741//741
f 730//730 741//741 191//191
f 738//738 741//741 730//730
f 193//193 737//737 739//739
f 737//737 48//48 671//671
f 739//739 671//671 175//175
f 737//737 671//671 739//739
f 191//191 731//731 729//729
f 731//731 175//175 670//670
f 729//729 670//670 15//15
f 731//731 670//670 729//729
f 193//193 739//739 741//741
f 739//739 175//175 731//731
f 741//741 731//731 191//191
f 739//739 731//731 741//741
f 51//51 704//704 747//747
f 704//704 185//185 750//750
f 747//747 750//750 195//195
f 704//704 750//750 747//747
f 185//185 703//703 740//740
f 703//703 48//48 737//737
f 740//740 737//737 193//193
f 703//703 737//737 740//740
f 195//195 752//752 748//748
f 752//752 193//193 738//738
f 748//748 738//738 53//53
f 752//752 738//738 748//748
f 185//185 740//740 750//750
f 740//740 193//193 752//752
f 750//750 752//752 195//195
f 740//740 752//752 750//750
f 14//14 672//672 653//653
f 672//672 176//176 674//674
f 653//653 674//674 168//168
f 672//672 674//674 653//653
f 176//176 673//673 682//682
f 673//673 49//49 679//679
f 682//682 679//679 178//178
f 673//673 679//679 682//682
f 168//168 680//680 654//654
f 680//680 178//178 678//678
f 654//654 678//678 45//45
f 680//680 678//678 654//654
f 176//176 682//682 674//674
f 682//682 178//178 680//680
f 674//674 680//680 168//168
f 682//682 680//680 674//674
f 49//49 676//676 684//684
f 676//676 177//177 687//687
f 684//684 687//687 179//179
f 676//676 687//687 684//684
f 177//177 675//675 677//677
f 675//675 15//15 662//662
f 677//677 662//662 172//172
f 675//675 662//662 677//677
f 179//179 685//685 683//683
f 685//685 172//172 663//663
f 683//683 663//663 47//47
f 685//685 663//663 683//683
f 177//177 677//677 687//687
f 677//677 172//172 685//685
f 687//687 685//685 179//179
f 677//677 685//685 687//687
f 45//45 664//664 652//652
f 664//664 173//173 666//666
f 652//652 666//666 167//167
f 664//664 666//666 652//652
f 173//173 665//665 667//667
f 665//665 47//47 660//660
f 667//667 660//660 171//171
f 665//665 660//660 667//667
f 167//167 661//661 651//651
f 661//661 171//171 659//659
f 651//651 659//659 3//3
f 661//661 659//659 651//651
f 173//173 667//667 666//666
f 667//667 171//171 661//661
f 666//666 661//661 167//167
f 667//667 661//661 666//666
f 49//49 684//684 679//679
f 684//684 179//179 688//688
f 679//679 688//688 178//178
f 684//684 688//688 679//679
f 179//179 683//683 686//686
f 683//683 47//47 665//665
f 686//686 665//665 173//173
f 683//683 665//665 686//686
f 178//178 681//681 678//678
f 681//681 173//173 664//664
f 678//678 664//664 45//45
f 681//681 664//664 678//678
f 179//179 686//686 688//688
f 686//686 173//173 681//681
f 688//688 681//681 178//178
f 686//686 681//681 688//688
f 16//16 733//733 711//711
f 733//733 192//192 736//736
f 711//711 736//736 187//187
f 733//733 736//736 711//711
f 192//192 734//734 757//757
f 734//734 53//53 754//754
f 757//757 754//754 196//196
f 734//734 754//754 757//757
f 187//187 755//755 712//712
f 755//755 196//196 753//753
f 712//712 753//753 52//52
f 755//755 753//753 712//712
f 192//192 757//757 736//736
f 757//757 196//196 755//755
f 736//736 755//755 187//187
f 757//757 755//755 736//736
f 53//53 730//730 743//743
f 730//730 191//191 746//746
f 743//743 746//746 194//194
f 730//730 746//746 743//743
f 191//191 729//729 732//732
f 729//729 15//15 675//675
f 732//732 675//675 177//177
f 729//729 675//675 732//732
f 194//194 744//744 742//742
f 744//744 177//177 676//676
f 742//742 676//676 49//49
f 744//744 676//676 742//742
f 191//191 732//732 746//746
f 732//732 177//177 744//744
f 746//746 744//744 194//194
f 732//732 744//744 746//746
f 52//52 720//720 708//708
f 720//720 189//189 722//722
f 708//708 722//722 186//186
f 720//720 722//722 708//708
f 189//189 719//719 721//721
f 719//719 49//49 673//673
f 721//721 673//673 176//176
f 719//719 673//673 721//721
f 186//186 710//710 707//707
f 710//710 176//176 672//672
f 707//707 672//672 14//14
f 710//710 672//672 707//707
f 189//189 721//721 722//722
f 721//721 176//176 710//710
f 722//722 710//710 186//186
f 721//721 710//710 722//722
f 53//53 743//743 754//754
f 743//743 194//194 758//758
f 754//754 758//758 196//196
f 743//743 758//758 754//754
f 194//194 742//742 745//745
f 742//742 49//49 719//719
f 745//745 719//719 189//189
f 742//742 719//719 745//745
f 196//196 756//756 753//753
f 756//756 189//189 720//720
f 753//753 720//720 52//52
f 756//756 720//720 753//753
f 194//194 745//745 758//758
f 745//745 189//189 756//756
f 758//758 756//756 196//196
f 745//745 756//756 758//758
f 4//4 655//655 897//897
f 655//655 169//169 899//899
f 897//897 899//899 236//236
f 655//655 899//899 897//897
f 169//169 656//656 904//904
f 656//656 46//46 902//902
f 904//904 902//902 238//238
f 656//656 902//902 904//904
f 236//236 905//905 898//898
f 905//905 238//238 903//903
f 898//898 903//903 66//66
f 905//905 903//903 898//898
f 169//169 904//904 899//899
f 904//904 238//238 905//905
f 899//899 905//905 236//236
f 904//904 905//905 899//899
f 46//46 658//658 922//922
f 658//658 170//170 924//924
f 922//922 924//924 244//244
f 658//658 924//924 922//922
f 170//170 657//657 917//917
f 657//657 14//14 915//915
f 917//917 915//915 242//242
f 657//657 915//915 917//917
f 244//244 926//926 923//923
f 926//926 242//242 916//916
f 923//923 916//916 68//68
f 926//926 916//916 923//923
f 170//170 917//917 924//924
f 917//917 242//242 926//926
f 924//924 926//926 244//244
f 917//917 926//926 924//924
f 66//66 931//931 901//901
f 931//931 246//246 933//933
f 901//901 933//933 237//237
f 931//931 933//933 901//901
f 246//246 932//932 935//935
f 932//932 68//68 920//920
f 935//935 920//920 243//243
f 932//932 920//920 935//935
f 237//237 921//921 900//900
f 921//921 243//243 919//919
f 900//900 919//919 21//21
f 921//921 919//919 900//900
f 246//246 935//935 933//933
f 935//935 243//243 921//921
f 933//933 921//921 237//237
f 935//935 921//921 933//933
f 46//46 922//922 902//902
f 922//922 244//244 925//925
f 902//902 925//925 238//238
f 922//922 925//925 902//902
f 244//244 923//923 936//936
f 923//923 68//68 932//932
f 936//936 932//932 246//246
f 923//923 932//932 936//936
f 238//238 934//934 903//903
f 934//934 246//246 931//931
f 903//903 931//931 66//66
f 934//934 931//931 903//903
f 244//244 936//936 925//925
f 936//936 246//246 934//934
f 925//925 934//934 238//238
f 936//936 934//934 925//925
f 14//14 653//653 880//880
f 653//653 168//168 882//882
f 880//880 882//882 232//232
f 653//653 882//882 880//880
f 168//168 654//654 888//888
f 654//654 45//45 886//886
f 888//888 886//886 234//234
f 654//654 886//886 888//888
f 232//232 890//890 881//881
f 890//890 234//234 887//887
f 881//881 887//887 65//65
f 890//890 887//887 881//881
f 168//168 888//888 882//882
f 888//888 234//234 890//890
f 882//882 890//890 232//232
f 888//888 890//890 882//882
f 45//45 652//652 872//872
f 652//652 167//167 874//874
f 872//872 874//874 229//229
f 652//652 874//874 872//872
f 167//167 651//651 869//869
f 651//651 3//3 867//867
f 869//869 867//867 227//227
f 651//651 867//867 869//869
f 229//229 875//875 873//873
f 875//875 227//227 868//868
f 873//873 868//868 63//63
f 875//875 868//868 873//873
f 167//167 869//869 874//874
f 869//869 227//227 875//875
f 874//874 875//875 229//229
f 869//869 875//875 874//874
f 65//65 892//892 884//884
f 892//892 235//235 895//895
f 884//884 895//895 233//233
f 892//892 895//895 884//884
f 235//235 891//891 893//893
f 891//891 63//63 871//871
f 893//893 871//871 228//228
f 891//891 871//871 893//893
f 233//233 885//885 883//883
f 885//885 228//228 870//870
f 883//883 870//870 20//20
f 885//885 870//870 883//883
f 235//235 893//893 895//895
f 893//893 228//228 885//885
f 895//895 885//885 233//233
f 893//893 885//885 895//895
f 45//45 872//872 886//886
f 872//872 229//229 889//889
f 886//886 889//889 234//234
f 872//872 889//889 886//886
f 229//229 873//873 894//894
f 873//873 63//63 891//891
f 894//894 891//891 235//235
f 873//873 891//891 894//894
f 234//234 896//896 887//887
f 896//896 235//235 892//892
f 887//887 892//892 65//65
f 896//896 892//892 887//887
f 229//229 894//894 889//889
f 894//894 235//235 896//896
f 889//889 896//896 234//234
f 894//894 896//896 889//889
f 21//21 941//941 909//909
f 941//941 248//248 943//943
f 909//909 943//943 240//240
f 941//941 943//943 909//909
f 248//248 942//942 959//959
f 942//942 69//69 956//956
f 959//959 956//956 251//251
f 942//942 956//956 959//959
f 240//240 957//957 910//910
f 957//957 251//251 955//955
f 910//910 955//955 67//67
f 957//957 955//955 910//910
f 248//248 959//959 943//943
f 959//959 251//251 957//957
f 943//943 957//957 240//240
f 959//959 957//957 943//943
f 69//69 938//938 946//946
f 938//938 247//247 949//949
f 946//946 949//949 249//249
f 938//938 949//949 946//946
f 247//247 937//937 939//939
f 937//937 20//20 878//878
f 939//939 878//878 231//231
f 937//937 878//878 939//939
f 249//249 947//947 945//945
f 947//947 231//231 879//879
f 945//945 879//879 64//64
f 947//947 879//879 945//945
f 247//247 939//939 949//949
f 939//939 231//231 947//947
f 949//949 947//947 249//249
f 939//939 947//947 949//949
f 67//67 912//912 907//907
f 912//912 241//241 914//914
f 907//907 914//914 239//239
f 912//912 914//914 907//907
f 241//241 911//911 913//913
f 911//911 64//64 877//877
f 913//913 877//877 230//230
f 911//911 877//877 913//913
f 239//239 908//908 906//906
f 908//908 230//230 876//876
f 906//906 876//876 7//7
f 908//908 876//876 906//906
f 241//241 913//913 914//914
f 913//913 230//230 908//908
f 914//914 908//908 239//239
f 913//913 908//908 914//914
f 69//69 946//946 956//956
f 946//946 249//249 960//960
f 956//956 960//960 251//251
f 946//946 960//960 956//956
f 249//249 945//945 948//948
f 945//945 64//64 911//911
f 948//948 911//911 241//241
f 945//945 911//911 948//948
f 251//251 958//958 955//955
f 958//958 241//241 912//912
f 955//955 912//912 67//67
f 958//958 912//912 955//955
f 249//249 948//948 960//960
f 948//948 241//241 958//958
f 960//960 958//958 251//251
f 948//948 958//958 960//960
f 14//14 880//880 915//915
f 880//880 232//232 918//918
f 915//915 918//918 242//242
f 880//880 918//918 915//915
f 232//232 881//881 929//929
f 881//881 65//65 927//927
f 929//929 927//927 245//245
f 881//881 927//927 929//929
f 242//242 930//930 916//916
f 930//930 245//245 928//928
f 916//916 928//928 68//68
f 930//930 928//928 916//916
f 232//232 929//929 918//918
f 929//929 245//245 930//930
f 918//918 930//930 242//242
f 929//929 930//930 918//918
f 65//65 884//884 950//950
f 884//884 233//233 952//952
f 950//950 952//952 250//250
f 884//884 952//952 950//950
f 233//233 883//883 940//940
f 883//883 20//20 937//937
f 940//940 937//937 247//247
f 883//883 937//937 940//940
f 250//250 954//954 951//951
f 954//954 247//247 938//938
f 951//951 938//938 69//69
f 954//954 938//938 951//951
f 233//233 940//940 952//952
f 940//940 247//247 954//954
f 952//952 954//954 250//250
f 940//940 954//954 952//952
f 68//68 961//961 920//920
f 961//961 252//252 963//963
f 920//920 963//963 243//243
f 961//961 963//963 920//920
f 252//252 962//962 965//965
f 962//962 69//69 942//942
f 965//965 942//942 248//248
f 962//962 942//942 965//965
f 243//243 944//944 919//919
f 944//944 248//248 941//941
f 919//919 941//941 21//21
f 944//944 941//941 919//919
f 252//252 965//965 963//963
f 965//965 248//248 944//944
f 963//963 944//944 243//243
f 965//965 944//944 963//963
f 65//65 950//950 927//927
f 950//950 250//250 953//953
f 927//927 953//953 245//245
f 950//950 953//953 927//927
f 250//250 951//951 966//966
f 951//951 69//69 962//962
f 966//966 962//962 252//252
f 951//951 962//962 966//966
f 245//245 964//964 928//928
f 964//964 252//252 961//961
f 928//928 961//961 68//68
f 964//964 961//961 928//928
f 250//250 966//966 953//953
f 966//966 252//252 964//964
f 953//953 964//964 245//245
f 966//966 964//964 953//953
f 4//4 897//897 1105//1105
f 897//897 236//236 1107//1107
f 1105//1105 1107//1107 292//292
f 897//897 1107//1107 1105//1105
f 236//236 898//898 1112//1112
f 898//898 66//66 1110//1110
f 1112//1112 1110//1110 294//294
f 898//898 1110//1110 1112//1112
f 292//292 1113//1113 1106//1106
f 1113//1113 294//294 1111//1111
f 1106//1106 1111//1111 82//82
f 1113//1113 1111//1111 1106//1106
f 236//236 1112//1112 1107//1107
f 1112//1112 294//294 1113//1113
f 1107//1107 1113//1113 292//292
f 1112//1112 1113//1113 1107//1107
f 66//66 901//901 1124//1124
f 901//901 237//237 1126//1126
f 1124//1124 1126//1126 299//299
f 901//901 1126//1126 1124//1124
f 237//237 900//900 1120//1120
f 900//900 21//21 1118//1118
f 1120//1120 1118//1118 297//297
f 900//900 1118//1118 1120//1120
f 299//299 1128//1128 1125//1125
f 1128//1128 297//297 1119//1119
f 1125//1125 1119//1119 84//84
f 1128//1128 1119//1119 1125//1125
f 237//237 1120//1120 1126//1126
f 1120//1120 297//297 1128//1128
f 1126//1126 1128//1128 299//299
f 1120//1120 1128//1128 1126//1126
f 82//82 1129//1129 1109//1109
f 1129//1129 300//300 1131//1131
f 1109//1109 1131//1131 293//293
f 1129//1129 1131//1131 1109//1109
f 300//300 1130//1130 1133//1133
f 1130//1130 84//84 1122//1122
f 1133//1133 1122//1122 298//298
f 1130//1130 1122//1122 1133//1133
f 293//293 1123//1123 1108//1108
f 1123//1123 298//298 1121//1121
f 1108//1108 1121//1121 26//26
f 1123//1123 1121//1121 1108//1108
f 300//300 1133//1133 1131//1131
f 1133//1133 298//298 1123//1123
f 1131//1131 1123//1123 293//293
f 1133//1133 1123//1123 1131//1131
f 66//66 1124//1124 1110//1110
f 1124//1124 299//299 1127//1127
f 1110//1110 1127//1127 294//294
f 1124//1124 1127//1127 1110//1110
f 299//299 1125//1125 1134//1134
f 1125//1125 84//84 1130//1130
f 1134//1134 1130//1130 300//300
f 1125//1125 1130//1130 1134//1134
f 294//294 1132//1132 1111//1111
f 1132//1132 300//300 1129//1129
f 1111//1111 1129//1129 82//82
f 1132//1132 1129//1129 1111//1111
f 299//299 1134//1134 1127//1127
f 1134//1134 300//300 1132//1132
f 1127//1127 1132//1132 294//294
f 1134//1134 1132//1132 1127//1127
f 21//21 909//909 1158//1158
f 909//909 240//240 1160//1160
f 1158//1158 1160//1160 308//308
f 909//909 1160//1160 1158//1158
f 240//240 910//910 1167//1167
f 910//910 67//67 1165//1165
f 1167//1167 1165//1165 310//310
f 910//910 1165//1165 1167//1167
f 308//308 1169//1169 1159//1159
f 1169//1169 310//310 1166//1166
f 1159//1159 1166//1166 87//87
f 1169//1169 1166//1166 1159//1159
f 240//240 1167//1167 1160//1160
f 1167//1167 310//310 1169//1169
f 1160//1160 1169//1169 308//308
f 1167//1167 1169//1169 1160//1160
f 67//67 907//907 1141//1141
f 907//907 239//239 1143//1143
f 1141//1141 1143//1143 303//303
f 907//907 1143//1143 1141//1141
f 239//239 906//906 1137//1137
f 906//906 7//7 1135//1135
f 1137//1137 1135//1135 301//301
f 906//906 1135//1135 1137//1137
f 303//303 1144//1144 1142//1142
f 1144//1144 301//301 1136//1136
f 1142//1142 1136//1136 85//85
f 1144//1144 1136//1136 1142//1142
f 239//239 1137//1137 1143//1143
f 1137//1137 301//301 1144//1144
f 1143//1143 1144//1144 303//303
f 1137//1137 1144//1144 1143//1143
f 87//87 1175//1175 1163//1163
f 1175//1175 312//312 1178//1178
f 1163//1163 1178//1178 309//309
f 1175//1175 1178//1178 1163//1163
f 312//312 1174//1174 1176//1176
f 1174//1174 85//85 1140//1140
f 1176//1176 1140//1140 302//302
f 1174//1174 1140//1140 1176//1176
f 309//309 1164//1164 1162//1162
f 1164//1164 302//302 1139//1139
f 1162//1162 1139//1139 27//27
f 1164//1164 1139//1139 1162//1162
f 312//312 1176//1176 1178//1178
f 1176//1176 302//302 1164//1164
f 1178//1178 1164//1164 309//309
f 1176//1176 1164//1164 1178//1178
f 67//67 1141//1141 1165//1165
f 1141//1141 303//303 1168//1168
f 1165//1165 1168//1168 310//310
f 1141//1141 1168//1168 1165//1165
f 303//303 1142//1142 1177//1177
f 1142//1142 85//85 1174//1174
f 1177//1177 1174//1174 312//312
f 1142//1142 1174//1174 1177//1177
f 310//310 1179//1179 1166//1166
f 1179//1179 312//312 1175//1175
f 1166//1166 1175//1175 87//87
f 1179//1179 1175//1175 1166//1166
f 303//303 1177//1177 1168//1168
f 1177//1177 312//312 1179//1179
f 1168//1168 1179//1179 310//310
f 1177//1177 1179//1179 1168//1168
f 26//26 1197//1197 1116//1116
f 1197//1197 317//317 1199//1199
f 1116//1116 1199//1199 296//296
f 1197//1197 1199//1199 1116//1116
f 317//317 1198//1198 1209//1209
f 1198//1198 89//89 1206//1206
f 1209//1209 1206//1206 319//319
f 1198//1198 1206//1206 1209//1209
f 296//296 1207//1207 1117//1117
f 1207//1207 319//319 1205//1205
f 1117//1117 1205//1205 83//83
f 1207//1207 1205//1205 1117//1117
f 317//317 1209//1209 1199//1199
f 1209//1209 319//319 1207//1207
f 1199//1199 1207//1207 296//296
f 1209//1209 1207//1207 1199//1199
f 89//89 1202//1202 1216//1216
f 1202//1202 318//318 1219//1219
f 1216//1216 1219//1219 321//321
f 1202//1202 1219//1219 1216//1216
f 318//318 1201//1201 1203//1203
f 1201//1201 27//27 1152//1152
f 1203//1203 1152//1152 306//306
f 1201//1201 1152//1152 1203//1203
f 321//321 1217//1217 1215//1215
f 1217//1217 306//306 1153//1153
f 1215//1215 1153//1153 86//86
f 1217//1217 1153//1153 1215//1215
f 318//318 1203//1203 1219//1219
f 1203//1203 306//306 1217//1217
f 1219//1219 1217//1217 321//321
f 1203//1203 1217//1217 1219//1219
f 83//83 1154//1154 1115//1115
f 1154//1154 307//307 1156//1156
f 1115//1115 1156//1156 295//295
f 1154//1154 1156//1156 1115//1115
f 307//307 1155//1155 1157//1157
f 1155//1155 86//86 1150//1150
f 1157//1157 1150//1150 305//305
f 1155//1155 1150//1150 1157//1157
f 295//295 1151//1151 1114//1114
f 1151//1151 305//305 1149//1149
f 1114//1114 1149//1149 9//9
f 1151//1151 1149//1149 1114//1114
f 307//307 1157//1157 1156//1156
f 1157//1157 305//305 1151//1151
f 1156//1156 1151//1151 295//295
f 1157//1157 1151//1151 1156//1156
f 89//89 1216//1216 1206//1206
f 1216//1216 321//321 1220//1220
f 1206//1206 1220//1220 319//319
f 1216//1216 1220//1220 1206//1206
f 321//321 1215//1215 1218//1218
f 1215//1215 86//86 1155//1155
f 1218//1218 1155//1155 307//307
f 1215//1215 1155//1155 1218//1218
f 319//319 1208//1208 1205//1205
f 1208//1208 307//307 1154//1154
f 1205//1205 1154//1154 83//83
f 1208//1208 1154//1154 1205//1205
f 321//321 1218//1218 1220//1220
f 1218//1218 307//307 1208//1208
f 1220//1220 1208//1208 319//319
f 1218//1218 1208//1208 1220//1220
f 21//21 1158//1158 1118//1118
f 1158//1158 308//308 1161//1161
f 1118//1118 1161//1161 297//297
f 1158//1158 1161//1161 1118//1118
f 308//308 1159//1159 1173//1173
f 1159//1159 87//87 1171//1171
f 1173//1173 1171//1171 311//311
f 1159//1159 1171//1171 1173//1173
f 297//297 1172//1172 1119//1119
f 1172//1172 311//311 1170//1170
f 1119//1119 1170//1170 84//84
f 1172//1172 1170//1170 1119//1119
f 308//308 1173//1173 1161//1161
f 1173//1173 311//311 1172//1172
f 1161//1161 1172//1172 297//297
f 1173//1173 1172//1172 1161//1161
f 87//87 1163//1163 1221//1221
f 1163//1163 309//309 1223//1223
f 1221//1221 1223//1223 322//322
f 1163//1163 1223//1223 1221//1221
f 309//309 1162//1162 1204//1204
f 1162//1162 27//27 1201//1201
f 1204//1204 1201//1201 318//318
f 1162//1162 1201//1201 1204//1204
f 322//322 1225//1225 1222//1222
f 1225//1225 318//318 1202//1202
f 1222//1222 1202//1202 89//89
f 1225//1225 1202//1202 1222//1222
f 309//309 1204//1204 1223//1223
f 1204//1204 318//318 1225//1225
f 1223//1223 1225//1225 322//322
f 1204//1204 1225//1225 1223//1223
f 84//84 1210//1210 1122//1122
f 1210//1210 320//320 1212//1212
f 1122//1122 1212//1212 298//298
f 1210//1210 1212//1212 1122//1122
f 320//320 1211//1211 1214//1214
f 1211//1211 89//89 1198//1198
f 1214//1214 1198//1198 317//317
f 1211//1211 1198//1198 1214//1214
f 298//298 1200//1200 1121//1121
f 1200//1200 317//317 1197//1197
f 1121//1121 1197//1197 26//26
f 1200//1200 1197//1197 1121//1121
f 320//320 1214//1214 1212//1212
f 1214//1214 317//317 1200//1200
f 1212//1212 1200//1200 298//298
f 1214//1214 1200//1200 1212//1212
f 87//87 1221//1221 1171//1171
f 1221//1221 322//322 1224//1224
f 1171//1171 1224//1224 311//311
f 1221//1221 1224//1224 1171//1171
f 322//322 1222//1222 1226//1226
f 1222//1222 89//89 1211//1211
f 1226//1226 1211//1211 320//320
f 1222//1222 1211//1211 1226//1226
f 311//311 1213//1213 1170//1170
f 1213//1213 320//320 1210//1210
f 1170//1170 1210//1210 84//84
f 1213//1213 1210//1210 1170//1170
f 322//322 1226//1226 1224//1224
f 1226//1226 320//320 1213//1213
f 1224//1224 1213//1213 311//311
f 1226//1226 1213//1213 1224//1224
f 4//4 1105//1105 1411//1411
f 1105//1105 292//292 1414//1414
f 1411//1411 1414//1414 367//367
f 1105//1105 1414//1414 1411//1411
f 292//292 1106//1106 1423//1423
f 1106//1106 82//82 1421//1421
f 1423//1423 1421//1421 370//370
f 1106//1106 1421//1421 1423//1423
f 367//367 1424//1424 1412//1412
f 1424//1424 370//370 1422//1422
f 1412//1412 1422//1422 100//100
f 1424//1424 1422//1422 1412//1412
f 292//292 1423//1423 1414//1414
f 1423//1423 370//370 1424//1424
f 1414//1414 1424//1424 367//367
f 1423//1423 1424//1424 1414//1414
f 82//82 1109//1109 1452//1452
f 1109//1109 293//293 1454//1454
f 1452//1452 1454//1454 379//379
f 1109//1109 1454//1454 1452//1452
f 293//293 1108//1108 1448//1448
f 1108//1108 26//26 1446//1446
f 1448//1448 1446//1446 377//377
f 1108//1108 1446//1446 1448//1448
f 379//379 1456//1456 1453//1453
f 1456//1456 377//377 1447//1447
f 1453//1453 1447//1447 103//103
f 1456//1456 1447//1447 1453//1453
f 293//293 1448//1448 1454//1454
f 1448//1448 377//377 1456//1456
f 1454//1454 1456//1456 379//379
f 1448//1448 1456//1456 1454//1454
f 100//100 1457//1457 1416//1416
f 1457//1457 380//380 1459//1459
f 1416//1416 1459//1459 368//368
f 1457//1457 1459//1459 1416//1416
f 380//380 1458//1458 1461//1461
f 1458//1458 103//103 1450//1450
f 1461//1461 1450//1450 378//378
f 1458//1458 1450//1450 1461//1461
f 368//368 1451//1451 1415//1415
f 1451//1451 378//378 1449//1449
f 1415//1415 1449//1449 30//30
f 1451//1451 1449//1449 1415//1415
f 380//380 1461//1461 1459//1459
f 1461//1461 378//378 1451//1451
f 1459//1459 1451//1451 368//368
f 1461//1461 1451//1451 1459//1459
f 82//82 1452//1452 1421//1421
f 1452//1452 379//379 1455//1455
f 1421//1421 1455//1455 370//370
f 1452//1452 1455//1455 1421//1421
f 379//379 1453//1453 1462//1462
f 1453//1453 103//103 1458//1458
f 1462//1462 1458//1458 380//380
f 1453//1453 1458//1458 1462//1462
f 370//370 1460//1460 1422//1422
f 1460//1460 380//380 1457//1457
f 1422//1422 1457//1457 100//100
f 1460//1460 1457//1457 1422//1422
f 379//379 1462//1462 1455//1455
f 1462//1462 380//380 1460//1460
f 1455//1455 1460//1460 370//370
f 1462//1462 1460//1460 1455//1455
f 26//26 1116//1116 1737//1737
f 1116//1116 296//296 1739//1739
f 1737//1737 1739//1739 446//446
f 1116//1116 1739//1739 1737//1737
f 296//296 1117//1117 1746//1746
f 1117//1117 83//83 1744//1744
f 1746//1746 1744//1744 448//448
f 1117//1117 1744//1744 1746//1746
f 446//446 1748//1748 1738//1738
f 1748//1748 448//448 1745//1745
f 1738//1738 1745//1745 118//118
f 1748//1748 1745//1745 1738//1738
f 296//296 1746//1746 1739//1739
f 1746//1746 448//448 1748//1748
f 1739//1739 1748//1748 446//446
f 1746//1746 1748//1748 1739//1739
f 83//83 1115//1115 1697//1697
f 1115//1115 295//295 1699//1699
f 1697//1697 1699//1699 436//436
f 1115//1115 1699//1699 1697//1697
f 295//295 1114//1114 1690//1690
f 1114//1114 9//9 1687//1687
f 1690//1690 1687//1687 433//433
f 1114//1114 1687//1687 1690//1690
f 436//436 1700//1700 1698//1698
f 1700//1700 433//433 1688//1688
f 1698//1698 1688//1688 115//115
f 1700//1700 1688//1688 1698//1698
f 295//295 1690//1690 1699//1699
f 1690//1690 433//433 1700//1700
f 1699//1699 1700//1700 436//436
f 1690//1690 1700//1700 1699//1699
f 118//118 1754//1754 1742//1742
f 1754//1754 450//450 1757//1757
f 1742//1742 1757//1757 447//447
f 1754//1754 1757//1757 1742//1742
f 450//450 1753//1753 1755//1755
f 1753//1753 115//115 1692//1692
f 1755//1755 1692//1692 434//434
f 1753//1753 1692//1692 1755//1755
f 447//447 1743//1743 1741//1741
f 1743//1743 434//434 1691//1691
f 1741//1741 1691//1691 33//33
f 1743//1743 1691//1691 1741//1741
f 450//450 1755//1755 1757//1757
f 1755//1755 434//434 1743//1743
f 1757//1757 1743//1743 447//447
f 1755//1755 1743//1743 1757//1757
f 83//83 1697//1697 1744//1744
f 1697//1697 436//436 1747//1747
f 1744//1744 1747//1747 448//448
f 1697//1697 1747//1747 1744//1744
f 436//436 1698//1698 1756//1756
f 1698//1698 115//115 1753//1753
f 1756//1756 1753//1753 450//450
f 1698//1698 1753//1753 1756//1756
f 448//448 1758//1758 1745//1745
f 1758//1758 450//450 1754//1754
f 1745//1745 1754//1754 118//118
f 1758//1758 1754//1754 1745//1745
f 436//436 1756//1756 1747//1747
f 1756//1756 450//450 1758//1758
f 1747//1747 1758//1758 448//448
f 1756//1756 1758//1758 1747//1747
f 30//30 1789//1789 1427//1427
f 1789//1789 457//457 1791//1791
f 1427//1427 1791//1791 372//372
f 1789//1789 1791//1791 1427//1427
f 457//457 1790//1790 1801//1801
f 1790//1790 120//120 1798//1798
f 1801//1801 1798//1798 459//459
f 1790//1790 1798//1798 1801//1801
f 372//372 1799//1799 1428//1428
f 1799//1799 459//459 1797//1797
f 1428//1428 1797//1797 101//101
f 1799//1799 1797//1797 1428//1428
f 457//457 1801//1801 1791//1791
f 1801//1801 459//459 1799//1799
f 1791//1791 1799//1799 372//372
f 1801//1801 1799//1799 1791//1791
f 120//120 1794//1794 1808//1808
f 1794//1794 458//458 1811//1811
f 1808//1808 1811//1811 461//461
f 1794//1794 1811//1811 1808//1808
f 458//458 1793//1793 1795//1795
f 1793//1793 33//33 1705//1705
f 1795//1795 1705//1705 438//438
f 1793//1793 1705//1705 1795//1795
f 461//461 1809//1809 1807//1807
f 1809//1809 438//438 1706//1706
f 1807//1807 1706//1706 116//116
f 1809//1809 1706//1706 1807//1807
f 458//458 1795//1795 1811//1811
f 1795//1795 438//438 1809//1809
f 1811//1811 1809//1809 461//461
f 1795//1795 1809//1809 1811//1811
f 101//101 1711//1711 1426//1426
f 1711//1711 440//440 1713//1713
f 1426//1426 1713//1713 371//371
f 1711//1711 1713//1713 1426//1426
f 440//440 1712//1712 1714//1714
f 1712//1712 116//116 1702//1702
f 1714//1714 1702//1702 437//437
f 1712//1712 1702//1702 1714//1714
f 371//371 1704//1704 1425//1425
f 1704//1704 437//437 1701//1701
f 1425//1425 1701//1701 10//10
f 1704//1704 1701//1701 1425//1425
f 440//440 1714//1714 1713//1713
f 1714//1714 437//437 1704//1704
f 1713//1713 1704//1704 371//371
f 1714//1714 1704//1704 1713//1713
f 120//120 1808//1808 1798//1798
f 1808//1808 461//461 1812//1812
f 1798//1798 1812//1812 459//459
f 1808//1808 1812//1812 1798//1798
f 461//461 1807//1807 1810//1810
f 1807//1807 116//116 1712//1712
f 1810//1810 1712//1712 440//440
f 1807//1807 1712//1712 1810//1810
f 459//459 1800//1800 1797//1797
f 1800//1800 440//440 1711//1711
f 1797//1797 1711//1711 101//101
f 1800//1800 1711//1711 1797//1797
f 461//461 1810//1810 1812//1812
f 1810//1810 440//440 1800//1800
f 1812//1812 1800//1800 459//459
f 1810//1810 1800//1800 1812//1812
f 26//26 1737//1737 1446//1446
f 1737//1737 446//446 1740//1740
f 1446//1446 1740//1740 377//377
f 1737//1737 1740//1740 1446//1446
f 446//446 1738//1738 1752//1752
f 1738//1738 118//118 1750//1750
f 1752//1752 1750//1750 449//449
f 1738//1738 1750//1750 1752//1752
f 377//377 1751//1751 1447//1447
f 1751//1751 449//449 1749//1749
f 1447//1447 1749//1749 103//103
f 1751//1751 1749//1749 1447//1447
f 446//446 1752//1752 1740//1740
f 1752//1752 449//449 1751//1751
f 1740//1740 1751//1751 377//377
f 1752//1752 1751//1751 1740//1740
f 118//118 1742//1742 1813//1813
f 1742//1742 447//447 1815//1815
f 1813//1813 1815//1815 462//462
f 1742//1742 1815//1815 1813//1813
f 447//447 1741//1741 1796//1796
f 1741//1741 33//33 1793//1793
f 1796//1796 1793//1793 458//458
f 1741//1741 1793//1793 1796//1796
f 462//462 1817//1817 1814//1814
f 1817//1817 458//458 1794//1794
f 1814//1814 1794//1794 120//120
f 1817//1817 1794//1794 1814//1814
f 447//447 1796//1796 1815//1815
f 1796//1796 458//458 1817//1817
f 1815//1815 1817//1817 462//462
f 1796//1796 1817//1817 1815//1815
f 103//103 1802//1802 1450//1450
f 1802//1802 460//460 1804//1804
f 1450//1450 1804//1804 378//378
f 1802//1802 1804//1804 1450//1450
f 460//460 1803//1803 1806//1806
f 1803//1803 120//120 1790//1790
f 1806//1806 1790//1790 457//457
f 1803//1803 1790//1790 1806//1806
f 378//378 1792//1792 1449//1449
f 1792//1792 457//457 1789//1789
f 1449//1449 1789//1789 30//30
f 1792//1792 1789//1789 1449//1449
f 460//460 1806//1806 1804//1804
f 1806//1806 457//457 1792//1792
f 1804//1804 1792//1792 378//378
f 1806//1806 1792//1792 1804//1804
f 118//118 1813//1813 1750//1750
f 1813//1813 462//462 1816//1816
f 1750//1750 1816//1816 449//449
f 1813//1813 1816//1816 1750//1750
f 462//462 1814//1814 1818//1818
f 1814//1814 120//120 1803//1803
f 1818//1818 1803//1803 460//460
f 1814//1814 1803//1803 1818//1818
f 449//449 1805//1805 1749//1749
f 1805//1805 460//460 1802//1802
f 1749//1749 1802//1802 103//103
f 1805//1805 1802//1802 1749//1749
f 462//462 1818//1818 1816//1816
f 1818//1818 460//460 1805//1805
f 1816//1816 1805//1805 449//449
f 1818//1818 1805//1805 1816//1816
f 5//5 1463//1463 859//859
f 1463//1463 381//381 1466//1466
f 859//859 1466//1466 223//223
f 1463//1463 1466//1466 859//859
f 381//381 1464//1464 1476//1476
f 1464//1464 104//104 1474//1474
f 1476//1476 1474//1474 384//384
f 1464//1464 1474//1474 1476//1476
f 223//223 1475//1475 860//860
f 1475//1475 384//384 1473//1473
f 860//860 1473//1473 61//61
f 1475//1475 1473//1473 860//860
f 381//381 1476//1476 1466//1466
f 1476//1476 384//384 1475//1475
f 1466//1466 1475//1475 223//223
f 1476//1476 1475//1475 1466//1466
f 104//104 1468//1468 1519//1519
f 1468//1468 382//382 1521//1521
f 1519//1519 1521//1521 396//396
f 1468//1468 1521//1521 1519//1519
f 382//382 1467//1467 1513//1513
f 1467//1467 31//31 1511//1511
f 1513//1513 1511//1511 394//394
f 1467//1467 1511//1511 1513//1513
f 396//396 1523//1523 1520//1520
f 1523//1523 394//394 1512//1512
f 1520//1520 1512//1512 107//107
f 1523//1523 1512//1512 1520//1520
f 382//382 1513//1513 1521//1521
f 1513//1513 394//394 1523//1523
f 1521//1521 1523//1523 396//396
f 1513//1513 1523//1523 1521//1521
f 61//61 1514//1514 862//862
f 1514//1514 395//395 1516//1516
f 862//862 1516//1516 224//224
f 1514//1514 1516//1516 862//862
f 395//395 1515//1515 1518//1518
f 1515//1515 107//107 1509//1509
f 1518//1518 1509//1509 393//393
f 1515//1515 1509//1509 1518//1518
f 224//224 1510//1510 861//861
f 1510//1510 393//393 1508//1508
f 861//861 1508//1508 19//19
f 1510//1510 1508//1508 861//861
f 395//395 1518//1518 1516//1516
f 1518//1518 393//393 1510//1510
f 1516//1516 1510//1510 224//224
f 1518//1518 1510//1510 1516//1516
f 104//104 1519//1519 1474//1474
f 1519//1519 396//396 1522//1522
f 1474//1474 1522//1522 384//384
f 1519//1519 1522//1522 1474//1474
f 396//396 1520//1520 1524//1524
f 1520//1520 107//107 1515//1515
f 1524//1524 1515//1515 395//395
f 1520//1520 1515//1515 1524//1524
f 384//384 1517//1517 1473//1473
f 1517//1517 395//395 1514//1514
f 1473//1473 1514//1514 61//61
f 1517//1517 1514//1514 1473//1473
f 396//396 1524//1524 1522//1522
f 1524//1524 395//395 1517//1517
f 1522//1522 1517//1517 384//384
f 1524//1524 1517//1517 1522//1522
f 31//31 1480//1480 1657//1657
f 1480//1480 386//386 1659//1659
f 1657//1657 1659//1659 427//427
f 1480//1480 1659//1659 1657//1657
f 386//386 1481//1481 1667//1667
f 1481//1481 105//105 1665//1665
f 1667//1667 1665//1665 429//429
f 1481//1481 1665//1665 1667//1667
f 427//427 1669//1669 1658//1658
f 1669//1669 429//429 1666//1666
f 1658//1658 1666//1666 114//114
f 1669//1669 1666//1666 1658//1658
f 386//386 1667//1667 1659//1659
f 1667//1667 429//429 1669//1669
f 1659//1659 1669//1669 427//427
f 1667//1667 1669//1669 1659//1659
f 105//105 1478//1478 1579//1579
f 1478//1478 385//385 1581//1581
f 1579//1579 1581//1581 410//410
f 1478//1478 1581//1581 1579//1579
f 385//385 1477//1477 1572//1572
f 1477//1477 10//10 1569//1569
f 1572//1572 1569//1569 407//407
f 1477//1477 1569//1569 1572//1572
f 410//410 1582//1582 1580//1580
f 1582//1582 407//407 1570//1570
f 1580//1580 1570//1570 110//110
f 1582//1582 1570//1570 1580//1580
f 385//385 1572//1572 1581//1581
f 1572//1572 407//407 1582//1582
f 1581//1581 1582//1582 410//410
f 1572//1572 1582//1582 1581//1581
f 114//114 1676//1676 1662//1662
f 1676//1676 431//431 1679//1679
f 1662//1662 1679//1679 428//428
f 1676//1676 1679//1679 1662//1662
f 431//431 1675//1675 1677//1677
f 1675//1675 110//110 1574//1574
f 1677//1677 1574//1574 408//408
f 1675//1675 1574//1574 1677//1677
f 428//428 1663//1663 1661//1661
f 1663//1663 408//408 1573//1573
f 1661//1661 1573//1573 32//32
f 1663//1663 1573//1573 1661//1661
f 431//431 1677//1677 1679//1679
f 1677//1677 408//408 1663//1663
f 1679//1679 1663//1663 428//428
f 1677//1677 1663//1663 1679//1679
f 105//105 1579//1579 1665//1665
f 1579//1579 410//410 1668//1668
f 1665//1665 1668//1668 429//429
f 1579//1579 1668//1668 1665//1665
f 410//410 1580//1580 1678//1678
f 1580//1580 110//110 1675//1675
f 1678//1678 1675//1675 431//431
f 1580//1580 1675//1675 1678//1678
f 429//429 1680//1680 1666//1666
f 1680//1680 431//431 1676//1676
f 1666//1666 1676//1676 114//114
f 1680//1680 1676//1676 1666//1666
f 410//410 1678//1678 1668//1668
f 1678//1678 431//431 1680//1680
f 1668//1668 1680//1680 429//429
f 1678//1678 1680//1680 1668//1668
f 19//19 1605//1605 865//865
f 1605//1605 416//416 1607//1607
f 865//865 1607//1607 226//226
f 1605//1605 1607//1607 865//865
f 416//416 1606//1606 1616//1616
f 1606//1606 112//112 1613//1613
f 1616//1616 1613//1613 418//418
f 1606//1606 1613//1613 1616//1616
f 226//226 1614//1614 866//866
f 1614//1614 418//418 1612//1612
f 866//866 1612//1612 62//62
f 1614//1614 1612//1612 866//866
f 416//416 1616//1616 1607//1607
f 1616//1616 418//418 1614//1614
f 1607//1607 1614//1614 226//226
f 1616//1616 1614//1614 1607//1607
f 112//112 1610//1610 1622//1622
f 1610//1610 417//417 1625//1625
f 1622//1622 1625//1625 420//420
f 1610//1610 1625//1625 1622//1622
f 417//417 1609//1609 1611//1611
f 1609//1609 32//32 1559//1559
f 1611//1611 1559//1559 404//404
f 1609//1609 1559//1559 1611//1611
f 420//420 1623//1623 1621//1621
f 1623//1623 404//404 1560//1560
f 1621//1621 1560//1560 109//109
f 1623//1623 1560//1560 1621//1621
f 417//417 1611//1611 1625//1625
f 1611//1611 404//404 1623//1623
f 1625//1625 1623//1623 420//420
f 1611//1611 1623//1623 1625//1625
f 62//62 1565//1565 864//864
f 1565//1565 406//406 1567//1567
f 864//864 1567//1567 225//225
f 1565//1565 1567//1567 864//864
f 406//406 1566//1566 1568//1568
f 1566//1566 109//109 1556//1556
f 1568//1568 1556//1556 403//403
f 1566//1566 1556//1556 1568//1568
f 225//225 1558//1558 863//863
f 1558//1558 403//403 1555//1555
f 863//863 1555//1555 6//6
f 1558//1558 1555//1555 863//863
f 406//406 1568//1568 1567//1567
f 1568//1568 403//403 1558//1558
f 1567//1567 1558//1558 225//225
f 1568//1568 1558//1558 1567//1567
f 112//112 1622//1622 1613//1613
f 1622//1622 420//420 1626//1626
f 1613//1613 1626//1626 418//418
f 1622//1622 1626//1626 1613//1613
f 420//420 1621//1621 1624//1624
f 1621//1621 109//109 1566//1566
f 1624//1624 1566//1566 406//406
f 1621//1621 1566//1566 1624//1624
f 418//418 1615//1615 1612//1612
f 1615//1615 406//406 1565//1565
f 1612//1612 1565//1565 62//62
f 1615//1615 1565//1565 1612//1612
f 420//420 1624//1624 1626//1626
f 1624//1624 406//406 1615//1615
f 1626//1626 1615//1615 418//418
f 1624//1624 1615//1615 1626//1626
f 31//31 1657//1657 1511//1511
f 1657//1657 427//427 1660//1660
f 1511//1511 1660//1660 394//394
f 1657//1657 1660//1660 1511//1511
f 427//427 1658//1658 1674//1674
f 1658//1658 114//114 1671//1671
f 1674//1674 1671//1671 430//430
f 1658//1658 1671//1671 1674//1674
f 394//394 1672//1672 1512//1512
f 1672//1672 430//430 1670//1670
f 1512//1512 1670//1670 107//107
f 1672//1672 1670//1670 1512//1512
f 427//427 1674//1674 1660//1660
f 1674//1674 430//430 1672//1672
f 1660//1660 1672//1672 394//394
f 1674//1674 1672//1672 1660//1660
f 114//114 1662//1662 1682//1682
f 1662//1662 428//428 1685//1685
f 1682//1682 1685//1685 432//432
f 1662//1662 1685//1685 1682//1682
f 428//428 1661//1661 1664//1664
f 1661//1661 32//32 1609//1609
f 1664//1664 1609//1609 417//417
f 1661//1661 1609//1609 1664//1664
f 432//432 1683//1683 1681//1681
f 1683//1683 417//417 1610//1610
f 1681//1681 1610//1610 112//112
f 1683//1683 1610//1610 1681//1681
f 428//428 1664//1664 1685//1685
f 1664//1664 417//417 1683//1683
f 1685//1685 1683//1683 432//432
f 1664//1664 1683//1683 1685//1685
f 107//107 1617//1617 1509//1509
f 1617//1617 419//419 1619//1619
f 1509//1509 1619//1619 393//393
f 1617//1617 1619//1619 1509//1509
f 419//419 1618//1618 1620//1620
f 1618//1618 112//112 1606//1606
f 1620//1620 1606//1606 416//416
f 1618//1618 1606//1606 1620//1620
f 393//393 1608//1608 1508//1508
f 1608//1608 416//416 1605//1605
f 1508//1508 1605//1605 19//19
f 1608//1608 1605//1605 1508//1508
f 419//419 1620//1620 1619//1619
f 1620//1620 416//416 1608//1608
f 1619//1619 1608//1608 393//393
f 1620//1620 1608//1608 1619//1619
f 114//114 1682//1682 1671//1671
f 1682//1682 432//432 1686//1686
f 1671//1671 1686//1686 430//430
f 1682//1682 1686//1686 1671//1671
f 432//432 1681//1681 1684//1684
f 1681//1681 112//112 1618//1618
f 1684//1684 1618//1618 419//419
f 1681//1681 1618//1618 1684//1684
f 430//430 1673//1673 1670//1670
f 1673//1673 419//419 1617//1617
f 1670//1670 1617//1617 107//107
f 1673//1673 1617//1617 1670//1670
f 432//432 1684//1684 1686//1686
f 1684//1684 419//419 1673//1673
f 1686//1686 1673//1673 430//430
f 1684//1684 1673//1673 1686//1686
f 3//3 659//659 2155//2155
f 659//659 171//171 2157//2157
f 2155//2155 2157//2157 547//547
f 659//659 2157//2157 2155//2155
f 171//171 660//660 2163//2163
f 660//660 47//47 2161//2161
f 2163//2163 2161//2161 549//549
f 660//660 2161//2161 2163//2163
f 547//547 2164//2164 2156//2156
f 2164//2164 549//549 2162//2162
f 2156//2156 2162//2162 142//142
f 2164//2164 2162//2162 2156//2156
f 171//171 2163//2163 2157//2157
f 2163//2163 549//549 2164//2164
f 2157//2157 2164//2164 547//547
f 2163//2163 2164//2164 2157//2157
f 47//47 663//663 2179//2179
f 663//663 172//172 2181//2181
f 2179//2179 2181//2181 555//555
f 663//663 2181//2181 2179//2179
f 172//172 662//662 2175//2175
f 662//662 15//15 2173//2173
f 2175//2175 2173//2173 553//553
f 662//662 2173//2173 2175//2175
f 555//555 2183//2183 2180//2180
f 2183//2183 553//553 2174//2174
f 2180//2180 2174//2174 144//144
f 2183//2183 2174//2174 2180//2180
f 172//172 2175//2175 2181//2181
f 2175//2175 553//553 2183//2183
f 2181//2181 2183//2183 555//555
f 2175//2175 2183//2183 2181//2181
f 142//142 2184//2184 2160//2160
f 2184//2184 556//556 2186//2186
f 2160//2160 2186//2186 548//548
f 2184//2184 2186//2186 2160//2160
f 556//556 2185//2185 2188//2188
f 2185//2185 144//144 2177//2177
f 2188//2188 2177//2177 554//554
f 2185//2185 2177//2177 2188//2188
f 548//548 2178//2178 2159//2159
f 2178//2178 554//554 2176//2176
f 2159//2159 2176//2176 39//39
f 2178//2178 2176//2176 2159//2159
f 556//556 2188//2188 2186//2186
f 2188//2188 554//554 2178//2178
f 2186//2186 2178//2178 548//548
f 2188//2188 2178//2178 2186//2186
f 47//47 2179//2179 2161//2161
f 2179//2179 555//555 2182//2182
f 2161//2161 2182//2182 549//549
f 2179//2179 2182//2182 2161//2161
f 555//555 2180//2180 2189//2189
f 2180//2180 144//144 2185//2185
f 2189//2189 2185//2185 556//556
f 2180//2180 2185//2185 2189//2189
f 549//549 2187//2187 2162//2162
f 2187//2187 556//556 2184//2184
f 2162//2162 2184//2184 142//142
f 2187//2187 2184//2184 2162//2162
f 555//555 2189//2189 2182//2182
f 2189//2189 556//556 2187//2187
f 2182//2182 2187//2187 549//549
f 2189//2189 2187//2187 2182//2182
f 15//15 670//670 2230//2230
f 670//670 175//175 2232//2232
f 2230//2230 2232//2232 568//568
f 670//670 2232//2232 2230//2230
f 175//175 671//671 2239//2239
f 671//671 48//48 2237//2237
f 2239//2239 2237//2237 570//570
f 671//671 2237//2237 2239//2239
f 568//568 2241//2241 2231//2231
f 2241//2241 570//570 2238//2238
f 2231//2231 2238//2238 148//148
f 2241//2241 2238//2238 2231//2231
f 175//175 2239//2239 2232//2232
f 2239//2239 570//570 2241//2241
f 2232//2232 2241//2241 568//568
f 2239//2239 2241//2241 2232//2232
f 48//48 669//669 2213//2213
f 669//669 174//174 2215//2215
f 2213//2213 2215//2215 563//563
f 669//669 2215//2215 2213//2213
f 174//174 668//668 2209//2209
f 668//668 5//5 2207//2207
f 2209//2209 2207//2207 561//561
f 668//668 2207//2207 2209//2209
f 563//563 2216//2216 2214//2214
f 2216//2216 561//561 2208//2208
f 2214//2214 2208//2208 146//146
f 2216//2216 2208//2208 2214//2214
f 174//174 2209//2209 2215//2215
f 2209//2209 561//561 2216//2216
f 2215//2215 2216//2216 563//563
f 2209//2209 2216//2216 2215//2215
f 148//148 2247//2247 2235//2235
f 2247//2247 572//572 2250//2250
f 2235//2235 2250//2250 569//569
f 2247//2247 2250//2250 2235//2235
f 572//572 2246//2246 2248//2248
f 2246//2246 146//146 2212//2212
f 2248//2248 2212//2212 562//562
f 2246//2246 2212//2212 2248//2248
f 569//569 2236//2236 2234//2234
f 2236//2236 562//562 2211//2211
f 2234//2234 2211//2211 40//40
f 2236//2236 2211//2211 2234//2234
f 572//572 2248//2248 2250//2250
f 2248//2248 562//562 2236//2236
f 2250//2250 2236//2236 569//569
f 2248//2248 2236//2236 2250//2250
f 48//48 2213//2213 2237//2237
f 2213//2213 563//563 2240//2240
f 2237//2237 2240//2240 570//570
f 2213//2213 2240//2240 2237//2237
f 563//563 2214//2214 2249//2249
f 2214//2214 146//146 2246//2246
f 2249//2249 2246//2246 572//572
f 2214//2214 2246//2246 2249//2249
f 570//570 2251//2251 2238//2238
f 2251//2251 572//572 2247//2247
f 2238//2238 2247//2247 148//148
f 2251//2251 2247//2247 2238//2238
f 563//563 2249//2249 2240//2240
f 2249//2249 572//572 2251//2251
f 2240//2240 2251//2251 570//570
f 2249//2249 2251//2251 2240//2240
f 39//39 2269//2269 2171//2171
f 2269//2269 577//577 2271//2271
f 2171//2171 2271//2271 552//552
f 2269//2269 2271//2271 2171//2171
f 577//577 2270//2270 2281//2281
f 2270//2270 150//150 2278//2278
f 2281//2281 2278//2278 579//579
f 2270//2270 2278//2278 2281//2281
f 552//552 2279//2279 2172//2172
f 2279//2279 579//579 2277//2277
f 2172//2172 2277//2277 143//143
f 2279//2279 2277//2277 2172//2172
f 577//577 2281//2281 2271//2271
f 2281//2281 579//579 2279//2279
f 2271//2271 2279//2279 552//552
f 2281//2281 2279//2279 2271//2271
f 150//150 2274//2274 2288//2288
f 2274//2274 578//578 2291//2291
f 2288//2288 2291//2291 581//581
f 2274//2274 2291//2291 2288//2288
f 578//578 2273//2273 2275//2275
f 2273//2273 40//40 2224//2224
f 2275//2275 2224//2224 566//566
f 2273//2273 2224//2224 2275//2275
f 581//581 2289//2289 2287//2287
f 2289//2289 566//566 2225//2225
f 2287//2287 2225//2225 147//147
f 2289//2289 2225//2225 2287//2287
f 578//578 2275//2275 2291//2291
f 2275//2275 566//566 2289//2289
f 2291//2291 2289//2289 581//581
f 2275//2275 2289//2289 2291//2291
f 143//143 2226//2226 2170//2170
f 2226//2226 567//567 2228//2228
f 2170//2170 2228//2228 551//551
f 2226//2226 2228//2228 2170//2170
f 567//567 2227//2227 2229//2229
f 2227//2227 147//147 2222//2222
f 2229//2229 2222//2222 565//565
f 2227//2227 2222//2222 2229//2229
f 551//551 2223//2223 2169//2169
f 2223//2223 565//565 2221//2221
f 2169//2169 2221//2221 12//12
f 2223//2223 2221//2221 2169//2169
f 567//567 2229//2229 2228//2228
f 2229//2229 565//565 2223//2223
f 2228//2228 2223//2223 551//551
f 2229//2229 2223//2223 2228//2228
f 150//150 2288//2288 2278//2278
f 2288//2288 581//581 2292//2292
f 2278//2278 2292//2292 579//579
f 2288//2288 2292//2292 2278//2278
f 581//581 2287//2287 2290//2290
f 2287//2287 147//147 2227//2227
f 2290//2290 2227//2227 567//567
f 2287//2287 2227//2227 2290//2290
f 579//579 2280//2280 2277//2277
f 2280//2280 567//567 2226//2226
f 2277//2277 2226//2226 143//143
f 2280//2280 2226//2226 2277//2277
f 581//581 2290//2290 2292//2292
f 2290//2290 567//567 2280//2280
f 2292//2292 2280//2280 579//579
f 2290//2290 2280//2280 2292//2292
f 15//15 2230//2230 2173//2173
f 2230//2230 568//568 2233//2233
f 2173//2173 2233//2233 553//553
f 2230//2230 2233//2233 2173//2173
f 568//568 2231//2231 2245//2245
f 2231//2231 148//148 2243//2243
f 2245//2245 2243//2243 571//571
f 2231//2231 2243//2243 2245//2245
f 553//553 2244//2244 2174//2174
f 2244//2244 571//571 2242//2242
f 2174//2174 2242//2242 144//144
f 2244//2244 2242//2242 2174//2174
f 568//568 2245//2245 2233//2233
f 2245//2245 571//571 2244//2244
f 2233//2233 2244//2244 553//553
f 2245//2245 2244//2244 2233//2233
f 148//148 2235//2235 2293//2293
f 2235//2235 569//569 2295//2295
f 2293//2293 2295//2295 582//582
f 2235//2235 2295//2295 2293//2293
f 569//569 2234//2234 2276//2276
f 2234//2234 40//40 2273//2273
f 2276//2276 2273//2273 578//578
f 2234//2234 2273//2273 2276//2276
f 582//582 2297//2297 2294//2294
f 2297//2297 578//578 2274//2274
f 2294//2294 2274//2274 150//150
f 2297//2297 2274//2274 2294//2294
f 569//569 2276//2276 2295//2295
f 2276//2276 578//578 2297//2297
f 2295//2295 2297//2297 582//582
f 2276//2276 2297//2297 2295//2295
f 144//144 2282//2282 2177//2177
f 2282//2282 580//580 2284//2284
f 2177//2177 2284//2284 554//554
f 2282//2282 2284//2284 2177//2177
f 580//580 2283//2283 2286//2286
f 2283//2283 150//150 2270//2270
f 2286//2286 2270//2270 577//577
f 2283//2283 2270//2270 2286//2286
f 554//554 2272//2272 2176//2176
f 2272//2272 577//577 2269//2269
f 2176//2176 2269//2269 39//39
f 2272//2272 2269//2269 2176//2176
f 580//580 2286//2286 2284//2284
f 2286//2286 577//577 2272//2272
f 2284//2284 2272//2272 554//554
f 2286//2286 2272//2272 2284//2284
f 148//148 2293//2293 2243//2243
f 2293//2293 582//582 2296//2296
f 2243//2243 2296//2296 571//571
f 2293//2293 2296//2296 2243//2243
f 582//582 2294//2294 2298//2298
f 2294//2294 150//150 2283//2283
f 2298//2298 2283//2283 580//580
f 2294//2294 2283//2283 2298//2298
f 571//571 2285//2285 2242//2242
f 2285//2285 580//580 2282//2282
f 2242//2242 2282//2282 144//144
f 2285//2285 2282//2282 2242//2242
f 582//582 2298//2298 2296//2296
f 2298//2298 580//580 2285//2285
f 2296//2296 2285//2285 571//571
f 2298//2298 2285//2285 2296//2296
f 7//7 876//876 1879//1879
f 876//876 230//230 1881//1881
f 1879//1879 1881//1881 481//481
f 876//876 1881//1881 1879//1879
f 230//230 877//877 1887//1887
f 877//877 64//64 1885//1885
f 1887//1887 1885//1885 483//483
f 877//877 1885//1885 1887//1887
f 481//481 1888//1888 1880//1880
f 1888//1888 483//483 1886//1886
f 1880//1880 1886//1886 127//127
f 1888//1888 1886//1886 1880//1880
f 230//230 1887//1887 1881//1881
f 1887//1887 483//483 1888//1888
f 1881//1881 1888//1888 481//481
f 1887//1887 1888//1888 1881//1881
f 64//64 879//879 1909//1909
f 879//879 231//231 1911//1911
f 1909//1909 1911//1911 490//490
f 879//879 1911//1911 1909//1909
f 231//231 878//878 1904//1904
f 878//878 20//20 1902//1902
f 1904//1904 1902//1902 488//488
f 878//878 1902//1902 1904//1904
f 490//490 1913//1913 1910//1910
f 1913//1913 488//488 1903//1903
f 1910//1910 1903//1903 129//129
f 1913//1913 1903//1903 1910//1910
f 231//231 1904//1904 1911//1911
f 1904//1904 488//488 1913//1913
f 1911//1911 1913//1913 490//490
f 1904//1904 1913//1913 1911//1911
f 127//127 1918//1918 1884//1884
f 1918//1918 492//492 1920//1920
f 1884//1884 1920//1920 482//482
f 1918//1918 1920//1920 1884//1884
f 492//492 1919//1919 1922//1922
f 1919//1919 129//129 1907//1907
f 1922//1922 1907//1907 489//489
f 1919//1919 1907//1907 1922//1922
f 482//482 1908//1908 1883//1883
f 1908//1908 489//489 1906//1906
f 1883//1883 1906//1906 36//36
f 1908//1908 1906//1906 1883//1883
f 492//492 1922//1922 1920//1920
f 1922//1922 489//489 1908//1908
f 1920//1920 1908//1908 482//482
f 1922//1922 1908//1908 1920//1920
f 64//64 1909//1909 1885//1885
f 1909//1909 490//490 1912//1912
f 1885//1885 1912//1912 483//483
f 1909//1909 1912//1912 1885//1885
f 490//490 1910//1910 1923//1923
f 1910//1910 129//129 1919//1919
f 1923//1923 1919//1919 492//492
f 1910//1910 1919//1919 1923//1923
f 483//483 1921//1921 1886//1886
f 1921//1921 492//492 1918//1918
f 1886//1886 1918//1918 127//127
f 1921//1921 1918//1918 1886//1886
f 490//490 1923//1923 1912//1912
f 1923//1923 492//492 1921//1921
f 1912//1912 1921//1921 483//483
f 1923//1923 1921//1921 1912//1912
f 20//20 870//870 1862//1862
f 870//870 228//228 1864//1864
f 1862//1862 1864//1864 477//477
f 870//870 1864//1864 1862//1862
f 228//228 871//871 1870//1870
f 871//871 63//63 1868//1868
f 1870//1870 1868//1868 479//479
f 871//871 1868//1868 1870//1870
f 477//477 1872//1872 1863//1863
f 1872//1872 479//479 1869//1869
f 1863//1863 1869//1869 126//126
f 1872//1872 1869//1869 1863//1863
f 228//228 1870//1870 1864//1864
f 1870//1870 479//479 1872//1872
f 1864//1864 1872//1872 477//477
f 1870//1870 1872//1872 1864//1864
f 63//63 868//868 1854//1854
f 868//868 227//227 1856//1856
f 1854//1854 1856//1856 474//474
f 868//868 1856//1856 1854//1854
f 227//227 867//867 1851//1851
f 867//867 3//3 1849//1849
f 1851//1851 1849//1849 472//472
f 867//867 1849//1849 1851//1851
f 474//474 1857//1857 1855//1855
f 1857//1857 472//472 1850//1850
f 1855//1855 1850//1850 124//124
f 1857//1857 1850//1850 1855//1855
f 227//227 1851//1851 1856//1856
f 1851//1851 472//472 1857//1857
f 1856//1856 1857//1857 474//474
f 1851//1851 1857//1857 1856//1856
f 126//126 1874//1874 1866//1866
f 1874//1874 480//480 1877//1877
f 1866//1866 1877//1877 478//478
f 1874//1874 1877//1877 1866//1866
f 480//480 1873//1873 1875//1875
f 1873//1873 124//124 1853//1853
f 1875//1875 1853//1853 473//473
f 1873//1873 1853//1853 1875//1875
f 478//478 1867//1867 1865//1865
f 1867//1867 473//473 1852//1852
f 1865//1865 1852//1852 35//35
f 1867//1867 1852//1852 1865//1865
f 480//480 1875//1875 1877//1877
f 1875//1875 473//473 1867//1867
f 1877//1877 1867//1867 478//478
f 1875//1875 1867//1867 1877//1877
f 63//63 1854//1854 1868//1868
f 1854//1854 474//474 1871//1871
f 1868//1868 1871//1871 479//479
f 1854//1854 1871//1871 1868//1868
f 474//474 1855//1855 1876//1876
f 1855//1855 124//124 1873//1873
f 1876//1876 1873//1873 480//480
f 1855//1855 1873//1873 1876//1876
f 479//479 1878//1878 1869//1869
f 1878//1878 480//480 1874//1874
f 1869//1869 1874//1874 126//126
f 1878//1878 1874//1874 1869//1869
f 474//474 1876//1876 1871//1871
f 1876//1876 480//480 1878//1878
f 1871//1871 1878//1878 479//479
f 1876//1876 1878//1878 1871//1871
f 36//36 1945//1945 1896//1896
f 1945//1945 498//498 1947//1947
f 1896//1896 1947//1947 486//486
f 1945//1945 1947//1947 1896//1896
f 498//498 1946//1946 1963//1963
f 1946//1946 131//131 1960//1960
f 1963//1963 1960//1960 501//501
f 1946//1946 1960//1960 1963//1963
f 486//486 1961//1961 1897//1897
f 1961//1961 501//501 1959//1959
f 1897//1897 1959//1959 128//128
f 1961//1961 1959//1959 1897//1897
f 498//498 1963//1963 1947//1947
f 1963//1963 501//501 1961//1961
f 1947//1947 1961//1961 486//486
f 1963//1963 1961//1961 1947//1947
f 131//131 1942//1942 1950//1950
f 1942//1942 497//497 1953//1953
f 1950//1950 1953//1953 499//499
f 1942//1942 1953//1953 1950//1950
f 497//497 1941//1941 1943//1943
f 1941//1941 35//35 1860//1860
f 1943//1943 1860//1860 476//476
f 1941//1941 1860//1860 1943//1943
f 499//499 1951//1951 1949//1949
f 1951//1951 476//476 1861//1861
f 1949//1949 1861//1861 125//125
f 1951//1951 1861//1861 1949//1949
f 497//497 1943//1943 1953//1953
f 1943//1943 476//476 1951//1951
f 1953//1953 1951//1951 499//499
f 1943//1943 1951//1951 1953//1953
f 128//128 1899//1899 1894//1894
f 1899//1899 487//487 1901//1901
f 1894//1894 1901//1901 485//485
f 1899//1899 1901//1901 1894//1894
f 487//487 1898//1898 1900//1900
f 1898//1898 125//125 1859//1859
f 1900//1900 1859//1859 475//475
f 1898//1898 1859//1859 1900//1900
f 485//485 1895//1895 1893//1893
f 1895//1895 475//475 1858//1858
f 1893//1893 1858//1858 11//11
f 1895//1895 1858//1858 1893//1893
f 487//487 1900//1900 1901//1901
f 1900//1900 475//475 1895//1895
f 1901//1901 1895//1895 485//485
f 1900//1900 1895//1895 1901//1901
f 131//131 1950//1950 1960//1960
f 1950//1950 499//499 1964//1964
f 1960//1960 1964//1964 501//501
f 1950//1950 1964//1964 1960//1960
f 499//499 1949//1949 1952//1952
f 1949//1949 125//125 1898//1898
f 1952//1952 1898//1898 487//487
f 1949//1949 1898//1898 1952//1952
f 501//501 1962//1962 1959//1959
f 1962//1962 487//487 1899//1899
f 1959//1959 1899//1899 128//128
f 1962//1962 1899//1899 1959//1959
f 499//499 1952//1952 1964//1964
f 1952//1952 487//487 1962//1962
f 1964//1964 1962//1962 501//501
f 1952//1952 1962//1962 1964//1964
f 20//20 1862//1862 1902//1902
f 1862//1862 477//477 1905//1905
f 1902//1902 1905//1905 488//488
f 1862//1862 1905//1905 1902//1902
f 477//477 1863//1863 1916//1916
f 1863//1863 126//126 1914//1914
f 1916//1916 1914//1914 491//491
f 1863//1863 1914//1914 1916//1916
f 488//488 1917//1917 1903//1903
f 1917//1917 491//491 1915//1915
f 1903//1903 1915//1915 129//129
f 1917//1917 1915//1915 1903//1903
f 477//477 1916//1916 1905//1905
f 1916//1916 491//491 1917//1917
f 1905//1905 1917//1917 488//488
f 1916//1916 1917//1917 1905//1905
f 126//126 1866//1866 1954//1954
f 1866//1866 478//478 1956//1956
f 1954//1954 1956//1956 500//500
f 1866//1866 1956//1956 1954//1954
f 478//478 1865//1865 1944//1944
f 1865//1865 35//35 1941//1941
f 1944//1944 1941//1941 497//497
f 1865//1865 1941//1941 1944//1944
f 500//500 1958//1958 1955//1955
f 1958//1958 497//497 1942//1942
f 1955//1955 1942//1942 131//131
f 1958//1958 1942//1942 1955//1955
f 478//478 1944//1944 1956//1956
f 1944//1944 497//497 1958//1958
f 1956//1956 1958//1958 500//500
f 1944//1944 1958//1958 1956//1956
f 129//129 1965//1965 1907//1907
f 1965//1965 502//502 1967//1967
f 1907//1907 1967//1967 489//489
f 1965//1965 1967//1967 1907//1907
f 502//502 1966//1966 1969//1969
f 1966//1966 131//131 1946//1946
f 1969//1969 1946//1946 498//498
f 1966//1966 1946//1946 1969//1969
f 489//489 1948//1948 1906//1906
f 1948//1948 498//498 1945//1945
f 1906//1906 1945//1945 36//36
f 1948//1948 1945//1945 1906//1906
f 502//502 1969//1969 1967//1967
f 1969//1969 498//498 1948//1948
f 1967//1967 1948//1948 489//489
f 1969//1969 1948//1948 1967//1967
f 126//126 1954//1954 1914//1914
f 1954//1954 500//500 1957//1957
f 1914//1914 1957//1957 491//491
f 1954//1954 1957//1957 1914//1914
f 500//500 1955//1955 1970//1970
f 1955//1955 131//131 1966//1966
f 1970//1970 1966//1966 502//502
f 1955//1955 1966//1966 1970//1970
f 491//491 1968//1968 1915//1915
f 1968//1968 502//502 1965//1965
f 1915//1915 1965//1965 129//129
f 1968//1968 1965//1965 1915//1915
f 500//500 1970//1970 1957//1957
f 1970//1970 502//502 1968//1968
f 1957//1957 1968//1968 491//491
f 1970//1970 1968//1968 1957//1957
f 9//9 1149//1149 1241//1241
f 1149//1149 305//305 1244//1244
f 1241//1241 1244//1244 327//327
f 1149//1149 1244//1244 1241//1241
f 305//305 1150//1150 1253//1253
f 1150//1150 86//86 1251//1251
f 1253//1253 1251//1251 330//330
f 1150//1150 1251//1251 1253//1253
f 327//327 1254//1254 1242//1242
f 1254//1254 330//330 1252//1252
f 1242//1242 1252//1252 91//91
f 1254//1254 1252//1252 1242//1242
f 305//305 1253//1253 1244//1244
f 1253//1253 330//330 1254//1254
f 1244//1244 1254//1254 327//327
f 1253//1253 1254//1254 1244//1244
f 86//86 1153//1153 1337//1337
f 1153//1153 306//306 1339//1339
f 1337//1337 1339//1339 349//349
f 1153//1153 1339//1339 1337//1337
f 306//306 1152//1152 1331//1331
f 1152//1152 27//27 1329//1329
f 1331//1331 1329//1329 347//347
f 1152//1152 1329//1329 1331//1331
f 349//349 1341//1341 1338//1338
f 1341//1341 347//347 1330//1330
f 1338//1338 1330//1330 95//95
f 1341//1341 1330//1330 1338//1338
f 306//306 1331//1331 1339//1339
f 1331//1331 347//347 1341//1341
f 1339//1339 1341//1341 349//349
f 1331//1331 1341//1341 1339//1339
f 91//91 1347//1347 1246//1246
f 1347//1347 351//351 1349//1349
f 1246//1246 1349//1349 328//328
f 1347//1347 1349//1349 1246//1246
f 351//351 1348//1348 1351//1351
f 1348//1348 95//95 1334//1334
f 1351//1351 1334//1334 348//348
f 1348//1348 1334//1334 1351//1351
f 328//328 1335//1335 1245//1245
f 1335//1335 348//348 1333//1333
f 1245//1245 1333//1333 28//28
f 1335//1335 1333//1333 1245//1245
f 351//351 1351//1351 1349//1349
f 1351//1351 348//348 1335//1335
f 1349//1349 1335//1335 328//328
f 1351//1351 1335//1335 1349//1349
f 86//86 1337//1337 1251//1251
f 1337//1337 349//349 1340//1340
f 1251//1251 1340//1340 330//330
f 1337//1337 1340//1340 1251//1251
f 349//349 1338//1338 1352//1352
f 1338//1338 95//95 1348//1348
f 1352//1352 1348//1348 351//351
f 1338//1338 1348//1348 1352//1352
f 330//330 1350//1350 1252//1252
f 1350//1350 351//351 1347//1347
f 1252//1252 1347//1347 91//91
f 1350//1350 1347//1347 1252//1252
f 349//349 1352//1352 1340//1340
f 1352//1352 351//351 1350//1350
f 1340//1340 1350//1350 330//330
f 1352//1352 1350//1350 1340//1340
f 27//27 1139//1139 1183//1183
f 1139//1139 302//302 1185//1185
f 1183//1183 1185//1185 314//314
f 1139//1139 1185//1185 1183//1183
f 302//302 1140//1140 1193//1193
f 1140//1140 85//85 1191//1191
f 1193//1193 1191//1191 316//316
f 1140//1140 1191//1191 1193//1193
f 314//314 1195//1195 1184//1184
f 1195//1195 316//316 1192//1192
f 1184//1184 1192//1192 88//88
f 1195//1195 1192//1192 1184//1184
f 302//302 1193//1193 1185//1185
f 1193//1193 316//316 1195//1195
f 1185//1185 1195//1195 314//314
f 1193//1193 1195//1195 1185//1185
f 85//85 1136//1136 1146//1146
f 1136//1136 301//301 1148//1148
f 1146//1146 1148//1148 304//304
f 1136//1136 1148//1148 1146//1146
f 301//301 1135//1135 1138//1138
f 1135//1135 7//7 1067//1067
f 1138//1138 1067//1067 279//279
f 1135//1135 1067//1067 1138//1138
f 304//304 1147//1147 1145//1145
f 1147//1147 279//279 1068//1068
f 1145//1145 1068//1068 77//77
f 1147//1147 1068//1068 1145//1145
f 301//301 1138//1138 1148//1148
f 1138//1138 279//279 1147//1147
f 1148//1148 1147//1147 304//304
f 1138//1138 1147//1147 1148//1148
f 88//88 1187//1187 1181//1181
f 1187//1187 315//315 1190//1190
f 1181//1181 1190//1190 313//313
f 1187//1187 1190//1190 1181//1181
f 315//315 1186//1186 1188//1188
f 1186//1186 77//77 1070//1070
f 1188//1188 1070//1070 280//280
f 1186//1186 1070//1070 1188//1188
f 313//313 1182//1182 1180//1180
f 1182//1182 280//280 1069//1069
f 1180//1180 1069//1069 24//24
f 1182//1182 1069//1069 1180//1180
f 315//315 1188//1188 1190//1190
f 1188//1188 280//280 1182//1182
f 1190//1190 1182//1182 313//313
f 1188//1188 1182//1182 1190//1190
f 85//85 1146//1146 1191//1191
f 1146//1146 304//304 1194//1194
f 1191//1191 1194//1194 316//316
f 1146//1146 1194//1194 1191//1191
f 304//304 1145//1145 1189//1189
f 1145//1145 77//77 1186//1186
f 1189//1189 1186//1186 315//315
f 1145//1145 1186//1186 1189//1189
f 316//316 1196//1196 1192//1192
f 1196//1196 315//315 1187//1187
f 1192//1192 1187//1187 88//88
f 1196//1196 1187//1187 1192//1192
f 304//304 1189//1189 1194//1194
f 1189//1189 315//315 1196//1196
f 1194//1194 1196//1196 316//316
f 1189//1189 1196//1196 1194//1194
f 28//28 1281//1281 1231//1231
f 1281//1281 337//337 1283//1283
f 1231//1231 1283//1283 324//324
f 1281//1281 1283//1283 1231//1231
f 337//337 1282//1282 1297//1297
f 1282//1282 93//93 1294//1294
f 1297//1297 1294//1294 340//340
f 1282//1282 1294//1294 1297//1297
f 324//324 1295//1295 1232//1232
f 1295//1295 340//340 1293//1293
f 1232//1232 1293//1293 90//90
f 1295//1295 1293//1293 1232//1232
f 337//337 1297//1297 1283//1283
f 1297//1297 340//340 1295//1295
f 1283//1283 1295//1295 324//324
f 1297//1297 1295//1295 1283//1283
f 93//93 1278//1278 1285//1285
f 1278//1278 336//336 1288//1288
f 1285//1285 1288//1288 338//338
f 1278//1278 1288//1288 1285//1285
f 336//336 1277//1277 1279//1279
f 1277//1277 24//24 1073//1073
f 1279//1279 1073//1073 282//282
f 1277//1277 1073//1073 1279//1279
f 338//338 1286//1286 1284//1284
f 1286//1286 282//282 1074//1074
f 1284//1284 1074//1074 78//78
f 1286//1286 1074//1074 1284//1284
f 336//336 1279//1279 1288//1288
f 1279//1279 282//282 1286//1286
f 1288//1288 1286//1286 338//338
f 1279//1279 1286//1286 1288//1288
f 90//90 1238//1238 1228//1228
f 1238//1238 326//326 1240//1240
f 1228//1228 1240//1240 323//323
f 1238//1238 1240//1240 1228//1228
f 326//326 1237//1237 1239//1239
f 1237//1237 78//78 1072//1072
f 1239//1239 1072//1072 281//281
f 1237//1237 1072//1072 1239//1239
f 323//323 1230//1230 1227//1227
f 1230//1230 281//281 1071//1071
f 1227//1227 1071//1071 8//8
f 1230//1230 1071//1071 1227//1227
f 326//326 1239//1239 1240//1240
f 1239//1239 281//281 1230//1230
f 1240//1240 1230//1230 323//323
f 1239//1239 1230//1230 1240//1240
f 93//93 1285//1285 1294//1294
f 1285//1285 338//338 1298//1298
f 1294//1294 1298//1298 340//340
f 1285//1285 1298//1298 1294//1294
f 338//338 1284//1284 1287//1287
f 1284//1284 78//78 1237//1237
f 1287//1287 1237//1237 326//326
f 1284//1284 1237//1237 1287//1287
f 340//340 1296//1296 1293//1293
f 1296//1296 326//326 1238//1238
f 1293//1293 1238//1238 90//90
f 1296//1296 1238//1238 1293//1293
f 338//338 1287//1287 1298//1298
f 1287//1287 326//326 1296//1296
f 1298//1298 1296//1296 340//340
f 1287//1287 1296//1296 1298//1298
f 27//27 1183//1183 1329//1329
f 1183//1183 314//314 1332//1332
f 1329//1329 1332//1332 347//347
f 1183//1183 1332//1332 1329//1329
f 314//314 1184//1184 1344//1344
f 1184//1184 88//88 1342//1342
f 1344//1344 1342//1342 350//350
f 1184//1184 1342//1342 1344//1344
f 347//347 1346//1346 1330//1330
f 1346//1346 350//350 1343//1343
f 1330//1330 1343//1343 95//95
f 1346//1346 1343//1343 1330//1330
f 314//314 1344//1344 1332//1332
f 1344//1344 350//350 1346//1346
f 1332//1332 1346//1346 347//347
f 1344//1344 1346//1346 1332//1332
f 88//88 1181//1181 1289//1289
f 1181//1181 313//313 1291//1291
f 1289//1289 1291//1291 339//339
f 1181//1181 1291//1291 1289//1289
f 313//313 1180//1180 1280//1280
f 1180//1180 24//24 1277//1277
f 1280//1280 1277//1277 336//336
f 1180//1180 1277//1277 1280//1280
f 339//339 1292//1292 1290//1290
f 1292//1292 336//336 1278//1278
f 1290//1290 1278//1278 93//93
f 1292//1292 1278//1278 1290//1290
f 313//313 1280//1280 1291//1291
f 1280//1280 336//336 1292//1292
f 1291//1291 1292//1292 339//339
f 1280//1280 1292//1292 1291//1291
f 95//95 1354//1354 1334//1334
f 1354//1354 352//352 1357//1357
f 1334//1334 1357//1357 348//348
f 1354//1354 1357//1357 1334//1334
f 352//352 1353//1353 1355//1355
f 1353//1353 93//93 1282//1282
f 1355//1355 1282//1282 337//337
f 1353//1353 1282//1282 1355//1355
f 348//348 1336//1336 1333//1333
f 1336//1336 337//337 1281//1281
f 1333//1333 1281//1281 28//28
f 1336//1336 1281//1281 1333//1333
f 352//352 1355//1355 1357//1357
f 1355//1355 337//337 1336//1336
f 1357//1357 1336//1336 348//348
f 1355//1355 1336//1336 1357//1357
f 88//88 1289//1289 1342//1342
f 1289//1289 339//339 1345//1345
f 1342//1342 1345//1345 350//350
f 1289//1289 1345//1345 1342//1342
f 339//339 1290//1290 1356//1356
f 1290//1290 93//93 1353//1353
f 1356//1356 1353//1353 352//352
f 1290//1290 1353//1353 1356//1356
f 350//350 1358//1358 1343//1343
f 1358//1358 352//352 1354//1354
f 1343//1343 1354//1354 95//95
f 1358//1358 1354//1354 1343//1343
f 339//339 1356//1356 1345//1345
f 1356//1356 352//352 1358//1358
f 1345//1345 1358//1358 350//350
f 1356//1356 1358//1358 1345//1345
f 10//10 1701//1701 1373//1373
f 1701//1701 437//437 1703//1703
f 1373//1373 1703//1703 357//357
f 1701//1701 1703//1703 1373//1373
f 437//437 1702//1702 1710//1710
f 1702//1702 116//116 1708//1708
f 1710//1710 1708//1708 439//439
f 1702//1702 1708//1708 1710//1710
f 357//357 1709//1709 1374//1374
f 1709//1709 439//439 1707//1707
f 1374//1374 1707//1707 97//97
f 1709//1709 1707//1707 1374//1374
f 437//437 1710//1710 1703//1703
f 1710//1710 439//439 1709//1709
f 1703//1703 1709//1709 357//357
f 1710//1710 1709//1709 1703//1703
f 116//116 1706//1706 1777//1777
f 1706//1706 438//438 1779//1779
f 1777//1777 1779//1779 455//455
f 1706//1706 1779//1779 1777//1777
f 438//438 1705//1705 1765//1765
f 1705//1705 33//33 1763//1763
f 1765//1765 1763//1763 452//452
f 1705//1705 1763//1763 1765//1765
f 455//455 1781//1781 1778//1778
f 1781//1781 452//452 1764//1764
f 1778//1778 1764//1764 119//119
f 1781//1781 1764//1764 1778//1778
f 438//438 1765//1765 1779//1779
f 1765//1765 452//452 1781//1781
f 1779//1779 1781//1781 455//455
f 1765//1765 1781//1781 1779//1779
f 97//97 1767//1767 1376//1376
f 1767//1767 453//453 1769//1769
f 1376//1376 1769//1769 358//358
f 1767//1767 1769//1769 1376//1376
f 453//453 1768//1768 1771//1771
f 1768//1768 119//119 1760//1760
f 1771//1771 1760//1760 451//451
f 1768//1768 1760//1760 1771//1771
f 358//358 1761//1761 1375//1375
f 1761//1761 451//451 1759//1759
f 1375//1375 1759//1759 29//29
f 1761//1761 1759//1759 1375//1375
f 453//453 1771//1771 1769//1769
f 1771//1771 451//451 1761//1761
f 1769//1769 1761//1761 358//358
f 1771//1771 1761//1761 1769//1769
f 116//116 1777//1777 1708//1708
f 1777//1777 455//455 1780//1780
f 1708//1708 1780//1780 439//439
f 1777//1777 1780//1780 1708//1708
f 455//455 1778//1778 1782//1782
f 1778//1778 119//119 1768//1768
f 1782//1782 1768//1768 453//453
f 1778//1778 1768//1768 1782//1782
f 439//439 1770//1770 1707//1707
f 1770//1770 453//453 1767//1767
f 1707//1707 1767//1767 97//97
f 1770//1770 1767//1767 1707//1707
f 455//455 1782//1782 1780//1780
f 1782//1782 453//453 1770//1770
f 1780//1780 1770//1770 439//439
f 1782//1782 1770//1770 1780//1780
f 33//33 1691//1691 1719//1719
f 1691//1691 434//434 1721//1721
f 1719//1719 1721//1721 442//442
f 1691//1691 1721//1721 1719//1719
f 434//434 1692//1692 1733//1733
f 1692//1692 115//115 1731//1731
f 1733//1733 1731//1731 445//445
f 1692//1692 1731//1731 1733//1733
f 442//442 1735//1735 1720//1720
f 1735//1735 445//445 1732//1732
f 1720//1720 1732//1732 117//117
f 1735//1735 1732//1732 1720//1720
f 434//434 1733//1733 1721//1721
f 1733//1733 445//445 1735//1735
f 1721//1721 1735//1735 442//442
f 1733//1733 1735//1735 1721//1721
f 115//115 1688//1688 1694//1694
f 1688//1688 433//433 1696//1696
f 1694//1694 1696//1696 435//435
f 1688//1688 1696//1696 1694//1694
f 433//433 1687//1687 1689//1689
f 1687//1687 9//9 1084//1084
f 1689//1689 1084//1084 286//286
f 1687//1687 1084//1084 1689//1689
f 435//435 1695//1695 1693//1693
f 1695//1695 286//286 1085//1085
f 1693//1693 1085//1085 80//80
f 1695//1695 1085//1085 1693//1693
f 433//433 1689//1689 1696//1696
f 1689//1689 286//286 1695//1695
f 1696//1696 1695//1695 435//435
f 1689//1689 1695//1695 1696//1696
f 117//117 1723//1723 1716//1716
f 1723//1723 443//443 1726//1726
f 1716//1716 1726//1726 441//441
f 1723//1723 1726//1726 1716//1716
f 443//443 1722//1722 1724//1724
f 1722//1722 80//80 1087//1087
f 1724//1724 1087//1087 287//287
f 1722//1722 1087//1087 1724//1724
f 441//441 1717//1717 1715//1715
f 1717//1717 287//287 1086//1086
f 1715//1715 1086//1086 25//25
f 1717//1717 1086//1086 1715//1715
f 443//443 1724//1724 1726//1726
f 1724//1724 287//287 1717//1717
f 1726//1726 1717//1717 441//441
f 1724//1724 1717//1717 1726//1726
f 115//115 1694//1694 1731//1731
f 1694//1694 435//435 1734//1734
f 1731//1731 1734//1734 445//445
f 1694//1694 1734//1734 1731//1731
f 435//435 1693//1693 1725//1725
f 1693//1693 80//80 1722//1722
f 1725//1725 1722//1722 443//443
f 1693//1693 1722//1722 1725//1725
f 445//445 1736//1736 1732//1732
f 1736//1736 443//443 1723//1723
f 1732//1732 1723//1723 117//117
f 1736//1736 1723//1723 1732//1732
f 435//435 1725//1725 1734//1734
f 1725//1725 443//443 1736//1736
f 1734//1734 1736//1736 445//445
f 1725//1725 1736//1736 1734//1734
f 29//29 1397//1397 1363//1363
f 1397//1397 364//364 1399//1399
f 1363//1363 1399//1399 354//354
f 1397//1397 1399//1399 1363//1363
f 364//364 1398//1398 1409//1409
f 1398//1398 99//99 1406//1406
f 1409//1409 1406//1406 366//366
f 1398//1398 1406//1406 1409//1409
f 354//354 1407//1407 1364//1364
f 1407//1407 366//366 1405//1405
f 1364//1364 1405//1405 96//96
f 1407//1407 1405//1405 1364//1364
f 364//364 1409//1409 1399//1399
f 1409//1409 366//366 1407//1407
f 1399//1399 1407//1407 354//354
f 1409//1409 1407//1407 1399//1399
f 99//99 1395//1395 1401//1401
f 1395//1395 363//363 1404//1404
f 1401//1401 1404//1404 365//365
f 1395//1395 1404//1404 1401//1401
f 363//363 1394//1394 1396//1396
f 1394//1394 25//25 1078//1078
f 1396//1396 1078//1078 284//284
f 1394//1394 1078//1078 1396//1396
f 365//365 1402//1402 1400//1400
f 1402//1402 284//284 1079//1079
f 1400//1400 1079//1079 79//79
f 1402//1402 1079//1079 1400//1400
f 363//363 1396//1396 1404//1404
f 1396//1396 284//284 1402//1402
f 1404//1404 1402//1402 365//365
f 1396//1396 1402//1402 1404//1404
f 96//96 1370//1370 1360//1360
f 1370//1370 356//356 1372//1372
f 1360//1360 1372//1372 353//353
f 1370//1370 1372//1372 1360//1360
f 356//356 1369//1369 1371//1371
f 1369//1369 79//79 1076//1076
f 1371//1371 1076//1076 283//283
f 1369//1369 1076//1076 1371//1371
f 353//353 1362//1362 1359//1359
f 1362//1362 283//283 1075//1075
f 1359//1359 1075//1075 2//2
f 1362//1362 1075//1075 1359//1359
f 356//356 1371//1371 1372//1372
f 1371//1371 283//283 1362//1362
f 1372//1372 1362//1362 353//353
f 1371//1371 1362//1362 1372//1372
f 99//99 1401//1401 1406//1406
f 1401//1401 365//365 1410//1410
f 1406//1406 1410//1410 366//366
f 1401//1401 1410//1410 1406//1406
f 365//365 1400//1400 1403//1403
f 1400//1400 79//79 1369//1369
f 1403//1403 1369//1369 356//356
f 1400//1400 1369//1369 1403//1403
f 366//366 1408//1408 1405//1405
f 1408//1408 356//356 1370//1370
f 1405//1405 1370//1370 96//96
f 1408//1408 1370//1370 1405//1405
f 365//365 1403//1403 1410//1410
f 1403//1403 356//356 1408//1408
f 1410//1410 1408//1408 366//366
f 1403//1403 1408//1408 1410//1410
f 33//33 1719//1719 1763//1763
f 1719//1719 442//442 1766//1766
f 1763//1763 1766//1766 452//452
f 1719//1719 1766//1766 1763//1763
f 442//442 1720//1720 1785//1785
f 1720//1720 117//117 1783//1783
f 1785//1785 1783//1783 456//456
f 1720//1720 1783//1783 1785//1785
f 452//452 1787//1787 1764//1764
f 1787//1787 456//456 1784//1784
f 1764//1764 1784//1784 119//119
f 1787//1787 1784//1784 1764//1764
f 442//442 1785//1785 1766//1766
f 1785//1785 456//456 1787//1787
f 1766//1766 1787//1787 452//452
f 1785//1785 1787//1787 1766//1766
f 117//117 1716//1716 1728//1728
f 1716//1716 441//441 1730//1730
f 1728//1728 1730//1730 444//444
f 1716//1716 1730//1730 1728//1728
f 441//441 1715//1715 1718//1718
f 1715//1715 25//25 1394//1394
f 1718//1718 1394//1394 363//363
f 1715//1715 1394//1394 1718//1718
f 444//444 1729//1729 1727//1727
f 1729//1729 363//363 1395//1395
f 1727//1727 1395//1395 99//99
f 1729//1729 1395//1395 1727//1727
f 441//441 1718//1718 1730//1730
f 1718//1718 363//363 1729//1729
f 1730//1730 1729//1729 444//444
f 1718//1718 1729//1729 1730//1730
f 119//119 1773//1773 1760//1760
f 1773//1773 454//454 1776//1776
f 1760//1760 1776//1776 451//451
f 1773//1773 1776//1776 1760//1760
f 454//454 1772//1772 1774//1774
f 1772//1772 99//99 1398//1398
f 1774//1774 1398//1398 364//364
f 1772//1772 1398//1398 1774//1774
f 451//451 1762//1762 1759//1759
f 1762//1762 364//364 1397//1397
f 1759//1759 1397//1397 29//29
f 1762//1762 1397//1397 1759//1759
f 454//454 1774//1774 1776//1776
f 1774//1774 364//364 1762//1762
f 1776//1776 1762//1762 451//451
f 1774//1774 1762//1762 1776//1776
f 117//117 1728//1728 1783//1783
f 1728//1728 444//444 1786//1786
f 1783//1783 1786//1786 456//456
f 1728//1728 1786//1786 1783//1783
f 444//444 1727//1727 1775//1775
f 1727//1727 99//99 1772//1772
f 1775//1775 1772//1772 454//454
f 1727//1727 1772//1772 1775//1775
f 456//456 1788//1788 1784//1784
f 1788//1788 454//454 1773//1773
f 1784//1784 1773//1773 119//119
f 1788//1788 1773//1773 1784//1784
f 444//444 1775//1775 1786//1786
f 1775//1775 454//454 1788//1788
f 1786//1786 1788//1788 456//456
f 1775//1775 1788//1788 1786//1786
