t,v_fwd,theta1_deg,theta2_deg,theta3_deg,theta4_deg,theta5_deg,p_L,p_R,dp,F,u
0.0,nan,0.0,0.0,0.0,0.0,0.0,0.0,0.0,0.0,0.0,0.0
0.01,nan,3.9967843331494103e-08,4.064941215929005e-08,3.477365632449025e-08,-2.1329319677245578e-08,-2.6669250530739306e-08,0.12163587911126464,-0.12163587911126464,0.24327175822252928,4.865435164450586e-06,0.0008112843890272958
0.020000000000000004,nan,2.9053087264526502e-06,2.953899794594003e-06,2.525354212200357e-06,-1.5446901518095356e-06,-1.925942163042545e-06,1.8999008116957783,-1.8999008116957783,3.7998016233915566,7.599603246783114e-05,0.004165094031376031
0.030000000000000013,nan,3.265448773575171e-05,3.318801800274828e-05,2.8352337979956795e-05,-1.7273452204026854e-05,-2.147591043157408e-05,9.084415630558757,-9.084415630558757,18.168831261117514,0.0003633766252223503,0.010082454595817058
0.04000000000000002,nan,0.00017699543326717368,0.00017980880201488698,0.00015347963845627517,-9.302122007523176e-05,-0.00011533195824238236,26.81798585264425,-26.81798585264425,53.6359717052885,0.00107271943410577,0.01833755900449544
0.05000000000000003,nan,0.0006453842543081732,0.0006553173863815638,0.0005588199300576918,-0.00033651240407123857,-0.0004160987518861232,60.617977490281916,-60.617977490281916,121.23595498056383,0.002424719099611277,0.028526186191968176
0.06000000000000004,nan,0.0018309862065360228,0.0018581226361000162,0.0015827698625760587,-0.0009457857547887197,-0.0011664232993209502,115.36534463387514,-115.36534463387514,230.73068926775028,0.004614613785355006,0.04008948956204285
0.07000000000000005,nan,0.0043646764060624055,0.004426550194156121,0.0037658861173212156,-0.0022301488318665725,-0.0027435721853614095,194.3720648987784,-194.3720648987784,388.7441297975568,0.007774882595951137,0.05234192469406031
0.08000000000000006,nan,0.009150149131189634,0.009273186464641642,0.007877964733707509,-0.004617692145760762,-0.005667511837253653,298.59386072469135,-298.59386072469135,597.1877214493827,0.011943754428987655,0.06450266167355753
0.09000000000000007,nan,0.017370866243597904,0.017590059728707884,0.014919255675702927,-0.008645110593019555,-0.01058786218531954,426.047103779539,-426.047103779539,852.094207559078,0.01704188415118156,0.07572969419156662
0.10000000000000007,nan,0.03046194590463408,0.030817599409540118,0.02608966927721862,-0.014927765411605896,-0.018247895366167246,571.4769741267736,-571.4769741267736,1142.9539482535472,0.022859078965070945,0.08515574868112194
0.11000000000000008,nan,0.05004309183101593,0.05057342490148849,0.042722598172734105,-0.02411020631771352,-0.029426497793344462,726.3085947602904,-726.3085947602904,1452.6171895205807,0.029052343790411616,0.09192501528509456
0.12000000000000009,nan,0.07781217709988221,0.0785407027831518,0.0661833533505757,-0.0367993689629586,-0.04486115296217366,878.8944336366297,-878.8944336366297,1757.7888672732595,0.03515577734546519,0.09522967063426417
0.1300000000000001,nan,0.11540294879741728,0.11631990752805119,0.09773607724528484,-0.05348404934851618,-0.06515612131313064,1015.0505013613766,-1015.0505013613766,2030.1010027227533,0.04060202005445507,0.0943451416873078
0.1400000000000001,nan,0.16421423844212504,0.16525203488486162,0.13838707162215405,-0.07444493100409146,-0.09068003981366851,1118.8520229656835,-1118.8520229656835,2237.704045931367,0.04475408091862734,0.08866307082008254
0.1500000000000001,nan,0.22522166415235906,0.22622520780320984,0.1887162784318395,-0.09965961439222268,-0.12145659362897131,1173.6382301468193,-1173.6382301468193,2347.2764602936386,0.04694552920587278,0.07772098466508795
0.16000000000000011,nan,0.29878562712164797,0.29947962331290734,0.24871152076114988,-0.12870728048922583,-0.15705164260175433,1163.1581810982561,-1163.1581810982561,2326.3163621965123,0.04652632724393025,0.06122774176186293
0.17000000000000012,nan,0.38447097673107017,0.38442735241504855,0.31762136632489657,-0.16067843413268762,-0.19646127622799398,1072.7776869254046,-1072.7776869254046,2145.5553738508092,0.04291110747701619,0.03908393494014363
0.18000000000000013,nan,0.4808937262615686,0.47950323308735276,0.39384164480797207,-0.19409703753165175,-0.23800840193156095,890.663534032838,-890.663534032838,1781.327068065676,0.035626541361313525,0.011396550813602423
0.19000000000000014,nan,0.5856085931006578,0.5820609371121128,0.47484769365238055,-0.22686517451548258,-0.27926045375932307,608.8659065157576,-608.8659065157576,1217.7318130315152,0.024354636260630308,-0.021512662583877483
0.20000000000000015,nan,0.6950481785366119,0.6883245956891609,0.5571798037947385,-0.25624348667757524,-0.31698644105030804,224.23213588460254,-224.23213588460254,448.4642717692051,0.008969285435384102,-0.059105502134547606
0.21000000000000016,nan,0.8045208031419254,0.7934017953908991,0.6364839521966167,-0.2788828953852728,-0.3471759961874754,-260.8979477058383,260.8979477058383,-521.7958954116766,-0.010435917908233533,-0.10063249150836334
0.22000000000000017,nan,0.9082699610054832,0.8913590461356721,0.7076046841314312,-0.29092351427052354,-0.3651445976811753,-838.2458969493043,838.2458969493043,-1676.4917938986086,-0.033529835877972175,-0.145144950763566
0.23000000000000018,nan,0.9995945233471428,0.9753565508782042,0.7647226287633262,-0.2881746221209232,-0.3657468882666977,-1493.4106243379388,1493.4106243379388,-2986.8212486758775,-0.059736424973517555,-0.19151377282696633
0.24000000000000019,nan,1.0710254457472252,1.0378355199262679,0.8015258126247152,-0.2663853361803607,-0.3437144063684872,-2205.943633704138,2205.943633704138,-4411.887267408276,-0.08823774534816553,-0.23845453455549293
0.25000000000000017,0.0007398431472067503,1.1145518010985744,1.0707482669105044,0.811401393465343,-0.22161019297040926,-0.294126747391228,-2949.6670482971404,2949.6670482971404,-5899.334096594281,-0.11798668193188562,-0.28455838548397083
0.2600000000000002,0.0008154819316951738,1.1218867569757773,1.0658190113470412,0.7876323077517567,-0.1506689300637799,-0.21301926018565978,-3693.205619802732,3693.205619802732,-7386.411239605464,-0.1477282247921093,-0.3283279847323273
0.2700000000000002,0.0009155174256170688,1.0847939216965221,1.0148621464022787,0.723632657044394,-0.051633681630427815,-0.09804483129159784,-4400.7776174585415,4400.7776174585415,-8801.555234917083,-0.17603110469834168,-0.3682176007116725
0.2800000000000002,0.0010503152689576474,0.9956837630779842,0.9104549005719564,0.6136563758804424,0.0763495315491998,0.05192282112382729,-5034.334561761497,5034.334561761497,-10068.669123522994,-0.20137338247045988,-0.4026763536601031
0.2900000000000002,0.0012298289905469106,0.8483142441029466,0.7467498909634325,0.45370101923161077,0.2335647975433714,0.23772862446799106,-5556.974993715367,5556.974993715367,-11113.949987430735,-0.2222789997486147,-0.43019347155997295
0.3000000000000002,0.0014624990425053128,0.6383136432790543,0.5200435606778396,0.2420665534767078,0.4197806377219797,0.46011056830530567,-5935.469082609506,5935.469082609506,-11870.938165219011,-0.23741876330438025,-0.4493443489161903
0.3100000000000002,0.0017544797973093702,0.36357257844156293,0.22917657854373652,-0.02030476357460555,0.6340980331590848,0.7194886962925058,-6142.185831771938,6142.185831771938,-12284.371663543876,-0.24568743327087753,-0.45883614777118836
0.32000000000000023,0.0021092169935767757,0.0244744005767294,-0.12426813687656996,-0.3297425147308994,0.8745906897066436,1.0153716815608023,-6156.313252988429,6156.313252988429,-12312.626505976858,-0.24625253011953718,-0.457551662971579
0.33000000000000024,0.00252733516380592,-0.3760366501645575,-0.5359648330322069,-0.6799991800576332,1.1378058588859492,1.3455042780005453,-5964.3523422890075,5964.3523422890075,-11928.704684578015,-0.23857409369156032,-0.4445901900203706
0.34000000000000025,0.0030067706941554755,-0.832520149753699,-0.998998457987526,-1.0625713463337545,1.4182543910083527,1.7049729256892057,-5560.044964061382,5560.044964061382,-11120.089928122765,-0.22240179856245532,-0.41930418391514573
0.35000000000000026,0.00354308629045385,-1.3371951770687953,-1.504114138337775,-1.4671072138353167,1.70802928000419,2.085499509935578,-4943.978980477723,4943.978980477723,-9887.957960955446,-0.19775915921910894,-0.38133058037730244
0.36000000000000026,0.004129905467873485,-1.8801499779785382,-2.0400127465812834,-1.8818312764539624,1.996655009086736,2.4750873996010587,-4123.0905291244635,4123.0905291244635,-8246.181058248927,-0.16492362116497855,-0.3306157651479195
0.3700000000000003,0.004759404482594638,-2.4495824607249284,-2.5936625396141335,-2.293946798432678,2.2712123081681264,2.8580859164174828,-3110.1980117873877,3110.1980117873877,-6220.396023574775,-0.12440792047149551,-0.26743332006138754
0.3800000000000003,0.005422823918669347,-3.032062110764751,-3.1506158238046664,-2.690004091919537,2.5167313162332525,3.215654778411503,-1923.6116983066916,1923.6116983066916,-3847.223396613383,-0.07694446793226767,-0.19239384313760632
0.3900000000000003,0.006110997204408745,-3.6128127129871754,-3.695331053641182,-3.0562383528306234,2.716814309228878,3.526560928352387,-586.8016069092492,586.8016069092492,-1173.6032138184985,-0.023472064276369973,-0.10644632999194788
0.4000000000000003,0.006814915845952206,-4.176017701270543,-4.211504079390411,-3.378885222564704,2.854436571877185,3.768224716841277,871.9176430391116,-871.9176430391116,1743.8352860782231,0.03487670572156447,-0.01087081088492462
0.4100000000000003,0.0075263589687161545,-4.705147383905745,-4.682409977407462,-3.644479685335747,2.912873806515355,3.9179381658119348,2419.72099956573,-2419.72099956573,4839.44199913146,0.0967888399826292,0.09273784333238874
0.4200000000000003,0.008238617347178023,-5.183304399420035,-5.091251747439414,-3.8401356081232025,2.87671300116602,3.9541963174235892,4019.643870369814,-4019.643870369814,8039.287740739628,0.16078575481479257,0.20249480769325784
0.4300000000000003,0.008947189257048441,-5.593579279639652,-5.421505916393293,-3.953794188337784,2.7329145083694995,3.858103445673225,5630.982130105546,-5630.982130105546,11261.964260211093,0.22523928520422187,0.3162585170536559
0.44000000000000034,0.009650188284475949,-5.919404071423916,-5.6572490313923485,-3.974419561324745,2.4719075280176126,3.6148403497995503,7209.685988941505,-7209.685988941505,14419.37197788301,0.2883874395576602,0.4316716211580841
0.45000000000000034,0.01034822741188276,-6.144898531617658,-5.783451235393688,-3.892109480724781,2.0887302303135633,3.2152272554685823,8708.70858248611,-8708.70858248611,17417.41716497222,0.3483483432994444,0.5462088836968269
0.46000000000000035,0.011043614723132904,-6.255225104475285,-5.786248796502464,-3.6981157780301914,1.5842358487185806,2.6575130507585136,10078.35510969706,-10078.35510969706,20156.71021939412,0.40313420438788244,0.6572310334858319
0.47000000000000036,0.011741711009790023,-6.2369863027192975,-5.653244136614979,-3.3848439880484293,0.96625234249916,1.9493935822632915,11266.81409652589,-11266.81409652589,22533.62819305178,0.45067256386103566,0.762043402385941
0.48000000000000037,0.012455431753530415,-6.079242013177546,-5.37467455901245,-2.9471080320849548,0.24854489929349718,1.106539247441083,12223.20460843617,-12223.20460843617,24446.40921687234,0.48892818433744684,0.857958036963692
0.4900000000000004,0.013207037906047926,-5.775694436042022,-4.946259533462006,-2.385893895458157,-0.5544526516300013,0.14401407025523763,12909.134408998141,-12909.134408998141,25818.268817996282,0.5163653763599257,0.9423578532721455
0.5000000000000003,0.014025585689224095,-5.32555378419453,-4.370251904022672,-1.7096159374846605,-1.4294681360096146,-0.9264355451011418,13304.62398292822,-13304.62398292822,26609.24796585644,0.5321849593171288,1.0
0.5100000000000003,0.014942256781042627,-4.733241788810122,-3.654940407047007,-0.9332580592254617,-2.3634175501127754,-2.0944686060450546,13379.174538192496,-13379.174538192496,26758.34907638499,0.5351669815276999,1.0
0.5200000000000004,0.015984907703004352,-4.007818760717379,-2.813729317927368,-0.07686151595964465,-3.3413980666329435,-3.347694420529102,13101.461857242159,-13101.461857242159,26202.923714484317,0.5240584742896864,1.0
0.5300000000000004,0.01717406779639476,-3.1623453853623005,-1.8641290039981886,0.8361083111390065,-4.344677772387259,-4.668269402895856,12481.736153512757,-12481.736153512757,24963.472307025513,0.49926944614051033,1.0
0.5400000000000004,0.018521303881494425,-2.2130310136637825,-0.8265947812069224,1.7803743279416602,-5.349648224221039,-6.030953812141164,11562.378246544766,-11562.378246544766,23124.75649308953,0.46249512986179064,1.0
0.5500000000000004,0.020029692220964665,-1.1783186268200947,0.2765932558686571,2.7301956255122612,-6.327995463119569,-7.40300863858892,10407.638599519709,-10407.638599519709,20815.277199039418,0.4163055439807884,1.0
0.5600000000000004,0.021695584245687953,-0.07798316697200514,1.4223406219021404,3.6604191878950934,-7.247878150178235,-8.745587931336534,9095.368432887408,-9095.368432887408,18190.736865774816,0.36381473731549635,1.0
0.5700000000000004,0.02351073836875206,1.0677537470953486,2.587666254464226,4.547327094145946,-8.07573702085555,-10.016031584805422,7710.127080359093,-7710.127080359093,15420.254160718187,0.3084050832143638,0.9981603569352943
0.5800000000000004,0.025464139719361338,2.2390731064848355,3.7505546017945304,5.369344356880667,-8.778380770200943,-11.17053005070119,6307.707740629746,-6307.707740629746,12615.415481259492,0.25230830962518985,0.9065359802471006
0.5900000000000004,0.027543213793612666,3.4170326675637797,4.890406733470758,6.1073728539538665,-9.324885637186274,-12.166543031714019,4878.957010338636,-4878.957010338636,9757.914020677272,0.19515828041354544,0.7913306926182955
0.6000000000000004,0.029734461567182804,4.583448854542001,5.987894424281443,6.744631332391714,-9.687927682599208,-12.964470018896328,3407.3546099911337,-3407.3546099911337,6814.709219982267,0.13629418439964536,0.6546568574732408
0.6100000000000004,0.03202371367961376,5.7206814614616395,7.024732246044312,7.266456801143071,-9.844732849208043,-13.528821296093998,1878.277163888906,-1878.277163888906,3756.554327777812,0.07513108655555624,0.49896704495419936
0.6200000000000004,0.034396241159548716,6.811471341026054,7.9835136717282005,7.660175039735111,-9.777774550289857,-13.829093480468503,280.58246829283627,-280.58246829283627,561.1649365856725,0.011223298731713452,0.3270508970285689
0.6300000000000004,0.036836898439374204,7.838835499524657,8.847608574976041,7.9150208455021795,-9.475271905726391,-13.84045103809932,-1391.9431728614416,1391.9431728614416,-2783.886345722883,-0.055677726914457666,0.14201708893768752
0.6400000000000005,0.039330301108611146,8.786025142244334,9.601123194845842,8.02209497267302,-8.931534698129468,-13.544300765606096,-3139.334119913762,3139.334119913762,-6278.668239827524,-0.12557336479655049,-0.052738377254927166
0.6500000000000005,0.041860942054640124,9.636550585939835,10.228923411577643,7.97434678198642,-8.147199153712087,-12.928843965398261,-4954.451216185732,4954.451216185732,-9908.902432371464,-0.1981780486474293,-0.2535761298343328
0.6600000000000005,0.0444133155104005,10.374275121015446,10.716721741734487,7.7665752431729125,-7.1293965301866935,-11.989703700584773,-6822.29315232203,6822.29315232203,-13644.58630464406,-0.27289172609288126,-0.45666804932910093
0.6700000000000005,0.04697222712882023,10.98355625105349,11.051201610551715,7.395414862590526,-5.891907184027825,-10.73070926956398,-8719.610511285766,8719.610511285766,-17439.22102257153,-0.34878442045143065,-0.6580608182789758
0.6800000000000005,0.04952334843576266,11.449360390984632,11.220085448363843,6.859209611972304,-4.455344556504152,-9.164811663875456,-10614.43309963293,10614.43309963293,-21228.86619926586,-0.4245773239853172,-0.8537465342410188
0.6900000000000005,0.05205393418268632,11.757430171192375,11.212217032831532,6.157813807114555,-2.847435389236507,-7.315407775845982,-12463.549079817592,12463.549079817592,-24927.098159635185,-0.4985419631927037,-1.0
0.7000000000000005,0.05455350549410497,11.894442759727491,11.017548294099912,5.292140094797676,-1.1036471125446468,-5.218052258015611,-14127.665064281535,14127.665064281535,-28255.33012856307,-0.5651066025712614,-1.0
0.7100000000000005,0.05701418586448043,11.849694324575882,10.628840659284235,4.265565280176437,0.7334905795190201,-2.9200578193350957,-15399.269492841926,15399.269492841926,-30798.538985683852,-0.6159707797136771,-1.0
0.7200000000000005,0.05943037086488869,11.618661551871481,10.045905321102225,3.0887071254119527,2.6192577538656074,-0.47321728229959936,-16142.788185433394,16142.788185433394,-32285.576370866787,-0.6457115274173358,-1.0
0.7300000000000005,0.06179970179474125,11.205441492936387,9.27854510873742,1.7828508097166593,4.511430670955282,2.073460924629172,-16301.064314113579,16301.064314113579,-32602.128628227158,-0.6520425725645432,-1.0
0.7400000000000005,0.0641278987732497,10.623565439667047,8.347453620225922,0.3810000391976487,6.373337948303369,4.678711593654419,-15891.238116869054,15891.238116869054,-31782.476233738107,-0.6356495246747622,-1.0
0.7500000000000006,0.06642966607155482,9.893964480085431,7.281445461246627,-1.0759031462159556,8.17095325816298,7.303988615842142,-14987.737656540496,14987.737656540496,-29975.47531308099,-0.5995095062616199,-1.0
0.7600000000000006,0.06872792700944333,9.0420220554544,6.11356537095505,-2.5440981637259052,9.868876292048276,9.906584312421854,-13700.10770521242,13700.10770521242,-27400.21541042484,-0.5480043082084969,-1.0
0.7700000000000006,0.07105168033809652,8.094958992857666,4.877802043351991,-3.9810988131249516,11.428291416654465,12.43575617554965,-12154.097987539253,12154.097987539253,-24308.195975078506,-0.4861639195015702,-1.0
0.7800000000000006,0.07342973539980405,7.079911283356848,3.60685139640485,-5.348223204119775,12.807398132872729,14.832637980027902,-10478.204657255426,10478.204657255426,-20956.409314510853,-0.4191281862902171,-1.0
0.7900000000000006,0.07588677819776968,6.022622062954462,2.3307550002676147,-6.6118723541699564,13.963681959328056,17.033088705131096,-8795.079013334225,8795.079013334225,-17590.15802666845,-0.351803160533369,-1.0
0.8000000000000006,0.07844060466599974,4.946471609498901,1.076034811262021,-7.744082113042699,14.857148106087228,18.9722981799535,-7215.913702606627,7215.913702606627,-14431.827405213255,-0.28863654810426514,-1.0
0.8100000000000006,0.08110106819519922,3.871713813369465,-0.13490182926898708,-8.722706098354035,15.453777606798669,20.5900109672892,-5836.54871148619,5836.54871148619,-11673.09742297238,-0.23346194845944762,-1.0
0.8200000000000006,0.08387059142186734,2.8148749235394366,-1.2841865260018068,-9.531425978385029,15.728639823281348,21.835344262884327,-4734.681206482714,4734.681206482714,-9469.362412965427,-0.18938724825930855,-1.0
0.8300000000000006,0.086745655907714,1.788305104370822,-2.358775275255985,-10.159672965346228,15.66830950936249,22.67053930288531,-3967.9133555249,3967.9133555249,-7935.8267110498,-0.15871653422099602,-1.0
0.8400000000000006,0.08971861183639941,0.7998830581074375,-3.350602506434432,-10.602487643718177,15.272425034041998,23.073399416655427,-3572.535234117135,3572.535234117135,-7145.07046823427,-0.14290140936468543,-1.0
0.8500000000000006,0.09277933471228433,-0.14713059998063166,-4.256613005781901,-10.860331163764073,14.554342860543093,23.03844920357888,-3562.970243991367,3562.970243991367,-7125.940487982734,-0.1425188097596547,-1.0
0.8600000000000007,0.09591645843056106,-1.0540975516993485,-5.078682049555527,-10.938855458143022,13.540908709919462,22.576978361004542,-3931.8129119456876,3931.8129119456876,-7863.625823891375,-0.15727251647782753,-1.0
0.8700000000000007,0.09911811446267585,-1.9268389718964807,-5.823399254027317,-10.848605201642574,12.27140292124064,21.716153446898282,-4610.600906576416,4610.600906576416,-9221.201813152831,-0.18442403626305665,-0.8068026829752616
0.8800000000000007,0.10237222650522841,-2.7746688623045213,-6.501070694737664,-10.604102253126824,10.795372867453695,20.49685847061177,-5320.82081936491,5320.82081936491,-10641.64163872982,-0.21283283277459641,-0.5177316643689014
0.8900000000000007,0.10566638481545182,-3.607585781385109,-7.122912032886791,-10.221500049341897,9.168608530200137,18.969161906431264,-5768.93583424192,5768.93583424192,-11537.87166848384,-0.23075743336967683,-0.21747456292931266
0.9000000000000007,0.10898734825328223,-4.4332351376648,-7.698073229652766,-9.716222104506961,7.448262538567361,17.186567278775776,-5728.006091027153,5728.006091027153,-11456.012182054306,-0.22912024364108616,0.08510779409925709
0.9100000000000007,0.11232049702758463,-5.254612941341182,-8.231433568477172,-9.101284220850376,5.6882854674405445,15.20067511854342,-5040.12633451528,5040.12633451528,-10080.25266903056,-0.20160505338061122,0.38218228597661563
0.9200000000000007,0.11564964275367944,-6.068501830311718,-8.722118286154863,-8.386172802734608,3.9357078223675055,13.057065156564288,-3616.873869801361,3616.873869801361,-7233.747739602722,-0.14467495479205444,0.6668349362548103
0.9300000000000007,0.11895746017876396,-6.864601431671165,-9.162674480987928,-7.576174715912955,2.228094065235804,10.79286587648737,-1437.792491756484,1437.792491756484,-2875.584983512968,-0.05751169967025936,0.932997246735383
0.9400000000000007,0.12222657792858142,-7.625324733797269,-9.538860869667463,-6.672088388739295,0.5923619555618949,8.436239173767877,1414.389581341891,-1414.389581341891,2828.779162683782,0.05657558325367565,1.0
0.9500000000000007,0.12544108923703212,-8.326799532962793,-9.830588031956866,-5.670761662996753,-0.9546723698935696,6.008228798213654,4642.537751269399,-4642.537751269399,9285.075502538799,0.18570151005077598,1.0
0.9600000000000007,0.1285881077511907,-8.94171058674589,-10.014630612483415,-4.5669579580093815,-2.4035814536165794,3.527268988703499,7944.446662253262,-7944.446662253262,15888.893324506524,0.3177778664901305,1.0
0.9700000000000008,0.13165611744760208,-9.44247507172155,-10.067704802039312,-3.355634049985107,-3.7495883898413624,1.0128058863190064,11074.078051240775,-11074.078051240775,22148.15610248155,0.442963122049631,1.0
0.9800000000000008,0.13463114170346957,-9.805654630149458,-9.971630573505148,-2.037637130068236,-4.99596608860056,-1.5208393630358554,13843.546767984377,-13843.546767984377,27687.093535968754,0.5537418707193751,1.0
0.9900000000000008,0.13749976052536236,-10.013334032119397,-9.714626552533607,-0.6202974524498095,-6.150970040912835,-4.059980646057696,16127.95669830065,-16127.95669830065,32255.9133966013,0.6451182679320261,1.0
1.0000000000000007,0.14025399552839668,-10.052629851176185,-9.290091383620563,0.8852177171492518,-7.221474758960844,-6.583433162644935,17838.664101529026,-17838.664101529026,35677.32820305805,0.7135465640611611,1.0
1.0100000000000007,0.14289345463778544,-9.91924772107841,-8.701139707156248,2.457919007254998,-8.2206533268387,-9.077876734982034,18945.67115875625,-18945.67115875625,37891.3423175125,0.75782684635025,1.0
1.0200000000000007,0.1454251287774734,-9.616327145790084,-7.9586408585398125,4.07015941853746,-9.162387194751755,-11.530610182442118,19464.580696100005,-19464.580696100005,38929.16139220001,0.7785832278440002,1.0
1.0300000000000007,0.14786003655631047,-9.15295737590029,-7.07909516120187,5.6906653729740615,-10.056832791625368,-13.924122781787405,19445.343412725557,-19445.343412725557,38890.686825451114,0.7778137365090223,1.0
1.0400000000000007,0.15021027440079687,-8.542403273654243,-6.082337560104164,7.287544846550341,-10.906797582098044,-16.23171003892592,18959.83305877826,-18959.83305877826,37919.66611755652,0.7583933223511304,1.0
1.0500000000000007,0.15248682249754697,-7.800665992192796,-4.989851216228763,8.830260057514574,-11.706319440671098,-18.416297348192522,18092.23764852908,-18092.23764852908,36184.47529705816,0.7236895059411633,1.0
1.0600000000000007,0.15469896471967373,-6.945484111703408,-3.8237279046552803,10.290626152548324,-12.441206473521172,-20.432005404782725,16932.84463458516,-16932.84463458516,33865.68926917032,0.6773137853834064,1.0
1.0700000000000007,0.1568550230529317,-5.995583199543253,-2.606005422826202,11.643226965331241,-13.090887872442117,-22.227569736086625,15574.012762030057,-15574.012762030057,31148.025524060115,0.6229605104812024,1.0
1.0800000000000007,0.15896340077547388,-4.970016708971049,-1.3581519742926889,12.86558396146765,-13.630951627128983,-23.75068352695287,14107.185547196215,-14107.185547196215,28214.37109439243,0.5642874218878486,1.0
1.0900000000000007,0.1610331149920366,-3.88749968449499,-0.10055382347813101,13.93829025547276,-14.035883087317389,-24.95246336710603,12620.163062318157,-12620.163062318157,25240.326124636314,0.5048065224927263,1.0
1.1000000000000008,0.16307362890678895,-2.7657382765411995,1.14801818478322,14.845181909597258,-14.281677867176743,-25.791431518444767,11194.408243479951,-11194.408243479951,22388.816486959902,0.44777632973919806,1.0
1.1100000000000008,0.16509420599291336,-1.6207813784054383,2.3709447903576404,15.573551208948656,-14.348127834442435,-26.236650001407355,9902.420318237168,-9902.420318237168,19804.840636474335,0.3960968127294867,1.0
1.1200000000000008,0.16710304940186793,-0.46644171982910715,3.554247361200681,16.114362082047403,-14.220660496003216,-26.26985826922049,8761.691875347107,-8761.691875347107,17523.383750694215,0.3504676750138843,0.7935852496036102
1.1300000000000008,0.16910643559964292,0.6855368972983077,4.686347445842414,16.461899002540154,-13.891244025109375,-25.886071426070366,7577.56664601019,-7577.56664601019,15155.13329202038,0.3031026658404076,0.4942591859776207
1.1400000000000008,0.1711079790765419,1.8235410808864725,5.756096759995371,16.612083278983306,-13.357391147211342,-25.091404868049803,6149.862736913337,-6149.862736913337,12299.725473826675,0.2459945094765335,0.18794434991617107
1.1500000000000008,0.17310814919439596,2.934108113421123,6.7508481386733585,16.560991033419146,-12.620199192531393,-23.899399469664832,4349.435000291134,-4349.435000291134,8698.870000582268,0.17397740001164538,-0.11667497484055149
1.1600000000000008,0.17510420898122242,4.000820470345355,7.6554503973485915,16.304213850753506,-11.682569130321271,-22.32765154522967,2113.3064020300394,-2113.3064020300394,4226.612804060079,0.08453225608120159,-0.4122010930859579
1.1700000000000008,0.1770906666291518,5.003938171499166,8.45198738468669,15.836808789224019,-10.548072117776181,-20.39560439458982,-562.0572511381614,562.0572511381614,-1124.1145022763228,-0.02248229004552646,-0.692347460797644
1.1800000000000008,0.1790601201394854,5.92058901590675,9.120051015790656,15.153596914131167,-9.220676586972894,-18.12383628259614,-3628.6796069008556,3628.6796069008556,-7257.359213801711,-0.14514718427603424,-0.9518027900008886
1.1900000000000008,0.18100424565844977,6.725384068859525,9.63739499946996,14.249652566490546,-7.705345833765671,-15.53479816078605,-6950.2599214732845,6950.2599214732845,-13900.519842946569,-0.2780103968589314,-1.0
1.2000000000000008,0.18291473880385214,7.391987158623629,9.981485578045241,13.12140128623807,-6.009812398627315,-12.655344142389236,-10207.351660810795,10207.351660810795,-20414.70332162159,-0.4082940664324318,-1.0
1.2100000000000009,0.18478413210155328,7.895921903608105,10.132152514985679,11.768357930060919,-4.1481189176924556,-9.521111521384553,-13114.227465684366,13114.227465684366,-26228.45493136873,-0.5245690986273747,-1.0
1.2200000000000009,0.18660635878745285,8.217725207352748,10.07471371775238,10.195539038956012,-2.1425213399481615,-6.178686060949283,-15464.012233494095,15464.012233494095,-30928.02446698819,-0.6185604893397638,-1.0
1.2300000000000009,0.18837565034345746,8.34621849859432,9.803729387863097,8.417345192634096,-0.02134424470227238,-2.6823874328242256,-17127.99588346141,17127.99588346141,-34255.99176692282,-0.6851198353384566,-1.0
1.2400000000000009,0.19008411698694397,8.28089326283847,9.326009413593804,6.4611307077492635,2.185199938856578,0.912648312456712,-18057.792265507636,18057.792265507636,-36115.58453101527,-0.7223116906203055,-1.0
1.2500000000000009,0.19172512761013139,8.03085186237414,8.659032033312924,4.364750626903228,4.44292648922415,4.548240700780974,-18275.26495317702,18275.26495317702,-36550.52990635404,-0.7310105981270808,-1.0
1.260000000000001,0.1932901298124476,7.613277675520352,7.828891481799654,2.1738342970936837,6.7129867647018635,8.16337121977294,-17855.105218416516,17855.105218416516,-35710.21043683303,-0.7142042087366607,-1.0
1.270000000000001,0.19476878730355718,7.051715493416235,6.868016407062491,-0.06109371533906338,8.952014886839741,11.695146204879894,-16912.949050316547,16912.949050316547,-33825.898100633094,-0.6765179620126619,-1.0
1.280000000000001,0.1961548636808422,6.373231349493181,5.811610428136407,-2.2890725997265355,11.110376068054926,15.07559046612535,-15587.12191787338,15587.12191787338,-31174.24383574676,-0.6234848767149352,-1.0
1.290000000000001,0.19744463486116293,5.605830379432543,4.694604086168148,-4.462286932760142,13.132097472667333,18.23068004022529,-14022.331218235879,14022.331218235879,-28044.662436471757,-0.5608932487294352,-1.0
1.300000000000001,0.19863797972322997,4.7766145475421045,3.5496627930569944,-6.538098027184734,14.957307640711416,21.083248710194592,-12358.415057333234,12358.415057333234,-24716.830114666467,-0.4943366022933294,-1.0
1.310000000000001,0.19973893191916522,3.9105511718016546,2.406026459528409,-8.479892766348534,16.52642468190536,23.55867735221811,-10723.488545908267,10723.488545908267,-21446.977091816534,-0.4289395418363307,-1.0
1.320000000000001,0.20075549672858398,3.029616314835195,1.2888309212607885,-10.257277842239095,17.785005234956035,25.591740893701054,-9229.768172526128,9229.768172526128,-18459.536345052256,-0.36919072690104515,-1.0
1.330000000000001,0.201698861005185,2.152178009580784,0.21869976859355442,-11.845959068821717,18.688368882921875,27.13320634431613,-7971.016942689105,7971.016942689105,-15942.03388537821,-0.31884067770756425,-1.0
1.340000000000001,0.20258221309440663,1.2924957366946155,-0.7886044160580749,-13.227727277707972,19.204820900907382,28.153294072191418,-7020.526880125808,7020.526880125808,-14041.053760251616,-0.28082107520503236,-1.0
1.350000000000001,0.20341943977533639,0.46037353728028346,-1.7224118844192073,-14.390468532293857,19.31752025027199,28.642218409580995,-6429.58309756216,6429.58309756216,-12859.16619512432,-0.25718332390248644,-1.0
1.360000000000001,0.20422392934784067,-0.3389977704618001,-2.5771862263096796,-15.328028575807163,19.025438913149564,28.609264514735273,-6226.822686063048,6226.822686063048,-12453.645372126097,-0.24907290744252195,-1.0
1.370000000000001,0.2050076215480866,-1.1050175223508523,-3.352386048940609,-16.03992853218859,18.343532013696663,28.081101251332854,-6362.185150688665,6362.185150688665,-12724.37030137733,-0.2544874060275466,-0.7686107370909202
1.380000000000001,0.20578036827029014,-1.8407583334781343,-4.051453341988491,-16.53038383118829,17.30159993736791,27.098976574546963,-6567.426353946235,6567.426353946235,-13134.85270789247,-0.26269705415784944,-0.4701366131770619
1.390000000000001,0.20654957752557734,-2.5503317884176844,-4.679151594986107,-16.806083984390295,15.940945946705131,25.713602781203363,-6582.889718252213,6582.889718252213,-13165.779436504426,-0.26331558873008853,-0.16512700996271373
1.400000000000001,0.20732006369266404,-3.2363901252809293,-5.239144409695462,-16.874363261106573,14.30996538040663,23.979104088599236,-6215.782525066916,6215.782525066916,-12431.565050133831,-0.24863130100267664,0.1379040150484206
1.410000000000001,0.20809405554976607,-3.8984550367318636,-5.73245139383033,-16.742163201077034,12.459897158909893,21.947779340398114,-5337.994020550091,5337.994020550091,-10675.988041100181,-0.21351976082200363,0.43168756451103246
1.420000000000001,0.20887134019286227,-4.531893181624399,-6.156540956064958,-16.4154617788979,10.441331531769483,19.666507516022634,-3882.452699992402,3882.452699992402,-7764.905399984804,-0.1552981079996961,0.7100328034043139
1.430000000000001,0.2096495242925189,-5.127402816930119,-6.504890414898226,-15.8989658775329,8.301741899226402,17.175043161649295,-1838.5756466400858,1838.5756466400858,-3677.1512932801716,-0.07354302586560343,0.9676979330465311
1.440000000000001,0.21042443872355213,-5.670990619258892,-6.766981788152889,-15.19602938484377,6.08409879798816,14.506131893276407,697.3816432358057,-697.3816432358057,1394.7632864716113,0.02789526572943223,1.0
1.450000000000001,0.2111907393355528,-6.145090563618039,-6.9293845158635365,-14.309336192048583,3.826920983576912,11.68775516511299,3444.006827094389,-3444.006827094389,6888.013654188778,0.13776027308377556,1.0
1.460000000000001,0.21194277251561539,-6.531078914676195,-6.978138470703786,-13.242455062796017,1.5661826637433762,8.74750593026913,6148.664852261951,-6148.664852261951,12297.329704523901,0.24594659409047806,1.0
1.470000000000001,0.21267560009192585,-6.811731447762146,-6.901081905997475,-12.001383533191301,-0.663077873275461,5.715966081560509,8620.958388534558,-8620.958388534558,17241.916777069117,0.3448383355413824,1.0
1.480000000000001,0.21338422571612478,-6.973813803815117,-6.690632538877909,-10.597144638398138,-2.827930254492369,2.6261535777807206,10727.96634450923,-10727.96634450923,21455.93268901846,0.42911865378036923,1.0
1.490000000000001,0.214061072635188,-7.010523753420055,-6.34691666536284,-9.049657707880677,-4.902065389451993,-0.49248617750965445,12395.5185508222,-12395.5185508222,24791.0371016444,0.49582074203288806,1.0
1.500000000000001,0.21469754359727605,-6.921199085338818,-5.877086805716769,-7.386301522870842,-6.863893474697439,-3.610666125538075,13605.836693323281,-13605.836693323281,27211.673386646562,0.5442334677329312,1.0
1.5100000000000011,0.2152860431822307,-6.70881222807803,-5.291677231075343,-5.6364996378503065,-8.689977544297673,-6.689524089003751,14367.288796617302,-14367.288796617302,28734.577593234604,0.5746915518646921,1.0
1.5200000000000011,0.21582235993798016,-6.381018406001405,-4.606192371341896,-3.834228495289395,-10.361121799390178,-9.6919880521953,14722.481051069994,-14722.481051069994,29444.962102139987,0.5888992420427998,1.0
1.5300000000000011,0.21630770858340495,-5.948537759096296,-3.8387324635800795,-2.0145010274604944,-11.859162851930389,-12.578294068099712,14733.91097939902,-14733.91097939902,29467.82195879804,0.5893564391759608,1.0
1.5400000000000011,0.21674700444985504,-5.423943873385585,-3.008471473240064,-0.21140607109335047,-13.16630424400457,-15.305526396401536,14475.350954251671,-14475.350954251671,28950.701908503343,0.5790140381700669,1.0
1.5500000000000012,0.21714705778081728,-4.820489209135123,-2.1342797594847878,1.543534829811998,-14.264960922688914,-17.827899604414903,14024.017516276632,-14024.017516276632,28048.035032553264,0.5609607006510653,1.0
1.5600000000000012,0.21751432430536843,-4.151209865545342,-1.2337592850491244,3.222371303706786,-15.138519696159042,-20.098610842107917,13454.836884067585,-13454.836884067585,26909.67376813517,0.5381934753627035,1.0
1.5700000000000012,0.21785334766998993,-3.428301774898956,-0.3226758675000316,4.801111676744365,-15.77294248937791,-22.07338592815585,12836.847087944669,-12836.847087944669,25673.694175889337,0.5134738835177868,1.0
1.5800000000000012,0.21816647540500023,-2.662664941905879,0.5853945946391483,6.259838853802869,-16.15842567026507,-23.713898281596947,12230.90804258778,-12230.90804258778,24461.81608517556,0.4892363217035112,1.0
1.5900000000000012,0.21845459255350858,-1.8635908003750847,1.4792764168871413,7.582713603634661,-16.29069582609648,-24.990087121315202,11688.195991804276,-11688.195991804276,23376.39198360855,0.46752783967217104,1.0
1.6000000000000012,0.21871817323915155,-1.0385490579200285,2.3502977552820066,8.757878171904375,-16.171964524977724,-25.881726343313883,11249.339250459405,-11249.339250459405,22498.67850091881,0.44997357001837623,1.0
1.6100000000000012,0.21895811339623103,-0.19302892270815147,3.1923407913946873,9.77732057539634,-15.811465789073639,-26.379267597723743,10943.881744765486,-10943.881744765486,21887.76348953097,0.43775526979061946,1.0
1.6200000000000012,0.219176179155225,0.66953629326131,4.001818444754143,10.636692145531674,-15.225551490390046,-26.48402231510773,10739.658560189338,-10739.658560189338,21479.317120378677,0.4295863424075736,0.779131419262944
1.6300000000000012,0.21937508747783505,1.5470536018017007,4.776872746293458,11.334501374651705,-14.436876701308329,-26.20718270334704,10394.740567054801,-10394.740567054801,20789.481134109603,0.4157896226821921,0.48028476354141353
1.6400000000000012,0.21955831025387051,2.436356774734681,5.5149223213525005,11.870043997601924,-13.47177358446044,-25.566462231570753,9677.9576565573,-9677.9576565573,19355.9153131146,0.38711830626229204,0.17471605417948452
1.6500000000000012,0.21972970372362538,3.3309306037996564,6.2104352384062675,12.241692231824954,-12.3568676458732,-24.581681911146912,8434.299430324365,-8434.299430324365,16868.59886064873,0.3373719772129746,-0.12898995014687473
1.6600000000000013,0.2198930615459625,4.219583086260853,6.853697001169363,12.446075265957763,-11.116103832753385,-23.271051537426413,6581.296687459688,-6581.296687459688,13162.593374919375,0.2632518674983875,-0.42351090694920707
1.6700000000000013,0.22005172095041087,5.085918702678287,7.4303802243120955,12.477882498689608,-9.768696226188101,-21.648976167698006,4103.259712937199,-4103.259712937199,8206.519425874398,0.16413038851748796,-0.7026163125655635
1.6800000000000013,0.22020835358576005,5.90845061476302,7.9217262765232626,12.330073227088242,-8.328232606903866,-19.72568327766089,1043.9596479187342,-1043.9596479187342,2087.9192958374683,0.04175838591674937,-0.9610356109857467
1.6900000000000013,0.22036497471108785,6.661238843988178,8.305210967276485,11.99436404725194,-6.802967810013804,-17.50859379429956,-2450.4099387256774,2450.4099387256774,-4900.819877451355,-0.0980163975490271,-1.0
1.7000000000000013,0.220523096985156,7.315616944440737,8.556255012775313,11.462468216243714,-5.1975677735019055,-15.005667854668301,-6047.822694124741,6047.822694124741,-12095.645388249482,-0.24191290776498967,-1.0
1.7100000000000013,0.22068392720146432,7.843358245142582,8.651299936411986,10.728304705394098,-3.516646837087155,-12.230930276093714,-9448.13490454347,9448.13490454347,-18896.26980908694,-0.37792539618173887,-1.0
1.7200000000000013,0.2208484587077607,8.219420483011794,8.570376690749768,9.789630209484224,-1.7685609556586084,-9.209343006006417,-12421.843177436755,12421.843177436755,-24843.68635487351,-0.49687372709747024,-1.0
1.7300000000000013,0.2210172686888917,8.424775962116057,8.300051576711525,8.65059739019001,0.03379127693966331,-5.977482617950492,-14805.595982363804,14805.595982363804,-29611.191964727608,-0.5922238392945522,-1.0
1.7400000000000013,0.22118996931437113,8.448944403993123,7.8364448348375335,7.325020926541375,1.8747517666868823,-2.5808873585882894,-16504.0973980222,16504.0973980222,-33008.1947960444,-0.6601638959208881,-1.0
1.7500000000000013,0.22136418169958175,8.29166036210394,7.187205193751704,5.838662352690887,3.7387468849900984,0.9320653329093848,-17491.91169438158,17491.91169438158,-34983.82338876316,-0.6996764677752633,-1.0
1.7600000000000013,0.2215383148093317,7.960894827365859,6.368757929095267,4.225278974206547,5.605626772250607,4.504339759217025,-17799.408162875163,17799.408162875163,-35598.816325750326,-0.7119763265150065,-1.0
1.7700000000000014,0.221710918602745,7.471920656457617,5.405064197577584,2.525086493481825,7.45112522677538,8.073386538554642,-17500.702803520366,17500.702803520366,-35001.40560704073,-0.7000281121408147,-1.0
1.7800000000000014,0.22187799573736894,6.845687154723347,4.325537572485111,0.782182573027146,9.246538084829506,11.572333214505253,-16703.657790971676,16703.657790971676,-33407.31558194335,-0.6681463116388671,-1.0
1.7900000000000014,0.22203466689295026,6.106361601591717,3.1620419908176443,-0.9591224406216939,10.957249622896466,14.928436320468395,-15534.775814967197,15534.775814967197,-31069.551629934394,-0.6213910325986879,-1.0
1.8000000000000014,0.22217560785051585,5.279143411531264,1.9463441892407431,-2.657235156446488,12.54272200239287,18.06346848313639,-14125.8572776052,14125.8572776052,-28251.7145552104,-0.5650342911042081,-1.0
1.8100000000000014,0.22229575744765262,4.388665159313554,0.7083945447705873,-4.274989187759878,13.95851563486206,20.897161464508482,-12604.639610718245,12604.639610718245,-25209.27922143649,-0.5041855844287298,-1.0
1.8200000000000014,0.22239112803996888,3.4578654265468747,-0.5247409057006301,-5.780414933236577,15.159733176310976,23.352812406750946,-11088.815317364155,11088.815317364155,-22177.63063472831,-0.44355261269456625,-1.0
1.8300000000000014,0.22245938172783405,2.5071850962672695,-1.72953192570768,-7.146942267267596,16.105066222518296,25.363830599190067,-9682.27154909606,9682.27154909606,-19364.54309819212,-0.38729086196384244,-1.0
1.8400000000000014,0.22249997294777937,1.553959764992988,-2.8864143672617484,-8.353362917373861,16.7606131738363,26.879733069667886,-8472.65635381426,8472.65635381426,-16945.31270762852,-0.3389062541525704,-1.0
1.8500000000000014,0.2225138983900512,0.6119148200182358,-3.9801614952498796,-9.383881872395056,17.102543984424898,27.86932900069931,-7529.353274411089,7529.353274411089,-15058.706548822178,-0.3011741309764436,-1.0
1.8600000000000014,0.22250325166030496,-0.30918773005676337,-5.000130021273496,-10.228162594007498,17.118693725778186,28.321409068066014,-6901.968368395964,6901.968368395964,-13803.936736791928,-0.27607873473583855,-1.0
1.8700000000000014,0.22247075752824108,-1.2037021153068326,-5.9403047103482995,-10.881220457401454,16.809388330041216,28.244017130792912,-6567.179259547022,6567.179259547022,-13134.358519094045,-0.26268717038188094,-0.7747230202742478
1.8800000000000014,0.22241938955717572,-2.0693461758296063,-6.798437313440139,-11.342565682797327,16.187125064790134,27.662286998210565,-6282.83191154565,6282.83191154565,-12565.6638230913,-0.251313276461826,-0.4760251014982348
1.8900000000000015,0.22235212178181962,-2.9046975083485274,-7.573481381612723,-11.614028954585518,15.274202275347474,26.613834857600914,-5812.460936968948,5812.460936968948,-11624.921873937896,-0.23249843747875792,-0.17068567000388
1.9000000000000015,0.22227182180081528,-3.706829734107279,-8.263270005058539,-11.697976175643472,14.099297290110032,25.143034637267167,-4987.258695562381,4987.258695562381,-9974.517391124762,-0.19949034782249525,0.13274068457947472
1.9100000000000015,0.22218124184898613,-4.469865059587024,-8.863176877129217,-11.596427005829593,12.69412283253262,23.295889345829348,-3702.9705862460855,3702.9705862460855,-7405.941172492171,-0.14811882344984342,0.42695445243595964
1.9200000000000015,0.22208303908402383,-5.184258024142112,-9.365519979310623,-11.31075226818068,11.090740270446476,21.116401119937205,-1914.8700961007748,1914.8700961007748,-3829.7401922015497,-0.076594803844031,0.7057421023011664
1.9300000000000015,0.22197976239497821,-5.836612741228348,-9.759469223570603,-10.841673199998286,9.319836214798695,18.644792455364687,368.3750757527282,-368.3750757527282,736.7501515054564,0.014735003030109129,0.9638454062336848
1.9400000000000015,0.2218737573375657,-6.409942739736204,-10.03134624839758,-10.189445917064425,7.410032365130688,15.917539057549803,3038.281492531989,-3038.281492531989,6076.562985063978,0.12153125970127956,1.0
1.9500000000000015,0.22176698522243377,-6.884965198917458,-10.1658977613402,-9.354706102628398,5.388593148654213,12.96953146886044,5804.628092761329,-5804.628092761329,11609.256185522658,0.23218512371045316,1.0
1.9600000000000015,0.22166081480953548,-7.242654186798293,-10.148709097884291,-8.340005673769252,3.2840029701009357,9.838367535505967,8410.01963863169,-8410.01963863169,16820.03927726338,0.3364007855452676,1.0
1.9700000000000015,0.2215558885864149,-7.466747214967852,-9.968580118190324,-7.151377655716917,1.127974876706217,6.567590253246068,10665.645618611965,-10665.645618611965,21331.29123722393,0.42662582474447863,1.0
1.9800000000000015,0.22145233217406915,-7.546326630277424,-9.620287841920575,-5.800890214276336,-1.0455623422150222,3.205748518435892,12446.391788626372,-12446.391788626372,24892.783577252743,0.4978556715450549,1.0
1.9900000000000015,0.22135092752299215,-7.477741496584003,-9.10696452463246,-4.309274671327707,-3.2032215143634275,-0.19713041886014415,13690.293914666354,-13690.293914666354,27380.587829332708,0.5476117565866542,1.0
2.0000000000000013,0.2212526520978764,-7.26564989222441,-8.441340829858495,-2.7073988407794736,-5.315335960113074,-3.595111947997937,14397.07257721642,-14397.07257721642,28794.14515443284,0.5758829030886569,1.0
2.0100000000000002,0.2211569688101345,-6.920344509779081,-7.642086440736237,-1.03113116473387,-7.350696123503111,-6.9384566010189745,14610.373364833646,-14610.373364833646,29220.74672966729,0.5844149345933459,1.0
2.019999999999999,0.22106324759083495,-6.456496815310968,-6.7321831130654815,0.6806779259382864,-9.276839293694355,-10.175136622890031,14403.25625449527,-14403.25625449527,28806.51250899054,0.5761302501798109,1.0
2.029999999999998,0.2209720006725083,-5.891801324620976,-5.7371812715462545,2.388318942775707,-11.060406412151172,-13.25187764024362,13869.137093871877,-13869.137093871877,27738.274187743755,0.5547654837548751,1.0
2.039999999999997,0.22088456486057806,-5.245183162229899,-4.683030867221781,4.053821590726598,-12.666896451490146,-16.113693601114846,13110.084190482754,-13110.084190482754,26220.168380965508,0.5244033676193102,1.0
2.049999999999996,0.22080330465846218,-4.535304024895686,-3.5943672076000195,5.642867175551596,-14.06143572142425,-18.704858417570488,12227.285566258055,-12227.285566258055,24454.57113251611,0.48909142265032224,1.0
2.0599999999999947,0.22073128183954072,-3.7795018495834674,-2.493395364335357,7.125851187928402,-15.210664567749598,-20.971619627669842,11314.562211319586,-11314.562211319586,22629.124422639172,0.4525824884527835,1.0
2.0699999999999936,0.22067146238660712,-2.9930780507834376,-1.3992532695363644,8.478261846596482,-16.085385298173534,-22.86634162692486,10454.403340993513,-10454.403340993513,20908.806681987026,0.41817613363974054,1.0
2.0799999999999925,0.22062583464967828,-2.188824356476433,-0.32768047272870626,9.680657747459142,-16.663326335881788,-24.35195905730174,9715.724384734907,-9715.724384734907,19431.448769469815,0.38862897538939634,1.0
2.0899999999999914,0.2205948263687306,-1.376704589938179,0.7091759964445519,10.718590147197604,-16.931146844060383,-25.404590719207384,9152.483889433033,-9152.483889433033,18304.967778866067,0.3660993555773214,1.0
2.0999999999999903,0.22057723552954847,-0.5636532201459395,1.7028519466652055,11.582491906650905,-16.885646272728312,-26.014461884361218,8802.843848008904,-8802.843848008904,17605.68769601781,0.3521137539203562,1.0
2.109999999999989,0.2205705892155813,0.2465106697470808,2.648543305358252,12.26748673329464,-16.534339460977794,-26.18580802594119,8688.900532189396,-8688.900532189396,17377.801064378793,0.3475560212875759,1.0
2.119999999999988,0.2205716785597063,1.0530454326826035,3.544968146828176,12.773117172884099,-15.895426321992753,-25.936058352217014,8765.332619370976,-8765.332619370976,17530.665238741953,0.3506133047748391,0.7765872480280055
2.129999999999987,0.2205770780477995,1.8574202927011492,4.393415386034618,13.10242345569198,-14.996689411714762,-25.29387050727586,8773.14871993258,-8773.14871993258,17546.29743986516,0.3509259487973032,0.4778264343955741
2.139999999999986,0.2205835548113582,2.660729185528704,5.195125487315504,13.2597482273914,-13.87244105429822,-24.294838931053437,8462.992946742428,-8462.992946742428,16925.985893484856,0.33851971786969715,0.1723900478136695
2.149999999999985,0.2205883437372661,3.4612329219654487,5.948890830489283,13.248898118265954,-12.559609053504108,-22.976230885659554,7659.085578493311,-7659.085578493311,15318.171156986622,0.30636342313973247,-0.13115456394146016
2.1599999999999837,0.2205892976397355,4.252817128799543,6.649619911947999,13.072169421051775,-11.09414857375521,-21.372492799580016,6256.5227582293555,-6256.5227582293555,12513.045516458711,0.25026091032917425,-0.42549823536483183
2.1699999999999826,0.22058492849623743,5.024215908388272,7.287664577077812,12.729956898374448,-9.508329521530374,-19.512364190335703,4216.596073632164,-4216.596073632164,8433.192147264328,0.16866384294528658,-0.7044202577389449
2.1799999999999815,0.22057437196368807,5.758847566351971,7.848726130127682,12.220730011427296,-7.829158504101025,-17.417889466548196,1560.7039693957283,-1560.7039693957283,3121.4079387914567,0.06242815877582914,-0.9626571896982273
2.1899999999999804,0.22055732598103536,6.435176760021221,8.314239663867738,11.541271792451965,-6.077989808181067,-15.105254555852406,-1584.3490396742209,1584.3490396742209,-3168.6980793484418,-0.06337396158696884,-1.0
2.1999999999999793,0.220533981189376,7.028212852727755,8.662848577454712,10.687704218195409,-4.271616300821516,-12.587719495159257,-4903.763564232284,4903.763564232284,-9807.527128464568,-0.19615054256929138,-1.0
2.209999999999978,0.22050495723191438,7.51250221374534,8.873299442795417,9.657528740133634,-2.425151484275471,-9.880778923550785,-8111.416734055579,8111.416734055579,-16222.833468111157,-0.32445666936222317,-1.0
2.219999999999977,0.22047127828473617,7.864814339210056,8.926972143169966,8.45127082226834,-0.5550560891309085,-7.006602965508522,-10987.41069684236,10987.41069684236,-21974.82139368472,-0.4394964278736945,-1.0
2.229999999999976,0.22043449462857098,8.066928434724334,8.8108178187237,7.075095219083582,1.320697497427525,-3.9944006824157055,-13373.639070802548,13373.639070802548,-26747.278141605097,-0.5349455628321019,-1.0
2.239999999999975,0.22039720610673957,8.108751825784214,8.521284942783263,5.545466918151595,3.187021131118761,-0.8738577703327306,-15178.284347848325,15178.284347848325,-30356.56869569665,-0.607131373913933,-1.0
2.249999999999974,0.22036230125547082,7.987500022661127,8.062715264126734,3.886156450246087,5.026556517776707,2.3170015958722594,-16368.984644034477,16368.984644034477,-32737.969288068954,-0.6547593857613792,-1.0
2.2599999999999727,0.2203330066907889,7.707174432661621,7.446616399344087,2.1271337555206062,6.819223939378607,5.532811542875447,-16955.84302063369,16955.84302063369,-33911.68604126738,-0.6782337208253476,-1.0
2.2699999999999716,0.22031253283010896,7.2786553747841785,6.691769723578624,0.304810294981588,8.544763319183229,8.726768547976985,-16993.12649482712,16993.12649482712,-33986.25298965424,-0.6797250597930848,-1.0
2.2799999999999705,0.22030278983000698,6.717925504311128,5.821805220802341,-1.5412276574747583,10.18049517659514,11.848114185040982,-16565.45696022187,16565.45696022187,-33130.91392044374,-0.6626182784088748,-1.0
2.2899999999999694,0.22030450037177354,6.044134957264538,4.862818099217991,-3.3711644406065573,11.700044367533264,14.840727355368685,-15775.523078410471,15775.523078410471,-31551.046156820943,-0.6310209231364189,-1.0
2.2999999999999683,0.22031707574185772,5.27778737463666,3.841240914710177,-5.147433217753707,13.073055879079316,17.64302500181117,-14732.785935311931,14732.785935311931,-29465.571870623862,-0.5893114374124773,-1.0
2.309999999999967,0.22033880322045007,4.4393658854613145,2.782347916446836,-6.83625227143945,14.266479267310965,20.190257093108464,-13545.247996165795,13545.247996165795,-27090.49599233159,-0.5418099198466318,-1.0
2.319999999999966,0.22036734387371437,3.548344974265797,1.7093095125176117,-8.408344579422828,15.247125030835798,22.418918395391547,-12314.064278630893,12314.064278630893,-24628.128557261785,-0.4925625711452358,-1.0
2.329999999999965,0.2204003334299605,2.6224744582943385,0.6426127588556619,-9.839135648581868,15.984842288151134,24.272256482904805,-11130.141807632072,11130.141807632072,-22260.283615264143,-0.4452056723052829,-1.0
2.339999999999964,0.22043585244797784,1.6772202421255236,-0.4003539890463429,-11.108800482898914,16.455396304096357,25.70485863629711,-10071.788650639352,10071.788650639352,-20143.577301278703,-0.40287154602557407,-1.0
2.349999999999963,0.22047264393129118,0.7252976282662541,-1.40564348781834,-12.202311529613489,16.6426204093456,26.68548261963648,-9202.796504339345,9202.796504339345,-18405.59300867869,-0.36811186017357383,-1.0
2.3599999999999617,0.22051010734831744,-0.22367857146000694,-2.3629878147270427,-13.109439774378423,16.539869274185577,27.198411786400325,-8571.025895110824,8571.025895110824,-17142.05179022165,-0.342841035804433,-1.0
2.3699999999999606,0.22054815634483688,-1.1633963435851669,-3.2658976652494798,-13.824664944132644,16.15080913797943,27.243647080366987,-8155.609343116946,8155.609343116946,-16311.218686233891,-0.32622437372467783,-0.7757988944133919
2.3799999999999595,0.2205870195843143,-2.090184067944097,-4.1109057290579365,-14.346398178375559,15.489098343216211,26.835621111612383,-7720.158863396856,7720.158863396856,-15440.317726793712,-0.30880635453587424,-0.4770646780596143
2.3899999999999584,0.2206270414999546,-3.000605027311468,-4.895113166986466,-14.674901834308152,14.576074258587312,25.99936537468001,-7035.943998511317,7035.943998511317,-14071.887997022633,-0.28143775994045267,-0.1716692923114369
2.3999999999999573,0.2206685195036356,-3.8891746330533024,-5.613951007284488,-14.810566224522537,13.437496266608864,24.76552395163575,-5944.417052938675,5944.417052938675,-11888.83410587735,-0.23777668211754702,0.1318253102816339
2.409999999999956,0.2207116040449368,-4.746987801190081,-6.2599070162552435,-14.753066413622467,12.100481899613904,23.16595408395806,-4353.792118832598,4353.792118832598,-8707.584237665196,-0.17415168475330395,0.4261140474590434
2.419999999999955,0.2207562738989264,-5.561095048274603,-6.822007573834048,-14.501111838167049,10.591168263794911,21.230776661868134,-2233.6660615695105,2233.6660615695105,-4467.332123139021,-0.08934664246278043,0.7049792457392835
2.429999999999954,0.22080237195297248,-6.314447817816627,-7.285841452659149,-14.052542460295943,8.933364594376478,18.9872025226156,391.6306978441313,-391.6306978441313,783.2613956882626,0.015665227913765255,0.9631596684347643
2.439999999999953,0.22084966027324968,-6.986310276003541,-7.634004377889162,-13.404644268440903,7.148248346273096,16.46007793339591,3397.7179297546663,-3397.7179297546663,6795.435859509333,0.13590871719018666,1.0
2.4499999999999518,0.22089786370293835,-7.553734707355968,-7.847557222342347,-12.555179245061037,5.255428326701176,13.674457652324277,6478.214217579038,-6478.214217579038,12956.428435158075,0.25912856870316153,1.0
2.4599999999999507,0.2209466860988626,-7.994319896865819,-7.9086551393389435,-11.504145117588198,3.2758711644936223,10.660273284046326,9360.38472702341,-9360.38472702341,18720.76945404682,0.3744153890809364,1.0
2.4699999999999496,0.22099572498690234,-8.288866915026038,-7.803078341713076,-10.255476194100288,1.2343250606742628,7.455809121564106,11841.947899484225,-11841.947899484225,23683.89579896845,0.47367791597936904,1.0
2.4799999999999485,0.22104434431080835,-8.424197042522676,-7.523277745958056,-8.819908953435604,-0.841551892860507,4.106719007244869,13787.321408827187,-13787.321408827187,27574.642817654374,0.5514928563530875,1.0
2.4899999999999474,0.22109098978571531,-8.395250617671751,-7.070972038733391,-7.21793557529507,-2.9239003629318336,0.6623782994501883,15128.045486373048,-15128.045486373048,30256.090972746097,0.6051218194549219,1.0
2.4999999999999463,0.22113409614210394,-8.205986935362505,-6.45811957142137,-5.480798239583622,-4.9868741000448695,-2.828728052526747,15861.265454378135,-15861.265454378135,31722.53090875627,0.6344506181751255,1.0
2.509999999999945,0.2211733486403826,-7.866750777625392,-5.703370684572178,-3.645550332074278,-7.001447411816958,-6.311556668964929,16030.402985037914,-16030.402985037914,32060.805970075828,0.6412161194015166,1.0
2.519999999999944,0.2212081122223649,-7.393431817469489,-4.830937596247951,-1.7536537402466061,-8.936648026379348,-9.728161007516093,15714.41756882281,-15714.41756882281,31428.83513764562,0.6285767027529124,1.0
2.529999999999943,0.2212369742354045,-6.80572061133712,-3.8683748849341395,0.151815784278192,-10.75905306862759,-13.017654863096308,15016.483122417254,-15016.483122417254,30032.966244834508,0.6006593248966902,1.0
2.539999999999942,0.22125877095324606,-6.125026935621313,-2.8440663431997093,2.0292099715435348,-12.432173005400411,-16.115456357339802,14050.70992595984,-14050.70992595984,28101.41985191968,0.5620283970383937,1.0
2.5499999999999408,0.2212729671471218,-5.372761801897363,-1.7852622022334448,3.840503378200896,-13.91721385001646,-18.954510119136845,12931.39296223702,-12931.39296223702,25862.78592447404,0.5172557184894808,1.0
2.5599999999999397,0.2212799667333032,-4.569120396445453,-0.7168093700509666,5.552489080854364,-15.175289763017986,-21.46873467218894,11765.765993569737,-11765.765993569737,23531.531987139475,0.4706306397427895,1.0
2.5699999999999386,0.22128115273623603,-3.732244524308168,0.339600889118135,7.137238427973338,-16.170532613680496,-23.597982287123962,10649.49433047767,-10649.49433047767,21298.98866095534,0.42597977321910685,1.0
2.5799999999999375,0.22127864079413867,-2.8776486295683688,1.3658460974814375,8.572104400150753,-16.873462193688244,-25.293592268064522,9664.030213638958,-9664.030213638958,19328.060427277916,0.38656120854555837,1.0
2.5899999999999364,0.22127486292176574,-2.0178046872155795,2.347643895594379,9.839663358990085,-17.263594617099564,-26.522087189347772,8874.903040246063,-8874.903040246063,17749.806080492126,0.35499612160984256,1.0
2.5999999999999353,0.22127215532490602,-1.1618417764435998,3.274735580189777,10.927677386736576,-17.3310476861611,-27.266543592461517,8330.456671385677,-8330.456671385677,16660.913342771353,0.3332182668554271,1.0
2.609999999999934,0.22127247186556717,-0.31538490625283777,4.1409338638784785,11.828966241210287,-17.077411699145326,-27.52658338838966,8061.228034367853,-8061.228034367853,16122.456068735706,0.32244912137471415,1.0
2.619999999999933,0.22127724662105883,0.5194568491616339,4.944026161747865,12.541166906150975,-16.51597036387733,-27.317478132563558,8028.158466822933,-8028.158466822933,16056.316933645867,0.32112633867291734,0.7761322771929408
2.629999999999932,0.2212873771308584,1.3432561612691114,5.684845432549199,13.065821662343028,-15.670809229211368,-26.668033528568902,7976.426819605376,-7976.426819605376,15952.853639210753,0.3190570727842151,0.4773868132537497
2.639999999999931,0.22130327901851493,2.1567099128228584,6.364672367617407,13.406193043754111,-14.573910424183193,-25.616100510573936,7659.021797444817,-7659.021797444817,15318.043594889634,0.3063608718977927,0.1719740888752889
2.6499999999999297,0.22132496281003466,2.958212491478123,6.982866374102113,13.565451758943318,-13.261300872434097,-24.203056326401725,6900.152898317056,-6900.152898317056,13800.305796634111,0.27600611593268226,-0.1315416618334215
2.6599999999999286,0.22135210396512214,3.7423354163806057,7.535457197805285,13.545733472434197,-11.769445427830206,-22.469016093269257,5592.429892699515,-5592.429892699515,11184.85978539903,0.22369719570798063,-0.42585362986974346
2.6699999999999275,0.22138409760414357,4.499047139039585,8.014477023354864,13.347762405173466,-10.132454012742484,-20.449641405569412,3692.148381365707,-3692.148381365707,7384.296762731414,0.14768593525462828,-0.7047428581969074
2.6799999999999264,0.2214201020144469,5.21350683685813,8.407832783557858,12.970809096326477,-8.380373812031683,-18.174842191359776,1213.3283411640584,-1213.3283411640584,2426.656682328117,0.048533133646562344,-0.9629471778024697
2.6899999999999253,0.22145909031057487,5.866351322030409,8.699621351659216,12.412881205121925,-6.538618682587684,-15.669293128903474,-1726.5054621156314,1726.5054621156314,-3453.010924231263,-0.06906021848462526,-1.0
2.6999999999999242,0.22149992399624838,6.435094711175588,8.871507431276894,11.67167510168848,-4.628840314734611,-12.955050246924575,-4823.690420920127,4823.690420920127,-9647.380841840253,-0.19294761683680509,-1.0
2.709999999999923,0.22154147129763596,6.896931802900801,8.905411530086193,10.746412757611859,-2.6716545024600324,-10.056375324439847,-7804.256714537063,7804.256714537063,-15608.513429074126,-0.31217026858148256,-1.0
2.719999999999922,0.22158279610839152,7.231322975399144,8.785942283304683,9.639415379114126,-0.6892927829277169,-7.003703406715636,-10460.67656871307,10460.67656871307,-20921.35313742614,-0.4184270627485228,-1.0
2.729999999999921,0.22162313775641007,7.422712771580322,8.50327745199626,8.358715668350966,1.2946969741780565,-3.8335390473476907,-12647.311644268391,12647.311644268391,-25294.623288536783,-0.5058924657707357,-1.0
2.73999999999992,0.22166153306124992,7.462664183008521,8.055746987635557,6.920891352081132,3.2575699295359444,-0.5857833303011915,-14280.75725768378,14280.75725768378,-28561.51451536756,-0.5712302903073512,-1.0
2.7499999999999187,0.2216971100408784,7.351169569636198,7.451360339358223,5.3527865234520835,5.179954336072985,2.701195531034221,-15339.544126741077,15339.544126741077,-30679.088253482154,-0.6135817650696431,-1.0
2.7599999999999176,0.22172867331227916,7.094372840954999,6.704600395911252,3.6868768529503004,7.040390313473845,5.982802456415444,-15848.188848982778,15848.188848982778,-31696.377697965556,-0.6339275539593112,-1.0
2.7699999999999165,0.22175536992745168,6.703707241763092,5.835251448269179,1.959746098806452,8.815543515548832,9.210195901876597,-15864.76463407016,15864.76463407016,-31729.52926814032,-0.6345905853628064,-1.0
2.7799999999999154,0.22177763094901787,6.194796704931095,4.866932341363917,0.21020796175527032,10.48028431075258,12.331530219756155,-15473.246502382082,15473.246502382082,-30946.493004764165,-0.6189298600952834,-1.0
2.7899999999999143,0.2217963645910294,5.585680671205597,3.8249170544921056,-1.5233786228964463,12.00684950360759,15.291122248652831,-14771.987661557936,14771.987661557936,-29543.975323115872,-0.5908795064623175,-1.0
2.7999999999999132,0.2218125628456077,4.895190276061462,2.7342445209409783,-3.2052916271554377,13.364938724504702,18.029868458550247,-13863.480383492115,13863.480383492115,-27726.96076698423,-0.5545392153396846,-1.0
2.809999999999912,0.22182689127402125,4.141732401312793,1.6184071944654221,-4.803773840026365,14.52313206370772,20.487666353424657,-12846.985648599933,12846.985648599933,-25693.971297199867,-0.5138794259439974,-1.0
2.819999999999911,0.22183946058130039,3.3424292147681314,0.49854055406902464,-6.291621871196022,15.451352917619571,22.60761974508801,-11813.776203423173,11813.776203423173,-23627.552406846346,-0.47255104813692694,-1.0
2.82999999999991,0.22184987029189934,2.5125062128779665,-0.6070531957843509,-7.6463010323564164,16.123790063760055,24.341128206871158,-10844.220315267194,10844.220315267194,-21688.440630534387,-0.4337688126106878,-1.0
2.839999999999909,0.22185744478214361,1.6648405105380841,-1.6832276360254024,-8.849956211793318,16.521327944314294,25.651596895416024,-10005.834274527797,10005.834274527797,-20011.668549055594,-0.4002333709811119,-1.0
2.8499999999999077,0.22186150653030157,0.8096091627635478,-2.7182303365838933,-9.889412049635439,16.633241490940943,26.51638220397018,-9351.810636646216,9351.810636646216,-18703.621273292432,-0.3740724254658487,-1.0
2.8599999999999066,0.22186158469550804,-0.04595149933877028,-3.7038345423867383,-10.756107502449089,16.45826514415792,26.927502521562445,-8920.064385573829,8920.064385573829,-17840.128771147658,-0.3568025754229532,-1.0
2.8699999999999055,0.2218575293754668,-0.8976522989720971,-4.6353429331793805,-11.4459389870188,16.0050650827001,26.89140918689073,-8680.954065645125,8680.954065645125,-17361.90813129025,-0.34723816262580504,-0.7759912946765122
2.8799999999999044,0.22184953764086,-1.7436137038098907,-5.510757544382907,-11.958431163609628,15.291652362871572,26.42744607709912,-8390.741952541133,8390.741952541133,-16781.483905082267,-0.33562967810164535,-0.47725058717053187
2.8899999999999033,0.2218381157335293,-2.581804977709634,-6.3282748196588905,-12.294624006719488,14.342843320963768,25.56386919625579,-7814.861749295868,7814.861749295868,-15629.723498591737,-0.31259446997183477,-0.17184519503567172
2.899999999999902,0.22182400346182185,-3.407720457106478,-7.084010526815897,-12.455327930242737,13.186823202176182,24.33279078098876,-6790.785971909222,6790.785971909222,-13581.571943818444,-0.2716314388763689,0.13166161245593053
2.909999999999901,0.2218080797385749,-4.212977977010134,-7.770700149163696,-12.440259947416237,11.85196888290815,22.76579174004373,-5224.731396899018,5224.731396899018,-10449.462793798037,-0.20898925587596076,0.42596375651464186
2.9199999999999,0.22179126682148406,-4.984679896694524,-8.377165588650712,-12.247773106602391,10.364469379959186,20.89106126036392,-3086.3633838325873,3086.3633838325873,-6172.7267676651745,-0.1234545353533035,0.704842822899762
2.929999999999899,0.22177445257836756,-5.705364336469246,-8.888343716567093,-11.874943507542152,8.747004256070658,18.732376546569828,-402.15278546201785,402.15278546201785,-804.3055709240357,-0.016086111418480716,0.9630370368648351
2.939999999999898,0.2217584399517184,-6.353443556861943,-9.285756074643093,-11.317890995735777,7.018527557366346,16.309850021120326,2699.477296123846,-2699.477296123846,5398.954592247692,0.10797909184495384,1.0
2.9499999999998967,0.22174391851165806,-6.904731814243934,-9.549020659892623,-10.572845736687938,5.195450464412237,13.64272366877594,5906.228241435001,-5906.228241435001,11812.456482870002,0.23624912965740005,1.0
2.9599999999998956,0.22173144424367988,-7.335334807423983,-9.658630101932578,-9.638059400136106,3.2946585423929973,10.754352104460162,8938.198088060833,-8938.198088060833,17876.396176121667,0.35752792352243334,1.0
2.9699999999998945,0.22172140203464263,-7.624272444098848,-9.598419588458858,-8.515391888552829,1.336415294482828,7.676289711452711,11584.743553445585,-11584.743553445585,23169.48710689117,0.46338974213782347,1.0
2.9799999999998934,0.2217139970169055,-7.75625299525383,-9.358510738189722,-7.212975356887819,-0.6558634355199708,4.448145219507105,13700.165295732066,-13700.165295732066,27400.33059146413,0.5480066118292827,1.0
2.9899999999998923,0.2217096256764126,-7.723944666749833,-8.938099102527097,-5.748298007774744,-2.6580598475976465,1.1143225032133057,15204.709522803434,-15204.709522803434,30409.419045606868,0.6081883809121374,1.0
2.999999999999891,0.22170852789212359,-7.529130563053445,-8.346724329468348,-4.149546667534,-4.647552551705965,-2.280492400211285,16083.981942524431,-16083.981942524431,32167.963885048863,0.6433592777009773,1.0
3.00999999999989,0.22171022904566184,-7.180477787697769,-7.601221743635619,-2.451285047933717,-6.598549180890808,-5.684859708744052,16372.484065857276,-16372.484065857276,32744.96813171455,0.654899362634291,1.0
3.019999999999889,0.22171398325183467,-6.692611527522161,-6.72450906151786,-0.6929674980971795,-8.482834162687679,-9.043423752217517,16142.100715378565,-16142.100715378565,32284.20143075713,0.6456840286151426,1.0
3.029999999999888,0.22171890562165059,-6.0845869986396135,-5.743602812151697,1.0835330547232158,-10.269540931955047,-12.297557897011295,15492.08499178365,-15492.08499178365,30984.1699835673,0.619683399671346,1.0
3.039999999999887,0.22172385819428778,-5.37778876884457,-4.6870623218520935,2.8370241260393643,-11.924303308418065,-15.384351181574324,14535.791043058369,-14535.791043058369,29071.582086116738,0.5814316417223347,1.0
3.0499999999998857,0.22172760692774285,-4.5941032689098815,-3.5828738790791337,4.529396673218496,-13.409635476012829,-18.237291679950996,13389.31971060889,-13389.31971060889,26778.63942121778,0.5355727884243556,1.0
3.0599999999998846,0.2217290251829894,-3.7545852328692777,-2.4570277878924975,6.127022935043292,-14.686850115510236,-20.78929089300692,12163.58807550843,-12163.58807550843,24327.17615101686,0.48654352302033727,1.0
3.0699999999998835,0.22172727746918625,-2.8785213154336504,-1.3326433019265211,7.601370057048741,-15.719027200014757,-22.977412005389045,10959.2601115086,-10959.2601115086,21918.5202230172,0.43837040446034403,1.0
3.0799999999998824,0.22172189756123697,-1.9827781287982145,-0.2294685638699227,8.929088939587734,-16.474458407713875,-24.748588803118377,9863.685117891915,-9863.685117891915,19727.37023578383,0.3945474047156766,1.0
3.0899999999998813,0.22171275099971047,-1.0813200782137447,0.8364521108708283,10.0919759331294,-16.929554615282743,-26.06403229459762,8948.927009468709,-8948.927009468709,17897.854018937418,0.3579570803787484,1.0
3.09999999999988,0.22169992810511996,-0.18483356633545542,1.8530381202070783,11.076980866531251,-17.070733484470836,-26.9012110004477,8270.192789902807,-8270.192789902807,16540.385579805614,0.33080771159611233,1.0
3.109999999999879,0.22168362229737887,0.6995061342017745,2.8122972548796286,11.876137545781106,-16.89553816566052,-27.25428996396916,7864.880466286354,-7864.880466286354,15729.760932572708,0.3145952186514542,1.0
3.119999999999878,0.22166403222232928,1.5681061176388784,3.7102916119848777,12.486373592652496,-16.41308776409681,-27.133550791063854,7700.468252511454,-7700.468252511454,15400.936505022908,0.30801873010045816,0.776050914044091
3.129999999999877,0.22164130654817993,2.4201652611480733,4.546250430646418,12.908629246634675,-15.643409795951047,-26.563497887758082,7528.182897601388,-7528.182897601388,15056.365795202775,0.3011273159040555,0.47730819511474437
3.139999999999876,0.22161553609789222,3.2551500263874265,5.319999495794664,13.145686933751358,-14.614754824506322,-25.578535002761754,7106.5025242976135,-7106.5025242976135,14213.005048595227,0.2842601009719046,0.17189970228535956
3.1499999999998747,0.22158678736905094,4.070400209767913,6.0296170795798885,13.200372281109972,-13.359941474760106,-24.217557868641034,6264.3790993328475,-6264.3790993328475,12528.758198665695,0.2505751639733139,-0.13161088715704392
3.1599999999998736,0.2215551585244956,4.859646652136534,6.670057773713414,13.074635281960065,-11.912899545105581,-22.519207352261425,4898.273624261584,-4898.273624261584,9796.547248523168,0.19593094497046337,-0.4259171856268251
3.1699999999998725,0.2215208319895136,5.612273848411131,7.232524023351737,12.76920915913557,-10.305976192514166,-20.518660143632335,2967.2619291267897,-2967.2619291267897,5934.523858253579,0.1186904771650716,-0.7048005493430659
3.1799999999998714,0.22148409994557505,6.313152522123441,7.704375609269783,12.283602379509189,-8.568285688073468,-18.24627817890831,486.89566522499274,-486.89566522499274,973.7913304499855,0.01947582660899971,-0.9629990368302134
3.1899999999998703,0.22144534846582442,6.942952132435549,8.069470052263343,11.616312150781807,-6.725161797880743,-15.72805405398573,-2425.1098525939733,2425.1098525939733,-4850.219705187947,-0.09700439410375894,-1.0
3.199999999999869,0.22140500511304945,7.479546246857158,8.309545915875514,10.765777608566172,-4.799023242969379,-12.98814666610066,-5466.354256464919,5466.354256464919,-10932.708512929838,-0.21865417025859676,-1.0
3.209999999999868,0.2213634656651099,7.900774306076783,8.406862922516723,9.73215801788003,-2.812098767352498,-10.053600643916402,-8365.40368912033,8365.40368912033,-16730.80737824066,-0.3346161475648132,-1.0
3.219999999999867,0.22132103670883893,8.187020563454046,8.346637396515774,8.518916723213147,-0.78893691083512,-6.958114323237505,-10918.423179355048,10918.423179355048,-21836.846358710096,-0.4367369271742019,-1.0
3.229999999999866,0.22127803095027665,8.32394503276343,8.11995738364883,7.135491283691419,1.2441507099439735,-3.74162131402572,-12984.78744779313,12984.78744779313,-25969.57489558626,-0.5193914979117252,-1.0
3.2399999999998648,0.22123534152140362,8.304599222587656,7.726371332698143,5.600154505886509,3.2614980212043125,-0.4472210773298558,-14487.413471296095,14487.413471296095,-28974.82694259219,-0.5794965388518438,-1.0
3.2499999999998637,0.2211939620767522,8.130585594653644,7.175171784028512,3.9413775180906514,5.240432910333642,2.883437004744968,-15411.858586945986,15411.858586945986,-30823.71717389197,-0.6164743434778395,-1.0
3.2599999999998626,0.22115427589948375,7.809682977072474,6.4821290753570135,2.1931747031430704,7.156096612349684,6.202712716634433,-15789.377476822303,15789.377476822303,-31578.754953644606,-0.6315750990728922,-1.0
3.2699999999998615,0.22111686798716088,7.35496948419058,5.668332452999273,0.39364582673919507,8.98204699107672,9.459450301092495,-15685.067895236632,15685.067895236632,-31370.135790473265,-0.6274027158094654,-1.0
3.2799999999998604,0.22108274324161117,6.78350877948507,4.758475557762485,-1.4171877207814403,10.69017369016616,12.599774983037744,-15189.009391577129,15189.009391577129,-30378.018783154257,-0.6075603756630852,-1.0
3.2899999999998593,0.22105291575316446,6.1144743638002135,3.7785720641329252,-3.200168434632681,12.249940177637846,15.566228381571237,-14404.178031311265,14404.178031311265,-28808.35606262253,-0.5761671212524506,-1.0
3.299999999999858,0.22102835137286914,5.367506703546018,2.7540534989287813,-4.919173381035405,13.628679964683386,18.298363708835243,-13436.091468767869,13436.091468767869,-26872.182937535737,-0.5374436587507148,-1.0
3.309999999999857,0.22100985454374206,4.561511255632783,1.7084848334749358,-6.542386064852179,14.793232250057613,20.73539383152489,-12385.542775143029,12385.542775143029,-24771.085550286058,-0.4954217110057212,-1.0
3.319999999999856,0.22099792920419045,3.7138199417355495,0.6627884131503554,-8.042826573433375,15.712572922658499,22.820573694408075,-11343.991277917401,11343.991277917401,-22687.982555834802,-0.4537596511166961,-1.0
3.329999999999855,0.22099267103861397,2.8396075048347305,-0.3651945723814353,-9.39841062322155,16.360835947363416,24.506390287675277,-10390.815313679537,10390.815313679537,-20781.630627359074,-0.41563261254718153,-1.0
3.3399999999998538,0.22099373818055995,1.9514606907311296,-1.3610022687982555,-10.591932921104883,16.719721218829598,25.758142833133117,-9591.486332470216,9591.486332470216,-19182.972664940433,-0.3836594532988087,-1.0
3.3499999999998527,0.22100041881224639,1.059049915575397,-2.313765050792226,-11.611043605669588,16.78010268918816,26.555668363398105,-8996.196899926186,8996.196899926186,-17992.393799852372,-0.3598478759970475,-1.0
3.3599999999998515,0.22101175510218318,0.16892251068202938,-3.2163014054959342,-12.448148514736037,16.542987068789838,26.89384345882906,-8639.05906451136,8639.05906451136,-17278.11812902272,-0.3455623625804545,-1.0
3.3699999999998504,0.22102666961309458,-0.7155659714119272,-4.065082966994887,-13.10021580588426,16.019855743188696,26.78217692116886,-8486.013721127496,8486.013721127496,-16972.027442254992,-0.3394405488450999,-0.7760257019195616
3.3799999999998493,0.2210440676749702,-1.593474736602602,-4.859366074548008,-13.56791328383595,15.231927268438964,26.243119369626093,-8288.448876753731,8288.448876753731,-16576.897753507463,-0.33153795507014927,-0.47728383359066334
3.3899999999998482,0.2210629074704394,-2.463774109239639,-5.598647203614696,-13.853463604765672,14.207450529019134,25.307951259510165,-7806.6185073471315,7806.6185073471315,-15613.237014694263,-0.3122647402938853,-0.1718766519979427
3.399999999999847,0.22108224209839192,-3.322973184855631,-6.280343278940089,-13.958864827338019,12.97809472945315,24.011611832903988,-6872.738751742015,6872.738751742015,-13745.47750348403,-0.2749095500696806,0.13163233811488875
3.409999999999846,0.2211012449916546,-4.163662234750916,-6.898439419857087,-13.884986074221022,11.575602473613142,22.388212297144857,-5387.923530066555,5387.923530066555,-10775.84706013311,-0.2155169412026622,0.42593687974733047
3.419999999999845,0.22111922821443528,-4.9738110741425725,-7.4428943240990115,-13.631249230025036,10.02925197432725,20.46808792552612,-3317.1545112047443,3317.1545112047443,-6634.3090224094885,-0.13268618044818978,0.7048184261875273
3.429999999999844,0.22113565886156308,-5.73665599504905,-7.899603108770824,-13.195664023438342,8.364392250204974,18.276696415751797,-682.923610927667,682.923610927667,-1365.847221855334,-0.027316944437106683,0.963015106467142
3.4399999999998427,0.22115017555550706,-6.431081914827936,-8.250807340226935,-12.57510139574597,6.602103002472984,15.83529310112935,2389.3689712865657,-2389.3689712865657,4778.7379425731315,0.09557475885146263,1.0
3.4499999999998416,0.2211626018573337,-7.033110820750661,-8.476563849217325,-11.766325979364987,4.76027454589953,13.163666508225441,5589.267953499129,-5589.267953499129,11178.535906998259,0.22357071813996518,1.0
3.4599999999998405,0.2211729476422246,-7.518779321864607,-8.557508597568782,-10.76790108363687,2.856522280160355,10.285044147948089,8637.448845016024,-8637.448845016024,17274.89769003205,0.345497953800641,1.0
3.4699999999998394,0.2211813867433594,-7.8667891591850765,-8.477360363007977,-9.58183084730359,0.9109625398912357,7.230038919933925,11322.711851301694,-11322.711851301694,22645.423702603388,0.4529084740520678,1.0
3.4799999999998383,0.22118823866073484,-8.061327845561134,-8.22593311057228,-8.216326479579942,-1.0541435844529907,4.036329693629165,13497.96616658038,-13497.96616658038,26995.93233316076,0.5399186466632152,1.0
3.4899999999998372,0.22119404709823642,-8.095173750329351,-7.8030979967138565,-6.690645342178021,-3.0194951771199694,0.740900783930969,15084.834119051246,-15084.834119051246,30169.66823810249,0.6033933647620499,1.0
3.499999999999836,0.22119947334874787,-7.968349191881637,-7.216523828504676,-5.031271509896355,-4.962889844573303,-2.6108789583729934,16065.028527928655,-16065.028527928655,32130.05705585731,0.6426011411171463,1.0
3.509999999999835,0.22120503065612668,-7.687491896855753,-6.480860224832661,-3.2708118656715577,-6.8593516642642225,-5.967246938698715,16461.45290519118,-16461.45290519118,32922.90581038236,0.6584581162076473,1.0
3.519999999999834,0.22121111651360797,-7.265784522186429,-5.617652453582671,-1.4480341497400757,-8.683909766063643,-9.276262081945479,16340.242109801118,-16340.242109801118,32680.484219602236,0.6536096843920448,1.0
3.529999999999833,0.2212180077962697,-6.720847182400897,-4.652514993289031,0.3959153542573399,-10.409038012916234,-12.482546809443798,15794.705024902181,-15794.705024902181,31589.410049804363,0.6317882009960873,1.0
3.5399999999998317,0.22122572672648075,-6.072747547924788,-3.612703615082935,2.2204837595940616,-12.003709986936567,-15.526223347766152,14932.64292848291,-14932.64292848291,29865.28585696582,0.5973057171393165,1.0
3.5499999999998306,0.22123406791322797,-5.342244506036612,-2.5250812129442592,3.988038505227367,-13.433624853460937,-18.34345472279656,13865.37918800151,-13865.37918800151,27730.75837600302,0.5546151675200605,1.0
3.5599999999998295,0.22124271699057943,-4.549499818521347,-1.4147427949344542,5.665227723806817,-14.662941611629934,-20.869279243191563,12700.055148099338,-12700.055148099338,25400.110296198676,0.5080022059239736,1.0
3.5699999999998284,0.22125141218404457,-3.7131711633852014,-0.30417312937065,7.223562719971674,-15.657112310508214,-23.042283430278786,11534.710505092535,-11534.710505092535,23069.42101018507,0.4613884202037014,1.0
3.5799999999998273,0.22126008370199723,-2.8497722690001908,0.787241017687367,8.639500696997727,-16.386197465154822,-24.810234990567288,10455.299873367632,-10455.299873367632,20910.599746735264,0.41821199493470534,1.0
3.589999999999826,0.221268915896672,-1.9731886506770155,1.8435526402963591,9.894438010738885,-16.827617566919397,-26.134220147284704,9533.681512937996,-9533.681512937996,19067.36302587599,0.3813472605175199,1.0
3.599999999999825,0.22127832073707493,-1.0942927579076323,2.852521080206744,10.9747238659819,-16.968024727286636,-26.99068077830685,8826.012574113776,-8826.012574113776,17652.025148227553,0.3530405029645511,1.0
3.609999999999824,0.2212888600113899,-0.2206871271004543,3.805757260729665,11.871603007408318,-16.804467850055378,-27.372040587679603,8371.71855411807,-8371.71855411807,16743.43710823614,0.33486874216472284,1.0
3.619999999999823,0.2213011543824165,0.6434039802636998,4.69872611300358,12.581054802065353,-16.344909258005405,-27.286315269353913,8141.224873888901,-8141.224873888901,16282.449747777802,0.32564899495555605,0.776036363745511
3.629999999999822,0.22131579963770456,1.4963879875492416,5.529904241120721,13.102950389761553,-15.607640521670769,-26.75539011672475,7889.438381460007,-7889.438381460007,15778.876762920014,0.3155775352584003,0.47729413571064716
3.6399999999998207,0.22133329703854898,2.3368255511007185,6.2982558171017,13.438921354351965,-14.618702019994014,-25.81085342556729,7379.056763363398,-7379.056763363398,14758.113526726796,0.295162270534536,0.17188639961585261
3.6499999999998196,0.22135399711804243,3.161081364060592,7.000933329409292,13.590595659649436,-13.408358329779423,-24.488746071519618,6443.579224116716,-6443.579224116716,12887.158448233433,0.2577431689646687,-0.13162326682921638
3.6599999999998185,0.22137805985718828,3.961886564424213,7.631945800029808,13.558711611030205,-12.007790941213171,-22.824973886447914,4984.148596261585,-4984.148596261585,9968.29719252317,0.1993659438504634,-0.42592855140155284
3.6699999999998174,0.2214054380398727,4.727647862402031,8.181578115355979,13.342813872880427,-10.446558997594446,-20.852247973125277,2964.454024500989,-2964.454024500989,5928.908049001978,0.11857816098003957,-0.7048108663402779
3.6799999999998163,0.22143588591711844,5.44232870616013,8.636352680986741,12.941290076824872,-8.751096952525444,-18.59886446894643,404.37032608272403,-404.37032608272403,808.7406521654481,0.016174813043308964,-0.9630083108606193
3.689999999999815,0.22146898835253234,6.085809047185715,8.979421910066373,12.35163212489776,-6.944300485980381,-16.089254373126344,-2574.5744209961836,2574.5744209961836,-5149.148841992367,-0.10298297683984735,-1.0
3.699999999999814,0.22150420477560956,6.635333058192478,9.191998707471095,11.571436342974765,-5.046510070687645,-13.346597356582812,-5666.900047144866,5666.900047144866,-11333.800094289732,-0.22667600188579468,-1.0
3.709999999999813,0.22154092628433592,7.068297916491031,9.256025418366633,10.600210695395173,-3.0783502200544786,-10.39759358058249,-8598.97062676094,8598.97062676094,-17197.94125352188,-0.3439588250704376,-1.0
3.719999999999812,0.22157853086295612,7.364864758400651,9.15664303550244,9.440995022955383,-1.0633013968701452,-7.27622816956064,-11165.755836762026,11165.755836762026,-22331.51167352405,-0.4466302334704811,-1.0
3.729999999999811,0.22161632193302683,7.510720882989987,8.885143951873465,8.103081325103986,0.9728543624679571,-4.023294910149713,-13226.62566202398,13226.62566202398,-26453.25132404796,-0.5290650264809592,-1.0
3.7399999999998097,0.2216528498894782,7.499244002722279,8.441659371644931,6.605047858339643,3.004658386552904,-0.6829431815142182,-14705.99897341979,14705.99897341979,-29411.99794683958,-0.5882399589367916,-1.0
3.7499999999998086,0.22168663742408257,7.332488575589622,7.836186193780178,4.975755862051197,5.008822999298702,2.7011867264385745,-15591.893892579898,15591.893892579898,-31183.787785159795,-0.623675755703196,-1.0
3.7599999999998075,0.2217172067947023,7.018854796529308,7.085408589491311,3.2498669863224947,6.959410572624284,6.079173076472675,-15918.55553096228,15918.55553096228,-31837.11106192456,-0.6367422212384912,-1.0
3.7699999999998064,0.22174401405722355,6.572198785693521,6.211529915213553,1.4663997757585483,8.828613131502527,9.397605675919658,-15755.20413816204,15755.20413816204,-31510.40827632408,-0.6302081655264816,-1.0
3.7799999999998053,0.22176623358674594,6.0103907250936555,5.240378572995742,-0.3336771183407343,10.586491075411248,12.60010055244104,-15196.248421676932,15196.248421676932,-30392.496843353863,-0.6078499368670773,-1.0
3.789999999999804,0.22178340100965457,5.353370283842726,4.19904169271902,-2.110323304261018,12.200274966755087,15.626511838502731,-14348.814303182657,14348.814303182657,-28697.628606365313,-0.5739525721273063,-1.0
3.799999999999803,0.22179546293623786,4.62145884227194,3.1139171693994263,-3.826637517907695,13.634808856120387,18.41373107182151,-13322.158497542123,13322.158497542123,-26644.316995084246,-0.532886339901685,-1.0
3.809999999999802,0.22180273368581285,3.834129770952298,2.00940650869071,-5.4501383454889085,14.854376871100836,20.89859179598872,-12220.286041759104,12220.286041759104,-24440.572083518207,-0.48881144167036417,-1.0
3.819999999999801,0.22180577566366874,3.0091497269268292,0.9071214165181472,-6.953303627831569,15.825498473312607,23.02241084998699,-11137.260633517883,11137.260633517883,-22274.521267035765,-0.4454904253407153,-1.0
3.8299999999998,0.22180526137245654,2.161981530328461,-0.17456305507602765,-8.313624213277546,16.520124822656676,24.736400514552585,-10154.406933080694,10154.406933080694,-20308.81386616139,-0.4061762773232278,-1.0
3.8399999999997987,0.22180186316759667,1.3053493503231806,-1.2208066748977804,-9.51357593558674,16.91819539741136,26.005446209063887,-9338.484832682607,9338.484832682607,-18676.969665365214,-0.3735393933073043,-1.0
3.8499999999997976,0.22179618674798818,0.44891141521742645,-2.220518595198081,-10.54060494676484,17.009292206264668,26.809759087514074,-8740.309089154594,8740.309089154594,-17480.61817830919,-0.3496123635661838,-1.0
3.8599999999997965,0.22178874727452424,-0.40093859687951955,-3.1664467961926404,-11.387031329634288,16.793607296634015,27.145216091109607,-8393.963275158712,8393.963275158712,-16787.926550317425,-0.3357585310063485,-1.0
3.8699999999997954,0.2217799767320456,-1.2411252675673217,-4.0551273904734595,-12.049847145787966,16.282281063741163,27.02278125283519,-8264.770043792912,8264.770043792912,-16529.540087585825,-0.3305908017517165,-0.7760318550222726
3.8799999999997943,0.22177024652140087,-2.071097757989261,-4.885997272083063,-12.5298389821058,15.496650966504292,26.466660975820574,-8102.984129293987,8102.984129293987,-16205.968258587975,-0.32411936517175954,-0.47728977910165354
3.889999999999793,0.22175989241813357,-2.8903118967038366,-5.658833214535871,-12.829430096034521,14.465513929886216,25.51005542550109,-7667.277286217838,7667.277286217838,-15334.554572435676,-0.30669109144871354,-0.17188227749738078
3.899999999999792,0.22174923270936553,-3.6958470243105164,-6.3714206874163,-12.950893668542983,13.22146235567789,24.189857888434634,-6787.890944272079,6787.890944272079,-13575.781888544157,-0.27151563777088317,0.131627102937063
3.909999999999791,0.2217385727885951,-4.480938651603837,-7.018192047649864,-12.895442777990644,11.797466475433154,22.54205164030916,-5363.61207408957,5363.61207408957,-10727.22414817914,-0.21454448296358283,0.4259320733314562
3.91999999999979,0.22172819466910387,-5.23426389256981,-7.5896192053420135,-12.662901500037947,10.224259131156714,20.59866899276963,-3356.795144133247,3356.795144133247,-6713.590288266494,-0.1342718057653299,0.7048140632838888
3.9299999999997888,0.22171833812036018,-5.939809320501707,-8.072157388844872,-12.251721387459806,8.52879158446491,18.386619577438932,-787.0852634591788,787.0852634591788,-1574.1705269183576,-0.03148341053836715,0.9630111846185155
3.9399999999997877,0.22170918589988323,-6.5772284194013295,-8.448630402577985,-11.659229980297127,6.733812338621834,15.928312801895586,2223.077446288859,-2223.077446288859,4446.154892577718,0.08892309785155436,1.0
3.9499999999997866,0.22170085818860125,-7.12330042855861,-8.69966934044101,-10.882633125294406,4.858868294662946,13.244357718421341,5366.174857831689,-5366.174857831689,10732.349715663378,0.2146469943132676,1.0
3.9599999999997855,0.2216934198759795,-7.5547735577337125,-8.806442794083402,-9.920885445084343,2.9231491461852266,10.358464369376382,8365.644071871211,-8365.644071871211,16731.288143742422,0.33462576287484846,1.0
3.9699999999997844,0.221686910790419,-7.850960864535821,-8.753099655431097,-8.776261744074391,0.9482496421410729,7.301477090562438,11012.643412496747,-11012.643412496747,22025.286824993495,0.4405057364998699,1.0
3.9799999999997833,0.2216813592319804,-7.99647942807626,-8.529674316103948,-7.456983790800066,-1.0420991073232129,4.111260512686898,13161.576982354989,-13161.576982354989,26323.153964709978,0.5264630792941996,1.0
3.989999999999782,0.2216770667442581,-7.983401281806545,-8.134689186575054,-5.980049733232944,-3.0241359127660967,0.8300492160359891,14730.51959842983,-14730.51959842983,29461.03919685966,0.5892207839371932,1.0
3.999999999999781,0.2216741846699108,-7.812644228218595,-7.576776331357298,-4.373081093509154,-4.976936494466682,-2.5010718796270877,15701.261188860877,-15701.261188860877,31402.522377721754,0.6280504475544352,1.0
4.00999999999978,0.22167208295059718,-7.491625013348374,-6.8714206083974725,-2.669650253296117,-6.877042635085357,-5.834503395676643,16103.28469121996,-16103.28469121996,32206.56938243992,0.6441313876487985,1.0
4.019999999999779,0.22167038800625719,-7.033335624662281,-6.039725832757693,-0.9077093520991435,-8.698822798342816,-9.118342825885604,16001.056118344859,-16001.056118344859,32002.112236689718,0.6400422447337945,1.0
4.029999999999778,0.22166936392531464,-6.4550804529565085,-5.106768478758066,0.8724680079061302,-10.41455040414226,-12.297586955010106,15485.678947816223,-15485.678947816223,30971.357895632445,0.6194271579126489,1.0
4.039999999999777,0.22166924839399335,-5.776542003105702,-4.099236604577793,2.6311697213017986,-11.993545442970317,-15.313194140324951,14662.52970879012,-14662.52970879012,29325.05941758024,0.5865011883516048,1.0
4.049999999999776,0.221670115059828,-5.018058129594989,-3.0434290529722827,4.331537124414835,-13.402380632835172,-18.102595878834613,13640.473641247432,-13640.473641247432,27280.947282494864,0.5456189456498973,1.0
4.059999999999775,0.22167178891029837,-4.199349489324788,-1.9638883412225903,5.940931422410334,-14.60650771594898,-20.60236628105642,12524.217546544614,-12524.217546544614,25048.43509308923,0.5009687018617847,1.0
4.069999999999774,0.22167384670824494,-3.338623057259936,-0.882558417853225,7.431537216510807,-15.572935557745428,-22.75264994227193,11409.397795212277,-11409.397795212277,22818.795590424554,0.45637591180849113,1.0
4.079999999999773,0.2216756883388725,-2.4519433439904756,0.18169963013292745,8.780459185836147,-16.27339476750491,-24.502579431414564,10379.607497767112,-10379.607497767112,20759.214995534225,0.4151842999106845,1.0
4.089999999999772,0.22167664380669283,-1.5527659145784394,1.2134349353246907,9.969709216349834,-16.686978746248556,-25.81431281082007,9504.442532700217,-9504.442532700217,19008.885065400435,0.3801777013080087,1.0
4.0999999999997705,0.2216760733719263,-0.6515724170345008,2.2008562448087376,10.986208956848865,-16.80192127004707,-26.665012707257883,8837.976505337518,-8837.976505337518,17675.953010675035,0.3535190602135007,1.0
4.109999999999769,0.22167343276564763,0.24436774504244343,3.1359606888191887,11.821719682644561,-16.6166864118517,-27.047463128001297,8417.807398817184,-8417.807398817184,16835.614797634367,0.33671229595268737,1.0
4.119999999999768,0.22166830299270168,1.1310888075405288,4.014521207078716,12.472669050748625,-16.14042530632571,-26.96970326145134,8212.860305030055,-8212.860305030055,16425.72061006011,0.32851441220120225,0.776033761694024
4.129999999999767,0.2216603959518139,2.0071671640156015,4.835231190671706,12.93929804581627,-15.392343216413966,-26.4533389461162,7976.93326519102,-7976.93326519102,15953.86653038204,0.3190773306076408,0.47729162144664583
4.139999999999766,0.22164955014628102,2.871230074307545,5.59716873777777,13.223520731545113,-14.399083207593524,-25.52941197509041,7472.0636676704,-7472.0636676704,14944.1273353408,0.298882546706816,0.17188402067989977
4.149999999999765,0.22163572853846666,3.7195960605105767,6.297486912273938,13.327151591631274,-13.191181390157855,-24.233187332762906,6531.58471149621,-6531.58471149621,13063.16942299242,0.2612633884598484,-0.1316254807041125
4.159999999999764,0.2216190212167527,4.544831236476747,6.930074218673917,13.251012538024026,-11.799754567822466,-22.599601810723073,5057.0026652509505,-5057.0026652509505,10114.005330501901,0.20228010661003804,-0.425930583959628
4.169999999999763,0.22159964769683588,5.33505945351084,7.484971879068593,12.994626182350773,-10.253970065043788,-20.660239510589314,3012.909509680636,-3012.909509680636,6025.819019361272,0.12051638038722545,-0.7048127113439007
4.179999999999762,0.22157795138360953,6.073853361998321,7.948341494138582,12.556255816210529,-8.579567319699919,-18.442150829793494,420.5960122128882,-420.5960122128882,841.1920244257764,0.01682384048851553,-0.9630099693489497
4.189999999999761,0.2215543783523755,6.740609901737043,8.302869286850193,11.933173778762756,-6.798484833407233,-15.968447987855889,-2596.5353460509677,2596.5353460509677,-5193.0706921019355,-0.10386141384203872,-1.0
4.1999999999997595,0.2215294394878212,7.312019058447019,8.52921528804719,11.122675095121913,-4.92989399563216,-13.260965902768897,-5730.746720408206,5730.746720408206,-11461.493440816412,-0.22922986881632826,-1.0
4.209999999999758,0.22150365538144556,7.764892447027229,8.608723691223823,10.12392407659165,-2.993081226261866,-10.345099951566143,-8705.937732542869,8705.937732542869,-17411.875465085737,-0.34823750930171476,-1.0
4.219999999999757,0.2214774829030294,8.0787789077593,8.525891325597703,8.939560998331906,-1.0101415084854577,-7.25368373587377,-11314.450066610405,11314.450066610405,-22628.90013322081,-0.4525780026644162,-1.0
4.229999999999756,0.22145134144285686,8.238744081272406,8.27133403347744,7.578420283891642,0.9944634362021043,-4.026610106486136,-13412.874068913985,13412.874068913985,-26825.74813782797,-0.5365149627565594,-1.0
4.239999999999755,0.22142617597965608,8.23837932881023,7.845632857958788,6.060216235231041,2.9989491215863087,-0.703256337122869,-14926.234787461668,14926.234787461668,-29852.469574923336,-0.5970493914984668,-1.0
4.249999999999754,0.22140305595608942,8.07864549708525,7.2573397164536875,4.412123770314091,4.979135355128309,2.669696086984555,-15839.893538946708,15839.893538946708,-31679.787077893416,-0.6335957415578684,-1.0
4.259999999999753,0.22138216922767762,7.767072745204339,6.521942113235932,2.6673874014546053,6.908314332784842,6.039689916836353,-16180.860678281866,16180.860678281866,-32361.721356563732,-0.6472344271312747,-1.0
4.269999999999752,0.22136353164031253,7.317490018271453,5.661547532715693,0.8650842860380166,8.759765300150224,9.353928393525328,-16017.996062554852,16017.996062554852,-32035.992125109704,-0.6407198425021942,-1.0
4.279999999999751,0.22134738233139373,6.747948371355742,4.702107093685957,-0.9535608951424647,10.50447398865066,12.556512163678715,-15446.339207159941,15446.339207159941,-30892.678414319882,-0.6178535682863977,-1.0
4.28999999999975,0.2213337738254002,6.078727711569222,3.6709897972268557,-2.748129895510147,12.110300172185239,15.587469915587496,-14574.402517531747,14574.402517531747,-29148.805035063495,-0.5829761007012699,-1.0
4.2999999999997485,0.22132265161849896,5.330600690308399,2.5949747339982454,-4.481296595179133,13.542311255727519,18.383399117409457,-13513.309912450179,13513.309912450179,-27026.619824900357,-0.5405323964980072,-1.0
4.309999999999747,0.22131394890733153,4.523568432440416,1.498904568146787,-6.120150015039122,14.764578403434932,20.880338743513324,-12369.22365225911,12369.22365225911,-24738.44730451822,-0.4947689460903644,-1.0
4.319999999999746,0.2213076471653643,3.67597740684652,0.40486864721270704,-7.636749858639783,15.74301262280129,23.018394448525925,-11238.541397185618,11238.541397185618,-22477.082794371236,-0.44954165588742473,-1.0
4.329999999999745,0.22130377609832577,2.80390415093955,-0.6682603299137692,-9.008188659218144,16.448630863884706,24.747246891539945,-10205.022157202373,10205.022157202373,-20410.044314404746,-0.408200886288095,-1.0
4.339999999999744,0.22130237123054772,1.9206967989606976,-1.7051426656483897,-10.216565731656964,16.86022277680249,26.030120273641813,-9337.885259736773,9337.885259736773,-18675.770519473546,-0.37351541038947095,-1.0
4.349999999999743,0.2213034269892923,1.0366196994953683,-2.6942091891506603,-11.248978944122625,16.966119148073773,26.845639005403118,-8690.329773213205,8690.329773213205,-17380.65954642641,-0.3476131909285282,-1.0
4.359999999999742,0.22130686483032633,0.15862827200900664,-3.627774572762062,-12.097441085576058,16.765253864598513,27.18830996438194,-8298.643262034973,8298.643262034973,-16597.286524069947,-0.33194573048139897,-1.0
4.369999999999741,0.2213125197786019,-0.7097081949050467,-4.5020085789921405,-12.758692330999974,16.2675802753609,27.068034684779292,-8130.072263043733,8130.072263043733,-16260.144526087466,-0.32520289052174933,-0.7760329553926142
4.37999999999974,0.22132014362753347,-1.5674309911885618,-5.316065846535642,-13.233334691758813,15.493385960334843,26.508319047506394,-7936.433807536736,7936.433807536736,-15872.867615073472,-0.3174573523014695,-0.477290842348082
4.3899999999997386,0.221329418995894,-2.4136861814212685,-6.069536469391703,-13.523681550031577,14.470611547847012,25.542055274055404,-7477.543982694547,7477.543982694547,-14955.087965389093,-0.2991017593077819,-0.17188328351565071
4.3999999999997375,0.2213399785915347,-3.245348196338109,-6.7601215764928515,-13.631974816962234,13.231232047047346,24.206233417159137,-6584.339275801999,6584.339275801999,-13168.678551603998,-0.26337357103208,0.13162616672064517
4.409999999999736,0.22135142753885434,-4.055554560407938,-7.382274904945889,-13.55947788259767,11.807868499460767,22.537328673196992,-5155.837083369863,5155.837083369863,-10311.674166739725,-0.20623348333479452,0.42593121379125054
4.419999999999735,0.22136336724454841,-4.832988420530501,-7.9265950437982235,-13.306148668744159,10.231184127251709,20.56822833605196,-3154.1589317163202,3154.1589317163202,-6308.3178634326405,-0.12616635726865283,0.7048132830577544
4.429999999999734,0.22137541721973825,-5.561737802560737,-8.37976332273417,-12.870654650364981,8.52833501322808,18.327008784966477,-598.277616480007,598.277616480007,-1196.555232960014,-0.023931104659200283,0.9630104832670449
4.439999999999733,0.2213872321530022,-6.221640947010056,-8.724919296958562,-12.250617220536828,6.72252880285787,15.837494397269037,2390.4350316287027,-2390.4350316287027,4780.8700632574055,0.09561740126514812,1.0
4.449999999999732,0.22139851482992906,-6.789730607867418,-8.943085777347898,-11.443604974942522,4.833996010352776,13.12188958024686,5505.873703517394,-5505.873703517394,11011.747407034787,0.22023494814069575,1.0
4.459999999999731,0.22140902798818893,-7.243045117228451,-9.015861623844783,-10.448966503624117,2.882812285387165,10.205583248950838,8473.083054079701,-8473.083054079701,16946.166108159403,0.3389233221631881,1.0
4.46999999999973,0.22141860857759194,-7.561244022783363,-8.927892637654459,-9.269447647623482,0.8915210400354577,7.120982010570306,11085.06061147087,-11085.06061147087,22170.12122294174,0.4434024244588348,1.0
4.479999999999729,0.22142716170562188,-7.729383563688801,-8.66983594767137,-7.913915772181138,-1.1153489070337683,3.907117645863422,13198.57226797331,-13198.57226797331,26397.14453594662,0.5279428907189324,1.0
4.4899999999997275,0.22143426305611869,-7.7403817191008,-8.241457481329133,-6.4009721289448125,-3.1146925401782863,0.6048477602742701,14736.064432561623,-14736.064432561623,29472.128865123246,0.589442577302465,1.0
4.499999999999726,0.22143962034861026,-7.5952698441159585,-7.6516017114758865,-4.7583762781145955,-5.084113049520508,-2.74271181808205,15681.907967318939,-15681.907967318939,31363.815934637878,0.6272763186927576,1.0
4.509999999999725,0.22144391900187063,-7.301437288602958,-6.915809025306267,-3.0196903541608555,-6.998687465451442,-6.086204078117937,16064.666092431853,-16064.666092431853,32129.332184863706,0.6425866436972741,1.0
4.519999999999724,0.22144774095478498,-6.872038604525022,-6.055541098232781,-1.2233669417199962,-8.832378606465536,-9.373890238280424,15950.293286558543,-15950.293286558543,31900.586573117085,0.6380117314623418,1.0
4.529999999999723,0.22145108181867973,-6.32438922271959,-5.096043267764093,0.5900385031999662,-10.557025603696811,-12.55095190651002,15430.58400828318,-15430.58400828318,30861.16801656636,0.6172233603313273,1.0
4.539999999999722,0.22145399253134482,-5.678043052713932,-4.06399979976222,2.380731051947225,-12.141534045019881,-15.558582395352765,14610.835541417548,-14610.835541417548,29221.671082835095,0.584433421656702,1.0
4.549999999999721,0.2214565984332892,-4.953102597273257,-2.9855781899795324,4.111907988577422,-13.552177471524772,-18.334611934785055,13599.243201783318,-13599.243201783318,27198.486403566636,0.5439697280713328,1.0
4.55999999999972,0.22145907558084374,-4.168980469163564,-1.8851080354152625,5.7510639301257624,-14.754307315026024,-20.816282617265177,12499.456098004373,-12499.456098004373,24998.912196008747,0.499978243920175,1.0
4.569999999999719,0.22146161230505096,-3.343530977027424,-0.7842763762463861,7.270543435667596,-15.715089260350462,-22.944770845505605,11405.836077281985,-11405.836077281985,22811.67215456397,0.45623344309127944,1.0
4.579999999999718,0.2214643847962046,-2.492440665094394,0.298334244908493,8.647614246047258,-16.40665701166822,-24.67055593302112,10400.59825004666,-10400.59825004666,20801.19650009332,0.41602393000186644,1.0
4.5899999999997165,0.22146755280552544,-1.6287770832246666,1.3475604919466109,9.86445341824823,-16.808678287246618,-25.957245463744584,9551.910803448987,-9551.910803448987,19103.821606897975,0.3820764321379595,1.0
4.599999999999715,0.22147126593356567,-0.7626403328977318,2.3518912971048778,10.908139813847571,-16.910075349106076,-26.783410660243575,8912.437993447456,-8912.437993447456,17824.875986894913,0.3564975197378983,1.0
4.609999999999714,0.2214756725016127,0.0990614885517407,3.303582274908126,11.770573163884523,-16.710066090187965,-27.143104027023334,8518.451166155288,-8518.451166155288,17036.902332310576,0.34073804664621155,1.0
4.619999999999713,0.22148092572338018,0.9526940601777562,4.198633253878984,12.448293394289864,-16.218575550643532,-27.045425968814385,8337.677985474957,-8337.677985474957,16675.355970949913,0.3335071194189983,0.7760332963663839
4.629999999999712,0.22148718320927355,1.797129832628486,5.035927823302916,12.94162455887644,-15.455559836891226,-26.5127944906436,8122.8746865818075,-8122.8746865818075,16245.749373163615,0.32491498746327235,0.4772911718182352
4.639999999999711,0.22149459770967067,2.6312539203314698,5.814695861500487,13.252534989126895,-14.448348348598008,-25.57678952096509,7635.2033106804065,-7635.2033106804065,15270.406621360813,0.30540813242721626,0.17188359525243044
4.64999999999971,0.22150329893336235,3.4516022273677054,6.532202744032021,13.382865242513523,-13.228063183444474,-24.272930961049386,6707.293221388543,-6707.293221388543,13414.586442777087,0.26829172885554176,-0.13162587661349326
4.659999999999709,0.2215133705050972,4.2509142213347095,7.182407113611483,13.333432823096025,-11.826281683947709,-22.636137399053766,5240.13032339112,-5240.13032339112,10480.26064678224,0.20960521293564482,-0.42593094744389237
4.669999999999708,0.22152482975637025,5.017438165382963,7.755373832746216,13.10372057574515,-10.272491837272455,-20.6977267982498,3197.9902821669407,-3197.9902821669407,6395.980564333881,0.12791961128667764,-0.7048130412875891
4.679999999999707,0.22153761845834585,5.734817581382066,8.237237808054601,12.691912133242328,-8.592606704304316,-18.484267623082843,602.072795988721,-602.072795988721,1204.145591977442,0.024082911839548846,-0.9630102659379188
4.6899999999997055,0.22155160954300793,6.382464567276664,8.610607032073279,12.095158572464026,-6.808588844243668,-16.01820821932994,-2424.0745584328074,2424.0745584328074,-4848.149116865615,-0.0969629823373123,-1.0
4.699999999999704,0.22156662746873854,6.937030210635644,8.856014452935483,11.310594890750853,-4.9394852840362455,-13.320571256162127,-5572.3376373020865,5572.3376373020865,-11144.675274604173,-0.22289350549208348,-1.0
4.709999999999703,0.2215824778453627,7.375243036197404,8.954641372360776,10.337202236178575,-3.004308395159556,-10.415828991216788,-8566.056705503903,8566.056705503903,-17132.113411007806,-0.34264226822015614,-1.0
4.719999999999702,0.22159897644125603,7.676522404019123,8.890782104192299,9.177408175247926,-1.0247632875027024,-7.335844243080511,-11196.840738124785,11196.840738124785,-22393.68147624957,-0.44787362952499143,-1.0
4.729999999999701,0.22161591756165414,7.825747556058058,8.654792825773907,7.839777468925577,0.9751235570651896,-4.119597161746204,-13320.296238673005,13320.296238673005,-26640.59247734601,-0.5328118495469203,-1.0
4.7399999999997,0.22163276263199122,7.815452651003412,8.245788016274426,6.342011982476054,2.9714085522328837,-0.8100483194886855,-14856.74609435584,14856.74609435584,-29713.49218871168,-0.5942698437742336,-1.0
4.749999999999699,0.2216488867161368,7.6469805591879965,7.672897589574288,4.7122566898427785,4.942372792622716,2.550265039941684,-15790.448469465518,15790.448469465518,-31580.896938931037,-0.6316179387786208,-1.0
4.759999999999698,0.2216641604443473,7.3281881040653225,6.952117821670935,2.984622082934275,6.863545478309377,5.912230911363974,-16152.842897637389,16152.842897637389,-32305.685795274778,-0.6461137159054956,-1.0
4.769999999999697,0.2216784643518721,6.872584642586241,6.105171523666692,1.1977612348962028,8.708389145013632,9.222887159584966,-16011.103303228838,16011.103303228838,-32022.206606457676,-0.6404441321291535,-1.0
4.779999999999696,0.2216914215834652,6.297939092118125,5.157682909249942,-0.6074401259617827,10.448099107104362,12.426125279523076,-15458.798285438634,15458.798285438634,-30917.596570877267,-0.6183519314175454,-1.0
4.7899999999996945,0.22170269708767437,5.624309628779342,4.136776135805234,-2.3907919720083033,12.050777049094682,15.46176414282648,-14603.308699497155,14603.308699497155,-29206.61739899431,-0.5841323479798862,-1.0
4.799999999999693,0.22171200298205393,4.872312474177018,3.069070598968611,-4.115086854195339,13.481739713603615,18.266187233316035,-13554.99850746529,13554.99850746529,-27109.99701493058,-0.5421999402986116,-1.0
4.809999999999692,0.22171910933900033,4.061852229023951,1.97932455210475,-5.747441377153908,14.705269817517621,20.775175309554204,-12419.606013298673,12419.606013298673,-24839.212026597346,-0.496784240531947,-1.0
4.819999999999691,0.2217238625221647,3.2112298707219864,0.8896038490090268,-7.25987684572059,15.687400287849275,22.928464816026743,-11293.380424933352,11293.380424933352,-22586.760849866703,-0.4517352169973341,-1.0
4.82999999999969,0.22172620304949728,2.3365178529518364,-0.18119499890296475,-8.629402483221392,16.39914679416904,24.675224498885957,-10260.143441292481,10260.143441292481,-20520.286882584962,-0.4104057376516993,-1.0
4.839999999999689,0.22172617227591515,1.4510980413052526,-1.2176665374305238,-9.83799596738578,16.81917854707802,25.978079462810307,-9389.35966169836,9389.35966169836,-18778.71932339672,-0.3755743864679344,-1.0
4.849999999999688,0.22172390069234268,0.5653035581797689,-2.2081392083418043,-10.872602867963922,16.935592107123675,26.815006968282287,-8734.63780564257,8734.63780564257,-17469.27561128514,-0.3493855122257028,-1.0
4.859999999999687,0.22171958403624611,-0.31381021261810593,-3.144794888305789,-11.725061534281732,16.746980802972598,27.179844198244616,-8332.813561539819,8332.813561539819,-16665.627123079637,-0.33331254246159275,-1.0
4.869999999999686,0.22171345774274223,-1.182546074552938,-4.023644923490603,-12.391921702342346,16.26286459101906,27.08182039395689,-8151.799243868395,8151.799243868395,-16303.59848773679,-0.32607196975473585,-0.7760331521748899
4.879999999999685,0.22170577565397512,-2.0397927732772203,-4.84366355934113,-12.873582669986298,15.503024729928914,26.54378337186855,-7944.178881297651,7944.178881297651,-15888.357762595302,-0.3177671552519061,-0.4772910324914982
4.8899999999996835,0.2216967961937107,-2.884523946094559,-5.6042425508862115,-13.172145939865223,14.494847397040381,25.597997293114762,-7470.618674177333,7470.618674177333,-14941.237348354665,-0.2988247469670933,-0.1718834634248777
4.899999999999682,0.2216867764663034,-3.7134291766457115,-6.302872863033837,-13.289637057552877,13.26973133794925,24.280867572202943,-6562.961340763468,6562.961340763468,-13125.922681526936,-0.2625184536305387,0.13162599929421762
4.909999999999681,0.22167597088164098,-4.519459627331824,-6.933795390293727,-13.227105856920106,11.85972530257992,22.628339426014136,-5121.145469001287,5121.145469001287,-10242.290938002574,-0.2048458187600515,0.42593106007702375
4.91999999999968,0.2216646297753962,-5.291124563750531,-7.487405236672769,-12.984309254751194,10.29494924123656,20.672836906065267,-3108.1736169147594,3108.1736169147594,-6216.347233829519,-0.12432694467659039,0.7048131435274692
4.929999999999679,0.2216529949846152,-6.012365948681867,-7.950203113563355,-12.559737159034082,8.60206973252482,18.442055403949613,-543.7961735461334,543.7961735461334,-1087.592347092267,-0.02175184694184534,0.9630103578421444
4.939999999999678,0.2216412909843105,-6.662916986717553,-8.305182567190679,-11.950865892220055,6.803882866191722,15.959537718095701,2449.9989158768813,-2449.9989158768813,4899.9978317537625,0.09799995663507526,1.0
4.949999999999677,0.22162971257778408,-7.219755320797989,-8.53326324307253,-11.155157693386748,4.920307701000381,13.247322572270486,5566.691178089772,-5566.691178089772,11133.382356179543,0.22266764712359088,1.0
4.959999999999676,0.2216184112134846,-7.659919287598276,-8.615989420486995,-10.17189737885403,2.9712303835273315,10.330777537354923,8531.141962981053,-8531.141962981053,17062.283925962107,0.34124567851924215,1.0
4.969999999999675,0.22160748500820315,-7.963108396421476,-8.537982094104137,-9.003782097572648,0.9791794839261555,7.2424970138576885,11136.338694794465,-11136.338694794465,22272.67738958893,0.44545354779177865,1.0
4.979999999999674,0.2215969938449056,-8.114439004167657,-8.289874254342003,-7.659601207452091,-1.0310928802028778,4.021989317954761,13239.071240584899,-13239.071240584899,26478.142481169798,0.529562849623396,1.0
4.9899999999996725,0.22158712416453424,-8.106611817549846,-7.870964643563727,-6.157179611762866,-3.0349942335372893,0.7125918112968017,14760.510000272412,-14760.510000272412,29521.020000544824,0.5904204000108966,1.0
4.999999999999671,0.2215780551920638,-7.941101972540022,-7.2905362447518955,-4.524782371169071,-5.0104250549068015,-2.6432106894273573,15685.523345594256,-15685.523345594256,31371.046691188512,0.6274209338237703,1.0
5.00999999999967,0.22156967464921376,-7.625821119208905,-6.564643599666384,-2.7965452732208016,-6.932692588158175,-5.996572278491764,16045.919441678461,-16045.919441678461,32091.838883356922,0.6418367776671385,1.0
5.019999999999669,0.2215618877692925,-7.174230312437845,-5.71494055848357,-1.0110063399101237,-8.775134271172377,-9.29487502047864,15908.648742951347,-15908.648742951347,31817.297485902694,0.6363459497180539,1.0
5.029999999999668,0.22155477050056016,-6.603969187573373,-4.766891103851916,0.7911528004735189,-10.508981453124104,-12.482506569132019,15366.646017439993,-15366.646017439993,30733.292034879985,0.6146658406975998,1.0
5.039999999999667,0.22154840314249996,-5.934905291739871,-3.7473935377607868,2.570003488862935,-12.102554019744906,-15.499946313178603,14526.35044831738,-14526.35044831738,29052.70089663476,0.5810540179326953,1.0
5.049999999999666,0.2215428638979081,-5.18742446546349,-2.6828014182614583,4.28862728329035,-13.521574047210194,-18.28439593122852,13496.991796618133,-13496.991796618133,26993.983593236266,0.5398796718647254,1.0
5.059999999999665,0.2215382121236001,-4.381179292604694,-1.597586770616455,5.914437463390604,-14.730896419327872,-20.77257126561277,12383.073627244068,-12383.073627244068,24766.147254488136,0.49532294508976277,1.0
5.069999999999664,0.22153446490317805,-3.534212338869842,-0.5135246229828181,7.419744370800528,-15.697260212075205,-22.90521725450809,11279.582686195263,-11279.582686195263,22559.165372390526,0.45118330744781054,1.0
5.079999999999663,0.22153157524060968,-2.66234385749814,0.5507720472573658,8.781830400060961,-16.392468985539804,-24.63250324690587,10269.108610559488,-10269.108610559488,20538.217221118975,0.4107643444223795,1.0
5.0899999999996615,0.22152942322845418,-1.7787192265071878,1.5801660893346545,9.98292946133074,-16.795993266972246,-25.917922636540794,9419.949140189823,-9419.949140189823,18839.898280379646,0.37679796560759293,1.0
5.09999999999966,0.22152782617542124,-0.8934599791258362,2.563229192954021,11.010218719432821,-16.896698751927346,-26.74013269010182,8784.651630978733,-8784.651630978733,17569.303261957466,0.35138606523914934,1.0
5.109999999999659,0.2215265602309803,-0.013442331840108188,3.4923528612411276,11.855735139619005,-16.693882975033528,-27.09344892541092,8399.134979744118,-8399.134979744118,16798.269959488236,0.33596539918976476,1.0
5.119999999999658,0.22152538405542327,0.8577784317724234,4.363719232006342,12.51618910635352,-16.197677365867882,-26.987383084567124,8230.564954648236,-8230.564954648236,16461.129909296473,0.32922259818592947,0.7760332131524312
5.129999999999657,0.22152406002278927,1.7191926910028057,5.176431982905385,12.992100884949965,-15.428357016825808,-26.444882725693024,8030.962836055619,-8030.962836055619,16061.925672111238,0.32123851344222476,0.477291091411843
5.139999999999656,0.2215223715626292,2.569832762295806,5.929969262475666,13.285652672947313,-14.413664002960312,-25.498144636825714,7560.624677271917,-7560.624677271917,15121.249354543834,0.3024249870908767,0.17188351917392775
5.149999999999655,0.2215201371958701,3.406400617086552,6.6218629764591785,13.398908694638546,-13.18520283146688,-24.183359683157086,6651.227237533794,-6651.227237533794,13302.454475067589,0.2660490895013518,-0.13162594741322456
5.159999999999654,0.22151722154144016,4.221809646380031,7.24634637647407,13.332912415703314,-11.775074497081256,-22.536134859169486,5202.762902777188,-5202.762902777188,10405.525805554376,0.20811051611108755,-0.4259310124450588
5.169999999999653,0.22151354225857978,5.004478152229072,7.793755984464416,13.087366739952595,-10.213301396028507,-20.588456118878746,3178.5216619716575,-3178.5216619716575,6357.043323943315,0.1271408664788663,-0.704813100290709
5.1799999999996515,0.2215090718071516,5.7382035560233104,8.25048329505576,12.66065978752045,-8.526311977214545,-18.367503404649646,598.7784065657413,-598.7784065657413,1197.5568131314826,0.023951136262629655,-0.9630103189762805
5.1899999999996504,0.22150383401508789,6.402524025357793,8.599365680285883,12.050121297496156,-6.736538159616662,-15.896248566757684,-2413.729375075773,2413.729375075773,-4827.458750151546,-0.09654917500303094,-1.0
5.199999999999649,0.22149789661887773,6.974178905047418,8.821127424817666,11.25302924181571,-4.863426727860289,-13.196124164639253,-5551.534884687452,5551.534884687452,-11103.069769374904,-0.2220613953874981,-1.0
5.209999999999648,0.22149136029174837,7.429940693543677,8.897095016032733,10.268464155130827,-2.92629762582379,-10.291873993507988,-8538.424698696808,8538.424698696808,-17076.849397393617,-0.34153698794787235,-1.0
5.219999999999647,0.22148434653107657,7.749229781376823,8.811663557646472,9.098913961098775,-0.9470420177440699,-7.215462470014605,-11166.252860863802,11166.252860863802,-22332.505721727604,-0.4466501144345521,-1.0
5.229999999999646,0.22147700903079012,7.916888737879996,8.555253954827112,7.7529791549498075,1.050282549896712,-4.005760562848965,-13290.706648484198,13290.706648484198,-26581.413296968396,-0.531628265939368,-1.0
5.239999999999645,0.22146967152048652,7.925566021197542,8.127279357016942,6.248772800084074,3.042481783795346,-0.7043615329951362,-14832.840700860343,14832.840700860343,-29665.681401720685,-0.5933136280344138,-1.0
5.249999999999644,0.22146270226111667,7.776312263041503,7.536605370762162,4.614058428250559,5.007565817639971,2.6457867273385713,-15776.496324017875,15776.496324017875,-31552.99264803575,-0.6310598529607151,-1.0
5.259999999999643,0.22145624043874312,7.476645940832302,6.798909874926906,2.8825124596438436,6.920900625164865,5.995344074729392,-16151.022072889486,16151.022072889486,-32302.04414577897,-0.6460408829155795,-1.0
5.269999999999642,0.22145039711676529,7.039869555938216,5.935784268316381,1.0926384872159687,8.756363531555609,9.29205031073755,-16022.835180444636,16022.835180444636,-32045.67036088927,-0.6409134072177854,-1.0
5.2799999999996405,0.22144535514663943,6.483533662017812,4.972701881845041,-0.71485261536671,10.485617799030244,12.480529607698907,-15484.65365426644,15484.65365426644,-30969.30730853288,-0.6193861461706577,-1.0
5.289999999999639,0.22144123094483156,5.82748178444275,3.9366342280835624,-2.499952127497018,12.077268661534646,15.501334681213146,-14642.993351772382,14642.993351772382,-29285.986703544764,-0.5857197340708953,-1.0
5.299999999999638,0.22143807191959772,5.09213142982945,2.8540603710509265,-4.225625831085102,13.49714769897448,18.291545680203676,-13607.403028282284,13607.403028282284,-27214.80605656457,-0.5442961211312914,-1.0
5.309999999999637,0.2214358690696559,4.29721398029533,1.7496211361326235,-5.8591450580924285,14.710035832173318,20.78756293160217,-12482.904104354311,12482.904104354311,-24965.808208708622,-0.49931616417417246,-1.0
5.319999999999636,0.22143458012239572,3.460890308383814,0.6452968726500702,-7.37265650724764,15.68242885480283,22.92965769527866,-11365.168000957998,11365.168000957998,-22730.336001915995,-0.4546067200383199,-1.0
5.329999999999635,0.22143415381593404,2.5991307092909612,-0.4400647293482114,-8.743261710861544,16.38574241789276,24.667411829443342,-10337.604884981785,10337.604884981785,-20675.20976996357,-0.41350419539927147,-1.0
5.339999999999634,0.22143454681178443,1.7252538493862868,-1.4910705498463002,-9.953001654389249,16.79894717352273,25.96366989392093,-9469.43409329426,9469.43409329426,-18938.86818658852,-0.3787773637317704,-1.0
5.349999999999633,0.2214357307752103,0.8495682475390747,-2.496024290591061,-10.988854280792971,16.91033505058963,26.796438894116683,-8814.186749259756,8814.186749259756,-17628.37349851951,-0.35256746997039023,-1.0
5.359999999999632,0.2214376920814263,-0.020859300913402445,-3.4470476193734525,-11.842658673469582,16.718591365476758,27.159427831139134,-8408.78397868517,8408.78397868517,-16817.56795737034,-0.33635135914740677,-1.0
5.369999999999631,0.2214404269954036,-0.8822891644894729,-4.340060840702555,-12.510936643049398,16.23322940879535,27.061615003648107,-8221.368202415053,8221.368202415053,-16442.736404830106,-0.32885472809660216,-0.7760331873670858
5.3799999999996295,0.22144393462632822,-1.7335425885289157,-5.173922431795975,-12.994036013290161,15.47393134211421,26.52550704194221,-8004.872021004826,8004.872021004826,-16009.744042009652,-0.32019488084019304,-0.47729106649651976
5.389999999999628,0.22144820880789085,-2.573506213182597,-5.947889550058681,-13.293988333726125,14.467901038567593,25.5829662098493,-7520.402340242755,7520.402340242755,-15040.80468048551,-0.30081609360971023,-0.1718834955997018
5.399999999999627,0.2214532294548744,-3.39876761097751,-6.659304470049527,-13.412734291969885,13.246285729920812,24.26996464692309,-6600.313444195635,6600.313444195635,-13200.62688839127,-0.26401253776782546,0.1316259693517516
5.409999999999626,0.2214589551875724,-4.20216447925112,-7.302249241080791,-13.351226495246115,11.840831309137835,22.622011535436584,-5145.109866705328,5145.109866705328,-10290.219733410657,-0.20580439466821315,0.42593103258675574
5.419999999999625,0.22146531963671973,-4.972084614057313,-7.866954235821046,-13.109115287815856,10.281322633837275,20.671116964970416,-3118.39834296241,3118.39834296241,-6236.79668592482,-0.12473593371849641,0.7048131185738349
5.429999999999624,0.22147223251083287,-5.692344635231805,-8.339755011828027,-12.68477925318079,8.594077379892894,18.444603942011838,-540.5514245434651,540.5514245434651,-1081.1028490869303,-0.021622056981738608,0.9630103354110856
5.439999999999623,0.22147958471587362,-6.342553747559032,-8.703486307440814,-12.075584852406365,6.801545851909398,15.965699059356652,2465.828808652902,-2465.828808652902,4931.657617305804,0.09863315234611608,1.0
5.449999999999622,0.22148725620577694,-6.89957327317313,-8.938922958004358,-11.27889337762481,4.923319729738615,13.256191326380875,5593.647218689848,-5593.647218689848,11187.294437379696,0.22374588874759394,1.0
5.459999999999621,0.22149512559932955,-7.3403387840735785,-9.027485036262009,-10.293904484451605,2.978990274116768,10.341267688971666,8567.259103451144,-8567.259103451144,17134.51820690229,0.3426903641380458,1.0
5.46999999999962,0.221503077717373,-7.644472426995438,-8.953703426764239,-9.123262154902223,0.9908222085993903,7.253393684464804,11179.264568622997,-11179.264568622997,22358.529137245994,0.44717058274491994,1.0
5.4799999999996185,0.22151099209846936,-7.797052934776033,-8.708174101540287,-7.775759578034167,-1.016681078927078,4.031968861363425,13286.271970193844,-13286.271970193844,26572.543940387688,0.5314508788077538,1.0
5.489999999999617,0.2215185870397398,-7.790900156961065,-8.29039157316926,-6.269551075301544,-3.019557215331002,0.719574415832586,14810.017194710168,-14810.017194710168,29620.034389420336,0.5924006877884068,1.0
5.499999999999616,0.22152556924133623,-7.627402325076972,-7.709540983306122,-4.632782918751922,-4.995533037124997,-2.6407456782416703,15735.498779708125,-15735.498779708125,31470.99755941625,0.629419951188325,1.0
5.509999999999615,0.22153193303327334,-7.3143976560263,-6.981604663362831,-2.899495518224759,-6.919668508884253,-5.999546892000253,16093.801990515416,-16093.801990515416,32187.603981030832,0.6437520796206166,1.0
5.519999999999614,0.22153766000137967,-6.865398190358105,-6.128340926779135,-1.1083714851682238,-8.765311946873855,-9.304116231065608,15952.256997661332,-15952.256997661332,31904.513995322664,0.6380902799064534,1.0
5.529999999999613,0.22154258577875027,-6.298108979983818,-5.175333322374763,0.6997589741161934,-10.503613032449463,-12.498662042619408,15404.245589688888,-15404.245589688888,30808.491179377776,0.6161698235875556,1.0
5.539999999999612,0.22154659203322186,-5.6324704668213865,-4.14960514895617,2.4848259130079096,-12.10271698349806,-15.523401471316264,14556.67887228506,-14556.67887228506,29113.35774457012,0.5822671548914025,1.0
5.549999999999611,0.22154962388071608,-4.888943838077101,-3.0776352533294715,4.209780920954871,-13.528092803004162,-18.31521442006195,13519.257604697035,-13519.257604697035,27038.51520939407,0.5407703041878814,1.0
5.55999999999961,0.2215516950464024,-4.087256012182795,-1.9840191027876275,5.841918184426783,-14.744288326045904,-20.8104723848554,12396.943534413089,-12396.943534413089,24793.887068826178,0.4958777413765236,1.0
5.569999999999609,0.22155287941530538,-3.245519683003833,-0.8906516041772259,7.3534389836548675,-15.717707944794865,-22.94958965064442,11285.160099105842,-11285.160099105842,22570.320198211684,0.4514064039642337,1.0
5.5799999999996075,0.22155329380052166,-2.3796177472605065,0.18374000882897418,8.721525866511154,-16.419820492206235,-24.68245999638438,10266.902541598083,-10266.902541598083,20533.805083196166,0.4106761016639234,1.0
5.589999999999606,0.22155307761411283,-1.502748391536206,1.2239121938440627,9.928322778941315,-16.829783361801244,-25.9723825752625,9410.834019854068,-9410.834019854068,18821.668039708136,0.37643336079416273,1.0
5.599999999999605,0.2215523742800569,-0.6250742262951968,2.2183407466368346,10.96092941370211,-16.93618352016015,-26.797903092239476,8769.816855460103,-8769.816855460103,17539.633710920207,0.35079267421840415,1.0
5.609999999999604,0.22155131840767947,0.24650055386883143,3.159333875026939,11.81132007975836,-16.73808309068032,-27.15329901857393,8380.025471956995,-8380.025471956995,16760.05094391399,0.3352010188782798,1.0
5.619999999999603,0.221550029343836,1.1084065059182266,4.0430041338827305,12.476158504138485,-16.24542851047235,-27.048104558787234,8208.816718190674,-8208.816718190674,16417.633436381348,0.328352668727627,0.7760331982724583
5.629999999999602,0.22154860947902125,1.9596342415469996,4.868399841903552,12.955934586376177,-15.478366207219727,-26.505337807962658,8008.336058702621,-8008.336058702621,16016.672117405242,0.32033344234810485,0.4772910770340062
5.639999999999601,0.22154714536308812,2.7992316542934876,5.634958616391979,13.252816754390679,-14.464569695066892,-25.557303151190236,7538.933985393159,-7538.933985393159,15077.867970786318,0.30155735941572637,0.1718835055700953
5.6499999999996,0.2215457097512807,3.623933110465857,6.340187705954095,13.368872980444792,-13.23563554553807,-24.24032545211655,6632.266735312704,-6632.266735312704,13264.533470625409,0.2652906694125082,-0.13162596007310326
5.659999999999599,0.22154436296353333,4.4267028492279605,6.978312665633778,13.305169076456435,-11.823715211217326,-22.590162789466895,5188.2249056973415,-5188.2249056973415,10376.449811394683,0.20752899622789367,-0.4259310240680247
5.669999999999598,0.2215431528065331,5.1960295696214205,7.539679697267246,13.06144932843173,-10.258935803856504,-20.63896227605434,3169.9111995102357,-3169.9111995102357,6339.8223990204715,0.12679644798040943,-0.7048131108411193
5.6799999999995965,0.22154211352814338,5.915800507170044,8.010706543731478,12.636161544828425,-8.567878919203535,-18.414069781398187,597.3286452242963,-597.3286452242963,1194.6572904485927,0.023893145808971856,-0.9630103284601045
5.689999999999595,0.2215412651639817,6.565661529628391,8.374271354311691,12.026711612444968,-6.773170168966056,-15.93862294508178,-2407.1347196389293,2407.1347196389293,-4814.2694392778585,-0.09628538878555717,-1.0
5.699999999999594,0.22154061382013662,7.122474472093865,8.61115033634784,11.230466979301916,-4.894481375882117,-13.234215499395459,-5536.42633465757,5536.42633465757,-11072.85266931514,-0.2214570533863028,-1.0
5.709999999999593,0.22154015341323216,7.563142876105409,8.702727001666481,10.246604861345396,-2.9513808442418683,-10.325745281680103,-8514.786175864429,8514.786175864429,-17029.572351728857,-0.34059144703457717,-1.0
5.719999999999592,0.221539871110663,7.867218461547317,8.633450342037843,9.077707790553173,-0.9660258346893802,-7.245329388117571,-11134.525442578928,11134.525442578928,-22269.050885157856,-0.44538101770315713,-1.0
5.729999999999591,0.22153974985088626,8.019663499384025,8.393777339598042,7.7324499156114515,1.0372363360121266,-4.032010388645966,-13251.72989816743,13251.72989816743,-26503.45979633486,-0.5300691959266972,-1.0
5.73999999999959,0.22153978162895058,8.01303747016088,7.982854762862815,6.228578750844975,3.0342762622621184,-0.7286228956742988,-14786.929859781003,14786.929859781003,-29573.859719562006,-0.5914771943912401,-1.0
5.749999999999589,0.2215399481268289,7.848648712794924,7.4097760027754935,4.594221384296355,5.003332892336866,2.6226015403888105,-15724.292123218223,15724.292123218223,-31448.584246436447,-0.628971684928729,-1.0
5.759999999999588,0.22154020034839852,7.534255279025331,6.690422209244202,2.8633890459242535,6.920007924101933,5.972974490174282,-16094.849041180472,16094.849041180472,-32189.698082360945,-0.6437939616472189,-1.0
5.769999999999587,0.22154051627070243,7.083209752961703,5.8463304000475045,1.074560744926957,8.757939526683737,9.270038300632729,-15965.048480234296,15965.048480234296,-31930.096960468592,-0.6386019392093719,-1.0
5.7799999999995855,0.22154091464874948,6.513084456880748,4.902893722679952,-0.7315961016378644,10.488612561055874,12.458272121762759,-15427.516699525828,15427.516699525828,-30855.033399051656,-0.6171006679810331,-1.0
5.789999999999584,0.22154141668036495,5.84372173233701,3.8869853587741403,-2.515124664570571,12.080535508029978,15.478165499613997,-14588.586031253071,14588.586031253071,-29177.172062506143,-0.5835434412501229,-1.0
5.799999999999583,0.22154203003267056,5.095520026788014,2.8249736023170904,-4.239044543601071,13.499534409777318,18.266830697603872,-13557.558168320766,13557.558168320766,-27115.11633664153,-0.5423023267328306,-1.0
5.809999999999582,0.22154273466246371,4.288176895573637,1.7413784249670383,-5.870681960517062,14.710470756660538,20.76078493586891,-12439.157597448488,12439.157597448488,-24878.315194896975,-0.49756630389793954,-1.0
5.819999999999581,0.22154347747701053,3.439806781143154,0.658049927546531,-7.3822421292899,15.679990051181658,22.900468542098704,-11328.713143232726,11328.713143232726,-22657.426286465452,-0.4531485257293091,-1.0
5.82999999999958,0.22154417722296013,2.56632338605139,-0.40630205739956915,-8.750888862538352,16.379711582843736,24.635665533424568,-10309.252989414112,10309.252989414112,-20618.505978828223,-0.4123701195765645,-1.0
5.839999999999579,0.22154473642872227,1.6809821014306379,-1.4364267220986473,-9.95872749967765,16.788848399211446,25.92944124270968,-9449.588430105532,9449.588430105532,-18899.176860211064,-0.3779835372042213,-1.0
5.849999999999578,0.22154505526415186,0.7940254763397552,-2.420771077670965,-10.992801055123211,16.895954589597988,26.760017000574475,-8802.83126610185,8802.83126610185,-17605.6625322037,-0.352113250644074,-1.0
5.859999999999577,0.22154504264718958,-0.0875439982134011,-3.3515970150763494,-11.845011720679121,16.69998097680986,27.121292256415444,-8405.489572580116,8405.489572580116,-16810.979145160232,-0.3362195829032047,-1.0
5.869999999999576,0.22154462288862758,-0.9600449051046506,-4.224957769704369,-12.511939159682118,16.210695767523706,27.02240190247102,-8225.318009819855,8225.318009819855,-16450.63601963971,-0.3290127203927942,-0.7760331936618743
5.8799999999995745,0.22154373853058695,-1.8223465220220971,-5.03983363807851,-12.9939807174455,15.448013057662447,26.485969551944827,-8014.904559684432,8014.904559684432,-16029.809119368863,-0.3205961823873773,-0.477291072579056
5.889999999999573,0.2215423511452303,-2.6733697386954525,-5.795589167892878,-13.293206523089987,14.439334702120927,25.54393133925785,-7535.070292877555,7535.070292877555,-15070.14058575511,-0.30140281171510225,-0.17188350135495584
5.899999999999572,0.2215404419540229,-3.5097195364511764,-6.489656702849418,-13.411582666050682,13.215962793633079,24.232288204215134,-6617.955917570653,6617.955917570653,-13235.911835141305,-0.2647182367028261,0.13162596399570772
5.909999999999571,0.2215380128715068,-4.324231797168051,-7.116188539265549,-13.350072033943167,11.809748025081843,22.586532398999346,-5163.935871293948,5163.935871293948,-10327.871742587897,-0.20655743485175795,0.4259310276693315
5.91999999999957,0.22153508736782376,-5.1052718257336895,-7.665463513022381,-13.108318553061455,10.250525712106953,20.638612334510977,-3136.578553915257,3136.578553915257,-6273.157107830514,-0.12546314215661028,0.704813114110089
5.929999999999569,0.2215317102015338,-5.836612821362539,-8.123842729761309,-12.684676712291136,8.56460835735868,18.4157477373491,-556.3140026282069,556.3140026282069,-1112.6280052564139,-0.02225256010512828,0.9630103313985935
5.939999999999568,0.2215279450360317,-6.4978002740829615,-8.474163148398006,-12.07647068759113,6.774387538787096,15.941025612688945,2454.10227873359,-2454.10227873359,4908.20455746718,0.09816409114934362,1.0
5.949999999999567,0.22152386985592792,-7.065613065433507,-8.697179281709102,-11.281001868123496,4.899346883618581,13.236065347238359,5587.328643588871,-5587.328643588871,11174.657287177743,0.22349314574355486,1.0
5.959999999999566,0.22151956976842296,-7.51689133330637,-8.774273940280327,-10.297398236793,2.9589228652241,10.325863712885775,8567.404094661188,-8567.404094661188,17134.808189322375,0.3426961637864475,1.0
5.9699999999995645,0.22151512686465935,-7.83114894687292,-8.689922892169387,-9.128217730931297,0.9751952285686529,7.242693521179317,11186.548240965523,-11186.548240965523,22373.096481931047,0.44746192963862097,1.0
5.979999999999563,0.22151062494694554,-7.993345034008381,-8.43464958864926,-7.782151764774316,-1.0275306990284714,4.025774747496458,13300.919570800317,-13300.919570800317,26601.839141600634,0.5320367828320127,1.0
5.989999999999562,0.22150623137433276,-7.996216714561467,-8.007919251294961,-6.27732300772125,-3.025616804271853,0.7173251650230841,14831.930142864023,-14831.930142864023,29663.860285728046,0.593277205714561,1.0
5.999999999999561,0.22150213035851177,-7.8410065206388975,-7.4187894293724534,-4.64170586195942,-4.996894357452064,-2.6395787952329437,15764.082473291099,-15764.082473291099,31528.164946582197,0.630563298931644,1.0
6.00999999999956,0.22149836682084298,-7.535427047166732,-6.68312958782818,-2.909189934224804,-6.916536881313598,-5.995471420775561,16127.76185986395,-16127.76185986395,32255.5237197279,0.645110474394558,1.0
6.019999999999559,0.2214949596473077,-7.092922924794641,-5.822651591935155,-1.118398251712393,-8.758101797302283,-9.297778107686215,15990.001982598753,-15990.001982598753,31980.003965197506,0.6396000793039501,1.0
6.029999999999558,0.22149196395569382,-6.5311613804525495,-4.862920635221258,0.689865976641454,-10.49293704632065,-12.490833558240054,15444.023957552288,-15444.023957552288,30888.047915104577,0.6177609583020915,1.0
6.039999999999557,0.22148940211612111,-5.8700716582931936,-3.8309663939590717,2.4755332210371743,-12.089354612591656,-15.514943428726198,14596.702106679395,-14596.702106679395,29193.40421335879,0.5838680842671758,1.0
6.049999999999556,0.22148727366700904,-5.130125899109717,-2.753293264416437,4.201537116768132,-13.512938697665598,-18.307011709248417,13557.798862503569,-13557.798862503569,27115.597725007137,0.5423119545001428,1.0
6.059999999999555,0.22148557053123355,-4.3310806174285235,-1.6545370333601157,5.835141258479242,-14.728289057735193,-20.80335596420401,12432.415122566113,-12432.415122566113,24864.830245132227,0.4972966049026446,1.0
6.0699999999995535,0.22148428979114226,-3.491094242319619,-0.5566448607851585,7.348506288519616,-15.70179742436645,-22.944262963536342,11316.17762356843,-11316.17762356843,22632.35524713686,0.45264710494273724,1.0
6.079999999999552,0.22148343882988866,-2.62610959754476,0.5215937534438075,8.718765241611294,-16.40486070886154,-24.67943809565203,10292.340618741511,-10292.340618741511,20584.681237483022,0.4116936247496605,1.0
6.089999999999551,0.22148303268029196,-1.7493956936699706,1.5648657923855254,9.92800534734559,-16.81651444947546,-25.971949585886144,9429.870457304793,-9429.870457304793,18859.740914609585,0.37719481829219176,1.0
6.09999999999955,0.22148308775435743,-0.8711926054271524,2.5615737575683544,10.963264141350198,-16.92518701788666,-26.800096322783975,8781.960918541477,-8781.960918541477,17563.921837082955,0.35127843674165915,1.0
6.109999999999549,0.2214836158859522,0.001515693616815156,3.503952317302458,11.816450670471863,-16.729758362443444,-27.15791659849616,8385.129523245643,-8385.129523245643,16770.259046491286,0.33540518092982574,1.0
6.119999999999548,0.22148462014250714,0.8650819115835592,4.388043918773508,12.484163121128399,-16.239981122018534,-27.05473028066515,8207.070377288475,-8207.070377288475,16414.14075457695,0.32828281509153906,0.7760331956127621
6.129999999999547,0.22148609260809918,1.7184243957400118,5.2128334910611045,12.96682818576045,-15.475807480827617,-26.513377974904373,8000.244528570949,-8000.244528570949,16000.489057141898,0.320009781142838,0.4772910744641623
6.139999999999546,0.22148801341248628,2.5605271946953487,5.977704639248721,13.266555414825273,-14.464727010169911,-25.56603197075932,7525.283724393973,-7525.283724393973,15050.567448787946,0.30101134897575893,0.17188350313867395
6.149999999999545,0.2214903500980522,3.3880713560993105,6.680122150617407,13.385359744461036,-13.238172682593985,-24.248936440409874,6614.081448513037,-6614.081448513037,13228.162897026074,0.2645632579405215,-0.13162596233573534
6.159999999999544,0.22149305736635114,4.193979860134613,7.314282703679722,13.324261315175308,-11.82816106813455,-22.597823147722867,5166.7135407213445,-5166.7135407213445,10333.427081442689,0.20666854162885379,-0.42593102614525
6.1699999999995425,0.2214960778042264,4.966713208148009,7.870519175860364,13.082967826205783,-10.264719164033488,-20.644866876737566,3146.408991498146,-3146.408991498146,6292.817982996292,0.12585635965992584,-0.704813112726648
6.179999999999541,0.221499343820888,5.6901438967518825,8.335253165172348,12.659901234219895,-8.574366894099157,-18.417491823819695,573.2329239424732,-573.2329239424732,1146.4658478849465,0.022929316957698932,-0.9630103301549674
6.18999999999954,0.22150278076200472,6.343916533671771,8.691385081887207,12.052453818295811,-6.779707959423184,-15.938959246469608,-2430.4320740101844,2430.4320740101844,-4860.864148020369,-0.09721728296040738,-1.0
6.199999999999539,0.2215063111865122,6.9049048197929705,8.919732223143715,11.257992476903668,-4.900431766103411,-13.23102537361358,-5557.608614175861,5557.608614175861,-11115.217228351721,-0.22230434456703443,-1.0
6.209999999999538,0.22150986065505146,7.350034289360867,9.00173456087398,10.27570339184168,-2.9561644517977146,-10.318778332056214,-8532.66827028599,8532.66827028599,-17065.33654057198,-0.34130673081143964,-1.0
6.219999999999537,0.2215133646460154,7.658893367982295,8.921918492964547,9.108195854218799,-0.9691443361069905,-7.234526794810406,-11148.12356168773,11148.12356168773,-22296.24712337546,-0.4459249424675092,-1.0
6.229999999999536,0.22151676498918904,7.81650143516121,8.670847955992198,7.764202795127047,1.0362039119347324,-4.017469901010813,-13260.376017770275,13260.376017770275,-26520.75203554055,-0.530415040710811,-1.0
6.239999999999535,0.22151991500340037,7.815554624879359,8.247900388609136,6.261706890198087,3.035909942090047,-0.71017728133378,-14790.663847410817,14790.663847410817,-29581.327694821633,-0.5916265538964327,-1.0
6.249999999999534,0.2215226675571899,7.657370486277224,7.662224281204609,4.62881071233608,5.00795765499405,2.644720871076669,-15723.569127418965,15723.569127418965,-31447.13825483793,-0.6289427650967586,-1.0
6.259999999999533,0.2215250570940438,7.349702498221785,6.929747143862666,2.899491359549787,6.927681993196819,5.998169608508336,-16089.973493595957,16089.973493595957,-32179.946987191914,-0.6435989397438383,-1.0
6.2699999999995315,0.2215271178162243,6.905941314501161,6.072120824139407,1.1122971662340886,8.768625490328613,9.297665940867946,-15956.661256094068,15956.661256094068,-31913.322512188137,-0.6382664502437628,-1.0
6.27999999999953,0.221528801746347,6.343678129875601,5.114830803643157,-0.6920634276100757,10.502156714527075,12.487632917686817,-15416.49775991733,15416.49775991733,-30832.99551983466,-0.6166599103966933,-1.0
6.289999999999529,0.2215300915364001,5.682754878021602,4.084819527515678,-2.4736204566084474,12.096657087387541,15.50850252712814,-14575.950976652159,14575.950976652159,-29151.901953304317,-0.5830380390660864,-1.0
6.299999999999528,0.2215310010829299,4.943552839922161,3.008505292105707,-4.195401850101536,13.517832254990104,18.29735016518202,-13544.369531599972,13544.369531599972,-27088.739063199944,-0.5417747812639989,-1.0
6.309999999999527,0.22153156743199112,4.145738640556454,1.9104434437903985,-5.8247564393867775,14.73044653135248,20.790697865360357,-12426.456247800337,12426.456247800337,-24852.912495600674,-0.49705824991201353,-1.0
6.319999999999526,0.22153183929101056,3.30738458808916,0.8125087029885402,-7.333920498660467,15.701083635709052,22.929047934990653,-11317.467032893552,11317.467032893552,-22634.934065787103,-0.4526986813157421,-1.0
6.329999999999525,0.22153186819639914,2.4443528951640343,-0.2665726947628119,-8.700093677901107,16.401342381122415,24.662309869602563,-10300.31838362016,10300.31838362016,-20600.63676724032,-0.4120127353448065,-1.0
6.339999999999524,0.22153170421914162,1.5698400683410378,-1.3115401831205014,-9.905421240786758,16.8104523266842,25.953719422195817,-9443.678477873562,9443.678477873562,-18887.356955747124,-0.3777471391149425,-1.0
6.349999999999523,0.22153139473565722,0.6940248051259518,-2.3108357025796935,-10.936989346633398,16.917014517931005,26.781690867178536,-8800.493295385053,8800.493295385053,-17600.986590770106,-0.35201973181540214,-1.0
6.359999999999522,0.2215309850228695,-0.17615679147449217,-3.256718608344532,-11.786745190790127,16.72005076305698,27.14032021623451,-8407.092103758374,8407.092103758374,-16814.184207516748,-0.336283684150335,-1.0
6.3699999999995205,0.22153051960764547,-1.0370900474282156,-4.145240084402322,-12.451313844955635,16.229418009987366,27.038927466378478,-8231.047181298105,8231.047181298105,-16462.09436259621,-0.3292418872519242,-0.7760331947889147
6.379999999999519,0.221530043295468,-1.8877096687096229,-4.975377209978791,-12.931137274160392,15.465130632812027,26.50029868966542,-8024.768217804503,8024.768217804503,-16049.536435609007,-0.32099072871218015,-0.47729107366817114
6.389999999999518,0.2215296012618204,-2.726999545761763,-5.746489017532192,-13.228328736010678,14.454695840672507,25.55650152170104,-7548.907322429604,7548.907322429604,-15097.814644859209,-0.3019562928971842,-0.1718835023855524
6.399999999999517,0.2215292378636262,-3.551624493456951,-6.455999261547713,-13.34489557681803,13.229519614814624,24.243631365871238,-6635.448904403422,6635.448904403422,-13270.897808806843,-0.2654179561761369,0.13162596303653126
6.409999999999516,0.22152899414019403,-4.354476415640928,-7.098047816742063,-13.28183948928031,11.8215493086781,22.597234710941578,-5184.6267456296955,5184.6267456296955,-10369.253491259391,-0.20738506982518784,0.4259310267886449
6.419999999999515,0.22152890456090474,-5.123972111262605,-7.6628963921885775,-13.038839766652872,10.260705094425397,20.649273650923902,-3159.887858794489,3159.887858794489,-6319.775717588978,-0.12639551435177956,0.7048131133106221
6.429999999999514,0.22152899417085883,-5.843931001898721,-8.136883445314648,-12.614281680441541,8.573368923860981,18.426942668798535,-581.5641054551833,581.5641054551833,-1163.1282109103665,-0.023262564218207334,0.9630103306799228
6.439999999999513,0.2215292772946589,-6.493938920913726,-8.502817211592523,-12.005514595823188,6.781983476107555,15.953267269541337,2427.6607570736123,-2427.6607570736123,4855.321514147225,0.0971064302829445,1.0
6.449999999999512,0.22152975778412823,-7.050808830441113,-8.741417168298,-11.209858851002496,4.906062835555795,13.24977241203684,5560.488102484911,-5560.488102484911,11120.976204969822,0.22241952409939647,1.0
6.459999999999511,0.2215304304911313,-7.491408998535263,-8.83402591645212,-10.226456293331001,2.965050905228505,10.341333184550816,8540.97411617802,-8540.97411617802,17081.94823235604,0.34163896464712085,1.0
6.4699999999995095,0.2215312838514953,-7.795272134791584,-8.76507016805032,-9.05786868657916,0.9810186205922126,7.260088882081119,11161.31954311856,-11161.31954311856,22322.63908623712,0.4464527817247424,1.0
6.479999999999508,0.221532298625737,-7.947360923548118,-8.525007169419359,-7.712768650672884,-1.0217354343577827,4.045143366061526,13277.590603572418,-13277.590603572418,26555.181207144837,0.5311036241428968,1.0
6.489999999999507,0.2215334598299923,-7.940281907505922,-8.113047876061703,-6.208981274727844,-3.019181250499391,0.7392811437469957,14810.512899505316,-14810.512899505316,29621.025799010633,0.5924205159802127,1.0
6.499999999999506,0.2215347370149834,-7.77535883287817,-7.53830050952007,-4.574624998687708,-4.989458120050227,-2.61501610229837,15744.414346224316,-15744.414346224316,31488.82869244863,0.6297765738489727,1.0
6.509999999999505,0.22153606149364663,-7.4603810850910754,-6.8166818901895265,-2.843720828693543,-6.908036797412009,-5.968801708488796,16110.366098024251,-16110.366098024251,32220.732196048502,0.6444146439209701,1.0
6.519999999999504,0.22153737910018312,-7.008768920638731,-5.969814141591751,-1.0548192841516415,-8.748468405976176,-9.269474441582341,15975.14566069299,-15975.14566069299,31950.29132138598,0.6390058264277196,1.0
6.529999999999503,0.22153866392384727,-6.438168349385779,-5.023182385343521,0.7513375353755671,-10.482118020777312,-12.461354410168033,15431.743747805287,-15431.743747805287,30863.487495610574,0.6172697499122115,1.0
6.539999999999502,0.2215398867624808,-5.768494341800104,-4.003750052298451,2.5347242548582685,-12.077341834171994,-15.484754315605654,14586.853067868888,-14586.853067868888,29173.706135737775,0.5834741227147555,1.0
6.549999999999501,0.221541009887454,-5.020212332547879,-2.9379689162585865,4.258302678170036,-13.499789121192658,-18.276600839283386,13550.106883078999,-13550.106883078999,27100.213766157998,0.54200427532316,1.0
6.5599999999995,0.22154198604004469,-4.213078462474502,-1.8504332289772534,5.88935315309287,-14.714133569565798,-20.773233684951563,12426.520121778583,-12426.520121778583,24853.040243557167,0.4970608048711434,1.0
6.5699999999994985,0.22154276212180019,-3.3652554479902403,-0.7630567069752476,7.400047252750039,-15.686835511108374,-22.914938219341128,11311.663717222938,-11311.663717222938,22623.327434445877,0.45246654868891756,1.0
6.579999999999497,0.22154328475121665,-2.4926937677186034,0.3053984902949439,8.767526420004135,-16.389346669734778,-24.651385740205075,10288.755995071358,-10288.755995071358,20577.511990142717,0.4115502398028544,1.0
6.589999999999496,0.2215435054646816,-1.6086732196510234,1.3396410223668946,9.97388398764446,-16.800742653454407,-25.94558773089274,9426.744979100027,-9426.744979100027,18853.489958200054,0.37706979916400113,1.0
6.599999999999495,0.22154338400458087,-0.7234477449303994,2.328089951946225,11.00616189237905,-16.90947569182904,-26.775769613821645,8778.822504543863,-8778.822504543863,17557.645009087726,0.35115290018175455,1.0
6.609999999999494,0.2215428891184252,0.1559817272290596,3.262991917189184,11.856272379222881,-16.714432714747872,-27.135885203649654,8381.51908657311,-8381.51908657311,16763.03817314622,0.3352607634629244,1.0
6.619999999999493,0.221541997816599,1.0259476220883306,4.140396966771464,12.520815773389891,-16.225356799033424,-27.035164499140272,8202.55657777327,-8202.55657777327,16405.11315554654,0.3281022631109308,0.7760331951384352
6.629999999999492,0.2215406943587917,1.8853443322588928,4.959293198702235,13.000219705255798,-15.46217514989129,-26.49635757243342,7994.439364502993,-7994.439364502993,15988.878729005986,0.31977757458011974,0.47729107400598175
6.639999999999491,0.22153897017689694,2.7331280223567527,5.719062740335758,13.296593153164896,-14.452338862271617,-25.551549470381616,7517.859314633119,-7517.859314633119,15035.718629266237,0.3007143725853248,0.17188350270523448
6.64999999999949,0.22153682553618373,3.5659479640818366,6.417164098558549,13.411948730713188,-13.22723140616036,-24.236903582698474,6604.787432112899,-6604.787432112899,13209.574864225799,0.264191497284516,-0.1316259627390145
6.6599999999994886,0.2215342724677365,4.376692039889717,7.047782976335551,13.347302617643836,-11.818811432102828,-22.58807940019922,5155.39341042312,-5155.39341042312,10310.78682084624,0.20621573641692484,-0.42593102651543335
6.6699999999994874,0.22153133752576998,5.1537835483691055,7.6012370643894,13.10235746546704,-10.257042309677589,-20.637189282697392,3133.0130245501173,-3133.0130245501173,6266.026049100235,0.1253205209820047,-0.7048131130626262
6.679999999999486,0.22152806282082327,5.881057401316147,8.063929361432441,12.675529928119085,-8.568377686368681,-18.41160626851369,557.8256569615735,-557.8256569615735,1115.651313923147,0.02231302627846294,-0.9630103304569574
6.689999999999485,0.22152450415799615,6.5381219167417,8.418739007337253,12.06420739589001,-6.77535600068085,-15.934553415895635,-2447.6700384091973,2447.6700384091973,-4895.340076818395,-0.0979068015363679,-1.0
6.699999999999484,0.22152072637849649,7.101817155520297,8.646460068374287,11.265752816538098,-4.897606133510766,-13.227763285817868,-5576.383046757287,5576.383046757287,-11152.766093514574,-0.2230553218702915,-1.0
6.709999999999483,0.22151679623086637,7.5490394629507165,8.728508877314422,10.279350680572405,-2.954701443751975,-10.316317801697005,-8552.581377846273,8552.581377846273,-17105.162755692545,-0.3421032551138509,-1.0
6.719999999999482,0.22151277387555465,7.859351604430366,8.649386585034751,9.1076085367483,-0.9688424793157508,-7.2325428582209295,-11168.681143636983,11168.681143636983,-22337.362287273965,-0.44674724574547936,-1.0
6.729999999999481,0.22150871813477133,8.017751247321996,8.399630568287257,7.759256779931522,1.0355647038693065,-4.015679636535383,-13280.991336176834,13280.991336176834,-26561.982672353668,-0.5312396534470734,-1.0
6.73999999999948,0.22150476391332427,8.0169568561526,7.978641672692102,6.252348822017655,3.034660289195984,-0.7081754944663243,-14810.823969850519,14810.823969850519,-29621.647939701037,-0.5924329587940208,-1.0
6.749999999999479,0.22150106278830978,7.8582595964300515,7.395512515425741,4.6149415014685,5.00633653288743,2.64712953771084,-15742.72168454268,15742.72168454268,-31485.44336908536,-0.6297088673817072,-1.0
6.7599999999994775,0.22149764068590758,7.549404290415322,6.666128182851998,2.880984218259176,6.925842964925139,6.001002246191378,-16107.353115108628,16107.353115108628,-32214.706230217256,-0.6442941246043452,-1.0
6.769999999999476,0.22149451380062182,7.10381607064954,5.8121482768586965,1.08906743799941,8.766722031541313,9.300921202631018,-15971.614783097448,15971.614783097448,-31943.229566194896,-0.638864591323898,-1.0
6.779999999999475,0.22149175020089945,6.539130677509826,4.859074072275682,-0.7200493192442874,10.500336420960787,12.491295733161165,-15428.53192465555,15428.53192465555,-30857.0638493111,-0.617141276986222,-1.0
6.789999999999474,0.22148939860693323,5.875238878858435,3.833865876362909,-2.5063437870244716,12.095047762870712,15.51253420242599,-14584.751116159285,14584.751116159285,-29169.50223231857,-0.5833900446463715,-1.0
6.799999999999473,0.2214874918445864,5.132571491543169,2.7629579338551378,-4.232795339817344,13.516524455391375,18.301670402316162,-13549.797619167724,13549.797619167724,-27099.59523833545,-0.541991904766709,-1.0
6.809999999999472,0.22148605177893768,4.330843605786228,1.6709177537682645,-5.866709713545083,14.72947844620319,20.7951685458951,-12428.539091163842,12428.539091163842,-24857.078182327685,-0.49714156364655376,-1.0
6.819999999999471,0.22148509181235468,3.488174057750248,0.5796277400958859,-7.380285382975457,15.700432138881338,22.933465660003208,-11316.380871100211,11316.380871100211,-22632.761742200422,-0.4526552348440085,-1.0
6.82999999999947,0.22148461588611393,2.620469352877871,-0.4921827264093263,-8.750688883183324,16.40092050575833,24.666405450650792,-10296.373043153228,10296.373043153228,-20592.746086306455,-0.41185492172612914,-1.0
6.839999999999469,0.22148461597776672,1.7409668361209634,-1.5292551005846493,-9.960036786153935,16.81011315995042,25.957165485363948,-9437.29914291517,9437.29914291517,-18874.59828583034,-0.3774919657166068,-1.0
6.849999999999468,0.22148507117326388,0.8598809713787124,-2.5200394226366662,-10.995390999163737,16.91656083758767,26.78411775087777,-8792.197149696567,8792.197149696567,-17584.394299393134,-0.3516878859878627,-1.0
6.8599999999994665,0.22148594877984262,-0.015822746195494196,-3.456809951621035,-11.848679044816128,16.719248835506964,27.14133689793438,-8397.46083076097,8397.46083076097,-16794.92166152194,-0.33589843323043883,-1.0
6.869999999999465,0.22148720648644482,-0.8825076841842848,-4.335640227626644,-12.516511162097622,16.228014075236377,27.038145059876353,-8220.695770013093,8220.695770013093,-16441.391540026187,-0.32882783080052375,-0.7760331949917749
6.879999999999464,0.22148879485054143,-1.7390946482561167,-5.155537590375436,-12.999319561510472,15.462868767730228,26.497354721819143,-8014.311191031604,8014.311191031604,-16028.622382063208,-0.3205724476412642,-0.4772910738643065
6.889999999999463,0.22149065942667534,-2.5845617190185557,-5.91589932600679,-13.299212818497484,14.451336121589858,25.55108370101536,-7538.924302493766,7538.924302493766,-15077.848604987532,-0.3015569720997507,-0.1718835025712616
6.899999999999462,0.22149274220724516,-3.415575385942947,-6.614195077666007,-13.418198324446992,13.22485570491233,24.235499948026828,-6626.451878985875,6626.451878985875,-13252.90375797175,-0.265058075159435,0.1316259628636471
6.909999999999461,0.22149498281276137,-4.22503545075104,-7.244617442440189,-13.357281949295018,11.815424480560601,22.5862423042022,-5177.031362436844,5177.031362436844,-10354.062724873687,-0.20708125449747378,0.42593102662985255
6.91999999999946,0.22149732004348197,-5.001370938067719,-7.797486388023384,-13.116150442163553,10.253025672150327,20.635381049299124,-3153.991105667156,3153.991105667156,-6307.982211334312,-0.12615964422668624,0.704813113166436
6.929999999999459,0.2214996939896654,-5.728415438921538,-8.259202350550638,-12.693198638332854,8.564114270887003,18.410229375164878,-577.5306298895119,577.5306298895119,-1155.0612597790239,-0.02310122519558048,0.9630103305502898
6.939999999999458,0.22150204867819132,-6.385768526110736,-8.6126373156679,-12.085786409841335,6.771211846285523,15.933936047295155,2429.802906934132,-2429.802906934132,4859.605813868264,0.09719211627736528,1.0
6.949999999999457,0.22150433519588372,-6.950254442045548,-8.838574408394024,-11.29124437499045,4.893912877099667,13.228147904560979,5560.843765710196,-5560.843765710196,11121.687531420392,0.22243375062840784,1.0
6.9599999999994555,0.22150651521366707,-7.398747889027112,-8.918416781605696,-10.308721770600428,2.951739389512581,10.317851631135243,8539.764775121166,-8539.764775121166,17079.529550242332,0.3415905910048467,1.0
6.969999999999454,0.22150856413551806,-7.710786449012844,-8.83665252561254,-9.140790979164894,0.9668235919811422,7.2352681305685556,11158.87696881815,-11158.87696881815,22317.7539376363,0.446355078752726,1.0
6.979999999999453,0.22151046812286612,-7.871340960915953,-8.583808256090478,-7.7961504039774026,-1.0365128286215624,4.019525072595905,13274.385808856634,-13274.385808856634,26548.771617713268,0.5309754323542654,1.0
6.989999999999452,0.221512167721353,-7.873097322203141,-8.159274406078785,-6.292822637007946,-3.034500824481574,0.7129637843712452,14807.49309765863,-14807.49309765863,29614.98619531726,0.5922997239063452,1.0
6.999999999999451,0.22151360751282795,-7.717311403301999,-7.572134575094769,-4.658835357567094,-5.0051254441398765,-2.641672757784258,15742.624888214294,-15742.624888214294,31485.249776428587,0.6297049955285718,1.0
7.00999999999945,0.22151483737041006,-7.4116871377390865,-6.838262851083484,-2.928105798566601,-6.923716872394291,-5.995217799272155,16110.3199451961,-16110.3199451961,32220.6398903922,0.6444127978078441,1.0
7.019999999999449,0.22151590237049557,-6.969606834768756,-5.979308978702908,-1.139193059482734,-8.763885721836376,-9.295189130195268,15977.337190368957,-15977.337190368957,31954.674380737913,0.6390934876147584,1.0
7.029999999999448,0.22151679315758438,-6.408666978220948,-5.020769322297962,0.667170046159993,-10.4970510260229,-12.486014178623885,15436.580217780289,-15436.580217780289,30873.160435560578,0.6174632087112116,1.0
7.039999999999447,0.22151750891599378,-5.74872551024149,-3.9896067336309864,2.450980543348148,-12.091619030148468,-15.508102978588145,14594.604164484528,-14594.604164484528,29189.208328969056,0.5837841665793811,1.0
7.049999999999446,0.22151805798826127,-5.010187565748843,-2.9122661061300774,4.175229024978657,-13.513289484879598,-18.298476507630212,13560.877776861034,-13560.877776861034,27121.75555372207,0.5424351110744414,1.0
7.0599999999994445,0.22151845695857475,-4.212749421359704,-1.8133333898025252,5.807224925485572,-14.726790249132023,-20.79357199425016,12440.24613611558,-12440.24613611558,24880.49227223116,0.4976098454446232,1.0
7.069999999999443,0.2215187297323146,-3.3745173141664293,-0.7147164985889463,7.319163950963827,-15.698642346396305,-22.933785041689244,11328.122841429851,-11328.122841429851,22656.245682859702,0.4531249136571941,1.0
7.079999999999442,0.2215189079946807,-2.511390377484701,0.36482371660561497,8.6882046957146,-16.400361409352875,-24.668905049299898,10307.592205437288,-10307.592205437288,20615.184410874575,0.4123036882174915,1.0
7.089999999999441,0.2215190318493257,-1.636603465577671,1.4099918943804275,9.896451339053998,-16.811081001420227,-25.962046755751516,9447.49491360742,-9447.49491360742,18894.98982721484,0.3778997965442968,1.0
7.09999999999944,0.221519148796239,-0.7603732214583506,2.4091965061374747,10.930949729225754,-16.919300869316725,-26.791514180341668,8800.947321905158,-8800.947321905158,17601.894643810316,0.35203789287620635,1.0
7.109999999999439,0.2215193114907171,0.11032850166400555,3.3546663332117372,11.783608691173283,-16.72394240443539,-27.15131100324725,8404.439621714393,-8404.439621714393,16808.879243428786,0.33617758486857574,1.0
7.119999999999438,0.22151957515268586,0.9718551007771041,4.242426319926417,12.451018029061089,-16.234768286056124,-27.05068671585516,8225.688618722492,-8225.688618722492,16451.377237444984,0.3290275447488997,0.7760331950549268
7.129999999999437,0.22151999477106857,1.823114522136817,5.071432834886447,12.933588481117521,-15.471709431604477,-26.51238069037274,8017.2262991755,-8017.2262991755,16034.452598351,0.32068905196702,0.4772910739254108
7.139999999999436,0.22152062193337274,2.663070134693095,5.841030701059066,13.233406831482656,-14.462204463331162,-25.56843853706031,7539.800195570421,-7539.800195570421,15079.600391140842,0.30159200782281687,0.1718835026291038
7.149999999999435,0.221521500999276,3.488373309888852,6.54863680565494,13.352459325075221,-13.237608858792214,-24.2549582667155,6625.459480001314,-6625.459480001314,13250.918960002628,0.26501837920005256,-0.13162596280974892
7.1599999999994335,0.22152266487678032,4.291910184554142,7.188392250196523,13.291732542979965,-11.829839683067132,-22.607512644757,5174.468893494716,-5174.468893494716,10348.937786989432,0.20697875573978866,-0.4259310265803332
7.169999999999432,0.22152413135295365,5.062099723001292,7.75056861818617,13.050897194573293,-10.268808023214218,-20.658111876771102,3150.2704467510466,-3150.2704467510466,6300.540893502093,0.12601081787004187,-0.7048131131214911
7.179999999999431,0.22152590111417897,5.782771238689595,8.221523050567495,12.628336767402068,-8.580907837019925,-18.43401775871824,573.1545992471289,-573.1545992471289,1146.3091984942578,0.022926183969885158,-0.9630103305098482
7.18999999999943,0.22152795821103574,6.433527611087182,8.58409105401099,12.021405659627547,-6.7886136711717695,-15.958339051080412,-2434.2713379716574,2434.2713379716574,-4868.542675943315,-0.0973708535188663,-1.0
7.199999999999429,0.22153027273692003,6.991205072034728,8.81902723713274,11.227435604990797,-4.911489417927699,-13.252696462910219,-5564.817559174018,5564.817559174018,-11129.635118348036,-0.22259270236696074,-1.0
7.209999999999428,0.22153280540432665,7.432699055617183,8.907714607689591,10.245583608051847,-2.9690455374745253,-10.342068581153217,-8542.67110175273,8542.67110175273,-17085.34220350546,-0.34170684407010926,-1.0
7.219999999999427,0.22153551301168722,7.737573693314929,8.834626184684033,9.078431842293249,-0.9834287956703563,-7.258696649724229,-11160.184262834115,11160.184262834115,-22320.36852566823,-0.4464073705133646,-1.0
7.229999999999426,0.22153834413707785,7.89082775181769,8.590272469299192,7.734681323038481,1.0209869716855562,-4.041773535106718,-13273.60305473282,13273.60305473282,-26547.20610946564,-0.5309441221893129,-1.0
7.239999999999425,0.22154119058874142,7.88511123780152,8.173931435223462,6.2322062984143685,3.0201240932868623,-0.7341171131639131,-14803.878947435847,14803.878947435847,-29607.757894871695,-0.5921551578974339,-1.0
7.249999999999424,0.2215439261188816,7.721776539850108,7.594760064430904,4.5991497361785285,4.992041111154267,2.621710755874134,-15735.533283635794,15735.533283635794,-31471.066567271588,-0.6294213313454318,-1.0
7.2599999999994225,0.22154650043389623,7.408633282659919,6.868716323864053,2.8695505702964845,6.912130825356666,5.976696343151279,-16099.74991317922,16099.74991317922,-32199.49982635844,-0.6439899965271688,-1.0
7.269999999999421,0.22154887203921794,6.959116516114413,6.017460070165355,1.081977851195383,8.75388640263894,9.278208905574816,-15963.423763697554,15963.423763697554,-31926.847527395108,-0.6385369505479022,-1.0
7.27999999999942,0.22155097074006966,6.390875059407508,5.066500639076946,-0.7228217652928505,10.488617282128041,12.470543255277992,-15419.604286481284,15419.604286481284,-30839.20857296257,-0.6167841714592515,-1.0
7.289999999999419,0.2215527432355812,5.723815822124283,4.0428134684398715,-2.504830362847288,12.084632422637721,15.493997995720454,-14574.988118513093,14574.988118513093,-29149.976237026185,-0.5829995247405237,-1.0
7.299999999999418,0.22155415246096438,4.978387293429076,2.97285277940145,-4.227025503735665,13.507549635315677,18.28550666472472,-13539.168848389665,13539.168848389665,-27078.33769677933,-0.5415667539355866,-1.0
7.309999999999417,0.22155517456350352,4.174321674590142,1.881208195949022,-5.856708290550927,14.722032116798264,20.781443509624662,-12417.089329513592,12417.089329513592,-24834.178659027184,-0.49668357318054374,-1.0
7.319999999999416,0.22155579555793972,3.329752335821241,0.7897836787281849,-7.366073682605952,15.694552771596834,22.922158449745933,-11304.22499514784,11304.22499514784,-22608.44999029568,-0.4521689998059137,-1.0
7.329999999999415,0.22155600869826927,2.4605962220016298,-0.2826722127916759,-8.732287990225252,16.396597202383763,24.657412754614775,-10283.681442850013,10283.681442850013,-20567.362885700026,-0.41134725771400055,-1.0
7.339999999999414,0.2215558130642652,1.5800968209803006,-1.320884351983595,-9.93747032634493,16.807291500082922,25.950322270097374,-9424.28185299267,9424.28185299267,-18848.56370598534,-0.3769712741197068,-1.0
7.349999999999413,0.22155521269126066,0.6984706537329388,-2.3132891235417166,-10.968688482146923,16.915149870191748,26.779220114923085,-8779.087718427885,8779.087718427885,-17558.17543685577,-0.35116350873711544,-1.0
7.3599999999994115,0.22155421575646436,-0.1773183186258143,-3.252150115592986,-11.817879683670393,16.719127802183124,27.138161924391166,-8384.500250281604,8384.500250281604,-16769.00050056321,-0.3353800100112642,-1.0
7.36999999999941,0.2215528340633261,-1.043637653876809,-4.133532605854496,-12.481667415689897,16.229039043318032,27.03646688507996,-8208.119123452565,8208.119123452565,-16416.23824690513,-0.32832476493810264,-0.7760331950293656
7.379999999999409,0.22155108302312732,-1.8994139538779706,-4.956437134572141,-12.960499893053735,15.464879439555217,26.49695695311547,-8002.338610342148,8002.338610342148,-16004.677220684296,-0.3200935444136859,-0.4772910739007483
7.389999999999408,0.22154898243603635,-2.7436318859208626,-5.72025473246511,-13.2565036318593,14.454162788080149,25.551768511499052,-7527.7560588046235,7527.7560588046235,-15055.512117609247,-0.301110242352185,-0.17188350260584545
7.399999999999407,0.22154655820830102,-3.572964953143218,-6.422448734152244,-13.371705432095306,13.228325800814108,24.237093631044573,-6616.265998303024,6616.265998303024,-13232.531996606049,-0.264650639932121,0.1316259628313764
7.409999999999406,0.2215438442728387,-4.380320553423468,-7.05720513780718,-13.307131944008823,11.819368176801715,22.588597116316734,-5167.981715645019,5167.981715645019,-10335.963431290038,-0.20671926862580078,0.42593102660012844
7.419999999999405,0.22154088354974388,-5.15413644144542,-7.614837008451801,-13.06249210709785,10.2572803605997,20.638373942354796,-3146.204469335692,3146.204469335692,-6292.408938671384,-0.1258481787734277,0.7048131131394356
7.429999999999404,0.22153772719282677,-5.878256756773934,-8.08173759863147,-12.636204273950304,8.568528173947211,18.413758780061144,-571.1022358236404,571.1022358236404,-1142.2044716472808,-0.02284408943294562,0.9630103305259661
7.439999999999403,0.22153443194301348,-6.5322938469214495,-8.44077121038536,-12.025652686516107,6.775647147276573,15.937917725053996,2434.814377893956,-2434.814377893956,4869.628755787912,0.09739257511575826,1.0
7.4499999999994015,0.22153105592317887,-7.093086860969841,-8.67271227494595,-11.228192336024033,4.898248569220448,13.232510558280502,5564.419567463847,-5564.419567463847,11128.839134927694,0.22257678269855388,1.0
7.4599999999994,0.22152765327649884,-7.537527383213828,-8.758954127751705,-10.242996379044035,2.955873774305629,10.322534928936207,8541.929023543398,-8541.929023543398,17083.858047086796,0.34167716094173595,1.0
7.469999999999399,0.22152426920261456,-7.845168290793343,-8.683969885925817,-9.072655129997909,0.9706830434420048,7.240230792450643,11159.685747133499,-11159.685747133499,22319.371494266998,0.44638742988533997,1.0
7.479999999999398,0.22152094500021283,-8.000989982367418,-8.438260370187496,-7.725870241975307,-1.032955026164852,4.024767161550606,13273.888310875785,-13273.888310875785,26547.77662175157,0.5309555324350315,1.0
7.489999999999397,0.22151779346176695,-7.997641568056342,-8.021116396630301,-6.220556568477618,-3.031059578108561,0.7187928929454072,14805.503889886239,-14805.503889886239,29611.007779772477,0.5922201555954496,1.0
7.499999999999396,0.22151493260227473,-7.836428903744349,-7.441640808843309,-4.584805366184087,-5.001670930652036,-2.63509557637363,15738.934622048577,-15738.934622048577,31477.869244097154,0.6295573848819431,1.0
7.509999999999395,0.22151234596270322,-7.525113547399838,-6.715731754905565,-2.8525998511106616,-6.920180961590615,-5.987876675055765,16105.059866604279,-16105.059866604279,32210.119733208558,0.6442023946641712,1.0
7.519999999999394,0.2215100206586944,-7.077102751736761,-5.865013703866465,-1.0624905421778104,-8.760154368034573,-9.287026664831838,15970.642687121279,-15970.642687121279,31941.285374242558,0.6388257074848512,1.0
7.529999999999393,0.2215080116448376,-6.510020540714168,-4.914961874186074,0.7447926806770354,-10.492982053636212,-12.476955203893816,15428.609215931006,-15428.609215931006,30857.218431862013,0.6171443686372403,1.0
7.539999999999392,0.22150635750856215,-5.843752883278003,-3.892520218111053,2.529246061795622,-12.087058332420412,-15.498073801837435,14585.546744506308,-14585.546744506308,29171.093489012615,0.5834218697802523,1.0
7.5499999999993905,0.22150507722852472,-5.098731951505972,-2.8241149750948202,4.253858366820458,-13.508083681677173,-18.287416460187018,13550.956897953352,-13550.956897953352,27101.913795906705,0.5420382759181341,1.0
7.559999999999389,0.2215041699779564,-4.294679036586243,-1.7343120349799441,5.885938495578265,-14.720795737603837,-20.781437468127248,12429.711139485733,-12429.711139485733,24859.422278971466,0.49718844557942937,1.0
7.569999999999388,0.22150361685345085,-3.449722749228867,-0.6449967223033426,7.397684668239017,-15.691730991967246,-22.92054601315804,11317.237875429362,-11317.237875429362,22634.475750858724,0.4526895150171745,1.0
7.579999999999387,0.2215033830667418,-2.5797819262605084,0.42509549495738863,8.766261666758398,-16.392424206591105,-24.65453656338516,10296.622832404695,-10296.622832404695,20593.24566480939,0.41186491329618785,1.0
7.589999999999386,0.22150342078033916,-1.6981082031633483,1.4606974131812989,9.97378300994429,-16.80203253388809,-25.946524526615786,9436.69491450689,-9436.69491450689,18873.38982901378,0.3774677965802756,1.0
7.599999999999385,0.22150367326369677,-0.8149317194598926,2.4502485256003803,11.007306643548732,-16.90908410733685,-26.7748142700942,8790.544769906051,-8790.544769906051,17581.089539812103,0.35162179079624206,1.0
7.609999999999384,0.22150407924887988,0.06276553842684744,3.386011399982503,11.85875580612484,-16.712533320639764,-27.133412739413185,8394.623177848413,-8394.623177848413,16789.246355696825,0.33578492711393654,1.0
7.619999999999383,0.22150457646183794,0.931330051447733,4.264047308597133,12.52473658490148,-16.222179836547486,-27.031578362759,8216.594727724018,-8216.594727724018,16433.189455448035,0.3286637891089607,0.7760331950413234
7.629999999999382,0.2215051042823018,1.789665620117617,5.083351091171897,13.005677419618836,-15.457994359899113,-26.49206686351732,8008.928142712803,-8008.928142712803,16017.856285425605,0.3203571257085121,0.47729107391236497
7.639999999999381,0.22150560580286888,2.6367334171338466,5.843307490502918,13.303683578266583,-14.447456646703195,-25.546948411495137,7532.299730608386,-7532.299730608386,15064.599461216772,0.3012919892243355,0.17188350261686422
7.6499999999993795,0.22150602974331185,3.469183390157811,6.5413737315668925,13.420759677468794,-13.221963171727452,-24.232353895405208,6618.684130647062,-6618.684130647062,13237.368261294125,0.2647473652258825,-0.13162596282105266
7.659999999999378,0.22150633256650223,4.279899603027723,7.171730397690462,13.357909575530373,-11.813470185013413,-22.58389626941267,5168.273998270479,-5168.273998270479,10336.547996540958,0.20673095993081916,-0.42593102659064364
7.669999999999377,0.22150648067215387,5.057296783506555,7.724686275387153,13.114819191742397,-10.25192426144204,-20.63363101057292,3144.4479887031607,-3144.4479887031607,6288.895977406321,0.12577791954812645,-0.704813113130775
7.679999999999376,0.22150645211175193,5.785196407731069,8.18663194899064,12.689884194880744,-8.563749283587065,-18.40886724530575,567.4482322093255,-567.4482322093255,1134.896464418651,0.022697929288373022,-0.9630103305181971
7.689999999999375,0.22150623720603685,6.443188743537566,8.540431270421228,12.080467295355401,-6.771442639619663,-15.93276000617275,-2440.1456396976732,2440.1456396976732,-4880.2912793953465,-0.09760582558790694,-1.0
7.699999999999374,0.2215058380181363,7.0080919227585285,8.766861166488882,11.283904079804158,-4.894582761476864,-13.226972266626321,-5571.146995017974,5571.146995017974,-11142.293990035949,-0.222845879800719,-1.0
7.709999999999373,0.22150526663817477,7.456777843909429,8.847320513120708,10.299350690625342,-2.952684893244493,-10.31651654256036,-8549.719812113928,8549.719812113928,-17099.439624227856,-0.34198879248455716,-1.0
7.719999999999372,0.22150454206247705,7.768784286547541,8.76629470738654,9.129387737093195,-0.967884905094473,-7.233649321860291,-11168.176640359501,11168.176640359501,-22336.353280719002,-0.4467270656143801,-1.0
7.729999999999371,0.2215036909475007,7.929085519690321,8.514309602895832,7.782723379657744,1.0354820251158667,-4.01754153345283,-13282.735190545645,13282.735190545645,-26565.47038109129,-0.5313094076218259,-1.0
7.73999999999937,0.22150275662205274,7.930396820594183,8.090787675125545,6.277436337924255,3.0336934606090704,-0.7104674122687045,-14814.71492507999,14814.71492507999,-29629.42985015998,-0.5925885970031997,-1.0
7.7499999999993685,0.22150179451444268,7.77397004895977,7.504794185393284,4.641535531411505,5.004656325146956,2.644694822755213,-15748.58107109902,15748.58107109902,-31497.16214219804,-0.6299432428439609,-1.0
7.759999999999367,0.22150085131796096,7.467511226208743,6.772190371672793,2.9089260780076107,6.9236267345268905,5.998664337425081,-16114.785474366368,16114.785474366368,-32229.570948732737,-0.6445914189746548,-1.0
7.769999999999366,0.22149996264349595,7.02442595963306,5.914640210978477,1.118192715371881,8.764194702662378,9.298944551120384,-15980.179704367725,15980.179704367725,-31960.35940873545,-0.639207188174709,-1.0
7.779999999999365,0.22149915756461613,6.4623352668447565,4.957654805954728,-0.6899062824474762,10.49775662259398,12.489952342847706,-15437.766050806074,15437.766050806074,-30875.53210161215,-0.617510642032243,-1.0
7.789999999999364,0.22149845664476567,5.801120427167472,3.928209674651149,-2.4753456896762054,12.092692345806423,15.5120863274808,-14594.191697780225,14594.191697780225,-29188.38339556045,-0.583767667911209,-1.0
7.799999999999363,0.22149787562744092,5.0612075218443024,2.852759031914815,-4.201098411564488,13.51467205092834,18.302353966264388,-13559.00382300961,13559.00382300961,-27118.00764601922,-0.5423601529203844,-1.0
7.809999999999362,0.221497430257255,4.262310980898063,1.7558945020240904,-5.834460729254217,14.728393483120437,20.797179299313253,-12437.110366721463,12437.110366721463,-24874.220733442926,-0.49748441466885857,-1.0
7.819999999999361,0.22149713985855257,3.422552335837126,0.6595261504556312,-7.347619094221584,15.700350474543145,22.936949319955644,-11323.972574935182,11323.972574935182,-22647.945149870364,-0.4529589029974073,-1.0
7.82999999999936,0.22149702873418578,2.557843274554644,-0.4175863028518173,-8.717726234142152,16.402036826252303,24.671450717843143,-10302.708282195448,10302.708282195448,-20605.416564390896,-0.412108331287818,-1.0
7.839999999999359,0.22149712509574357,1.6814282786364625,-1.4601518892527783,-9.926883517076615,16.812571514044368,25.963802411958238,-9442.17778092732,9442.17778092732,-18884.35556185464,-0.37768711123709287,-1.0
7.8499999999993575,0.22149745840334717,0.8035304373136981,-2.456586757968755,-10.962136745202066,16.920448332373596,26.79232054968301,-8795.502679119852,8795.502679119852,-17591.005358239705,-0.3518201071647941,-1.0
7.859999999999356,0.22149805661378608,-0.06887524549793399,-3.3991305945521355,-11.815397213447767,16.72459195667418,27.151028799856686,-8399.164083889087,8399.164083889087,-16798.328167778174,-0.3359665633555635,-1.0
7.869999999999355,0.22149894397481878,-0.932142338464267,-4.283822385366597,-12.483259507856271,16.234777561399202,27.049203935705215,-8220.855587170066,8220.855587170066,-16441.711174340133,-0.3288342234868027,-0.7760331950373968
7.879999999999354,0.22150013931264909,-1.7851821766816933,-5.10963554085091,-12.966141287690105,15.470957170505631,26.50961904986292,-8013.072336841214,8013.072336841214,-16026.144673682427,-0.3205228934736486,-0.4772910739086538
7.889999999999353,0.22150165434958535,-2.626964437824386,-5.875934671944527,-13.266138173170564,14.460598043907238,25.564358822034333,-7536.51247929524,7536.51247929524,-15073.02495859048,-0.3014604991718096,-0.1718835026134055
7.899999999999352,0.22150349158019952,-3.45414919141968,-6.580158767688482,-13.385246809968297,13.235090415525208,24.249564457059858,-6623.165186048965,6623.165186048965,-13246.33037209793,-0.2649266074419586,0.13162596282425515
7.909999999999351,0.2215056420227427,-4.259632872700619,-7.216472700190007,-13.3244652538861,11.826390536829335,22.600854604034044,-5173.227509436508,5173.227509436508,-10346.455018873015,-0.20692910037746032,0.42593102659352294
7.91999999999935,0.22150808376066608,-5.031845308497072,-7.775172615091934,-13.083476118272227,10.264451192214999,20.650286280699753,-3150.070048575046,3150.070048575046,-6300.140097150092,-0.12600280194300184,0.7048131131333929
7.929999999999349,0.22151078205727456,-5.754626041349305,-8.242639935689725,-12.660674441709029,8.575708458235479,18.425166905632683,-573.9129517234384,573.9129517234384,-1147.8259034468767,-0.022956518068937535,0.9630103305205103
7.939999999999348,0.22151369143317323,-6.4075864116004215,-8.601733111221373,-12.053425074947793,6.782677246091213,15.948647429210517,2432.7007801415093,-2432.7007801415093,4865.401560283019,0.09730803120566038,1.0
7.9499999999993465,0.2215167594834445,-6.96756843463661,-8.833227444821699,-11.259068454800547,4.904957949091403,13.24238519419456,5562.6356832719885,-5562.6356832719885,11125.271366543977,0.22250542733087955,1.0
7.959999999999345,0.2215199322327267,-7.411469849324168,-8.91852339818744,-10.276767695571575,2.962091687795333,10.331386810291502,8540.118776642203,-8540.118776642203,17080.237553284405,0.34160475106568816,1.0
7.969999999999344,0.22152316002182165,-7.7188546721876365,-8.842109509079275,-9.109110537649151,0.9762448999103985,7.247906485569635,11157.531362786005,-11157.531362786005,22315.06272557201,0.44630125451144026,1.0
7.979999999999343,0.22152639298634758,-7.8747207837017354,-8.594512323150683,-7.7648070290758175,-1.0282069199662143,4.031126099638373,13271.149283209128,-13271.149283209128,26542.298566418256,0.5308459713283652,1.0
7.989999999999342,0.22152950967680024,-7.871737203704542,-8.175057438151908,-6.261791774283276,-3.027277327705194,0.723704247506707,14802.048733396592,-14802.048733396592,29604.097466793184,0.5920819493358638,1.0
7.999999999999341,0.22153237967264777,-7.711228223953576,-7.592884309449555,-4.628177268322508,-4.99899203894489,-2.631741931213306,15734.75025613926,-15734.75025613926,31469.50051227852,0.6293900102455704,1.0
8.009999999999344,0.22153499941413904,-7.400968108814951,-6.863925316923419,-2.8979653997611825,-6.918716841616548,-5.986154762935572,16100.232023697074,-16100.232023697074,32200.464047394147,0.644009280947883,1.0
8.019999999999348,0.22153736799234325,-6.954370603235048,-6.009835535991618,-1.109722020487133,-8.759981942366858,-9.286964153868306,15965.337159258788,-15965.337159258788,31930.674318517576,0.6386134863703515,1.0
8.029999999999351,0.22153942688619233,-6.389059984986449,-5.0561147278365794,0.6958146603552258,-10.494133963084828,-12.478521409038102,15423.0426218546,-15423.0426218546,30846.0852437092,0.6169217048741841,1.0
8.039999999999354,0.22154113728687072,-5.724917384468017,-4.029726247453463,2.4786380875038883,-12.089518997860868,-15.501177390626502,14579.96145115266,-14579.96145115266,29159.92290230532,0.5831984580461065,1.0
8.049999999999358,0.22154248061715934,-4.982366037556287,-2.957111930876803,4.20173760467103,-13.511792033567591,-18.29191439161224,13545.602221321082,-13545.602221321082,27091.204442642163,0.5418240888528433,1.0
8.059999999999361,0.22154345505300746,-4.181114816502875,-1.8628504565294002,5.83242452711318,-14.725652980973965,-20.787152118837465,12424.829199820262,-12424.829199820262,24849.658399640524,0.4969931679928105,1.0
8.069999999999364,0.22154407081849506,-3.339276734260017,-0.7688376168222358,7.342900774151737,-15.697610681259421,-22.927284815763116,11313.05178757073,-11313.05178757073,22626.10357514146,0.45252207150282925,1.0
8.079999999999368,0.22154434669411927,-2.4727519113280536,0.30618282336689434,8.710335888768324,-16.399183588266318,-24.662113967236827,10293.325498363585,-10293.325498363585,20586.65099672717,0.4117330199345434,1.0
8.089999999999371,0.22154430806557449,-1.5947708754053471,1.3469370049371563,9.916848945287036,-16.809523656630667,-25.9547829723414,9434.439891643759,-9434.439891643759,18868.879783287517,0.37737759566575035,1.0
8.099999999999374,0.2215439853682689,-0.7155413303114405,2.3418587531630704,10.949504274194153,-16.917162541590248,-26.783637789791182,8789.44052960765,-8789.44052960765,17578.8810592153,0.351577621184306,1.0
8.109999999999378,0.22154341268757158,0.15797745602021207,3.283205235396015,11.800232200600796,-16.721064279187367,-27.142732619331976,8394.730700525612,-8394.730700525612,16789.461401051223,0.3357892280210245,1.0
8.119999999999381,0.2215426266964132,1.022153916787192,4.167031725599555,12.465646145440155,-16.231042151952618,-27.041372115947095,8217.929076623617,-8217.929076623617,16435.858153247234,0.3287171630649447,0.7760331950391705
8.129999999999384,0.22154166582295673,1.8759122190689341,4.992325677867874,12.94618157280098,-15.467082775738781,-26.50235217929794,8011.463712392974,-8011.463712392974,16022.927424785948,0.320458548495719,0.477291073910214
8.139999999999388,0.2215405696106013,2.718231905215053,5.75846257797947,13.243950129462798,-14.456682572140785,-25.557773424713968,7535.977792860259,-7535.977792860259,15071.955585720518,0.3014391117144104,0.17188350261471827
8.149999999999391,0.22153937817049318,3.5457793228331704,6.4628884195691345,13.36096217635436,-13.231253816022926,-24.243784609681324,6623.420809982066,-6623.420809982066,13246.841619964132,0.2649368323992827,-0.13162596282317712
8.159999999999394,0.22153813137486145,4.351453345674359,7.09977074160131,13.29822684014288,-11.82276628819892,-22.59600232265521,5173.967237788564,-5173.967237788564,10347.934475577127,0.20695868951154256,-0.42593102659273424
8.169999999999398,0.22153686754854318,5.1236825163596595,7.6594037757851305,13.055434961897346,-10.261176921899551,-20.646471312974374,3150.9827350941478,-3150.9827350941478,6301.9654701882955,0.12603930940376593,-0.704813113132819
8.179999999999401,0.22153562184454872,5.846301799396505,8.128162426679113,12.630986860833604,-8.572916390374361,-18.422476851152187,574.6995246539065,-574.6995246539065,1149.399049307813,0.02298798098615626,-0.9630103305201844
8.189999999999404,0.2215344247064828,6.4989151565649745,8.488894061833667,12.02224956266211,-6.780485281784653,-15.947138997953571,-2432.3113944309403,2432.3113944309403,-4864.6227888618805,-0.09729245577723762,-1.0
8.199999999999408,0.2215333005481694,7.058354875430685,8.722358490504625,11.226562474319596,-4.903461854002512,-13.242077034653946,-5562.871364974338,5562.871364974338,-11125.742729948675,-0.22251485459897352,-1.0
8.209999999999411,0.22153226669916076,7.501507816766836,8.809937536938737,10.243085615507704,-2.961358005396309,-10.332255738981928,-8541.154255913969,8541.154255913969,-17082.308511827938,-0.3416461702365588,-1.0
8.219999999999414,0.2215313331623381,7.807924388260782,8.736095971736969,9.074398511754065,-0.9763105296053403,-7.249892511934604,-11159.473341422949,11159.473341422949,-22318.946682845897,-0.446378933656918,-1.0
8.229999999999418,0.22153050399450655,7.962584414151331,8.491328772472462,7.729193264628911,1.0273262521984659,-4.034148269458424,-13274.007019731172,13274.007019731172,-26548.014039462345,-0.530960280789247,-1.0
8.239999999999421,0.221529804619444,7.958123159089328,8.074902349013032,6.2253449487235955,3.02552646941315,-0.7277618493634921,-14805.647262889728,14805.647262889728,-29611.294525779456,-0.5922258905155892,-1.0
8.249999999999424,0.22152925426034373,7.795863013205068,7.495938653374039,4.59096594314528,4.996365494759251,2.626717329936946,-15738.805769107434,15738.805769107434,-31477.611538214867,-0.6295522307642974,-1.0
8.259999999999428,0.22152881621432943,7.483584587332979,6.770359096417353,2.860064085853882,6.9152615840732565,5.980297995336389,-16104.499320630523,16104.499320630523,-32208.998641261045,-0.644179972825221,-1.0
8.269999999999431,0.221528461040451,7.0347032030192365,5.919796866421977,1.071191881955715,8.755759506100272,9.280410634000994,-15969.521601058379,15969.521601058379,-31939.043202116758,-0.6387808640423353,-1.0
8.279999999999434,0.22152819197680482,6.46685220079015,4.969738233653931,-0.7349161816188604,10.489225391736857,12.471414809674867,-15426.838471161722,15426.838471161722,-30853.676942323444,-0.6170735388464689,-1.0
8.289999999999438,0.22152800805843756,5.799927546502768,3.9471396943757173,-2.51824990009966,12.084025387828003,15.493670791878019,-14583.083054393981,14583.083054393981,-29166.166108787962,-0.5833233221757593,-1.0
8.299999999999441,0.22152790088083704,5.054371307582159,2.8784405512283113,-4.241790736930723,13.505829751964363,18.284162996669846,-13547.80495088584,13547.80495088584,-27095.60990177168,-0.5419121980354337,-1.0
8.309999999999444,0.22152785307317402,4.2499137856200235,1.7882193713487207,-5.872840407315807,14.719345159224833,20.77930006382609,-12425.921737624512,12425.921737624512,-24851.843475249025,-0.49703686950498055,-1.0
8.319999999999448,0.22152783884981758,3.404691023522074,0.6983729286319867,-7.38359115471202,15.691077010863115,22.919449055271656,-11312.902286973074,11312.902286973074,-22625.80457394615,-0.452516091478923,-1.0
8.329999999999451,0.221527825697762,2.534627205053281,-0.3723536169617563,-8.751203471825258,16.39253058476015,24.65436866626568,-10291.864316285344,10291.864316285344,-20583.72863257069,-0.4116745726514138,-1.0
8.339999999999455,0.22152777681601002,1.6529771261044595,-1.4086851965194025,-9.95778805383778,16.80283787014674,25.94715094215782,-9431.65988264354,9431.65988264354,-18863.31976528708,-0.37726639530574163,-1.0
8.349999999999458,0.22152765401340635,0.769971932109918,-2.399055390410586,-10.990401738067348,16.910506842935508,26.776089427697077,-8785.393679008597,8785.393679008597,-17570.787358017194,-0.3514157471603439,-1.0
8.359999999999461,0.2215274201801689,-0.10740737111605404,-3.3357227894728845,-11.840968540502347,16.714476793290007,27.135190844756284,-8389.521454300051,8389.521454300051,-16779.042908600102,-0.33558085817200206,-1.0
8.369999999999465,0.22152704099506465,-0.9755098921262564,-4.2147463658382085,-12.506097085971264,16.22453734912873,27.033721724132725,-8211.704769730339,8211.704769730339,-16423.409539460677,-0.3284681907892136,-0.7760331950360703
8.379999999999468,0.22152648614175285,-1.8332433202611085,-5.035119951481307,-12.986219796210696,15.460654279650553,26.494452099030646,-8004.402991151072,8004.402991151072,-16008.805982302143,-0.32017611964604287,-0.4772910739070136
8.389999999999471,0.2215257305270198,-2.6795736744834655,-5.796228219637697,-13.283447052267322,14.450307411719992,25.549470759299382,-7528.278310737515,7528.278310737515,-15056.55662147503,-0.3011311324295006,-0.17188350261155733
8.399999999999475,0.2215247559634351,-3.5111565559656825,-6.4955290438868785,-13.39978955049308,13.224897880039835,24.23492960904638,-6615.287448022257,6615.287448022257,-13230.574896044514,-0.2646114979208903,0.1316259628262771
8.409999999999478,0.22152355321575093,-4.320882492389443,-7.127204279163683,-13.336258157259056,11.816390475214607,22.586463136215574,-5165.601609884576,5165.601609884576,-10331.203219769151,-0.20662406439538306,0.42593102659565524
8.419999999999481,0.22152212375400446,-5.0971735718819655,-7.681564556065317,-13.09254669881448,10.254743381488133,20.63614731739401,-3142.57440449157,3142.57440449157,-6285.14880898314,-0.1257029761796628,0.7048131131355693
8.429999999999485,0.22152048043728326,-5.823859597594795,-8.145002786061571,-12.667059529576148,8.566394382198949,18.411309666097416,-566.4193385877905,566.4193385877905,-1132.838677175581,-0.022656773543511623,0.9630103305226632
8.439999999999488,0.22151864655317574,-6.480540078756856,-8.500385429176742,-12.057168551541176,6.773856354764725,15.935120798995655,2440.315643401375,-2440.315643401375,4880.63128680275,0.097612625736055,1.0
8.449999999999491,0.22151665332522189,-7.044043070031806,-8.728491966866663,-11.260218628082105,4.896724165743798,13.229256073324628,5570.477365662551,-5570.477365662551,11140.954731325102,0.22281909462650207,1.0
8.459999999999495,0.22151453605263116,-7.491250750960365,-8.810723472815528,-10.275374867180634,2.954529852289946,10.318737657195806,8548.263683506651,-8548.263683506651,17096.527367013303,0.34193054734026607,1.0
8.469999999999498,0.22151232944781896,-7.801710225886538,-8.731565714461782,-9.105224622509516,0.969427854348271,7.235832000857566,11166.016209378386,-11166.016209378386,22332.03241875677,0.44664064837513545,1.0
8.479999999999501,0.22151007074861537,-7.960402427904437,-8.481540800495594,-7.758477286602161,-1.0342231109379216,4.019725360139282,13279.966246009482,-13279.966246009482,26559.932492018965,0.5311986498403793,1.0
8.489999999999505,0.221507841580155,-7.960021580261113,-8.060026308011215,-6.253151797064604,-3.0325881165613118,0.7128535721639369,14811.31945224905,-14811.31945224905,29622.6389044981,0.5924527780899621,1.0
8.499999999999508,0.22150573452943492,-7.801846070816175,-7.4761093590530665,-4.617294257265443,-5.003615303174535,-2.6420037702053167,15744.543082737291,-15744.543082737291,31489.086165474582,0.6297817233094917,1.0
8.509999999999511,0.2215037739511528,-7.493608821251337,-6.745672382576549,-2.884844846198298,-6.922602770994066,-5.995657603890346,16110.282230640692,-16110.282230640692,32220.564461281385,0.6444112892256277,1.0
8.519999999999515,0.22150197669762076,-7.0487206841273435,-5.890369888799223,-1.0943786466608276,-8.763119901531166,-9.295593416600301,15975.377120083502,-15975.377120083502,31950.754240167003,0.6390150848033401,1.0
8.529999999999518,0.2215003851117183,-6.484807367281122,-4.935703613555552,0.7133548282705474,-10.496550581253523,-12.48621959273799,15432.81835300277,-15432.81835300277,30865.63670600554,0.6173127341201109,1.0
8.539999999999521,0.22149902878542108,-5.821754189379665,-3.9086398672262455,2.498337974100712,-12.091270771710365,-15.507935834032336,14589.241276541747,-14589.241276541747,29178.482553083493,0.5835696510616699,1.0
8.549999999999525,0.22149792653853997,-5.079990554842266,-2.8356236320065804,4.223550486239387,-13.5129546126776,-18.297758516192133,13554.18056284198,-13554.18056284198,27108.36112568396,0.5421672225136793,1.0
8.559999999999528,0.22149708994367096,-4.279233388658911,-1.7412369408770159,5.856295227210818,-14.72631001799511,-20.792125279985665,12432.5297477401,-12432.5297477401,24865.0594954802,0.49730118990960404,1.0
8.569999999999531,0.22149652613431461,-3.4376058215420446,-0.6473796128498426,7.368765681752809,-15.697845074946946,-22.931437261023614,11319.732502824829,-11319.732502824829,22639.465005649658,0.4527893001129932,1.0
8.579999999999535,0.22149623880095917,-2.5710203417448265,0.4271995447744495,8.738122261908423,-16.399070457864447,-24.66549353892964,10298.88564535428,-10298.88564535428,20597.77129070856,0.4119554258141712,1.0
8.589999999999538,0.22149622771556926,-1.6927215179668993,1.467221031690854,9.946474519514242,-16.80912390409162,-25.957423824311643,9438.825551497437,-9438.825551497437,18877.651102994874,0.3775530220598975,1.0
8.599999999999541,0.22149648815435877,-0.8129318922118577,2.4611129195707035,10.980876818036325,-16.91651896407249,-26.785553337976864,8792.64737962914,-8792.64737962914,17585.29475925828,0.3517058951851656,1.0
8.609999999999545,0.22149701085420984,0.06137454616631043,3.4011270847153265,11.833249176976537,-16.72020028231578,-27.14391337932842,8396.80402951455,-8396.80402951455,16793.6080590291,0.335872161180582,1.0
8.619999999999548,0.2214977823170535,0.9265526262668464,4.283314750389098,12.50019483170334,-16.229962478915564,-27.041787424187927,8218.960125881726,-8218.960125881726,16437.92025176345,0.32875840503526904,0.776033195033925
8.629999999999551,0.2214987852430593,1.7815149084327275,5.106661355879862,12.98213978326981,-15.465775733931853,-26.501954755101153,8011.5822534942645,-8011.5822534942645,16023.164506988529,0.3204632901397706,0.4772910739047822
8.639999999999555,0.2214999987728973,2.6252319070532004,5.870543019769128,13.281187419299211,-14.455123446712506,-25.556505978093117,7535.34181774126,-7535.34181774126,15070.68363548252,0.3014136727096504,0.17188350260926366
8.649999999999558,0.22150139833423235,3.4543637256692117,6.5724093389880425,13.399341258891353,-13.229409361749642,-24.241588085213127,6622.204788728241,-6622.204788728241,13244.409577456481,0.2648881915491296,-0.13162596282851585
8.659999999999561,0.2215029554026155,4.261805600354325,7.206434487147183,13.337605018745833,-11.820600068682786,-22.59282523451713,5172.350398325167,-5172.350398325167,10344.700796650333,0.2068940159330067,-0.4259310265978409
8.669999999999565,0.22150463769975814,5.035984537381672,7.76292221474612,13.095665482997381,-10.258655041799955,-20.642279259844003,3149.138539601244,-3149.138539601244,6298.277079202488,0.12596554158404977,-0.704813113137596
8.679999999999568,0.2215064101017532,5.760735346509865,8.228259519288851,12.67192014693767,-8.570013061801758,-18.417261166965556,572.7871886113398,-572.7871886113398,1145.5743772226797,0.022911487544453595,-0.9630103305245497
8.689999999999571,0.22150823628799246,6.41566255126372,8.585308147774818,12.063734442563657,-6.77718766078357,-15.940923798539519,-2434.1533032944626,2434.1533032944626,-4868.306606588925,-0.09736613213177851,-1.0
8.699999999999575,0.2215100810055812,6.977599255930155,8.814844341197965,11.268447468287379,-4.899773836618475,-13.234924304679154,-5564.530209146416,5564.530209146416,-11129.060418292833,-0.22258120836585668,-1.0
8.709999999999578,0.22151191284238456,7.423432564854548,8.898267413336741,10.285219387276884,-2.9573031949089703,-10.324266425026012,-8542.544497408036,8542.544497408036,-17085.088994816073,-0.3417017798963215,-1.0
8.719999999999581,0.22151370687880592,7.732714854893435,8.82006344065728,9.116634320478916,-0.9719279822880152,-7.241197145867733,-11160.545611623576,11160.545611623576,-22321.091223247153,-0.4464218244649431,-1.0
8.729999999999585,0.2215154422854077,7.89043263923249,8.570756886283444,7.77140031762551,1.0319972080918454,-4.024883048055325,-13274.778716552088,13274.778716552088,-26549.557433104175,-0.5309911486620835,-1.0
8.739999999999588,0.22151706096429868,7.88926782551385,8.149705751419125,6.2675021372252635,3.0305899313024884,-0.7178307757602762,-14806.394808222223,14806.394808222223,-29612.789616444446,-0.592255792328889,-1.0
8.749999999999591,0.22151850452203642,7.730513984200677,7.566019301346015,4.633012023500329,5.001842871779015,2.6372620643325,-15739.877762922593,15739.877762922593,-31479.755525845187,-0.6295951105169038,-1.0
8.759999999999595,0.2215197906968401,7.421915221048808,6.8355997749309365,2.901892702372769,6.921091755975325,5.991269115842772,-16105.9937447747,16105.9937447747,-32211.9874895494,-0.6442397497909881,-1.0
8.769999999999598,0.22152093539918996,6.976876716273913,5.980100959996838,1.1127124987799673,8.761898435647762,9.291658338189864,-15971.565901925109,15971.565901925109,-31943.131803850218,-0.6388626360770044,-1.0
8.779999999999601,0.22152191698484358,6.413016331709728,5.025022628024182,-0.6937871564603176,10.495637671666996,12.482815387729952,-15429.55864371203,15429.55864371203,-30859.11728742406,-0.6171823457484812,-1.0
8.789999999999605,0.22152272282835084,5.750210753097912,3.997329235092233,-2.477596271500515,12.090677678884976,15.505117915476223,-14586.57883466181,14586.57883466181,-29173.15766932362,-0.5834631533864725,-1.0
8.799999999999608,0.22152335045378013,5.008880659783231,2.9234647737131265,-4.201700678596673,13.512688043317894,18.295565077629767,-13552.134637618725,13552.134637618725,-27104.26927523745,-0.542085385504749,-1.0
8.809999999999611,0.2215238067931225,4.208734330762827,1.828011320075558,-5.833407801870832,14.726375504042599,20.790583318734217,-12431.09621941553,12431.09621941553,-24862.19243883106,-0.49724384877662126,-1.0
8.819999999999615,0.22152410659023217,3.367886256402839,0.7328695939017893,-7.344914638196246,15.69824910296927,22.93056648722953,-11318.886377453897,11318.886377453897,-22637.772754907794,-0.4527554550981559,-1.0
8.829999999999618,0.22152427112977482,2.5022401122198,-0.3432100803641253,-8.713384469857123,16.399821763293676,24.665310114715105,-10298.582296582012,10298.582296582012,-20597.164593164023,-0.4119432918632805,-1.0
8.839999999999621,0.22152432712855605,1.6250317590446253,-1.3849459365735137,-9.920929084326197,16.810234310969335,25.95794483215488,-9439.002365739858,9439.002365739858,-18878.004731479716,-0.37756009462959433,-1.0
8.849999999999625,0.2215243051374213,0.746475582388134,-2.380762853828553,-10.954604609103821,16.91800296825686,26.78679894933567,-8793.226607321332,8793.226607321332,-17586.453214642665,-0.35172906429285333,-1.0
8.859999999999628,0.22152423780680833,-0.1264616242152136,-3.3229084086006813,-11.806332448543897,16.722073523964276,27.145906597481687,-8397.696649266152,8397.696649266152,-16795.393298532304,-0.3359078659706461,-1.0
8.869999999999632,0.22152415839533474,-0.9901405082594361,-4.207428150518822,-12.472716755143653,16.232239523205813,27.044551925658936,-8220.07107308875,8220.07107308875,-16440.1421461775,-0.32880284292355,-0.7760331950313856
8.879999999999635,0.22152409947332147,-1.8434777635204815,-5.033300211856646,-12.954183806295864,15.468467555938306,26.50551143769179,-8012.816948853414,8012.816948853414,-16025.633897706828,-0.32051267795413657,-0.4772910739021238
8.889999999999638,0.22152409166312106,-2.6854462631993736,-5.7998916433407075,-13.252836532202027,14.45823486664709,25.5608687129483,-7536.613354572758,7536.613354572758,-15073.226709145516,-0.30146453418291036,-0.171883502606615
8.899999999999642,0.22152416220906074,-3.512706868382343,-6.5046412878030395,-13.370677346002733,13.232936513659851,24.24675894188472,-6623.440763213193,6623.440763213193,-13246.881526426387,-0.26493763052852776,0.13162596283113911
8.909999999999645,0.2215243333371976,-4.318154402580476,-7.1417111366609545,-13.308708426011021,11.82452804636136,22.598789578619595,-5173.498391909753,5173.498391909753,-10346.996783819506,-0.20693993567639013,0.42593102660032434
8.919999999999648,0.22152462068230605,-5.090214927790621,-7.701391734182663,-13.06661486993622,10.262955965144364,20.64900133527567,-3150.1694700419635,3150.1694700419635,-6300.338940083927,-0.12600677880167854,0.7048131131399488
8.929999999999652,0.22152503225770015,-5.812722525390768,-8.17005635264669,-12.64279265532804,8.57464482126981,18.424680794255945,-573.6960290460231,573.6960290460231,-1147.3920580920462,-0.022947841161840926,0.9630103305266717
8.939999999999655,0.22152556837461906,-6.4652818655874995,-8.530552951575023,-12.034606090088038,6.782093545977195,15.94895454670334,2433.3493042012806,-2433.3493042012806,4866.698608402561,0.09733397216805123,1.0
8.949999999999658,0.2215262224579094,-7.02472751820583,-8.763644263094987,-11.239393675483308,4.904883116765468,13.243453240966215,5563.794891279215,-5563.794891279215,11127.58978255843,0.22255179565116864,1.0
8.959999999999662,0.22152698265212678,-7.467949831671051,-8.850716987404633,-10.256316001573639,2.9625325561648896,10.333156712315176,8541.82878563183,-8541.82878563183,17083.65757126366,0.3416731514252732,1.0
8.969999999999665,0.22152783403281767,-7.77450455904823,-8.776243549694556,-9.087955863372395,0.9771878521184397,7.250297807617492,11159.787748523733,-11159.787748523733,22319.575497047466,0.44639150994094934,1.0
8.979999999999668,0.22152875736520425,-7.929379423863517,-8.5307304375216,-7.743013131315427,-1.0267887243853167,4.0340491077436855,13273.88875913793,-13273.88875913793,26547.77751827586,0.5309555503655172,1.0
8.989999999999672,0.22152971670926305,-7.925224230169476,-8.113466694103483,-6.239386838913199,-3.025383745284691,0.7271259604934391,14805.0984993677,-14805.0984993677,29610.1969987354,0.592203939974708,1.0
8.999999999999675,0.22153066803902116,-7.763365045174369,-7.533582548172571,-4.6051924260872275,-4.996650801180656,-2.627890147637273,15737.879815318225,-15737.879815318225,31475.75963063645,0.629515192612729,1.0
9.009999999999678,0.22153158413958227,-7.451583734207112,-6.807006015840106,-2.874439253619373,-6.915983919008188,-5.981975283228001,16103.249803916122,-16103.249803916122,32206.499607832244,0.6441299921566449,1.0
9.019999999999682,0.22153244345558992,-7.003298953473783,-5.955381318292809,-1.0856887943733595,-8.756916294017726,-9.282550644032824,15968.036763628466,-15968.036763628466,31936.073527256933,0.6387214705451387,1.0
9.029999999999685,0.22153322125638794,-6.436144625492871,-5.004202701641602,0.7203191037678713,-10.49079951338021,-12.473963062954022,15425.227394880993,-15425.227394880993,30850.454789761985,0.6170090957952398,1.0
9.039999999999688,0.2215338981782567,-5.7700149049889875,-3.980431923456453,2.503571974772555,-12.085984095276196,-15.496559357041075,14581.463058861164,-14581.463058861164,29162.926117722327,0.5832585223544466,1.0
9.049999999999692,0.22153445877777017,-5.025348151531609,-2.9105115157491426,4.2270511074700154,-13.50812605951838,-18.28731354872093,13546.291927963939,-13546.291927963939,27092.583855927878,0.5418516771185576,1.0
9.059999999999695,0.22153488966867266,-4.221869481382628,-1.819021856483006,5.858059254695791,-14.721921205681733,-20.782629840769296,12424.62324964454,-12424.62324964454,24849.24649928908,0.4969849299857816,1.0
9.069999999999698,0.22153517830282993,-3.37770857192091,-0.7278605357902772,7.3687903565510355,-15.693868526472746,-22.922878241263092,11311.912599613672,-11311.912599613672,22623.825199227344,0.4524765039845469,1.0
9.079999999999702,0.2215353126104355,-2.5087822398072284,0.34422721155014113,8.736406918990767,-16.395471886433793,-24.657828767417794,10291.260633314952,-10291.260633314952,20582.521266629905,0.41165042533259816,1.0
9.089999999999705,0.22153528142897563,-1.6283372050469906,1.3819667607010235,9.943021901577511,-16.80586622737084,-25.950591277801326,9431.499543597625,-9431.499543597625,18862.99908719525,0.377259981743905,1.0
9.099999999999708,0.22153507522415822,-0.7465962058332389,2.3737923849676608,10.9756946219861,-16.9135657351205,-26.779480414291545,8785.712614000522,-8785.712614000522,17571.425228001044,0.3514285045600209,1.0
9.109999999999712,0.221534686619366,0.12946812517664685,3.311963324085453,11.826351672038623,-16.71751814235311,-27.138524482122506,8390.333963806057,-8390.333963806057,16780.667927612114,0.3356133585522423,1.0
9.119999999999715,0.22153411071350956,0.9962129006294091,4.19253885961487,12.491604168790861,-16.22752287054375,-27.037009874447428,8213.004668680478,-8213.004668680478,16426.009337360956,0.32852018674721917,0.7760331950289989
9.129999999999718,0.22153334535121116,1.8525531996245659,5.014512556185049,12.971886774703718,-15.463556073396568,-26.497723178567668,8006.165875950024,-8006.165875950024,16012.331751900048,0.320246635038001,0.4772910738996583
9.139999999999722,0.2215323916282193,2.6974616936697156,5.777268109074699,13.269311775853996,-14.453107832291874,-25.55276530962674,7530.464479896474,-7530.464479896474,15060.928959792947,0.301218579195859,0.17188350260410057
9.149999999999725,0.2215312548476592,3.5275998884329876,6.4782616697406255,13.385891443401556,-13.227588697391765,-24.238295077859693,6617.84497264907,-6617.84497264907,13235.68994529814,0.2647137989059628,-0.13162596283358383
9.159999999999728,0.221529945663953,4.335863532042315,7.111672644573396,13.32263790789751,-11.818971456126262,-22.589948316179914,5168.469253548218,-5168.469253548218,10336.938507096436,0.20673877014192873,-0.42593102660269894
9.169999999999732,0.2215284808355395,5.1106793517144835,7.667808526147804,13.07924593986002,-10.257220492910797,-20.63979694212699,3145.684282235393,-3145.684282235393,6291.368564470786,0.12582737128941573,-0.7048131131421478
9.179999999999735,0.22152688311543392,5.835881327387429,8.1330584558863,12.654120496321536,-8.568777793156608,-18.415159551210653,569.6992592387685,-569.6992592387685,1139.398518477537,0.022787970369550742,-0.963010330528714
9.189999999999738,0.22152518005337543,6.491072786016164,8.490284553044091,12.044633707557141,-6.776158357279803,-15.939193726092105,-2436.940156966364,2436.940156966364,-4873.880313932728,-0.09747760627865458,-1.0
9.199999999999742,0.22152340184863634,7.053085306585009,8.720261442683125,11.24813027195127,-4.89895709940248,-13.23355849898934,-5567.0812122786065,5567.0812122786065,-11134.162424557213,-0.22268324849114426,-1.0
9.209999999999745,0.22152157841257367,7.498804442569882,8.804385082879172,10.263774986030288,-2.956704012127127,-10.323257800236854,-8544.921248731433,8544.921248731433,-17089.842497462865,-0.34179684994925735,-1.0
9.219999999999748,0.2215197362915733,7.807779749795125,8.72713497065389,9.094153511397632,-0.9715513601827978,-7.240541403469487,-11162.797860921011,11162.797860921011,-22325.595721842023,-0.44651191443684046,-1.0
9.229999999999752,0.22151790129147897,7.964992447053199,8.47902402768464,7.747969532268533,1.0321405779475838,-4.024586168422786,-13276.92675308835,13276.92675308835,-26553.8535061767,-0.531077070123534,-1.0
9.239999999999755,0.2215161363004602,7.963111247397126,8.0593833548018,6.243180873329796,3.0304520897635276,-0.7179590112529026,-14808.38234318408,14808.38234318408,-29616.76468636816,-0.5923352937273633,-1.0
9.249999999999758,0.22151450902513212,7.80343342121503,7.477316543298971,4.607863709308569,5.001387209047034,2.6366648909236967,-15741.610689763529,15741.610689763529,-31483.221379527058,-0.6296644275905412,-1.0
9.259999999999762,0.2215130214989068,7.49371132317403,6.74872286205452,2.8759875103661225,6.9202973871261015,5.990187185465743,-16107.41660891126,16107.41660891126,-32214.83321782252,-0.6442966643564505,-1.0
9.269999999999765,0.22151167425550214,7.0473556434708495,5.895246339436843,1.0861164211438699,8.760743317780266,9.290074956091567,-15972.613412641673,15972.613412641673,-31945.226825283346,-0.6389045365056669,-1.0
9.279999999999768,0.2215104976237274,6.481992711703285,4.942379961519308,-0.7210084511030233,10.49410406399815,12.480721438903888,-15430.170880257714,15430.170880257714,-30860.341760515428,-0.6172068352103086,-1.0
9.289999999999772,0.22150951236840966,5.817509430059482,3.917083245137514,-2.505375009314296,12.08875514942367,15.502515824775013,-14586.711155852363,14586.711155852363,-29173.422311704726,-0.5834684462340946,-1.0
9.299999999999775,0.22150872937715566,5.074337563246139,2.845795987101961,-4.2299660796537975,13.510373803442741,18.29246777869544,-13551.762352662674,13551.762352662674,-27103.524705325348,-0.542070494106507,-1.0
9.309999999999778,0.22150815087372794,4.272196810894949,1.7530960413037526,-5.862086217759823,14.72367294529253,20.787009781558414,-12430.215675874053,12430.215675874053,-24860.431351748106,-0.49720862703496216,-1.0
9.319999999999782,0.2215077720346212,3.429213139810358,0.6608794506868003,-7.373930200853221,15.695165579553903,22.926535733637408,-11317.514047242687,11317.514047242687,-22635.028094485373,-0.4527005618897075,-1.0
9.329999999999785,0.22150758212115987,2.5613017229713093,-0.4121086729384265,-8.742659829065763,16.39636634323558,24.660834630224265,-10296.75336163004,10296.75336163004,-20593.50672326008,-0.41187013446520165,-1.0
9.339999999999788,0.22150756525885112,1.6817096117416759,-1.4505924877657586,-9.950386081090494,16.806416336534078,25.95302585778291,-9436.768682360085,9436.768682360085,-18873.53736472017,-0.37747074729440344,-1.0
9.349999999999792,0.22150770153294863,0.8006616026352035,-2.4430037662775086,-10.984164890371808,16.91383171062395,26.781424912267802,-8790.653215654187,8790.653215654187,-17581.306431308374,-0.3516261286261675,-1.0
9.359999999999795,0.2215079682890664,-0.07486625309977317,-3.381598146586548,-11.835918040111293,16.717558774969966,27.14005441728182,-8394.857191384319,8394.857191384319,-16789.714382768638,-0.3357942876553728,-1.0
9.369999999999798,0.2215083412896099,-0.941226803558742,-4.262430603496418,-12.502250670651655,16.2273928097848,27.038190594411045,-8217.04217456314,8217.04217456314,-16434.08434912628,-0.3286816869825256,-0.776033195026567
9.379999999999802,0.2215087956598862,-1.7973305512171396,-5.084490182186655,-12.983590707532112,15.463303656961285,26.498607125349285,-8009.6719195360365,8009.6719195360365,-16019.343839072073,-0.3203868767814415,-0.4772910738971033
9.389999999999805,0.22150930661238888,-2.6421457111087587,-5.847156298804617,-13.282043329562322,14.45277345382356,25.5533907856337,-7533.41596939952,7533.41596939952,-15066.83193879904,-0.3013366387759808,-0.17188350260155003
9.399999999999809,0.2215098500221575,-3.4723297155050163,-6.547881392778053,-13.39961358198626,13.227203851498832,24.238686477528,-6620.240064497633,6620.240064497633,-13240.480128995267,-0.2648096025799054,0.13162596283611533
9.409999999999812,0.22151040304608632,-4.280774699286614,-7.1808419290549175,-13.337306377122845,11.818558565545802,22.590117764840024,-5170.325236203952,5170.325236203952,-10340.650472407904,-0.20681300944815809,0.42593102660509796
9.419999999999815,0.22151094489463605,-5.055904166092775,-7.736343359545371,-13.094809361569254,10.25679345322473,20.63974701933658,-3147.03526857284,3147.03526857284,-6294.07053714568,-0.12588141074291362,0.7048131131444245
9.429999999999819,0.22151145765110172,-5.781549118767871,-8.200773793425816,-12.670520582892312,8.568343035878337,18.41488660021569,-570.5939182393778,570.5939182393778,-1141.1878364787556,-0.022823756729575113,0.9630103305307668
9.439999999999822,0.2215119269478744,-6.437310070756892,-8.556995492213202,-12.061805708678659,6.775716171189006,15.938691321650952,2436.441027414269,-2436.441027414269,4872.882054828538,0.09745764109657076,1.0
9.449999999999825,0.2215123424610383,-7.000015991637336,-8.785784609465868,-11.266003729676637,4.898503053448073,13.232820799212684,5566.907846651686,-5566.907846651686,11133.815693303372,0.22267631386606745,1.0
9.459999999999829,0.2215126982010277,-7.446549920013462,-8.868539905832003,-10.282274460206793,2.9562305573583623,10.322281810648667,8544.997627406454,-8544.997627406454,17089.995254812908,0.3417999050962582,1.0
9.469999999999832,0.22151299236428484,-7.75646017444768,-8.789746330730534,-9.113201214225517,0.9710469349689217,7.239325344683154,11163.048829021962,-11163.048829021962,22326.097658043924,0.4465219531608785,1.0
9.479999999999835,0.22151322690496475,-7.914729369992471,-8.539926812595095,-7.7674909010541215,-1.0326963127071078,4.023122589153737,13277.294706269631,-13277.294706269631,26554.589412539262,0.5310917882507853,1.0
9.489999999999839,0.22151339770285874,-7.9140440183373375,-8.118448606400966,-6.263143060639,-3.031143604733448,0.7161435817221634,14808.908122929834,-14808.908122929834,29617.816245859667,0.5923563249171934,1.0
9.499999999999842,0.22151350434469994,-7.755689595591392,-7.534411115150312,-4.628216837580423,-5.002270516869471,-2.638877638205965,15742.362835034053,-15742.362835034053,31484.725670068106,0.6296945134013622,1.0
9.509999999999845,0.2215135669010413,-7.447404010092098,-6.803708085394424,-2.8966637575683993,-6.92139759119457,-5.992785201884345,16108.36668273376,-16108.36668273376,32216.73336546752,0.6443346673093504,1.0
9.519999999999849,0.22151360155968525,-7.002594289343686,-5.947994797702314,-1.1070550353253974,-8.762091475832833,-9.293053511196005,15973.750309157074,-15973.750309157074,31947.50061831415,0.638950012366283,1.0
9.529999999999852,0.22151361136146924,-6.438881428789961,-4.9927734477406425,0.6998640747481877,-10.49573126384739,-12.48407568367708,15431.491253293118,-15431.491253293118,30862.982506586235,0.6172596501317248,1.0
9.539999999999855,0.22151359982094834,-5.776145904618642,-3.9650111931029324,2.4840796828580944,-12.09068771857541,-15.506235420782385,14588.211994827589,-14588.211994827589,29176.423989655177,0.5835284797931036,1.0
9.549999999999859,0.2215135723502751,-5.034812467782633,-2.8911545906932834,4.208574174179375,-13.51263044882984,-18.2965349201881,13553.436585592171,-13553.436585592171,27106.873171184343,0.5421374634236868,1.0
9.559999999999862,0.2215135373398578,-4.234593599289524,-1.7957879947695103,5.840652090254094,-14.72626374122166,-20.791400421436983,12432.050495037825,-12432.050495037825,24864.10099007565,0.49728201980151304,1.0
9.569999999999865,0.22151350654342614,-3.393608082272404,-0.7008141226974475,7.352507948192147,-15.698092423796263,-22.931223479087585,11319.491191460074,-11319.491191460074,22638.98238292015,0.452779647658403,1.0
9.579999999999869,0.22151349493915762,-2.5277639879068556,0.37501493364353966,8.7213027941532,-16.39962414344023,-24.665795981232478,10298.850178227656,-10298.850178227656,20597.700356455312,0.4119540071291063,1.0
9.589999999999872,0.22151351999168348,-1.6503015157031575,1.416415970082254,9.929146437438796,-16.809993907075253,-25.958243828617587,9438.95946768379,-9438.95946768379,18877.91893536758,0.3775583787073516,1.0
9.599999999999875,0.22151360037768386,-0.7714391032419726,2.411812886579018,10.963093274001018,-16.917712306574696,-26.786890629890628,8792.911284557675,-8792.911284557675,17585.82256911535,0.351716451382307,1.0
9.609999999999879,0.2215137547005212,0.10185289801078262,3.35345286094613,11.815063236158435,-16.72172032668437,-27.14576686797439,8397.15740808401,-8397.15740808401,16794.31481616802,0.33588629632336037,1.0
9.619999999999882,0.22151400046500502,0.9659322726678224,4.237381766161342,12.48165933460977,-16.231807983983863,-27.044154816657365,8219.363804421586,-8219.363804421586,16438.72760884317,0.32877455217686347,0.7760331950241358
9.629999999999885,0.22151435325006177,1.8197136984696511,5.06257890732466,12.963307124280417,-15.467939895643287,-26.504831321734315,8012.001519502919,-8012.001519502919,16024.003039005838,0.3204800607801168,0.47729107389457137
9.639999999999889,0.22151482586773377,2.6621689454743493,5.828413430534345,13.262109285071983,-14.457593049952383,-25.559882760405877,7535.749824618138,-7535.749824618138,15071.499649236275,0.3014299929847255,0.17188350259899465
9.649999999999892,0.22151542728851403,3.4899586511485454,6.532327195769433,13.380068441179217,-13.232164051824103,-24.245449691773377,6622.585609985114,-6622.585609985114,13245.171219970229,0.2649034243994046,-0.13162596283862604
9.659999999999895,0.2215161614221516,4.295978162303011,7.1684860662252605,13.318187387090486,-11.823611784037535,-22.597147456806017,5172.701107483374,-5172.701107483374,10345.402214966747,0.20690804429933496,-0.4259310266075081
9.669999999999899,0.22151702613819144,5.0686545910820024,7.727185186588575,13.07615215626357,-10.261887716006436,-20.647026883215503,3149.4698487979094,-3149.4698487979094,6298.939697595819,0.12597879395191638,-0.704813113146684
9.679999999999902,0.22151801293848744,5.791823316783067,8.194802981059604,12.652359871303656,-8.573422715448478,-18.422386365736823,573.1223970551926,-573.1223970551926,1146.244794110385,0.022924895882207703,-0.9630103305328356
9.689999999999905,0.22151910755006532,6.445090291908718,8.55419293823525,12.044176105420952,-6.7807229690976545,-15.946365330359683,-2433.7808905532706,2433.7808905532706,-4867.561781106541,-0.09735123562213083,-1.0
9.699999999999909,0.2215202913519576,7.0052911503217805,8.786123542254568,11.248940669039186,-4.903377189070188,-13.240607572011857,-5564.080746607544,5564.080746607544,-11128.161493215088,-0.22256322986430177,-1.0
9.709999999999912,0.22152154353791675,7.449316816508749,8.8719871421934,10.265815217477606,-2.9609122147954925,-10.330105185340848,-8541.976309204,8541.976309204,-17083.952618408,-0.34167905236816,-1.0
9.719999999999915,0.2215228436435441,7.756723698613558,8.796262391127364,9.097384376483285,-0.9754798977986286,-7.247099544406518,-11159.816024319678,11159.816024319678,-22319.632048639356,-0.44639264097278714,-1.0
9.729999999999919,0.22152416971267488,7.912501027011317,8.549463717727399,7.752352419999631,1.0285565704506925,-4.030764095932676,-13273.83472069861,13273.83472069861,-26547.66944139722,-0.5309533888279445,-1.0
9.739999999999922,0.22152547301319891,7.909310499426817,8.13090434565668,6.2486475107683885,3.027222430393319,-0.7237497292051663,-14805.066663597101,14805.066663597101,-29610.133327194202,-0.5922026665438841,-1.0
9.749999999999925,0.22152669925822135,7.74846938430841,7.549710096123222,4.6143732810365465,4.998549741483717,2.631324976538898,-15737.989958205057,15737.989958205057,-31475.979916410113,-0.6295195983282024,-1.0
9.759999999999929,0.22152783699580292,7.43774841056955,6.821802437570213,2.88352546140554,6.9179117419988705,5.985403345005086,-16103.548124782776,16103.548124782776,-32207.09624956555,-0.6441419249913111,-1.0
9.769999999999932,0.22152887787118056,6.990562124365042,5.968829614032734,1.0946681339183773,8.758848554868845,9.285921329756489,-15968.5706996179,15968.5706996179,-31937.1413992358,-0.638742827984716,-1.0
9.779999999999935,0.2215297959856558,6.424538896599234,5.016287957786356,-0.711458665557925,10.49271717058048,12.477238138884273,-15426.037115802867,15426.037115802867,-30852.074231605733,-0.6170414846321147,-1.0
9.789999999999939,0.22153057308640678,5.75956638453388,3.9911398974817587,-2.494844131446673,12.087872315221803,15.499710961654428,-14582.575068377446,14582.575068377446,-29165.15013675489,-0.5833030027350978,-1.0
9.799999999999942,0.22153119812286265,5.016076025447384,2.919827901097538,-4.218472194681878,13.509973784994108,18.29032336946146,-13547.715579950154,13547.715579950154,-27095.43115990031,-0.5419086231980063,-1.0
9.809999999999945,0.2215316655848206,4.2137860354069225,1.8269321560366223,-5.8496484417654315,14.723721371883894,20.785489385999163,-12426.349962121325,12426.349962121325,-24852.69992424265,-0.49705399848485304,-1.0
9.819999999999949,0.2215319737783009,3.370819553211827,0.734350413808952,-7.360569174650691,15.69561883384254,22.925590523341864,-11313.91723481419,11313.91723481419,-22627.83446962838,-0.4525566893925676,-1.0
9.829999999999952,0.22153212377007614,2.5030874020657645,-0.3391713483252955,-8.728398523891812,16.397175395887498,24.66040977376748,-10293.504132678921,10293.504132678921,-20587.008265357843,-0.4117401653071569,-1.0
9.839999999999955,0.22153211903586162,1.6238309966988698,-1.3783571016640153,-9.935250432304482,16.807530947721148,25.95306874721383,-9433.931896559474,9433.931896559474,-18867.863793118948,-0.377357275862379,-1.0
9.849999999999959,0.2215319652691886,0.7432686099531379,-2.371638925378049,-10.968184506311943,16.915203705677282,26.781891294474008,-8788.276403131083,8788.276403131083,-17576.552806262167,-0.3515310561252434,-1.0
9.859999999999962,0.2215316701119294,-0.1316306765923739,-3.3112730082907964,-11.819126897997952,16.719144230392093,27.140911767834886,-8392.96827343809,8392.96827343809,-16785.93654687618,-0.3357187309375236,-1.0
9.869999999999965,0.22153124289052986,-0.9972266191870424,-4.193314736459481,-12.484687589219964,16.22915337492894,27.03941912511541,-8215.649001064185,8215.649001064185,-16431.29800212837,-0.3286259600425674,-0.7760331950216961
9.879999999999969,0.22153069441175055,-1.8524361127320932,-5.016753014596268,-12.965299499807344,15.465207221958831,26.500198960860317,-8008.763750864443,8008.763750864443,-16017.527501728886,-0.32035055003457774,-0.47729107389205483
9.889999999999972,0.22153003692281867,-2.6962329525600133,-5.78096624626876,-13.263072696654914,14.454794248065143,25.55534774402398,-7532.966462275887,7532.966462275887,-15065.932924551775,-0.3013186584910355,-0.17188350259643106
9.899999999999975,0.2215292842900884,-3.5252792433490656,-6.483404819767557,-13.380016898296633,13.229321929059546,24.24101666644581,-6620.21097810994,6620.21097810994,-13240.42195621988,-0.2648084391243976,0.13162596284111613
9.909999999999979,0.22152845219482828,-4.332470983060241,-7.118242072959518,-13.317141469508856,11.8207587127183,22.592831297099778,-5170.670109902856,5170.670109902856,-10341.340219805712,-0.20682680439611426,0.4259310266099238
9.919999999999982,0.2215275580560336,-5.10623497578099,-7.675779299949631,-13.074138308643589,10.25906369442975,20.642851364355664,-3147.702549993618,3147.702549993618,-6295.405099987236,-0.12590810199974473,0.7048131131489196
9.929999999999986,0.22152662055020567,-5.83040528350809,-8.142399513538882,-12.64940952026603,8.5706729781728,18.41838214276294,-571.5292641015049,571.5292641015049,-1143.0585282030097,-0.022861170564060194,0.9630103305349099
9.939999999999989,0.2215256587478868,-6.4845854975694595,-8.50095899148078,-12.040324551804272,6.778095425607852,15.942567519144637,2435.293142252176,-2435.293142252176,4870.586284504352,0.09741172569008705,1.0
9.949999999999992,0.22152469094593538,-7.045607806660487,-8.732227012295708,-11.244225754429602,4.900919865889475,13.237053140799876,5565.602601107289,-5565.602601107289,11131.205202214578,0.2226241040442916,1.0
9.959999999999996,0.221523733263088,-7.490358842169116,-8.817594890674437,-10.260276119738613,2.958670576645975,10.326830654986885,8543.589612803977,-8543.589612803977,17087.179225607953,0.3417435845121591,1.0
9.969999999999999,0.22152279838601469,-7.798389510741624,-8.741537956133298,-9.091059705209817,0.973495395412573,7.2441401068607885,11161.586879391005,-11161.586879391005,22323.17375878201,0.4464634751756402,1.0
9.980000000000002,0.22152189687632948,-7.954682200779445,-8.494564782238372,-7.745277784503501,-1.0302468180623299,4.028153706030369,13275.804323021914,-13275.804323021914,26551.608646043827,0.5310321729208766,1.0
9.990000000000006,0.22152105906245725,-7.95189611551234,-8.075987002325972,-6.240862642406875,-3.028600065470835,0.7214969515025746,14807.264095276196,-14807.264095276196,29614.52819055239,0.5922905638110478,1.0
10.000000000000009,0.22152031530509206,-7.791338758489767,-7.494917007280745,-4.605905331076902,-4.999591649228746,-2.6331966551895865,15740.410950566868,-15740.410950566868,31480.821901133735,0.6296164380226748,1.0
10.010000000000012,0.22151965564916115,-7.480773188350671,-6.767263766971087,-2.874390487864078,-6.918593623308099,-5.98686251229405,16106.129544365578,-16106.129544365578,32212.259088731156,0.6442451817746232,1.0
10.020000000000016,0.22151907173758087,-7.033612257453212,-5.9146694914002085,-1.0848801444404665,-8.75915861622163,-9.28695197752413,15971.232775476525,-15971.232775476525,31942.46555095305,0.6388493110190611,1.0
10.030000000000019,0.22151857565661942,-6.467484721874761,-4.962626205268886,0.7218856649555334,-10.492657824591268,-12.477842486792195,15428.692726960224,-15428.692726960224,30857.385453920448,0.617147709078409,1.0
10.040000000000022,0.22151817470735963,-5.802280169204773,-3.938093271657529,2.5058948371535847,-12.087459773749783,-15.499908754899518,14585.13667912992,-14585.13667912992,29170.27335825984,0.5834054671651969,1.0
10.050000000000026,0.22151787040000726,-5.058433138303347,-2.867510885790214,4.23012940153749,-13.509235742370757,-18.29014787807126,13550.09986679071,-13550.09986679071,27100.19973358142,0.5420039946716284,1.0
10.060000000000029,0.2215176585138346,-4.255665943547436,-1.7754575116117801,5.861892775452514,-14.722693603196735,-20.784981591876463,12428.481191882973,-12428.481191882973,24856.962383765946,0.497139247675319,1.0
10.070000000000032,0.22151752986311976,-3.412106763879361,-0.6838296663137465,7.373378796918174,-15.694341709644416,-22.92479361940282,11315.730312048187,-11315.730312048187,22631.460624096373,0.4526292124819275,1.0
10.080000000000036,0.2215174711636263,-2.5436724093200898,0.3886274153982596,8.741748805978371,-16.39569042114952,-24.65936343283847,10294.947737195138,-10294.947737195138,20589.895474390276,0.41179790948780554,1.0
10.090000000000039,0.22151746597375963,-1.663610982911347,1.4266381269917245,9.949113721115976,-16.80587754888556,-25.951803536406164,9434.970947662472,-9434.970947662472,18869.941895324944,0.3773988379064989,1.0
10.100000000000042,0.2215174958987212,-0.7821477860477599,2.4186348578599994,10.982529879620872,-16.913416958284763,-26.78042535616006,8788.89339169542,-8788.89339169542,17577.78678339084,0.3515557356678168,1.0
10.110000000000046,0.22151754175902022,0.09374109177020826,3.3568742283030977,11.833919971950516,-16.71725353592578,-27.13924984363411,8393.163462903703,-8393.163462903703,16786.326925807407,0.33572653851614814,1.0
10.120000000000049,0.22151758450030332,0.9604087888005045,4.237412465133718,12.499890491093542,-16.227181898212248,-27.03755347816955,8215.439253717112,-8215.439253717112,16430.878507434223,0.3286175701486845,0.7760331950192811
10.130000000000052,0.22151760589956757,1.8167662709529746,5.059239996050495,12.980871042476656,-15.463171915650666,-26.498111687972678,8008.180050345974,-8008.180050345974,16016.360100691949,0.320327202013839,0.4772910738895163
10.140000000000056,0.22151758920219758,2.6617822606904515,5.821737613906089,13.278968690223524,-14.452706381990925,-25.553014080516693,7532.05055539012,-7532.05055539012,15064.10111078024,0.30128202221560485,0.17188350259389726
10.150000000000059,0.2215175198488178,3.4921146654276773,6.522359029603661,13.396190490803345,-13.227188113951524,-24.23840904405445,6619.011732645422,-6619.011732645422,13238.023465290844,0.2647604693058169,-0.131625962843633
10.160000000000062,0.2215173863331214,4.3006560498213595,7.155281816110236,13.33354346054376,-11.81858232658006,-22.5899238217335,5169.24009195857,-5169.24009195857,10338.48018391714,0.2067696036783428,-0.4259310266123092
10.170000000000066,0.22151718103621001,5.075830340397279,7.710812336733476,13.090717428427016,-10.256846532177658,-20.639624262856533,3146.0951550067116,-3146.0951550067116,6292.190310013423,0.12584380620026847,-0.7048131131511841
10.180000000000069,0.2215169007664836,5.801469017627411,8.175339385976729,12.66611267613759,-8.5684169326793,-18.414825749644837,569.7966059874839,-569.7966059874839,1139.5932119749677,0.022791864239499356,-0.9630103305369534
10.190000000000072,0.22151654676303792,6.45717316200647,8.53172562720044,12.057097085412671,-6.775804037096683,-15.938685544510578,-2437.1016222315584,2437.1016222315584,-4874.203244463117,-0.09748406488926234,-1.0
10.200000000000076,0.22151612418194383,7.019772383069808,8.760747250733875,11.261011732523038,-4.898599647603674,-13.232865103724693,-5567.4411837078915,5567.4411837078915,-11134.882367415783,-0.22269764734831568,-1.0
10.210000000000079,0.22151564110563243,7.466150448067955,8.84380269150296,10.277018359814114,-2.9563321674313188,-10.32237271705014,-8545.416098328722,8545.416098328722,-17090.832196657444,-0.3418166439331489,-1.0
10.220000000000082,0.2215151071464457,7.775856109783161,8.765375765424267,9.107701435295471,-0.9711520558608766,-7.239461680866377,-11163.365828995118,11163.365828995118,-22326.731657990236,-0.44653463315980474,-1.0
10.230000000000086,0.22151453415760125,7.93387172483919,8.515986903556605,7.761767389195877,1.0325852443223607,-4.023307669852426,-13277.519843869452,13277.519843869452,-26555.039687738903,-0.5311007937547781,-1.0
10.240000000000089,0.22151394428354318,7.932879688226772,8.094994305840991,6.257205685421709,3.0310063386586705,-0.7164075741737053,-14809.027177307562,14809.027177307562,-29618.054354615124,-0.5923610870923025,-1.0
10.250000000000092,0.22151336423891396,7.774168802647666,7.511498211051423,4.622079854680812,5.002091754022928,2.6385163376198113,-15742.355495406497,15742.355495406497,-31484.710990812993,-0.62969421981626,-1.0
10.260000000000096,0.22151280927514755,7.465481291513059,6.781393685260408,2.890346295424594,6.921168068652575,5.992320756114222,-16108.238215949961,16108.238215949961,-32216.476431899922,-0.6443295286379985,-1.0
10.270000000000099,0.22151229103531492,7.020226106555157,5.9263333169045955,1.100575140240693,8.761799376593004,9.292477732905867,-15973.50451245633,15973.50451245633,-31947.00902491266,-0.6389401804982532,-1.0
10.280000000000102,0.22151182336490716,6.456026654124667,4.971817122014166,-0.7064886399143284,10.495364050817958,12.483380612061648,-15431.133190774626,15431.133190774626,-30862.266381549252,-0.617245327630985,-1.0
10.290000000000106,0.22151141661858148,5.792766037973272,3.9448103560888748,-2.4908309318641004,12.090233527240501,15.50541501087731,-14587.749578809939,14587.749578809939,-29175.499157619877,-0.5835099831523975,-1.0
10.300000000000109,0.22151107871269654,5.0508716719191105,2.871757720119191,-4.21543372001853,13.51207891993131,18.295585640668715,-13552.881059931182,13552.881059931182,-27105.762119862364,-0.5421152423972473,-1.0
10.310000000000112,0.22151081650400734,4.250058628179938,1.7772415898672218,-5.847601209107559,14.7256064115058,20.790321001847982,-12431.416148711218,12431.416148711218,-24862.832297422436,-0.49725664594844876,-1.0
10.320000000000116,0.22151063672775795,3.4084481589305304,0.683162484865141,-7.359527781792349,15.697322829467852,22.93001408913246,-11318.79463151091,11318.79463151091,-22637.58926302182,-0.4527517852604364,-1.0
10.330000000000119,0.22151054626376346,2.54195069133457,-0.3917299337753387,-8.72837459800524,16.398737740518673,24.664456908929353,-10298.109499476286,10298.109499476286,-20596.218998952572,-0.41192437997905146,-1.0
10.340000000000122,0.22151055178386872,1.6638086194043955,-1.4321551369592502,-9.936251790901661,16.808988085332064,25.95677451357675,-9438.193384869215,9438.193384869215,-18876.38676973843,-0.37752773539476864,-1.0
10.350000000000126,0.22151065915922635,0.7842423374618753,-2.426539969261773,-10.970214250646467,16.91658654467931,26.78528932465291,-8792.13807737629,8792.13807737629,-17584.27615475258,-0.35168552309505163,-1.0
10.360000000000129,0.22151087298962832,-0.08977613665714357,-3.3671348348399563,-11.822182540252227,16.72047643827841,27.14403084519629,-8396.393758450198,8396.393758450198,-16792.787516900396,-0.33585575033800796,-1.0
10.370000000000132,0.22151119630762758,-0.9546032466989891,-4.249989125090637,-12.488760418532062,16.23045039141328,27.042281023639962,-8218.623548007281,8218.623548007281,-16437.247096014562,-0.32874494192029124,-0.7760331950168692
10.380000000000136,0.22151163037321409,-1.8091526547911274,-5.074085951730849,-12.97037429227345,15.466475862982335,26.502817333779277,-8011.294389888379,8011.294389888379,-16022.588779776757,-0.32045177559553517,-0.4772910738869811
10.39000000000014,0.22151217438586615,-2.6523953894707057,-5.83879851715436,-13.269127760159765,14.456032841220866,25.557727903242533,-7535.080357389659,7535.080357389659,-15070.160714779318,-0.3014032142955864,-0.17188350259133933
10.400000000000142,0.2215128249716272,-3.480991517742856,-6.541572906507644,-13.387024359601435,13.230521012223186,24.243156246102306,-6621.95241998662,6621.95241998662,-13243.90483997324,-0.26487809679946483,0.1316259628461174
10.410000000000146,0.2215135755794227,-4.287835843172746,-7.176579265791553,-13.325067705371344,11.821902317954525,22.59472180879629,-5172.096702089086,5172.096702089086,-10344.193404178171,-0.20688386808356346,0.4259310266146907
10.42000000000015,0.2215144161034813,-5.061354794810399,-7.734116950000092,-13.082944470464245,10.260131123118796,20.644480460144106,-3148.8810700655595,3148.8810700655595,-6297.762140131119,-0.12595524280262238,0.7048131131534446
10.430000000000152,0.2215153329865261,-5.785382760818955,-8.200568381219199,-12.659052149915565,8.571640864113037,18.41973623512538,-572.531522500767,572.531522500767,-1145.063045001534,-0.02290126090003068,0.9630103305390227
10.440000000000156,0.22151630992661378,-6.4395242557617705,-8.55879070864732,-12.050756353851124,6.778939817812993,15.94363442574357,2434.3944577015077,-2434.3944577015077,4868.788915403015,0.09737577830806031,1.0
10.45000000000016,0.22151732911745547,-7.000612944869388,-8.78955565331,-11.255396551164248,4.901618174884007,13.237824551950599,5564.738410001044,-5564.738410001044,11129.476820002088,0.22258953640004178,1.0
10.460000000000163,0.221518372950608,-7.4455372295465905,-8.874258298819436,-10.272133620256595,2.9592035031530544,10.327303706347934,8542.697894013938,-8542.697894013938,17085.395788027876,0.34170791576055753,1.0
10.470000000000166,0.22151942583318573,-7.753850814704521,-8.797379949714044,-9.103551553615297,0.9738467632252832,7.244316071577766,11160.61872542477,-11160.61872542477,22321.23745084954,0.44642474901699086,1.0
10.48000000000017,0.22152047271693417,-7.910540644340942,-8.549438428536,-7.75835536996881,-1.0300930026429143,4.028033280392076,13274.735792491612,-13274.735792491612,26549.471584983225,0.5309894316996645,1.0
10.490000000000173,0.22152147656088977,-7.9082760986309095,-8.129765028066643,-6.254496274715416,-3.028680536015214,0.7210460117854733,14806.128438295367,-14806.128438295367,29612.256876590734,0.5922451375318147,1.0
10.500000000000176,0.22152239780081268,-7.748363620962571,-7.547477454506425,-4.620063327028832,-4.99993088623961,-2.633991878063054,15739.27294411289,-15739.27294411289,31478.54588822578,0.6295709177645157,1.0
10.51000000000018,0.22152323660401455,-7.4385624288875425,-6.818488298655891,-2.889037423110889,-6.919201414589824,-5.987993354968557,16105.034546612824,-16105.034546612824,32210.069093225648,0.644201381864513,1.0
10.520000000000183,0.22152399387676286,-6.992283535655627,-5.964447991564909,-1.0999842756668403,-8.760042106188433,-9.288408537671797,15970.24017472213,-15970.24017472213,31940.48034944426,0.6388096069888852,1.0
10.530000000000186,0.22152465240231178,-6.427151712429964,-5.010854538358275,0.7063552050447731,-10.493818358633899,-12.479609120892102,15427.865025794043,-15427.865025794043,30855.730051588085,0.6171146010317617,1.0
10.54000000000019,0.2215252007947662,-5.76305106339028,-3.98467163920644,2.4899700571959644,-12.088891341736984,-15.501962249467605,14584.531284460976,-14584.531284460976,29169.062568921952,0.5833812513784391,1.0
10.550000000000193,0.22152563365433744,-5.020409685428131,-2.9123428747222078,4.213844484885037,-13.510925294901503,-18.292458838868843,13549.764082169531,-13549.764082169531,27099.528164339063,0.5419905632867813,1.0
10.560000000000196,0.22152595067190986,-4.218942859506807,-1.8184496740722251,5.845284378487413,-14.724622721256427,-20.787518155049323,12428.449650178149,-12428.449650178149,24856.899300356297,0.497137986007126,1.0
10.5700000000002,0.2215261554530365,-3.37677136191777,-0.7248914291295738,7.356485931215895,-15.696488932362787,-22.92752626852476,11316.02393455086,-11316.02393455086,22632.04786910172,0.4526409573820344,1.0
10.580000000000203,0.2215262547030155,-2.509804307056614,0.3495837274033154,8.724612584543225,-16.398033665425242,-24.662270156322563,10295.57330063588,-10295.57330063588,20591.14660127176,0.41182293202543524,1.0
10.590000000000206,0.22152625774798235,-1.6312820471523182,1.3896971200126156,9.931777109910652,-16.808395940270035,-25.954873467542438,9435.921223626121,-9435.921223626121,18871.842447252242,0.37743684894504487,1.0
10.60000000000021,0.22152617597909993,-0.7514224057214778,2.383877695139247,10.965037445695401,-16.916091861125857,-26.783660132001547,8790.148350703847,-8790.148350703847,17580.296701407693,0.3516059340281539,1.0
10.610000000000213,0.221526022224684,0.12280545696114756,3.324378078872393,11.816317607306903,-16.720068866737755,-27.142662912077455,8394.692374419184,-8394.692374419184,16789.38474883837,0.3357876949767674,1.0
10.620000000000216,0.2215258102003546,0.9877608269892157,4.207249780195444,12.482225068126244,-16.230123897242077,-27.041167787593785,8217.203645711767,-8217.203645711767,16434.407291423533,0.32868814582847067,0.7760331950144069
10.63000000000022,0.22152555404589838,1.8423599000877124,5.031477662456939,12.963190000723067,-15.466228551386198,-26.50195626564546,8010.137290893874,-8010.137290893874,16020.274581787748,0.320405491635755,0.4772910738844633
10.640000000000223,0.22152526794376645,2.685575707943542,5.796436084070318,13.261319627217105,-14.455866481487265,-25.55711990261116,7534.157585680939,-7534.157585680939,15068.315171361877,0.3013663034272376,0.17188350258880128
10.650000000000226,0.22152496577737005,3.514069675566585,6.499571536894046,13.378620849242637,-13.230440258057001,-24.242804477951957,6621.228399426525,-6621.228399426525,13242.45679885305,0.26484913597706106,-0.13162596284861058
10.66000000000023,0.22152466072973095,4.320737324510441,7.135053748393108,13.31610034149862,-11.82191363648588,-22.59463004254467,5171.5316818074425,-5171.5316818074425,10343.063363614885,0.20686126727229773,-0.42593102661713983
10.670000000000233,0.22152436478072524,5.094005273140504,7.693180814925414,13.073447524280626,-10.260241522739792,-20.644651107277767,3148.4338992356725,-3148.4338992356725,6296.867798471345,0.1259373559694269,-0.7048131131556828
10.680000000000236,0.22152408818874095,5.817707749382549,8.160333086117793,12.649062325220887,-8.57185657127548,-18.4201683728156,572.1620223649337,-572.1620223649337,1144.3240447298674,0.022886480894597352,-0.9630103305410687
10.69000000000024,0.2215238390873252,6.471448916338972,8.519364835117667,12.040312421369835,-6.779265079422842,-15.944322040895841,-2434.723500689655,2434.723500689655,-4869.44700137931,-0.0973889400275862,-1.0
10.700000000000243,0.22152362321690872,7.032061989525891,8.751044099001499,11.244538903969016,-4.902054281716005,-13.23875513211398,-5565.059321035717,5565.059321035717,-11130.118642071435,-0.22260237284142873,-1.0
10.710000000000246,0.22152344379389707,7.476435033333211,8.836761699534366,10.26090400726991,-2.9597479569498173,-10.328457768545315,-8543.037157383022,8543.037157383022,-17086.074314766043,-0.3417214862953209,-1.0
10.72000000000025,0.22152330163539086,7.784120867731781,8.760993317924806,9.091991678562898,-0.9744943540718632,-7.245669395553123,-11160.99370226139,11160.99370226139,-22321.98740452278,-0.44643974809045567,-1.0
10.730000000000253,0.2215231953567519,7.940104240945772,8.514248688367417,7.746503717405982,1.0293463951051574,-4.029562662602643,-13275.14578576896,13275.14578576896,-26550.29157153792,-0.5310058314307584,-1.0
10.740000000000256,0.2215231271608852,7.9370439530171275,8.095837239330862,6.242367487508588,3.027806930410018,-0.7227801803594166,-14806.512250402502,14806.512250402502,-29613.024500805004,-0.5922604900161001,-1.0
10.75000000000026,0.22152309682987592,7.776252243738912,7.5148769324600995,4.607680081228791,4.998918689155424,2.632053959290848,-15739.548763087747,15739.548763087747,-31479.097526175494,-0.62958195052351,-1.0
10.760000000000263,0.22152309164773906,7.465496457351341,6.787282311315342,2.876431904060052,6.918056326928786,5.985881399653803,-16105.170906136875,16105.170906136875,-32210.34181227375,-0.644206836245475,-1.0
10.770000000000266,0.22152310136693995,7.018190762395185,5.934697641604679,1.0871856059023883,8.758766719294448,9.286145616977349,-15970.198587477073,15970.198587477073,-31940.397174954145,-0.638807943499083,-1.0
10.78000000000027,0.22152312380062322,6.451964659315036,4.982616640795166,-0.7193186098256301,10.492414750298332,12.477215354716478,-15427.608647543446,15427.608647543446,-30855.21729508689,-0.6171043459017379,-1.0
10.790000000000273,0.2215231563758713,5.786708023885145,3.9580000864607,-2.5030687440026393,12.087362811767493,15.499457068863604,-14584.031357370051,14584.031357370051,-29168.062714740103,-0.5833612542948021,-1.0
10.800000000000276,0.22152319524284655,5.042855286052923,2.8872893743977825,-4.227047067824878,13.509276868413869,18.289861136915846,-13549.003588100773,13549.003588100773,-27098.007176201547,-0.541960143524031,-1.0
10.81000000000028,0.221523234704051,4.240128253432153,1.7950639620663122,-5.858557352762618,14.722860672271265,20.784844727549437,-12427.42461076988,12427.42461076988,-24854.84922153976,-0.49709698443079525,-1.0
10.820000000000283,0.22152326713751355,3.396654170844941,0.7032211114071293,-7.3697939941008,15.694619664442813,22.92478892928074,-11314.743017200532,11314.743017200532,-22629.486034401063,-0.4525897206880213,-1.0
10.830000000000286,0.22152328322943626,2.528348454656101,-0.36949348510008856,-8.7379191477159,16.39606253025648,24.659472585545775,-10294.056589052541,10294.056589052541,-20588.113178105083,-0.41176226356210166,-1.0
10.84000000000029,0.2215232724971206,1.6484574258708302,-1.4078039977782077,-9.9450447556938,16.806326723280456,25.95200991154912,-9434.198612307137,9434.198612307137,-18868.397224614273,-0.3773679444922855,-1.0
10.850000000000293,0.22152322403700447,0.767204331708988,-2.4001427661423107,-10.978228393018014,16.91392681659132,26.7807157481233,-8788.257232262833,8788.257232262833,-17576.514464525666,-0.35153028929051333,-1.0
10.860000000000296,0.22152312721240208,-0.10843693898875396,-3.3387664572198394,-11.82939418790516,16.71780916447118,27.139615358799848,-8392.674803662816,8392.674803662816,-16785.349607325632,-0.3357069921465127,-1.0
10.8700000000003,0.22152297216727673,-0.9748217311131744,-4.219731332108586,-12.495150205370187,16.227770356912046,27.03798974021052,-8215.10315863144,8215.10315863144,-16430.20631726288,-0.32860412634525765,-0.7760331950119908
10.880000000000303,0.22152275023405035,-1.830863099006382,-5.042027726546311,-12.975927669218477,15.4637825386943,26.49861850817745,-8007.995637006119,8007.995637006119,-16015.991274012238,-0.3203198254802448,-0.4772910738819488
10.890000000000306,0.22152245437823664,-2.675531653582969,-5.805036127202068,-13.273835238609614,14.453330889538304,25.553594719554294,-7532.011720460777,7532.011720460777,-15064.023440921554,-0.3012804688184311,-0.17188350258626578
10.90000000000031,0.22152207981533314,-3.5054869604411607,-6.506209676500707,-13.390881511003858,13.22782052091042,24.239069132063616,-6619.108084471954,6619.108084471954,-13238.216168943907,-0.2647643233788782,0.1316259628511554
10.910000000000313,0.22152162473875497,-4.313623029595407,-7.1397250997181425,-13.328074982181812,11.819218660591208,22.590670031249616,-5169.457906664704,5169.457906664704,-10338.915813329408,-0.20677831626658816,0.42593102661952525
10.920000000000316,0.22152109091592348,-5.088365072490512,-7.695887634919348,-13.085106894183982,10.25748441108157,20.640462881275738,-3146.4182366601017,3146.4182366601017,-6292.836473320203,-0.12585672946640408,0.7048131131579173
10.93000000000032,0.22152048389186574,-5.813545763665708,-8.161084686567767,-12.660378864966265,8.569055066202008,18.415761304790284,-570.2069891825578,570.2069891825578,-1140.4139783651156,-0.022808279567302314,0.9630103305431111
10.940000000000323,0.22151981262642906,-6.468767341961039,-8.518177267524688,-12.05126000428789,6.776441714968001,15.93971958658686,2436.6230970204388,-2436.6230970204388,4873.2461940408775,0.09746492388081755,1.0
10.950000000000326,0.2215190886140079,-7.030860562579785,-8.747939650264357,-11.2550924644707,4.899236251455066,13.233995199602079,5566.914279250836,-5566.914279250836,11133.828558501673,0.22267657117003348,1.0
10.96000000000033,0.22151832454854187,-7.47671037926699,-8.831768165566022,-10.271038972254967,2.956966690077742,10.323591939316561,8544.860900782633,-8544.860900782633,17089.721801565265,0.3417944360313053,1.0
10.970000000000333,0.2215175327631547,-7.785866405579426,-8.754143915232328,-9.101684296447614,0.9717834974953251,7.240759516586294,11162.801164332543,-11162.801164332543,22325.602328665085,0.44651204657330174,1.0
10.980000000000336,0.2215167263406034,-7.943311041130141,-8.505583312738606,-7.755733418699233,-1.0319559796741522,4.024673052959793,13276.958358618971,-13276.958358618971,26553.916717237942,0.5310783343447589,1.0
10.99000000000034,0.22151593434487452,-7.94171879413251,-8.08542861801187,-6.251156584142541,-3.03034982083025,0.7178732606925193,14808.438441221537,-14808.438441221537,29616.876882443074,0.5923375376488615,1.0
11.000000000000343,0.22151518932596337,-7.782384728801506,-7.502783895146123,-4.616026685405373,-5.0013941226556975,-2.636947863460674,15741.700831163522,-15741.700831163522,31483.401662327044,0.629668033246541,1.0
11.010000000000346,0.22151449847003338,-7.473058023741394,-6.773548509472621,-2.8843096111245266,-6.920430852665755,-5.9906742789339305,16107.52929522152,-16107.52929522152,32215.05859044304,0.6443011718088608,1.0
11.02000000000035,0.22151386693719666,-7.027148858943377,-5.919371070299379,-1.094572635440112,-8.761020535052912,-9.29077210642055,15972.746504166755,-15972.746504166755,31945.49300833351,0.6389098601666703,1.0
11.030000000000353,0.2215133100750212,-6.462282348930277,-4.965748383274915,0.7124410863252159,-10.49453969959841,-12.481630698733419,15430.327888843816,-15430.327888843816,30860.655777687633,0.6172131155537527,1.0
11.040000000000356,0.22151283868791877,-5.798343676696716,-3.9396431727178087,2.4967182926171785,-12.089359585103741,-15.503633536918349,14586.898233230926,-14586.898233230926,29173.796466461852,0.5834759293292371,1.0
11.05000000000036,0.22151245940186587,-5.055762552498227,-2.8674980623752497,4.22124117053105,-13.511152281832297,-18.293784322824706,13551.986321320557,-13551.986321320557,27103.972642641114,0.5420794528528223,1.0
11.060000000000363,0.221512175672678,-4.2542564026069165,-1.773893554382711,5.853313845795853,-14.724625537058861,-20.788510739145618,12430.482952863986,-12430.482952863986,24860.96590572797,0.4972193181145595,1.0
11.070000000000366,0.22151198874094297,-3.4119487625424716,-0.6807282864294357,7.365130679211376,-15.696287727057141,-22.928204003724836,11317.830141096574,-11317.830141096574,22635.66028219315,0.452713205643863,1.0
11.08000000000037,0.22151189813663266,-2.5447522101319304,0.39325006998010215,8.733853022391836,-16.397649683385257,-24.662652978148174,10297.122496449705,-10297.122496449705,20594.24499289941,0.41188489985798826,1.0
11.090000000000373,0.22151190178149416,-1.6659111133494076,1.4327631063405524,9.9415913783183,-16.807849523581005,-25.954979133141485,9437.193560062853,-9437.193560062853,18874.387120125706,0.37748774240251415,1.0
11.100000000000376,0.22151199606243516,-0.7856476154032731,2.426239958374188,10.975401192900954,-16.915401086799218,-26.783501444048472,8791.13514528761,-8791.13514528761,17582.27029057522,0.35164540581150444,1.0
11.11000000000038,0.22151217600979595,0.08906476112522219,3.365933509386759,11.827203769540152,-16.719248857636178,-27.142246495286628,8395.396479680134,-8395.396479680134,16790.792959360268,0.33581585918720536,1.0
11.120000000000383,0.22151243550329391,0.9545811875827125,4.247895808183793,12.49360376931709,-16.229186645501926,-27.040494154253878,8217.638786649095,-8217.638786649095,16435.27757329819,0.3287055514659638,0.7760331950095812
11.130000000000386,0.2215127674544316,1.8098142435895617,5.071112765781669,12.975028623024892,-15.46518310504188,-26.50102084738953,8010.326330152471,-8010.326330152471,16020.652660304942,0.32041305320609886,0.47729107387939174
11.14000000000039,0.2215131638907231,2.6537339957984827,5.834960463363726,13.273583014543998,-14.454719417955909,-25.555914789319157,7534.129997575992,-7534.129997575992,15068.259995151984,0.3013651999030397,0.17188350258368407
11.150000000000393,0.22151361590495036,3.482999584434335,6.536887863914562,13.391271555057,-13.229196442901758,-24.241320732419197,6621.017430700361,-6621.017430700361,13242.034861400722,0.26484069722801445,-0.13162596285363845
11.160000000000396,0.2215141135877119,4.29050483470279,7.171067905755895,13.3290988585237,-11.820577223466238,-22.59286040454487,5171.171662174634,-5171.171662174634,10342.343324349267,0.20684686648698536,-0.42593102662190546
11.1700000000004,0.22151464611232416,5.064675069137969,7.727802568225897,13.08675247362886,-10.258817076949573,-20.64259278052555,3147.958046900323,-3147.958046900323,6295.916093800646,0.12591832187601293,-0.7048131131602073
11.180000000000403,0.2215152020458766,5.789343379630208,8.193476648670897,12.662630602984452,-8.570350167035398,-18.417825559052282,571.6009557016228,-571.6009557016228,1143.2019114032455,0.02286403822806491,-0.9630103305452103
11.190000000000406,0.2215157698756265,6.444112745626797,8.550949344049258,12.054099349952866,-6.777685230769365,-15.941707997707855,-2435.342597551166,2435.342597551166,-4870.685195102332,-0.09741370390204665,-1.0
11.20000000000041,0.22151633870705864,7.005815027431369,8.780994036209803,11.258498421453687,-4.90041263150769,-13.23589364912598,-5565.713247304475,5565.713247304475,-11131.42649460895,-0.22262852989217902,-1.0
11.210000000000413,0.22151689909444677,7.45133657527363,8.865007062392825,10.274988661127352,-2.9580597760205327,-10.325383414687542,-8543.706222387471,8543.706222387471,-17087.412444774942,-0.3417482488954989,-1.0
11.220000000000416,0.2215174437791752,7.760228948435841,8.7874707391115,9.106153969086057,-0.9727768410035189,-7.242424421027169,-11161.664111616346,11161.664111616346,-22323.328223232693,-0.4464665644646539,-1.0
11.23000000000042,0.22151796692430845,7.917477172065381,8.538904099033381,7.760699841914756,1.0310793369301716,-4.026189057818349,-13275.819510908868,13275.819510908868,-26551.639021817737,-0.5310327804363548,-1.0
11.240000000000423,0.22151845118455682,7.915755845851833,8.118649633765921,6.256593105820007,3.02959946902663,-0.7192290304662029,-14807.280371616413,14807.280371616413,-29614.560743232825,-0.5922912148646565,-1.0
11.250000000000426,0.22151887930576963,7.756364155271717,7.535818259753831,4.621912570047673,5.000785331408237,2.6357747043447164,-15740.519897570899,15740.519897570899,-31481.039795141798,-0.629620795902836,-1.0
11.26000000000043,0.2215192578395672,7.447054198339994,6.806315686640681,2.8906292191001333,6.9199822348718785,5.989712417955605,-16106.349763514334,16106.349763514334,-32212.699527028668,-0.6442539905405734,-1.0
11.270000000000433,0.22151959238407307,7.001235860935303,5.951793438302326,1.1013105879020066,8.760746147746696,9.29004297231089,-15971.597576252152,15971.597576252152,-31943.195152504304,-0.6388639030500861,-1.0
11.280000000000436,0.22151987644524399,6.436533035775016,4.9977505270507345,-0.7053007800533152,10.494447742170786,12.481146332399597,-15429.23958636171,15429.23958636171,-30858.47917272342,-0.6171695834544684,-1.0
11.29000000000044,0.2215201062256361,5.772829097705603,3.97115147911159,-2.4891926667783917,12.089452172869336,15.503396402130488,-14585.89881570347,14585.89881570347,-29171.79763140694,-0.5834359526281389,-1.0
11.300000000000443,0.22152028116123618,5.030551562748604,2.8984405515013396,-4.213348373805141,13.511426165339564,18.293788888916552,-13551.100960840877,13551.100960840877,-27102.201921681753,-0.5420440384336351,-1.0
11.310000000000446,0.2215204038787925,4.229415349588807,1.804199818047008,-5.845073063740501,14.725073339121732,20.788746044412363,-12429.732978016682,12429.732978016682,-24859.465956033364,-0.49718931912066733,-1.0
11.32000000000045,0.22152047979428358,3.3875411750449973,0.7103294293275635,-7.356562107494313,15.696899195991323,22.928656087197133,-11317.232327881822,11317.232327881822,-22634.464655763644,-0.4526892931152729,-1.0
11.330000000000453,0.22152051669575407,2.520838450736532,-0.36442152705464415,-8.724977895675652,16.39841295088583,24.663307535226746,-10296.688148835336,10296.688148835336,-20593.37629767067,-0.41186752595341347,-1.0
11.340000000000456,0.22152052428083763,1.6425481424139556,-1.4047732564721878,-9.932431973069976,16.808752306900228,25.95582428379555,-9436.9278335521,9436.9278335521,-18873.8556671042,-0.377477113342084,-1.0
11.35000000000046,0.2215205134986106,0.7628889301469157,-2.3991534528904395,-10.965980863268,16.91643147789814,26.784529447635162,-8791.036882812432,8791.036882812432,-17582.073765624864,-0.3516414753124973,-1.0
11.360000000000463,0.22152049586929742,-0.11116901914906031,-3.3398134094580643,-11.8175469898484,16.72039569522112,27.14345431434168,-8395.458521388808,8395.458521388808,-16790.917042777615,-0.33581834085555234,-1.0
11.370000000000466,0.22152048292660706,-0.9759839528297309,-4.2228033119446735,-12.483736119138905,16.23043958019242,27.04188306385777,-8217.848885653439,8217.848885653439,-16435.697771306877,-0.32871395542613757,-0.7760331950071155
11.38000000000047,0.2215204857606822,-1.830471114308125,-5.047106816123582,-12.964976688439641,15.466532465430284,26.502595345958156,-8010.668644056089,8010.668644056089,-16021.337288112178,-0.32042674576224356,-0.4772910738768706
11.390000000000473,0.2215205145880528,-2.6736027658933157,-5.812097286070453,-13.26337423896514,14.456155930468487,25.557681020308387,-7534.586919289619,7534.586919289619,-15069.173838579238,-0.3013834767715848,-0.17188350258114343
11.400000000000476,0.22152057825823665,-3.502039807387171,-6.515220506149821,-13.380934103180945,13.23071080678764,24.243284538460426,-6621.5714061680765,6621.5714061680765,-13243.142812336153,-0.26486285624672307,0.13162596285613307
11.41000000000048,0.22152068368366654,-4.308677498886788,-7.150645830815997,-13.318661530170044,11.822159580683497,22.59502519152779,-5171.806685572061,5171.806685572061,-10343.613371144122,-0.20687226742288245,0.42593102662435534
11.420000000000483,0.22152083530122071,-5.081942441693098,-7.708671344211447,-13.076244675991623,10.260456462074497,20.644957440413563,-3148.660624081459,3148.660624081459,-6297.321248162918,-0.12594642496325836,0.7048131131624468
11.430000000000486,0.22152103473841503,-5.80566904439181,-8.175677755327252,-12.652082380242076,8.572034026925245,18.420382689448683,-572.3604223195324,572.3604223195324,-1144.7208446390648,-0.022894416892781298,0.9630103305472596
11.44000000000049,0.22152128083051245,-6.459461804947099,-8.534520082111374,-12.043541438948989,6.779399082954805,15.944442553715561,2434.5343462502196,-2434.5343462502196,4869.068692500439,0.09738137385000879,1.0
11.450000000000493,0.22152156997127853,-7.020154401548873,-8.765967504608193,-11.247962306379877,4.902139893677624,13.238782082253374,5564.862334185941,-5564.862334185941,11129.724668371882,0.22259449336743767,1.0
11.460000000000496,0.22152189676715925,-7.464635405308723,-8.851412300852482,-10.264506756642342,2.959781747799536,10.328393741429782,8542.818031398629,-8542.818031398629,17085.636062797257,0.34171272125594515,1.0
11.4700000000005,0.22152225492685318,-7.772458397125682,-8.775332173938656,-9.095758824136281,0.9744742385154628,7.245518752234493,11160.742404488794,-11160.742404488794,22321.484808977588,0.4464296961795518,1.0
11.480000000000503,0.22152263676394787,-7.928609360569431,-8.528239769484331,-7.7504214791811545,-1.0294221940277934,4.029329888685854,13274.859791896813,-13274.859791896813,26549.719583793627,0.5309943916758726,1.0
11.490000000000506,0.2215230274486764,-7.925750250004196,-8.109450822806453,-6.246428295303787,-3.027947174504337,0.7224579261419565,14806.207054299171,-14806.207054299171,29612.414108598343,0.5922482821719669,1.0
11.50000000000051,0.22152340927446676,-7.765192591557924,-7.528084545251292,-4.611875276473059,-4.9991279142945,-2.632466073640342,15739.248741367574,-15739.248741367574,31478.497482735147,0.629569949654703,1.0
11.510000000000513,0.22152377303225776,-7.45470217587773,-6.8000561485453765,-2.880751181671241,-6.918334316980942,-5.986376545179158,16104.89195947123,-16104.89195947123,32209.78391894246,0.6441956783788493,1.0
11.520000000000516,0.22152411159143798,-7.007692443022443,-5.947012197650552,-1.0916196549136752,-8.75911295542603,-9.286717492292277,15969.960098389465,-15969.960098389465,31939.92019677893,0.6387984039355786,1.0
11.53000000000052,0.22152441563304395,-6.441791528078654,-4.994448007612849,0.714778958618888,-10.49282758417057,-12.47785697560472,15427.43016399202,-15427.43016399202,30854.86032798404,0.6170972065596808,1.0
11.540000000000523,0.22152467817548951,-5.776887498574541,-3.969325438534422,2.4984331335843035,-12.087839060236442,-15.500160250168516,14583.930097404495,-14583.930097404495,29167.86019480899,0.5833572038961798,1.0
11.550000000000527,0.22152489402790207,-5.033412703016252,-2.898086672231832,4.222325928579237,-13.509811918377942,-18.29061684218755,13548.992939081903,-13548.992939081903,27097.985878163807,0.5419597175632762,1.0
11.56000000000053,0.22152505898724315,-4.231086716560336,-1.8053118279931406,5.853761983900445,-14.723448950627168,-20.785644041250713,12427.513414813417,-12427.513414813417,24855.026829626833,0.4971005365925367,1.0
11.570000000000533,0.22152516924142374,-3.38803448029337,-0.7128988190123984,7.364936500518989,-15.695255291836894,-22.925624365695896,11314.935379616534,-11314.935379616534,22629.87075923307,0.4525974151846614,1.0
11.580000000000537,0.22152522113840284,-2.5201690703974284,0.360405973778493,8.733012319329925,-16.396739989117176,-24.660339498439303,10294.351938300557,-10294.351938300557,20588.703876601114,0.41177407753202233,1.0
11.59000000000054,0.22152521131253106,-1.6407345008547038,1.3993259518118384,9.940101954633466,-16.80704130104195,-25.95290733833632,9434.591933909915,-9434.591933909915,18869.18386781983,0.3773836773563966,1.0
11.600000000000543,0.2215251369550573,-0.7599518363547767,2.3922925458012188,10.973263438358224,-16.91467480026466,-26.781646573450033,8788.739601803254,-8788.739601803254,17577.47920360651,0.3515495840721302,1.0
11.610000000000547,0.22152499602917755,0.11520701770333566,3.3315613227906793,11.824421230298126,-16.718587830007333,-27.14058592078046,8393.234173977633,-8393.234173977633,16786.468347955266,0.3357293669591053,1.0
11.62000000000055,0.22152478740743037,0.9810991318778948,4.213187207882964,12.490183584664821,-16.22857780509338,-27.039009012904586,8215.725370209931,-8215.725370209931,16431.450740419863,0.3286290148083973,0.7760331950047067
11.630000000000553,0.2215245109779526,1.8366389981317433,5.036158937160814,12.970981758880425,-15.464617427609873,-26.499697003720254,8008.6655708370445,-8008.6655708370445,16017.331141674089,0.3203466228334818,0.477291073874363
11.640000000000557,0.221524167815718,2.6807983831259805,5.799855134659928,13.268924297930733,-14.454192092600733,-25.554743221959384,7532.714460229309,-7532.714460229309,15065.428920458618,0.3013085784091724,0.17188350257861407
11.65000000000056,0.2215237604947365,3.5102377667775637,6.501726847008294,13.386019568876634,-13.228706727515315,-24.24029734385933,6619.829941929854,-6619.829941929854,13239.659883859707,0.26479319767719417,-0.13162596285867165
11.660000000000563,0.22152329345029734,4.317851898132548,7.1359485194054555,13.323275758805307,-11.820127960683891,-22.591985247582482,5170.187209326885,-5170.187209326885,10340.37441865377,0.20680748837307542,-0.425931026626735
11.670000000000567,0.22152277319509142,5.092066634831137,7.692822987605401,13.080383759022423,-10.258413915069704,-20.641868817645197,3147.1458183803925,-3147.1458183803925,6294.291636760785,0.1258858327352157,-0.7048131131646758
11.68000000000057,0.22152220823833998,5.816715294295712,8.158735205725513,12.655744833607608,-8.570000598246743,-18.4172571733776,570.9263436880473,-570.9263436880473,1141.8526873760945,0.02283705374752189,-0.963010330549297
11.690000000000573,0.22152160864204437,6.471400835490554,8.516543761957939,12.046727770186763,-6.77739759719091,-15.941299459374925,-2435.9159963846582,2435.9159963846582,-4871.8319927693165,-0.09743663985538634,-1.0
11.700000000000577,0.221520985261013,7.032954869753935,8.747020591398154,11.250674461897257,-4.900195186361062,-13.235647663817973,-5566.221405584313,5566.221405584313,-11132.442811168627,-0.22264885622337255,-1.0
11.71000000000058,0.22152034871532636,7.478263396954401,8.831559867836388,10.266747521580127,-2.957919737881788,-10.325300205297836,-8544.182966300961,8544.182966300961,-17088.365932601922,-0.34176731865203847,-1.0
11.720000000000583,0.2215197083198798,7.7868770367487095,8.754640450285574,9.097531373421806,-0.9727207143818799,-7.242502602291871,-11162.137640530984,11162.137640530984,-22324.275281061968,-0.4464855056212394,-1.0
11.730000000000587,0.22151907299106202,7.943778778094972,8.506775889401608,7.7517296119485675,1.0310436969267585,-4.026428716853212,-13276.305052646183,13276.305052646183,-26552.610105292366,-0.5310522021058474,-1.0
11.74000000000059,0.22151846494342328,7.941636620825001,8.08729524246169,6.247295456972992,3.029446328291882,-0.7196587113542003,-14807.755572463417,14807.755572463417,-29615.511144926833,-0.5923102228985367,-1.0
11.750000000000593,0.22151790785939238,7.78175197733992,7.505307579204415,4.6123109404011,5.000497543063473,2.6351425024552024,-15740.94543707287,15740.94543707287,-31481.89087414574,-0.6296378174829149,-1.0
11.760000000000597,0.22151740132375916,7.47188080131838,6.776717749334215,2.880751190545269,6.91955264183611,5.988882106824911,-16106.708207979083,16106.708207979083,-32213.416415958167,-0.6442683283191634,-1.0
11.7700000000006,0.22151694458910332,7.025434595298634,5.923172265284675,1.0911813902175218,8.760167518272533,9.289018255163702,-15971.864029173441,15971.864029173441,-31943.728058346882,-0.6388745611669376,-1.0
11.780000000000603,0.22151654799448434,6.4600400387117975,4.97016640040948,-0.7156566552692064,10.493714964027758,12.47993326442264,-15429.387814760388,15429.387814760388,-30858.775629520776,-0.6171755125904156,-1.0
11.790000000000607,0.22151621839881921,5.795584076582123,3.944661860828944,-2.499750301112068,12.08856359083496,15.50200496547204,-14585.905772700255,14585.905772700255,-29171.81154540051,-0.5834362309080102,-1.0
11.80000000000061,0.22151595901663892,5.052498261231903,2.873100590917254,-4.224081837852883,13.510383848559666,18.292232685322016,-13550.94942181604,13550.94942181604,-27101.89884363208,-0.5420379768726417,-1.0
11.810000000000613,0.2215157698715464,4.250501794936199,1.7800625359834195,-5.8559552837673055,14.723882529066598,20.78704054575812,-12429.412707542422,12429.412707542422,-24858.825415084844,-0.4971765083016969,-1.0
11.820000000000617,0.22151564845117203,3.407719792310174,0.6874456967993055,-7.3675650048223575,15.695567292303402,22.926816052039424,-11316.740300518952,11316.740300518952,-22633.480601037903,-0.4526696120207581,-1.0
11.83000000000062,0.22151559019399072,2.54006613693928,-0.3860030772197951,-8.736072615964153,16.396948378641174,24.661344098052112,-10296.028398750086,10296.028398750086,-20592.056797500172,-0.4118411359500035,-1.0
11.840000000000623,0.22151558882419445,1.6607862122979156,-1.4250063931073702,-9.943589097920151,16.80716370028384,25.953742945182796,-9436.111018595311,9436.111018595311,-18872.222037190622,-0.3774444407438125,-1.0
11.850000000000627,0.22151563676370553,0.7801028841910158,-2.4179946166832402,-10.977170613325335,16.9147272729579,26.7823293435973,-8790.079281969884,8790.079281969884,-17580.158563939767,-0.35160317127879537,-1.0
11.86000000000063,0.2215157255847771,-0.09500986867091715,-3.357222070147695,-11.82873942703163,16.718584077959946,27.141128631630526,-8394.380584213532,8394.380584213532,-16788.761168427063,-0.33577522336854126,-1.0
11.870000000000633,0.2215158463959963,-0.9609069688089512,-4.238742405811393,-12.494901369777764,16.228528689619925,27.03942036774042,-8216.673374783728,8216.673374783728,-16433.346749567456,-0.32866693499134914,-0.7760331950022841
11.880000000000637,0.22151599015677054,-1.8165008766390285,-5.061543232966097,-12.976085186987618,15.464530747870711,26.499981531689123,-8009.418518828255,8009.418518828255,-16018.83703765651,-0.3203767407531302,-0.4772910738718425
11.89000000000064,0.221516147932369,-2.6607615886816434,-5.825002345989021,-13.27439694938633,14.454072591122419,25.554901653827738,-7533.283240712912,7533.283240712912,-15066.566481425823,-0.3013313296285165,-0.17188350257602056
11.900000000000643,0.22151631112551845,-3.4903481541755617,-6.526570360676994,-13.391842663365924,13.228556339284998,24.24032742183657,-6620.23159083957,6620.23159083957,-13240.46318167914,-0.2648092636335828,0.1316259628611654
11.910000000000647,0.22151647174512645,-4.298154237436807,-7.160421744837683,-13.329428302265129,11.81994630503127,22.59188291294601,-5170.443341081591,5170.443341081591,-10340.886682163182,-0.20681773364326364,0.42593102662912535
11.92000000000065,0.22151662272834083,-5.072604903754212,-7.716859831506547,-13.086842707088916,10.258198975774429,20.64162963474956,-3147.2810945513957,3147.2810945513957,-6294.562189102791,-0.12589124378205582,0.704813113166915
11.930000000000653,0.22151675825434247,-5.797532881208435,-8.182270547599808,-12.662485273629981,8.5697495000052,18.41687779941743,-570.9671072586,570.9671072586,-1141.9342145172,-0.022838684290344,0.9630103305514047
11.940000000000657,0.22151687396392233,-6.452540667949487,-8.539513942044353,-12.053723153591358,6.777107372231774,15.940779007741158,2435.9429488821215,-2435.9429488821215,4871.885897764243,0.09743771795528487,1.0
11.95000000000066,0.22151696707336868,-7.014459508871212,-8.76936392127986,-11.257896904888714,4.89986346994618,13.234988874060416,5566.290104101561,-5566.290104101561,11132.580208203122,0.22265160416406246,1.0
11.960000000000663,0.22151703638055856,-7.460175029119321,-8.85321702306539,-10.274168018918976,2.957545431825359,10.32451004567428,8544.269065189479,-8544.269065189479,17088.538130378958,0.3417707626075792,1.0
11.970000000000667,0.22151708209832338,-7.769237900645198,-8.775555375162867,-9.105120741299952,0.972303510025305,7.2415911730630205,11162.220768237588,-11162.220768237588,22324.441536475177,0.44648883072950357,1.0
11.98000000000067,0.22151710578573722,-7.92663211435269,-8.526897449441487,-7.759460609298576,-1.0315055266893227,4.025405841589952,13276.374914777101,-13276.374914777101,26552.749829554203,0.5310549965910841,1.0
11.990000000000673,0.2215171078260919,-7.925033327319809,-8.106587743219908,-6.255158454513254,-3.0299791466198123,0.7184955450927,14807.844497093245,-14807.844497093245,29615.68899418649,0.5923137798837298,1.0
12.000000000000677,0.22151709019371885,-7.765738289466717,-7.523733894657812,-4.620289534283098,-5.00111472506856,-2.6364502060859474,15741.098436823817,-15741.098436823817,31482.196873647634,0.6296439374729528,1.0
12.01000000000068,0.22151706064345758,-7.456497063154031,-6.794238485955503,-2.8888215958156445,-6.920254100320126,-5.990315396946918,16106.930669781945,-16106.930669781945,32213.86133956389,0.6442772267912779,1.0
12.020000000000683,0.22151702536441545,-7.010719563388372,-5.9397524077181565,-1.09932253244467,-8.760955450824914,-9.290562473686748,15972.167926110804,-15972.167926110804,31944.335852221608,0.6388867170444322,1.0
12.030000000000687,0.22151698643655432,-6.446030024041546,-4.98577422610005,0.7074645431925831,-10.494591932258697,-12.481575571283472,15429.78683625817,-15429.78683625817,30859.57367251634,0.6171914734503269,1.0
12.04000000000069,0.22151694586377,-5.7823123457560195,-3.959268093374607,2.491526804745522,-12.089531038917034,-15.503732584454665,14586.411457511267,-14586.411457511267,29172.822915022534,0.5834564583004508,1.0
12.050000000000693,0.2215169061337793,-5.039994692372258,-2.886677897001394,4.215847011790425,-13.511441381998297,-18.2940324242624,13551.568776403461,-13551.568776403461,27103.137552806922,0.5420627510561384,1.0
12.060000000000697,0.22151687065663267,-4.238792742587091,-1.7925853339408235,5.847729864040967,-14.725027889886709,-20.788899493034112,12430.14719718865,-12430.14719718865,24860.2943943773,0.497205887887546,1.0
12.0700000000007,0.22151684391456036,-3.396828099980369,-0.6988901959629932,7.359370284994413,-15.69679687630668,-22.9287233126438,11317.585884455015,-11317.585884455015,22635.17176891003,0.4527034353782006,1.0
12.080000000000704,0.22151683138473036,-2.530011211989745,0.37565874086414597,8.727930186397284,-16.398257924043214,-24.66329286286487,10296.97609529351,-10296.97609529351,20593.95219058702,0.41187904381174045,1.0
12.090000000000707,0.22151683923727666,-1.65158418916184,1.4157819710050148,9.9355206182058,-16.808548663458133,-25.955731501532536,9437.1476705563,-9437.1476705563,18874.2953411126,0.377485906822252,1.0
12.10000000000071,0.2215168738728971,-0.7717669000101935,2.409907486081313,10.969197581266739,-16.916182950842096,-26.784361141396744,8791.188696868177,-8791.188696868177,17582.377393736355,0.35164754787472713,1.0
12.110000000000714,0.22151694149178064,0.10246932163746636,3.350286920642411,11.820882946014049,-16.72010554036681,-27.143211607468256,8395.54494280984,-8395.54494280984,16791.08988561968,0.3358217977123936,1.0
12.120000000000717,0.2215170477694545,0.9674816479160324,4.232970896423243,12.487181920495082,-16.230110578670644,-27.04156569333088,8217.874800686031,-8217.874800686031,16435.749601372063,0.3287149920274413,0.7760331949998723
12.13000000000072,0.22151719760244945,1.8221843966523363,5.0569436516048345,12.968522416435492,-15.46616700661506,-26.50220198819865,8010.640658721619,-8010.640658721619,16021.281317443238,0.3204256263488648,0.4772910738692823
12.140000000000724,0.22151739483657332,2.665549084704886,5.821579314241193,13.267009509217658,-14.455756153605385,-25.5572097952298,7534.512655340305,-7534.512655340305,15069.02531068061,0.30138050621361223,0.17188350257348925
12.150000000000727,0.22151764189434783,3.4942360437377338,6.524324623470866,13.384648128386031,-13.230278799919821,-24.242733653813175,6621.458759730257,-6621.458759730257,13242.917519460514,0.2648583503892103,-0.13162596286365094
12.16000000000073,0.22151793934224442,4.301140108323165,7.159350066351623,13.322443170215957,-11.821697623659572,-22.594393672379997,5171.6631716167785,-5171.6631716167785,10343.326343233557,0.20686652686467116,-0.4259310266315079
12.170000000000734,0.22151828554851774,5.074687537569856,7.716955008594104,13.08008246977491,-10.259967282189114,-20.644245858251313,3148.4928965448366,-3148.4928965448366,6296.985793089673,0.12593971586179348,-0.7048131131692065
12.180000000000737,0.2215186765870373,5.7987124093535645,8.183521550349877,12.655964558638042,-8.571521030359165,-18.419593801635312,572.1740229081847,-572.1740229081847,1144.3480458163694,0.02288696091632739,-0.9630103305534454
12.19000000000074,0.2215191064866411,6.452818840874563,8.541906176667437,12.047455931562471,-6.778866529410418,-15.94358179745797,-2434.735028471345,2434.735028471345,-4869.47005694269,-0.0973894011388538,-1.0
12.200000000000744,0.22151956779438364,7.013840042350315,8.772879588646083,11.251896752357714,-4.901592998144773,-13.237857898269523,-5565.073998203934,5565.073998203934,-11130.147996407868,-0.22260295992815737,-1.0
12.210000000000747,0.2215200524148685,7.458663983046438,8.857835573203234,10.268448464480734,-2.959226719736574,-10.32741755439169,-8543.038128936927,8543.038128936927,-17086.076257873854,-0.3417215251574771,-1.0
12.22000000000075,0.2215205525790237,7.766843731214265,8.781253590471781,9.099695100446146,-0.9739177214417762,-7.244504031792011,-11160.9695936056,11160.9695936056,-22321.9391872112,-0.446438783744224,-1.0
12.230000000000754,0.22152106014406348,7.923365153840069,8.533648727190112,7.754340630767009,1.0299746602649429,-4.02828985338781,-13275.096478688876,13275.096478688876,-26550.192957377752,-0.5310038591475551,-1.0
12.240000000000757,0.22152155666755685,7.920894534671118,8.114345914984161,6.250329833260299,3.028506912969807,-0.7213794991573583,-14806.480240921112,14806.480240921112,-29612.960481842223,-0.5922592096368445,-1.0
12.25000000000076,0.22152202170363675,7.760739454517216,7.532462013749036,4.615753309905124,4.999697971690645,2.633579885783751,-15739.589400530213,15739.589400530213,-31479.178801060425,-0.6295835760212085,-1.0
12.260000000000764,0.2215224516435075,7.450661172133408,6.803909372075611,2.884594100184986,6.918909621251477,5.98750831107437,-16105.300231845333,16105.300231845333,-32210.600463690665,-0.6442120092738134,-1.0
12.270000000000767,0.22152284395366956,7.004071809667339,5.950336351257306,1.0954171570369884,8.759691436205532,9.287854637715139,-15970.437567850264,15970.437567850264,-31940.875135700528,-0.6388175027140106,-1.0
12.28000000000077,0.22152318908605165,6.438597863834413,4.997239551022491,-0.7110365331726682,10.493409285767232,12.478990664206098,-15427.97774645523,15427.97774645523,-30855.95549291046,-0.6171191098582093,-1.0
12.290000000000774,0.2215234803845182,5.774125557249154,3.971581716946325,-2.494755364304837,12.088425277491444,15.501284284928264,-14584.546359084869,14584.546359084869,-29169.092718169737,-0.5833818543633947,-1.0
12.300000000000777,0.22152371392412631,5.03108531719537,2.89980569670971,-4.218722641192505,13.51040456859797,18.291726948408588,-13549.673150891851,13549.673150891851,-27099.346301783702,-0.5419869260356741,-1.0
12.31000000000078,0.22152388789934682,4.229194843006083,1.806492233689259,-5.850243333293042,14.724050223415084,20.786737623571398,-12428.249374235374,12428.249374235374,-24856.49874847075,-0.497129974969415,-1.0
12.320000000000784,0.2215240019998246,3.386577340014971,0.7135399690480494,-7.361512833191476,15.695867596772258,22.92670091637306,-11315.715885874104,11315.715885874104,-22631.431771748208,-0.4526286354349642,-1.0
12.330000000000787,0.22152405704998857,2.5191443350078915,-0.3603038176485845,-8.729693942346168,16.39736597942802,24.661401148127396,-10295.163641402582,10295.163641402582,-20590.327282805163,-0.4118065456561033,-1.0
12.34000000000079,0.22152405489745153,1.6401385078022106,-1.3997614460189234,-9.9368989401017,16.80768368426256,25.953958681613056,-9435.420236882932,9435.420236882932,-18870.840473765864,-0.3774168094753173,-1.0
12.350000000000794,0.2215239983261653,0.7597798330362263,-2.393263056972288,-10.970185423129811,16.91533607700123,26.782694150565273,-8789.569669165254,8789.569669165254,-17579.139338330508,-0.3515827867666102,-1.0
12.360000000000797,0.2215238909205022,-0.11496062436968599,-3.333062713595914,-11.821477218406477,16.719270014492114,27.141637527734943,-8394.05198052111,8394.05198052111,-16788.10396104222,-0.3357620792208444,-1.0
12.3700000000008,0.22152373692559313,-0.9804405445496835,-4.215213639788621,-12.487381772342331,16.229282144720077,27.040072901136,-8216.518683723658,8216.518683723658,-16433.037367447316,-0.32866074734894635,-0.7760331949974097
12.380000000000804,0.2215235411267327,-1.835574837967433,-5.038702709800741,-12.968329396673779,15.465344141798386,26.5007810358572,-8009.424775864514,8009.424775864514,-16018.849551729028,-0.3203769910345806,-0.4772910738667663
12.390000000000807,0.22152330878439516,-2.6793355549198186,-5.802906578059464,-13.266427602459366,14.454940144907603,25.555854037184115,-7533.433147840958,7533.433147840958,-15066.866295681915,-0.3013373259136383,-0.1718835025709526
12.40000000000081,0.22152304564028005,-3.508383389164722,-6.505274276370351,-13.38368368924159,13.22947364668688,24.241439584501524,-6620.505218162166,6620.505218162166,-13241.010436324332,-0.26482020872648665,0.13162596286614134
12.410000000000814,0.22152275792429485,-4.315613299047984,-7.139978254556135,-13.321104790776378,11.82090974020062,22.59316092304652,-5170.81971836241,5170.81971836241,-10341.63943672482,-0.2068327887344964,0.42593102663395366
12.420000000000817,0.221522452270396,-5.0894514071946215,-7.6973194376369,-13.078380800524892,10.259205012808527,20.64307686698518,-3147.739495620103,3147.739495620103,-6295.478991240206,-0.12590957982480414,0.7048131131714418
12.43000000000082,0.22152213551030042,-5.813731405109167,-8.163681021115693,-12.653912083103142,8.570794035395052,18.418493247082505,-571.4879107706784,571.4879107706784,-1142.9758215413567,-0.022859516430827138,0.9630103305554877
12.440000000000824,0.22152181436299326,-6.468056782406449,-8.521920054490614,-12.045066671990677,6.778185133481393,15.942555904006053,2435.3777882918894,-2435.3777882918894,4870.755576583779,0.09741511153167558,1.0
12.450000000000827,0.22152149504559915,-7.029259875085726,-8.752807210992579,-11.249185897194,4.90096755497399,13.236913686293603,5565.696752756566,-5565.696752756566,11131.393505513131,0.22262787011026264,1.0
12.46000000000083,0.22152118282624447,-7.474227605851134,-8.837735710949891,-10.26543203049871,2.958666952421358,10.326562238529405,8543.662110388048,-8543.662110388048,17087.324220776096,0.34174648441552197,1.0
12.470000000000834,0.22152088164763548,-7.782511645013175,-8.761183690493246,-9.096389271814987,0.973432577217112,7.2437450540963315,11161.61173996296,-11161.61173996296,22323.22347992592,0.44646446959851843,1.0
12.480000000000837,0.22152059455094647,-7.939095990692287,-8.513663972382847,-7.750760768268068,-1.0303766074976495,4.027635482224856,13275.766085190631,-13275.766085190631,26551.532170381262,0.5310306434076253,1.0
12.49000000000084,0.22152033098835064,-7.936645711478374,-8.094499375796534,-6.246490877613004,-3.028819067632867,0.7208358529114884,14807.179381351356,-14807.179381351356,29614.358762702712,0.5922871752540543,1.0
12.500000000000844,0.22152010016571846,-7.776466401942231,-7.512802981645763,-4.611667462816287,-4.999912706335149,-2.634003714525241,15740.310041266206,-15740.310041266206,31480.620082532412,0.6296124016506482,1.0
12.510000000000847,0.22151989764198995,-7.466318192767457,-6.784483810189956,-2.8802714117058335,-6.919019484953767,-5.987802490808167,16106.02269324375,-16106.02269324375,32212.0453864875,0.6442409077297501,1.0
12.52000000000085,0.22151971968423936,-7.019613437666033,-5.931188126789409,-1.0908671379113317,-8.759691594731168,-9.288012794531515,15971.13830730256,-15971.13830730256,31942.27661460512,0.6388455322921025,1.0
12.530000000000854,0.22151956962873848,-6.453979561596071,-4.9784110493510365,0.7158041722738964,-10.493298326077767,-12.479011203105479,15428.632616873258,-15428.632616873258,30857.265233746515,0.6171453046749303,1.0
12.540000000000857,0.22151944933290715,-5.7893041838556005,-3.9531142448566925,2.499730269320289,-12.088205337766139,-15.50117053558965,14585.132853446228,-14585.132853446228,29170.265706892456,0.5834053141378491,1.0
12.55000000000086,0.22151935880621368,-5.04601943961702,-2.8817396940844455,4.223893650942678,-13.510080835174168,-18.291486169124838,13550.171690091756,-13550.171690091756,27100.343380183513,0.5420068676036703,1.0
12.560000000000864,0.2215192961853483,-4.2438449666620315,-1.7888673717636807,5.855598468363868,-14.723630059714678,-20.78637933953347,12428.64403740539,-12428.64403740539,24857.28807481078,0.4971457614962156,1.0
12.570000000000867,0.22151925795346666,-3.4009061068284807,-0.6963952054019534,7.367039310965555,-15.695359616221657,-22.926235236852776,11315.994924669769,-11315.994924669769,22631.989849339538,0.4526397969867908,1.0
12.58000000000087,0.22151923920176736,-2.5331167220860227,0.37693018621952984,8.735378185863238,-16.39677913496523,-24.66083699165091,10295.31999253,-10295.31999253,20590.63998506,0.4118127997012,1.0
12.590000000000874,0.22151923393626335,-1.6537219446073212,1.4158317824958906,9.942726601008584,-16.80702648046197,-25.953302167486285,9435.451838175457,-9435.451838175457,18870.903676350914,0.3774180735270183,1.0
12.600000000000877,0.22151923549594682,-0.7729441990191259,2.408740449950952,10.976141394937313,-16.914616083943855,-26.78194774565862,8789.479405751286,-8789.479405751286,17578.958811502573,0.35157917623005147,1.0
12.61000000000088,0.2215192369684059,0.10224311307650964,3.3479111106652235,11.827545655489093,-16.718493670677628,-27.14079994738648,8393.847293352814,-8393.847293352814,16787.694586705627,0.3357538917341126,1.0
12.620000000000884,0.22151923152062092,0.968195555736622,4.229398060914309,12.493546147223057,-16.22845477813218,-27.039139616711182,8216.21078873734,-8216.21078873734,16432.42157747468,0.32864843154949364,0.7760331949949959
12.630000000000887,0.22151921266474242,1.8238262226569157,5.052189531754797,12.97457260584707,-15.464470141022046,-26.49974521460545,8009.027537681054,-8009.027537681054,16018.055075362108,0.3203611015072422,0.4772910738642528
12.64000000000089,0.22151917451104838,2.668105676774961,5.815663856507556,13.272732097284969,-14.454023244767043,-25.554707775359198,7532.961766405701,-7532.961766405701,15065.923532811403,0.3013184706562281,0.1718835025684179
12.650000000000894,0.2215191120675451,3.4976934310246315,6.517272062969512,13.390031594023297,-13.228517319636078,-24.240175346795663,6619.974943584196,-6619.974943584196,13239.949887168392,0.26479899774336785,-0.13162596286868666
12.660000000000897,0.2215190215894844,4.305483500537275,7.15118887675174,13.327477988938998,-11.819917657428112,-22.59177306412423,5170.244772696021,-5170.244772696021,10340.489545392042,0.20680979090784085,-0.4259310266363398
12.6700000000009,0.2215189009039334,5.079901200460684,7.707717719187525,13.084760985606344,-10.258181513684523,-20.64156307375746,3147.1323203319553,-3147.1323203319553,6294.2646406639105,0.12588529281327823,-0.7048131131736773
12.680000000000904,0.2215187495984117,5.804779432974685,8.173244427271607,12.660280773701146,-8.569744545896823,-18.416855755780297,570.858810278409,-570.858810278409,1141.717620556818,0.022834352411136363,-0.9630103305575326
12.690000000000907,0.22151856898244338,6.459720814581079,8.53062876821021,12.051405205867603,-6.777116490231023,-15.940802412995264,-2436.020629019507,2436.020629019507,-4872.041258039014,-0.09744082516078029,-1.0
12.70000000000091,0.22151836183436793,7.021556658871576,8.760644158185864,11.25547541653968,-4.899888213630268,-13.23505793544973,-5566.347030881582,5566.347030881582,-11132.694061763164,-0.2226538812352633,-1.0
12.710000000000914,0.22151813195394063,7.467172643241376,8.844686470855528,10.271653372563495,-2.9575870923170986,-10.32462399023726,-8544.314707975618,8544.314707975618,-17088.629415951236,-0.34177258831902474,-1.0
12.720000000000917,0.22151788357252322,7.776119327908485,8.767236822037008,9.102523446370755,-0.9723632386809544,-7.241748540686551,-11162.263271821905,11162.263271821905,-22324.52654364381,-0.4464905308728762,-1.0
12.73000000000092,0.22151762169869868,7.9333802623623635,8.518812086540091,7.756790576780963,1.031426048753919,-4.025605493952225,-13276.418952336651,13276.418952336651,-26552.837904673303,-0.5310567580934661,-1.0
12.740000000000924,0.22151735628932578,7.931628802443065,8.098752130317827,6.252420501706692,3.029871190610088,-0.7187473910633819,-14807.881873687604,14807.881873687604,-29615.763747375207,-0.5923152749475042,-1.0
12.750000000000927,0.22151709908162495,7.772162866433673,7.516164645773783,4.617490173304964,5.00097309529602,2.636143008065656,-15741.116389106624,15741.116389106624,-31482.23277821325,-0.6296446555642651,-1.0
12.76000000000093,0.22151685545298758,7.462734119321638,6.786952540986012,2.885969252818409,6.920077426827821,5.989956322365363,-16106.926750135452,16106.926750135452,-32213.853500270903,-0.6442770700054181,-1.0
12.770000000000934,0.22151662950864476,7.016752967028155,5.932765225612199,1.0964247853401006,8.760741930474063,9.29015418442837,-15972.137408502917,15972.137408502917,-31944.274817005833,-0.6388854963401167,-1.0
12.780000000000937,0.22151642723747342,6.451844441479788,4.979100145710253,-0.7104004984717864,10.494340000392242,12.481120809651456,-15429.724394206805,15429.724394206805,-30859.44878841361,-0.6171889757682723,-1.0
12.79000000000094,0.22151625306664985,5.7878934506525805,3.9529206052620003,-2.494493796526952,12.089239844066281,15.503234729188856,-14586.312450863656,14586.312450863656,-29172.62490172731,-0.5834524980345462,-1.0
12.800000000000944,0.2215161101950349,5.045329287914705,2.8806697996398096,-4.218837697147521,13.511110975277752,18.29349555346249,-13551.430023827657,13551.430023827657,-27102.860047655315,-0.5420572009531064,-1.0
12.810000000000947,0.22151600110130637,4.24386881813897,1.7869287916924113,-5.85073667169731,14.724659173011144,20.788328030620757,-12429.967310337588,12429.967310337588,-24859.934620675176,-0.49719869241350356,-1.0
12.82000000000095,0.2215159279266836,3.4016348447740574,0.6935967292791372,-7.362385454076639,15.69639138453084,22.928121368649972,-11317.365293565783,11317.365293565783,-22634.730587131566,-0.45269461174263137,-1.0
12.830000000000954,0.22151589261970872,2.534539013614845,-0.3805782906315594,-8.730945841918992,16.397817552961552,24.662663450788536,-10296.716934653467,10296.716934653467,-20593.433869306933,-0.4118686773861387,-1.0
12.840000000000957,0.22151589685878206,1.6558245995786374,-1.42031749524176,-9.938528838002362,16.808075487059078,25.95507605333352,-9436.853592271871,9436.853592271871,-18873.707184543742,-0.3774741436908749,-1.0
12.85000000000096,0.22151594190070556,0.7757125578931953,-2.414049689598363,-10.972190461010088,16.915679137284336,26.783679365672544,-8790.86454457257,8790.86454457257,-17581.72908914514,-0.35163458178290286,-1.0
12.860000000000964,0.22151602847364055,-0.09882480128081979,-3.354027422835336,-11.823852663462013,16.719573347496716,27.142501639639683,-8395.19631935968,8395.19631935968,-16790.39263871936,-0.33580785277438724,-1.0
12.870000000000967,0.22151615671943195,-0.9641438071658041,-4.23630234847455,-12.49012080152964,16.22955240542775,27.040824477380234,-8217.507552498007,8217.507552498007,-16435.015104996015,-0.32870030209992035,-0.7760331949925862
12.88000000000097,0.22151632615500086,-1.819158075049732,-5.059859860081656,-12.971423000984805,15.46558547504382,26.501425814258752,-8010.260322663725,8010.260322663725,-16020.52064532745,-0.32041041290654904,-0.4772910738616945
12.890000000000974,0.2215165355945966,-2.6628385461825363,-5.8240753551546405,-13.269864605439988,14.455154208779982,25.55639493132486,-7534.123942555405,7534.123942555405,-15068.24788511081,-0.3013649577022162,-0.17188350256583504
12.900000000000977,0.22151678298847388,-3.4918450712836413,-6.526396930432107,-13.38745084174372,13.229659823046212,24.24187702676195,-6621.065157972904,6621.065157972904,-13242.130315945808,-0.26484260631891615,0.13162596287117
12.91000000000098,0.221517065233252,-4.299072053317944,-7.160996482783269,-13.325186904574007,11.821065539811885,22.593493531791403,-5171.266719001375,5171.266719001375,-10342.53343800275,-0.20685066876005503,0.42593102663872096
12.920000000000984,0.2215173780686863,-5.072945317231442,-7.718174798282221,-13.082760902912398,10.259326638952263,20.64330235172565,-3148.0941516221997,3148.0941516221997,-6296.188303244399,-0.125923766064888,0.7048131131759684
12.930000000000987,0.2215177161452649,-5.797298451904361,-8.184315362184833,-12.658571592636056,8.570877032605864,18.41860941005604,-571.7722404170635,571.7722404170635,-1143.544480834127,-0.02287088961668254,0.9630103305596318
12.94000000000099,0.2215180732969345,-6.451734986414286,-8.542275966372666,-12.049985621837047,6.778225028837601,15.942561613584251,2435.141530663469,-2435.141530663469,4870.283061326938,0.09740566122653876,1.0
12.950000000000994,0.2215184429917422,-7.013087414931533,-8.772828508100163,-11.254343220418699,4.90096043892578,13.236809748282411,5565.487341613871,-5565.487341613871,11130.974683227741,0.22261949366455486,1.0
12.960000000000997,0.2215188189327427,-7.458242847734168,-8.857367822055963,-10.270805779046146,2.9586100370131008,10.326351877210064,8543.460230970379,-8543.460230970379,17086.920461940757,0.34173840923881516,1.0
12.970000000001,0.22151919567690292,-7.766753487543946,-8.780374423398388,-9.101957373707169,0.9733238973764831,7.243433173259728,11161.401998425175,-11161.401998425175,22322.80399685035,0.44645607993700703,1.0
12.980000000001004,0.22151956810513126,-7.923604556068744,-8.532364778713385,-7.756502588510032,-1.0305397014800595,4.027226376188091,13275.541617450846,-13275.541617450846,26551.083234901693,0.5310216646980339,1.0
12.990000000001007,0.22151992326544334,-7.92146585918997,-8.112671248793925,-6.252395966091111,-3.0290526230851125,0.7203123507829325,14806.96009359793,-14806.96009359793,29613.92018719586,0.5922784037439173,1.0
13.00000000000101,0.2215202474638577,-7.761640975725293,-7.530407434425106,-4.617722497876396,-5.00022593688314,-2.6346462242099076,15740.12650462469,-15740.12650462469,31480.25300924938,0.6296050601849876,1.0
13.010000000001014,0.22152054147691363,-7.451886964867329,-6.801482182145858,-2.8864595810728573,-6.91941407253937,-5.988556028168267,16105.886714927994,-16105.886714927994,32211.773429855988,0.6442354685971198,1.0
13.020000000001017,0.2215208061831712,-7.0056150428073325,-5.947544892451748,-1.09717327076085,-8.760169804718736,-9.288870935668696,15971.0662703074,-15971.0662703074,31942.1325406148,0.6388426508122961,1.0
13.03000000000102,0.22152103571088252,-6.440450747635067,-4.994092965828205,0.7093946860594101,-10.493861649941115,-12.479967196655727,15428.64146622527,-15428.64146622527,30857.28293245054,0.6171456586490108,1.0
13.040000000001024,0.22152122620933318,-5.776279304534476,-3.968089725135355,2.493232280693852,-12.088853622804672,-15.50221624472069,14585.237079714305,-14585.237079714305,29170.47415942861,0.5834094831885722,1.0
13.050000000001027,0.2215213759684039,-5.0335301587281105,-2.8959784563731805,4.217322669715565,-13.510812066128079,-18.292612140263724,13550.381555864564,-13550.381555864564,27100.763111729128,0.5420152622345826,1.0
13.06000000000103,0.22152148516951925,-4.231920117050545,-1.8023403148748338,5.848970769001213,-14.724440655712955,-20.787575766234514,12428.964822370603,-12428.964822370603,24857.929644741205,0.49715859289482417,1.0
13.070000000001034,0.22152155550901628,-3.389571649765072,-0.7090744365311327,7.3603718314536275,-15.696245044909299,-22.927493521545188,11316.426868386956,-11316.426868386956,22632.85373677391,0.4526570747354783,1.0
13.080000000001037,0.22152158991548707,-2.5223957439036253,0.3650712667741965,8.728688351767204,-16.397734595670915,-24.662151495817515,10295.858549643715,-10295.858549643715,20591.71709928743,0.41183434198574864,1.0
13.09000000000104,0.22152159234827423,-1.6436347338440653,1.4048183495671,9.936032166686834,-16.808047341960346,-25.95467125494341,9436.088115879933,-9436.088115879933,18872.176231759866,0.37744352463519737,1.0
13.100000000001044,0.22152156754180252,-0.7635084311911005,2.3985960538720654,10.969460285472174,-16.915698063812027,-26.78337401840113,8790.200951285986,-8790.200951285986,17580.40190257197,0.3516080380514395,1.0
13.110000000001047,0.2215215207246,0.11101210828863507,3.3386574249825958,11.820895806172674,-16.71963280188349,-27.142289802061406,8394.639152685782,-8394.639152685782,16789.278305371565,0.3357855661074313,1.0
13.12000000000105,0.22152145737895323,0.9762844670312203,4.221054587427283,12.486945334161287,-16.22964722301077,-27.04070227192822,8217.056785833263,-8217.056785833263,16434.113571666527,0.32868227143333056,0.7760331949901222
13.130000000001054,0.22152138304264243,1.8312234066775899,5.044773285187501,12.968038272382383,-15.46571191443996,-26.501391386408887,8009.911667962462,-8009.911667962462,16019.823335924924,0.32039646671849853,0.47729107385917635
13.140000000001058,0.22152130314207508,2.6748008321120635,5.809189065483186,13.266281203092108,-14.455309880086256,-25.556448143294258,7533.869532010806,-7533.869532010806,15067.739064021613,0.3013547812804323,0.17188350256329757
13.15000000000106,0.22152122283255146,3.503677340718639,6.511749924916517,13.383680517505054,-13.229843493947113,-24.242018914666165,6620.894441483862,-6620.894441483862,13241.788882967723,0.2648357776593545,-0.13162596287366096
13.160000000001064,0.22152114681382531,4.310747874740318,7.146627390388782,13.321242490021637,-11.82127682393596,-22.59372556648395,5171.167410031381,-5171.167410031381,10342.334820062762,0.20684669640125528,-0.42593102664116744
13.170000000001068,0.22152107912085545,5.084438637059883,7.7041216092916915,13.07865622479323,-10.259565601036357,-20.64362559303108,3148.053091154878,-3148.053091154878,6296.106182309756,0.12592212364619512,-0.7048131131782047
13.18000000000107,0.22152102293487494,5.808583500415063,8.170615173736918,12.654321388189372,-8.571143764389006,-18.41902366963067,571.7760997578391,-571.7760997578391,1143.5521995156782,0.022871043990313568,-0.9630103305616776
13.190000000001074,0.22152098047010435,6.462786240606534,8.528964734797876,12.045605435026594,-6.778519255359607,-15.943064714021684,-2435.1056894978237,2435.1056894978237,-4870.2113789956475,-0.09740422757991296,-1.0
13.200000000001078,0.2215209529401713,7.023879591383877,8.759940799302493,11.24984926707304,-4.901281188114242,-13.237396925656812,-5565.431523983625,5565.431523983625,-11130.86304796725,-0.22261726095934503,-1.0
13.21000000000108,0.22152094060219568,7.46875096027259,8.844936639029576,10.266214869874961,-2.958955350043866,-10.327015554095462,-8543.395286259278,8543.395286259278,-17086.790572518556,-0.34173581145037113,-1.0
13.220000000001084,0.2215209429057452,7.7769526351175475,8.768430716594738,9.097286385323661,-0.9736912599348682,-7.244163803122367,-11161.336437110367,11161.336437110367,-22322.672874220734,-0.44645345748441473,-1.0
13.230000000001088,0.22152095848980957,7.933469377353646,8.520936479947693,7.751767186173274,1.030151827605488,-4.028014764124633,-13275.478059235349,13275.478059235349,-26550.956118470698,-0.531019122369414,-1.0
13.240000000001091,0.22152098610630475,7.93096626107453,8.101776553459677,6.247600548304681,3.0286296633632603,-0.721174637092835,-14806.874521912046,14806.874521912046,-29613.749043824093,-0.5922749808764819,-1.0
13.250000000001094,0.221521023456348,7.770750131106476,7.520065792560388,4.612876054259694,4.999761466289168,2.6337094113002797,-15739.98786703457,15739.98786703457,-31479.97573406914,-0.6295995146813829,-1.0
13.260000000001098,0.2215210657717053,7.460582096406793,6.791714872774376,2.88157611796807,6.918910013527813,5.987558532603488,-16105.690905283527,16105.690905283527,-32211.381810567054,-0.6442276362113412,-1.0
13.270000000001101,0.22152110925695287,7.013874587679839,5.938370700261664,1.09226524801834,8.759626086907254,9.287823088300126,-15970.806063555852,15970.806063555852,-31941.612127111704,-0.6388322425422341,-1.0
13.280000000001104,0.22152115213946133,6.448254865478683,4.985528846059962,-0.7143154936450259,10.493277345327453,12.478877301560095,-15428.309473422765,15428.309473422765,-30856.61894684553,-0.6171323789369106,-1.0
13.290000000001108,0.22152119284572827,5.78361021946887,3.9601513119546015,-2.4981540980498993,12.088227859223352,15.501091703308624,-14584.828050718748,14584.828050718748,-29169.656101437497,-0.5833931220287499,-1.0
13.300000000001111,0.2215212296723047,5.0403723371310285,2.8886803504894525,-4.222233335425032,13.510144515947548,18.29145986173887,-13549.893732480119,13549.893732480119,-27099.787464960238,-0.5419957492992048,-1.0
13.310000000001114,0.2215212605078462,4.23826030873421,1.7956961702640974,-5.85385762783361,14.72373162786663,20.786401899678655,-12428.400407894445,12428.400407894445,-24856.80081578889,-0.49713601631577786,-1.0
13.320000000001118,0.2215212827208151,3.395398831093126,0.703096895797034,-7.365221847600677,15.695495251959539,22.92630253046323,-11315.79181294188,11315.79181294188,-22631.58362588376,-0.4526316725176752,-1.0
13.330000000001121,0.22152129318748273,2.5277010181857476,-0.3703707007824179,-8.733488310422024,16.39694483632055,24.66094505896985,-10295.16198120866,10295.16198120866,-20590.32396241732,-0.4118064792483464,-1.0
13.340000000001124,0.22152128845728133,1.6484111805263537,-1.4094294696278853,-9.940768848368078,16.80721840577135,25.95344789036747,-9435.341661898165,9435.341661898165,-18870.68332379633,-0.3774136664759266,-1.0
13.350000000001128,0.22152126500838368,0.7677508919215544,-2.4025101479105793,-10.97412064340883,16.914830783751004,26.782129255021125,-8789.417847270226,8789.417847270226,-17578.835694540452,-0.3515767138908091,-1.0
13.360000000001131,0.22152121948184794,-0.10730728235148737,-3.341867501838973,-11.825467143369425,16.718728206437945,27.14101674835136,-8393.833210274073,8393.833210274073,-16787.666420548147,-0.33575332841096295,-1.0
13.370000000001134,0.22152114885546628,-0.9731196832106256,-4.223555611327175,-12.491415471413532,16.228706753475233,27.039392482682626,-8216.241303465193,8216.241303465193,-16432.482606930385,-0.32864965213860775,-0.7760331949877082
13.380000000001138,0.22152105058095778,-1.828600085731314,-5.046562397966921,-12.972395696840687,15.464737670022616,26.500035912268146,-8009.098383649053,8009.098383649053,-16018.196767298106,-0.32036393534596214,-0.47729107385666386
13.390000000001141,0.22152092273699317,-2.672719620173919,-5.810265771355756,-13.270515178467171,14.454304869465219,25.555038669984658,-7533.067736089983,7533.067736089983,-15066.135472179965,-0.30132270944359935,-0.17188350256076454
13.400000000001144,0.2215207642466682,-3.5021382541437593,-6.51211621596998,-13.38778113975815,13.228811878308637,24.24054891677736,-6620.110358243694,6620.110358243694,-13240.220716487387,-0.2648044143297478,0.13162596287620432
13.410000000001148,0.22152057513108392,-4.3097503643402675,-7.146287801639291,-13.3252006896808,11.820224114566297,22.59219136582556,-5170.403903785323,5170.403903785323,-10340.807807570645,-0.2068161561514129,0.42593102664355226
13.420000000001151,0.2215203567055364,-5.083981567409181,-7.703083197067548,-13.082463721887976,10.258498773711388,20.64202721419293,-3147.309714505065,3147.309714505065,-6294.61942901013,-0.1258923885802026,0.7048131131804386
13.430000000001154,0.2215201116255916,-5.808665046864157,-8.16888741133228,-12.657970598999086,8.570071274415957,18.417365429001503,-571.0494894342658,571.0494894342658,-1142.0989788685315,-0.022841979577370632,0.9630103305637195
13.440000000001158,0.22151984372587558,-6.463403714704821,-8.526559327346456,-12.049089331790228,6.777450962749479,15.941355533629526,2435.821084262653,-2435.821084262653,4871.642168525306,0.09743284337050613,1.0
13.450000000001161,0.2215195576716861,-7.025029215228219,-8.756871433638139,-11.2531611957051,4.900228202287198,13.235650383948832,5566.142456635798,-5566.142456635798,11132.284913271596,0.22264569826543196,1.0
13.460000000001164,0.22151925844726963,-7.470427619898147,-8.841218674157087,-10.269348314858625,2.9579297848621056,10.325249573205252,8544.108498411339,-8544.108498411339,17088.216996822677,0.34176433993645355,1.0
13.470000000001168,0.22151895077410097,-7.779149811394706,-8.764081075611001,-9.100235012984449,0.9727055189756099,7.242399518197457,11162.058048009185,-11162.058048009185,22324.11609601837,0.4464823219203674,1.0
13.480000000001171,0.22151863954208223,-7.9361793996166945,-8.515973993737488,-7.754525558230007,-1.0310867133855308,4.0262739592510846,13276.214944264893,-13276.214944264893,26552.429888529787,0.5310485977705958,1.0
13.490000000001174,0.22151833592699877,-7.9341867181213805,-8.096231155719877,-6.250178073577569,-3.029526088399491,0.7194429884941124,14807.662659293808,-14807.662659293808,29615.325318587616,0.5923065063717524,1.0
13.500000000001178,0.22151805227377636,-7.77447229413355,-7.51396200139811,-4.615273258036505,-5.000619549771878,-2.6354221759074585,15740.862927920069,-15740.862927920069,31481.725855840137,0.6296345171168028,1.0
13.510000000001181,0.22151779053804582,-7.464790709058678,-6.785071446391065,-2.883784642515764,-6.9197186095510235,-5.989222382745456,16106.640806669591,-16106.640806669591,32213.281613339183,0.6442656322667837,1.0
13.520000000001184,0.22151755206785792,-7.018553027393973,-5.9312076680926,-1.0942782882444082,-8.76037922682396,-9.289416220143556,15971.819191444742,-15971.819191444742,31943.638382889483,0.6388727676577897,1.0
13.530000000001188,0.22151734258125952,-6.453385127153617,-4.977867192726237,0.71250364209805,-10.493973570156871,-12.48038552061944,15429.373817486196,-15429.373817486196,30858.74763497239,0.6171749526994479,1.0
13.540000000001191,0.22151716604565344,-5.789172896822534,-3.9520126658263055,2.4965485434062287,-12.088869183869306,-15.502507121246785,14585.93021726704,-14585.93021726704,29171.86043453408,0.5834372086906816,1.0
13.550000000001194,0.2215170247549966,-5.046346673357819,-2.880086784701211,4.220838963356277,-13.510735337161677,-18.292779411687388,13551.018307257033,-13551.018307257033,27102.036614514065,0.5420407322902814,1.0
13.560000000001198,0.22151691967768827,-4.244624356051349,-1.7866701669512386,5.852679245900541,-14.7242777968013,-20.787626091188034,12429.52997917466,-12429.52997917466,24859.05995834932,0.49718119916698644,1.0
13.570000000001201,0.2215168508211046,-3.402129715099406,-0.6936614763814305,7.364264052895388,-15.696003522102535,-22.927435058624198,11316.9077251987,-11316.9077251987,22633.8154503974,0.45267630900794803,1.0
13.580000000001204,0.2215168174475092,-2.5347752651922084,0.38019175696749474,8.732755228654339,-16.397422426940587,-24.661992527342758,10296.245586086889,-10296.245586086889,20592.491172173777,0.4118498234434756,1.0
13.590000000001208,0.22151681815330582,-1.6558050358187664,1.4196114181065347,9.94026392219126,-16.807672368509436,-25.95441868753857,9436.375534924604,-9436.375534924604,18872.751069849208,0.37745502139698417,1.0
13.600000000001211,0.2215168509447942,-0.7754406068381591,2.413027075863121,10.973846403572992,-16.915267456608422,-26.783032428419094,8790.386937278017,-8790.386937278017,17580.773874556035,0.3516154774911207,1.0
13.610000000001214,0.22151691334457033,0.09934521898918815,3.3526921532135043,11.825424982439051,-16.719152810038985,-27.14186108816406,8394.72585685154,-8394.72585685154,16789.45171370308,0.33578903427406165,1.0
13.620000000001218,0.221517002495485,0.9649083979293327,4.234659277324367,12.491605465296344,-16.229123105984787,-27.04018580828356,8217.049955167564,-8217.049955167564,16434.099910335128,0.3286819982067026,0.7760331949852941
13.630000000001221,0.22151711524872178,1.8201622674679458,5.057914893035938,12.972816499473067,-15.465148003195514,-26.50078454505664,8009.8199234347085,-8009.8199234347085,16019.639846869417,0.32039279693738837,0.4772910738541498
13.640000000001224,0.2215172482171121,2.664077553204399,5.821835495533198,13.271163992054799,-14.45470973994825,-25.55574708001879,7533.703412517445,-7533.703412517445,15067.40682503489,0.3013481365006978,0.1718835025581761
13.650000000001228,0.22151739778797278,3.4933139158598046,6.523870289968838,13.388653744035285,-13.229210187787046,-24.241219559012396,6620.665392617213,-6620.665392617213,13241.330785234426,0.2648266157046885,-0.13162596287869358
13.660000000001231,0.22151756013679114,4.300765559540727,7.158192257037152,13.3262915090448,-11.820613255093782,-22.592824730961926,5170.886879385903,-5170.886879385903,10341.773758771806,0.20683547517543613,-0.42593102664593785
13.670000000001234,0.221517731291811,5.074858071959734,7.715103208038509,13.083765919009736,-10.258874890040717,-20.64262207743519,3147.731843351636,-3147.731843351636,6295.463686703272,0.12590927373406546,-0.7048131131826727
13.680000000001238,0.22151790726236098,5.7994247422159155,8.180987560692046,12.65947619577518,-8.570429607753544,-18.417919236267966,571.4238171312028,-571.4238171312028,1142.8476342624056,0.02285695268524811,-0.9630103305658229
13.690000000001241,0.22151808421635866,6.4540687158698615,8.538703911876306,12.050789372431472,-6.777786221983193,-15.941864857989387,-2435.480542802993,2435.480542802993,-4870.961085605986,-0.09741922171211974,-1.0
13.700000000001245,0.22151825869287498,7.015622002931912,8.769024807113246,11.255045958809308,-4.900534930488198,-13.236111406922532,-5565.821709732637,5565.821709732637,-11131.643419465274,-0.2226328683893055,-1.0
13.710000000001248,0.22151842783855977,7.460971131966187,8.853345560035857,10.271407507116928,-2.958202744291762,-10.32565845963112,-8543.794437606248,8543.794437606248,-17087.588875212496,-0.34175177750424995,-1.0
13.720000000001251,0.2215185895954658,7.769667659589915,8.776147030835682,9.102458182483751,-0.9729397428893592,-7.24275235585943,-11161.739768603684,11161.739768603684,-22323.479537207368,-0.4464695907441474,-1.0
13.730000000001255,0.22151874247250813,7.9266961865020775,8.527946020401727,7.756902760409631,1.0308962588145245,-4.026566259293309,-13275.885937303852,13275.885937303852,-26551.771874607704,-0.5310354374921541,-1.0
13.740000000001258,0.22151888153727173,7.924728145859401,8.108078334723622,6.252700710770358,3.029385177116962,-0.7196687456327049,-14807.3227994039,14807.3227994039,-29614.6455988078,-0.5922929119761561,-1.0
13.750000000001261,0.22151900208469202,7.765064762807135,7.525655260199428,4.617933683748405,5.000533734335806,2.6352689071506696,-15740.518056987637,15740.518056987637,-31481.036113975275,-0.6296207222795055,-1.0
13.760000000001265,0.22151910694248095,7.455460801930277,6.79658328946583,2.8865758315713173,6.919692521773269,5.989146364184329,-16106.300139532359,16106.300139532359,-32212.600279064718,-0.6442520055812944,-1.0
13.770000000001268,0.2215191984693794,7.009327105690413,5.942512000128065,1.0971936882274331,8.760416318749282,9.289420632201502,-15971.494419644625,15971.494419644625,-31942.98883928925,-0.6388597767857851,-1.0
13.780000000001271,0.22151927505339855,6.444288927610484,4.988938948000639,-0.7094705703629692,10.49407553236483,12.480471077370076,-15429.077178544805,15429.077178544805,-30858.15435708961,-0.6171630871417922,-1.0
13.790000000001275,0.22151933585113703,5.780231261653044,3.9628275579233208,-2.4934046190807817,12.089035740042524,15.502671843240414,-14585.673138886437,14585.673138886437,-29171.346277772875,-0.5834269255554575,-1.0
13.800000000001278,0.22151938101562535,5.037583374499455,2.8906211732423595,-4.217591407709791,13.510964417664313,18.293019079217153,-13550.810624338908,13550.810624338908,-27101.621248677817,-0.5420324249735564,-1.0
13.810000000001281,0.2215194117393793,4.236061971251494,1.7969009997390433,-5.849335700216963,14.72456595407017,20.78793513029001,-12429.379512097043,12429.379512097043,-24858.759024194085,-0.49717518048388176,-1.0
13.820000000001285,0.22151943015353373,3.3937895272358505,0.7035662658282864,-7.360832563906841,15.696346417710743,22.927807515399447,-11316.820023423665,11316.820023423665,-22633.64004684733,-0.4526728009369466,-1.0
13.830000000001288,0.2215194391907218,2.5266771624492432,-0.3706349527671877,-8.729244230218491,16.39781533188179,24.662423128013263,-10296.223694105258,10296.223694105258,-20592.447388210516,-0.4118489477642103,-1.0
13.840000000001291,0.22151944240793012,1.6479674581449273,-1.410423985793758,-9.936682212116882,16.808110593439757,25.954903768002513,-9436.419865795096,9436.419865795096,-18872.839731590193,-0.37745679463180387,-1.0
13.850000000001295,0.22151944373716134,0.7678805602807296,-2.4042297995748325,-10.970203126836118,16.91574661826284,26.783570420630255,-8790.495355343684,8790.495355343684,-17580.99071068737,-0.3516198142137474,-1.0
13.860000000001298,0.22151944723695471,-0.10661208659626498,-3.344305130709104,-11.821729613114202,16.71966894179761,27.142452568047055,-8394.893945711989,8394.893945711989,-16789.787891423977,-0.3357957578284796,-1.0
13.870000000001301,0.22151945689448702,-0.9718676635033766,-4.226701793722039,-12.487867769953258,16.229672652214315,27.040833188710728,-8217.27149358817,8217.27149358817,-16434.54298717634,-0.32869085974352685,-0.7760331949828769
13.880000000001305,0.22151947646636705,-1.82680055903238,-5.050405258303067,-12.969046476836917,15.465727736344576,26.50149151636294,-8010.087538958606,8010.087538958606,-16020.175077917213,-0.3204035015583443,-0.4772910738515855
13.890000000001308,0.22151950932545994,-2.670382364824572,-5.814790865745054,-13.267371803019248,14.45531662010067,25.556517880673304,-7534.009317984925,7534.009317984925,-15068.01863596985,-0.30136037271939703,-0.1718835025556405
13.900000000001311,0.2215195582771042,-3.49927344188679,-6.517306497306165,-13.384849654036028,13.22984116872636,24.242058129170147,-6621.002079720081,6621.002079720081,-13242.004159440163,-0.26484008318880325,0.13162596288118306
13.910000000001315,0.22151962534561126,-4.306368574116013,-7.152123666912214,-13.322485853079717,11.82126505752466,22.59373382509277,-5171.247667882064,5171.247667882064,-10342.495335764128,-0.20684990671528258,0.425931026648324
13.920000000001318,0.22151971158029554,-5.080093871516434,-7.709542615398957,-13.07996909027012,10.259543776655702,20.643602432536206,-3148.1112216475867,3148.1112216475867,-6296.222443295173,-0.12592444886590348,0.7048131131849682
13.930000000001321,0.22151981694951697,-5.804283158427279,-8.175946133997094,-12.655698657771701,8.571111192036799,18.418968880002144,-571.8175389005518,571.8175389005518,-1143.6350778011035,-0.02287270155602207,0.9630103305678671
13.940000000001325,0.2215199403769873,-6.458540188856385,-8.534191180398352,-12.047041685658266,6.778475331675649,15.94297859993417,2435.075589134941,-2435.075589134941,4870.151178269882,0.09740302356539764,1.0
13.950000000001328,0.22152007991161818,-7.01969769235173,-8.765048679572844,-11.251338814122562,4.901225535339283,13.237280527790599,5565.407765355498,-5565.407765355498,11130.815530710996,0.22261631061421994,1.0
13.960000000001331,0.22152023301768806,-7.464643065292081,-8.8499124060862,-10.267751810268608,2.95888794355253,10.326870750340047,8543.3733877172,-8543.3733877172,17086.7467754344,0.341734935508688,1.0
13.970000000001335,0.22152039694831177,-7.77292866827768,-8.773261517374573,-9.098864794618125,0.9736123085265749,7.243993051561015,11161.31291575043,-11161.31291575043,22322.62583150086,0.4464525166300172,1.0
13.980000000001338,0.2215205685167151,-7.929539525246531,-8.52561050043245,-7.7533815575431575,-1.0302423626832935,4.027820372925297,13275.45168796306,-13275.45168796306,26550.90337592612,0.5310180675185224,1.0
13.990000000001341,0.2215207412413342,-7.927142179744921,-8.106284976227574,-6.249248712031922,-3.0287364055157653,0.7209516269098792,14806.852375481058,-14806.852375481058,29613.704750962115,0.5922740950192423,1.0
14.000000000001345,0.22152090757376006,-7.76704265052693,-7.524399682512223,-4.614554679218692,-4.999886714918573,-2.633961681611559,15739.979757916944,-15739.979757916944,31479.95951583389,0.6295991903166779,1.0
14.010000000001348,0.2215210644450627,-7.45700093076566,-6.795864975164002,-2.8832805430642723,-6.919053608172079,-5.987836526951355,16105.699504879334,-16105.699504879334,32211.39900975867,0.6442279801951735,1.0
14.020000000001351,0.22152120952183024,-7.010429075143823,-5.942328625038351,-1.0939912976491193,-8.759788283008978,-9.288124097094347,15970.835193647503,-15970.835193647503,31941.670387295006,0.6388334077459001,1.0
14.030000000001355,0.22152133900065926,-6.44495377169279,-4.989286830624446,0.7125718133311946,-10.49345843212308,-12.479198922704057,15428.363016190311,-15428.363016190311,30856.726032380622,0.6171345206476125,1.0
14.040000000001358,0.22152145009479352,-5.780461605276488,-3.9637020443140627,2.4963968310558786,-12.088427886735131,-15.501431505260426,14584.909119160875,-14584.909119160875,29169.81823832175,0.5833963647664351,1.0
14.050000000001361,0.22152154085194292,-5.037383485502991,-2.8920168705703757,4.220466700674244,-13.510363188046465,-18.291815330053257,13550.004185840557,-13550.004185840557,27100.008371681113,0.5420001674336223,1.0
14.060000000001365,0.22152160984725472,-4.235437697661683,-1.7988118383120684,5.852086051370336,-14.723968335481963,-20.786770625467593,12428.540666132858,-12428.540666132858,24857.081332265716,0.49714162664531436,1.0
14.070000000001368,0.2215216559381112,-3.3927481378407194,-0.7059854085919738,7.363449927606632,-15.69574920491366,-22.926682593310254,11315.96088875788,-11315.96088875788,22631.92177751576,0.45263843555031524,1.0
14.080000000001371,0.22152167815940774,-2.5252271363111545,0.3677152746652755,8.731720756734934,-16.397215216842454,-24.661335462505022,10295.357617413052,-10295.357617413052,20590.715234826104,0.41181430469652214,1.0
14.090000000001375,0.22152167575257947,-1.6461182574266373,1.4070126430096714,9.939010429216344,-16.80750444668974,-25.95384877017416,9435.560513999491,-9435.560513999491,18871.121027998983,0.3774224205599797,1.0
14.100000000001378,0.22152164823734746,-0.7656423929116425,2.4003369508139945,10.972376131611533,-16.91513178286503,-26.782541876094637,8789.655753717443,-8789.655753717443,17579.311507434886,0.3515862301486978,1.0
14.110000000001381,0.22152159545881975,0.10922849124539485,3.339942405091363,11.823741262095186,-16.719043492272785,-27.14144333725099,8394.085526605968,-8394.085526605968,16788.171053211936,0.33576342106423873,1.0
14.120000000001385,0.22152151760967248,0.9748512409664729,4.221882442421789,12.489712840084643,-16.22903561721616,-27.039835933408654,8216.50327875565,-8216.50327875565,16433.0065575113,0.328660131150226,0.7760331949804179
14.130000000001388,0.22152141524430757,1.8301400407954718,5.045144255980473,12.970720779662754,-15.46507927909191,-26.500499411207382,8009.365546833155,-8009.365546833155,16018.73109366631,0.3203746218733262,0.4772910738490722
14.140000000001391,0.22152128931767026,2.674066345647582,5.809104950497392,13.268872242675798,-14.45465817145704,-25.555525276316093,7533.336247164144,-7533.336247164144,15066.672494328288,0.3013334498865658,0.17188350255310675
14.150000000001395,0.22152114127297742,3.503290384185261,6.51121414689129,13.386174230731529,-13.229175500478906,-24.241061126171477,6620.3772785030005,-6620.3772785030005,13240.754557006001,0.26481509114012003,-0.13162596288367007
14.160000000001398,0.2215209731443246,4.310706758725946,7.1456450158376335,13.323633623766625,-11.820596272306553,-22.592730697892865,5170.667357352138,-5170.667357352138,10341.334714704277,0.20682669429408557,-0.42593102665076726
14.170000000001401,0.22152078760724248,5.084741307682025,7.702699317642458,13.080940095403612,-10.258877203246715,-20.642593865668626,3147.5689282233334,-3147.5689282233334,6295.137856446667,0.12590275712893334,-0.7048131131872009
14.180000000001405,0.22152058793035034,5.809227464381472,8.168761172983745,12.656493813768684,-8.570453198417809,-18.417958020759443,571.3047047143053,-571.3047047143053,1142.6094094286107,0.022852188188572216,-0.9630103305699073
14.190000000001408,0.22152037781116624,6.463768446496819,8.526688624714627,12.047662635977124,-6.777833088964594,-15.941970959080935,-2435.5688221682676,2435.5688221682676,-4871.137644336535,-0.09742275288673072,-1.0
14.200000000001411,0.2215201611122451,7.02519627936946,8.757253392296295,11.251787737792396,-4.900606753828554,-13.236283757041916,-5565.891599959019,5565.891599959019,-11131.783199918038,-0.22263566399836077,-1.0
14.210000000001415,0.22151994151369395,7.470397502232659,8.841849746965353,10.268031219781777,-2.958300563960353,-10.325894322638073,-8543.857397460222,8543.857397460222,-17087.714794920445,-0.34175429589840894,-1.0
14.220000000001418,0.2215197221608493,7.77892347713682,8.764957053204009,9.09897733869085,-0.9730641721934478,-7.243047821947397,-11161.80509501093,11161.80509501093,-22323.61019002186,-0.44647220380043723,-1.0
14.230000000001422,0.22151950597281608,7.935758176377273,8.517089834361126,7.753329981700642,1.0307440431396473,-4.026917753563845,-13275.957907130725,13275.957907130725,-26551.91581426145,-0.531038316285229,-1.0
14.240000000001425,0.22151930043406087,7.933569826715557,8.097577413865675,6.249041482056588,3.0291942556165115,-0.7200881398999841,-14807.387672202609,14807.387672202609,-29614.775344405218,-0.5922955068881044,-1.0
14.250000000001428,0.22151911341348657,7.773661321362677,7.515531185764353,4.61419588704059,5.0002981774399835,2.634779075209084,-15740.555816606084,15740.555816606084,-31481.111633212167,-0.6296222326642434,-1.0
14.260000000001432,0.22151894424742014,7.463789720016672,6.786858166410555,2.882770093143204,6.9194117376830855,5.9885926347574925,-16106.305460529287,16106.305460529287,-32212.610921058575,-0.6442522184211715,-1.0
14.270000000001435,0.2215187922596367,7.0173666129419265,5.933205948508584,1.0933295337153517,8.760089015691856,9.28880809442738,-15971.459118088407,15971.459118088407,-31942.918236176814,-0.6388583647235363,-1.0
14.280000000001438,0.22151866079219398,6.452018439300565,4.980070621349604,-0.7133840510033161,10.493700588838646,12.479804542719839,-15428.992612450855,15428.992612450855,-30857.98522490171,-0.6171597044980343,-1.0
14.290000000001442,0.22151855201505605,5.787631676355675,3.954414531609146,-2.497358263996322,12.08861281308195,15.501956578147043,-14585.532042302944,14585.532042302944,-29171.06408460589,-0.5834212816921178,-1.0
14.300000000001445,0.22151846683795268,5.044637244751637,2.8826801651305893,-4.221575708092541,13.510494167962317,18.292260881625463,-13550.608197111113,13550.608197111113,-27101.216394222225,-0.5420243278844445,-1.0
14.310000000001448,0.2215184050403915,4.242753577235053,1.7894479480337213,-5.853340723950707,14.724049950439875,20.78713985417237,-12429.113871905545,12429.113871905545,-24858.22774381109,-0.49716455487622185,-1.0
14.320000000001452,0.22151836548667841,3.4001048854311047,0.6966163067579719,-7.364848019670768,15.695786822356258,22.926980176744305,-11316.492201729523,11316.492201729523,-22632.984403459046,-0.45265968806918094,-1.0
14.330000000001455,0.22151834629540923,2.5326040089943245,-0.37706754626599237,-8.733259584925378,16.39721452842227,24.66156687835768,-10295.837417083623,10295.837417083623,-20591.674834167246,-0.41183349668334496,-1.0
14.340000000001458,0.22151834496925576,1.6534951859344873,-1.4163258918834554,-9.940686795215537,16.807470965502368,25.954019331288166,-9435.981231750506,9435.981231750506,-18871.96246350101,-0.37743924927002026,-1.0
14.350000000001462,0.22151835855981564,0.7730000952005707,-2.4095887743802944,-10.974186234794493,16.91507047048218,26.78265600506545,-8790.01231285204,8790.01231285204,-17580.02462570408,-0.35160049251408165,-1.0
14.360000000001465,0.2215183838443912,-0.1019084540232253,-3.34911016388212,-11.825680614712882,16.718958533911003,27.141504166561603,-8394.37562266688,8394.37562266688,-16788.75124533376,-0.3357750249066752,-1.0
14.370000000001468,0.22151841747459508,-0.9675864763180176,-4.230943284677115,-12.491776213481067,16.22893031304175,27.039845181378848,-8216.727416845171,8216.727416845171,-16433.454833690343,-0.3286690966738069,-0.7760331949780047
14.380000000001472,0.22151845609767712,-1.8229473993150414,-5.0540751988453785,-12.97290219499224,15.464956022844417,26.5004574714441,-8009.526812669191,8009.526812669191,-16019.053625338382,-0.3203810725067677,-0.47729107384655967
14.390000000001475,0.22151849645988625,-2.6669620389769673,-5.817883007418362,-13.271164999541522,14.454518502743955,25.55543147090264,-7533.439862327738,7533.439862327738,-15066.879724655477,-0.30133759449310954,-0.1718835025505199
14.400000000001478,0.22151853550887857,-3.4962901210088995,-6.519816482047979,-13.38857095493191,13.229020233574493,24.24091410094351,-6620.430037344305,6620.430037344305,-13240.86007468861,-0.2648172014937722,0.13162596288621461
14.410000000001482,0.2215185705126289,-4.303825872645683,-7.154049108179885,-13.326126319585192,11.820425696590965,22.592528929692467,-5170.677045501092,5170.677045501092,-10341.354091002184,-0.2068270818200437,0.42593102665315163
14.420000000001485,0.22151859919042396,-5.077994855572287,-7.710883122103221,-13.083520196896211,10.258691332481666,20.642336222832927,-3147.5437988511785,3147.5437988511785,-6295.087597702357,-0.12590175195404715,0.7048131131894348
14.430000000001488,0.2215186198250628,-5.802630282903095,-8.17670327090031,-12.659152235208778,8.570252035821909,18.417644305714642,-571.2530589312514,571.2530589312514,-1142.5061178625028,-0.02285012235725006,0.963010330572011
14.440000000001492,0.22151863132096894,-6.457335173018757,-8.53436836761911,-12.050389832376812,6.777616872949075,15.941602380907296,2435.638961391611,-2435.638961391611,4871.277922783222,0.09742555845566445,1.0
14.450000000001495,0.22151863320666876,-7.018941353546229,-8.764651044427191,-11.254573782279099,4.900376164958856,13.23586330660252,5565.9727944844,-5565.9727944844,11131.9455889688,0.222638911779376,1.0
14.460000000001498,0.22151862558379856,-7.4643351282662245,-8.848946579231816,-10.270865843818559,2.9580569060550306,10.325426912253794,8543.94290195844,-8543.94290195844,17087.88580391688,0.34175771607833766,1.0
14.470000000001502,0.2215186090107715,-7.773067752545375,-8.771735632514039,-9.101850250286187,0.9728091086106913,7.242539755906265,11161.889554436686,-11161.889554436686,22323.779108873372,0.44647558217746747,1.0
14.480000000001505,0.22151858452492376,-7.930123431680944,-8.523534614098038,-7.756231654852031,-1.0310094460688615,4.026375259881395,13276.039539304678,-13276.039539304678,26552.079078609357,0.5310415815721872,1.0
14.490000000001508,0.2215185534060045,-7.928173510270473,-8.103679212781795,-6.251969861835188,-3.029479649247897,0.7195006221900928,14807.48210045626,-14807.48210045626,29614.96420091252,0.5922992840182505,1.0
14.500000000001512,0.22151851760058697,-7.768518646446469,-7.5212797970594405,-4.6171457269329,-5.000607621402305,-2.6354115872232686,15740.682907272056,-15740.682907272056,31481.36581454411,0.6296273162908823,1.0
14.510000000001515,0.22151847997519647,-7.458913205562224,-6.792242017690046,-2.8857327238843724,-6.919743647877807,-5.989260333066779,16106.466726423314,-16106.466726423314,32212.933452846628,0.6442586690569326,1.0
14.520000000001518,0.22151844279818791,-7.012768045630601,-5.938215045853624,-1.096297315808085,-8.760443167822487,-9.289503581757435,15971.65814958434,-15971.65814958434,31943.31629916868,0.6388663259833737,1.0
14.530000000001522,0.2215184073776323,-6.447708572216509,-4.984696140257767,0.7104182592799964,-10.494077413140504,-12.480521932938931,15429.233290532147,-15429.233290532147,30858.466581064295,0.617169331621286,1.0
14.540000000001525,0.22151837481979503,-5.7836200215168505,-3.9586484962350514,2.494401541778925,-12.089012802974956,-15.50269077553177,14585.817110661468,-14585.817110661468,29171.634221322936,0.5834326844264588,1.0
14.550000000001528,0.22151834622687303,-5.040931963643218,-2.8865152607138937,4.21863532669877,-13.510917539654667,-18.293007273605546,13550.938398758435,-13550.938398758435,27101.87679751687,0.5420375359503374,1.0
14.560000000001532,0.22151832287857198,-4.239361456219808,-1.7928774588169423,5.8504242266410875,-14.72449654979468,-20.787894420640534,12429.487633993484,-12429.487633993484,24858.975267986967,0.49717950535973937,1.0
14.570000000001535,0.22151830631655403,-3.3970313738000075,-0.6996341510998174,7.361963157418974,-15.696256246862003,-22.927740032640806,11316.905758388048,-11316.905758388048,22633.811516776095,0.45267623033552196,1.0
14.580000000001538,0.22151829833788964,-2.5298532855412206,0.37446673839807754,8.73041419280651,-16.39770630942346,-24.66233092810224,10296.285167055346,-10296.285167055346,20592.570334110693,0.41185140668221387,1.0
14.590000000001542,0.22151830090037608,-1.651070255497327,1.4141466851879179,9.937888686022877,-16.807984613751263,-25.95478846009543,9436.456161643724,-9436.456161643724,18872.912323287448,0.377458246465749,1.0
14.600000000001545,0.22151831597474758,-0.770902921148497,2.407834808506411,10.971443089387735,-16.915605439530374,-26.783432945256333,8790.506544330026,-8790.506544330026,17581.013088660053,0.3516202617732011,1.0
14.610000000001548,0.22151834541144338,0.10367679654195623,3.3477840188375843,11.822999871921022,-16.719514130915933,-27.14229313548766,8394.88103900523,-8394.88103900523,16789.76207801046,0.3357952415602092,1.0
14.620000000001552,0.22151839084325556,0.9690256413373788,4.230046343274965,12.489164966717505,-16.229505575283593,-27.040651348813725,8217.236312856525,-8217.236312856525,16434.47262571305,0.328689452514261,0.776033194975588
14.630000000001555,0.22151845360931377,1.824057622245261,5.053607519422208,12.97036710290617,-15.465549580327881,-26.501286323944445,8010.032505444047,-8010.032505444047,16020.065010888095,0.3204013002177619,0.47729107384399544
14.640000000001558,0.2215185346685771,2.6677440171427564,5.8178432216672995,13.268712221982595,-14.455128438433682,-25.556288127564542,7533.937193626823,-7533.937193626823,15067.874387253645,0.3013574877450729,0.17188350254798412
14.650000000001562,0.221518634473839,3.496744935540496,6.520201730077157,13.386206122939168,-13.229643950100943,-24.24180262567444,6620.91570733958,-6620.91570733958,13241.83141467916,0.26483662829358323,-0.13162596288870382
14.660000000001565,0.22151875282464398,4.30395495810043,7.154855016365799,13.323854537606428,-11.821059811553285,-22.593451706000526,5171.149750975688,-5171.149750975688,10342.299501951376,0.20684599003902754,-0.42593102665553867
14.670000000001568,0.22151888875608866,5.0778000182799765,7.712103826515594,13.081346072934322,-10.259331624065819,-20.643293453673266,3148.004171070602,-3148.004171070602,6296.008342141204,0.1259201668428241,-0.7048131131917311
14.680000000001572,0.22151904051826143,5.802113765440845,8.17833148931865,12.657079939185348,-8.5708934466115,-18.418633673177826,571.7034018786042,-571.7034018786042,1143.4068037572083,0.02286813607514417,-0.963010330574056
14.690000000001575,0.2215192056791146,6.4564997587598505,8.536395519293551,12.048423182770998,-6.778253563993985,-15.942618868000688,-2435.1951239683867,2435.1951239683867,-4870.390247936773,-0.09740780495873548,-1.0
14.700000000001578,0.22151938133848675,7.017790500053172,8.767067408485069,11.252716358570709,-4.901001613414173,-13.236899172414535,-5565.5313225500395,5565.5313225500395,-11131.062645100079,-0.2226212529020016,-1.0
14.710000000001582,0.221519564439008,7.462873110095688,8.851741485503005,10.269121128175845,-2.958664053095601,-10.326471873105964,-8543.499766179442,8543.499766179442,-17086.999532358885,-0.3417399906471777,-1.0
14.720000000001585,0.22151975211616762,7.771299705941539,8.774897541518412,9.100221616952043,-0.9733907632051678,-7.243581622877042,-11161.441230640421,11161.441230640421,-22322.882461280842,-0.44645764922561687,-1.0
14.730000000001588,0.22151994143551304,7.928055214737671,8.527050939242267,7.754721979016524,1.0304596687309757,-4.02740139465691,-13275.5822791787,13275.5822791787,-26551.1645583574,-0.531023291167148,-1.0
14.740000000001592,0.22152012560588957,7.925807900707476,8.107530895312095,6.250573289872384,3.0289543201153704,-0.72051963954938,-14806.995202973823,14806.995202973823,-29613.990405947647,-0.592279808118953,-1.0
14.750000000001595,0.22152029716921073,7.765862174506033,7.525451073210068,4.615861709382281,5.000106623787732,2.634405415803556,-15740.146090143853,15740.146090143853,-31480.292180287706,-0.6296058436057542,-1.0
14.760000000001599,0.2215204551504652,7.455976240596485,6.796720593665456,2.8845659812448874,6.919273546461855,5.988284798247755,-16105.88804355388,16105.88804355388,-32211.77608710776,-0.6442355217421553,-1.0
14.770000000001602,0.2215205989001709,7.009561713072806,5.94298791679569,1.0952516423008904,8.760007466857644,9.288571625571276,-15971.045343892189,15971.045343892189,-31942.090687784377,-0.6388418137556876,-1.0
14.780000000001605,0.22152072499140937,6.444244741345624,4.989749755673988,-0.7113397545162942,10.493676930868913,12.479641973118307,-15428.594195240534,15428.594195240534,-30857.188390481067,-0.6171437678096214,-1.0
14.790000000001609,0.22152083106020057,5.7799113041450525,3.9639689321466047,-2.4951961504436224,12.088646280122115,15.501867464458218,-14585.1601660803,14585.1601660803,-29170.3203321606,-0.5834064066432121,-1.0
14.800000000001612,0.22152091577233782,5.0369916789284455,2.8920883339625765,-4.21930052308201,13.510582296928698,18.292242394239437,-13550.273003662984,13550.273003662984,-27100.546007325967,-0.5420109201465194,-1.0
14.810000000001615,0.22152097862031625,4.235203535389662,1.7986887505148679,-5.850957577852285,14.72418905578045,20.787187656941043,-12428.824133483402,12428.824133483402,-24857.648266966804,-0.4971529653393361,-1.0
14.820000000001619,0.22152101970301005,3.3926702052580198,0.7056689349578672,-7.362362394183785,15.695972464064974,22.927089237982127,-11316.255014345476,11316.255014345476,-22632.51002869095,-0.45265020057381905,-1.0
14.830000000001622,0.2215210395914846,2.5253035233906562,-0.36822361925428243,-8.73067735598701,16.39744196743065,24.661732323813503,-10295.657838895586,10295.657838895586,-20591.31567779117,-0.41182631355582344,-1.0
14.840000000001625,0.22152103927422154,1.6463466358341863,-1.4077109334287092,-9.938014244768183,16.807735589086914,25.954237316180805,-9435.862011835043,9435.862011835043,-18871.724023670085,-0.3774344804734017,-1.0
14.850000000001629,0.22152102010187621,0.7660201001184674,-2.401222783537467,-10.971430069698858,16.915368074078742,26.782924240964903,-8789.953794040917,8789.953794040917,-17579.907588081835,-0.3515981517616367,-1.0
14.860000000001632,0.2215209837143968,-0.10870436918301676,-3.341012829534775,-11.82284798376873,16.719285458554175,27.141822078364697,-8394.375809796924,8394.375809796924,-16788.751619593848,-0.335775032391877,-1.0
14.870000000001635,0.22152093197175382,-0.9741837968028133,-4.223133900771299,-12.48887470261085,16.22928347318274,27.040213761514437,-8216.782252351177,8216.782252351177,-16433.564504702354,-0.3286712900940471,-0.7760331949731305
14.880000000001639,0.22152086689534597,-1.8293324905941297,-5.046572538575453,-12.969939792948352,15.465332857665269,26.50087891319652,-8009.63064957051,8009.63064957051,-16019.26129914102,-0.32038522598282043,-0.47729107384148306
14.890000000001642,0.22152079062955393,-2.673121994823058,-5.810705171718797,-13.268150044694902,14.454916867588947,25.555908646551014,-7533.58606143133,7533.58606143133,-15067.17212286266,-0.3013434424572532,-0.17188350254545165
14.900000000001645,0.22152070542509525,-3.5022126164592353,-6.512980743667049,-13.38551208253782,13.229438233324174,24.241449923188892,-6620.611581084129,6620.611581084129,-13241.223162168259,-0.26482446324336517,0.1316259628911903
14.910000000001649,0.2215206136201843,-4.309499046191608,-7.1475717681984605,-13.323032420627236,11.820861475150577,22.59312565142928,-5170.887074177392,5170.887074177392,-10341.774148354783,-0.2068354829670957,0.42593102665797994
14.920000000001652,0.22152051759273866,-5.083407238539486,-7.704779390395309,-13.080400391104078,10.25914284693454,20.642994752092715,-3147.776004655446,3147.776004655446,-6295.552009310892,-0.12591104018621785,0.7048131131939627
14.930000000001655,0.22152041967962205,-5.80777078486788,-8.170987178466392,-12.656015858289013,8.57071684569443,18.41836360986262,-571.5019001139589,571.5019001139589,-1143.0038002279177,-0.022860076004558357,0.9630103305760955
14.940000000001659,0.2215203220742141,-6.462193115281215,-8.529052706957195,-12.047246428542664,6.778091969373136,15.942379023539104,2435.3782134393355,-2435.3782134393355,4870.756426878671,0.09741512853757342,1.0
14.950000000001662,0.22152022671010232,-7.023506532065132,-8.759747329228007,-11.251433095304382,4.900857852291773,13.236691135302385,5565.704095411684,-5565.704095411684,11131.408190823367,0.22262816381646736,1.0
14.960000000001665,0.22152013513669433,-7.468597913039443,-8.84446505877676,-10.267737851984794,2.9585407285269385,10.32629703412558,8543.66969445108,-8543.66969445108,17087.33938890216,0.34174678777804324,1.0
14.970000000001669,0.2215200484272041,-7.777019005552949,-8.767685095221939,-9.098744903794007,0.9732902588343191,7.243441270834815,11161.614392696281,-11161.614392696281,22323.228785392563,0.4464645757078513,1.0
14.980000000001672,0.22151996730120785,-7.933754166877888,-8.519921825469492,-7.753158051787133,-1.0305349049865924,4.027297139666586,13275.76197940086,-13275.76197940086,26551.52395880172,0.5310304791760345,1.0
14.990000000001675,0.22151989434126376,-7.931470783450763,-8.100502754300146,-6.248926972149799,-3.0290005032420666,0.720455419343959,14807.179685809095,-14807.179685809095,29614.35937161819,0.5922871874323639,1.0
15.000000000001679,0.2215198319416775,-7.771473084458463,-7.518540616219181,-4.614137584425477,-5.000120578884899,-2.634426595314051,15740.32995022794,-15740.32995022794,31480.65990045588,0.6296131980091176,1.0
15.010000000001682,0.2215197782806709,-7.461519423267909,-6.789943789695652,-2.8827686021911343,-6.919253089742989,-5.988261399262486,16106.06567114082,-16106.06567114082,32212.13134228164,0.6442426268456328,1.0
15.020000000001685,0.22151973184999935,-7.015021618943627,-5.936359838143553,-1.0933852293302713,-8.759950924036291,-9.288502719445141,15971.20965373218,-15971.20965373218,31942.41930746436,0.6388483861492872,1.0
15.030000000001689,0.2215196934092643,-6.449606277469443,-4.983284822413364,0.7132710104445714,-10.493583510200379,-12.479527800430471,15428.737866573887,-15428.737866573887,30857.475733147774,0.6171495146629555,1.0
15.040000000001692,0.22151966331521658,-5.785160002666467,-3.9576810802339164,2.4971878865395793,-12.088516228324766,-15.50170961770623,14585.276524503564,-14585.276524503564,29170.55304900713,0.5834110609801426,1.0
15.050000000001695,0.22151964137879487,-5.042113803416058,-2.885991105249564,4.221348115832586,-13.510416825601341,-18.292043591472684,13550.356529053872,-13550.356529053872,27100.713058107744,0.5420142611621549,1.0
15.060000000001699,0.22151962682606188,-4.240186149900315,-1.7927953288507075,5.853056128185617,-14.723990115572978,-20.786951244182656,12428.870714434213,-12428.870714434213,24857.741428868427,0.4971548285773686,1.0
15.070000000001702,0.2215196183472642,-3.397501224113529,-0.6999921538378295,7.3645067441873495,-15.695742463224363,-22.926818607294845,11316.26206823971,-11316.26206823971,22632.52413647942,0.45265048272958847,1.0
15.080000000001705,0.22151961417363678,-2.5299717572967797,0.37367127590891736,8.732862113177633,-16.39718348184334,-24.661430280154484,10295.624395881503,-10295.624395881503,20591.248791763006,0.4118249758352602,1.0
15.090000000001709,0.22151961218321203,-1.6508418094769322,1.4129173478776083,9.940233807243832,-16.807451127593506,-25.953905565171585,9435.788732728017,-9435.788732728017,18871.577465456034,0.3774315493091207,1.0
15.100000000001712,0.22151961005007123,-0.7703328288951901,2.4061762442444636,10.973678648374174,-16.91505994343542,-26.782563150897275,8789.842860577644,-8789.842860577644,17579.68572115529,0.35159371442310583,1.0
15.110000000001715,0.22151960539139584,0.10458263814239876,3.3457020928643018,11.825119625591228,-16.71895571999899,-27.14143070245878,8394.23070492857,-8394.23070492857,16788.46140985714,0.33576922819714283,1.0
15.120000000001719,0.2215195958836157,0.9702608757953354,4.227548276188687,12.491163323323045,-16.228933966772495,-27.03979006844698,8216.60742427829,-8216.60742427829,16433.21484855658,0.32866429697113164,0.7760331949707135
15.130000000001722,0.22151957935566627,1.8256155633684943,5.050701992615612,12.972239221400862,-15.464965270815654,-26.50042016335965,8009.431082556116,-8009.431082556116,16018.862165112232,0.32037724330224465,0.4772910738389665
15.140000000001725,0.2215195538802364,2.6696177321099004,5.8145404383489865,13.270454069915887,-14.454532835523498,-25.555411863774044,7533.366811938617,-7533.366811938617,15066.733623877233,0.3013346724775447,0.1718835025429148
15.150000000001729,0.2215195178856847,3.498927276989664,6.516513426272999,13.387814490768829,-13.22903946781064,-24.240912428746594,6620.377353641604,-6620.377353641604,13240.754707283208,0.2648150941456642,-0.13162596289373812
15.160000000001732,0.22151947028635086,4.306438548382452,7.150794422594341,13.325327016890446,-11.820449907633416,-22.592545612435252,5170.641894945909,-5170.641894945909,10341.283789891819,0.2068256757978364,-0.4259310266603688
15.170000000001735,0.22151941059900837,5.080577192934224,7.70768558188323,13.08268100507634,-10.258720764687794,-20.642371685757276,3147.523028745564,-3147.523028745564,6295.046057491128,0.12590092114982257,-0.7048131131962007
15.180000000001739,0.22151933900286488,5.805176483307651,8.173571507810518,12.658276334324844,-8.570287002549097,-18.41769879436841,571.2433727724493,-571.2433727724493,1142.4867455448987,0.022849734910897975,-0.9630103305781422
15.190000000001742,0.22151925631034122,6.459839482783282,8.531310807562308,12.049480604583625,-6.77765766007332,-15.941675791811841,-2435.6408509354087,2435.6408509354087,-4871.281701870817,-0.09742563403741636,-1.0
15.200000000001745,0.22151916385450185,7.021398054548868,8.76167584279011,11.253634775021672,-4.900422945729428,-13.235955044548863,-5565.97000943818,5565.97000943818,-11131.94001887636,-0.2226388003775272,-1.0
15.210000000001749,0.2215190633017353,7.466738542736664,8.846061572381672,10.269900745070332,-2.958109661931768,-10.32553582321728,-8543.938309486488,8543.938309486488,-17087.876618972976,-0.34175753237945955,-1.0
15.220000000001752,0.2215189564153098,7.775412190851832,8.768948222205085,9.100862768046609,-0.9728677017647898,-7.242664284060082,-11161.8854744645,11161.8854744645,-22323.770948929,-0.44647541897858,-1.0
15.230000000001755,0.22151884520471932,7.932403071800405,8.520851554053834,7.755225242171723,1.0309449722054373,-4.0265139078846435,-13276.036960300651,13276.036960300651,-26552.073920601302,-0.5310414784120261,-1.0
15.240000000001759,0.22151873382927706,7.930381541369075,8.101105249091775,6.250945689327343,3.0294060506058367,-0.7196569373350947,-14807.476478964245,14807.476478964245,-29614.95295792849,-0.5922990591585698,-1.0
15.250000000001762,0.22151862709606157,7.770648869650366,7.518819857279838,4.61610584530694,5.000523316477377,2.635237195618436,-15740.668065770564,15740.668065770564,-31481.336131541128,-0.6296267226308226,-1.0
15.260000000001765,0.22151852678506054,7.460960201269751,6.789901326598417,2.884680151327494,6.919648777893685,5.989070415925025,-16106.441663562546,16106.441663562546,-32212.88332712509,-0.6442576665425018,-1.0
15.270000000001769,0.2215184342401477,7.014726621965902,5.935998269844417,1.0952347367077104,8.760337553770524,9.289300090571706,-15971.621083099712,15971.621083099712,-31943.242166199423,-0.6388648433239885,-1.0
15.280000000001772,0.2215183518509202,6.449573879435805,4.982607531156045,-0.7114883086909501,10.493960801607127,12.480306542038868,-15429.182305787821,15429.182305787821,-30858.364611575642,-0.6171672922315129,-1.0
15.290000000001776,0.2215182813543907,5.785387630423558,3.9566920016295004,-2.4954765267279364,12.088885053973081,15.502465108821058,-14585.750667386399,14585.750667386399,-29171.501334772798,-0.583430026695456,-1.0
15.300000000001779,0.22151822393910836,5.042597909305923,2.8846945878303747,-4.2197126310171775,13.51077871598766,18.292772965356004,-13550.855635897049,13550.855635897049,-27101.711271794098,-0.542034225435882,-1.0
15.310000000001782,0.22151818043170995,4.240922253557885,1.791196096807259,-5.851501127931937,14.724346917742832,20.787653025161955,-12429.388490903837,12429.388490903837,-24858.776981807674,-0.4971755396361535,-1.0
15.320000000001786,0.22151815145019074,3.3984840133760605,0.6980953626716314,-7.3630368465233484,15.696096208714094,22.92749280056074,-11316.790957170055,11316.790957170055,-22633.58191434011,-0.45267163828680224,-1.0
15.330000000001789,0.2215181374721067,2.531195221010358,-0.375859937978155,-8.731481810774017,16.397536317441563,24.662078544877097,-10296.156125047497,10296.156125047497,-20592.312250094994,-0.4118462450018999,-1.0
15.340000000001792,0.2215181388226335,1.6522993792443614,-1.4153915557380115,-9.938947356442304,16.807805128244674,25.954530927923063,-9436.314877657742,9436.314877657742,-18872.629755315484,-0.3774525951063097,-1.0
15.350000000001796,0.22151815563996255,0.7720175249127693,-2.4089289226933013,-10.972489951330653,16.915416921348143,26.783169588664617,-8790.355434627048,8790.355434627048,-17580.710869254097,-0.351614217385082,-1.0
15.360000000001799,0.22151818785638205,-0.10267807116857194,-3.3487253067125455,-11.824032113096516,16.719317059452912,27.142022702726095,-8394.722737813621,8394.722737813621,-16789.445475627243,-0.33578890951254486,-1.0
15.370000000001802,0.22151823519295044,-0.9681438579352282,-4.2308331404908435,-12.490179855891048,16.22930048410666,27.040372186785042,-8217.073452275468,8217.073452275468,-16434.146904550937,-0.3286829380910188,-0.7760331949683024
15.380000000001806,0.22151829715762272,-1.82329360397934,-5.054238614867285,-12.971362019799404,15.46533710192186,26.50099660019068,-8009.867494979847,8009.867494979847,-16019.734989959694,-0.3203946997991939,-0.47729107383645697
15.390000000001809,0.22151837302797983,-2.667098393655094,-5.818317898851011,-13.269684680425813,14.454909353426286,25.555986077925237,-7533.772025854398,7533.772025854398,-15067.544051708795,-0.30135088103417595,-0.17188350254033022
15.400000000001812,0.22151846180511525,-3.496218176481627,-6.520519797066529,-13.387153783264809,13.229419238169584,24.24148681094785,-6620.751815662884,6620.751815662884,-13241.503631325768,-0.26483007262651537,0.1316259628962223
15.410000000001816,0.2215185621594732,-4.303547389718269,-7.155016821422283,-13.32477520812591,11.820830696224322,22.59312125326802,-5170.98793407979,5170.98793407979,-10341.97586815958,-0.20683951736319162,0.4259310266627496
15.420000000001819,0.22151867240772213,-5.077511821612051,-7.712110257827077,-13.082237701704225,10.259099602789817,20.642948257594615,-3147.844589690729,3147.844589690729,-6295.689179381458,-0.12591378358762917,0.7048131131984299
15.430000000001822,0.221518790546668,-5.801944956392845,-8.178183957393001,-12.657940596004623,8.570660301721446,18.418274541480805,-571.5456499536313,571.5456499536313,-1143.0912999072625,-0.022861825998145253,0.963010330580241
15.440000000001826,0.22151891435249965,-6.456450152529525,-8.536095922561376,-12.04925103200096,6.778021355501627,15.94224760762538,2435.351877405432,-2435.351877405432,4870.703754810864,0.09741407509621729,1.0
15.450000000001829,0.22151904153584095,-7.017859664681333,-8.766618085586234,-11.25350962403928,4.900772654963085,13.236518617833944,5565.688138890324,-5565.688138890324,11131.376277780648,0.22262752555561297,1.0
15.460000000001832,0.221519169943258,-7.463060314919876,-8.851145154037997,-10.269878046268017,2.9584408693632196,10.326085831304978,8543.657690571441,-8543.657690571441,17087.315381142882,0.3417463076228577,1.0
15.470000000001836,0.22151929775847415,-7.771603912919641,-8.774157285595603,-9.100940457196723,0.9731759357152112,7.243194625457325,11161.601192253967,-11161.601192253967,22323.202384507935,0.44646404769015874,1.0
15.480000000001839,0.22151942332257446,-7.928475144919899,-8.526170302301784,-7.755401221399519,-1.0306638770093113,4.027018117467196,13275.745459364862,-13275.745459364862,26551.490918729723,0.5310298183745945,1.0
15.490000000001842,0.2215195423094533,-7.9263434930476455,-8.106515980795875,-6.251214807738531,-3.0291509701539634,0.7201365602872004,14807.169515521444,-14807.169515521444,29614.339031042888,0.5922867806208578,1.0
15.500000000001846,0.2215196502012509,-7.766511956121562,-7.524306798427608,-4.616465385048565,-5.000295980670453,-2.6347863388406587,15740.339520038153,-15740.339520038153,31480.679040076306,0.6296135808015262,1.0
15.510000000001849,0.2215197475360485,-7.456737272295672,-6.795450610511447,-2.8851297043110757,-6.919453290499258,-5.988656950754458,16106.097856639759,-16106.097856639759,32212.195713279518,0.6442439142655904,1.0
15.520000000001852,0.2215198348285574,-7.0104307533453705,-5.941596204605146,-1.0957736751416576,-8.760176410818286,-9.288930192854371,15971.269013130855,-15971.269013130855,31942.53802626171,0.6388507605252343,1.0
15.530000000001856,0.22151991018419329,-6.445218235559985,-4.988240543305953,0.7108608871186136,-10.493834852337411,-12.479983779668922,15428.82917195463,-15428.82917195463,30857.65834390926,0.6171531668781852,1.0
15.540000000001859,0.22151997238462318,-5.780985374840514,-3.9623466223089383,2.494761781631455,-12.088793678504315,-15.502190672236567,14585.403629709059,-14585.403629709059,29170.807259418118,0.5834161451883624,1.0
15.550000000001862,0.22152002094898188,-5.038162132899168,-2.8903574544667725,4.218911932059541,-13.510720146565294,-18.29254617535788,13550.521698021386,-13550.521698021386,27101.043396042773,0.5420208679208555,1.0
15.560000000001866,0.22152005606660127,-4.236465895927433,-1.7968539434580597,5.8506160245039975,-14.724318603051838,-20.78747193185268,12429.07435714949,-12429.07435714949,24858.14871429898,0.4971629742859796,1.0
15.570000000001869,0.22152007847568486,-3.394019768210971,-0.7037349838016426,7.362069090714595,-15.696095112646107,-22.9273546103723,11316.5027779513,-11316.5027779513,22633.0055559026,0.45266011111805204,1.0
15.580000000001872,0.2215200893646232,-2.526735427275112,0.37025174265922817,8.730433409323002,-16.397559192283104,-24.661980046400792,10295.899134517222,-10295.899134517222,20591.798269034443,0.4118359653806889,1.0
15.590000000001876,0.22152009029215772,-1.6478559307294058,1.4098280238340914,9.937820609783262,-16.807848806698388,-25.954469066024277,9436.09307679884,-9436.09307679884,18872.18615359768,0.3774437230719536,1.0
15.600000000001879,0.2215200830838985,-0.7676018108034666,2.40342335752601,10.971287498802825,-16.915478529924737,-26.78314188500705,8790.171363336487,-8790.171363336487,17580.342726672974,0.3516068545334595,1.0
15.610000000001882,0.22152006972209456,0.10705519139634014,3.343291086378247,11.822756977093942,-16.71939414384455,-27.14202747614974,8394.577342358392,-8394.577342358392,16789.154684716785,0.33578309369433573,1.0
15.620000000001886,0.22152005225337773,0.9724720399745707,4.2254836970504215,12.488835468529672,-16.229391066155777,-27.040408604765577,8216.966094443576,-8216.966094443576,16433.932188887153,0.3286786437777431,0.7760331949658851
15.630000000001889,0.2215200327133981,1.8275629683583428,5.0489873811761825,12.969952224459309,-15.465439686095158,-26.50106460074858,8009.796113873354,-8009.796113873354,16019.592227746709,0.3203918445549342,0.4772910738338911
15.640000000001892,0.22152001306140454,2.6712994515774007,5.813178229803314,13.26821371250725,-14.455022891348877,-25.55608619356932,7533.733419614695,-7533.733419614695,15067.46683922939,0.3013493367845878,0.171883502537795
15.650000000001896,0.22151999511344034,3.500341747432399,6.515504877090892,13.38562624161974,-13.229543049857432,-24.24161990931797,6620.741983042922,-6620.741983042922,13241.483966085843,0.2648296793217169,-0.13162596289871167
15.660000000001899,0.22151998046487642,4.307584526505567,7.150139568767474,13.323196025670212,-11.820964351712934,-22.59328821511034,5171.0024157945345,-5171.0024157945345,10342.004831589069,0.2068400966317814,-0.4259310266651373
15.670000000001902,0.22151997040775792,5.0814537554375185,7.707383233090429,13.080612118290887,-10.259242778332073,-20.643149629391846,3147.878764553446,-3147.878764553446,6295.757529106892,0.12591515058213787,-0.7048131132007271
15.680000000001906,0.22151996586382852,5.805783068989504,8.173619281078267,12.656274133453879,-8.570812630068643,-18.418510206042434,571.5949587737207,-571.5949587737207,1143.1899175474414,0.02286379835094883,-0.963010330582286
15.690000000001909,0.22151996735551932,6.460175971300518,8.531705199090155,12.047549464808226,-6.778182290234006,-15.942516503227461,-2435.2917731112807,2435.2917731112807,-4870.583546222561,-0.09741167092445123,-1.0
15.700000000001912,0.22151997501518736,7.02146487061141,8.762412330016437,11.25177894151477,-4.900941359743346,-13.236818521500075,-5565.621217333315,5565.621217333315,-11131.24243466663,-0.22262484869333263,-1.0
15.710000000001916,0.22151998863058195,7.466536773645191,8.847134748480002,10.268124437484683,-2.9586161249737875,-10.326413289653042,-8543.587551340242,8543.587551340242,-17087.175102680485,-0.3417435020536097,-1.0
15.720000000001919,0.22152000773052385,7.774943603196836,8.77035181551066,9.099170125367497,-0.973356319817074,-7.24354529939885,-11161.530674950538,11161.530674950538,-22323.061349901076,-0.44646122699802154,-1.0
15.730000000001922,0.22152003155872962,7.931669954100739,8.522578203301164,7.753619903026652,1.0304793784646344,-4.027387716607767,-13275.675335518756,13275.675335518756,-26551.35067103751,-0.5310270134207503,-1.0
15.740000000001926,0.2215200590233736,7.929383357648784,8.103141672329883,6.2494234739482435,3.028956442074967,-0.7205316358640947,-14807.089636792953,14807.089636792953,-29614.179273585905,-0.5922835854717181,-1.0
15.75000000000193,0.22152008860701208,7.769388305299342,7.521155454401636,4.6146671202619025,5.000089080012261,2.634366071630214,-15740.237313170886,15740.237313170886,-31480.474626341773,-0.6296094925268355,-1.0
15.760000000001932,0.22152011857462062,7.459443302930369,6.7925283700991175,2.8833298440002104,6.919235251816585,5.988218020698454,-16105.972832597397,16105.972832597397,-32211.945665194795,-0.6442389133038959,-1.0
15.770000000001936,0.22152014755846605,7.012960140452649,5.938908258585454,1.0939769167544537,8.7599475028895,9.288477468319579,-15971.119504794015,15971.119504794015,-31942.23900958803,-0.6388447801917606,-1.0
15.78000000000194,0.2215201746169324,6.447565306365856,4.985791379935671,-0.7126501630657808,10.49359480970251,12.479521012913366,-15428.65339212352,15428.65339212352,-30857.30678424704,-0.6171461356849409,-1.0
15.790000000001942,0.2215201989809203,5.78314522798542,3.960140221339452,-2.496539245362181,12.088542079113136,15.501720961594842,-14585.200522338175,14585.200522338175,-29170.40104467635,-0.5834080208935271,-1.0
15.800000000001946,0.22152021993663265,5.040130698427112,2.8883974001550303,-4.220673147280556,13.510456646229452,18.292072193232695,-13550.291449860038,13550.291449860038,-27100.582899720077,-0.5420116579944015,-1.0
15.81000000000195,0.22152023670916018,4.238239942621182,1.7951434596680196,-5.85235639976963,14.724043021943176,20.78699590359495,-12428.818570591387,12428.818570591387,-24857.637141182775,-0.4971527428236555,-1.0
15.820000000001953,0.22152024840174267,3.395596871405643,0.7022769076464108,-7.363783922797861,15.695807385710632,22.926878014857202,-11316.224367387696,11316.224367387696,-22632.448734775393,-0.4526489746955079,-1.0
15.830000000001956,0.22152025399229586,2.528113918350332,-0.3714550142794461,-8.732117964725685,16.397259281432678,24.661503248112393,-10295.602071918178,10295.602071918178,-20591.204143836356,-0.41182408287672717,-1.0
15.84000000000196,0.2215202523854528,1.6490348296644062,-1.4107745965358864,-9.939470194414548,16.8075366984425,25.953991241880797,-9435.782101343142,9435.782101343142,-18871.564202686284,-0.3774312840537257,-1.0
15.850000000001963,0.2215202424958592,0.7685807390188647,-2.4041119164976954,-10.972897529865222,16.915154277489265,26.782661138738437,-8789.851622057711,8789.851622057711,-17579.703244115422,-0.3515940648823085,-1.0
15.860000000001966,0.22152022332236293,-0.10627610826883858,-3.343720980920011,-11.824323054870325,16.71905793478433,27.1415410776564,-8394.25398998188,8394.25398998188,-16788.50797996376,-0.33577015959927525,-1.0
15.87000000000197,0.22152019400160844,-0.9718922697902799,-4.225655024515218,-12.49035344250331,16.229043305479642,27.039913321373533,-8216.643890236774,8216.643890236774,-16433.287780473547,-0.328665755609471,-0.7760331949634275
15.880000000001973,0.22152015384983226,-1.8271816604223163,-5.048901062010297,-12.971418248757036,15.465081083497283,26.50055708183028,-8009.479054728732,8009.479054728732,-16018.958109457464,-0.3203791621891493,-0.47729107383137986
15.890000000001976,0.2215201024119278,-2.6711155051792264,-5.812836065038242,-13.269624284061594,14.454654545927962,25.55556337739578,-7533.424449581102,7533.424449581102,-15066.848899162203,-0.3013369779832441,-0.1718835025352628
15.90000000000198,0.2215200395347645,-3.500353854022991,-6.514909581650378,-13.386978216494322,13.229166526739249,24.241079425508964,-6620.442812232397,6620.442812232397,-13240.885624464794,-0.2648177124892959,0.1316259629011972
15.910000000001983,0.22151996545271058,-4.307791182659575,-7.149294777863113,-13.324486615217559,11.820581737241787,22.592728743611474,-5170.713461141185,5170.713461141185,-10341.42692228237,-0.20682853844564741,0.4259310266675779
15.920000000001986,0.22151988085056107,-5.081853246848241,-7.706293480477333,-13.081838867961624,10.258856701540271,20.642571180200175,-3147.599212383329,3147.599212383329,-6295.198424766658,-0.12590396849533317,0.7048131132029581
15.93000000000199,0.22151978687155277,-5.806373427594499,-8.172289947636711,-12.657434884048808,8.57042624705488,18.41791430138727,-571.322946923246,571.322946923246,-1142.645893846492,-0.02285291787692984,0.9630103305843262
15.940000000001993,0.2215196850518238,-6.460954909039735,-8.530142432124643,-12.048642295716634,6.777799237875142,15.94190626307284,2435.5588585141554,-2435.5588585141554,4871.117717028311,0.09742235434056623,1.0
15.950000000001996,0.22151957718896775,-7.022429696118374,-8.76062293871872,-11.252802097248827,4.9005656837533556,13.236198658936978,5565.886352647514,-5565.886352647514,11131.772705295029,0.22263545410590058,1.0
15.960000000002,0.22151946515340057,-7.467684304778792,-8.845126081525482,-10.269076237850836,2.958252177644954,10.325789989677672,8543.853618491656,-8543.853618491656,17087.70723698331,0.34175414473966625,1.0
15.970000000002003,0.2215193506785387,-7.776270132832423,-8.76813169853989,-9.100048957553012,0.9730085190207579,7.242925845666761,11161.800184143458,-11161.800184143458,22323.600368286916,0.44647200736573833,1.0
15.980000000002006,0.22151923552130134,-7.933171320331527,-8.520155021997292,-7.7544244274648655,-1.0308070892898429,4.026779655757821,13275.950775415684,-13275.950775415684,26551.901550831368,0.5310380310166274,1.0
15.99000000000201,0.22151912379207914,-7.931057137846689,-8.100527488811531,-6.250157357842057,-3.029268102625955,0.7199302480868988,14807.38308301428,-14807.38308301428,29614.76616602856,0.5922953233205712,1.0
16.00000000000201,0.22151901998511508,-7.7712298757778235,-7.51836036356371,-4.615330931869569,-5.000384528000409,-2.634957239305606,15740.560388996812,-15740.560388996812,31481.120777993623,0.6296224155598725,1.0
16.010000000002005,0.22151892458996666,-7.46144580239296,-6.789560403039817,-2.8839210784118463,-6.919510507935698,-5.988788504618412,16106.320626533146,-16106.320626533146,32212.641253066293,0.6442528250613259,1.0
16.020000000002,0.2215188379187727,-7.015116266054886,-5.935775806172507,-1.0944935845961057,-8.76020041630744,-9.289019685181962,15971.48716678636,-15971.48716678636,31942.97433357272,0.6388594866714545,1.0
16.030000000001994,0.221518762018773,-6.449867333997088,-4.98250310883899,0.712209660742585,-10.493824859878286,-12.480030098974398,15429.035962974533,-15429.035962974533,30858.071925949065,0.6171614385189813,1.0
16.04000000000199,0.2215186982930994,-5.785585022567887,-3.9567049829830663,2.49617627184618,-12.08875002904879,-15.502194337820953,14585.59268058761,-14585.59268058761,29171.18536117522,0.5834237072235045,1.0
16.050000000001983,0.221518647513363,-5.042699741295654,-2.8848241700085,4.220388951620335,-13.510644154483396,-18.292509028569683,13550.687338717826,-13550.687338717826,27101.37467743565,0.542027493548713,1.0
16.060000000001978,0.22151860993657738,-4.240929392380816,-1.7914413271485663,5.852152166706015,-14.72421229807582,-20.78739663645221,12429.211825702163,-12429.211825702163,24858.423651404326,0.49716847302808653,1.0
16.070000000001972,0.22151858543659836,-3.398397658779718,-0.698455120282888,7.363660730391766,-15.695960971574431,-22.92724416308967,11316.608382306726,-11316.608382306726,22633.21676461345,0.45266433529226907,1.0
16.080000000001966,0.22151857358667384,-2.531016862236443,0.3753869769570514,8.732076698249141,-16.397399873560207,-24.66183725612072,10295.97043110506,-10295.97043110506,20591.94086221012,0.4118388172442024,1.0
16.09000000000196,0.2215185736971167,-1.6520307471244329,1.4148069547902102,9.939511477155941,-16.80766690984957,-25.954296050414868,9436.128994699724,-9436.128994699724,18872.257989399448,0.377445159787989,1.0
16.100000000001955,0.22151858485556472,-0.7716605403611687,2.408234525973776,10.97302164779661,-16.915276440330057,-26.78293978100994,8790.172223189078,-8790.172223189078,17580.344446378156,0.35160688892756314,1.0
16.11000000000195,0.22151860597744338,0.10312134715891183,3.347923280155753,11.824529882337997,-16.719173961551252,-27.141796372721505,8394.544777864747,-8394.544777864747,16789.089555729493,0.3357817911145899,1.0
16.120000000001944,0.2215186358526322,0.9686712673147522,4.229926007247971,12.490642385299653,-16.229154598038367,-27.040147656724113,8216.902856387145,-8216.902856387145,16433.80571277429,0.3286761142554858,0.7760331949630681
16.13000000000194,0.22151867318459875,1.8239029236058029,5.053229280711388,12.971788213454374,-15.465188481418044,-26.50077227346597,8009.705766140209,-8009.705766140209,16019.411532280417,0.3203882306456084,0.4772910738312796
16.140000000001933,0.2215187166175471,2.667787353861349,5.8172096647370655,13.270073673565145,-14.454758310657954,-25.55576059811484,7533.619972780064,-7533.619972780064,15067.239945560128,0.3013447989112026,0.17188350253539275
16.150000000001928,0.22151876475179286,3.4969844658745237,6.519316357916783,13.387504944881583,-13.229266365682813,-24.241259203580285,6620.609529966038,-6620.609529966038,13241.219059932077,0.26482438119864155,-0.13162596290078113
16.160000000001922,0.2215188161613583,4.304388647759397,7.153722251803453,13.325088134040396,-11.820676871790921,-22.592891035741122,5170.854824062624,-5170.854824062624,10341.709648125248,0.206834192962505,-0.4259310266668279
16.170000000001917,0.2215188694278606,5.078425621412582,7.710728985317588,13.08251220000134,-10.258945973986721,-20.642715507346185,3147.719462459246,-3147.719462459246,6295.438924918492,0.12590877849836984,-0.7048131132020168
16.18000000000191,0.22151892319087274,5.8029287799866065,8.176720723794478,12.658176664713572,-8.57050825220809,-18.418039921800784,571.4268358539557,-571.4268358539557,1142.8536717079114,0.02285707343415823,-0.9630103305831758
16.190000000001906,0.22151897620648922,6.457501359489226,8.534555732641545,12.049448827591286,-6.777872459626809,-15.942012357122486,-2435.4663589203533,2435.4663589203533,-4870.932717840707,-0.09741865435681414,-1.0
16.2000000000019,0.221519027409767,7.018975455107636,8.76500614517715,11.253669420530143,-4.90062862500878,-13.236284509489362,-5565.800373748318,5565.800373748318,-11131.600747496635,-0.22263201494993273,-1.0
16.210000000001894,0.22151907597806442,7.464237694673121,8.849466805165973,10.270000190789027,-2.9583034919585476,-10.3258551040937,-8543.769654933963,8543.769654933963,-17087.539309867927,-0.34175078619735855,-1.0
16.22000000000189,0.22151912137280066,7.772839664799062,8.772417947429151,9.101025332364873,-0.9730469935580517,-7.242969874242001,-11161.714554147715,11161.714554147715,-22323.42910829543,-0.4464685821659086,-1.0
16.230000000001883,0.22151916327512447,7.929765824114103,8.524375445218919,7.755449253214696,1.030782743881001,-4.026802075114533,-13275.861502796612,13275.861502796612,-26551.723005593223,-0.5310344601118645,-1.0
16.240000000001878,0.2215192003859598,7.927686114926642,8.104672061637935,6.251227895741561,3.029260586320493,-0.7199282055766172,-14807.292021351926,14807.292021351926,-29614.584042703853,-0.5922916808540771,-1.0
16.250000000001872,0.22151923154880127,7.7679027810066685,7.522419490427892,4.616444364806794,5.000395849000182,2.634985397818134,-15740.471619118422,15740.471619118422,-31480.943238236843,-0.6296188647647369,-1.0
16.260000000001867,0.22151925791773622,7.458171839507001,6.793524797684637,2.8850743859129437,6.919541774679505,5.988843003025521,-16106.237156923915,16106.237156923915,-32212.47431384783,-0.6442494862769567,-1.0
16.27000000000186,0.22151928044185895,7.011904486494879,5.939636766778407,1.0956839953295465,8.760252548048085,9.289100566825429,-15971.412946620725,15971.412946620725,-31942.82589324145,-0.638856517864829,-1.0
16.280000000001856,0.22151929879856375,6.446726483749838,4.986252361755794,-0.7109848647880574,10.493898340038246,12.480136868449078,-15428.975108192028,15428.975108192028,-30857.950216384055,-0.6171590043276811,-1.0
16.29000000000185,0.22151931286762877,5.782523438963668,3.96033457239857,-2.4949198907430774,12.088844781824164,15.502325815795626,-14585.54891192489,14585.54891192489,-29171.09782384978,-0.5834219564769957,-1.0
16.300000000001845,0.22151932282020334,5.039725288977053,2.8883263975082465,-4.219103931787549,13.510759560508617,18.292663452158955,-13550.663653910966,13550.663653910966,-27101.32730782193,-0.5420265461564386,-1.0
16.31000000000184,0.22151932915158068,4.238049424410404,1.7948087279164622,-5.8508416145687,14.724347308022883,20.78757193223512,-12429.21034122826,12429.21034122826,-24858.42068245652,-0.49716841364913045,-1.0
16.320000000001833,0.2215193326607274,3.395618991921566,0.7016804606029804,-7.362327900032392,15.696114264066392,22.927438293892926,-11316.630274355233,11316.630274355233,-22633.260548710467,-0.45266521097420936,-1.0
16.330000000001828,0.2215193344090414,2.5283457559272917,-0.37231069587630994,-8.730724971203779,16.3975700224061,24.662048603542818,-10296.015910522434,10296.015910522434,-20592.031821044868,-0.4118406364208974,-1.0
16.340000000001822,0.22151933565773296,1.6494728995425438,-1.41188648268621,-9.938144342774947,16.807852513896197,25.954523704446295,-9436.197321339394,9436.197321339394,-18872.394642678788,-0.3774478928535758,-1.0
16.350000000001817,0.22151933777837698,0.7692211085765611,-2.4054763352728528,-10.971642684992066,16.915476195250534,26.783183662489865,-8790.261796178194,8790.261796178194,-17580.52359235639,-0.3516104718471278,-1.0
16.36000000000181,0.2215193421654646,-0.10543770664037695,-3.3453335251970544,-11.82314274080814,16.71938667953327,27.14205720171353,-8394.653289584017,8394.653289584017,-16789.306579168035,-0.33578613158336074,-1.0
16.370000000001806,0.2215193501677999,-0.9708603404181433,-4.227510470727236,-12.48925076206317,16.229379189181564,27.040426798124475,-8217.027510149164,8217.027510149164,-16434.05502029833,-0.3286811004059666,-0.7760331949668107
16.3800000000018,0.2215193630335782,-1.8259608700789765,-5.050993310696741,-12.970395824059517,15.465423910662697,26.50107149757491,-8009.843541385723,8009.843541385723,-16019.687082771447,-0.32039374165542894,-0.4772910738351988
16.390000000001795,0.22151938185594677,-2.66971063855822,-5.815158109816628,-13.268684223392356,14.455003537456387,25.556081786538147,-7533.767902114118,7533.767902114118,-15067.535804228237,-0.30135071608456476,-0.17188350253936324
16.40000000000179,0.221519407505055,-3.498769800391193,-6.51745350915509,-13.386122107948793,13.22952026878899,24.241604021065402,-6620.764944392362,6620.764944392362,-13241.529888784724,-0.2648305977756945,0.13162596289686707
16.410000000001784,0.22151944054898226,-4.3060329507430755,-7.15205179752529,-13.323715542105662,11.820938167899918,22.59326059777324,-5171.015533713623,5171.015533713623,-10342.031067427246,-0.20684062134854495,0.4259310266630621
16.420000000001778,0.2215194811844116,-5.079926002875322,-7.709253982597295,-13.08115344178329,10.259213142970443,20.64311007882265,-3147.8838533524386,3147.8838533524386,-6295.767706704877,-0.12591535413409755,0.7048131131984805
16.430000000001773,0.22151952920328888,-5.80428255156792,-8.175443589543804,-12.656835295289024,8.570779479268648,18.418458675376815,-571.5938721558208,571.5938721558208,-1143.1877443116416,-0.022863754886232834,0.9630103305799345
16.440000000001767,0.22151958401510669,-6.458706067056648,-8.533478252984509,-12.048128385410562,6.778145599676786,15.942453204095592,2435.2972215229283,-2435.2972215229283,4870.594443045857,0.09741188886091715,1.0
16.45000000000176,0.22151964472085697,-7.0200289259315705,-8.764129498619875,-11.25237344953905,4.900901191383905,13.23674400653702,5565.629331862681,-5565.629331862681,11131.258663725363,0.22262517327450726,1.0
16.460000000001756,0.22151971023314637,-7.465138096897432,-8.848791608198717,-10.268732281203073,2.958572668838626,10.326328486255932,8543.596790001422,-8543.596790001422,17087.193580002844,0.3417438716000569,1.0
16.47000000000175,0.22151977942510054,-7.773585493979176,-8.771944216049425,-9.099789043715447,0.9733098407532345,7.2434514020267144,11161.539811682367,-11161.539811682367,22323.079623364734,0.4464615924672947,1.0
16.480000000001745,0.221519851033603,-7.930355776404414,-8.52410239661818,-7.7542477953212,-1.0305287393010814,4.02728588420242,13275.68393491444,-13275.68393491444,26551.36786982888,0.5310273573965776,1.0
16.49000000000174,0.22151992239598617,-7.928117104214093,-8.104595200158709,-6.250059727431323,-3.0290106605639746,0.7204196995770393,14807.100795959508,-14807.100795959508,29614.201591919016,0.5922840318383804,1.0
16.500000000001734,0.22151999046133217,-7.768173543712458,-7.522535700226597,-4.615310520411824,-5.000149047637555,-2.634488220521544,15740.255082265081,-15740.255082265081,31480.510164530162,0.6296102032906032,1.0
16.510000000001728,0.22152005422019846,-7.458283072730463,-6.793832484497615,-2.883978519745558,-6.919300748469527,-5.988348568001825,16105.9977381844,-16105.9977381844,32211.9954763688,0.6442399095273761,1.0
16.520000000001723,0.2215201129159405,-7.011857326583175,-5.940133729230465,-1.0946292059021572,-8.760018558613854,-9.28861504742578,15971.15251409941,-15971.15251409941,31942.30502819882,0.6388461005639765,1.0
16.530000000001717,0.221520165049686,-6.446522571379328,-4.986935943167097,0.7119958281824157,-10.493671553558531,-12.479664508156736,15428.695520184712,-15428.695520184712,30857.391040369424,0.6171478208073885,1.0
16.54000000000171,0.22152020953998994,-5.78216496588827,-3.961201794053828,2.4958844293015994,-12.088624618153183,-15.501869360564994,14585.252523673846,-14585.252523673846,29170.50504734769,0.5834101009469539,1.0
16.550000000001706,0.22152024566541403,-5.039215010066367,-2.889374040697061,4.220019463459398,-13.510545001671591,-18.29222453489116,13550.353634798004,-13550.353634798004,27100.70726959601,0.5420141453919202,1.0
16.5600000000017,0.22152027295171614,-4.237390629030925,-1.7960333552054715,5.8517055255910355,-14.724137118844753,-20.78715131754776,12428.890738024687,-12428.890738024687,24857.781476049375,0.4971556295209875,1.0
16.570000000001695,0.22152029107548232,-3.3948154400574255,-0.7030783815011232,7.363137585641681,-15.695907086264107,-22.92703584803989,11316.305827751412,-11316.305827751412,22632.611655502824,0.45265223311005653,1.0
16.58000000000169,0.22152029981872304,-2.5274015950281807,0.37074348690500697,8.731477916309748,-16.39736442978367,-24.66166321432904,10295.69171678001,-10295.69171678001,20591.38343356002,0.4118276686712004,1.0
16.590000000001684,0.22152029907154214,-1.648392577207848,1.4101543690790217,9.938838188581544,-16.807647136663917,-25.954153476590992,9435.878487894473,-9435.878487894473,18871.756975788947,0.37743513951577895,1.0
16.60000000000168,0.22152028884703498,-0.768009284570273,2.403584145654972,10.972275299886451,-16.915269841926058,-26.782826180807223,8789.95308640267,-8789.95308640267,17579.90617280534,0.3515981234561068,1.0
16.610000000001673,0.22152026928675664,0.10677624070145787,3.3432865976369843,11.823712290718225,-16.71917843883817,-27.141709797257825,8394.358779681368,-8394.358779681368,16788.717559362736,0.33577435118725474,1.0
16.620000000001667,0.22152024065921,0.972320724515924,4.225314703608283,12.489755769171179,-16.229168513341506,-27.040086807186093,8216.750305373744,-8216.750305373744,16433.500610747487,0.3286700122149498,0.7760331949709691
16.63000000000166,0.22152020335717035,1.827538216742921,5.048655193176224,12.970835206968179,-15.465210679744834,-26.500736502972686,8009.585584428376,-8009.585584428376,16019.171168856752,0.32038342337713505,0.47729107383951946
16.640000000001656,0.2215201579044916,2.6714000495540553,5.812684728611175,13.269057315889219,-14.454788103755952,-25.55574983256906,7533.529888294013,-7533.529888294013,15067.059776588027,0.30134119553176053,0.17188350254371376
16.65000000000165,0.22152010497970262,3.5005663609469826,6.514852532031055,13.386428658072836,-13.22930347671828,-24.241273789365273,6620.546341205984,-6620.546341205984,13241.092682411969,0.2648218536482394,-0.13162596289259937
16.660000000001645,0.2215200454437231,4.307931706072871,7.149331436120758,13.323955696410907,-11.820721341456395,-22.592931524999603,5170.814687585852,-5170.814687585852,10341.629375171704,0.20683258750343408,-0.4259310266589731
16.67000000000164,0.22151998034909848,5.081921922659255,7.706422936946629,13.081327718175082,-10.258998038140641,-20.64278240666782,3147.698163964643,-3147.698163964643,6295.396327929286,0.12590792655858574,-0.7048131131946499
16.680000000001634,0.22151991091664575,5.806370486967619,8.17251097530192,12.656944544258552,-8.570568207437,-18.418133438566866,571.4200209072566,-571.4200209072566,1142.8400418145131,0.022856800836290266,-0.9630103305764305
16.69000000000163,0.2215198384758145,6.460880701024112,8.53045351052469,12.048173736539328,-6.777940535329153,-15.94213217026119,-2435.4629894307536,2435.4629894307536,-4870.925978861507,-0.09741851957723015,-1.0
16.700000000001623,0.221519764374378,7.022284716899203,8.761022286291618,11.252356242379522,-4.9007048724244635,-13.236429579410979,-5565.790867689218,5565.790867689218,-11131.581735378437,-0.22263163470756875,-1.0
16.710000000001617,0.22151968986279902,7.467469229641362,8.845611695762797,10.268653994425451,-2.95838768304925,-10.326023589367653,-8543.757706246255,8543.757706246255,-17087.51541249251,-0.34175030824985025,-1.0
16.720000000001612,0.22151961598086423,7.775985824246249,8.76870136902485,9.099651209073288,-0.9731387312656689,-7.243159361266535,-11161.703118587791,11161.703118587791,-22323.406237175583,-0.44646812474351166,-1.0
16.730000000001606,0.22151954366161672,7.932818792821812,8.520806282950813,7.754051936987901,1.0306835956279554,-4.027010234500042,-13275.85172539138,13275.85172539138,-26551.70345078276,-0.5310340690156552,-1.0
16.7400000000016,0.2215194753825309,7.930636695546079,8.101256382234684,6.249808892448475,3.02914960899604,-0.7201598816951205,-14807.277298343,14807.277298343,-29614.554596686,-0.5922910919337201,-1.0
16.750000000001595,0.22151941371137834,7.770742667081135,7.519163657138676,4.615006449571452,5.000270971078921,2.6347298014613902,-15740.44314714191,15740.44314714191,-31480.88629428382,-0.6296177258856764,-1.0
16.76000000000159,0.22151935824451155,7.460893847105104,6.790435634590913,2.8836217261393884,6.919403345057916,5.988567253178817,-16106.193599590695,16106.193599590695,-32212.38719918139,-0.6442477439836278,-1.0
16.770000000001584,0.22151930861075653,7.014501762015876,5.936720338691914,1.0942202960520224,8.760100419253153,9.28880752171491,-15971.351941675044,15971.351941675044,-31942.70388335009,-0.6388540776670019,-1.0
16.78000000000158,0.22151926587109225,6.449192659461459,4.983514172847093,-0.7124561043914263,10.493732206223752,12.479828920517695,-15428.894157720586,15428.894157720586,-30857.788315441172,-0.6171557663088235,-1.0
16.790000000001573,0.22151923069904988,5.784852739095405,3.9577797185358703,-2.4963951739897676,12.088664442077487,15.502005211968966,-14585.446077978553,14585.446077978553,-29170.892155957106,-0.5834178431191421,-1.0
16.800000000001567,0.22151920333874536,5.041912587547345,2.885959653854307,-4.220579649606088,13.51056504981599,18.292332391536924,-13550.537974021214,13550.537974021214,-27101.075948042428,-0.5420215189608486,-1.0
16.810000000001562,0.22151918363828796,4.240090263486046,1.7926345781774562,-5.852314011808475,14.724138907473163,20.787232457935236,-12429.061986653838,12429.061986653838,-24858.123973307676,-0.49716247946615355,-1.0
16.820000000001556,0.22151917111787853,3.397509571793122,0.6997030828731654,-7.363793104691741,15.69589241597772,22.927091996522098,-11316.460511893996,11316.460511893996,-22632.921023787992,-0.4526584204757599,-1.0
16.83000000000155,0.22151916502768593,2.530082913236461,-0.374087461382923,-8.732179048768524,16.397335219843914,24.66169627227154,-10295.826964073847,10295.826964073847,-20591.653928147694,-0.4118330785629539,-1.0
16.840000000001545,0.22151916439751687,1.6510540694963298,-1.4134591747299017,-9.939583343518413,16.807605253221368,25.954165182934194,-9435.992198430187,9435.992198430187,-18871.984396860375,-0.3774396879372075,-1.0
16.85000000000154,0.22151916810183975,0.770644267189888,-2.4068419262904137,-10.973062692144415,16.915216975040376,26.782817872987508,-8790.044047437594,8790.044047437594,-17580.088094875187,-0.35160176189750375,-1.0
16.860000000001534,0.22151917492816214,-0.10417411335759696,-3.346489484806885,-11.824539918915004,16.71911603271472,27.141682296160113,-8394.426721874333,8394.426721874333,-16788.853443748667,-0.3357770688749734,-1.0
16.87000000000153,0.2215191836337439,-0.9697574737368053,-4.2284548333983025,-12.490621403726543,16.229097737740464,27.040040405913057,-8216.795875477015,8216.795875477015,-16433.59175095403,-0.32867183501908065,-0.7760331949749534
16.880000000001523,0.22151919299178294,-1.8250195738420416,-5.051724741553221,-12.971736392342102,15.4651324314628,26.50067103426495,-8009.610230177868,8009.610230177868,-16019.220460355737,-0.32038440920711475,-0.47729107384362374
16.890000000001518,0.22151920183214824,-2.6689315032073706,-5.8156759608843664,-13.269991384128193,14.454703032799365,25.555664794708516,-7533.535676816955,7533.535676816955,-15067.07135363391,-0.30134142707267825,-0.1718835025479064
16.900000000001512,0.22151920908420256,-3.4981532080348394,-6.5177578591502,-13.387392746715793,13.229212037620577,24.241168520536533,-6620.535747863307,6620.535747863307,-13241.071495726614,-0.2648214299145323,0.131625962888478
16.910000000001506,0.22151921382650547,-4.305579096701722,-7.152143471502889,-13.324946765869344,11.820623866807228,22.59280541194324,-5170.790391055316,5170.790391055316,-10341.580782110632,-0.20683161564221264,0.42593102665507687
16.9200000000015,0.2215192153384143,-5.0796348919932575,-7.709134549399907,-13.082342566930434,10.258894825318542,20.64263510387776,-3147.6628739207677,3147.6628739207677,-6295.325747841535,-0.12590651495683072,0.7048131131909412
16.930000000001495,0.22151921313969597,-5.804153969835858,-8.175115335146344,-12.657979821910967,8.570459606882117,18.417965071707073,-571.376354081334,571.376354081334,-1142.752708162668,-0.02285505416325336,0.963010330573036
16.94000000000149,0.22151920700409422,-6.458739531838615,-8.532944130412675,-12.049225958454201,6.777827028938396,15.94194350592315,2435.512589075074,-2435.512589075074,4871.025178150148,0.09742050356300297,1.0
16.950000000001484,0.22151919694711358,-7.020223621165335,-8.763393059169216,-11.253421808449064,4.900587135919992,13.236222152427175,5565.8441926416635,-5565.8441926416635,11131.688385283327,0.22263376770566656,1.0
16.96000000000148,0.2215191831896299,-7.46549280155894,-8.847856914379808,-10.269729193479272,2.9582666362899697,10.325799737446774,8543.812774093682,-8543.812774093682,17087.625548187363,0.3417525109637473,1.0
16.970000000001473,0.22151916609684633,-7.774098567081739,-8.770815818827773,-9.100732327367268,0.9730154214037261,7.242922003940195,11161.758382136824,-11161.758382136824,22323.51676427365,0.44647033528547303,1.0
16.980000000001468,0.22151914620187388,-7.93102524248079,-8.522785453400928,-7.755135550567404,-1.0308083795358274,4.0267622825324745,13275.90685768025,-13275.90685768025,26551.8137153605,0.53103627430721,1.0
16.990000000001462,0.22151912435577018,-7.928942629701401,-8.103098315988257,-6.2508946429770305,-3.0292795637479193,0.719897232631725,14807.338901892901,-14807.338901892901,29614.677803785802,0.5922935560757161,1.0
17.000000000001457,0.22151910167839067,-7.769152872889145,-7.520865847827678,-4.6160925728500635,-5.000407462606599,-2.6350067865577538,15740.519229544616,-15740.519229544616,31481.03845908923,0.6296207691817847,1.0
17.01000000000145,0.22151907920954098,-7.459411958572945,-6.791994899066933,-2.8847049739057296,-6.919545427788664,-5.988854172636409,16106.284201307908,-16106.284201307908,32212.568402615816,0.6442513680523164,1.0
17.020000000001446,0.22151905776497932,-7.013131112749642,-5.938134069744502,-1.0952978232816064,-8.760247804980176,-9.289101096635914,15971.457807680343,-15971.457807680343,31942.915615360685,0.6388583123072138,1.0
17.03000000000144,0.22151903800119133,-6.4479361811801414,-4.984780190225461,0.71138693481566,-10.493885001359699,-12.480126668002564,15429.016106110343,-15429.016106110343,30858.032212220685,0.6171606442444137,1.0
17.040000000001434,0.2215190204406606,-5.7837128917429625,-3.958896149959201,2.4953369559615766,-12.088822909102642,-15.502305152565468,14585.58448533436,-14585.58448533436,29171.16897066872,0.5834233794133745,1.0
17.05000000000143,0.22151900554121304,-5.040891324995882,-2.8869248650696133,4.219535032885831,-13.510729450720836,-18.292632888769532,13550.69246393364,-13550.69246393364,27101.38492786728,0.5420276985573457,1.0
17.060000000001423,0.22151899377021886,-4.23918903186279,-1.793447151336413,5.851285733693227,-14.724309436312458,-20.787532206874303,12429.231327354515,-12429.231327354515,24858.46265470903,0.49716925309418064,1.0
17.070000000001418,0.22151898564684164,-3.396729332778033,-0.7003618337971567,7.362783962910781,-15.69606921775874,-22.92739019029599,11316.642688489374,-11316.642688489374,22633.285376978747,0.45266570753957497,1.0
17.080000000001412,0.22151898174814497,-2.52942417925803,0.37358344844059105,8.731191849683196,-16.397518433907415,-24.661992810399944,10296.019348119542,-10296.019348119542,20592.038696239084,0.4118407739247817,1.0
17.090000000001407,0.2215189826803885,-1.650516948608376,1.4131105073531818,9.938620858041352,-16.807795003320734,-25.95446069232788,9436.191737971863,-9436.191737971863,18872.383475943727,0.37744766951887454,1.0
17.1000000000014,0.2215189890322261,-0.7702285188035005,2.4066488556415657,10.972127609967396,-16.915413335286807,-26.783113620051164,8790.247495951266,-8790.247495951266,17580.49499190253,0.35160989983805063,1.0
17.110000000001396,0.22151900133385705,0.10446901793592206,3.346451853514198,11.823634802764788,-16.719318981407977,-27.14198003038783,8394.630888567463,-8394.630888567463,16789.261777134925,0.3357852355426985,1.0
17.12000000000139,0.2215190200280876,0.969932292078402,4.228572024998126,12.489748647762452,-16.229307104368957,-27.040342154045366,8216.997871787362,-8216.997871787362,16433.995743574724,0.3286799148714945,0.7760331949790106
17.130000000001385,0.2215190454479479,1.825075240582271,5.051995636691947,12.970898188103819,-15.465347843095897,-26.500978867041805,8009.807687914377,-8009.807687914377,16019.615375828755,0.3203923075165751,0.4772910738478466
17.14000000000138,0.22151907778946386,2.6688690910884265,5.8160989053041545,13.269189697911203,-14.454923863558456,-25.555980584015145,7533.726914625181,-7533.726914625181,15067.453829250362,0.30134907658500726,0.17188350255216384
17.150000000001373,0.2215191170696162,3.4979739053965084,6.5183306470263185,13.386629310684686,-13.229437364717205,-24.24149370268732,6620.719868360679,-6620.719868360679,13241.439736721359,0.2648287947344272,-0.13162596288429682
17.160000000001368,0.22151916307724967,4.3052842025070435,7.152863345351301,13.324223081518284,-11.820852441193905,-22.59314078022554,5170.96730354314,-5170.96730354314,10341.93460708628,0.2068386921417256,-0.4259310266510666
17.170000000001362,0.22151921533803762,5.0792258277054145,7.709998216986119,13.08165991902337,-10.259125063924756,-20.642980650748132,3147.833244622172,-3147.833244622172,6295.666489244344,0.1259133297848869,-0.7048131131871823
17.180000000001357,0.22151927311241498,5.80363230656981,8.176119004135673,12.657339303033305,-8.570689607713101,-18.418319890049244,571.5414864251078,-571.5414864251078,1143.0829728502156,0.022861659457004312,-0.963010330569596
17.19000000000135,0.22151933543695365,6.458107030826141,8.534083560643422,12.048628504738806,-6.778054604293582,-15.942305747564712,-2435.350941480453,2435.350941480453,-4870.701882960906,-0.09741403765921813,-1.0
17.200000000001346,0.22151940120450173,7.019482284124049,8.764663629393254,11.252868245874632,-4.900809860229985,-13.236589039246242,-5565.684068743593,5565.684068743593,-11131.368137487187,-0.22262736274974376,-1.0
17.21000000000134,0.2215194692778568,7.4646449226690565,8.849253698738611,10.269220293280073,-2.958481911721193,-10.326167637826396,-8543.652284639136,8543.652284639136,-17087.304569278273,-0.3417460913855655,-1.0
17.220000000001335,0.221519538614729,7.773146756632441,8.772333631671048,9.100268818397177,-0.9732206171001583,-7.243286646441099,-11161.595894133583,11161.595894133583,-22323.191788267166,-0.4464638357653434,-1.0
17.23000000000133,0.22151960817047736,7.929972392130366,8.524418812847337,7.754718013046184,1.0306156229645653,-4.027119228384271,-13275.740833222078,13275.740833222078,-26551.481666444157,-0.5310296333288832,-1.0
17.240000000001324,0.2215196754715061,7.9277906395245195,8.104839645424006,6.250520775196205,3.0290969875802047,-0.7202491336606255,-14807.162353967507,14807.162353967507,-29614.324707935015,-0.5922864941587004,-1.0
17.250000000001318,0.2215197378276579,7.767904932410239,7.522708749382313,4.615761891898818,5.000235251368862,2.6346620879989078,-15740.325544888849,15740.325544888849,-31480.651089777697,-0.629613021795554,-1.0
17.260000000001313,0.2215197950154653,7.458072557034838,6.7939342030124035,2.884418792745526,6.919385971219857,5.988522835945925,-16106.076426530904,16106.076426530904,-32212.15285306181,-0.6442430570612362,-1.0
17.270000000001307,0.22151984690384716,7.011704987894464,5.9401644229751165,1.0950571632080506,8.76010241443664,9.28878758550009,-15971.23899023058,15971.23899023058,-31942.47798046116,-0.6388495596092233,-1.0
17.2800000000013,0.2215198922775699,6.446428299742683,4.986896097674019,-0.7115812805613534,10.493754013563038,12.47983382628573,-15428.789355612596,15428.789355612596,-30857.578711225193,-0.617151574224504,-1.0
17.290000000001296,0.22151993030854128,5.782128438457519,3.9610920226399964,-2.4954843380066785,12.088705883026632,15.502034451438881,-14585.353094642443,14585.353094642443,-29170.706189284887,-0.5834141237856978,-1.0
17.30000000000129,0.22151996055320683,5.039235683675788,2.8891950529864667,-4.219634877366313,13.510625395559815,18.292384745942044,-13550.459995676934,13550.459995676934,-27100.91999135387,-0.5420183998270774,-1.0
17.310000000001285,0.22151998288584906,4.2374677481855185,1.795785948642786,-5.85133751318094,14.724217018782396,20.787306280360124,-12429.00159165947,12429.00159165947,-24858.00318331894,-0.4971600636663788,-1.0
17.32000000000128,0.22151999742060874,3.394948057885031,0.702763453249328,-7.362787220114715,15.695986897739719,22.92718550685016,-11316.419586508882,11316.419586508882,-22632.839173017765,-0.4526567834603553,-1.0
17.330000000001274,0.2215200044610951,2.527588601096772,-0.3711249181613393,-8.731146246446686,16.39744457626497,24.661807873794718,-10295.806619017245,10295.806619017245,-20591.61323803449,-0.41183226476068985,-1.0
17.340000000001268,0.2215200044751918,1.6486327276692057,-1.4106011405093932,-9.938526214536765,16.807728023162,25.954293749160314,-9435.992718510317,9435.992718510317,-18871.985437020634,-0.3774397087404127,-1.0
17.350000000001263,0.2215199980669484,0.7683012337843169,-2.404094925401169,-10.971983947598094,16.91535181634,26.78296290180607,-8790.064905042638,8790.064905042638,-17580.129810085276,-0.35160259620170553,-1.0
17.360000000001257,0.22151998594257424,-0.10643391014559718,-3.343859860341045,-11.82344238649026,16.719261757518158,27.141843930915115,-8394.466648011025,8394.466648011025,-16788.93329602205,-0.33577866592044103,-1.0
17.37000000000125,0.22151996887959,-0.9719294767137617,-4.225948709924416,-12.489508018059235,16.229253311116153,27.04021934874679,-8216.852997071812,8216.852997071812,-16433.705994143624,-0.3286741198828725,-0.7760331949830364
17.380000000001246,0.2215199477010587,-1.8270995446518,-5.04934797587717,-12.970610177326579,15.465296945271644,26.50086838253036,-8009.682265659779,8009.682265659779,-16019.364531319557,-0.32038729062639115,-0.47729107385204
17.39000000000124,0.22151992325684985,-2.6709154655860003,-5.813434086814478,-13.268855431350621,14.454875660921687,25.55588182520104,-7533.620161717502,7533.620161717502,-15067.240323435004,-0.3013448064687001,-0.1718835025563952
17.400000000001235,0.22151989641109432,-3.5000373959030893,-6.515656033868451,-13.38625019675744,13.22939197379306,24.241406437065585,-6620.630252100365,6620.630252100365,-13241.26050420073,-0.26482521008401466,0.1316259628801395
17.41000000000123,0.22151986802778434,-4.307359915206975,-7.150186429257141,-13.323800795816824,11.820810251205032,22.593065078585504,-5170.8926963098165,5170.8926963098165,-10341.785392619633,-0.2068357078523927,0.4259310266470785
17.420000000001224,0.2215198389473573,-5.081308897190745,-7.707326566332182,-13.081196384573364,10.259086670471893,20.64291679279634,-3147.7710905227204,3147.7710905227204,-6295.542181045441,-0.12591084362090882,0.7048131131834429
17.43000000000122,0.22151980995549056,-5.8057178695588645,-8.173460207964785,-12.65683666665879,8.570655733023148,18.418268251395457,-571.4889657234003,571.4889657234003,-1142.9779314468005,-0.022859558628936013,0.9630103305661738
17.440000000001213,0.22151978174998943,-6.460190204768862,-8.531445167621161,-12.048089106176121,6.778026015861221,15.942266683607627,2435.396748067105,-2435.396748067105,4870.79349613421,0.09741586992268421,1.0
17.450000000001207,0.22151975490805534,-7.021558147382217,-8.762053081383804,-11.252294577897144,4.900787294722963,13.236562775607545,5565.725999209758,-5565.725999209758,11131.451998419516,0.22262903996839034,1.0
17.4600000000012,0.22151972985540744,-7.466708505163321,-8.846678274219096,-10.268614968651343,2.958465999234206,10.326154201485625,8543.692956518822,-8543.692956518822,17087.385913037644,0.3417477182607529,1.0
17.470000000001196,0.22151970684948122,-7.775192994397297,-8.76980034617831,-9.099634474901597,0.9732119024061878,7.24328593216283,11161.63743521382,-11161.63743521382,22323.27487042764,0.4464654974085528,1.0
17.48000000000119,0.22151968601204944,-7.931996045129453,-8.521934266154142,-7.754057131797721,-1.030616528319075,4.027131228464256,13275.784327662719,-13275.784327662719,26551.568655325438,0.5310313731065088,1.0
17.490000000001185,0.2215196679669111,-7.92978598560289,-8.102409474252969,-6.249834876882668,-3.029088278885891,0.7202757736663763,14807.206147950079,-14807.206147950079,29614.412295900158,0.5922882459180032,1.0
17.50000000000118,0.22151965323410808,-7.769866369300699,-7.520338408844138,-4.61505267251642,-5.000215717890346,-2.6346199518592295,15740.366641546536,-15740.366641546536,31480.73328309307,0.6296146656618615,1.0
17.510000000001174,0.2215196410848829,-7.459994729582978,-6.791629044601784,-2.8836881998569384,-6.919355107794708,-5.988465503715075,16106.113169825041,-16106.113169825041,32212.226339650082,0.6442445267930017,1.0
17.52000000000117,0.221519630923807,-7.013582653957467,-5.9379294267769565,-1.094306971671988,-8.760059753999805,-9.288715345450864,15971.269151741735,-15971.269151741735,31942.53830348347,0.6388507660696695,1.0
17.530000000001163,0.2215196228627603,-6.44825642321326,-4.984735971622297,0.7123493433848903,-10.493699286077323,-12.479747180905,15428.810616046847,-15428.810616046847,30857.621232093694,0.6171524246418739,1.0
17.540000000001157,0.22151961691665883,-5.7839022519855865,-3.959011273796021,2.4962685029928577,-12.088639105135803,-15.501934224358923,14585.36339832732,-14585.36339832732,29170.72679665464,0.5834145359330928,1.0
17.550000000001152,0.2215196129483622,-5.040950726599936,-2.8871980268991377,4.220433289396842,-13.510546876889663,-18.292272042823733,13550.457757825725,-13550.457757825725,27100.91551565145,0.542018310313029,1.0
17.560000000001146,0.22151961064375075,-4.239119887622941,-1.7938768441105746,5.852148220934535,-14.724127306642139,-20.7871823418434,12428.985793181493,-12428.985793181493,24857.971586362986,0.4971594317272598,1.0
17.57000000000114,0.2215196095188138,-3.396533499697289,-0.7009463217525966,7.363608185640058,-15.695886689639833,-22.927051504504984,11316.389798026123,-11316.389798026123,22632.779596052245,0.45265559192104493,1.0
17.580000000001135,0.22151960894148418,-2.5291038977025697,0.37284617814129634,8.73197536135277,-16.397334625218107,-24.66166468285387,10295.762997061263,-10295.762997061263,20591.525994122527,0.41183051988245056,1.0
17.59000000000113,0.22151960816840952,-1.6500747756359901,1.4122227952368382,9.939361315099061,-16.807609068606727,-25.954141789993244,9435.935978395633,-9435.935978395633,18871.871956791267,0.3774374391358254,1.0
17.600000000001124,0.22151960639802318,-0.7696672572914764,2.4056134261227635,10.972822829263631,-16.915224549005455,-26.782802082679407,8789.99624876646,-8789.99624876646,17579.99249753292,0.3515998499506584,1.0
17.61000000000112,0.22151960282194327,0.10514638737549097,3.3452718706801408,11.824282818651655,-16.719126813777038,-27.141673680929294,8394.387655529988,-8394.387655529988,16788.775311059977,0.33577550622119956,1.0
17.620000000001113,0.22151959666499685,0.9707226688947089,4.2272511400453805,12.490347760957498,-16.229111288787532,-27.0400387220781,8216.765483429372,-8216.765483429372,16433.530966858743,0.3286706193371749,0.7760331949870333
17.630000000001107,0.22151958721720527,1.8259754463678606,5.050538021093712,12.971447001095692,-15.465148432741927,-26.5006762113636,8009.588115137402,-8009.588115137402,16019.176230274805,0.32038352460549613,0.47729107385624747
17.640000000001102,0.22151957386597876,2.669875893019951,5.814509266050748,13.269687133887333,-14.454721275285527,-25.555676903148594,7533.521160642279,-7533.521160642279,15067.042321284558,0.3013408464256912,0.1718835025606384
17.650000000001096,0.22151955613707716,3.499084020828542,6.516614222915816,13.38707461617114,-13.229232406360675,-24.24118772036281,6620.527945731281,-6620.527945731281,13241.055891462562,0.2648211178292513,-0.13162596287602846
17.66000000000109,0.22151953374232156,4.306494287114679,7.151025885437411,13.324615816074392,-11.820646314836603,-22.592831886633455,5170.788288065129,-5170.788288065129,10341.576576130257,0.20683153152260517,-0.4259310266430802
17.670000000001085,0.22151950662064068,5.0805324507106215,7.708045942412473,13.081999934609797,-10.25891934113213,-20.642668986908106,3147.6653939666057,-3147.6653939666057,6295.3307879332115,0.12590661575866424,-0.7048131131796949
17.68000000000108,0.22151947495637997,5.805031916265782,8.174058553672886,12.657626712899823,-8.570486179821675,-18.418006375315386,571.3824148213314,-571.3824148213314,1142.7648296426628,0.022855296592853257,-0.9630103305628048
17.690000000001074,0.2215194391632132,6.459595911521668,8.531921919482729,12.048863639806038,-6.777855617150974,-15.941992058999935,-2435.504033706728,2435.504033706728,-4871.008067413456,-0.09742016134826913,-1.0
17.70000000000107,0.22151939983623778,7.021056505745093,8.762408043626984,11.253051598293649,-4.900617639455683,-13.236277551182214,-5565.8341124527105,5565.8341124527105,-11131.668224905421,-0.22263336449810844,-1.0
17.710000000001063,0.22151935767576525,7.466300293946821,8.846911586507643,10.269352455764746,-2.9582988736196354,-10.325861327159537,-8543.802048885302,8543.802048885302,-17087.604097770603,-0.3417520819554121,-1.0
17.720000000001058,0.221519313394401,7.7748787845363765,8.769912500059329,9.100350429737077,-0.9730491648375026,-7.242988949255683,-11161.747709717903,11161.747709717903,-22323.495419435807,-0.4464699083887162,-1.0
17.730000000001052,0.22151926777900238,7.931776271748682,8.521926216150225,7.754749759830365,1.0307732767859767,-4.026833761859054,-13275.896465134985,13275.896465134985,-26551.79293026997,-0.5310358586053995,-1.0
17.740000000001046,0.22151922251356704,7.929662147178112,8.102284393350997,6.250505241264808,3.029241833361416,-0.7199746451689724,-14807.326722632639,14807.326722632639,-29614.653445265278,-0.5922930689053056,-1.0
17.75000000000104,0.22151917951428315,7.769838850134626,7.520098607416693,4.615700262475229,5.000366569813139,2.6349234376585824,-15740.502637911235,15740.502637911235,-31481.00527582247,-0.6296201055164494,-1.0
17.760000000001035,0.22151913935323303,7.46006272345376,6.791275888287091,2.8843109083394007,6.91950157896457,5.988766170229205,-16106.262992236103,16106.262992236103,-32212.525984472206,-0.6442505196894441,-1.0
17.77000000000103,0.22151910245562126,7.013745091312272,5.93746462812473,1.0949030207103172,8.76020102529928,9.289009404596458,-15971.431506325249,15971.431506325249,-31942.863012650498,-0.63885726025301,-1.0
17.780000000001024,0.22151906975226052,6.448511937531994,4.984161503472726,-0.7117815211798366,10.49383522829796,12.480032050869909,-15428.984204265442,15428.984204265442,-30857.968408530884,-0.6171593681706177,-1.0
17.79000000000102,0.22151904190990115,5.784249155378721,3.9583292922001276,-2.4957303805243507,12.088770070768277,15.502208271192504,-14585.546629689297,14585.546629689297,-29171.093259378595,-0.5834218651875719,-1.0
17.800000000001013,0.22151901936283186,5.041387005098563,2.8864108234085704,-4.219926324253703,13.510673510961317,18.2925343410537,-13550.648569291194,13550.648569291194,-27101.297138582388,-0.5420259427716478,-1.0
17.810000000001008,0.22151900238059657,4.239643220365118,1.7929868338007167,-5.8516738844104905,14.724250407166508,20.787432513287975,-12429.181617244345,12429.181617244345,-24858.36323448869,-0.49716726468977385,-1.0
17.820000000001002,0.2215189911278,3.3971412991499848,0.6999560644424196,-7.363167938203851,15.69600714356772,22.927289722160474,-11316.587677899479,11316.587677899479,-22633.175355798958,-0.4526635071159792,-1.0
17.830000000000997,0.22151898569354841,2.5297933615546087,-0.37393393998208974,-8.731570603972171,16.397453367640043,24.6618917036576,-10295.959795382465,10295.959795382465,-20591.91959076493,-0.41183839181529863,-1.0
17.84000000000099,0.22151898609238924,1.6508429405475031,-1.4134050984658193,-9.938993349154169,16.807727001001147,25.954358822491567,-9436.12858804223,9436.12858804223,-18872.25717608446,-0.3774451435216892,-1.0
17.850000000000986,0.2215189922589232,0.7705110520689107,-2.406887046760928,-10.972492813776357,16.915342461285217,26.783010620054796,-8790.181807227298,8790.181807227298,-17580.363614454596,-0.35160727228909194,-1.0
17.86000000000098,0.2215190040481271,-0.10423009414186678,-3.346633286115356,-11.823991727852132,16.71924532069541,27.141875338662896,-8394.563749248451,8394.563749248451,-16789.127498496902,-0.33578254996993806,-1.0
17.870000000000974,0.22151902123917147,-0.9697370322479405,-4.2286964999626315,-12.490096349174902,16.229230779285665,27.040235085177677,-8216.930313184856,8216.930313184856,-16433.86062636971,-0.32867721252739424,-0.776033194991063
17.88000000000097,0.22151904353937987,-1.8249236226204695,-5.052063131302581,-12.971235779234103,15.465269031902073,26.500868696059644,-8009.740602991395,8009.740602991395,-16019.48120598279,-0.3203896241196558,-0.4772910738604454
17.890000000000963,0.22151907058233405,-2.6687610322560587,-5.816109586894767,-13.269516359010844,14.454842819213612,25.55586663708662,-7533.660990953357,7533.660990953357,-15067.321981906714,-0.3013464396381343,-0.17188350256487236
17.900000000000958,0.22151910191625623,-3.497909272736461,-6.518284881669941,-13.386944292843914,13.229354432707995,24.241375448245762,-6620.655543566479,6620.655543566479,-13241.311087132957,-0.2648262217426592,0.13162596287186898
17.910000000000952,0.2215191369903285,-4.3052628168907825,-7.152761700835884,-13.324525706340994,11.820768073471804,22.593017911766346,-5170.904746866012,5170.904746866012,-10341.809493732024,-0.2068361898746405,0.42593102663908966
17.920000000000947,0.22151917515189276,-5.079247461352901,-7.709841459699436,-13.081949574560369,10.259039826067486,20.642853152984355,-3147.772365277755,3147.772365277755,-6295.54473055551,-0.1259108946111102,0.7048131131759537
17.93000000000094,0.2215192156621256,-5.803696674380653,-8.175908089454003,-12.657615435932899,8.570604178258318,18.418188083786244,-571.481968712983,571.481968712983,-1142.963937425966,-0.02285927874851932,0.963010330559381
17.940000000000936,0.22151925773161937,-6.458213776336273,-8.533819616945792,-12.048890608617855,6.777969767292738,15.942170312982572,2435.4095774810744,-2435.4095774810744,4870.819154962149,0.09741638309924298,1.0
17.95000000000093,0.22151930057259747,-7.019630961600338,-8.764347936923938,-11.253115846252653,4.900726491914003,13.236451018745077,5565.7423863612385,-5565.7423863612385,11131.484772722477,0.22262969545444955,1.0
17.960000000000925,0.22151934346471625,-7.464834977933852,-8.848887664145431,-10.269452928621469,2.9584009603882437,10.326028411373617,8543.710833285102,-8543.710833285102,17087.421666570204,0.3417484333314041,1.0
17.97000000000092,0.22151938581828678,-7.773377521011189,-8.77191877737766,-9.10048604154565,0.973143048731107,7.2431478459563845,11161.655156515937,-11161.655156515937,22323.310313031874,0.44646620626063754,1.0
17.980000000000913,0.22151942711468064,-7.930243101008294,-8.523956800810753,-7.754919443427122,-1.0306889504325754,4.026982543042414,13275.801322552928,-13275.801322552928,26551.602645105857,0.5310320529021172,1.0
17.990000000000908,0.22151946594790103,-7.928100935900248,-8.104332995979636,-6.250707189542461,-3.0291670490049447,0.720113432869589,14807.226830542828,-14807.226830542828,29614.453661085656,0.5922890732217132,1.0
18.000000000000902,0.22151950087281183,-7.768253961211099,-7.522159546732043,-4.6159333644456915,-5.000302055429266,-2.6347960384574125,15740.396713312475,-15740.396713312475,31480.79342662495,0.6296158685324991,1.0
18.010000000000897,0.22151953217869294,-7.458458952973644,-6.793344071304411,-2.8845746988817593,-6.919448643440735,-5.988652675058549,16106.153232876202,-16106.153232876202,32212.306465752405,0.6442461293150481,1.0
18.02000000000089,0.2215195601243581,-7.012127283743378,-5.939535080102666,-1.0951970003258964,-8.760160488262477,-9.28891159800494,15971.320416816434,-15971.320416816434,31942.640833632868,0.6388528166726574,1.0
18.030000000000886,0.22151958412248962,-6.446884927812445,-4.986229333159549,0.7114579252941527,-10.493807380574774,-12.479950899239196,15428.874366868811,-15428.874366868811,30857.748733737622,0.6171549746747524,1.0
18.04000000000088,0.2215196038055461,-5.782617730775242,-3.9603896747860237,2.495377825407948,-12.088754712145228,-15.5021439732269,14585.440568353348,-14585.440568353348,29170.881136706696,0.583417622734134,1.0
18.050000000000875,0.22151961905386333,-5.039755876770543,-2.888458993837637,4.2195455450814805,-13.510670045789908,-18.29248648725101,13550.548676810917,-13550.548676810917,27101.097353621833,0.5420219470724367,1.0
18.06000000000087,0.22151962997990743,-4.238016995917408,-1.7950180810886858,5.851265687386347,-14.72425796379554,-20.787400291781516,12429.090094841406,-12429.090094841406,24858.18018968281,0.49716360379365626,1.0
18.070000000000864,0.22151963689064091,-3.3955244522240315,-0.7019657207966559,7.362733205865878,-15.696024679818176,-22.92727208308843,11316.50645410138,-11316.50645410138,22633.01290820276,0.45266025816405525,1.0
18.080000000000858,0.22151964025403098,-2.5281901977682497,0.3719505147648468,8.731110307957907,-16.397479769846925,-24.661887527218262,10295.89041774801,-10295.89041774801,20591.78083549602,0.41183561670992047,1.0
18.090000000000853,0.22151964066855234,-1.649257570776519,1.4114525277200958,9.93850855927239,-16.80776118402313,-25.954367118974886,9436.072132777166,-9436.072132777166,18872.144265554332,0.37744288531108666,1.0
18.100000000000847,0.22151963882276537,-0.7689473775510542,2.4049699418969994,10.971984709006735,-16.915383438819035,-26.783030665704224,8790.138823550187,-8790.138823550187,17580.277647100374,0.3516055529420075,1.0
18.11000000000084,0.2215196354532119,0.10576838434830543,3.3447562444660695,11.823461606946916,-16.7192922438985,-27.14190673550218,8394.534238959035,-8394.534238959035,16789.06847791807,0.3357813695583614,1.0
18.120000000000836,0.22151963130972832,0.9712464502380435,4.226864092456541,12.489545635619129,-16.22928295101396,-27.040277757561867,8216.913758855486,-8216.913758855486,16433.82751771097,0.32867655035421944,0.7760331949950975
18.13000000000083,0.2215196271272572,1.8264008589961178,5.050279879636144,12.970666018281703,-15.465325903368623,-26.500922839779722,8009.736046047855,-8009.736046047855,16019.47209209571,0.3203894418419142,0.47729107386464636
18.140000000000825,0.2215196236006031,2.6702029265354628,5.814379933049114,13.268929208688421,-14.454903972395106,-25.555932633727085,7533.667145998123,-7533.667145998123,15067.334291996245,0.3013466858399249,0.17188350256911047
18.15000000000082,0.22151962135722036,3.499312782556189,6.5166131542123145,13.386341513106093,-13.229419548397091,-24.241453751453395,6620.670926457348,-6620.670926457348,13241.341852914697,0.26482683705829396,-0.13162596286770586
18.160000000000814,0.22151962092561586,4.306624991511424,7.151152081759152,13.323909149166822,-11.820836887082448,-22.59310891488764,5170.927795332224,-5170.927795332224,10341.855590664449,0.20683711181328898,-0.42593102663509613
18.170000000000808,0.22151962270336362,5.080565423743589,7.708297954412337,13.08132117586436,-10.25911207680411,-20.64295705300181,3147.8015367574676,-3147.8015367574676,6295.603073514935,0.1259120614702987,-0.7048131131722108
18.180000000000803,0.2215196269338264,5.804967614157285,8.17443450165141,12.656977209272627,-8.570679558526566,-18.41830475743643,571.5158063272024,-571.5158063272024,1143.0316126544049,0.022860632253088098,-0.9630103305559553
18.190000000000797,0.22151963370031594,6.459434951964043,8.532419527467404,12.048244638528885,-6.77804787877999,-15.94229921542614,-2435.3724081630194,2435.3724081630194,-4870.744816326039,-0.09741489632652078,-1.0
18.20000000000079,0.22151964293733023,7.0207997080043425,8.76302468500614,11.252464279699971,-4.900806811751447,-13.23659110969414,-5565.703072768281,5565.703072768281,-11131.406145536563,-0.22262812291073128,-1.0
18.210000000000786,0.22151965445762745,7.4659487222980045,8.847644339932232,10.26879797527844,-2.9584828152366716,-10.326178138718099,-8543.670436920838,8543.670436920838,-17087.340873841677,-0.34174681747683355,-1.0
18.22000000000078,0.22151966799430833,7.7744337603862075,8.770758169865292,9.09982991096899,-0.973225690350995,-7.243305285919195,-11161.614499517687,11161.614499517687,-22323.228999035375,-0.44646457998070754,-1.0
18.230000000000775,0.22151968318206497,7.931239328240874,8.522881272338548,7.754264168581517,1.0306061041346326,-4.0271457696780315,-13275.760520184778,13275.760520184778,-26551.521040369556,-0.5310304208073912,-1.0
18.24000000000077,0.2215196993967135,7.929033869607465,8.103343311839074,6.250052868092441,3.0290817261402787,-0.7202849737160282,-14807.181677886687,14807.181677886687,-29614.363355773374,-0.5922872671154675,-1.0
18.250000000000764,0.22151971584575733,7.769120963949045,7.521256851268172,4.615281006195456,5.0002134656824015,2.634616502048996,-15740.342203575416,15740.342203575416,-31480.68440715083,-0.6296136881430167,-1.0
18.26000000000076,0.22151973190920518,7.459258127036941,6.792529965391175,2.8839262707549254,6.919357455570098,5.988468021411405,-16106.089499015845,16106.089499015845,-32212.17899803169,-0.6442435799606339,-1.0
18.270000000000753,0.22151974710286607,7.0128569203050315,5.938810818589712,1.0945542191787816,8.760066931331279,9.288723963226834,-15971.247181866218,15971.247181866218,-31942.494363732436,-0.6388498872746488,-1.0
18.280000000000747,0.22151976098053858,6.447543565168769,4.985595913981195,-0.7120934753471057,10.493711403038594,12.479761872300433,-15428.791315726805,15428.791315726805,-30857.58263145361,-0.6171516526290722,-1.0
18.29000000000074,0.2215197731942091,5.783204194546333,3.959847910877391,-2.496004592526883,12.088656131597608,15.50195477981685,-14585.347654378209,14585.347654378209,-29170.695308756418,-0.5834139061751284,-1.0
18.300000000000736,0.22151978345337534,5.040269298885687,2.88800955559798,-4.220161948398726,13.510568652349214,18.292298100038355,-13550.446307856835,13550.446307856835,-27100.89261571367,-0.5420178523142735,-1.0
18.31000000000073,0.22151979147823328,4.238456813598007,1.7946615091809492,-5.8518700971267394,14.724153570317467,20.787213452161758,-12428.979191489607,12428.979191489607,-24857.958382979214,-0.4971591676595843,-1.0
18.320000000000725,0.22151979697095603,3.3958903913990692,0.7017024146544429,-7.363323960513447,15.695917117951582,22.92708721038268,-11316.388399002897,11316.388399002897,-22632.776798005794,-0.45265553596011593,-1.0
18.33000000000072,0.22151979960951423,2.528482248924535,-0.3721203195144975,-8.731685747129559,16.397368870537125,24.661704602352266,-10295.766943208551,10295.766943208551,-20591.533886417103,-0.4118306777283421,-1.0
18.340000000000714,0.2215197990631362,1.6494759593873098,-1.4115287845255502,-9.939067051556023,16.80764679085845,25.95418568568431,-9435.94519710451,9435.94519710451,-18871.89039420902,-0.3774378078841804,-1.0
18.35000000000071,0.22151979501823021,0.7690925286767498,-2.4049528233723314,-10.97252468095924,16.915265434077288,26.78284989414754,-8790.010465997948,8790.010465997948,-17580.020931995896,-0.3516004186399179,-1.0
18.360000000000703,0.2215197872005516,-0.10569588352475372,-3.3446461743304816,-11.823981572026437,16.719170579758014,27.14172552261255,-8394.40642410256,8394.40642410256,-16788.81284820512,-0.33577625696410246,-1.0
18.370000000000697,0.22151977539056478,-0.9712458860901761,-4.226661775778246,-12.490044220149683,16.22915768319609,27.040094853331,-8216.788226838884,8216.788226838884,-16433.576453677768,-0.3286715290735554,-0.7760331949991366
18.380000000000692,0.22151975943524352,-1.8264714217308706,-5.049986328155931,-12.971141982194098,15.465197223861415,26.50073698704407,-8009.614183891431,8009.614183891431,-16019.228367782862,-0.3203845673556573,-0.477291073868852
18.390000000000686,0.22151973926307397,-2.6703437320488814,-5.81399648269409,-13.269381458787121,14.454772239224555,25.555742711405557,-7533.549893342984,7533.549893342984,-15067.099786685969,-0.3013419957337194,-0.1718835025732991
18.40000000000068,0.22151971490803432,-3.4995228840632557,-6.516141472917634,-13.38676910773638,13.229285310295325,24.241258912019894,-6620.558725032751,6620.558725032751,-13241.117450065502,-0.2648223490013101,0.13162596286353845
18.410000000000675,0.22151968653759527,-4.306903380671105,-7.15059416711225,-13.324311295335125,11.820700898256156,22.59290870251729,-5170.820583775543,5170.820583775543,-10341.641167551086,-0.20683282335102174,0.4259310266310985
18.42000000000067,0.22151965447204955,-5.080911022003931,-7.707656121038932,-13.081697220022917,10.25897529791651,20.64275149089632,-3147.698788501988,3147.698788501988,-6295.397577003976,-0.12590795154007953,0.7048131131685235
18.430000000000664,0.22151961918414198,-5.805379255455452,-8.173711358011666,-12.657326621687611,8.570543143602475,18.418094399662625,-571.4166083542001,571.4166083542001,-1142.8332167084002,-0.022856664334168005,0.9630103305525254
18.44000000000066,0.2215195812731669,-6.459911357880366,-8.531617942075602,-12.048566990734855,6.777913151419606,15.942085165115243,2435.469237167965,-2435.469237167965,4870.93847433593,0.0974187694867186,1.0
18.450000000000653,0.2215195414164078,-7.021339457202146,-8.762147743910003,-11.252759215310212,4.900675233057699,13.236375006825151,5565.798830804986,-5565.798830804986,11131.597661609972,0.22263195323219948,1.0
18.460000000000647,0.22151950030104475,-7.466550219569681,-8.846695299010026,-10.269065175827409,2.958355941359414,10.325962111759464,8543.766367877266,-8543.766367877266,17087.532735754532,0.3417506547150907,1.0
18.470000000000642,0.22151945855017507,-7.7750952204469215,-8.769740423466674,-9.100069083797154,0.9731050919018396,7.243091830095636,11161.711671259407,-11161.711671259407,22323.423342518814,0.44646846685037633,1.0
18.480000000000636,0.2215194167814024,-7.9319587918296195,-8.521798366775142,-7.754475099729615,-1.0307190126772539,4.02693748212702,13275.859890450549,-13275.859890450549,26551.719780901098,0.531034395618022,1.0
18.49000000000063,0.22151937647376793,-7.929809930403275,-8.10219996658105,-6.250236975956759,-3.029188165277608,0.7200804123883002,14807.28724216156,-14807.28724216156,29614.57448432312,0.5922914896864624,1.0
18.500000000000625,0.22151933922802008,-7.769951468635282,-7.520057089053032,-4.615438657138414,-5.000313263004581,-2.634816030177282,15740.45766942613,-15740.45766942613,31480.91533885226,0.6296183067770452,1.0
18.51000000000062,0.22151930513910978,-7.460140175577177,-6.791277086967006,-2.884056795923924,-6.919449189909223,-5.988658935436154,16106.213004033687,-16106.213004033687,32212.426008067374,0.6442485201613475,1.0
18.520000000000614,0.22151927425435322,-7.013787472479861,-5.937508212539606,-1.0946571108301915,-8.760149814579554,-9.288903673128306,15971.37683125792,-15971.37683125792,31942.75366251584,0.6388550732503169,1.0
18.53000000000061,0.22151924729041228,-6.448519456796184,-4.984247037622285,0.7120185945629542,-10.493785227608248,-12.479928746115066,15428.92517132555,-15428.92517132555,30857.8503426511,0.6171570068530221,1.0
18.540000000000603,0.22151922473236269,-5.784222147191795,-3.9584562658756113,2.4959580141377384,-12.088721159807799,-15.502108004498725,14585.48368230196,-14585.48368230196,29170.96736460392,0.5834193472920784,1.0
18.550000000000598,0.22151920683248774,-5.041325932959614,-2.8865786708269874,4.220143915705372,-13.510625483351054,-18.29243749268499,13550.582338923832,-13550.582338923832,27101.164677847664,0.5420232935569533,1.0
18.560000000000592,0.22151919364808045,-4.239548671301761,-1.793194938563168,5.851880821551087,-14.72420301592999,-20.787339280610528,12429.112939589442,-12429.112939589442,24858.225879178884,0.4971645175835777,1.0
18.570000000000586,0.22151918508745252,-3.3970139703759044,-0.700203752177882,7.363363608094646,-15.695960118739773,-22.92720010760575,11316.517554340948,-11316.517554340948,22633.035108681896,0.45266070217363796,1.0
18.58000000000058,0.221519180940555,-2.529634042913456,0.3736474150298637,8.731754410576709,-16.397406425428557,-24.661805491455617,10295.889320568105,-10295.889320568105,20591.77864113621,0.41183557282272426,1.0
18.590000000000575,0.2215191808956059,-1.650652495773712,1.4130805672141566,9.93916472800298,-16.8076798684813,-25.954275616230767,9436.058875480228,-9436.058875480228,18872.117750960457,0.37744235501920914,1.0
18.60000000000057,0.22151918455823422,-0.7702903995028254,2.406525440256274,10.972651247536195,-16.9152949015552,-26.782929897565136,8790.113911271077,-8790.113911271077,17580.227822542154,0.3516045564508431,1.0
18.610000000000564,0.22151919147399352,0.1044799995280557,3.3462356500602426,11.824136761797256,-16.719197154602924,-27.141796510029515,8394.498588617753,-8394.498588617753,16788.997177235506,0.33577994354471014,1.0
18.62000000000056,0.221519201148452,0.9700152134896629,4.228264006576642,12.49022760423538,-16.229181903796654,-27.04015755118494,8216.868606189273,-8216.868606189273,16433.737212378546,0.3286747442475709,0.7760331950031683
18.630000000000553,0.22151921306387143,1.82522909073466,5.051597086949406,12.971352961144502,-15.465219434802734,-26.500791904177994,8009.682821782408,-8009.682821782408,16019.365643564815,0.32038731287129635,0.4772910738730504
18.640000000000548,0.221519226691795,2.6690927910016904,5.815611434650129,13.269619262856299,-14.454792589809244,-25.55579013264989,7533.607338534698,-7533.607338534698,15067.214677069396,0.301344293541388,0.1718835025775336
18.650000000000542,0.22151924150246016,3.4982663183770963,6.517756198770456,13.38703280324979,-13.229303767493708,-24.241298917741396,6620.605953766677,-6620.605953766677,13241.211907533354,0.2648242381506671,-0.13162596285937833
18.660000000000537,0.22151925697563388,4.305644133845739,7.152204191474864,13.324599794312924,-11.820717274921137,-22.592941213648693,5170.858904111546,-5170.858904111546,10341.717808223091,0.20683435616446183,-0.42593102662710797
18.67000000000053,0.2215192726164055,5.079652014864058,7.709256943613756,13.082009291701471,-10.258989293757072,-20.642776333397165,3147.7297402736376,-3147.7297402736376,6295.459480547275,0.12590918961094552,-0.7048131131647833
18.680000000000526,0.22151928797436413,5.804123401143851,8.175298486465397,12.657660905996336,-8.570554393460721,-18.41811137794687,571.4418673293892,-571.4418673293892,1142.8837346587784,0.02285767469317557,-0.9630103305491027
18.69000000000052,0.22151930266217135,6.458661573316323,8.533186927297015,12.048922015761072,-6.777921273803875,-15.942094135005568,-2435.447952308607,2435.447952308607,-4870.895904617214,-0.09741791809234429,-1.0
18.700000000000514,0.22151931637228592,7.020098673172381,8.763694217971667,11.253133419838903,-4.900679874867142,-13.236375942317352,-5565.779859340515,5565.779859340515,-11131.55971868103,-0.2226311943736206,-1.0
18.71000000000051,0.22151932889116516,7.465321384347018,8.848215006705063,10.2694569273245,-2.958356821678689,-10.325955144152182,-8543.748180913948,8543.748180913948,-17087.496361827896,-0.34174992723655795,-1.0
18.720000000000503,0.22151934010437974,7.773881326689807,8.771229281473971,9.100476736101136,-0.9731019833531577,-7.2430771985725375,-11161.693029225,11161.693029225,-22323.38605845,-0.446467721169,-1.0
18.730000000000498,0.22151934998066436,7.930762928403171,8.52325255881795,7.754897108772683,1.0307263895621563,-4.026915373575846,-13275.840189215542,13275.840189215542,-26551.680378431083,-0.5310336075686217,-1.0
18.740000000000492,0.22151935824066346,7.928635523511079,8.10361635445648,6.250672507174706,3.0292010147328368,-0.7200495316610579,-14807.267784505857,14807.267784505857,-29614.535569011714,-0.5922907113802344,-1.0
18.750000000000487,0.2215193646774282,7.768801817048413,7.52143259620959,4.615886691910888,5.000332321787212,2.634856119599505,-15740.440565576097,15740.440565576097,-31480.881131152193,-0.6296176226230439,-1.0
18.76000000000048,0.22151936974603084,7.459018372405155,6.792608648853702,2.884516086051428,6.919474669051958,5.988707792417663,-16106.199137518104,16106.199137518104,-32212.39827503621,-0.6442479655007243,-1.0
18.770000000000476,0.22151937381618259,7.012696531581129,5.9387930001095235,1.0951265263204495,8.760181946348228,9.288960934022553,-15971.367437656172,15971.367437656172,-31942.734875312344,-0.6388546975062469,-1.0
18.78000000000047,0.22151937686979228,6.447462256616443,4.985482394819064,-0.7115401448340384,10.493824163761568,12.479993983168674,-15428.921540824174,15428.921540824174,-30857.84308164835,-0.617156861632967,-1.0
18.790000000000465,0.2215193789321378,5.783201392786387,3.9596396639556906,-2.495471640633286,12.088766908430918,15.502180650068247,-14585.486937454252,14585.486937454252,-29170.973874908505,-0.5834194774981701,-1.0
18.80000000000046,0.22151938010568126,5.040344133510592,2.8877076828388226,-4.219650778215129,13.51067789546708,18.292516849918698,-13550.593303921834,13550.593303921834,-27101.18660784367,-0.5420237321568734,-1.0
18.810000000000453,0.22151938058809506,4.238608128699684,1.7942672300350078,-5.851382136718024,14.724261810732973,20.78742460132383,-12429.132082879536,12429.132082879536,-24858.264165759072,-0.4971652833151815,-1.0
18.820000000000448,0.22151938067116095,3.396116774794818,0.7012170824671488,-7.362860642632055,15.696024931555819,22.927290711965476,-11316.544980154811,11316.544980154811,-22633.089960309622,-0.4526617992061925,-1.0
18.830000000000442,0.22151938072948374,2.528782070826234,-0.3726951875405364,-8.73124846937073,16.39747686113995,24.66190090279618,-10295.92478151185,10295.92478151185,-20591.8495630237,-0.4118369912604741,-1.0
18.840000000000437,0.22151938119901352,1.6498474140462716,-1.4121914763605965,-9.938657143277203,16.80775553790796,25.95437564727484,-9436.1017989046,9436.1017989046,-18872.2035978092,-0.377444071956184,-1.0
18.85000000000043,0.22151938254570103,0.7695336777301405,-2.405701398255653,-10.972143368228043,16.915375438177097,26.783034675580694,-8790.163452155424,8790.163452155424,-17580.32690431085,-0.351606538086217,-1.0
18.860000000000426,0.2215193852354208,-0.10518707021409018,-3.345478429600626,-11.823629942789607,16.71928221475754,27.141906449410026,-8394.553703396816,8394.553703396816,-16789.10740679363,-0.33578214813587265,-1.0
18.87000000000042,0.22151938971073182,-0.9706714966613652,-4.227575219382127,-12.489723194709228,16.22927115497823,27.040273284746338,-8216.928144612672,8216.928144612672,-16433.856289225343,-0.32867712578450686,-0.7760331950072059
18.880000000000415,0.22151939637236748,-1.8258335787281925,-5.050978160394082,-12.97085229226157,15.465312536800576,26.500914186661088,-8009.745629273329,8009.745629273329,-16019.491258546657,-0.3203898251709332,-0.47729107387725517
18.89000000000041,0.22151940556029262,-2.6696445804327804,-5.815063589194039,-13.269123636790882,14.454889171211613,25.55591972729074,-7533.6723560014625,7533.6723560014625,-15067.344712002925,-0.3013468942400585,-0.17188350258177543
18.900000000000404,0.22151941752913554,-3.4987645905649685,-6.517280429147566,-13.386543485986351,13.229403398656952,24.24143647370366,-6620.672300165958,6620.672300165958,-13241.344600331917,-0.26482689200663834,0.13162596285521116
18.910000000000398,0.2215194324195746,-4.30608814268828,-7.151801253521856,-13.324118012861424,11.82081944087167,22.59308714563766,-5170.925931673684,5170.925931673684,-10341.851863347369,-0.20683703726694738,0.42593102662311133
18.920000000000393,0.221519450234162,-5.080041083636857,-7.708927347917835,-13.08153623546588,10.259093371532634,20.64293071605458,-3147.797056950055,3147.797056950055,-6295.59411390011,-0.1259118822780022,0.7048131131610367
18.930000000000387,0.2215194708274045,-5.8044569286090795,-8.175042499759419,-12.657197732331726,8.570659637035998,18.41827386440887,-571.5093236830797,571.5093236830797,-1143.0186473661595,-0.022860372947323192,0.9630103305456735
18.94000000000038,0.2215194939169926,-6.458939047867491,-8.533004581208445,-12.04846985904173,6.778026807596336,15.942263903148474,2435.380309846187,-2435.380309846187,4870.760619692374,0.0974152123938475,1.0
18.950000000000376,0.22151951911449333,-7.020319692366812,-8.763585323457413,-11.252693403238895,4.90078469602924,13.23655166911031,5565.711858295263,-5565.711858295263,11131.423716590525,0.22262847433181052,1.0
18.96000000000037,0.22151954597330661,-7.46548567820884,-8.848179176136794,-10.269030181077898,2.9584598113535368,10.326135024218116,8543.679622635036,-8543.679622635036,17087.359245270072,0.34174718490540146,1.0
18.970000000000365,0.2215195740462748,-7.773988756576655,-8.771265922667432,-9.100064376619732,0.973201982311763,7.243259069792367,11161.62370430972,-11161.62370430972,22323.24740861944,0.44646494817238885,1.0
18.98000000000036,0.2215196028463857,-7.9308134462427065,-8.523360813301247,-7.754500133815901,-1.0306303855121273,4.027097018450448,13275.769639232452,-13275.769639232452,26551.539278464905,0.5310307855692982,1.0
18.990000000000354,0.22151963131607152,-7.928628449752414,-8.10379404459499,-6.250290203617898,-3.0291073658692027,0.7202328202301334,14807.192054144285,-14807.192054144285,29614.38410828857,0.5922876821657714,1.0
19.000000000000348,0.22151965826001202,-7.768737149750832,-7.521678080436403,-4.615519303707101,-5.00024077527598,-2.6346720199316884,15740.355503970224,-15740.355503970224,31480.71100794045,0.629614220158809,1.0
19.010000000000343,0.2215196833587711,-7.458896828648604,-6.792920868644426,-2.8841648246401546,-6.91938627220552,-5.988526039027879,16106.10579460272,-16106.10579460272,32212.21158920544,0.6442442317841088,1.0
19.020000000000337,0.22151970637711182,-7.012518984907468,-5.939170699676001,-1.0947924085419172,-8.760097218766935,-9.288783834604278,15971.266701552737,-15971.266701552737,31942.533403105474,0.6388506680621096,1.0
19.03000000000033,0.22151972674007303,-6.447229753741142,-4.985924170020058,0.7118562293776812,-10.49374319444524,-12.479823098020667,15428.814305396456,-15428.814305396456,30857.62861079291,0.6171525722158583,1.0
19.040000000000326,0.2215197440384363,-5.782915165930825,-3.96014400654685,2.49576886217623,-12.088689479685629,-15.502016945995578,14585.374263513762,-14585.374263513762,29170.748527027525,0.5834149705405506,1.0
19.05000000000032,0.22151975801170562,-5.04000560171685,-2.8882730080751697,4.219928320152876,-13.510603598598683,-18.292360848532955,13550.476521273153,-13550.476521273153,27100.953042546305,0.5420190608509261,1.0
19.060000000000315,0.22151976850768396,-4.238218885217107,-1.7948918834164862,5.8516391782317,-14.724190133883532,-20.7872764838896,12429.012806015067,-12429.012806015067,24858.025612030135,0.49716051224060276,1.0
19.07000000000031,0.22151977544555132,-3.3956785620079817,-0.701899326791917,7.3630963732891885,-15.695955302596666,-22.92715032545893,11316.425036809369,-11316.425036809369,22632.850073618738,0.4526570014723748,1.0
19.080000000000304,0.22151977879689017,-2.5282967481685534,0.37195719512945025,8.731462118241764,-16.397408676587016,-24.66176774919778,10295.806085103019,-10295.806085103019,20591.612170206037,0.4118322434041208,1.0
19.0900000000003,0.22151977858357152,-1.6493169252033422,1.411399707146492,9.938848002839103,-16.807688215820875,-25.95424897107674,9435.98622065188,-9435.98622065188,18871.97244130376,0.3774394488260752,1.0
19.100000000000293,0.22151977487885838,-0.7689600187840083,2.4048579756771966,10.972310819936268,-16.915308467300523,-26.78291356829111,8790.052692896974,-8790.052692896974,17580.105385793948,0.35160210771587896,1.0
19.110000000000287,0.22151976780506966,0.1058018787687974,3.3445856512330923,11.823773482431491,-16.719215193630863,-27.14178994748497,8394.449173074823,-8394.449173074823,16788.898346149646,0.33577796692299294,1.0
19.12000000000028,0.22151975752957614,0.9713254307395764,4.226635573293166,12.489842453183138,-16.22920382222035,-27.040160458721182,8216.830867043196,-8216.830867043196,16433.661734086392,0.3286732346817279,0.7760331950112394
19.130000000000276,0.22151974426106466,1.8265246225625102,5.049994333417034,12.970947049172755,-15.465244793116165,-26.500804219419297,8009.656183654582,-8009.656183654582,16019.312367309163,0.3203862473461833,0.47729107388140596
19.14000000000027,0.2215197282493603,2.670370729427305,5.814038466277628,13.269193826068282,-14.454821093102948,-25.555811979758108,7533.590858848421,-7533.590858848421,15067.181717696842,0.30134363435393685,0.17188350258601182
19.150000000000265,0.2215197097908431,3.4995238462857947,6.516217084355147,13.38658919452537,-13.229335242255189,-24.241330534237168,6620.598424590176,-6620.598424590176,13241.196849180353,0.26482393698360707,-0.13162596285104974
19.16000000000026,0.22151968923485368,4.306878502179617,7.1507029339587564,13.324139474157759,-11.820751633358848,-22.59298285747227,5170.85895598127,-5170.85895598127,10341.71791196254,0.2068343582392508,-0.42593102661917825
19.170000000000254,0.22151966698369685,5.080860525436899,7.7077974516618735,13.081533819489,-10.25902648979701,-20.642828181026555,3147.735934276111,-3147.735934276111,6295.471868552222,0.12590943737104446,-0.7048131131572937
19.18000000000025,0.22151964348228725,5.8053033972671,8.173884548306848,12.657171931572833,-8.570594376333801,-18.418173426489787,571.4527671396775,-571.4527671396775,1142.905534279355,0.022858110685587102,-0.9630103305422479
19.190000000000243,0.22151961919701507,6.459810437062503,8.531822186058825,12.048421269439304,-6.777963945437257,-15.942166117610675,-2435.4337264078604,2435.4337264078604,-4870.867452815721,-0.09741734905631443,-1.0
19.200000000000237,0.22151959458574977,7.0212138262713655,8.762382147464233,11.252622699520566,-4.900725054490899,-13.23645726176323,-5565.763580813424,5565.763580813424,-11131.527161626847,-0.22263054323253698,-1.0
19.210000000000232,0.22151957006070105,7.466400296123108,8.846958896021821,10.268938092365653,-2.958404215383419,-10.326044849626825,-8543.731003386962,8543.731003386962,-17087.462006773923,-0.34174924013547847,-1.0
19.220000000000226,0.2215195459535314,7.774921491596847,8.770032183951812,9.099951650506691,-0.9731512346551036,-7.243174084675593,-11161.675865256932,11161.675865256932,-22323.351730513863,-0.4464670346102773,-1.0
19.23000000000022,0.22151952254930157,7.931761804723522,8.52211718559654,7.754367497850646,1.030675522266793,-4.027018251755819,-13275.823316722102,13275.823316722102,-26551.646633444205,-0.5310329326688842,-1.0
19.240000000000215,0.22151950063946324,7.9295899994557075,8.102544247497658,6.250138718473139,3.0291467839334585,-0.7201603313212421,-14807.248292840708,14807.248292840708,-29614.496585681416,-0.5922899317136283,-1.0
19.25000000000021,0.2215194810298072,7.769709201255094,7.520425497563878,4.615349670107287,5.000274008967282,2.634737431539786,-15740.41479421116,15740.41479421116,-31480.82958842232,-0.6296165917684464,-1.0
19.260000000000204,0.22151946351938734,7.459876477096821,6.791668563115218,2.8839774149633306,6.91941259167733,5.988583050578571,-16106.166855573589,16106.166855573589,-32212.333711147177,-0.6442466742229436,-1.0
19.2700000000002,0.22151944793202277,7.0135033067298,5.937921647695031,1.094587602506722,8.760116158048053,9.288831512908565,-15971.328051695542,15971.328051695542,-31942.656103391084,-0.6388531220678217,-1.0
19.280000000000193,0.22151943458889836,6.448215843560825,4.984681285807222,-0.712078015894872,10.493754582652354,12.479860960434713,-15428.87441574879,15428.87441574879,-30857.74883149758,-0.6171549766299517,-1.0
19.290000000000187,0.22151942368749966,5.783900160968112,3.9589101560116586,-2.496007165588769,12.088693426490323,15.502044940205028,-14585.431653067622,14585.431653067622,-29170.863306135245,-0.583417266122705,-1.0
19.300000000000182,0.22151941528308924,5.040986699423427,2.887051014919026,-4.22018262958597,13.510600443473553,18.292379264799603,-13550.529809204154,13550.529809204154,-27101.059618408308,-0.5420211923681661,-1.0
19.310000000000176,0.22151940929555286,4.239193359306716,1.793684533128691,-5.85190893865012,14.7241803787023,20.78728583566475,-12429.060750100893,12429.060750100893,-24858.121500201785,-0.49716243000403576,-1.0
19.32000000000017,0.22151940552998572,3.396643779421658,0.700709372443949,-7.363380983253927,15.695939549659046,22.927151248560467,-11316.466578389356,11316.466578389356,-22632.933156778712,-0.4526586631355743,-1.0
19.330000000000165,0.2215194036959913,2.529250187786343,-0.3731270248961157,-8.731760924105812,16.39738756963506,24.661760897557564,-10295.84040675913,10295.84040675913,-20591.68081351826,-0.4118336162703652,-1.0
19.34000000000016,0.22151940342633206,1.6502561919763166,-1.4125467031332517,-9.939160294853929,16.807662382181988,25.954234899788638,-9436.01279281916,9436.01279281916,-18872.02558563832,-0.37744051171276644,-1.0
19.350000000000154,0.2215194043019249,0.7698828506429036,-2.4059794467741016,-10.972635827294507,16.915278478076566,26.782892657420373,-8790.071299014076,8790.071299014076,-17580.142598028153,-0.35160285196056307,-1.0
19.36000000000015,0.2215194058776088,-0.10489761134703783,-3.345678927318624,-11.824110368544236,16.719181542714608,27.141762372263614,-8394.459913565921,8394.459913565921,-16788.919827131842,-0.33577839654263686,-1.0
19.370000000000143,0.22151940770323003,-0.9704417330200334,-4.227698014006683,-12.49019031411201,16.22916691972055,27.04012619810154,-8216.834135121222,8216.834135121222,-16433.668270242444,-0.3286733654048489,-0.7760331950152736
19.380000000000138,0.22151940934073394,-1.8256633903702018,-5.051023342829963,-12.971304916436683,15.465204969035202,26.50076309308262,-8009.652612978745,8009.652612978745,-16019.30522595749,-0.32038610451914984,-0.4772910738856076
19.390000000000132,0.22151941037970624,-2.669533767602591,-5.81503151164965,-13.269560672602015,14.45477860921381,25.555763705630493,-7533.5812517076865,7533.5812517076865,-15067.162503415373,-0.3013432500683075,-0.17188350259025004
19.400000000000126,0.22151941045452717,-3.498712887326774,-6.517171716279933,-13.386963941282996,13.229290312125178,24.24127480214405,-6620.583674261607,6620.583674261607,-13241.167348523213,-0.2648233469704643,0.13162596284688657
19.41000000000012,0.2215194092642936,-4.306095221830589,-7.15161680567698,-13.324520995781908,11.820704449038741,22.592919412702894,-5170.839975763613,5170.839975763613,-10341.679951527227,-0.20683359903054455,0.42593102661518417
19.420000000000115,0.22151940659253344,-5.08010655275615,-7.708668336007172,-13.081920948595723,10.258977251690142,20.64275690848214,-3147.71360205135,3147.71360205135,-6295.4272041027,-0.125908544082054,0.7048131131535499
19.43000000000011,0.22151940232081452,-5.804580317898753,-8.17471035125413,-12.657563461657487,8.570543322201695,18.41809442587969,-571.4278906741912,571.4278906741912,-1142.8557813483824,-0.02285711562696765,0.9630103305388225
19.440000000000104,0.22151939643085103,-6.459119790697706,-8.532600957396228,-12.048815957646953,6.777911374948877,15.94207976371995,2435.4604250484426,-2435.4604250484426,4870.920850096885,0.09741841700193771,1.0
19.4500000000001,0.22151938899544832,-7.02055710064842,-8.763112089614921,-11.253019270177758,4.900671347439151,13.236364247084747,5565.791471974741,-5565.791471974741,11131.582943949483,0.22263165887898967,1.0
19.460000000000093,0.22151938015918815,-7.465778916206912,-8.847638366003274,-10.269335235084347,2.9583498447266194,10.325946191478431,8543.759528816227,-8543.759528816227,17087.519057632453,0.3417503811526491,1.0
19.470000000000088,0.22151937011002876,-7.7743368318649475,-8.770659722255694,-9.10034805635281,0.9730967181876525,7.243071036925578,11161.704598319871,-11161.704598319871,22323.409196639743,0.4464681839327949,1.0
19.480000000000082,0.22151935909325954,-7.931215233349156,-8.522691590352462,-7.754761965358037,-1.030729771722419,4.026912074975089,13275.852239460404,-13275.852239460404,26551.70447892081,0.5310340895784162,1.0
19.490000000000077,0.22151934754951708,-7.929083366949152,-8.103065312822476,-6.250531264073496,-3.029202160948144,0.7200494689391381,14807.28007512371,-14807.28007512371,29614.56015024742,0.5922912030049484,1.0
19.50000000000007,0.22151933602418708,-7.769243942524361,-7.520892759378381,-4.615739721445195,-5.000330967617925,-2.634852726224761,15740.452560808044,-15740.452560808044,31480.905121616088,0.6296181024323219,1.0
19.510000000000066,0.22151932488515644,-7.459453555421854,-6.7920812525790115,-2.884363785566911,-6.919470666371717,-5.988700907020087,16106.210433263,-16106.210433263,32212.420866526,0.6442484173305201,1.0
19.52000000000006,0.22151931441836195,-7.013123567750078,-5.938279203146956,-1.094969260702292,-8.760175172968566,-9.288950546012325,15971.377506165789,-15971.377506165789,31942.755012331578,0.6388551002466316,1.0
19.530000000000054,0.2215193049214817,-6.447879981971345,-4.984983299583085,0.7117020172842589,-10.493814555936313,-12.479980154648228,15428.929833194507,-15428.929833194507,30857.859666389013,0.6171571933277803,1.0
19.54000000000005,0.22151929662292597,-5.783608697451554,-3.9591563310628644,2.495637750374952,-12.08875447693543,-15.502163534781406,14585.492957873521,-14585.492957873521,29170.985915747042,0.5834197183149409,1.0
19.550000000000043,0.22151928970561235,-5.040739970177554,-2.8872411390461696,4.21982073605939,-13.510662723243462,-18.292496679618754,13550.596652872717,-13550.596652872717,27101.193305745433,0.5420238661149087,1.0
19.560000000000038,0.22151928433630003,-4.238991517787775,-1.7938184713500134,5.851555532083676,-14.72424403762131,-20.787401649352287,12429.132477974468,-12429.132477974468,24858.264955948936,0.4971652991189788,1.0
19.570000000000032,0.22151928068472734,-3.3964868077520443,-0.7007870744676523,7.3630370451879585,-15.69600473326862,-22.927265247283913,11316.542263963867,-11316.542263963867,22633.084527927735,0.4526616905585547,1.0
19.580000000000027,0.22151927892879486,-2.5291379129529625,0.37310551020741384,8.731427431694192,-16.39745442704365,-24.661873139294332,10295.918924984677,-10295.918924984677,20591.837849969354,0.4118367569993871,1.0
19.59000000000002,0.22151927924634818,-1.6501883050497939,1.412581211846478,9.938838203442874,-16.807731053748505,-25.954345705250308,9436.092899564264,-9436.092899564264,18872.18579912853,0.3774437159825706,1.0
19.600000000000016,0.22151928180095926,-0.769858929080058,2.4060696812509126,10.972326052205666,-16.915349076540842,-26.783002565397837,8790.151722220424,-8790.151722220424,17580.303444440848,0.35160606888881696,1.0
19.61000000000001,0.22151928673009758,0.10487808064523868,3.3458244367384316,11.823813766910412,-16.719254132473843,-27.14187207561522,8394.539449433149,-8394.539449433149,16789.078898866297,0.335781577977326,1.0
19.620000000000005,0.22151929413715288,0.9703793323053042,4.227898176347873,12.489907668762132,-16.22924149562243,-27.040236466479477,8216.911738692428,-8216.911738692428,16433.823477384856,0.32867646954769714,0.7760331950193093
19.63,0.22151930408538062,1.825558753434071,5.051277350299553,12.97103692330817,-15.465281436457255,-26.50087468935765,8009.727473758652,-8009.727473758652,16019.454947517304,0.3203890989503461,0.47729107388981007
19.639999999999993,0.22151931658975524,2.6693875676095873,5.8153383612141,13.269307932981292,-14.454856766536665,-25.55587730164654,7533.652846679233,-7533.652846679233,15067.305693358467,0.30134611386716936,0.17188350259448903
19.649999999999988,0.22151933160341622,3.4985258309610816,6.51753020626592,13.38672695939022,-13.22936983692217,-24.24139089917377,6620.651793556672,-6620.651793556672,13241.303587113343,0.2648260717422669,-0.13162596284272196
19.659999999999982,0.2215193490018237,4.305868049698032,7.152025538583597,13.324300180938703,-11.820784890834483,-22.593038274520943,5170.904720865006,-5170.904720865006,10341.809441730013,0.20683618883460028,-0.42593102661118903
19.669999999999977,0.22151936857224702,5.0798400454199015,7.709125727470455,13.08171662119742,-10.259058033437723,-20.64287851347905,3147.7753585631185,-3147.7753585631185,6295.550717126237,0.12591101434252475,-0.7048131131498049
19.67999999999997,0.22151939001495982,5.804275306759371,8.175214645295535,12.657375863000398,-8.570623750372201,-18.418218440415554,571.487277385995,-571.487277385995,1142.97455477199,0.0228594910954398,-0.9630103305353951
19.689999999999966,0.22151941295935118,6.458777173110744,8.533150247984489,12.048645264005904,-6.777990655893268,-15.942205535155473,-2435.4026300246996,2435.4026300246996,-4870.805260049399,-0.09741610520098799,-1.0
19.69999999999996,0.2215194369932139,7.020177858318389,8.763704347483372,11.252865611032297,-4.900748608408762,-13.236490814311464,-5565.734425049079,5565.734425049079,-11131.468850098157,-0.22262937700196317,-1.0
19.709999999999955,0.22151946170332626,7.465364133484579,8.848271468176396,10.269198714023993,-2.9584241609266195,-10.326072315209451,-8543.70242463335,8543.70242463335,-17087.4048492667,-0.341748096985334,-1.0
19.71999999999995,0.22151948671904262,7.773887706596146,8.77133147341351,9.100228761098263,-0.9731671589822285,-7.243195268448501,-11161.646749114585,11161.646749114585,-22323.29349822917,-0.44646586996458343,-1.0
19.729999999999944,0.22151951167717346,7.9307330700780225,8.523399719768866,7.754659942674381,1.0306640483248193,-4.02703290306698,-13275.793054058764,13275.793054058764,-26551.586108117528,-0.5310317221623506,-1.0
19.739999999999938,0.2215195356973596,7.92856916266677,8.103806896093626,6.250445639153012,3.0291404984959933,-0.7201676765486974,-14807.217276710244,14807.217276710244,-29614.434553420488,-0.5922886910684098,-1.0
19.749999999999932,0.22151955783173238,7.768699125747165,7.52166528413642,4.615670227416159,5.000273503754819,2.6347379259989028,-15740.384082279064,15740.384082279064,-31480.76816455813,-0.6296153632911626,-1.0
19.759999999999927,0.22153782931963423,7.458879981975322,6.792882630639937,2.88431075115032,6.919418245157848,5.988591591063706,-16106.137412239463,16106.137412239463,-32212.274824478925,-0.6442454964895785,-1.0
19.76999999999992,nan,7.0125231713812965,5.939107306760186,1.094932926054308,8.76012826873361,9.288848214544416,-15971.301116450515,15971.301116450515,-31942.60223290103,-0.6388520446580207,-1.0
19.779999999999916,nan,6.447254762004787,4.9858359694517755,-0.7117214865924968,10.49377329889718,12.479885743283901,-15428.851276153226,15428.851276153226,-30857.70255230645,-0.6171540510461291,-1.0
19.78999999999991,nan,5.78296071118503,3.9600313883184297,-2.4956402401859106,12.088718714773343,15.502077492181613,-14585.413481861502,14585.413481861502,-29170.826963723004,-0.5834165392744601,-1.0
19.799999999999905,nan,5.040071324087095,2.8881363940115925,-4.219806163101898,13.510632098367568,18.29241907861319,-13550.517569870524,13550.517569870524,-27101.03513974105,-0.5420207027948211,-1.0
19.8099999999999,nan,4.238304353529837,1.794731724355775,-5.8515238347444,14.724218061174492,20.78733229599537,-12429.055150026727,12429.055150026727,-24858.110300053453,-0.4971622060010691,-1.0
19.819999999999894,nan,3.3957832822520277,0.7017161071500054,-7.362988191040067,15.695982836714894,22.927203737104215,-11316.468048255372,11316.468048255372,-22632.936096510744,-0.45265872193021495,-1.0
19.829999999999888,nan,2.5284201745148467,-0.37216294912585024,-8.731361433230868,16.397436006092274,24.661818908086538,-10295.849087753848,10295.849087753848,-20591.698175507696,-0.41183396351015394,-1.0
19.839999999999883,nan,1.6494584715898342,-1.4116274191040075,-9.938755130531957,16.807715522106186,25.95429812931251,-9436.028535753087,9436.028535753087,-18872.057071506173,-0.3774411414301235,-1.0
19.849999999999877,nan,0.7691190706077413,-2.405107010081111,-10.972226045837429,16.915335908439026,26.782961047489174,-8790.093686391534,8790.093686391534,-17580.187372783068,-0.35160374745566136,-1.0
19.85999999999987,nan,-0.1056259539615257,-3.344855304884763,-11.82369705272739,16.719242890828934,27.1418361033972,-8394.48830126647,8394.48830126647,-16788.97660253294,-0.33577953205065886,-1.0
19.869999999999866,nan,-0.9711332747849993,-4.226925068512113,-12.489774566924865,16.22923184870254,27.040205646738762,-8216.867714449016,8216.867714449016,-16433.73542889803,-0.32867470857796066,-0.7760331950232984
19.87999999999986,nan,-1.8263168811860246,-5.050302813941844,-12.970887852913691,15.465273165502387,26.500848762377583,-8009.690488670721,8009.690488670721,-16019.380977341441,-0.3203876195468289,-0.4772910738940105
19.889999999999855,nan,-2.6701480499648262,-5.814364996302975,-13.269143411338364,14.454849765416837,25.55585613920819,-7533.622525259111,7533.622525259111,-15067.245050518222,-0.3013449010103645,-0.1718835025987266
19.89999999999985,nan,-3.4992868783885926,-6.516560650660345,-13.38654759792068,13.22936410317158,24.241374486887036,-6620.6275192366475,6620.6275192366475,-13241.255038473295,-0.2648251007694659,0.13162596283861655
19.909999999999844,nan,-4.306627900877865,-7.15106245078423,-13.324106679398763,11.820780507749182,22.593026679346355,-5170.885694830591,5170.885694830591,-10341.771389661182,-0.20683542779322367,0.425931026607196
19.91999999999984,nan,-5.080596955816725,-7.708171768023128,-13.081509761000973,10.259055144933773,20.64287184062369,-3147.760659473806,3147.760659473806,-6295.521318947612,-0.12591042637895225,0.7048131131460617
19.929999999999833,nan,-5.805027540157208,-8.174272457617386,-12.657156499612999,8.570622531958524,18.418216786208706,-571.4759168127273,571.4759168127273,-1142.9518336254546,-0.022859036672509093,0.9630103305320301
19.939999999999827,nan,-6.459522995628539,-8.532222438171747,-12.048414317184529,6.777991285936459,15.942208941611398,2435.4116555382384,-2435.4116555382384,4870.823311076477,0.09741646622152954,1.0
19.94999999999982,nan,-7.020915533502234,-8.762793462827426,-11.25262405223333,4.90075124208011,13.236499228748182,5565.742078505563,-5565.742078505563,11131.484157011126,0.22262968314022252,1.0
19.959999999999816,nan,-7.466091921382854,-8.847379979832892,-10.268947556810264,2.9584289051547525,10.326085568301226,8543.70959045,-8543.70959045,17087.4191809,0.34174838361800003,1.0
19.96999999999981,nan,-7.774603847958412,-8.770461741464755,-9.099969026300961,0.9731740872527118,7.243213109580942,11161.654141727606,-11161.654141727606,22323.30828345521,0.44646616566910424,1.0
19.979999999999805,nan,-7.931435753942194,-8.52255393436952,-7.754392585298731,-1.0306548241341968,4.0270551095037845,13275.801003152776,-13275.801003152776,26551.60200630555,0.531032040126111,1.0
19.9899999999998,nan,-7.929256348807138,-8.102986783758338,-6.2501711124648995,-3.029128191624038,0.7201950994562728,14807.224819069712,-14807.224819069712,29614.449638139424,0.5922889927627886,1.0
19.999999999999794,nan,-7.769368882767919,-7.520872562160702,-4.615389140571107,-5.000257670759621,-2.634705074020295,15740.38977188402,-15740.38977188402,31480.77954376804,0.6296155908753609,1.0
