t,woda_włączona,woda_wyłączona,"woda,_domyślny_model_MuJoCo"
0.0,nan,nan,nan
0.01,nan,nan,nan
0.020000000000000004,nan,nan,nan
0.030000000000000013,nan,nan,nan
0.04000000000000002,nan,nan,nan
0.05000000000000003,nan,nan,nan
0.06000000000000004,nan,nan,nan
0.07000000000000005,nan,nan,nan
0.08000000000000006,nan,nan,nan
0.09000000000000007,nan,nan,nan
0.10000000000000007,nan,nan,nan
0.11000000000000008,nan,nan,nan
0.12000000000000009,nan,nan,nan
0.1300000000000001,nan,nan,nan
0.1400000000000001,nan,nan,nan
0.1500000000000001,nan,nan,nan
0.16000000000000011,nan,nan,nan
0.17000000000000012,nan,nan,nan
0.18000000000000013,nan,nan,nan
0.19000000000000014,nan,nan,nan
0.20000000000000015,nan,nan,nan
0.21000000000000016,nan,nan,nan
0.22000000000000017,nan,nan,nan
0.23000000000000018,nan,nan,nan
0.24000000000000019,nan,nan,nan
0.25000000000000017,0.0007398431472067503,7.519982409950098e-06,-0.0003957301947458559
0.2600000000000002,0.0008154819316951738,8.707966709500276e-06,-0.0004319439996735358
0.2700000000000002,0.0009155174256170688,1.0219127374906758e-05,-0.0004622214290501916
0.2800000000000002,0.0010503152689576474,1.2033101917718691e-05,-0.00048522198968503394
0.2900000000000002,0.0012298289905469106,1.4092096509008203e-05,-0.0005002132249872627
0.3000000000000002,0.0014624990425053128,1.6315995766711734e-05,-0.0005072421657665597
0.3100000000000002,0.0017544797973093702,1.862240486303135e-05,-0.0005070852766162355
0.32000000000000023,0.0021092169935767757,2.09387295023201e-05,-0.0005009979036221225
0.33000000000000024,0.00252733516380592,2.320648380625676e-05,-0.0004904441300667736
0.34000000000000025,0.0030067706941554755,2.5379360164537133e-05,-0.00047698679343358
0.35000000000000026,0.00354308629045385,2.7409628577972985e-05,-0.00046241891792803716
0.36000000000000026,0.004129905467873485,2.9233577681852725e-05,-0.0004490509352105613
0.3700000000000003,0.004759404482594638,3.0778978910733265e-05,-0.000439889171321233
0.3800000000000003,0.005422823918669347,3.1994407693649266e-05,-0.00043848187352398904
0.3900000000000003,0.006110997204408745,3.2874526997355725e-05,-0.00044842611584966074
0.4000000000000003,0.006814915845952206,3.3460157189916257e-05,-0.0004727359486953157
0.4100000000000003,0.0075263589687161545,3.3820694003052175e-05,-0.0005133234931522055
0.4200000000000003,0.008238617347178023,3.404081947518319e-05,-0.0005707298585373327
0.4300000000000003,0.008947189257048441,3.4220915908105355e-05,-0.0006440591792278491
0.44000000000000034,0.009650188284475949,3.448380274315897e-05,-0.0007309603967213313
0.45000000000000034,0.01034822741188276,3.4976015480595984e-05,-0.0008276139692320552
0.46000000000000035,0.011043614723132904,3.5847647907386404e-05,-0.0009289015979715902
0.47000000000000036,0.011741711009790023,3.720028652404615e-05,-0.0010290638413154745
0.48000000000000037,0.012455431753530415,3.904589294784095e-05,-0.0011227962413827113
0.4900000000000004,0.013207037906047926,4.132879232900748e-05,-0.0012058921228874381
0.5000000000000003,0.014025585689224095,4.397562759033805e-05,-0.0012753611019987844
0.5100000000000003,0.014942256781042627,4.690238568799277e-05,-0.001329399656846913
0.5200000000000004,0.015984907703004352,4.998408622687487e-05,-0.0013670041531099473
0.5300000000000004,0.01717406779639476,5.3051594280823754e-05,-0.001387528361510397
0.5400000000000004,0.018521303881494425,5.5933379692150545e-05,-0.0013906000231318682
0.5500000000000004,0.020029692220964665,5.849889247518927e-05,-0.0013763868898948998
0.5600000000000004,0.021695584245687953,6.0673826955104735e-05,-0.001345886528132573
0.5700000000000004,0.02351073836875206,6.243897793591756e-05,-0.0013009188219012349
0.5800000000000004,0.025464139719361338,6.382810332868499e-05,-0.0012437680784572929
0.5900000000000004,0.027543213793612666,6.492208392874094e-05,-0.001176709722636351
0.6000000000000004,0.029734461567182804,6.58323927841474e-05,-0.0011017092253512149
0.6100000000000004,0.03202371367961376,6.66749952876512e-05,-0.0010204160004681447
0.6200000000000004,0.034396241159548716,6.754311577592959e-05,-0.0009343643459746449
0.6300000000000004,0.036836898439374204,6.848321739778086e-05,-0.000845210690975563
0.6400000000000005,0.039330301108611146,6.945868237914004e-05,-0.0007550163080159287
0.6500000000000005,0.041860942054640124,7.03391636650671e-05,-0.0006666691362149214
0.6600000000000005,0.0444133155104005,7.099315219479712e-05,-0.0005841327471251905
0.6700000000000005,0.04697222712882023,7.142653929025361e-05,-0.0005119446252580762
0.6800000000000005,0.04952334843576266,7.180975341616298e-05,-0.0004537796416311588
0.6900000000000005,0.05205393418268632,7.235528264527625e-05,-0.00041077939625252234
0.7000000000000005,0.05455350549410497,7.31746332096112e-05,-0.00038084960530230806
0.7100000000000005,0.05701418586448043,7.422437369399786e-05,-0.0003593971816513141
0.7200000000000005,0.05943037086488869,7.535128140299875e-05,-0.0003409249788055579
0.7300000000000005,0.06179970179474125,7.64184565057555e-05,-0.00032059932037777593
0.7400000000000005,0.0641278987732497,7.742683379083791e-05,-0.0002950904185150603
0.7500000000000006,0.06642966607155482,7.851278033761334e-05,-0.00026244423545351874
0.7600000000000006,0.06872792700944333,7.982556439614571e-05,-0.00022153359842684762
0.7700000000000006,0.07105168033809652,8.140895320338117e-05,-0.00017164310792100275
0.7800000000000006,0.07342973539980405,8.317856149751378e-05,-0.00011226642462468788
0.7900000000000006,0.07588677819776968,8.497026650057884e-05,-4.308562593585382e-05
0.8000000000000006,0.07844060466599974,8.659659473713824e-05,3.5971582288949424e-05
0.8100000000000006,0.08110106819519922,8.78909435712432e-05,0.0001247082964222467
0.8200000000000006,0.08387059142186734,8.874372879085328e-05,0.00022271071883697897
0.8300000000000006,0.086745655907714,8.912637287239949e-05,0.0003294754861023235
0.8400000000000006,0.08971861183639941,8.909882503356834e-05,0.0004445709929319127
0.8500000000000006,0.09277933471228433,8.88055291160597e-05,0.0005678026531034426
0.8600000000000007,0.09591645843056106,8.845156242848533e-05,0.0006993683398472857
0.8700000000000007,0.09911811446267585,8.824693187399573e-05,0.0008399098021393836
0.8800000000000007,0.10237222650522841,8.83313651841343e-05,0.0009903341974577043
0.8900000000000007,0.10566638481545182,8.869635262519472e-05,0.0011512414370314539
0.9000000000000007,0.10898734825328223,8.916704694337988e-05,0.0013219673964166214
0.9100000000000007,0.11232049702758463,8.952001025132481e-05,0.0014998195933845202
0.9200000000000007,0.11564964275367944,8.965919567137363e-05,0.0016802863986163982
0.9300000000000007,0.11895746017876396,8.966897836957043e-05,0.0018584450050705497
0.9400000000000007,0.12222657792858142,8.969471278051258e-05,0.0020307461267359693
0.9500000000000007,0.12544108923703212,8.978657897999616e-05,0.0021958269116211437
0.9600000000000007,0.1285881077511907,8.984268670409669e-05,0.0023539450641041695
0.9700000000000008,0.13165611744760208,8.968741596000701e-05,0.0025059292769405283
0.9800000000000008,0.13463114170346957,8.922459117183079e-05,0.0026525765468348333
0.9900000000000008,0.13749976052536236,8.852267527392955e-05,0.002794391094643935
1.0000000000000007,0.14025399552839668,8.776012290742806e-05,0.0029318543151383683
1.0100000000000007,0.14289345463778544,8.711778749557515e-05,0.0030659201583623213
1.0200000000000007,0.1454251287774734,8.672055241979143e-05,0.003197854744125341
1.0300000000000007,0.14786003655631047,8.662650981260051e-05,0.0033287019355380345
1.0400000000000007,0.15021027440079687,8.682421369955414e-05,0.0034589248414503555
1.0500000000000007,0.15248682249754697,8.724008056235868e-05,0.0035884803365113936
1.0600000000000007,0.15469896471967373,8.776829212794685e-05,0.0037172243387281075
1.0700000000000007,0.1568550230529317,8.830647524324426e-05,0.00384529409506755
1.0800000000000007,0.15896340077547388,8.877642923637625e-05,0.003973190651773257
1.0900000000000007,0.1610331149920366,8.913020750278562e-05,0.004101557793633677
1.1000000000000008,0.16307362890678895,8.934933231557298e-05,0.004230862796545748
1.1100000000000008,0.16509420599291336,8.94392183669694e-05,0.004361217546726597
1.1200000000000008,0.16710304940186793,8.942054935580887e-05,0.004492437533305395
1.1300000000000008,0.16910643559964292,8.931941137824193e-05,0.004624245748253565
1.1400000000000008,0.1711079790765419,8.915770935311093e-05,0.004756441704526027
1.1500000000000008,0.17310814919439596,8.895110462285808e-05,0.0048889593523988115
1.1600000000000008,0.17510420898122242,8.871270900248335e-05,0.005021853879424203
1.1700000000000008,0.1770906666291518,8.845360696040005e-05,0.00515526269755339
1.1800000000000008,0.1790601201394854,8.818221066181008e-05,0.0052893705962413174
1.1900000000000008,0.18100424565844977,8.790870007665444e-05,0.005424367526101699
1.2000000000000008,0.18291473880385214,8.765087848813741e-05,0.005560389308300893
1.2100000000000009,0.18478413210155328,8.743262616829625e-05,0.005697440563230716
1.2200000000000009,0.18660635878745285,8.727988574570979e-05,0.005835308681589142
1.2300000000000009,0.18837565034345746,8.721222030304503e-05,0.005973559747612495
1.2400000000000009,0.19008411698694397,8.722133105279942e-05,0.006111792479094724
1.2500000000000009,0.19172512761013139,8.725506831321048e-05,0.006249832975301392
1.260000000000001,0.1932901298124476,8.723230482235702e-05,0.006387642858666536
1.270000000000001,0.19476878730355718,8.708203886024098e-05,0.0065252269314869694
1.280000000000001,0.1961548636808422,8.677470372346484e-05,0.006662571278509061
1.290000000000001,0.19744463486116293,8.632673635499179e-05,0.006799593854721624
1.300000000000001,0.19863797972322997,8.578662875973854e-05,0.006936159938384684
1.310000000000001,0.19973893191916522,8.521761697774601e-05,0.0070721398364759405
1.320000000000001,0.20075549672858398,8.468272523264847e-05,0.00720746099430033
1.330000000000001,0.201698861005185,8.423224515141302e-05,0.0073421173829488545
1.340000000000001,0.20258221309440663,8.389440542648026e-05,0.007476128532955815
1.350000000000001,0.20341943977533639,8.367075977010812e-05,0.007609486563603833
1.360000000000001,0.20422392934784067,8.353819181432141e-05,0.007742134719454339
1.370000000000001,0.2050076215480866,8.345889559966129e-05,0.00787398574515268
1.380000000000001,0.20578036827029014,8.339475699396805e-05,0.00800495727302789
1.390000000000001,0.20654957752557734,8.331999067239028e-05,0.00813499855023442
1.400000000000001,0.20732006369266404,8.323094775677328e-05,0.008264121404987598
1.410000000000001,0.20809405554976607,8.314652913990077e-05,0.00839244032316392
1.420000000000001,0.20887134019286227,8.309187657307419e-05,0.008520190975671398
1.430000000000001,0.2096495242925189,8.30774063141036e-05,0.00864768912086332
1.440000000000001,0.21042443872355213,8.309205731125823e-05,0.008775226834089439
1.450000000000001,0.2111907393355528,8.311306736949794e-05,0.008902997814719
1.460000000000001,0.21194277251561539,8.311971006647493e-05,0.009031092693435275
1.470000000000001,0.21267560009192585,8.310373416682872e-05,0.00915950307671171
1.480000000000001,0.21338422571612478,8.307473110611935e-05,0.009288126260351562
1.490000000000001,0.214061072635188,8.305621808547707e-05,0.009416898162520976
1.500000000000001,0.21469754359727605,8.307311680861697e-05,0.009545899269219622
1.5100000000000011,0.2152860431822307,8.313843770306906e-05,0.009675257901344445
1.5200000000000011,0.21582235993798016,8.324712739971118e-05,0.009805066969316519
1.5300000000000011,0.21630770858340495,8.337920723718815e-05,0.009935380018934159
1.5400000000000011,0.21674700444985504,8.350821683390921e-05,0.010066216354780604
1.5500000000000012,0.21714705778081728,8.360937365977614e-05,0.010197568884085906
1.5600000000000012,0.21751432430536843,8.366473433865639e-05,0.010329410281469387
1.5700000000000012,0.21785334766998993,8.366569950007907e-05,0.010461694858559469
1.5800000000000012,0.21816647540500023,8.36136924037452e-05,0.010594358183626676
1.5900000000000012,0.21845459255350858,8.35189718441341e-05,0.010727317737345152
1.6000000000000012,0.21871817323915155,8.339731815422036e-05,0.010860477544501878
1.6100000000000012,0.21895811339623103,8.326515244220993e-05,0.010993736064536314
1.6200000000000012,0.219176179155225,8.31347707856026e-05,0.011126993766131745
1.6300000000000012,0.21937508747783505,8.301206740839672e-05,0.011260159883256423
1.6400000000000012,0.21955831025387051,8.289677179658705e-05,0.011393165442464544
1.6500000000000012,0.21972970372362538,8.278323402612351e-05,0.01152597820826603
1.6600000000000013,0.2198930615459625,8.266333902029311e-05,0.0116585954905605
1.6700000000000013,0.22005172095041087,8.253248867526543e-05,0.011791003076765486
1.6800000000000013,0.22020835358576005,8.239383826487292e-05,0.011923121111697405
1.6900000000000013,0.22036497471108785,8.225626042125333e-05,0.012054786765082063
1.7000000000000013,0.220523096985156,8.21278526376823e-05,0.012185812977969123
1.7100000000000013,0.22068392720146432,8.201062590456454e-05,0.012316074485852672
1.7200000000000013,0.2208484587077607,8.189899236172969e-05,0.012445545251549592
1.7300000000000013,0.2210172686888917,8.178253807784484e-05,0.012574256358897355
1.7400000000000013,0.22118996931437113,8.16524833531497e-05,0.012702293588327246
1.7500000000000013,0.22136418169958175,8.150768932520226e-05,0.01282987675169708
1.7600000000000013,0.2215383148093317,8.135575281053872e-05,0.012957282412739395
1.7700000000000014,0.221710918602745,8.120889303860721e-05,0.013084714926472993
1.7800000000000014,0.22187799573736894,8.107820723534653e-05,0.01321229847334514
1.7900000000000014,0.22203466689295026,8.096994665581625e-05,0.013340089845847378
1.8000000000000014,0.22217560785051585,8.088477922459028e-05,0.01346809312960219
1.8100000000000014,0.22229575744765262,8.081889229868909e-05,0.01359627460411066
1.8200000000000014,0.22239112803996888,8.07656896347682e-05,0.013724574948307911
1.8300000000000014,0.22245938172783405,8.071756609502954e-05,0.013852919367130692
1.8400000000000014,0.22249997294777937,8.06675973330912e-05,0.013981224456866732
1.8500000000000014,0.2225138983900512,8.06109230227527e-05,0.014109402049737462
1.8600000000000014,0.22250325166030496,8.054547361480736e-05,0.014237363609296843
1.8700000000000014,0.22247075752824108,8.047173862205196e-05,0.014365025594012697
1.8800000000000014,0.22241938955717572,8.039147324511585e-05,0.014492313178317303
1.8900000000000015,0.22235212178181962,8.030593942845911e-05,0.014619163259242425
1.9000000000000015,0.22227182180081528,8.021518223987365e-05,0.014745532113362565
1.9100000000000015,0.22218124184898613,8.011868280901816e-05,0.014871401611137898
1.9200000000000015,0.22208303908402383,8.001622526130093e-05,0.01499676993483518
1.9300000000000015,0.22197976239497821,7.990833315489993e-05,0.015121624782593981
1.9400000000000015,0.2218737573375657,7.979650391983222e-05,0.015245916286316
1.9500000000000015,0.22176698522243377,7.968333049974125e-05,0.01536957075511434
1.9600000000000015,0.22166081480953548,7.957213672823574e-05,0.015492539699115007
1.9700000000000015,0.2215558885864149,7.946615671047153e-05,0.015614835688632355
1.9800000000000015,0.22145233217406915,7.93674899589787e-05,0.01573649123536726
1.9900000000000015,0.22135092752299215,7.927620559516774e-05,0.01585754221104236
2.0000000000000013,0.2212526520978764,7.91903629061509e-05,0.01597817156432241
2.0100000000000002,0.2211569688101345,7.910714059402019e-05,0.016098658423478865
2.019999999999999,0.22106324759083495,7.902422183626163e-05,0.016219202824484705
2.029999999999998,0.2209720006725083,7.894043060335961e-05,0.01633991208132426
2.039999999999997,0.22088456486057806,7.885552091899048e-05,0.01646081354089336
2.049999999999996,0.22080330465846218,7.876975170942876e-05,0.01658187853568124
2.0599999999999947,0.22073128183954072,7.868367350669852e-05,0.016703048924911364
2.0699999999999936,0.22067146238660712,7.859804972120019e-05,0.016824255299996184
2.0799999999999925,0.22062583464967828,7.851373656921634e-05,0.016945424114070008
2.0899999999999914,0.2205948263687306,7.843148918199655e-05,0.017066476029905055
2.0999999999999903,0.22057723552954847,7.835173558739848e-05,0.01718732344536613
2.109999999999989,0.2205705892155813,7.82744006695468e-05,0.017307875204268672
2.119999999999988,0.2205716785597063,7.819890161833147e-05,0.017428046591096227
2.129999999999987,0.2205770780477995,7.812441946116727e-05,0.017547767741233317
2.139999999999986,0.2205835548113582,7.805021440327134e-05,0.017666992014216572
2.149999999999985,0.2205883437372661,7.797546353176889e-05,0.01778571008561693
2.1599999999999837,0.2205892976397355,7.789891779746527e-05,0.017903957992143827
2.1699999999999826,0.22058492849623743,7.781917864628931e-05,0.018021801861760278
2.1799999999999815,0.22057437196368807,7.773549268485548e-05,0.018139297805605116
2.1899999999999804,0.22055732598103536,7.764818656949569e-05,0.01825645631812165
2.1999999999999793,0.220533981189376,7.755827755012186e-05,0.0183732543436981
2.209999999999978,0.22050495723191438,7.746673750260215e-05,0.018489671107247335
2.219999999999977,0.22047127828473617,7.737391060377592e-05,0.018605695750821914
2.229999999999976,0.22043449462857098,7.727945195291893e-05,0.01872130200488642
2.239999999999975,0.22039720610673957,7.718302462176518e-05,0.018836494912927798
2.249999999999974,0.22036230125547082,7.708518196674423e-05,0.018951373632889956
2.2599999999999727,0.2203330066907889,7.698757961620335e-05,0.019066069508059943
2.2699999999999716,0.22031253283010896,7.689238211668501e-05,0.01918068154725285
2.2799999999999705,0.22030278983000698,7.680143393278518e-05,0.019295273626794177
2.2899999999999694,0.22030450037177354,7.671572757612969e-05,0.01940988211226379
2.2999999999999683,0.22031707574185772,7.663527082647414e-05,0.019524524112344777
2.309999999999967,0.22033880322045007,7.655921722526109e-05,0.01963920327708221
2.319999999999966,0.22036734387371437,7.64861443265045e-05,0.019753911187778438
2.329999999999965,0.2204003334299605,7.641441906747959e-05,0.019868623360782368
2.339999999999964,0.22043585244797784,7.634259452345963e-05,0.01998329596846095
2.349999999999963,0.22047264393129118,7.626975654904497e-05,0.020097869926304468
2.3599999999999617,0.22051010734831744,7.619570399261655e-05,0.020212280290684937
2.3699999999999606,0.22054815634483688,7.612086745101438e-05,0.02032646468435393
2.3799999999999595,0.2205870195843143,7.604595790296724e-05,0.02044036715041382
2.3899999999999584,0.2206270414999546,7.59714717066332e-05,0.02055394704986122
2.3999999999999573,0.2206685195036356,7.589735518630538e-05,0.020667206143704094
2.409999999999956,0.2207116040449368,7.582302221304749e-05,0.02078021410920179
2.419999999999955,0.2207562738989264,7.574761592305096e-05,0.020893097804821473
2.429999999999954,0.22080237195297248,7.567030964099e-05,0.021005982230953166
2.439999999999953,0.22084966027324968,7.559054108229475e-05,0.02111892601375724
2.4499999999999518,0.22089786370293835,7.550813744788384e-05,0.02123191158145489
2.4599999999999507,0.2209466860988626,7.542328080959673e-05,0.0213448677187569
2.4699999999999496,0.22099572498690234,7.533633931731735e-05,0.02145766623492402
2.4799999999999485,0.22104434431080835,7.524762599667396e-05,0.02157013988518506
2.4899999999999474,0.22109098978571531,7.515726662292176e-05,0.02168222753072614
2.4999999999999463,0.22113409614210394,7.506538362377865e-05,0.021793955985993374
2.509999999999945,0.2211733486403826,7.497245201177343e-05,0.021905332161069217
2.519999999999944,0.2212081122223649,7.48794429863372e-05,0.022016368752299734
2.529999999999943,0.2212369742354045,7.478761202397675e-05,0.02212708987996968
2.539999999999942,0.22125877095324606,7.469814485768773e-05,0.02223753648634527
2.5499999999999408,0.2212729671471218,7.461188536884725e-05,0.022347762962258648
2.5599999999999397,0.2212799667333032,7.452916897353173e-05,0.022457824349004975
2.5699999999999386,0.22128115273623603,7.444974321480675e-05,0.022567761605209284
2.5799999999999375,0.22127864079413867,7.437285571523031e-05,0.022677589552713897
2.5899999999999364,0.22127486292176574,7.429757443548334e-05,0.022787294820885214
2.5999999999999353,0.22127215532490602,7.422324280837899e-05,0.022896845771802662
2.609999999999934,0.22127247186556717,7.414984047196065e-05,0.023006204619294503
2.619999999999933,0.22127724662105883,7.407804721803253e-05,0.023115333481570854
2.629999999999932,0.2212873771308584,7.400898942205034e-05,0.023224194626207943
2.639999999999931,0.22130327901851493,7.394374597467944e-05,0.02333275863844622
2.6499999999999297,0.22132496281003466,7.388259919995583e-05,0.02344103188842238
2.6599999999999286,0.22135210396512214,7.38244068012271e-05,0.023549078373893695
2.6699999999999275,0.22138409760414357,7.376678353072274e-05,0.02365700003563462
2.6799999999999264,0.2214201020144469,7.370706258880518e-05,0.02376487185017558
2.6899999999999253,0.22145909031057487,7.364324003565437e-05,0.02387268011299992
2.6999999999999242,0.22149992399624838,7.35743106757312e-05,0.023980327703592378
2.709999999999923,0.22154147129763596,7.350009145470986e-05,0.0240876835870276
2.719999999999922,0.22158279610839152,7.342074268949431e-05,0.02419461178277691
2.729999999999921,0.22162313775641007,7.333617990537104e-05,0.02430096576999249
2.73999999999992,0.22166153306124992,7.324594930407341e-05,0.024406662887153787
2.7499999999999187,0.2216971100408784,7.314990469133034e-05,0.02451175259423326
2.7599999999999176,0.22172867331227916,7.304916262727952e-05,0.024616333829830542
2.7699999999999165,0.22175536992745168,7.294643218880866e-05,0.0247204828523067
2.7799999999999154,0.22177763094901787,7.284539537046937e-05,0.024824252728062133
2.7899999999999143,0.2217963645910294,7.274962296842594e-05,0.02492768305155877
2.7999999999999132,0.2218125628456077,7.26616638347074e-05,0.025030804796263885
2.809999999999912,0.22182689127402125,7.258253313544685e-05,0.025133637778778882
2.819999999999911,0.22183946058130039,7.251153615908798e-05,0.025236186261892946
2.82999999999991,0.22184987029189934,7.244643660380647e-05,0.025338437282060207
2.839999999999909,0.22185744478214361,7.238408175495102e-05,0.025440363546178325
2.8499999999999077,0.22186150653030157,7.232144828898189e-05,0.02554192993527387
2.8599999999999066,0.22186158469550804,7.225675240216657e-05,0.02564309981316266
2.8699999999999055,0.2218575293754668,7.21900752225478e-05,0.025743838327474438
2.8799999999999044,0.22184953764086,7.212318292997198e-05,0.02584411328620465
2.8899999999999033,0.2218381157335293,7.205880034704129e-05,0.025943900330091724
2.899999999999902,0.22182400346182185,7.199949810450609e-05,0.026043196572282015
2.909999999999901,0.2218080797385749,7.19462663804715e-05,0.026142028777873735
2.9199999999999,0.22179126682148406,7.189769597766255e-05,0.02624043764317308
2.929999999999899,0.22177445257836756,7.185058731897737e-05,0.02633843763657508
2.939999999999898,0.2217584399517184,7.180153844120892e-05,0.026435980712343862
2.9499999999998967,0.22174391851165806,7.17484053709093e-05,0.02653297647143566
2.9599999999998956,0.22173144424367988,7.169095099078063e-05,0.02662934865846179
2.9699999999998945,0.22172140203464263,7.16304735511024e-05,0.026725068490167488
2.9799999999998934,0.2217139970169055,7.156829995402516e-05,0.02682009854152582
2.9899999999998923,0.2217096256764126,7.150391525068225e-05,0.026914400819347276
2.999999999999891,0.22170852789212359,7.143435669608977e-05,0.027008065221189766
3.00999999999989,0.22171022904566184,7.135565348533652e-05,0.02710124613650662
3.019999999999889,0.22171398325183467,7.126526980918429e-05,0.02719403891283454
3.029999999999888,0.22171890562165059,7.116370617715015e-05,0.027286484190600573
3.039999999999887,0.22172385819428778,7.105436347348991e-05,0.02737858658116692
3.0499999999998857,0.22172760692774285,7.094222385436259e-05,0.02747033081988158
3.0599999999998846,0.2217290251829894,7.083235144978295e-05,0.02756168986552633
3.0699999999998835,0.22172727746918625,7.072870935180735e-05,0.027652628024366174
3.0799999999998824,0.22172189756123697,7.063334257161658e-05,0.02774310287448089
3.0899999999998813,0.22171275099971047,7.054600162811099e-05,0.0278330663793706
3.09999999999988,0.22169992810511996,7.046441026649568e-05,0.027922466881245184
3.109999999999879,0.22168362229737887,7.038524326180387e-05,0.028011253273241367
3.119999999999878,0.22166403222232928,7.030549104697021e-05,0.028099379497329487
3.129999999999877,0.22164130654817993,7.022362959600744e-05,0.028186807637140536
3.139999999999876,0.22161553609789222,7.014036360239333e-05,0.028273515813183898
3.1499999999998747,0.22158678736905094,7.005873011053068e-05,0.028359521179616907
3.1599999999998736,0.2215551585244956,6.998286393478966e-05,0.028444909398368825
3.1699999999998725,0.2215208319895136,6.991571910101503e-05,0.02852984260726188
3.1799999999998714,0.22148409994557505,6.985743874542446e-05,0.028614517112262795
3.1899999999998703,0.22144534846582442,6.980558970751055e-05,0.028699100671731703
3.199999999999869,0.22140500511304945,6.975687904325705e-05,0.028783701097344575
3.209999999999868,0.2213634656651099,6.970902743289583e-05,0.028868351849339
3.219999999999867,0.22132103670883893,6.966191916371068e-05,0.028952975144142166
3.229999999999866,0.22127803095027665,6.961742232189113e-05,0.029037461211456034
3.2399999999998648,0.22123534152140362,6.957748092860418e-05,0.029121795209417024
3.2499999999998637,0.2211939620767522,6.95415328951994e-05,0.02920590732326724
3.2599999999998626,0.22115427589948375,6.950532947607895e-05,0.029289607077471674
3.2699999999998615,0.22111686798716088,6.946222441432834e-05,0.0293727210941516
3.2799999999998604,0.22108274324161117,6.940594003295206e-05,0.029455140401642686
3.2899999999998593,0.22105291575316446,6.933284641775904e-05,0.02953683920485853
3.299999999999858,0.22102835137286914,6.924270115147993e-05,0.02961786942045427
3.309999999999857,0.22100985454374206,6.91381973221303e-05,0.029698326275101102
3.319999999999856,0.22099792920419045,6.902404267050992e-05,0.02977830275685209
3.329999999999855,0.22099267103861397,6.890584240545037e-05,0.029857857723701812
3.3399999999998538,0.22099373818055995,6.878878130520802e-05,0.029937010694947638
3.3499999999998527,0.22100041881224639,6.867630229725386e-05,0.030015756122429398
3.3599999999998515,0.22101175510218318,6.856927169756987e-05,0.030094079559851356
3.3699999999998504,0.22102666961309458,6.846609454038804e-05,0.03017196372738473
3.3799999999998493,0.2210440676749702,6.836378339916934e-05,0.030249386259992007
3.3899999999998482,0.2210629074704394,6.825953087031537e-05,0.03032633433263126
3.399999999999847,0.22108224209839192,6.815242189356614e-05,0.03040286408536674
3.409999999999846,0.2211012449916546,6.804449294173595e-05,0.03047917507923945
3.419999999999845,0.22111922821443528,6.793996769363556e-05,0.03055562617607536
3.429999999999844,0.22113565886156308,6.784293543106092e-05,0.030632639418168295
3.4399999999998427,0.22115017555550706,6.775526287885706e-05,0.030710559689161646
3.4499999999998416,0.2211626018573337,6.76761028600049e-05,0.030789559178681446
3.4599999999998405,0.2211729476422246,6.76027980116287e-05,0.030869583408563352
3.4699999999998394,0.2211813867433594,6.753257129793789e-05,0.030950327876998498
3.4799999999998383,0.22118823866073484,6.746450750720487e-05,0.03103150990185273
3.4899999999998372,0.22119404709823642,6.740047316791346e-05,0.031112937134416662
3.499999999999836,0.22119947334874787,6.734383469655654e-05,0.03119421103669582
3.509999999999835,0.22120503065612668,6.729669846640392e-05,0.03127485133977109
3.519999999999834,0.22121111651360797,6.725776490137882e-05,0.03135453049802181
3.529999999999833,0.2212180077962697,6.722228984972576e-05,0.03143309898615433
3.5399999999998317,0.22122572672648075,6.718382844662812e-05,0.03151058319982115
3.5499999999998306,0.22123406791322797,6.713635123792136e-05,0.031587151980480364
3.5599999999998295,0.22124271699057943,6.70757430497113e-05,0.03166304666538306
3.5699999999998284,0.22125141218404457,6.700056140739035e-05,0.03173850054000788
3.5799999999998273,0.22126008370199723,6.691218914538265e-05,0.03181368581309968
3.589999999999826,0.221268915896672,6.681433420481698e-05,0.031888708031978956
3.599999999999825,0.22127832073707493,6.671182230316965e-05,0.03196362997748418
3.609999999999824,0.2212888600113899,6.66089546517427e-05,0.03203849296136157
3.619999999999823,0.2213011543824165,6.650808323499292e-05,0.03211332037339331
3.629999999999822,0.22131579963770456,6.640903957880583e-05,0.03218811085428273
3.6399999999998207,0.22133329703854898,6.630943346153689e-05,0.0322628513076603
3.6499999999998196,0.22135399711804243,6.620578967651014e-05,0.0323375710588393
3.6599999999998185,0.22137805985718828,6.609560437098914e-05,0.03241239560705429
3.6699999999998174,0.2214054380398727,6.597918767803007e-05,0.032487533372893625
3.6799999999998163,0.22143588591711844,6.585974038159159e-05,0.03256317969371169
3.689999999999815,0.22146898835253234,6.574162576700665e-05,0.032639409801351195
3.699999999999814,0.22150420477560956,6.562816859075784e-05,0.03271614170002887
3.709999999999813,0.22154092628433592,6.552024719313899e-05,0.032793159502394746
3.719999999999812,0.22157853086295612,6.541619335447689e-05,0.03287016315051659
3.729999999999811,0.22161632193302683,6.531325948597046e-05,0.03294692865126778
3.7399999999998097,0.2216528498894782,6.521011377521293e-05,0.033023315513694924
3.7499999999998086,0.22168663742408257,6.510857456826748e-05,0.033099189798544114
3.7599999999998075,0.2217172067947023,6.501309550448682e-05,0.033174488631959424
3.7699999999998064,0.22174401405722355,6.492834585643058e-05,0.03324922167218923
3.7799999999998053,0.22176623358674594,6.485670139158643e-05,0.033323449352103615
3.789999999999804,0.22178340100965457,6.479722174101312e-05,0.03339727226836152
3.799999999999803,0.22179546293623786,6.474626355754495e-05,0.033470812528177143
3.809999999999802,0.22180273368581285,6.469886377965483e-05,0.033544187291620266
3.819999999999801,0.22180577566366874,6.465011289008317e-05,0.033617485425021604
3.8299999999998,0.22180526137245654,6.459623356134022e-05,0.03369075869218314
3.8399999999997987,0.22180186316759667,6.453527845467279e-05,0.03376402945150854
3.8499999999997976,0.22179618674798818,6.446730865842727e-05,0.03383730377604633
3.8599999999997965,0.22178874727452424,6.439394146381586e-05,0.03391057814774315
3.8699999999997954,0.2217799767320456,6.43173851298655e-05,0.03398383839131958
3.8799999999997943,0.22177024652140087,6.423934592097327e-05,0.034057057074518976
3.889999999999793,0.22175989241813357,6.416013162046488e-05,0.03413019405220764
3.899999999999792,0.22174923270936553,6.407822497931482e-05,0.034203193767526875
3.909999999999791,0.2217385727885951,6.399089903906692e-05,0.03427596723148843
3.91999999999979,0.22172819466910387,6.389590510888969e-05,0.034348363767358926
3.9299999999997888,0.22171833812036018,6.379308761150109e-05,0.03442016534218992
3.9399999999997877,0.22170918589988323,6.368470209517321e-05,0.03449111692369844
3.9499999999997866,0.22170085818860125,6.357430649318784e-05,0.03456099292516413
3.9599999999997855,0.2216934198759795,6.3465135607353e-05,0.03462968047728968
3.9699999999997844,0.221686910790419,6.335874807499407e-05,0.034697210733695506
3.9799999999997833,0.2216813592319804,6.325448309180109e-05,0.034763596513086345
3.989999999999782,0.2216770667442581,6.315026477176753e-05,0.03482900721872375
3.999999999999781,0.2216741846699108,6.304440329311054e-05,0.03489395314500278
4.00999999999978,0.22167208295059718,6.293711049573308e-05,0.03495896273589401
4.019999999999779,0.22167038800625719,6.28306798470603e-05,0.03502440526703375
4.029999999999778,0.22166936392531464,6.272837551453661e-05,0.03509049258796093
4.039999999999777,0.22166924839399335,6.263297657261458e-05,0.035157286168551155
4.049999999999776,0.221670115059828,6.254588154629811e-05,0.035224719148427126
4.059999999999775,0.22167178891029837,6.246696899130826e-05,0.03529263923425234
4.069999999999774,0.22167384670824494,6.239489957431116e-05,0.03536086166294199
4.079999999999773,0.2216756883388725,6.23275619911615e-05,0.03542921052126486
4.089999999999772,0.22167664380669283,6.226256137206206e-05,0.035497534516241734
4.0999999999997705,0.2216760733719263,6.21977162114495e-05,0.035565704045636186
4.109999999999769,0.22167343276564763,6.213148065138944e-05,0.03563360507586669
4.119999999999768,0.22166830299270168,6.206316183919136e-05,0.03570113898908368
4.129999999999767,0.2216603959518139,6.199283373643988e-05,0.03576822686532819
4.139999999999766,0.22164955014628102,6.19209496688126e-05,0.03583480149954746
4.149999999999765,0.22163572853846666,6.184777291038606e-05,0.035900771177677385
4.159999999999764,0.2216190212167527,6.177292266856113e-05,0.03596597444066229
4.169999999999763,0.22159964769683588,6.169542104617858e-05,0.0360301702972667
4.179999999999762,0.22157795138360953,6.161427744946989e-05,0.03609309348852584
4.189999999999761,0.2215543783523755,6.15291565268534e-05,0.03615453948019861
4.1999999999997595,0.2215294394878212,6.14406388758923e-05,0.0362144441311791
4.209999999999758,0.22150365538144556,6.13500115015588e-05,0.03627293938171051
4.219999999999757,0.2214774829030294,6.12587758644545e-05,0.036330357708922616
4.229999999999756,0.22145134144285686,6.116805413360124e-05,0.03638696528982058
4.239999999999755,0.22142617597965608,6.107819189732522e-05,0.03644296380619558
4.249999999999754,0.22140305595608942,6.0988805108968303e-05,0.03649881056470268
4.259999999999753,0.22138216922767762,6.089919930358634e-05,0.0365550527201011
4.269999999999752,0.22136353164031253,6.0808870586828496e-05,0.036612067920092285
4.279999999999751,0.22134738233139373,6.0717813907378636e-05,0.036670033154655654
4.28999999999975,0.2213337738254002,6.062652882487005e-05,0.036728935763431315
4.2999999999997485,0.22132265161849896,6.0535801074534515e-05,0.03678861471343258
4.309999999999747,0.22131394890733153,6.044642752956927e-05,0.036848829837725416
4.319999999999746,0.2213076471653643,6.035901860221969e-05,0.03690933208013283
4.329999999999745,0.22130377609832577,6.027393069498426e-05,0.03696990340370708
4.339999999999744,0.22130237123054772,6.019130958546627e-05,0.03703035904249211
4.349999999999743,0.2213034269892923,6.011118154454426e-05,0.03709053422142127
4.359999999999742,0.22130686483032633,6.0033529486968647e-05,0.037150278847975636
4.369999999999741,0.2213125197786019,5.99583343697494e-05,0.037209465028275476
4.37999999999974,0.22132014362753347,5.988558079909748e-05,0.037267997117561
4.3899999999997386,0.221329418995894,5.98151404796489e-05,0.03732581034925838
4.3999999999997375,0.2213399785915347,5.974652447198021e-05,0.037382857057825195
4.409999999999736,0.22135142753885434,5.9678759311771005e-05,0.03743909763791249
4.419999999999735,0.22136336724454841,5.96105604089257e-05,0.03749451145695786
4.429999999999734,0.22137541721973825,5.9540650818187546e-05,0.03754912038044089
4.439999999999733,0.2213872321530022,5.946797654840047e-05,0.03760300482751424
4.449999999999732,0.22139851482992906,5.939174106069138e-05,0.03765629906631311
4.459999999999731,0.22140902798818893,5.931135463757096e-05,0.037709163427032254
4.46999999999973,0.22141860857759194,5.922639361562129e-05,0.03776174739318678
4.479999999999729,0.22142716170562188,5.913668683470713e-05,0.03781416630736262
4.4899999999997275,0.22143426305611869,5.904265904141456e-05,0.037866497461691545
4.499999999999726,0.22143962034861026,5.8945752085528924e-05,0.037918786762595184
4.509999999999725,0.22144391900187063,5.8848440590903947e-05,0.03797106187701047
4.519999999999724,0.22144774095478498,5.8753605338780293e-05,0.0380233367739166
4.529999999999723,0.22145108181867973,5.866364009675854e-05,0.03807560482081538
4.539999999999722,0.22145399253134482,5.857986923369085e-05,0.03812783768125557
4.549999999999721,0.2214565984332892,5.850243462964157e-05,0.03817999505135114
4.55999999999972,0.22145907558084374,5.843041735661887e-05,0.03823203924985788
4.569999999999719,0.22146161230505096,5.836203924470259e-05,0.03828394215932071
4.579999999999718,0.2214643847962046,5.829504139734497e-05,0.03833567732643914
4.5899999999997165,0.22146755280552544,5.822733895038381e-05,0.038387206253547725
4.599999999999715,0.22147126593356567,5.8157800818112695e-05,0.03843847434536183
4.609999999999714,0.2214756725016127,5.8086773576161894e-05,0.03848941977561295
4.619999999999713,0.22148092572338018,5.801600126866466e-05,0.03853998591113072
4.629999999999712,0.22148718320927355,5.7947936957522696e-05,0.03859012808417991
4.639999999999711,0.22149459770967067,5.788475534349682e-05,0.03863982555245177
4.64999999999971,0.22150329893336235,5.782724740985739e-05,0.03868912053353824
4.659999999999709,0.2215133705050972,5.7774054295661445e-05,0.0387381661490225
4.669999999999708,0.22152482975637025,5.772203463713727e-05,0.03878723141234399
4.679999999999707,0.22153761845834585,5.766766946472081e-05,0.038836630237914886
4.6899999999997055,0.22155160954300793,5.760842722509738e-05,0.03888661904804682
4.699999999999704,0.22156662746873854,5.7543268144911644e-05,0.03893731253195157
4.709999999999703,0.2215824778453627,5.747235600623097e-05,0.03898863096985463
4.719999999999702,0.22159897644125603,5.739623192964443e-05,0.03904028731675511
4.729999999999701,0.22161591756165414,5.731468426885949e-05,0.03909203753546977
4.7399999999997,0.22163276263199122,5.722624190140754e-05,0.03914374809845873
4.749999999999699,0.2216488867161368,5.712912451015802e-05,0.0391951181814124
4.759999999999698,0.2216641604443473,5.7023102863904704e-05,0.03924576971542157
4.769999999999697,0.2216784643518721,5.691070435352909e-05,0.03929545602052569
4.779999999999696,0.2216914215834652,5.679678605343578e-05,0.03934407771930153
4.7899999999996945,0.22170269708767437,5.6686942753682906e-05,0.03939166707557806
4.799999999999693,0.22171200298205393,5.65858761391067e-05,0.03943835794726819
4.809999999999692,0.22171910933900033,5.6496344344414205e-05,0.039484339575740476
4.819999999999691,0.2217238625221647,5.641866983270749e-05,0.039529806339581544
4.82999999999969,0.22172620304949728,5.635072854532642e-05,0.03957492059554083
4.839999999999689,0.22172617227591515,5.628854931863525e-05,0.03961980055793867
4.849999999999688,0.22172390069234268,5.622758279012317e-05,0.03966452965683265
4.859999999999687,0.22171958403624611,5.616430229054874e-05,0.03970917096869314
4.869999999999686,0.22171345774274223,5.60974239406715e-05,0.03975377348806284
4.879999999999685,0.22170577565397512,5.602816399786678e-05,0.03979837053772416
4.8899999999996835,0.2216967961937107,5.595970894024782e-05,0.03984299213733991
4.899999999999682,0.2216867764663034,5.58960013015484e-05,0.03988770851759509
4.909999999999681,0.22167597088164098,5.58397109367777e-05,0.039932667268406406
4.91999999999968,0.2216646297753962,5.5790550198513715e-05,0.03997806626756116
4.929999999999679,0.2216529949846152,5.574542598678473e-05,0.04002405868040653
4.939999999999678,0.2216412909843105,5.5700289520119384e-05,0.040070659770055285
4.949999999999677,0.22162971257778408,5.565227224922229e-05,0.04011772382816899
4.959999999999676,0.2216184112134846,5.560091677334369e-05,0.04016498299432101
4.969999999999675,0.22160748500820315,5.554803446688838e-05,0.04021210630487826
4.979999999999674,0.2215969938449056,5.549592118000126e-05,0.04025881049900164
4.9899999999996725,0.22158712416453424,5.5444648079212325e-05,0.040304912090142225
4.999999999999671,0.2215780551920638,5.539052581565722e-05,0.04035029037522221
5.00999999999967,0.22156967464921376,5.532730144039021e-05,0.04039488241461516
5.019999999999669,0.2215618877692925,5.524935381035517e-05,0.04043867847329075
5.029999999999668,0.22155477050056016,5.515452006058249e-05,0.04048171185132144
5.039999999999667,0.22154840314249996,5.504483340765504e-05,0.040524053436840506
5.049999999999666,0.2215428638979081,5.492538900872809e-05,0.040565800134680224
5.059999999999665,0.2215382121236001,5.480258562784443e-05,0.04060705703527716
5.069999999999664,0.22153446490317805,5.468254458905814e-05,0.04064792151928266
5.079999999999663,0.22153157524060968,5.4569808534554256e-05,0.04068847677398438
5.0899999999996615,0.22152942322845418,5.4466358526680014e-05,0.040728794474634275
5.09999999999966,0.22152782617542124,5.4371263735704294e-05,0.040768939606052976
5.109999999999659,0.2215265602309803,5.428129176223976e-05,0.04080897137536564
5.119999999999658,0.22152538405542327,5.419238241245797e-05,0.04084894032806478
5.129999999999657,0.22152406002278927,5.410137030827164e-05,0.04088888582877861
5.139999999999656,0.2215223715626292,5.400745917897841e-05,0.040928835717882764
5.149999999999655,0.2215201371958701,5.391309709090486e-05,0.04096880029582636
5.159999999999654,0.22151722154144016,5.382323947906697e-05,0.04100875094094849
5.169999999999653,0.22151354225857978,5.374272662604664e-05,0.04104858841729408
5.1799999999996515,0.2215090718071516,5.367357985268297e-05,0.04108813065877608
5.1899999999996504,0.22150383401508789,5.361428385898849e-05,0.041127140533988506
5.199999999999649,0.22149789661887773,5.356130122679156e-05,0.041165404516892996
5.209999999999648,0.22149136029174837,5.351137918114251e-05,0.04120282363561433
5.219999999999647,0.22148434653107657,5.3463470105198326e-05,0.04123945255892155
5.229999999999646,0.22147700903079012,5.3419420068205716e-05,0.041275294817042986
5.239999999999645,0.22146967152048652,5.338240459805589e-05,0.04131032566192114
5.249999999999644,0.22146270226111667,5.3353660780494546e-05,0.041344787096244666
5.259999999999643,0.22145624043874312,5.332996578399689e-05,0.041379040816862854
5.269999999999642,0.22145039711676529,5.330394087508887e-05,0.04141333067386082
5.2799999999996405,0.22144535514663943,5.326688469458502e-05,0.04144776539572607
5.289999999999639,0.22144123094483156,5.32119674396392e-05,0.04148234048132952
5.299999999999638,0.22143807191959772,5.313601428354721e-05,0.04151696960270254
5.309999999999637,0.2214358690696559,5.3039754379907064e-05,0.04155152294765525
5.319999999999636,0.22143458012239572,5.292723946470055e-05,0.041585865140137616
5.329999999999635,0.22143415381593404,5.280480065802913e-05,0.04161988303769008
5.339999999999634,0.22143454681178443,5.267951017621008e-05,0.04165349545074549
5.349999999999633,0.2214357307752103,5.2557287240644314e-05,0.04168664705440729
5.359999999999632,0.2214376920814263,5.244124658621104e-05,0.04171929857171959
5.369999999999631,0.2214404269954036,5.233107697218855e-05,0.0417514228314895
5.3799999999996295,0.22144393462632822,5.222378759241239e-05,0.041783006489168745
5.389999999999628,0.22144820880789085,5.211537025347244e-05,0.041814044168456806
5.399999999999627,0.2214532294548744,5.2002990740594797e-05,0.04184451382787106
5.409999999999626,0.2214589551875724,5.188703710213489e-05,0.041874352671741284
5.419999999999625,0.22146531963671973,5.177135281461227e-05,0.041903464116114994
5.429999999999624,0.22147223251083287,5.1661086648702725e-05,0.04193176033482077
5.439999999999623,0.22147958471587362,5.1559831502283625e-05,0.0419592133699903
5.449999999999622,0.22148725620577694,5.146805547913973e-05,0.041985889077309886
5.459999999999621,0.22149512559932955,5.138330557458007e-05,0.042011944590820596
5.46999999999962,0.221503077717373,5.130185346197675e-05,0.042037581735019695
5.4799999999996185,0.22151099209846936,5.122141325634486e-05,0.04206298460429435
5.489999999999617,0.2215185870397398,5.114334698382622e-05,0.04208824737787688
5.499999999999616,0.22152556924133623,5.107232131478845e-05,0.042113401592222134
5.509999999999615,0.22153193303327334,5.101330436300338e-05,0.0421384699740644
5.519999999999614,0.22153766000137967,5.096809571816408e-05,0.04216342941555687
5.529999999999613,0.22154258577875027,5.093384665156637e-05,0.04218820520445473
5.539999999999612,0.22154659203322186,5.090415035170911e-05,0.04221270147257069
5.549999999999611,0.22154962388071608,5.087140293969304e-05,0.04223682540927552
5.55999999999961,0.2215516950464024,5.0828967547657616e-05,0.04226049831227328
5.569999999999609,0.22155287941530538,5.077261224056649e-05,0.04228365454383545
5.5799999999996075,0.22155329380052166,5.070126517574491e-05,0.04230623693958481
5.589999999999606,0.22155307761411283,5.061703904114044e-05,0.04232819364052355
5.599999999999605,0.2215523742800569,5.0524358099922504e-05,0.04234947710314747
5.609999999999604,0.22155131840767947,5.042828341705893e-05,0.04237004614455566
5.619999999999603,0.221550029343836,5.033263044840895e-05,0.04238986920036014
5.629999999999602,0.22154860947902125,5.0238699628096257e-05,0.04240892605816801
5.639999999999601,0.22154714536308812,5.014490937640692e-05,0.042427215375819644
5.6499999999996,0.2215457097512807,5.004745430189014e-05,0.042444785489347485
5.659999999999599,0.22154436296353333,4.994239470917605e-05,0.0424617863777193
5.669999999999598,0.2215431528065331,4.98282978247627e-05,0.04247850599003743
5.6799999999995965,0.22154211352814338,4.9707393817690166e-05,0.04249533710622734
5.689999999999595,0.2215412651639817,4.958437725179636e-05,0.04251268335641023
5.699999999999594,0.22154061382013662,4.946387470533326e-05,0.042530841420006356
5.709999999999593,0.22154015341323216,4.934824378729973e-05,0.04254989790836011
5.719999999999592,0.221539871110663,4.923664462834316e-05,0.04256970586724772
5.729999999999591,0.22153974985088626,4.9125946883134714e-05,0.042590185869129035
5.73999999999959,0.22153978162895058,4.901340905832933e-05,0.04261122985837721
5.749999999999589,0.2215399481268289,4.889942940306362e-05,0.04263232989812828
5.759999999999588,0.22154020034839852,4.878821150770341e-05,0.042652848747266325
5.769999999999587,0.22154051627070243,4.868582197236587e-05,0.04267231681331006
5.7799999999995855,0.22154091464874948,4.859716994434125e-05,0.04269047144473195
5.789999999999584,0.22154141668036495,4.8523968420854667e-05,0.04270725551637562
5.799999999999583,0.22154203003267056,4.8464511984300925e-05,0.042722788650488425
5.809999999999582,0.22154273466246371,4.841468227542846e-05,0.04273730041905671
5.819999999999581,0.22154347747701053,4.8369280423671924e-05,0.04275104513548205
5.82999999999958,0.22154417722296013,4.832325373311681e-05,0.04276423760696276
5.839999999999579,0.22154473642872227,4.82727163413317e-05,0.0427770342023438
5.849999999999578,0.22154505526415186,4.821563328344609e-05,0.04278954668136483
5.859999999999577,0.22154504264718958,4.815195235486802e-05,0.042801860357833385
5.869999999999576,0.22154462288862758,4.8083076617330326e-05,0.04281403967757277
5.8799999999995745,0.22154373853058695,4.8010867407745684e-05,0.04282612412337588
5.889999999999573,0.2215423511452303,4.7936534995107124e-05,0.042838144734906124
5.899999999999572,0.2215404419540229,4.7859738164311526e-05,0.042850188184148555
5.909999999999571,0.2215380128715068,4.7778494951316486e-05,0.04286246838588628
5.91999999999957,0.22153508736782376,4.7690366335814195e-05,0.04287532758367965
5.929999999999569,0.2215317102015338,4.7594228080643285e-05,0.0428891312648061
5.939999999999568,0.2215279450360317,4.749127504057972e-05,0.04290412651104631
5.949999999999567,0.22152386985592792,4.738458676135072e-05,0.04292034816480266
5.959999999999566,0.22151956976842296,4.727778674205328e-05,0.042937594307356525
5.9699999999995645,0.22151512686465935,4.717351495891422e-05,0.04295550043372364
5.979999999999563,0.22151062494694554,4.707224937821179e-05,0.0429738323664086
5.989999999999562,0.22150623137433276,4.697226177077012e-05,0.042992322500720825
5.999999999999561,0.22150213035851177,4.687094608817868e-05,0.04301049222391371
6.00999999999956,0.22149836682084298,4.6766656598405996e-05,0.04302794646450625
6.019999999999559,0.2214949596473077,4.665982223433913e-05,0.043044466112792404
6.029999999999558,0.22149196395569382,4.655273751125907e-05,0.043060003758771656
6.039999999999557,0.22148940211612111,4.644844253060277e-05,0.043074656765217115
6.049999999999556,0.22148727366700904,4.6349581025802686e-05,0.04308862728735118
6.059999999999555,0.22148557053123355,4.625776913538938e-05,0.04310216607829086
6.0699999999995535,0.22148428979114226,4.617343773212715e-05,0.043115515366149645
6.079999999999552,0.22148343882988866,4.609592197583941e-05,0.04312887360798828
6.089999999999551,0.22148303268029196,4.602368869747714e-05,0.04314239202676015
6.09999999999955,0.22148308775435743,4.5954699907824935e-05,0.043156187597150106
6.109999999999549,0.2214836158859522,4.588689718505205e-05,0.04317035140012157
6.119999999999548,0.22148462014250714,4.5818699817212156e-05,0.043184946659596345
6.129999999999547,0.22148609260809918,4.57493155177035e-05,0.043200004256958593
6.139999999999546,0.22148801341248628,4.567867866087665e-05,0.04321552646577302
6.149999999999545,0.2214903500980522,4.56070410754086e-05,0.043231494760810105
6.159999999999544,0.22149305736635114,4.55344328976819e-05,0.04324786090742107
6.1699999999995425,0.2214960778042264,4.546032021498443e-05,0.04326451612093728
6.179999999999541,0.221499343820888,4.538372089131476e-05,0.043281270108372856
6.18999999999954,0.22150278076200472,4.530368689631502e-05,0.0432978683263806
6.199999999999539,0.2215063111865122,4.5219788548865035e-05,0.04331405260007177
6.209999999999538,0.22150986065505146,4.513234809951018e-05,0.0433296372753145
6.219999999999537,0.2215133646460154,4.504240175480885e-05,0.043344535452396964
6.229999999999536,0.22151676498918904,4.4951418243036155e-05,0.04335869046183215
6.239999999999535,0.22151991500340037,4.486084830270795e-05,0.04337223240016523
6.249999999999534,0.2215226675571899,4.4771676333754107e-05,0.04338555647970779
6.259999999999533,0.2215250570940438,4.468415567558009e-05,0.04339907906068536
6.2699999999995315,0.2215271178162243,4.459786297402884e-05,0.043413120914453325
6.27999999999953,0.221528801746347,4.4512062142945646e-05,0.04342789647498609
6.289999999999529,0.2215300915364001,4.442614270502784e-05,0.043443512462137235
6.299999999999528,0.2215310010829299,4.4339846480811786e-05,0.04345997258254439
6.309999999999527,0.22153156743199112,4.425322444353696e-05,0.04347719925257623
6.319999999999526,0.22153183929101056,4.4166506576520264e-05,0.04349507171038546
6.329999999999525,0.22153186819639914,4.408007387820286e-05,0.04351346512195595
6.339999999999524,0.22153170421914162,4.399454725907781e-05,0.04353227309460591
6.349999999999523,0.22153139473565722,4.3910854173515005e-05,0.043551410155169376
6.359999999999522,0.2215309850228695,4.38301308778701e-05,0.04357080413670017
6.3699999999995205,0.22153051960764547,4.375346086080142e-05,0.04359039030931052
6.379999999999519,0.221530043295468,4.368157653089874e-05,0.04361011135230899
6.389999999999518,0.2215296012618204,4.361451982728387e-05,0.043629904985521994
6.399999999999517,0.2215292378636262,4.355127750470675e-05,0.043649655732123524
6.409999999999516,0.22152899414019403,4.3489808935381885e-05,0.043669134920501056
6.419999999999515,0.22152890456090474,4.342767744323172e-05,0.043687991746181064
6.429999999999514,0.22152899417085883,4.3362805798110626e-05,0.0437058350869782
6.439999999999513,0.2215292772946589,4.329378301205281e-05,0.04372235646121751
6.449999999999512,0.22152975778412823,4.321967537159595e-05,0.043737435965664116
6.459999999999511,0.2215304304911313,4.313970532064277e-05,0.04375120653718303
6.4699999999995095,0.2215312838514953,4.305302951636021e-05,0.043764017081012234
6.479999999999508,0.221532298625737,4.295880683236337e-05,0.043776100268159174
6.489999999999507,0.2215334598299923,4.285686397675236e-05,0.043787780023620326
6.499999999999506,0.2215347370149834,4.2748715635919296e-05,0.04379973738403388
6.509999999999505,0.22153606149364663,4.263800548143102e-05,0.04381263029482501
6.519999999999504,0.22153737910018312,4.252970519285827e-05,0.043826903818781224
6.529999999999503,0.22153866392384727,4.242851748419691e-05,0.04384276686990485
6.539999999999502,0.2215398867624808,4.23375496909317e-05,0.04386020864459381
6.549999999999501,0.221541009887454,4.225779545028082e-05,0.0438790387340582
6.5599999999995,0.22154198604004469,4.2188184929755764e-05,0.043898958576513325
6.5699999999994985,0.22154276212180019,4.2125888402282764e-05,0.04391964398864193
6.579999999999497,0.22154328475121665,4.206692699784903e-05,0.043940803818121474
6.589999999999496,0.2215435054646816,4.200724187096559e-05,0.04396219685608707
6.599999999999495,0.22154338400458087,4.1944043352697975e-05,0.043983622532398896
6.609999999999494,0.2215428891184252,4.1876867609674944e-05,0.0440049107656134
6.619999999999493,0.221541997816599,4.1807720014155775e-05,0.04402592233358044
6.629999999999492,0.2215406943587917,4.1740178910523925e-05,0.044046554290834414
6.639999999999491,0.22153897017689694,4.16779646029891e-05,0.04406672768119685
6.64999999999949,0.22153682553618373,4.162325635696374e-05,0.044086344156579825
6.6599999999994886,0.2215342724677365,4.157525768142167e-05,0.044105246481774614
6.6699999999994874,0.22153133752576998,4.153027870109719e-05,0.044123235061244416
6.679999999999486,0.22152806282082327,4.14835740168776e-05,0.04414014664325752
6.689999999999485,0.22152450415799615,4.143150839315808e-05,0.0441559367150647
6.699999999999484,0.22152072637849649,4.137264031185197e-05,0.04417071843667058
6.709999999999483,0.22151679623086637,4.130753461900861e-05,0.04418475389979543
6.719999999999482,0.22151277387555465,4.1237561396061384e-05,0.04419840340323328
6.729999999999481,0.22150871813477133,4.1162941608884095e-05,0.0442119470075396
6.73999999999948,0.22150476391332427,4.108138923152091e-05,0.04422551252009561
6.749999999999479,0.22150106278830978,4.098894773875591e-05,0.044239281897625944
6.7599999999994775,0.22149764068590758,4.088277360901469e-05,0.04425351824432295
6.769999999999476,0.22149451380062182,4.076370227867126e-05,0.04426841349709007
6.779999999999475,0.22149175020089945,4.063664543341906e-05,0.04428404090727636
6.789999999999474,0.22148939860693323,4.050885856555553e-05,0.044300357901986144
6.799999999999473,0.2214874918445864,4.03875760374947e-05,0.04431723103336955
6.809999999999472,0.22148605177893768,4.027820378164608e-05,0.04433448324805709
6.819999999999471,0.22148509181235468,4.018326102959191e-05,0.04435194109365709
6.82999999999947,0.22148461588611393,4.010193058747374e-05,0.044369456527668154
6.839999999999469,0.22148461597776672,4.0030347671571425e-05,0.044386901713676354
6.849999999999468,0.22148507117326388,3.996284406397965e-05,0.04440415785073277
6.8599999999994665,0.22148594877984262,3.989394656870524e-05,0.04442111443444576
6.869999999999465,0.22148720648644482,3.982032750594208e-05,0.04443767805094969
6.879999999999464,0.22148879485054143,3.974180984221133e-05,0.044453780493712826
6.889999999999463,0.22149065942667534,3.96614009350757e-05,0.04446938358846339
6.899999999999462,0.22149274220724516,3.9584350549784315e-05,0.04448449312205046
6.909999999999461,0.22149498281276137,3.951569146376385e-05,0.04449918601223237
6.91999999999946,0.22149732004348197,3.9457377665351376e-05,0.04451363028209881
6.929999999999459,0.2214996939896654,3.940735276309314e-05,0.044528065609424426
6.939999999999458,0.22150204867819132,3.936122867804346e-05,0.04454274703910641
6.949999999999457,0.22150433519588372,3.931512985391866e-05,0.044557865512028894
6.9599999999994555,0.22150651521366707,3.926783195656528e-05,0.044573473127808655
6.969999999999454,0.22150856413551806,3.9221265103577046e-05,0.04458946519473928
6.979999999999453,0.22151046812286612,3.917882365906513e-05,0.04460577730131531
6.989999999999452,0.221512167721353,3.9141840907320546e-05,0.04462234689128487
6.999999999999451,0.22151360751282795,3.91066451974834e-05,0.04463888561280271
7.00999999999945,0.22151483737041006,3.906484026961908e-05,0.04465502666016134
7.019999999999449,0.22151590237049557,3.900689984513167e-05,0.0446705091129078
7.029999999999448,0.22151679315758438,3.892643259006605e-05,0.04468520379236586
7.039999999999447,0.22151750891599378,3.882235894407542e-05,0.04469909446486344
7.049999999999446,0.22151805798826127,3.869848950693159e-05,0.04471225360294225
7.0599999999994445,0.22151845695857475,3.8561804989886136e-05,0.04472481001322703
7.069999999999443,0.2215187297323146,3.842058112635436e-05,0.04473691129252071
7.079999999999442,0.2215189079946807,3.8282573891431695e-05,0.04474869030789698
7.089999999999441,0.2215190318493257,3.8153247525151836e-05,0.044760247660299284
7.09999999999944,0.221519148796239,3.803444896260616e-05,0.044771653813346086
7.109999999999439,0.2215193114907171,3.792420115160358e-05,0.044782961045534184
7.119999999999438,0.22151957515268586,3.781793405061746e-05,0.044794212043371834
7.129999999999437,0.22151999477106857,3.771066781876137e-05,0.04480544108964233
7.139999999999436,0.22152062193337274,3.759933744181678e-05,0.04481668754482611
7.149999999999435,0.221521500999276,3.7484737116005416e-05,0.04482804349740945
7.1599999999994335,0.22152266487678032,3.737181962465408e-05,0.04483970282178081
7.169999999999432,0.22152413135295365,3.726722338300625e-05,0.04485194794840644
7.179999999999431,0.22152590111417897,3.7175510821186236e-05,0.04486505519272023
7.18999999999943,0.22152795821103574,3.7097025590551e-05,0.0448791809559492
7.199999999999429,0.22153027273692003,3.702862400781401e-05,0.04489429095360273
7.209999999999428,0.22153280540432665,3.69660810135764e-05,0.044910149865769695
7.219999999999427,0.22153551301168722,3.6906819757670994e-05,0.04492637840888564
7.229999999999426,0.22153834413707785,3.6851942361166047e-05,0.04494267307368083
7.239999999999425,0.22154119058874142,3.6805757522755757e-05,0.0449588492647088
7.249999999999424,0.2215439261188816,3.677230438126621e-05,0.044974625297036
7.2599999999994225,0.22154650043389623,3.6751235652344265e-05,0.04498966881884956
7.269999999999421,0.22154887203921794,3.673627543846219e-05,0.045003763087316406
7.27999999999942,0.22155097074006966,3.671726918377114e-05,0.04501683420344041
7.289999999999419,0.2215527432355812,3.6683973550780744e-05,0.04502893209692661
7.299999999999418,0.22155415246096438,3.662910669305401e-05,0.04504020056293049
7.309999999999417,0.22155517456350352,3.6549745221029924e-05,0.0450508343841189
7.319999999999416,0.22155579555793972,3.644751327266442e-05,0.0450610360643633
7.329999999999415,0.22155600869826927,3.632798527014068e-05,0.04507098780312542
7.339999999999414,0.2215558130642652,3.619924140512565e-05,0.045080844483982904
7.349999999999413,0.22155521269126066,3.606958505130348e-05,0.045090739561420755
7.3599999999994115,0.22155421575646436,3.594502000919541e-05,0.04510079068534217
7.36999999999941,0.2215528340633261,3.5827570759099056e-05,0.045111098796114864
7.379999999999409,0.22155108302312732,3.571524087061777e-05,0.045121744130242
7.389999999999408,0.22154898243603635,3.5603318280474816e-05,0.04513278869020601
7.399999999999407,0.22154655820830102,3.548673392095801e-05,0.045144284273123954
7.409999999999406,0.2215438442728387,3.5363164851562556e-05,0.04515626505515047
7.419999999999405,0.22154088354974388,3.5234843680458254e-05,0.045168711277835144
7.429999999999404,0.22153772719282677,3.510730270068185e-05,0.04518151149771027
7.439999999999403,0.22153443194301348,3.49860579192577e-05,0.04519446176490096
7.4499999999994015,0.22153105592317887,3.487371102594661e-05,0.045207321013993634
7.4599999999994,0.22152765327649884,3.4768924741047995e-05,0.0452198920189224
7.469999999999399,0.22152426920261456,3.466749104026139e-05,0.045232063690814166
7.479999999999398,0.22152094500021283,3.4565433934005135e-05,0.04524371850488317
7.489999999999397,0.22151779346176695,3.4462653965802155e-05,0.04525477301496482
7.499999999999396,0.22151493260227473,3.436424035839262e-05,0.045265342485469304
7.509999999999395,0.22151234596270322,3.4278031330456444e-05,0.04527565681896351
7.519999999999394,0.2215100206586944,3.42101056040391e-05,0.04528590656070694
7.529999999999393,0.2215080116448376,3.41614435533655e-05,0.04529620451372121
7.539999999999392,0.22150635750856215,3.412761368218139e-05,0.045306595849943496
7.5499999999993905,0.22150507722852472,3.410078962113291e-05,0.04531707177127445
7.559999999999389,0.2215041699779564,3.407233205045875e-05,0.04532758946212203
7.569999999999388,0.22150361685345085,3.4034897707669295e-05,0.04533809695125437
7.579999999999387,0.2215033830667418,3.398392003339879e-05,0.045348555741242684
7.589999999999386,0.22150342078033916,3.391841104212155e-05,0.04535895194742706
7.599999999999385,0.22150367326369677,3.3840816138478286e-05,0.04536929302263475
7.609999999999384,0.22150407924887988,3.375575576661762e-05,0.045379597171370516
7.619999999999383,0.22150457646183794,3.3668006140836005e-05,0.045389885439782264
7.629999999999382,0.2215051042823018,3.358057448072561e-05,0.04540018007205262
7.639999999999381,0.22150560580286888,3.349347941228888e-05,0.04541049528445304
7.6499999999993795,0.22150602974331185,3.3403558934267134e-05,0.04542080133351506
7.659999999999378,0.22150633256650223,3.330604687751556e-05,0.045430978833914504
7.669999999999377,0.22150648067215387,3.319762700466258e-05,0.045440808091087234
7.679999999999376,0.22150645211175193,3.307880270943174e-05,0.045450023604193396
7.689999999999375,0.22150623720603685,3.295376903480534e-05,0.04545840562089727
7.699999999999374,0.2215058380181363,3.282807067406451e-05,0.04546587188001475
7.709999999999373,0.22150526663817477,3.2705819439561026e-05,0.04547252809017319
7.719999999999372,0.22150454206247705,3.258778456228328e-05,0.04547864129364436
7.729999999999371,0.2215036909475007,3.247121745447163e-05,0.045484362825263566
7.73999999999937,0.22150275662205274,3.235203176200912e-05,0.04548974551612565
7.7499999999993685,0.22150179451444268,3.2228223027761546e-05,0.045495050947102315
7.759999999999367,0.22150085131796096,3.2102048095450554e-05,0.04550060729462108
7.769999999999366,0.22149996264349595,3.197938815403892e-05,0.045506602962538424
7.779999999999365,0.22149915756461613,3.186696440885048e-05,0.045513081270377904
7.789999999999364,0.22149845664476567,3.1769510916793126e-05,0.045519972244187905
7.799999999999363,0.22149787562744092,3.1688455994456914e-05,0.04552713122265537
7.809999999999362,0.221497430257255,3.1622110506759176e-05,0.04553438051360011
7.819999999999361,0.22149713985855257,3.156656027990433e-05,0.04554154645086278
7.82999999999936,0.22149702873418578,3.1516718167955214e-05,0.0455484839662096
7.839999999999359,0.22149712509574357,3.146741772873301e-05,0.04555508321151361
7.8499999999993575,0.22149745840334717,3.141448171005779e-05,0.04556126236812511
7.859999999999356,0.22149805661378608,3.1355526593974854e-05,0.04556695890089047
7.869999999999355,0.22149894397481878,3.129018149725027e-05,0.04557212703142202
7.879999999999354,0.22150013931264909,3.121959728759329e-05,0.04557673947364242
7.889999999999353,0.22150165434958535,3.1145484170464945e-05,0.045580783169898095
7.899999999999352,0.22150349158019952,3.1068956327931174e-05,0.045584246801701235
7.909999999999351,0.2215056420227427,3.0989639527315996e-05,0.04558712159966581
7.91999999999935,0.22150808376066608,3.0905843399577495e-05,0.04558943270740015
7.929999999999349,0.22151078205727456,3.0815892834934975e-05,0.04559127789330424
7.939999999999348,0.22151369143317323,3.071958426625126e-05,0.04559283714309516
7.9499999999993465,0.2215167594834445,3.0618677012109985e-05,0.04559433237291471
7.959999999999345,0.2215199322327267,3.0516313274160882e-05,0.045595954828582384
7.969999999999344,0.22152316002182165,3.041578206462801e-05,0.045597812114916286
7.979999999999343,0.22152639298634758,3.0319004567195508e-05,0.04560000885480037
7.989999999999342,0.22152950967680024,3.0225511129542343e-05,0.045602613938171804
7.999999999999341,0.22153237967264777,3.0132695335288377e-05,0.04560547422360431
8.009999999999344,0.22153499941413904,3.0037283496359974e-05,0.04560827479572541
8.019999999999348,0.22153736799234325,2.9937099770883346e-05,0.04561071354741077
8.029999999999351,0.22153942688619233,2.98320553119031e-05,0.045612568848929065
8.039999999999354,0.22154113728687072,2.9723962001158255e-05,0.04561371876808517
8.049999999999358,0.22154248061715934,2.9615631948188962e-05,0.04561414288494646
8.059999999999361,0.22154345505300746,2.950996028153276e-05,0.045613895132163365
8.069999999999364,0.22154407081849506,2.9409312691020492e-05,0.04561305760835494
8.079999999999368,0.22154434669411927,2.9315173496957906e-05,0.04561170189054493
8.089999999999371,0.22154430806557449,2.922795597433954e-05,0.045609874852059605
8.099999999999374,0.2215439853682689,2.9146983619335615e-05,0.04560760397898705
8.109999999999378,0.22154341268757158,2.9070722968707698e-05,0.04560490821557175
8.119999999999381,0.2215426266964132,2.899729466789007e-05,0.04560180345911435
8.129999999999384,0.22154166582295673,2.892508210973131e-05,0.04559830140518975
8.139999999999388,0.2215405696106013,2.8853058626408954e-05,0.04559442123268708
8.149999999999391,0.22153937817049318,2.8780732241110457e-05,0.045590239193500845
8.159999999999394,0.22153813137486145,2.8707876322123063e-05,0.045585956345143314
8.169999999999398,0.22153686754854318,2.86341370577988e-05,0.045581923485604546
8.179999999999401,0.22153562184454872,2.8558714609618065e-05,0.04557857123688611
8.189999999999404,0.2215344247064828,2.848036941945983e-05,0.045576280584950654
8.199999999999408,0.2215333005481694,2.839777139530105e-05,0.045575251739692464
8.209999999999411,0.22153226669916076,2.8309989664130763e-05,0.045575420691841784
8.219999999999414,0.2215313331623381,2.821696123795399e-05,0.04557649102192811
8.229999999999418,0.22153050399450655,2.81198415731591e-05,0.04557826408899823
8.239999999999421,0.221529804619444,2.8021013877300837e-05,0.04558056896253373
8.249999999999424,0.22152925426034373,2.792352904575667e-05,0.045582876952040656
8.259999999999428,0.22152881621432943,2.783006671934591e-05,0.04558454232658192
8.269999999999431,0.221528461040451,2.7741968568711747e-05,0.04558512007518084
8.279999999999434,0.22152819197680482,2.7658978054076556e-05,0.04558440060287546
8.289999999999438,0.22152800805843756,2.757974322348611e-05,0.04558239123291438
8.299999999999441,0.22152790088083704,2.750252032217455e-05,0.045579274393188686
8.309999999999444,0.22152785307317402,2.7425598322983615e-05,0.04557533445806944
8.319999999999448,0.22152783884981758,2.7347501644790453e-05,0.045570872721772446
8.329999999999451,0.221527825697762,2.7267275383231618e-05,0.04556614656088302
8.339999999999455,0.22152777681601002,2.718492452408125e-05,0.045561353479533384
8.349999999999458,0.22152765401340635,2.7101739775197305e-05,0.0455566448143551
8.359999999999461,0.2215274201801689,2.7020162511666588e-05,0.045552140502102496
8.369999999999465,0.22152704099506465,2.6943104745270237e-05,0.04554793115878563
8.379999999999468,0.22152648614175285,2.6873013487287325e-05,0.04554407301318695
8.389999999999471,0.2215257305270198,2.6810925665459983e-05,0.04554059906906514
8.399999999999475,0.2215247559634351,2.6755639836075423e-05,0.04553755927800915
8.409999999999478,0.22152355321575093,2.670370276762869e-05,0.04553505466936084
8.419999999999481,0.22152212375400446,2.665069238762472e-05,0.04553321801936511
8.429999999999485,0.22152048043728326,2.6592925277189075e-05,0.04553214132942614
8.439999999999488,0.22151864655317574,2.6528296999053827e-05,0.0455318071922203
8.449999999999491,0.22151665332522189,2.6455954563679142e-05,0.04553207397975319
8.459999999999495,0.22151453605263116,2.6375493874483414e-05,0.045532709396916775
8.469999999999498,0.22151232944781896,2.62861756015203e-05,0.04553345866514164
8.479999999999501,0.22151007074861537,2.618650347726706e-05,0.0455341651568647
8.489999999999505,0.221507841580155,2.6074958751871545e-05,0.04553472373508627
8.499999999999508,0.22150573452943492,2.5951907617947497e-05,0.04553503538916509
8.509999999999511,0.2215037739511528,2.5821195560320794e-05,0.04553508762359249
8.519999999999515,0.22150197669762076,2.568982712612671e-05,0.045534937729125854
8.529999999999518,0.2215003851117183,2.5565788392330275e-05,0.04553468521979992
8.539999999999521,0.22149902878542108,2.5455572886712505e-05,0.04553445216527892
8.549999999999525,0.22149792653853997,2.5362694031923107e-05,0.045534361603721256
8.559999999999528,0.22149708994367096,2.5287239470135077e-05,0.045534518558574724
8.569999999999531,0.22149652613431461,2.5226033185278837e-05,0.04553500098961599
8.579999999999535,0.22149623880095917,2.517335686448012e-05,0.04553586310481439
8.589999999999538,0.22149622771556926,2.512244180836515e-05,0.0455371455684293
8.599999999999541,0.22149648815435877,2.506758431413214e-05,0.045538882403538816
8.609999999999545,0.22149701085420984,2.5006119558241726e-05,0.04554109952437934
8.619999999999548,0.2214977823170535,2.49392330312924e-05,0.04554380937758718
8.629999999999551,0.2214987852430593,2.487117373980488e-05,0.04554700842930569
8.639999999999555,0.2214999987728973,2.4807525777958407e-05,0.045550671470955595
8.649999999999558,0.22150139833423235,2.4752887646914277e-05,0.04555472529221672
8.659999999999561,0.2215029554026155,2.4708323061554106e-05,0.04555900634619321
8.669999999999565,0.22150463769975814,2.4670480371197443e-05,0.04556323980240453
8.679999999999568,0.2215064101017532,2.4633477628861432e-05,0.045567081428091835
8.689999999999571,0.22150823628799246,2.459205283777768e-05,0.045570206093808054
8.699999999999575,0.2215100810055812,2.454376018621237e-05,0.04557240413551552
8.709999999999578,0.22151191284238456,2.4489356705048937e-05,0.04557365456618511
8.719999999999581,0.22151370687880592,2.4431432024434372e-05,0.045574101600374235
8.729999999999585,0.2215154422854077,2.4371436382154283e-05,0.04557384331082483
8.739999999999588,0.22151706096429868,2.4306806218196367e-05,0.0455731078337947
8.749999999999591,0.22151850452203642,2.4230912260084233e-05,0.045572478170053575
8.759999999999595,0.2215197906968401,2.4136520317918634e-05,0.04557256851748153
8.769999999999598,0.22152093539918996,2.4020283057700197e-05,0.04557380583158983
8.779999999999601,0.22152191698484358,2.3884950936160992e-05,0.04557642555991367
8.789999999999605,0.22152272282835084,2.3738246799450517e-05,0.04558048207868176
8.799999999999608,0.22152335045378013,2.3589961061846778e-05,0.045585872262584974
8.809999999999611,0.2215238067931225,2.3449193209721722e-05,0.04559238540961316
8.819999999999615,0.22152410659023217,2.3322400557005975e-05,0.04559977036256313
8.829999999999618,0.22152427112977482,2.3212123648015947e-05,0.04560779215261263
8.839999999999621,0.22152432712855605,2.3116495740506527e-05,0.04561625643823679
8.849999999999625,0.2215243051374213,2.3029972985338426e-05,0.04562500637227275
8.859999999999628,0.22152423780680833,2.2945406172467728e-05,0.04563391152748672
8.869999999999632,0.22152415839533474,2.2856750948650085e-05,0.04564286318479096
8.879999999999635,0.22152409947332147,2.2761214848347173e-05,0.04565177639531754
8.889999999999638,0.22152409166312106,2.266041725948438e-05,0.04566057541449896
8.899999999999642,0.22152416220906074,2.2560316374880708e-05,0.04566914081087923
8.909999999999645,0.2215243333371976,2.2468729616126897e-05,0.04567725293330309
8.919999999999648,0.22152462068230605,2.23911071371287e-05,0.045684598664759817
8.929999999999652,0.22152503225770015,2.232775899137135e-05,0.045690865833463656
8.939999999999655,0.22152556837461906,2.227462538718843e-05,0.045695861076326956
8.949999999999658,0.2215262224579094,2.2226604450010037e-05,0.04569959421803379
8.959999999999662,0.22152698265212678,2.218085780946309e-05,0.04570230996597673
8.969999999999665,0.22152783403281767,2.2138526098759352e-05,0.04570443863123144
8.979999999999668,0.22152875736520425,2.2103878176930387e-05,0.045706248508989876
8.989999999999672,0.22152971670926305,2.2080420124443696e-05,0.045707933209713156
8.999999999999675,0.22153066803902116,2.2066182834246703e-05,0.04570996777936668
9.009999999999678,0.22153158413958227,2.205203356179874e-05,0.045712880784303224
9.019999999999682,0.22153244345558992,2.2024679116735193e-05,0.045717027643058336
9.029999999999685,0.22153322125638794,2.1972137442295103e-05,0.04572256181685876
9.039999999999688,0.2215338981782567,2.1887904670240368e-05,0.04572944579965985
9.049999999999692,0.22153445877777017,2.177206183706378e-05,0.04573748898461427
9.059999999999695,0.22153488966867266,2.1630225783099283e-05,0.045746416164397306
9.069999999999698,0.22153517830282993,2.1471747542292694e-05,0.04575594201766938
9.079999999999702,0.2215353126104355,2.1307561797567737e-05,0.04576581718281912
9.089999999999705,0.22153528142897563,2.1147604451129255e-05,0.045775834868736924
9.099999999999708,0.22153507522415822,2.099821385614774e-05,0.04578581857898133
9.109999999999712,0.221534686619366,2.0860544815357627e-05,0.04579561472799881
9.119999999999715,0.22153411071350956,2.073092592962309e-05,0.04580509676418893
9.129999999999718,0.22153334535121116,2.060307989075846e-05,0.04581417230709928
9.139999999999722,0.2215323916282193,2.0471151692810535e-05,0.04582277764767084
9.149999999999725,0.2215312548476592,2.0332887248923482e-05,0.045830857636418885
9.159999999999728,0.221529945663953,2.0191644308647058e-05,0.045838356131452894
9.169999999999732,0.2215284808355395,2.005499092670451e-05,0.0458452395019599
9.179999999999735,0.22152688311543392,1.9930330938417248e-05,0.045851538165179416
9.189999999999738,0.22152518005337543,1.9820974087651912e-05,0.045857368591828804
9.199999999999742,0.22152340184863634,1.972526981243661e-05,0.04586291026704438
9.209999999999745,0.22152157841257367,1.9638427227013658e-05,0.04586835341837118
9.219999999999748,0.2215197362915733,1.955579637915374e-05,0.04587385797530285
9.229999999999752,0.22151790129147897,1.947658779254225e-05,0.04587957109550207
9.239999999999755,0.2215161363004602,1.9405459082920714e-05,0.04588556761642278
9.249999999999758,0.22151450902513212,1.934984306584672e-05,0.04589178938138892
9.259999999999762,0.2215130214989068,1.9314464541760997e-05,0.045898138659652546
9.269999999999765,0.22151167425550214,1.929713440446674e-05,0.045904540543275064
9.279999999999768,0.2215104976237274,1.9288738123833487e-05,0.04591093584094216
9.289999999999772,0.22150951236840966,1.9276737094120996e-05,0.045917272823196395
9.299999999999775,0.22150872937715566,1.9249343155649504e-05,0.04592350780112777
9.309999999999778,0.22150815087372794,1.9198409931409325e-05,0.04592961193639003
9.319999999999782,0.2215077720346212,1.9120877130489727e-05,0.04593557349791132
9.329999999999785,0.22150758212115987,1.9019125193891683e-05,0.04594138825136026
9.339999999999788,0.22150756525885112,1.8900161463449675e-05,0.04594704525808747
9.349999999999792,0.22150770153294863,1.8773444456555318e-05,0.04595252171318777
9.359999999999795,0.2215079682890664,1.864775412868127e-05,0.045957789596440334
9.369999999999798,0.2215083412896099,1.8528317304257162e-05,0.045962825535924144
9.379999999999802,0.2215087956598862,1.8415474231645912e-05,0.04596761566362997
9.389999999999805,0.22150930661238888,1.8304986377906223e-05,0.045972165574894176
9.399999999999809,0.2215098500221575,1.8189942449580265e-05,0.04597653584474397
9.409999999999812,0.22151040304608632,1.8064588797544855e-05,0.04598088772798747
9.419999999999815,0.22151094489463605,1.792808720884035e-05,0.04598549021744156
9.429999999999819,0.22151145765110172,1.7785075034562714e-05,0.04599065640531965
9.439999999999822,0.2215119269478744,1.7642651378353984e-05,0.045996643655576576
9.449999999999825,0.2215123424610383,1.750623712781884e-05,0.046003556702657225
9.459999999999829,0.2215126982010277,1.7376863723281564e-05,0.046011288986003464
9.469999999999832,0.22151299236428484,1.7250935354174277e-05,0.04601954360487449
9.479999999999835,0.22151322690496475,1.7122930500885866e-05,0.0460281274442194
9.489999999999839,0.22151339770285874,1.6990165199553376e-05,0.046036897646199434
9.499999999999842,0.22151350434469994,1.6856338239456923e-05,0.046045455087823116
9.509999999999845,0.2215135669010413,1.673084163127687e-05,0.04605334098717701
9.519999999999849,0.22151360155968525,1.662416599575994e-05,0.046060253037180345
9.529999999999852,0.22151361136146924,1.6542778284410624e-05,0.046066063910235856
9.539999999999855,0.22151359982094834,1.6486703504544578e-05,0.04607079721414341
9.549999999999859,0.2215135723502751,1.6450320473840922e-05,0.04607459136243144
9.559999999999862,0.2215135373398578,1.642475420955948e-05,0.04607765067125544
9.569999999999865,0.22151350654342614,1.6400358391348007e-05,0.0460801946311672
9.579999999999869,0.22151349493915762,1.6368823594844782e-05,0.04608242086577598
9.589999999999872,0.22151351999168348,1.6324847178520473e-05,0.04608449129822868
9.599999999999875,0.22151360037768386,1.6267056933491144e-05,0.04608653720291249
9.609999999999879,0.2215137547005212,1.619773920761362e-05,0.04608866896636233
9.619999999999882,0.22151400046500502,1.612128749935659e-05,0.04609097967761812
9.629999999999885,0.22151435325006177,1.6041994884707052e-05,0.0460935430067256
9.639999999999889,0.22151482586773377,1.596205566098133e-05,0.04609642284151016
9.649999999999892,0.22151542728851403,1.588028721999984e-05,0.04609970659534673
9.659999999999895,0.2215161614221516,1.579251369964302e-05,0.04610353027295936
9.669999999999899,0.22151702613819144,1.5694197132877048e-05,0.046108050235185966
9.679999999999902,0.22151801293848744,1.5583688465299757e-05,0.046113366245718136
9.689999999999905,0.22151910755006532,1.5463585639376757e-05,0.04611945320535281
9.699999999999909,0.2215202913519576,1.5339364043604794e-05,0.04612615041170323
9.709999999999912,0.22152154353791675,1.5216618924783836e-05,0.04613320253865567
9.719999999999915,0.2215228436435441,1.5098354729154693e-05,0.04614032392237959
9.729999999999919,0.22152416971267488,1.4983351184908387e-05,0.046147272511334915
9.739999999999922,0.22152547301319891,1.4866939364929016e-05,0.04615386975387923
9.749999999999925,0.22152669925822135,1.4744200096769801e-05,0.04615999243065687
9.759999999999929,0.22152783699580292,1.4613499165215283e-05,0.04616557947598276
9.769999999999932,0.22152887787118056,1.4477920728633388e-05,0.04617062170453019
9.779999999999935,0.2215297959856558,1.4343864912707552e-05,0.04617515197932902
9.789999999999939,0.22153057308640678,1.4218203873170323e-05,0.04617923715422233
9.799999999999942,0.22153119812286265,1.4105967113880972e-05,0.0461829659605439
9.809999999999945,0.2215316655848206,1.400937440346057e-05,0.04618643460469738
9.819999999999949,0.2215319737783009,1.3927832514738436e-05,0.04618973674259081
9.829999999999952,0.22153212377007614,1.3858357120448665e-05,0.04619296176031071
9.839999999999955,0.22153211903586162,1.3796283814367658e-05,0.046196198092796084
9.849999999999959,0.2215319652691886,1.3736320952468304e-05,0.04619953450919604
9.859999999999962,0.2215316701119294,1.36738280307567e-05,0.04620305612650556
9.869999999999965,0.22153124289052986,1.3605915603134886e-05,0.04620683827274548
9.879999999999969,0.22153069441175055,1.3531894504015797e-05,0.04621094294924446
9.889999999999972,0.22153003692281867,1.3452983390320754e-05,0.046215414199974734
9.899999999999975,0.2215292842900884,1.3371376946343972e-05,0.04622025874242428
9.909999999999979,0.22152845219482828,1.3288799813956519e-05,0.04622541101535435
9.919999999999982,0.2215275580560336,1.320537476462238e-05,0.046230705562550496
9.929999999999986,0.22152662055020567,1.3119778765826153e-05,0.046235893639479615
9.939999999999989,0.2215256587478868,1.3030534288708195e-05,0.046240706758288876
9.949999999999992,0.22152469094593538,1.2937347289054815e-05,0.04624494872986315
9.959999999999996,0.221523733263088,1.2841663499770078e-05,0.04624857408484089
9.969999999999999,0.22152279838601469,1.274634084881915e-05,0.04625169553994828
9.980000000000002,0.22152189687632948,1.2654498863811091e-05,0.046254324599110906
9.990000000000006,0.22152105906245725,1.256787333256194e-05,0.04625644738409118
10.000000000000009,0.22152031530509206,1.2485605021409315e-05,0.0462583391873115
10.010000000000012,0.22151965564916115,1.2404354099887248e-05,0.0462603684854754
10.020000000000016,0.22151907173758087,1.2319794827863904e-05,0.04626277894240478
10.030000000000019,0.22151857565661942,1.2228554420554073e-05,0.04626567501804028
10.040000000000022,0.22151817470735963,1.2129417986036046e-05,0.046269044745783486
10.050000000000026,0.22151787040000726,1.2023373969756727e-05,0.0462727907393695
10.060000000000029,0.2215176585138346,1.1912948620616196e-05,0.046276769765864985
10.070000000000032,0.22151752986311976,1.1801435130040045e-05,0.04628083404006686
10.080000000000036,0.2215174711636263,1.1692251449739917e-05,0.04628486263404674
10.090000000000039,0.22151746597375963,1.1588368754498704e-05,0.04628877312860847
10.100000000000042,0.2215174958987212,1.1491765073325828e-05,0.04629251491698194
10.110000000000046,0.22151754175902022,1.1403038115558867e-05,0.04629605674434701
10.120000000000049,0.22151758450030332,1.132142755559298e-05,0.04629937988473568
10.130000000000052,0.22151760589956757,1.1245295368274749e-05,0.04630247800255207
10.140000000000056,0.22151758920219758,1.1172613053275986e-05,0.046305347049584895
10.150000000000059,0.2215175198488178,1.1101269600442967e-05,0.046307949692847204
10.160000000000062,0.2215173863331214,1.102947721825596e-05,0.04631018028681715
10.170000000000066,0.22151718103621001,1.0956034798741887e-05,0.046311875679485824
10.180000000000069,0.2215169007664836,1.0880067092448566e-05,0.046312882015251175
10.190000000000072,0.22151654676303792,1.0800469729194997e-05,0.0463131329255768
10.200000000000076,0.22151612418194383,1.0715610128191904e-05,0.046312694463332964
10.210000000000079,0.22151564110563243,1.0623551495952726e-05,0.04631175827918857
10.220000000000082,0.2215151071464457,1.0522731020849594e-05,0.04631058213772083
10.230000000000086,0.22151453415760125,1.0413018897934934e-05,0.04630940590256984
10.240000000000089,0.22151394428354318,1.0296791031189962e-05,0.04630830051905507
10.250000000000092,0.22151336423891396,1.0179127937893044e-05,0.04630725675142575
10.260000000000096,0.22151280927514755,1.0066490899926247e-05,0.046306335179959794
10.270000000000099,0.22151229103531492,9.964400195934527e-06,0.04630556525668936
10.280000000000102,0.22151182336490716,9.875610777990245e-06,0.046304905099558556
10.290000000000106,0.22151141661858148,9.799787256738976e-06,0.046304270922924155
10.300000000000109,0.22151107871269654,9.734282607698872e-06,0.046303562455437285
10.310000000000112,0.22151081650400734,9.675068686358535e-06,0.04630268042361444
10.320000000000116,0.22151063672775795,9.617507617799292e-06,0.04630153547336486
10.330000000000119,0.22151054626376346,9.55728049028091e-06,0.04630005207545974
10.340000000000122,0.22151055178386872,9.491625939200819e-06,0.04629816854945401
10.350000000000126,0.22151065915922635,9.420464906448518e-06,0.046295834003546976
10.360000000000129,0.22151087298962832,9.34669240462645e-06,0.04629300625256299
10.370000000000132,0.22151119630762758,9.275237609894271e-06,0.046289652449283444
10.380000000000136,0.22151163037321409,9.211252529348581e-06,0.04628575058506831
10.39000000000014,0.22151217438586615,9.158113130757842e-06,0.046281293888001215
10.400000000000142,0.2215128249716272,9.1155829313908e-06,0.046276309124634235
10.410000000000146,0.2215135755794227,9.079190758093036e-06,0.04627089377117689
10.42000000000015,0.2215144161034813,9.041996141901078e-06,0.046265252242928566
10.430000000000152,0.2215153329865261,8.997718560814119e-06,0.04625968601304204
10.440000000000156,0.22151630992661378,8.942844887169607e-06,0.0462545287724109
10.45000000000016,0.22151732911745547,8.876618723279323e-06,0.04625004423345935
10.460000000000163,0.221518372950608,8.799751270163165e-06,0.0462463284718424
10.470000000000166,0.22151942583318573,8.712659060575908e-06,0.04624329100696868
10.48000000000017,0.22152047271693417,8.613766832506636e-06,0.04624093080393199
10.490000000000173,0.22152147656088977,8.499539020830242e-06,0.046239165143309405
10.500000000000176,0.22152239780081268,8.367188351864861e-06,0.04623752260457662
10.51000000000018,0.22152323660401455,8.21827891871667e-06,0.0462354474518873
10.520000000000183,0.22152399387676286,8.06015284676112e-06,0.046232522280596024
10.530000000000186,0.22152465240231178,7.903973383651146e-06,0.04622850915049517
10.54000000000019,0.2215252007947662,7.76102714863704e-06,0.046223349577573854
10.550000000000193,0.22152563365433744,7.63962394974326e-06,0.04621714019714469
10.560000000000196,0.22152595067190986,7.5434616414586175e-06,0.046210075573444684
10.5700000000002,0.2215261554530365,7.471115491183181e-06,0.04620237499721184
10.580000000000203,0.2215262547030155,7.416456278087274e-06,0.046194227290173355
10.590000000000206,0.22152625774798235,7.3702622312025335e-06,0.046185773822052925
10.60000000000021,0.22152617597909993,7.323036573439976e-06,0.04617711851531893
10.610000000000213,0.221526022224684,7.268200267965795e-06,0.04616834165146509
10.620000000000216,0.2215258102003546,7.204191685589321e-06,0.04615950406529196
10.63000000000022,0.22152555404589838,7.1344774157206505e-06,0.046150644140924214
10.640000000000223,0.22152526794376645,7.066080159334403e-06,0.04614179274745029
10.650000000000226,0.22152496577737005,7.006910586252256e-06,0.04613302889017488
10.66000000000023,0.22152466072973095,6.961776183433507e-06,0.04612454293579114
10.670000000000233,0.22152436478072524,6.929537465956378e-06,0.046116640753402605
10.680000000000236,0.22152408818874095,6.904067965270294e-06,0.046109655603275866
10.69000000000024,0.2215238390873252,6.878176423971246e-06,0.046103823774841644
10.700000000000243,0.22152362321690872,6.84747975839686e-06,0.04609919161809754
10.710000000000246,0.22152344379389707,6.812146166605602e-06,0.04609558319393825
10.72000000000025,0.22152330163539086,6.775973394677267e-06,0.046092672761217424
10.730000000000253,0.2215231953567519,6.7426059471585215e-06,0.046090283983370124
10.740000000000256,0.2215231271608852,6.71055956994326e-06,0.0460881845161335
10.75000000000026,0.22152309682987592,6.671050584814461e-06,0.04608590674391015
10.760000000000263,0.22152309164773906,6.611147375075853e-06,0.046083050573741
10.770000000000266,0.22152310136693995,6.520279044671034e-06,0.046079367610081974
10.78000000000027,0.22152312380062322,6.395376295557143e-06,0.04607478493861885
10.790000000000273,0.2215231563758713,6.241659825344782e-06,0.04606937937410183
10.800000000000276,0.22152319524284655,6.069961508715987e-06,0.046063338443790465
10.81000000000028,0.221523234704051,5.893163380220925e-06,0.04605690496484804
10.820000000000283,0.22152326713751355,5.723166418019066e-06,0.04605031977417863
10.830000000000286,0.22152328322943626,5.568419884628226e-06,0.04604378527353658
10.84000000000029,0.2215232724971206,5.432062284460549e-06,0.04603745988580399
10.850000000000293,0.22152322403700447,5.311351519859223e-06,0.04603146898364321
10.860000000000296,0.22152312721240208,5.199055779804517e-06,0.04602591227270832
10.8700000000003,0.22152297216727673,5.086554137401044e-06,0.046020861874226944
10.880000000000303,0.22152275023405035,4.9673309390645765e-06,0.04601635810809646
10.890000000000306,0.22152245437823664,4.839845761994478e-06,0.04601241333735986
10.90000000000031,0.22152207981533314,4.7091469375112935e-06,0.04600902079974497
10.910000000000313,0.22152162473875497,4.585285107430962e-06,0.04600614910254949
10.920000000000316,0.22152109091592348,4.478070430803319e-06,0.04600371576427909
10.93000000000032,0.22152048389186574,4.391821790728934e-06,0.04600156670828065
10.940000000000323,0.22151981262642906,4.3241192352625635e-06,0.045999488693346795
10.950000000000326,0.2215190886140079,4.268858818172454e-06,0.04599725991738595
10.96000000000033,0.22151832454854187,4.220649128617316e-06,0.04599471418002336
10.970000000000333,0.2215175327631547,4.178299606907596e-06,0.04599176393405169
10.980000000000336,0.2215167263406034,4.1459420863626495e-06,0.04598833387035526
10.99000000000034,0.22151593434487452,4.129920280259705e-06,0.04598454340978468
11.000000000000343,0.22151518932596337,4.132497378596071e-06,0.045980737963044256
11.010000000000346,0.22151449847003338,4.147054516430129e-06,0.045977238195135266
11.02000000000035,0.22151386693719666,4.15876271959149e-06,0.04597429375913593
11.030000000000353,0.2215133100750212,4.150143102534957e-06,0.04597207681133701
11.040000000000356,0.22151283868791877,4.107310965224213e-06,0.045970677962331306
11.05000000000036,0.22151245940186587,4.023495924110645e-06,0.0459701071975323
11.060000000000363,0.221512175672678,3.899635273708889e-06,0.04597030882266848
11.070000000000366,0.22151198874094297,3.7433831378327365e-06,0.04597119093537431
11.08000000000037,0.22151189813663266,3.5671615779842736e-06,0.04597265725876108
11.090000000000373,0.22151190178149416,3.3851153904148028e-06,0.045974626464375695
11.100000000000376,0.22151199606243516,3.209251814720317e-06,0.045977034968186045
11.11000000000038,0.22151217600979595,3.0460169958870714e-06,0.04597983036820751
11.120000000000383,0.22151243550329391,2.8949495055183426e-06,0.0459829655519353
11.130000000000386,0.2215127674544316,2.7500843021339445e-06,0.04598639766539566
11.14000000000039,0.2215131638907231,2.6030653147334944e-06,0.04599007561281089
11.150000000000393,0.22151361590495036,2.4473133585254465e-06,0.04599389416798646
11.160000000000396,0.2215141135877119,2.282279784561441e-06,0.04599763753818704
11.1700000000004,0.22151464611232416,2.114419400081461e-06,0.046000971850083956
11.180000000000403,0.2215152020458766,1.953354332016029e-06,0.04600352388304846
11.190000000000406,0.2215157698756265,1.806276674731639e-06,0.04600499950633342
11.20000000000041,0.22151633870705864,1.6746244200143192e-06,0.04600528543895523
11.210000000000413,0.22151689909444677,1.5542305014492905e-06,0.0460045079909972
11.220000000000416,0.2215174437791752,1.4383752159245547e-06,0.046002990132394984
11.23000000000042,0.22151796692430845,1.3230566860395714e-06,0.04600089989872099
11.240000000000423,0.22151845118455682,1.2115246628426107e-06,0.04599855443510657
11.250000000000426,0.22151887930576963,1.1139836892744764e-06,0.04599663951678664
11.26000000000043,0.2215192578395672,1.0418512789124434e-06,0.0459957483179087
11.270000000000433,0.22151959238407307,1.0006253225299825e-06,0.0459962759825147
11.280000000000436,0.22151987644524399,9.8638263692448e-07,0.04599840362863437
11.29000000000044,0.2215201062256361,9.874541611057054e-07,0.04600211307207475
11.300000000000443,0.22152028116123618,9.889146736593336e-07,0.04600722292282049
11.310000000000446,0.2215204038787925,9.769188975973865e-07,0.046013453173566886
11.32000000000045,0.22152047979428358,9.417335450801123e-07,0.04602050048848842
11.330000000000453,0.22152051669575407,8.795467990119785e-07,0.0460280923577505
11.340000000000456,0.22152052428083763,7.929697823320075e-07,0.04603600346432183
11.35000000000046,0.2215205134986106,6.898010463365725e-07,0.046044047905788074
11.360000000000463,0.22152049586929742,5.800337004941095e-07,0.04605206989403375
11.370000000000466,0.22152048292660706,4.720897496383069e-07,0.04605994336884856
11.38000000000047,0.2215204857606822,3.6989398450473167e-07,0.04606757592954373
11.390000000000473,0.2215205145880528,2.7150884371575397e-07,0.046074895265238336
11.400000000000476,0.22152057825823665,1.6970583694936012e-07,0.04608180457474189
11.41000000000048,0.22152068368366654,5.562015886862986e-08,0.046088142163487215
11.420000000000483,0.22152083530122071,-7.577389719107594e-08,0.04609369850398576
11.430000000000486,0.22152103473841503,-2.2249083345256585e-07,0.04609829751376123
11.44000000000049,0.22152128083051245,-3.7705082627768714e-07,0.04610188186682655
11.450000000000493,0.22152156997127853,-5.311520174287337e-07,0.046104554518179824
11.460000000000496,0.22152189676715925,-6.801283919777099e-07,0.04610657216608478
11.4700000000005,0.22152225492685318,-8.252025466280259e-07,0.046108294794932926
11.480000000000503,0.22152263676394787,-9.724011702847553e-07,0.046110003750117784
11.490000000000506,0.2215230274486764,-1.1277672288155817e-06,0.04611180171708471
11.50000000000051,0.22152340927446676,-1.2916160807341209e-06,0.04611384118006478
11.510000000000513,0.22152377303225776,-1.4562035515247757e-06,0.04611638939917189
11.520000000000516,0.22152411159143798,-1.6086596056725266e-06,0.046119653291679656
11.53000000000052,0.22152441563304395,-1.7368700873229784e-06,0.046123717919189434
11.540000000000523,0.22152467817548951,-1.8341983257062621e-06,0.04612854827233423
11.550000000000527,0.22152489402790207,-1.9008621888156933e-06,0.04613401275933005
11.56000000000053,0.22152505898724315,-1.9427146006768535e-06,0.046139930733439354
11.570000000000533,0.22152516924142374,-1.9690973770115442e-06,0.046146122372994834
11.580000000000537,0.22152522113840284,-1.990587610674132e-06,0.04615243424172518
11.59000000000054,0.22152521131253106,-2.0167385852393078e-06,0.04615873660951733
11.600000000000543,0.2215251369550573,-2.054040794618919e-06,0.046164912285648216
11.610000000000547,0.22152499602917755,-2.104723567649149e-06,0.04617085411908651
11.62000000000055,0.22152478740743037,-2.167019979177649e-06,0.0461764720683683
11.630000000000553,0.2215245109779526,-2.236845048035563e-06,0.04618170067514424
11.640000000000557,0.221524167815718,-2.3100296366181954e-06,0.046186502306205336
11.65000000000056,0.2215237604947365,-2.384531503130318e-06,0.04619087561346873
11.660000000000563,0.22152329345029734,-2.461804491117656e-06,0.04619487663339683
11.670000000000567,0.22152277319509142,-2.5458192708903194e-06,0.046198639440600583
11.68000000000057,0.22152220823833998,-2.6399710400202764e-06,0.046202367266061556
11.690000000000573,0.22152160864204437,-2.7442979196953055e-06,0.04620628897276878
11.700000000000577,0.221520985261013,-2.8550383900061367e-06,0.04621058655732513
11.71000000000058,0.22152034871532636,-2.9663323660050116e-06,0.04621532348392199
11.720000000000583,0.2215197083198798,-3.0729955757259964e-06,0.04622042829420363
11.730000000000587,0.22151907299106202,-3.1734714534962494e-06,0.04622586247808869
11.74000000000059,0.22151846494342328,-3.271258516506688e-06,0.046231589013493765
11.750000000000593,0.22151790785939238,-3.3733687242895284e-06,0.04623736375286844
11.760000000000597,0.22151740132375916,-3.4864910512894653e-06,0.04624285263713641
11.7700000000006,0.22151694458910332,-3.613333652569937e-06,0.046247809347663156
11.780000000000603,0.22151654799448434,-3.7514163266048437e-06,0.04625210730836404
11.790000000000607,0.22151621839881921,-3.8945456310994575e-06,0.04625572147084994
11.80000000000061,0.22151595901663892,-4.035360263862344e-06,0.046258706493253705
11.810000000000613,0.2215157698715464,-4.167380696632023e-06,0.04626116917310197
11.820000000000617,0.22151564845117203,-4.2861984372075035e-06,0.046263236369890895
11.83000000000062,0.22151559019399072,-4.390120700603165e-06,0.04626502519095527
11.840000000000623,0.22151558882419445,-4.480411052773566e-06,0.04626662613332488
11.850000000000627,0.22151563676370553,-4.560937925734185e-06,0.04626810371356437
11.86000000000063,0.2215157255847771,-4.637056472443446e-06,0.046269506727870155
11.870000000000633,0.2215158463959963,-4.713930313180958e-06,0.04627087621294346
11.880000000000637,0.22151599015677054,-4.7949558373691755e-06,0.046272246763369704
11.89000000000064,0.221516147932369,-4.880892736900572e-06,0.04627365854627757
11.900000000000643,0.22151631112551845,-4.969909794946181e-06,0.04627520036029407
11.910000000000647,0.22151647174512645,-5.0588256703744494e-06,0.04627705516027601
11.92000000000065,0.22151662272834083,-5.145217460207751e-06,0.046279489993869986
11.930000000000653,0.22151675825434247,-5.228938177366524e-06,0.04628277112037005
11.940000000000657,0.22151687396392233,-5.311926714161063e-06,0.04628705851784266
11.95000000000066,0.22151696707336868,-5.396680919536252e-06,0.046292333464193224
11.960000000000663,0.22151703638055856,-5.484623753700829e-06,0.04629838155573904
11.970000000000667,0.22151708209832338,-5.575014855913051e-06,0.04630484675085517
11.98000000000067,0.22151710578573722,-5.664719079606916e-06,0.046311443607216535
11.990000000000673,0.2215171078260919,-5.749392632174259e-06,0.04631801830378216
12.000000000000677,0.22151709019371885,-5.825851548173943e-06,0.04632431239383895
12.01000000000068,0.22151706064345758,-5.894202397603586e-06,0.04632997748917189
12.020000000000683,0.22151702536441545,-5.958197760286623e-06,0.04633477083440368
12.030000000000687,0.22151698643655432,-6.023557317329497e-06,0.04633859812599982
12.04000000000069,0.22151694586377,-6.095553799780418e-06,0.046341494147429774
12.050000000000693,0.2215169061337793,-6.177398702365747e-06,0.04634359278683556
12.060000000000697,0.22151687065663267,-6.269841967652895e-06,0.04634508403778638
12.0700000000007,0.22151684391456036,-6.3714288590910606e-06,0.046346169843345046
12.080000000000704,0.22151683138473036,-6.478890169000386e-06,0.046347034439355984
12.090000000000707,0.22151683923727666,-6.587649699539152e-06,0.046347835711145875
12.10000000000071,0.2215168738728971,-6.692667724805337e-06,0.046348710252319056
12.110000000000714,0.22151694149178064,-6.789615357417009e-06,0.04634977907285871
12.120000000000717,0.2215170477694545,-6.87594912708022e-06,0.04635114707046264
12.13000000000072,0.22151719760244945,-6.951380129760568e-06,0.04635289904826364
12.140000000000724,0.22151739483657332,-7.0179434037405204e-06,0.04635510196634033
12.150000000000727,0.22151764189434783,-7.0797690840478926e-06,0.046357813654519686
12.16000000000073,0.22151793934224442,-7.141852872670601e-06,0.04636107757555877
12.170000000000734,0.22151828554851774,-7.208206736778292e-06,0.04636488898721587
12.180000000000737,0.2215186765870373,-7.280933702103977e-06,0.04636915747652258
12.19000000000074,0.2215191064866411,-7.360867133740943e-06,0.04637370304504465
12.200000000000744,0.22151956779438364,-7.448915581513611e-06,0.04637830368483339
12.210000000000747,0.2215200524148685,-7.546906513863823e-06,0.04638276727960529
12.22000000000075,0.2215205525790237,-7.657509785567988e-06,0.04638697242163466
12.230000000000754,0.22152106014406348,-7.783017796086827e-06,0.046390807457932934
12.240000000000757,0.22152155666755685,-7.922945022760205e-06,0.04639414093937881
12.25000000000076,0.22152202170363675,-8.071848481466832e-06,0.046396992543043476
12.260000000000764,0.2215224516435075,-8.219526838822575e-06,0.046399550484363956
12.270000000000767,0.22152284395366956,-8.354173144774477e-06,0.04640199627278614
12.28000000000077,0.22152318908605165,-8.466491799820738e-06,0.04640444766779907
12.290000000000774,0.2215234803845182,-8.552201012610054e-06,0.046406964994793985
12.300000000000777,0.22152371392412631,-8.612261589631121e-06,0.04640955960446898
12.31000000000078,0.22152388789934682,-8.651921829232628e-06,0.046412209480501614
12.320000000000784,0.2215240019998246,-8.67944398054583e-06,0.046414881866257335
12.330000000000787,0.22152405704998857,-8.70437354987475e-06,0.04641755546373166
12.34000000000079,0.22152405489745153,-8.73509479022266e-06,0.046420231902093316
12.350000000000794,0.2215239983261653,-8.776197671309797e-06,0.04642293255930618
12.360000000000797,0.2215238909205022,-8.826881656456463e-06,0.046425687433933945
12.3700000000008,0.22152373692559313,-8.8814600268072e-06,0.0464285264639001
12.380000000000804,0.2215235411267327,-8.931852707648882e-06,0.04643147761344739
12.390000000000807,0.22152330878439516,-8.97086242470659e-06,0.04643455850722337
12.40000000000081,0.22152304564028005,-8.995585897357243e-06,0.046437742244645856
12.410000000000814,0.22152275792429485,-9.009661896828626e-06,0.04644091261881447
12.420000000000817,0.221522452270396,-9.021946197926113e-06,0.04644385240214364
12.43000000000082,0.22152213551030042,-9.041988203358988e-06,0.04644629574173875
12.440000000000824,0.22152181436299326,-9.075807288048239e-06,0.04644801847786614
12.450000000000827,0.22152149504559915,-9.12459291895164e-06,0.04644893010119979
12.46000000000083,0.22152118282624447,-9.185971674602559e-06,0.04644912570382679
12.470000000000834,0.22152088164763548,-9.256904582140732e-06,0.04644886178053031
12.480000000000837,0.22152059455094647,-9.337575816372931e-06,0.046448274049367036
12.49000000000084,0.22152033098835064,-9.433485108292772e-06,0.046447396558591404
12.500000000000844,0.22152010016571846,-9.552880942887961e-06,0.046446480853407954
12.510000000000847,0.22151989764198995,-9.700678856761714e-06,0.046445854584863125
12.52000000000085,0.22151971968423936,-9.8735461382592e-06,0.04644571116900546
12.530000000000854,0.22151956962873848,-1.0059818752663083e-05,0.046446102191678995
12.540000000000857,0.22151944933290715,-1.0243634104218662e-05,0.04644696695688559
12.55000000000086,0.22151935880621368,-1.040996627431213e-05,0.04644816914514528
12.560000000000864,0.2215192961853483,-1.0548247642546788e-05,0.04644953763959578
12.570000000000867,0.22151925795346666,-1.0654358437473404e-05,0.04645090409767885
12.58000000000087,0.22151923920176736,-1.0731299797733433e-05,0.046452128665762364
12.590000000000874,0.22151923393626335,-1.0788272797526141e-05,0.046453107494310066
12.600000000000877,0.22151923549594682,-1.0837804248533742e-05,0.04645376558188438
12.61000000000088,0.2215192369684059,-1.089147812736203e-05,0.04645404716264631
12.620000000000884,0.22151923152062092,-1.0956000714989221e-05,0.04645391212944234
12.630000000000887,0.22151921266474242,-1.1031358272152364e-05,0.046453337212468235
12.64000000000089,0.22151917451104838,-1.1110930169851605e-05,0.04645231034334434
12.650000000000894,0.2215191120675451,-1.1183586106173712e-05,0.04645081329634467
12.660000000000897,0.2215190215894844,-1.1238900519942066e-05,0.04644881543165454
12.6700000000009,0.2215189009039334,-1.12729670517238e-05,0.046446301993455674
12.680000000000904,0.2215187495984117,-1.1290008124078157e-05,0.04644332000513334
12.690000000000907,0.22151856898244338,-1.1298687855256001e-05,0.04644000176300293
12.70000000000091,0.22151836183436793,-1.1306349920592535e-05,0.04643653870003971
12.710000000000914,0.22151813195394063,-1.1314976019148105e-05,0.04643311879914788
12.720000000000917,0.22151788357252322,-1.1320513335845082e-05,0.046429871672749694
12.73000000000092,0.22151762169869868,-1.1316466799685895e-05,0.04642689393760102
12.740000000000924,0.22151735628932578,-1.1300950877488553e-05,0.0464242990146014
12.750000000000927,0.22151709908162495,-1.1282396499536625e-05,0.046422046181308796
12.76000000000093,0.22151685545298758,-1.1278725260508143e-05,0.046419880318242936
12.770000000000934,0.22151662950864476,-1.1309909907899174e-05,0.04641752136050199
12.780000000000937,0.22151642723747342,-1.1389290211622926e-05,0.04641475101460106
12.79000000000094,0.22151625306664985,-1.1519189656586598e-05,0.046411434678171846
12.800000000000944,0.2215161101950349,-1.1691806538388551e-05,0.04640752836550517
12.810000000000947,0.22151600110130637,-1.1892720602082171e-05,0.04640305790847625
12.82000000000095,0.2215159279266836,-1.2104719912295006e-05,0.046398078676297
12.830000000000954,0.22151589261970872,-1.2311539210569616e-05,0.04639264052734197
12.840000000000957,0.22151589685878206,-1.2501550757905842e-05,0.04638677419644128
12.85000000000096,0.22151594190070556,-1.267057272663709e-05,0.04638049541622191
12.860000000000964,0.22151602847364055,-1.2822394916646634e-05,0.046373814719161514
12.870000000000967,0.22151615671943195,-1.2966326186675968e-05,0.046366742774137694
12.88000000000097,0.22151632615500086,-1.3112720439616786e-05,0.046359289304964205
12.890000000000974,0.2215165355945966,-1.3268157749258369e-05,0.04635147228049478
12.900000000000977,0.22151678298847388,-1.3431364115963011e-05,0.046343360424112856
12.91000000000098,0.221517065233252,-1.359243684678479e-05,0.046335134234863316
12.920000000000984,0.2215173780686863,-1.3737743863664839e-05,0.04632711249353376
12.930000000000987,0.2215177161452649,-1.3857581484666744e-05,0.046319694481055426
12.94000000000099,0.2215180732969345,-1.3950675098835863e-05,0.04631324417996047
12.950000000000994,0.2215184429917422,-1.4022898545995434e-05,0.04630796420749585
12.960000000000997,0.2215188189327427,-1.4082612812795512e-05,0.046303809520184355
12.970000000001,0.22151919567690292,-1.4135252866662206e-05,0.04630051203639422
12.980000000001004,0.22151956810513126,-1.417897316273733e-05,0.04629791695260396
12.990000000001007,0.22151992326544334,-1.4204997364106695e-05,0.04629588895407874
13.00000000000101,0.2215202474638577,-1.4204161421705651e-05,0.04629391394464009
13.010000000001014,0.22152054147691363,-1.4175402933462063e-05,0.04629135676201421
13.020000000001017,0.2215208061831712,-1.4129686727436128e-05,0.046287773448976444
13.03000000000102,0.22152103571088252,-1.4086729789034046e-05,0.04628294648980692
13.040000000001024,0.22152122620933318,-1.4067703411057887e-05,0.04627686942393726
13.050000000001027,0.2215213759684039,-1.4088847730279166e-05,0.04626970797376598
13.06000000000103,0.22152148516951925,-1.4158135076682052e-05,0.046261729698058925
13.070000000001034,0.22152155550901628,-1.4274351313684996e-05,0.046253221165566204
13.080000000001037,0.22152158991548707,-1.4427845046820648e-05,0.04624442822406713
13.09000000000104,0.22152159234827423,-1.4603104417390764e-05,0.04623553975691709
13.100000000001044,0.22152156754180252,-1.4783213850945663e-05,0.04622670043752252
13.110000000001047,0.2215215207246,-1.49550691888273e-05,0.04621802509138973
13.12000000000105,0.22152145737895323,-1.5113167413002834e-05,0.046209601083782394
13.130000000001054,0.22152138304264243,-1.5260259441982847e-05,0.04620148363422858
13.140000000001058,0.22152130314207508,-1.540540134568406e-05,0.0461937072774667
13.15000000000106,0.22152122283255146,-1.555976558812268e-05,0.04618632759007804
13.160000000001064,0.22152114681382531,-1.573023607662578e-05,0.046179459176703526
13.170000000001068,0.22152107912085545,-1.591473439061054e-05,0.046173260455760944
13.18000000000107,0.22152102293487494,-1.6103562794438736e-05,0.046167860296327946
13.190000000001074,0.22152098047010435,-1.628559797837708e-05,0.04616328201891419
13.200000000001078,0.2215209529401713,-1.645451285546386e-05,0.046159416324750596
13.21000000000108,0.22152094060219568,-1.6611590418882185e-05,0.04615604376054951
13.220000000001084,0.2215209429057452,-1.676434099407656e-05,0.04615290486467311
13.230000000001088,0.22152095848980957,-1.6920785424611045e-05,0.04614985890996254
13.240000000001091,0.22152098610630475,-1.708181144894513e-05,0.04614679034351751
13.250000000001094,0.221521023456348,-1.723730772073656e-05,0.0461435239239018
13.260000000001098,0.2215210657717053,-1.736986429630097e-05,0.04613997063702226
13.270000000001101,0.22152110925695287,-1.7463731593537008e-05,0.046136135384377795
13.280000000001104,0.22152115213946133,-1.7512645050541208e-05,0.046132087512596155
13.290000000001108,0.22152119284572827,-1.7521926884545848e-05,0.04612793975382574
13.300000000001111,0.2215212296723047,-1.7505398247254374e-05,0.046123823688212114
13.310000000001114,0.2215212605078462,-1.7480461014410097e-05,0.04611986508900372
13.320000000001118,0.2215212827208151,-1.7463676525329174e-05,0.04611616743953458
13.330000000001121,0.22152129318748273,-1.746731779398602e-05,0.046112808990426496
13.340000000001124,0.22152128845728133,-1.749699010591679e-05,0.04610985028294879
13.350000000001128,0.22152126500838368,-1.7550918322214177e-05,0.04610734140850767
13.360000000001131,0.22152121948184794,-1.762153359591865e-05,0.04610532172719283
13.370000000001134,0.22152114885546628,-1.7699096455316808e-05,0.04610381494935213
13.380000000001138,0.22152105058095778,-1.7775891289742794e-05,0.04610282630141347
13.390000000001141,0.22152092273699317,-1.784958283387527e-05,0.04610233816948066
13.400000000001144,0.2215207642466682,-1.7924854552837404e-05,0.046102288984888926
13.410000000001148,0.22152057513108392,-1.801145352807626e-05,0.04610253660778258
13.420000000001151,0.2215203567055364,-1.8118322550395222e-05,0.04610283709382746
13.430000000001154,0.2215201116255916,-1.82477769116495e-05,0.04610287773045881
13.440000000001158,0.22151984372587558,-1.8394176221562445e-05,0.046102354251248506
13.450000000001161,0.2215195576716861,-1.8547580642009937e-05,0.046101059746891805
13.460000000001164,0.22151925844726963,-1.8699155436351583e-05,0.04609895526481475
13.470000000001168,0.22151895077410097,-1.884565994026089e-05,0.046096151204191846
13.480000000001171,0.22151863954208223,-1.8991312864625698e-05,0.046092706206594725
13.490000000001174,0.22151833592699877,-1.914498046570092e-05,0.046088815909044095
13.500000000001178,0.22151805227377636,-1.9313524232160177e-05,0.04608502266081515
13.510000000001181,0.22151779053804582,-1.949583715442193e-05,0.046081892282870726
13.520000000001184,0.22151755206785792,-1.9681864075130677e-05,0.046079820974969196
13.530000000001188,0.22151734258125952,-1.985691210075661e-05,0.0460790327316858
13.540000000001191,0.22151716604565344,-2.000768578774221e-05,0.04607958731598259
13.550000000001194,0.2215170247549966,-2.0126308480521668e-05,0.04608139997663216
13.560000000001198,0.22151691967768827,-2.021139526483294e-05,0.04608428561632818
13.570000000001201,0.2215168508211046,-2.0267349364367406e-05,0.046088019804109204
13.580000000001204,0.2215168174475092,-2.0302928478137893e-05,0.0460923913159359
13.590000000001208,0.22151681815330582,-2.0329251432790937e-05,0.04609722558751235
13.600000000001211,0.2215168509447942,-2.0357229870619655e-05,0.04610238241497329
13.610000000001214,0.22151691334457033,-2.0394913465085794e-05,0.04610774551176853
13.620000000001218,0.221517002495485,-2.0445757081697953e-05,0.04611321753086965
13.630000000001221,0.22151711524872178,-2.0508596645068076e-05,0.04611872157830046
13.640000000001224,0.2215172482171121,-2.0578981910193316e-05,0.04612418699713538
13.650000000001228,0.22151739778797278,-2.0651489786902072e-05,0.04612949781662623
13.660000000001231,0.22151756013679114,-2.072279037073865e-05,0.046134436730288615
13.670000000001234,0.221517731291811,-2.0793507880160754e-05,0.04613869013049693
13.680000000001238,0.22151790726236098,-2.08670518054849e-05,0.04614194001320861
13.690000000001241,0.22151808421635866,-2.094640299134287e-05,0.04614398122609401
13.700000000001245,0.22151825869287498,-2.103147256100084e-05,0.04614480802168484
13.710000000001248,0.22151842783855977,-2.111854119833221e-05,0.046144649520532766
13.720000000001251,0.2215185895954658,-2.1201706245666257e-05,0.04614392205227304
13.730000000001255,0.22151874247250813,-2.127602436047555e-05,0.0461428778132433
13.740000000001258,0.22151888153727173,-2.134115410374946e-05,0.046141703077618154
13.750000000001261,0.22151900208469202,-2.140303232141789e-05,0.04614087976486172
13.760000000001265,0.22151910694248095,-2.1471935120579906e-05,0.04614094582561519
13.770000000001268,0.2215191984693794,-2.1557865939373288e-05,0.04614226524118131
13.780000000001271,0.22151927505339855,-2.166625104144446e-05,0.04614499898503834
13.790000000001275,0.22151933585113703,-2.1796382686091213e-05,0.0461491158872512
13.800000000001278,0.22151938101562535,-2.1942583188988994e-05,0.0461544296783786
13.810000000001281,0.2215194117393793,-2.209644699652636e-05,0.04616066679838201
13.820000000001285,0.22151943015353373,-2.224893907995239e-05,0.04616754129620674
13.830000000001288,0.2215194391907218,-2.239216616790841e-05,0.04617480247593011
13.840000000001291,0.22151944240793012,-2.2520929480048383e-05,0.046182243126390014
13.850000000001295,0.22151944373716134,-2.2633822075843408e-05,0.0461896877516046
13.860000000001298,0.22151944723695471,-2.273333201436989e-05,0.04619698453311493
13.870000000001301,0.22151945689448702,-2.2824596862755052e-05,0.04620400851174538
13.880000000001305,0.22151947646636705,-2.2913217939336166e-05,0.04621066824563008
13.890000000001308,0.22151950932545994,-2.3003218206491704e-05,0.04621689919705869
13.900000000001311,0.2215195582771042,-2.3095696113391625e-05,0.04622263981435672
13.910000000001315,0.22151962534561126,-2.318863822017375e-05,0.046227817096204715
13.920000000001318,0.22151971158029554,-2.327861234321211e-05,0.04623236920087864
13.930000000001321,0.22151981694951697,-2.3363524908597206e-05,0.04623629351104903
13.940000000001325,0.2215199403769873,-2.344436113474089e-05,0.04623967883243558
13.950000000001328,0.22152007991161818,-2.3524797995712302e-05,0.046242692205566024
13.960000000001331,0.22152023301768806,-2.360940428286722e-05,0.04624553343403461
13.970000000001335,0.22152039694831177,-2.370126518844902e-05,0.04624839269300042
13.980000000001338,0.2215205685167151,-2.379951223017917e-05,0.046251427993117024
13.990000000001341,0.2215207412413342,-2.38983022895812e-05,0.04625472146519032
14.000000000001345,0.22152090757376006,-2.398875615225443e-05,0.046258263510902245
14.010000000001348,0.2215210644450627,-2.406324691824276e-05,0.046262011022198096
14.020000000001351,0.22152120952183024,-2.411930554398646e-05,0.04626592346078113
14.030000000001355,0.22152133900065926,-2.4160542285120345e-05,0.0462699573506853
14.040000000001358,0.22152145009479352,-2.4194510468385822e-05,0.04627405957561636
14.050000000001361,0.22152154085194292,-2.422965477421638e-05,0.04627817143467355
14.060000000001365,0.22152160984725472,-2.4273154930013893e-05,0.04628224123743479
14.070000000001368,0.2215216559381112,-2.4329769681426958e-05,0.04628623301119146
14.080000000001371,0.22152167815940774,-2.4401026563796256e-05,0.046290121475883246
14.090000000001375,0.22152167575257947,-2.4484633736243992e-05,0.04629387922924072
14.100000000001378,0.22152164823734746,-2.457465768953068e-05,0.04629747066556222
14.110000000001381,0.22152159545881975,-2.4662968456080926e-05,0.04630085733669505
14.120000000001385,0.22152151760967248,-2.4741686866719598e-05,0.04630400740242628
14.130000000001388,0.22152141524430757,-2.480561406534048e-05,0.04630690076029868
14.140000000001391,0.22152128931767026,-2.485409748559765e-05,0.04630953776927924
14.150000000001395,0.22152114127297742,-2.4892031736154454e-05,0.046311970443505796
14.160000000001398,0.2215209731443246,-2.4928463283889827e-05,0.0463143444187542
14.170000000001401,0.22152078760724248,-2.497258866905435e-05,0.04631690837030379
14.180000000001405,0.22152058793035034,-2.503003764731911e-05,0.046319959172395404
14.190000000001408,0.22152037781116624,-2.5102190762981706e-05,0.046323750690170584
14.200000000001411,0.2215201611122451,-2.5188290123137726e-05,0.04632839928008217
14.210000000001415,0.22151994151369395,-2.528804481044247e-05,0.046333821903587716
14.220000000001418,0.2215197221608493,-2.540341599508288e-05,0.046339751457798575
14.230000000001422,0.22151950597281608,-2.5538772455566147e-05,0.04634601957819246
14.240000000001425,0.22151930043406087,-2.5697993168261067e-05,0.04635250348913663
14.250000000001428,0.22151911341348657,-2.587940290148137e-05,0.04635882303411386
14.260000000001432,0.22151894424742014,-2.607250986222486e-05,0.0463645304749417
14.270000000001435,0.2215187922596367,-2.625983414492714e-05,0.046369326664178714
14.280000000001438,0.22151866079219398,-2.6422827706226182e-05,0.046373081545439496
14.290000000001442,0.22151855201505605,-2.654776025586209e-05,0.046375810787310824
14.300000000001445,0.22151846683795268,-2.6628704772392505e-05,0.04637764125081576
14.310000000001448,0.2215184050403915,-2.6667880253512724e-05,0.04637876460068805
14.320000000001452,0.22151836548667841,-2.667464659104591e-05,0.046379388776048
14.330000000001455,0.22151834629540923,-2.666341364608044e-05,0.04637970170359642
14.340000000001458,0.22151834496925576,-2.665009125438984e-05,0.046379856929196335
14.350000000001462,0.22151835855981564,-2.66474819091517e-05,0.046379977995571184
14.360000000001465,0.2215183838443912,-2.6661277445314933e-05,0.04638016822472755
14.370000000001468,0.22151841747459508,-2.66887290847519e-05,0.04638051487414285
14.380000000001472,0.22151845609767712,-2.6720724993286503e-05,0.04638108746235001
14.390000000001475,0.22151849645988625,-2.6745781579578034e-05,0.046381947772590595
14.400000000001478,0.22151853550887857,-2.6755106526026712e-05,0.046383184733633134
14.410000000001482,0.2215185705126289,-2.67476953946609e-05,0.04638494272057625
14.420000000001485,0.22151859919042396,-2.673145043456424e-05,0.0463873961677036
14.430000000001488,0.2215186198250628,-2.6718522079985218e-05,0.046390671397977555
14.440000000001492,0.22151863132096894,-2.6718570188895608e-05,0.04639477243054329
14.450000000001495,0.22151863320666876,-2.673466499738696e-05,0.04639956041810464
14.460000000001498,0.22151862558379856,-2.6763168536041278e-05,0.04640478556393014
14.470000000001502,0.2215186090107715,-2.6797144762835936e-05,0.046410151146513055
14.480000000001505,0.22151858452492376,-2.6832909710519747e-05,0.04641542051090585
14.490000000001508,0.2215185534060045,-2.6876084447504194e-05,0.04642041427297836
14.500000000001512,0.22151851760058697,-2.694145191382171e-05,0.04642496328222306
14.510000000001515,0.22151847997519647,-2.704529460869378e-05,0.04642895522040944
14.520000000001518,0.22151844279818791,-2.719555075608574e-05,0.04643234872773735
14.530000000001522,0.2215184073776323,-2.738688132709961e-05,0.04643516119870897
14.540000000001525,0.22151837481979503,-2.7602960621751044e-05,0.04643745839702163
14.550000000001528,0.22151834622687303,-2.7822692749067277e-05,0.04643933893279408
14.560000000001532,0.22151832287857198,-2.802619931518396e-05,0.046440915288458236
14.570000000001535,0.22151830631655403,-2.8199094348820524e-05,0.04644229896845327
14.580000000001538,0.22151829833788964,-2.833528875040577e-05,0.04644359513473469
14.590000000001542,0.22151830090037608,-2.8438129231323052e-05,0.04644490446667964
14.600000000001545,0.22151831597474758,-2.8518996371319825e-05,0.04644632492150602
14.610000000001548,0.22151834541144338,-2.859308392229091e-05,0.046447948844701166
14.620000000001552,0.22151839084325556,-2.867373305908438e-05,0.04644985738307431
14.630000000001555,0.22151845360931377,-2.8767749753196184e-05,0.046452116847663635
14.640000000001558,0.2215185346685771,-2.8872627434212073e-05,0.046454775150436244
14.650000000001562,0.221518634473839,-2.8976365862233787e-05,0.046457846362171505
14.660000000001565,0.22151875282464398,-2.906252349603556e-05,0.04646127969915592
14.670000000001568,0.22151888875608866,-2.911920306991441e-05,0.0464649308382806
14.680000000001572,0.22151904051826143,-2.91451916782327e-05,0.04646857117434504
14.690000000001575,0.2215192056791146,-2.9148660211136967e-05,0.04647194270469695
14.700000000001578,0.22151938133848675,-2.9140344199464258e-05,0.046474844562910796
14.710000000001582,0.221519564439008,-2.9126625825504946e-05,0.04647721086393745
14.720000000001585,0.22151975211616762,-2.9105729970789378e-05,0.046479122426642844
14.730000000001588,0.22151994143551304,-2.906897154927222e-05,0.04648057197112396
14.740000000001592,0.22152012560588957,-2.900839686759246e-05,0.04648153545012053
14.750000000001595,0.22152029716921073,-2.892678351498228e-05,0.04648226050300275
14.760000000001599,0.2215204551504652,-2.884205963883807e-05,0.046483088279111524
14.770000000001602,0.2215205989001709,-2.878200363677643e-05,0.046484250289269516
14.780000000001605,0.22152072499140937,-2.877309601533265e-05,0.046485850108843575
14.790000000001609,0.22152083106020057,-2.8831280518575422e-05,0.04648788380744904
14.800000000001612,0.22152091577233782,-2.895881721409437e-05,0.046490267918947926
14.810000000001615,0.22152097862031625,-2.9145841637906276e-05,0.046492875653480106
14.820000000001619,0.22152101970301005,-2.937378595887687e-05,0.04649557537263205
14.830000000001622,0.2215210395914846,-2.9619682149568418e-05,0.046498260433520316
14.840000000001625,0.22152103927422154,-2.986149703737877e-05,0.04650086065919192
14.850000000001629,0.22152102010187621,-3.0083770200467118e-05,0.046503336140673014
14.860000000001632,0.2215209837143968,-3.0281496507953086e-05,0.04650566499931404
14.870000000001635,0.22152093197175382,-3.0460152681335195e-05,0.0465078362624865
14.880000000001639,0.22152086689534597,-3.0631678903741396e-05,0.04650984934146886
14.890000000001642,0.22152079062955393,-3.08084496815173e-05,0.046511703742267776
14.900000000001645,0.22152070542509525,-3.099660409631503e-05,0.04651336266610924
14.910000000001649,0.2215206136201843,-3.119123284125957e-05,0.0465147154123939
14.920000000001652,0.22152051759273866,-3.1378218748765565e-05,0.04651558473939092
14.930000000001655,0.22152041967962205,-3.154262473882582e-05,0.046515793168149404
14.940000000001659,0.2215203220742141,-3.1677063413364405e-05,0.046515245336987726
14.950000000001662,0.22152022671010232,-3.1784343322186855e-05,0.04651398211114232
14.960000000001665,0.22152013513669433,-3.1874550163037205e-05,0.04651218347358442
14.970000000001669,0.2215200484272041,-3.19586573448919e-05,0.04651011333242318
14.980000000001672,0.22151996730120785,-3.204032473039641e-05,0.046507987542771564
14.990000000001675,0.22151989434126376,-3.2111024586323e-05,0.0465059181925819
15.000000000001679,0.2215198319416775,-3.2153824303057326e-05,0.0465040003799367
15.010000000001682,0.2215197782806709,-3.2154367458588084e-05,0.046502327567066126
15.020000000001685,0.22151973184999935,-3.2111169429461846e-05,0.04650092763314144
15.030000000001689,0.2215196934092643,-3.203811769313241e-05,0.046499748987914126
15.040000000001692,0.22151966331521658,-3.195894322165157e-05,0.046498691491277194
15.050000000001695,0.22151964137879487,-3.189886405481661e-05,0.04649763586013803
15.060000000001699,0.22151962682606188,-3.1877933202040864e-05,0.046496464998879015
15.070000000001702,0.2215196183472642,-3.190709425975352e-05,0.04649507511123611
15.080000000001705,0.22151961417363678,-3.198641198684204e-05,0.046493379896709944
15.090000000001709,0.22151961218321203,-3.2105610138063105e-05,0.04649130980779042
15.100000000001712,0.22151961005007123,-3.224747801197448e-05,0.04648880840293605
15.110000000001715,0.22151960539139584,-3.239373384025967e-05,0.046485830286441876
15.120000000001719,0.2215195958836157,-3.25312474219144e-05,0.04648234197091374
15.130000000001722,0.22151957935566627,-3.2655941236533075e-05,0.04647832313134886
15.140000000001725,0.2215195538802364,-3.27737443221953e-05,0.0464737684085711
15.150000000001729,0.2215195178856847,-3.289825820374004e-05,0.04646869917561527
15.160000000001732,0.22151947028635086,-3.304360913896996e-05,0.046463193826126084
15.170000000001735,0.22151941059900837,-3.3215657662745985e-05,0.046457423554988664
15.180000000001739,0.22151933900286488,-3.340853040858969e-05,0.04645165222898497
15.190000000001742,0.22151925631034122,-3.3609007561343366e-05,0.04644618525751711
15.200000000001745,0.22151916385450185,-3.3804836272995375e-05,0.0464412771934376
15.210000000001749,0.2215190633017353,-3.3991333982554544e-05,0.046437037061411716
15.220000000001752,0.2215189564153098,-3.41735480473929e-05,0.04643340409686514
15.230000000001755,0.22151884520471932,-3.436254157137739e-05,0.04643041518016477
15.240000000001759,0.22151873382927706,-3.45662039008712e-05,0.046428063061679424
15.250000000001762,0.22151862709606157,-3.478026350942552e-05,0.04642594136929443
15.260000000001765,0.22151852678506054,-3.4986697494445725e-05,0.04642350558363955
15.270000000001769,0.2215184342401477,-3.516120356796961e-05,0.046420333923135666
15.280000000001772,0.2215183518509202,-3.5284234761026174e-05,0.046416172433364045
15.290000000001776,0.2215182813543907,-3.534828404900122e-05,0.046410938865269306
15.300000000001779,0.22151822393910836,-3.535864263532445e-05,0.0464047033217233
15.310000000001782,0.22151818043170995,-3.532992081915619e-05,0.046397635123029614
15.320000000001786,0.22151815145019074,-3.5281468136291074e-05,0.046389931761882136
15.330000000001789,0.2215181374721067,-3.523295095729494e-05,0.046381764098952616
15.340000000001792,0.2215181388226335,-3.520022461611852e-05,0.046373258684088765
15.350000000001796,0.22151815563996255,-3.5192037274817935e-05,0.04636450720687128
15.360000000001799,0.22151818785638205,-3.520873877450498e-05,0.046355580654077716
15.370000000001802,0.22151823519295044,-3.524389419488139e-05,0.04634653420465563
15.380000000001806,0.22151829715762272,-3.5288281600451214e-05,0.04633740427908188
15.390000000001809,0.22151837302797983,-3.533453179256244e-05,0.04632822233419345
15.400000000001812,0.22151846180511525,-3.5381184655291856e-05,0.046319069213686136
15.410000000001816,0.2215185621594732,-3.543417229716006e-05,0.04631013929287149
15.420000000001819,0.22151867240772213,-3.55032824602333e-05,0.04630174830241243
15.430000000001822,0.221518790546668,-3.559533435942359e-05,0.046294248246709316
15.440000000001826,0.22151891435249965,-3.570933729473768e-05,0.046287901668058004
15.450000000001829,0.22151904153584095,-3.583690512812879e-05,0.04628278055719134
15.460000000001832,0.221519169943258,-3.596651460362338e-05,0.04627872415491032
15.470000000001836,0.22151929775847415,-3.608920463895052e-05,0.04627540639326194
15.480000000001839,0.22151942332257446,-3.620396018981634e-05,0.046272662476720045
15.490000000001842,0.2215195423094533,-3.631933348009579e-05,0.04627024425411427
15.500000000001846,0.2215196502012509,-3.6448948962125494e-05,0.04626761878171044
15.510000000001849,0.2215197475360485,-3.6603249472975435e-05,0.04626434218540331
15.520000000001852,0.2215198348285574,-3.678302197641558e-05,0.0462601497143238
15.530000000001856,0.22151991018419329,-3.697876116750871e-05,0.046254961065859586
15.540000000001859,0.22151997238462318,-3.7175172880405266e-05,0.046248854601318654
15.550000000001862,0.22152002094898188,-3.7356860792614176e-05,0.04624202607518833
15.560000000001866,0.22152005606660127,-3.7512218932846166e-05,0.04623472995991792
15.570000000001869,0.22152007847568486,-3.763528155471903e-05,0.04622721908048891
15.580000000001872,0.2215200893646232,-3.772638168237898e-05,0.0462197062504066
15.590000000001876,0.22152009029215772,-3.779186328301001e-05,0.04621235826678856
15.600000000001879,0.2215200830838985,-3.784247905256546e-05,0.0462053071279064
15.610000000001882,0.22152006972209456,-3.7890366030948835e-05,0.046198657712986396
15.620000000001886,0.22152005225337773,-3.7945416063447106e-05,0.046192485886150145
15.630000000001889,0.2215200327133981,-3.801254331711221e-05,0.04618683428426021
15.640000000001892,0.22152001306140454,-3.809061849315894e-05,0.0461817180676555
15.650000000001896,0.22151999511344034,-3.817328020869392e-05,0.04617713957984942
15.660000000001899,0.22151998046487642,-3.825236076785814e-05,0.04617308958557615
15.670000000001902,0.22151997040775792,-3.832268986442347e-05,0.046169521779632225
15.680000000001906,0.22151996586382852,-3.8384697524016496e-05,0.046166323268489164
15.690000000001909,0.22151996735551932,-3.844293572157185e-05,0.04616331346124544
15.700000000001912,0.22151997501518736,-3.850215527730488e-05,0.04616028423594338
15.710000000001916,0.22151998863058195,-3.856390214461942e-05,0.046157059469779375
15.720000000001919,0.22152000773052385,-3.862497452918084e-05,0.046153525364153
15.730000000001922,0.22152003155872962,-3.867839341719241e-05,0.04614957294173372
15.740000000001926,0.2215200590233736,-3.871748777126107e-05,0.0461452333274853
15.75000000000193,0.22152008860701208,-3.874126069740925e-05,0.0461407636728521
15.760000000001932,0.22152011857462062,-3.875720558030193e-05,0.04613645686594139
15.770000000001936,0.22152014755846605,-3.8779149509019134e-05,0.04613255331387115
15.78000000000194,0.2215201746169324,-3.882152941051145e-05,0.04612923158696242
15.790000000001942,0.2215201989809203,-3.88940338638217e-05,0.04612660098067848
15.800000000001946,0.22152021993663265,-3.899931679988044e-05,0.04612469777068738
15.81000000000195,0.22152023670916018,-3.913349380422885e-05,0.04612349526266816
15.820000000001953,0.22152024840174267,-3.928781978347003e-05,0.04612292925608807
15.830000000001956,0.22152025399229586,-3.9450688789696466e-05,0.046122927702676654
15.84000000000196,0.2215202523854528,-3.9609982951469236e-05,0.046123429759206136
15.850000000001963,0.2215202424958592,-3.975575069574467e-05,0.04612438889597584
15.860000000001966,0.22152022332236293,-3.988255174896781e-05,0.046125766117542856
15.87000000000197,0.22152019400160844,-3.9990358503176935e-05,0.04612752354549246
15.880000000001973,0.22152015384983226,-4.008347875645189e-05,0.046129623399086626
15.890000000001976,0.2215201024119278,-4.016853162322666e-05,0.04613201722189092
15.90000000000198,0.2215200395347645,-4.025211278443456e-05,0.046134603416989724
15.910000000001983,0.22151996545271058,-4.033808982898434e-05,0.04613717298776585
15.920000000001986,0.22151988085056107,-4.04263481085487e-05,0.04613939995843803
15.93000000000199,0.22151978687155277,-4.051456647349474e-05,0.04614091458528287
15.940000000001993,0.2215196850518238,-4.06016164477897e-05,0.04614141756652064
15.950000000001996,0.22151957718896775,-4.0689867165334734e-05,0.04614078146383027
15.960000000002,0.22151946515340057,-4.078518048697034e-05,0.04613911193587374
15.970000000002003,0.2215193506785387,-4.0894712084526623e-05,0.04613670647301667
15.980000000002006,0.22151923552130134,-4.1022591527607036e-05,0.046133731492495375
15.99000000000201,0.22151912379207914,-4.1165143187664135e-05,0.046130447057547715
16.00000000000201,0.22151901998511508,-4.130934767381011e-05,0.04612746993633617
16.010000000002005,0.22151892458996666,-4.143690716479358e-05,0.04612540935056285
16.020000000002,0.2215188379187727,-4.1531943261112054e-05,0.04612469185554084
16.030000000001994,0.221518762018773,-4.1587227033220904e-05,0.04612552884735126
16.04000000000199,0.2215186982930994,-4.1605491129456716e-05,0.0461279295878143
16.050000000001983,0.221518647513363,-4.1596814000263705e-05,0.04613173389021863
16.060000000001978,0.22151860993657738,-4.1575085498481485e-05,0.04613667496676553
16.070000000001972,0.22151858543659836,-4.155498568266552e-05,0.04614245623004028
16.080000000001966,0.22151857358667384,-4.154906681352137e-05,0.04614880910069025
16.09000000000196,0.2215185736971167,-4.1564657995974056e-05,0.04615551243121745
16.100000000001955,0.22151858485556472,-4.1601524339544545e-05,0.04616238521678434
16.11000000000195,0.22151860597744338,-4.1651798243135984e-05,0.0461692757362655
16.120000000001944,0.2215186358526322,-4.1702877866885984e-05,0.04617605959778823
16.13000000000194,0.22151867318459875,-4.174221260611049e-05,0.046182643537341944
16.140000000001933,0.2215187166175471,-4.1762207829809634e-05,0.04618895238687525
16.150000000001928,0.22151876475179286,-4.176420713365355e-05,0.04619488346798102
16.160000000001922,0.2215188161613583,-4.175902503452122e-05,0.04620026344624976
16.170000000001917,0.2215188694278606,-4.17618249667532e-05,0.04620486384190864
16.18000000000191,0.22151892319087274,-4.1784493678961e-05,0.04620848487169855
16.190000000001906,0.22151897620648922,-4.1831318539557666e-05,0.04621104655802461
16.2000000000019,0.221519027409767,-4.1900138154933486e-05,0.046212638325643776
16.210000000001894,0.22151907597806442,-4.198641119971408e-05,0.04621351952864546
16.22000000000189,0.22151912137280066,-4.2087959296391426e-05,0.046214069299258136
16.230000000001883,0.22151916327512447,-4.2208942791835113e-05,0.04621456826014362
16.240000000001878,0.2215192003859598,-4.2359218767307986e-05,0.0462151592753774
16.250000000001872,0.22151923154880127,-4.254723854177966e-05,0.04621607621211298
16.260000000001867,0.22151925791773622,-4.2771025693676036e-05,0.04621762073211007
16.27000000000186,0.22151928044185895,-4.3014546820260145e-05,0.046220008057377276
16.280000000001856,0.22151929879856375,-4.3252303049998574e-05,0.04622332067128505
16.29000000000185,0.22151931286762877,-4.345818835172306e-05,0.0462275122340731
16.300000000001845,0.22151932282020334,-4.361289005660247e-05,0.04623243453389685
16.31000000000184,0.22151932915158068,-4.3707635657043e-05,0.04623788846616385
16.320000000001833,0.2215193326607274,-4.3745218593091655e-05,0.04624367656335521
16.330000000001828,0.2215193344090414,-4.3739072364136096e-05,0.0462496300783811
16.340000000001822,0.22151933565773296,-4.3709948346551846e-05,0.046255606729983564
16.350000000001817,0.22151933777837698,-4.3680026340248384e-05,0.04626147938770289
16.36000000000181,0.2215193421654646,-4.36659948361155e-05,0.04626713337559817
16.370000000001806,0.2215193501677999,-4.3674126934009936e-05,0.04627247344923871
16.3800000000018,0.2215193630335782,-4.369964388725155e-05,0.046277431034217886
16.390000000001795,0.22151938185594677,-4.372937714079068e-05,0.04628196543932601
16.40000000000179,0.221519407505055,-4.374715067264528e-05,0.04628606704018485
16.410000000001784,0.22151944054898226,-4.3742203688535794e-05,0.0462897732048496
16.420000000001778,0.2215194811844116,-4.371556655717905e-05,0.046293189785675815
16.430000000001773,0.22151952920328888,-4.3678514436297866e-05,0.046296491229624356
16.440000000001767,0.22151958401510669,-4.364450228221073e-05,0.04629988817193186
16.45000000000176,0.22151964472085697,-4.3620938202298503e-05,0.04630356228287781
16.460000000001756,0.22151971023314637,-4.3605391645413406e-05,0.0463075965241057
16.47000000000175,0.22151977942510054,-4.3587455778413256e-05,0.046311954868909454
16.480000000001745,0.221519851033603,-4.355682781246771e-05,0.04631661555499865
16.49000000000174,0.22151992239598617,-4.351448787172786e-05,0.04632158210553369
16.500000000001734,0.22151999046133217,-4.347854594403296e-05,0.04632667850618151
16.510000000001728,0.22152005422019846,-4.347858081496286e-05,0.04633160021827828
16.520000000001723,0.2215201129159405,-4.3541600171438354e-05,0.04633610657121234
16.530000000001717,0.221520165049686,-4.36795925777626e-05,0.04634006444250681
16.54000000000171,0.22152020953998994,-4.388603568287632e-05,0.046343432325369194
16.550000000001706,0.22152024566541403,-4.4140468647757904e-05,0.0463462429363804
16.5600000000017,0.22152027295171614,-4.441576794276713e-05,0.04634858048960054
16.570000000001695,0.22152029107548232,-4.468474078365071e-05,0.0463505518370478
16.58000000000169,0.22152029981872304,-4.492576883050186e-05,0.04635225732619299
16.590000000001684,0.22152029907154214,-4.512751706517727e-05,0.04635377295776325
16.60000000000168,0.22152028884703498,-4.529135079839707e-05,0.04635515020136038
16.610000000001673,0.22152026928675664,-4.542973357493346e-05,0.04635642656298019
16.620000000001667,0.22152024065921,-4.556049723375527e-05,0.046357634475472656
16.63000000000166,0.22152020335717035,-4.569931023583476e-05,0.04635880307265538
16.640000000001656,0.2215201579044916,-4.585280089537799e-05,0.046359969445071085
16.65000000000165,0.22152010497970262,-4.6013954869641975e-05,0.04636122052220633
16.660000000001645,0.2215200454437231,-4.616392166783424e-05,0.04636273914667492
16.67000000000164,0.22151998034909848,-4.628212780416578e-05,0.04636479699124716
16.680000000001634,0.22151991091664575,-4.635792231242258e-05,0.04636767257500769
16.69000000000163,0.2215198384758145,-4.6394789528871355e-05,0.04637154548733402
16.700000000001623,0.221519764374378,-4.640525333127372e-05,0.04637641799227997
16.710000000001617,0.22151968986279902,-4.6401995657547164e-05,0.04638208994063388
16.720000000001612,0.22151961598086423,-4.638979233753497e-05,0.04638820798253361
16.730000000001606,0.22151954366161672,-4.636127192147426e-05,0.04639450167797818
16.7400000000016,0.2215194753825309,-4.6301281158993164e-05,0.04640078999207708
16.750000000001595,0.22151941371137834,-4.6199555921564604e-05,0.04640675403075375
16.76000000000159,0.22151935824451155,-4.606291434936773e-05,0.04641202881780827
16.770000000001584,0.22151930861075653,-4.591735801181816e-05,0.0464163737202403
16.78000000000158,0.22151926587109225,-4.579880660094924e-05,0.04641970097023693
16.790000000001573,0.22151923069904988,-4.573994807184256e-05,0.046422054397647246
16.800000000001567,0.22151920333874536,-4.576113058386654e-05,0.04642357682421843
16.810000000001562,0.22151918363828796,-4.586720955548371e-05,0.04642446560187707
16.820000000001556,0.22151917111787853,-4.604815448063781e-05,0.046424928337662756
16.83000000000155,0.22151916502768593,-4.6281913345873216e-05,0.04642515355126788
16.840000000001545,0.22151916439751687,-4.653975925782923e-05,0.04642530212939128
16.85000000000154,0.22151916810183975,-4.679396955003364e-05,0.04642551229611651
16.860000000001534,0.22151917492816214,-4.702573506669622e-05,0.04642590531065848
16.87000000000153,0.2215191836337439,-4.722982352508236e-05,0.04642658512262762
16.880000000001523,0.22151919299178294,-4.741379361087329e-05,0.0464276347971901
16.890000000001518,0.22151920183214824,-4.7593207053771436e-05,0.04642912055228753
16.900000000001512,0.22151920908420256,-4.778392401816456e-05,0.04643110508013912
16.910000000001506,0.22151921382650547,-4.799253680360914e-05,0.046433647404371226
16.9200000000015,0.2215192153384143,-4.8211554196615414e-05,0.04643676959628973
16.930000000001495,0.22151921313969597,-4.8424435054765456e-05,0.04644041221259714
16.94000000000149,0.22151920700409422,-4.8616392899517076e-05,0.046444419534938754
16.950000000001484,0.22151919694711358,-4.8782806898232524e-05,0.046448578126249626
16.96000000000148,0.2215191831896299,-4.893117807172524e-05,0.04645268460902485
16.970000000001473,0.22151916609684633,-4.9076585454834544e-05,0.04645659057711941
16.980000000001468,0.22151914620187388,-4.9231153733641936e-05,0.04646012400881996
16.990000000001462,0.22151912435577018,-4.939249359440918e-05,0.04646316154532101
17.000000000001457,0.22151910167839067,-4.954029309076767e-05,0.04646577766823791
17.01000000000145,0.22151907920954098,-4.964535988039794e-05,0.046468131301548095
17.020000000001446,0.22151905776497932,-4.968527294023361e-05,0.04647035091626794
17.03000000000144,0.22151903800119133,-4.965571088220843e-05,0.04647252247164902
17.040000000001434,0.2215190204406606,-4.957132131223711e-05,0.04647469415337625
17.05000000000143,0.22151900554121304,-4.945873550689293e-05,0.04647688249808426
17.060000000001423,0.22151899377021886,-4.9347828603742254e-05,0.04647908257847544
17.070000000001418,0.22151898564684164,-4.926460305081999e-05,0.04648128314392505
17.080000000001412,0.22151898174814497,-4.9225992099211584e-05,0.04648348251015173
17.090000000001407,0.2215189826803885,-4.923665358842092e-05,0.04648569745946548
17.1000000000014,0.2215189890322261,-4.928879910201985e-05,0.046487961001657106
17.110000000001396,0.22151900133385705,-4.9365962866649475e-05,0.04649031322522483
17.12000000000139,0.2215190200280876,-4.9449864512889655e-05,0.04649279345203781
17.130000000001385,0.2215190454479479,-4.952755751612077e-05,0.046495437728612005
17.14000000000138,0.22151907778946386,-4.959662492626968e-05,0.04649827013590592
17.150000000001373,0.2215191170696162,-4.9667061292779165e-05,0.046501269761181206
17.160000000001368,0.22151916307724967,-4.975668820964672e-05,0.04650432646588393
17.170000000001362,0.22151921533803762,-4.988038111745093e-05,0.04650722638089702
17.180000000001357,0.22151927311241498,-5.004066886325754e-05,0.04650969984873116
17.19000000000135,0.22151933543695365,-5.022688137046795e-05,0.04651150951369688
17.200000000001346,0.22151940120450173,-5.0422515608720913e-05,0.046512544125620316
17.21000000000134,0.2215194692778568,-5.061463829678725e-05,0.046512875830241066
17.220000000001335,0.221519538614729,-5.0800828310394986e-05,0.04651274177916508
17.23000000000133,0.22151960817047736,-5.099088280596428e-05,0.04651225659682707
17.240000000001324,0.2215196754715061,-5.12002794830178e-05,0.046511440645896594
17.250000000001318,0.2215197378276579,-5.1437904364512154e-05,0.046510552999204445
17.260000000001313,0.2215197950154653,-5.1696621329126036e-05,0.04650993705821987
17.270000000001307,0.22151984690384716,-5.1953752713726434e-05,0.04650980015831608
17.2800000000013,0.2215198922775699,-5.218065734582822e-05,0.04651020514378713
17.290000000001296,0.22151993030854128,-5.235404990451769e-05,0.04651109893637777
17.30000000000129,0.22151996055320683,-5.24625326809829e-05,0.046512348956738093
17.310000000001285,0.22151998288584906,-5.2507458670947235e-05,0.046513784867090104
17.32000000000128,0.22151999742060874,-5.2500732661859976e-05,0.0465152379181907
17.330000000001274,0.2215200044610951,-5.246146438102171e-05,0.04651656832844401
17.340000000001268,0.2215200044751918,-5.2411719782454725e-05,0.04651767358203292
17.350000000001263,0.2215199980669484,-5.2371449103782826e-05,0.04651848108379832
17.360000000001257,0.22151998594257424,-5.235371168965578e-05,0.04651893784505279
17.37000000000125,0.22151996887959,-5.2362169775532145e-05,0.046519006360578596
17.380000000001246,0.2215199477010587,-5.2392099039646305e-05,0.046518665672997235
17.39000000000124,0.22151992325684985,-5.243387442305317e-05,0.04651790476741092
17.400000000001235,0.22151989641109432,-5.247793831549062e-05,0.04651670133716662
17.41000000000123,0.22151986802778434,-5.2520366152873e-05,0.04651500994991395
17.420000000001224,0.2215198389473573,-5.2565109657615835e-05,0.04651278779898383
17.43000000000122,0.22151980995549056,-5.262022484479334e-05,0.04651004576462249
17.440000000001213,0.22151978174998943,-5.269106744634274e-05,0.046506882820330206
17.450000000001207,0.22151975490805534,-5.27757317576499e-05,0.046503472090152966
17.4600000000012,0.22151972985540744,-5.286497454180638e-05,0.04650000656988791
17.470000000001196,0.22151970684948122,-5.294609181766811e-05,0.04649664121803531
17.48000000000119,0.22151968601204944,-5.3010009648079985e-05,0.04649352416339005
17.490000000001185,0.2215196679669111,-5.3058509380687565e-05,0.04649075461401043
17.50000000000118,0.22151965323410808,-5.310622626692905e-05,0.04648825045292285
17.510000000001174,0.2215196410848829,-5.3174828331555544e-05,0.04648580480277263
17.52000000000117,0.221519630923807,-5.3282666146152565e-05,0.0464832053657224
17.530000000001163,0.2215196228627603,-5.343667697989171e-05,0.04648027572275705
17.540000000001157,0.22151961691665883,-5.363088938165524e-05,0.04647689829751767
17.550000000001152,0.2215196129483622,-5.385027445729534e-05,0.04647302377904206
17.560000000001146,0.22151961064375075,-5.407601394320341e-05,0.04646865718805413
17.57000000000114,0.2215196095188138,-5.428989793652135e-05,0.046463827518861744
17.580000000001135,0.22151960894148418,-5.4477805524767535e-05,0.04645856114233007
17.59000000000113,0.22151960816840952,-5.463251789035253e-05,0.04645287150730026
17.600000000001124,0.22151960639802318,-5.47552404397151e-05,0.04644676191875967
17.61000000000112,0.22151960282194327,-5.4854757338083725e-05,0.046440232702805694
17.620000000001113,0.22151959666499685,-5.4943863822353836e-05,0.04643328538095224
17.630000000001107,0.22151958721720527,-5.503438397848823e-05,0.04642592220645469
17.640000000001102,0.22151957386597876,-5.5132922738636205e-05,0.046418155194383255
17.650000000001096,0.22151955613707716,-5.523841664993195e-05,0.046410045552892146
17.66000000000109,0.22151953374232156,-5.534293208241412e-05,0.046401761772417616
17.670000000001085,0.22151950662064068,-5.5436792476106516e-05,0.04639360834365875
17.68000000000108,0.22151947495637997,-5.551500141457442e-05,0.046385975132351064
17.690000000001074,0.2215194391632132,-5.558012287728062e-05,0.046379228110035045
17.70000000000107,0.22151939983623778,-5.564007900941557e-05,0.04637358482654239
17.710000000001063,0.22151935767576525,-5.570339876408446e-05,0.04636902437756932
17.720000000001058,0.221519313394401,-5.5774154866333934e-05,0.04636530421489372
17.730000000001052,0.22151926777900238,-5.5848004044849706e-05,0.04636229780720511
17.740000000001046,0.22151922251356704,-5.591254913801681e-05,0.04635988848411494
17.75000000000104,0.22151917951428315,-5.5953648856745634e-05,0.04635756368428642
17.760000000001035,0.22151913935323303,-5.596426604316841e-05,0.046354684940462305
17.77000000000103,0.22151910245562126,-5.5949673757921554e-05,0.046350801075432546
17.780000000001024,0.22151906975226052,-5.5925539825595247e-05,0.046345684318548463
17.79000000000102,0.22151904190990115,-5.591116720960022e-05,0.04633931732248928
17.800000000001013,0.22151901936283186,-5.5922976217910475e-05,0.04633185598613517
17.810000000001008,0.22151900238059657,-5.597099118618713e-05,0.04632355986912216
17.820000000001002,0.2215189911278,-5.6057703133858824e-05,0.04631470923563024
17.830000000000997,0.22151898569354841,-5.6177985165512564e-05,0.046305544773225814
17.84000000000099,0.22151898609238924,-5.63199694006157e-05,0.04629625080868458
17.850000000000986,0.2215189922589232,-5.6467552108001685e-05,0.04628696785853095
17.86000000000098,0.2215190040481271,-5.660457478631325e-05,0.046277807242927814
17.870000000000974,0.22151902123917147,-5.6719328521358294e-05,0.04626885383585191
17.88000000000097,0.22151904353937987,-5.6807409902271624e-05,0.04626016149259962
17.890000000000963,0.22151907058233405,-5.687268812170303e-05,0.04625176522278819
17.900000000000958,0.22151910191625623,-5.6926365762018766e-05,0.046243726072412575
17.910000000000952,0.2215191369903285,-5.698240301576881e-05,0.04623617417106494
17.920000000000947,0.22151917515189276,-5.7050897182074467e-05,0.04622929644163903
17.93000000000094,0.2215192156621256,-5.713469285492513e-05,0.046223259127158155
17.940000000000936,0.22151925773161937,-5.723165624333099e-05,0.04621812185909237
17.95000000000093,0.22151930057259747,-5.733992513258557e-05,0.046213798963229254
17.960000000000925,0.22151934346471625,-5.746194658721665e-05,0.04621007340722572
17.97000000000092,0.22151938581828678,-5.760550272564051e-05,0.0462066704048827
17.980000000000913,0.22151942711468064,-5.7780630466231534e-05,0.04620345219706945
17.990000000000908,0.22151946594790103,-5.799194570805329e-05,0.04620028842801937
18.000000000000902,0.22151950087281183,-5.82305052828813e-05,0.046196935558123146
18.010000000000897,0.22151953217869294,-5.8472152362010316e-05,0.04619323684068927
18.02000000000089,0.2215195601243581,-5.868510173016372e-05,0.04618915236032493
18.030000000000886,0.22151958412248962,-5.88418455025361e-05,0.04618472761233916
18.04000000000088,0.2215196038055461,-5.892764890759093e-05,0.04618007091897676
18.050000000000875,0.22151961905386333,-5.8942532329629764e-05,0.046175325852019486
18.06000000000087,0.22151962997990743,-5.889908552432992e-05,0.046170640863159584
18.070000000000864,0.22151963689064091,-5.88189168842225e-05,0.0461661455191085
18.080000000000858,0.22151964025403098,-5.8728066494707226e-05,0.046161941682446216
18.090000000000853,0.22151964066855234,-5.865084154255772e-05,0.046158108800524005
18.100000000000847,0.22151963882276537,-5.8603052468051206e-05,0.046154711826687365
18.11000000000084,0.2215196354532119,-5.85874002604601e-05,0.046151802207797174
18.120000000000836,0.22151963130972832,-5.859374835494921e-05,0.046149413382848954
18.13000000000083,0.2215196271272572,-5.860444562994829e-05,0.04614755764551295
18.140000000000825,0.2215196236006031,-5.8601874851182895e-05,0.0461462230698011
18.15000000000082,0.22151962135722036,-5.857652188553048e-05,0.0461453570599173
18.160000000000814,0.22151962092561586,-5.853286671176155e-05,0.04614483431194634
18.170000000000808,0.22151962270336362,-5.848736800434105e-05,0.046144434288953824
18.180000000000803,0.2215196269338264,-5.845857148278406e-05,0.04614386581751942
18.190000000000797,0.22151963370031594,-5.8457139224702675e-05,0.046142834792955084
18.20000000000079,0.22151964293733023,-5.8482435957230995e-05,0.04614112802853834
18.210000000000786,0.22151965445762745,-5.852547961054193e-05,0.04613868364191254
18.22000000000078,0.22151966799430833,-5.857610241113999e-05,0.04613557834873126
18.230000000000775,0.22151968318206497,-5.863280821694823e-05,0.04613184489810556
18.24000000000077,0.2215196993967135,-5.8709034082691344e-05,0.046127664056152304
18.250000000000764,0.22151971584575733,-5.88285176495015e-05,0.04612355208577596
18.26000000000076,0.22151973190920518,-5.9010993459457066e-05,0.04612004370644657
18.270000000000753,0.22151974710286607,-5.925848290965394e-05,0.04611751747611294
18.280000000000747,0.22151976098053858,-5.955196506206895e-05,0.04611619309584307
18.29000000000074,0.2215197731942091,-5.985890948621486e-05,0.04611613763369462
18.300000000000736,0.22151978345337534,-6.01445559229969e-05,0.04611728222482994
18.31000000000073,0.22151979147823328,-6.038079672308692e-05,0.04611946178240238
18.320000000000725,0.22151979697095603,-6.05515557301174e-05,0.046122471559556594
18.33000000000072,0.22151979960951423,-6.065562306635266e-05,0.0461261171148408
18.340000000000714,0.2215197990631362,-6.070662590814078e-05,0.046130237573757935
18.35000000000071,0.22151979501823021,-6.072889730053548e-05,0.046134704184838185
18.360000000000703,0.2215197872005516,-6.074940202449766e-05,0.046139410296168325
18.370000000000697,0.22151977539056478,-6.0788600262981385e-05,0.04614426606515709
18.380000000000692,0.22151975943524352,-6.0854266238586784e-05,0.046149199555428795
18.390000000000686,0.22151973926307397,-6.093917076631087e-05,0.04615414269971243
18.40000000000068,0.22151971490803432,-6.102315501760519e-05,0.04615898015295076
18.410000000000675,0.22151968653759527,-6.108270417867882e-05,0.046163492601116296
18.42000000000067,0.22151965447204955,-6.110430112598976e-05,0.0461673598273147
18.430000000000664,0.22151961918414198,-6.1090958206431e-05,0.04617025150825176
18.44000000000066,0.2215195812731669,-6.105707728933577e-05,0.04617194595025272
18.450000000000653,0.2215195414164078,-6.101679802981305e-05,0.04617242026123399
18.460000000000647,0.22151950030104475,-6.097433526659421e-05,0.04617189034411155
18.470000000000642,0.22151945855017507,-6.0920588312425e-05,0.04617076397379162
18.480000000000636,0.2215194167814024,-6.0838447682487783e-05,0.04616928464095891
18.49000000000063,0.22151937647376793,-6.071704554015597e-05,0.04616764446907759
18.500000000000625,0.22151933922802008,-6.0566594379412065e-05,0.04616634974183095
18.51000000000062,0.22151930513910978,-6.0421580190596274e-05,0.04616596181078606
18.520000000000614,0.22151927425435322,-6.0328392910375706e-05,0.046166861548548786
18.53000000000061,0.22151924729041228,-6.032617219247262e-05,0.04616922075932613
18.540000000000603,0.22151922473236269,-6.043357462585998e-05,0.04617301368324271
18.550000000000598,0.22151920683248774,-6.0646432619656775e-05,0.046178054271829146
18.560000000000592,0.22151919364808045,-6.0942431733915464e-05,0.04618406470681347
18.570000000000586,0.22151918508745252,-6.128784741249135e-05,0.04619075210482985
18.58000000000058,0.221519180940555,-6.164502644034659e-05,0.04619785862490808
18.590000000000575,0.2215191808956059,-6.198091969746456e-05,0.04620517150218268
18.60000000000057,0.22151918455823422,-6.227532522384161e-05,0.0462125116305231
18.610000000000564,0.22151919147399352,-6.252555753805778e-05,0.04621972483537517
18.62000000000056,0.221519201148452,-6.274467357574375e-05,0.04622668428751881
18.630000000000553,0.22151921306387143,-6.295374183461687e-05,0.04623329687405536
18.640000000000548,0.221519226691795,-6.317179857788574e-05,0.046239495486197005
18.650000000000542,0.22151924150246016,-6.340581487479475e-05,0.04624521121858992
18.660000000000537,0.22151925697563388,-6.364496462300584e-05,0.04625035411848019
18.67000000000053,0.2215192726164055,-6.386601435901276e-05,0.04625483514570076
18.680000000000526,0.22151928797436413,-6.404772007032054e-05,0.046258620854253474
18.69000000000052,0.22151930266217135,-6.418289980566497e-05,0.0462617756103645
18.700000000000514,0.22151931637228592,-6.42801134964231e-05,0.04626445799380891
18.71000000000051,0.22151932889116516,-6.435684547380787e-05,0.0462668815155425
18.720000000000503,0.22151934010437974,-6.442846436292765e-05,0.04626926990217389
18.730000000000498,0.22151934998066436,-6.449616857798965e-05,0.04627179384088838
18.740000000000492,0.22151935824066346,-6.454206875679527e-05,0.04627454361501992
18.750000000000487,0.2215193646774282,-6.453830305432016e-05,0.0462775593749023
18.76000000000048,0.22151936974603084,-6.446566572599637e-05,0.046280853946535215
18.770000000000476,0.22151937381618259,-6.432835392878683e-05,0.04628442176034403
18.78000000000047,0.22151937686979228,-6.415477612579583e-05,0.04628823497712125
18.790000000000465,0.2215193789321378,-6.39862312795728e-05,0.04629223853889525
18.80000000000046,0.22151938010568126,-6.386291446012287e-05,0.04629635802961685
18.810000000000453,0.22151938058809506,-6.381403844123423e-05,0.04630051829141404
18.820000000000448,0.22151938067116095,-6.385267930286168e-05,0.04630465856970301
18.830000000000442,0.22151938072948374,-6.397397254827543e-05,0.046308731817934705
18.840000000000437,0.22151938119901352,-6.415685030933286e-05,0.04631269301121819
18.85000000000043,0.22151938254570103,-6.437025748357681e-05,0.04631649216268197
18.860000000000426,0.2215193852354208,-6.458304206605096e-05,0.046320078668702504
18.87000000000042,0.22151938971073182,-6.477391481761581e-05,0.046323410632750396
18.880000000000415,0.22151939637236748,-6.493711675569176e-05,0.046326460396469586
18.89000000000041,0.22151940556029262,-6.508306100749829e-05,0.046329222298945275
18.900000000000404,0.22151941752913554,-6.52337404981518e-05,0.04633174045074857
18.910000000000398,0.2215194324195746,-6.54109028351956e-05,0.04633414800215633
18.920000000000393,0.221519450234162,-6.562262162084508e-05,0.046336678893385254
18.930000000000387,0.2215194708274045,-6.585920837117998e-05,0.04633962007121113
18.94000000000038,0.2215194939169926,-6.610139278520984e-05,0.04634322671781713
18.950000000000376,0.22151951911449333,-6.633356526800488e-05,0.04634762921791672
18.96000000000037,0.22151954597330661,-6.655320942256822e-05,0.04635276770536452
18.970000000000365,0.2215195740462748,-6.677271092726234e-05,0.04635840170216908
18.98000000000036,0.2215196028463857,-6.701174765990789e-05,0.046364383665783715
18.990000000000354,0.22151963131607152,-6.72817020322481e-05,0.04637060484663019
19.000000000000348,0.22151965826001202,-6.757186007724939e-05,0.04637669668317154
19.010000000000343,0.2215196833587711,-6.78487350861077e-05,0.04638221813099058
19.020000000000337,0.22151970637711182,-6.807012653883959e-05,0.046386871355819606
19.03000000000033,0.22151972674007303,-6.820387867772633e-05,0.04639052329093911
19.040000000000326,0.2215197440384363,-6.823924628699124e-05,0.046393182770445254
19.05000000000032,0.22151975801170562,-6.818711406977594e-05,0.04639496733619874
19.060000000000315,0.22151976850768396,-6.80735912693103e-05,0.046396058807368856
19.07000000000031,0.22151977544555132,-6.79322109904161e-05,0.04639665623357963
19.080000000000304,0.22151977879689017,-6.779646540502719e-05,0.046396939796017084
19.0900000000003,0.22151977858357152,-6.769270515057504e-05,0.04639705573481122
19.100000000000293,0.22151977487885838,-6.763442662824961e-05,0.04639712025657389
19.110000000000287,0.22151976780506966,-6.762018468876329e-05,0.046397229642790284
19.12000000000028,0.22151975752957614,-6.763677226333951e-05,0.04639746513485237
19.130000000000276,0.22151974426106466,-6.766658770053033e-05,0.04639789171919158
19.14000000000027,0.2215197282493603,-6.769589316580418e-05,0.04639856872863244
19.150000000000265,0.2215197097908431,-6.772187372869693e-05,0.04639958702179057
19.16000000000026,0.22151968923485368,-6.77550984667932e-05,0.04640110107477072
19.170000000000254,0.22151966698369685,-6.781305749275963e-05,0.04640330588399832
19.18000000000025,0.22151964348228725,-6.790800807917557e-05,0.04640635592823068
19.190000000000243,0.22151961919701507,-6.803859263745566e-05,0.046410283594365345
19.200000000000237,0.22151959458574977,-6.819085405098344e-05,0.04641496883854976
19.210000000000232,0.22151957006070105,-6.834591533135427e-05,0.04642016312693678
19.220000000000226,0.2215195459535314,-6.848999534475775e-05,0.04642555385237348
19.23000000000022,0.22151952254930157,-6.862362559293399e-05,0.046430904706787804
19.240000000000215,0.22151950063946324,-6.876391118134829e-05,0.04643603356545668
19.25000000000021,0.2215194810298072,-6.893577181537958e-05,0.046440727626676885
19.260000000000204,0.22151946351938734,-6.915675613348387e-05,0.04644482644875265
19.2700000000002,0.22151944793202277,-6.94257414854776e-05,0.04644825906497787
19.280000000000193,0.22151943458889836,-6.972272792010212e-05,0.046451029344240974
19.290000000000187,0.22151942368749966,-7.001790092645578e-05,0.04645320337837782
19.300000000000182,0.22151941528308924,-7.028236585037634e-05,0.04645489064937646
19.310000000000176,0.22151940929555286,-7.049520146878275e-05,0.046456220517719776
19.32000000000017,0.22151940552998572,-7.064663926961312e-05,0.046457322557372116
19.330000000000165,0.2215194036959913,-7.073903008664051e-05,0.04645831759667871
19.34000000000016,0.22151940342633206,-7.078598693541e-05,0.046459318222958214
19.350000000000154,0.2215194043019249,-7.080897725731247e-05,0.046460431125141526
19.36000000000015,0.2215194058776088,-7.083126674337497e-05,0.04646175536680638
19.370000000000143,0.22151940770323003,-7.087097556765183e-05,0.04646337737641601
19.380000000000138,0.22151940934073394,-7.093620549408766e-05,0.046465367233921216
19.390000000000132,0.22151941037970624,-7.102347435235197e-05,0.04646777622078874
19.400000000000126,0.22151941045452717,-7.111968012669235e-05,0.046470625298534886
19.41000000000012,0.2215194092642936,-7.120900226737604e-05,0.04647387782651435
19.420000000000115,0.22151940659253344,-7.12821024808983e-05,0.04647740937417786
19.43000000000011,0.22151940232081452,-7.13405713047713e-05,0.04648100926753832
19.440000000000104,0.22151939643085103,-7.139334536232243e-05,0.046484426848410726
19.4500000000001,0.22151938899544832,-7.144872467991269e-05,0.04648745329028939
19.460000000000093,0.22151938015918815,-7.15078502511041e-05,0.04649000007612405
19.470000000000088,0.22151937011002876,-7.156230128642101e-05,0.04649211537471141
19.480000000000082,0.22151935909325954,-7.159718227207264e-05,0.04649377309825515
19.490000000000077,0.22151934754951708,-7.160032980070911e-05,0.04649494297633121
19.50000000000007,0.22151933602418708,-7.157300716005925e-05,0.04649585281420368
19.510000000000066,0.22151932488515644,-7.153410924009246e-05,0.04649682284464587
19.52000000000006,0.22151931441836195,-7.15139035639322e-05,0.04649807624036525
19.530000000000054,0.2215193049214817,-7.15414861708442e-05,0.04649971731378799
19.54000000000005,0.22151929662292597,-7.163435740734931e-05,0.046501750044844914
19.550000000000043,0.22151928970561235,-7.17948783547525e-05,0.046504103499148505
19.560000000000038,0.22151928433630003,-7.201216936277173e-05,0.046506665217251816
19.570000000000032,0.22151928068472734,-7.226605251002817e-05,0.046509317376182996
19.580000000000027,0.22151927892879486,-7.253158015901091e-05,0.04651196542822799
19.59000000000002,0.22151927924634818,-7.278429143161965e-05,0.04651454953213865
19.600000000000016,0.22151928180095926,-7.300587864281107e-05,0.046517038829738254
19.61000000000001,0.22151928673009758,-7.318857751619032e-05,0.046519419390350925
19.620000000000005,0.22151929413715288,-7.333601223131608e-05,0.04652168681341658
19.63,0.22151930408538062,-7.345982818010035e-05,0.04652384538993911
19.639999999999993,0.22151931658975524,-7.357456187366542e-05,0.04652589766125801
19.649999999999988,0.22151933160341622,-7.369220741293497e-05,0.04652780720870391
19.659999999999982,0.2215193490018237,-7.381706934177573e-05,0.04652945859141536
19.669999999999977,0.22151936857224702,-7.394490287362776e-05,0.0465306614027723
19.67999999999997,0.22151939001495982,-7.406832731338052e-05,0.04653121600945079
19.689999999999966,0.22151941295935118,-7.418423328760934e-05,0.046530999818445426
19.69999999999996,0.2215194369932139,-7.429756596356999e-05,0.0465300301921009
19.709999999999955,0.22151946170332626,-7.441996971647557e-05,0.04652847670513724
19.71999999999995,0.22151948671904262,-7.456430041811679e-05,0.04652661014867473
19.729999999999944,0.22151951167717346,-7.473584461488305e-05,0.04652463735489065
19.739999999999938,0.2215195356973596,-7.492439364130658e-05,0.046522661073653104
19.749999999999932,0.22151955783173238,-7.51040424226083e-05,0.04652081197277738
19.759999999999927,0.22153782931963423,-7.550617710535971e-05,0.04651420180875489
19.76999999999992,nan,nan,nan
19.779999999999916,nan,nan,nan
19.78999999999991,nan,nan,nan
19.799999999999905,nan,nan,nan
19.8099999999999,nan,nan,nan
19.819999999999894,nan,nan,nan
19.829999999999888,nan,nan,nan
19.839999999999883,nan,nan,nan
19.849999999999877,nan,nan,nan
19.85999999999987,nan,nan,nan
19.869999999999866,nan,nan,nan
19.87999999999986,nan,nan,nan
19.889999999999855,nan,nan,nan
19.89999999999985,nan,nan,nan
19.909999999999844,nan,nan,nan
19.91999999999984,nan,nan,nan
19.929999999999833,nan,nan,nan
19.939999999999827,nan,nan,nan
19.94999999999982,nan,nan,nan
19.959999999999816,nan,nan,nan
19.96999999999981,nan,nan,nan
19.979999999999805,nan,nan,nan
19.9899999999998,nan,nan,nan
19.999999999999794,nan,nan,nan
