t,x_bias-3.0,y_bias-3.0,x_bias-1.5,y_bias-1.5,x_bias+0.0,y_bias+0.0,x_bias+1.5,y_bias+1.5,x_bias+3.0,y_bias+3.0
0.0,-0.04122544552642166,0.0,-0.04122544552642166,0.0,-0.04122544552642166,0.0,-0.04122544552642166,0.0,-0.04122544552642166,0.0
0.020000000000000004,-0.041225445474603314,-4.772200630926974e-10,-0.041225445513474006,-1.3542521953834256e-10,-0.041225445526421656,2.1535024520086657e-14,-0.04122544551342835,1.3581830251213325e-10,-0.04122544547451205,4.779630238648691e-10
0.04000000000000002,-0.041225434737368526,-9.395994829271492e-08,-0.04122544282756602,-2.39486727513931e-08,-0.04122544552635524,3.857551622758204e-12,-0.041225442777250175,2.4380950332023474e-08,-0.04122543463753718,9.481283984554447e-08
0.06000000000000004,-0.041225247153080756,-1.7432024238599185e-06,-0.04122539541507035,-4.409038830741781e-07,-0.04122544551823145,1.2560604945831023e-10,-0.041225393048291495,4.6155901096937317e-07,-0.041225242576273975,1.7834172435956504e-06
0.08000000000000006,-0.0412241255785393,-1.1859878036802038e-05,-0.04122510457897383,-3.0285420612133086e-06,-0.041225445305935214,2.290904140006202e-09,-0.04122507364598939,3.304632892476806e-06,-0.041224068642654696,1.2379650353830136e-05
0.10000000000000007,-0.04122053395210655,-4.5580452458134226e-05,-0.04122413669848224,-1.1845216225242088e-05,-0.041225442953964665,2.400271201287224e-08,-0.04122394056582834,1.365455860919961e-05,-0.041220195929286135,4.882913148642466e-05
0.12000000000000009,-0.04121289633134875,-0.00012085773863749696,-0.0412219957200575,-3.1998143724753894e-05,-0.04122542805406876,1.578998729576879e-07,-0.041221220663032354,3.9461583550131096e-05,-0.04121164613843716,0.00013358216309633484
0.1400000000000001,-0.04120062212995325,-0.0002478266967494024,-0.041218462867740474,-6.652238403007319e-05,-0.04122536504692735,7.22408866417004e-07,-0.04121626752618261,8.87455060220639e-05,-0.04119726386254274,0.00028395608505293695
0.16000000000000011,-0.04118438287970303,-0.00042277633139417814,-0.04121376006078009,-0.0001141208446054809,-0.04122517088907633,2.477947604368929e-06,-0.041208896214249134,0.00016608884242256262,-0.04117720413554782,0.0005040840886332268
0.18000000000000013,-0.04116557277481852,-0.0006308481272454687,-0.041208375940724594,-0.00016988687473285652,-0.04122471106989782,6.711747234952367e-06,-0.041199445078175086,0.0002707136640207721,-0.041152688529235884,0.00078425488251726
0.20000000000000015,-0.0411454517115478,-0.0008543190444458674,-0.04120273059143665,-0.00022849310171851772,-0.0412238447680511,1.4892232498513323e-05,-0.0411885668265465,0.0003969133556760761,-0.04112532600314323,0.0011058623089235452
0.22000000000000017,-0.041124584096437294,-0.0010807888387966643,-0.041196939715749926,-0.0002870776479309151,-0.041222514315219165,2.782268836878929e-05,-0.041176900098233445,0.0005362371358578515,-0.04109633134681606,0.001448559971933415
0.24000000000000019,-0.041102488405717244,-0.0013043385331294845,-0.04119062899122742,-0.0003434815743636696,-0.04122081286470413,4.477729467590568e-05,-0.04116481418930459,0.0006805630669431412,-0.04106607953158041,0.0017965640790082392
0.2600000000000002,-0.04107716365850631,-0.001518516734266716,-0.04118325104798992,-0.0003951034311650594,-0.04121894082382457,6.360064626359319e-05,-0.04115229370269272,0.0008247645882518089,-0.041033683819453576,0.00214041627493862
0.2800000000000002,-0.04104719207077403,-0.0017193472095128322,-0.04117491352056772,-0.00044241326820287886,-0.041216982391150486,8.233840089601883e-05,-0.04113795584519314,0.0009630811859088295,-0.040994261112364976,0.002466981604541471
0.3000000000000002,-0.04101388644617567,-0.0019110092900990628,-0.04116628831827397,-0.0004885524038774626,-0.041214211059694736,9.633929982662947e-05,-0.04111751427547934,0.0010806753552150615,-0.040938019457069576,0.0027528320115882687
0.32000000000000023,-0.04097971493991176,-0.002100648354798196,-0.04115746438776649,-0.0005378367840166208,-0.041208241062942685,9.09272604327891e-05,-0.04108473981511189,0.0011560189012244958,-0.0408543927646288,0.002973844451243416
0.34000000000000025,-0.04094567494905239,-0.0022969469839210542,-0.04114773821511568,-0.0006075711474547112,-0.041195373190560824,4.2359048768691924e-05,-0.0410338761220955,0.0011682079065581654,-0.040736404790038025,0.003113564680702124
0.36000000000000026,-0.040913406014623475,-0.0025271311833219468,-0.041135873731709904,-0.0007292994743872447,-0.04117213285301892,-7.378441174323694e-05,-0.04096169393816369,0.0011029147647623207,-0.04058233272550769,0.0031652625953092575
0.3800000000000003,-0.04088468461580099,-0.002827758964638341,-0.04112043780873301,-0.0009330617190771291,-0.04113677777455849,-0.00027301179915449245,-0.04086827453515511,0.0009551296296563853,-0.04039504906110874,0.0031302801444247487
0.4000000000000003,-0.040859098853275995,-0.003220506455883053,-0.04110035434388433,-0.0012313638065467726,-0.04108991316481722,-0.0005564339464893635,-0.040756683923599664,0.0007295857784029091,-0.04018053618320938,0.003016085717933265
0.4200000000000003,-0.040834448691704085,-0.0036995496502864075,-0.04107559359922884,-0.0016137824499495956,-0.04103414075248757,-0.0009103888598662024,-0.0406318892464145,0.000439956886452078,-0.03994632402479606,0.0028354077692299
0.44000000000000034,-0.04080882768110836,-0.00423546533072037,-0.04104726794989584,-0.0020519908676886545,-0.04097284973405333,-0.0013104472663337673,-0.04049916759589058,0.00010673284651167858,-0.03969989379142391,0.00260586254555078
0.46000000000000035,-0.04078145265451793,-0.0047914773984897244,-0.04101662836933675,-0.0025124122875195575,-0.04090864489475849,-0.0017293972610271842,-0.04036248437072904,-0.0002468786640390868,-0.039447168584307635,0.0023486951654061857
0.48000000000000037,-0.040750624889059284,-0.0053418981957066266,-0.04098317667401776,-0.0029708603074408116,-0.04084186906949,-0.0021466617697851265,-0.04022338512476118,-0.0006012580347085363,-0.039191525819299515,0.002084802807896632
0.5000000000000003,-0.04069852122481106,-0.00584455255432801,-0.04093546880398652,-0.003395256535714465,-0.04076480315627807,-0.0025359006798898235,-0.04007824174093313,-0.0009365274951138729,-0.03893322597352534,0.0018308344083847639
0.5200000000000004,-0.04058345485043665,-0.006212812226538226,-0.040840719806671755,-0.0037105219197829625,-0.04065232901536877,-0.002831055294096782,-0.03990920772602705,-0.0011988222002346687,-0.038661249871344006,0.0016250024772647112
0.5400000000000004,-0.040354227217777504,-0.006360599358122559,-0.040654285962616166,-0.0038297900618581783,-0.04046819967475355,-0.0029467309307534195,-0.03968660583565577,-0.0013047308448722668,-0.03835094834950872,0.0015453106817675095
0.5600000000000004,-0.039969426363177046,-0.006238787453795072,-0.04033795157179725,-0.0036939183360216485,-0.04018027977803326,-0.002816199659460566,-0.03938233677299187,-0.0011782302591318917,-0.03797593518769241,0.0016776844620614933
0.5800000000000004,-0.03941168675029871,-0.005838412619175833,-0.039872993842069264,-0.0032818392773110413,-0.03977127813160647,-0.0024069553245372097,-0.03898034605992446,-0.0007734731759454421,-0.03752037622627679,0.0020835456983282134
0.6000000000000004,-0.038690544098046085,-0.005181097943779073,-0.03926329602243889,-0.002603768894113781,-0.03924174987989031,-0.00171771451940566,-0.038479700074144266,-7.679741552123721e-05,-0.03698290946398276,0.0027904733060074793
0.6200000000000004,-0.03783347252332508,-0.004308309345624991,-0.03852989266232462,-0.0016919047176474741,-0.03860737457268905,-0.000771601105212293,-0.03789293102422257,0.0008978569534085014,-0.03637496665912315,0.003794485614885102
0.6400000000000005,-0.03687594085056462,-0.0032718208630543926,-0.03770337478341802,-0.0005934515427735266,-0.03789363388130841,0.0003881410476120763,-0.03724193358254897,0.002111513018393899,-0.03571686736684112,0.00506167288562067
0.6600000000000005,-0.03585543722812873,-0.0021277267287915292,-0.036817520619182906,0.0006339902925220668,-0.03712960665441161,0.0017015895321842132,-0.036551967180772145,0.003502695075849472,-0.03503175857311868,0.006530063209410562
0.6800000000000005,-0.034803228499672684,-0.0009355922800168045,-0.03590088221128881,0.0019253616506328087,-0.03633983405890661,0.003097081945665966,-0.03584375641133704,0.004993680142066614,-0.03433769722814764,0.008116547599515658
0.7000000000000005,-0.03373561610161433,0.0002443808180062116,-0.03496809909205571,0.003214335971304338,-0.03553587318284663,0.0045008260409337445,-0.03512553901900681,0.006502900372972397,-0.03364020317281803,0.009731292215517887
0.7200000000000005,-0.03265635176194318,0.0013578531246496303,-0.03402107679581707,0.004441050483074087,-0.03471565740032365,0.005846313330751947,-0.03439108279928254,0.007956699654222747,-0.032929372395755135,0.011291919839286589
0.7400000000000005,-0.03154295152437498,0.0023355853705997443,-0.03303010035295199,0.005530208115628098,-0.033839400362543515,0.0070526938319482695,-0.0335909206568758,0.00926943202803035,-0.032147144460962146,0.01270798243503142
0.7600000000000006,-0.03033093274219937,0.003077168426411554,-0.03191816131426958,0.006373162039692082,-0.03281490040295929,0.008004369638901583,-0.03261865871546136,0.010320994870621549,-0.03117469291207484,0.013856898817716047
0.7800000000000006,-0.028953876720257073,0.0034935438514452997,-0.030607855996510013,0.006876121588386638,-0.03155183913640838,0.008603505407155106,-0.03137163756685503,0.011010177749021133,-0.029897930160498878,0.014633251548170743
0.8000000000000006,-0.02737730125268268,0.0035414029303200666,-0.029062025579597858,0.006995229758850439,-0.030010506069323147,0.008807190667985184,-0.029807106671088376,0.011294787781547086,-0.028270218165165895,0.014993916676520752
0.8200000000000006,-0.025598172524776423,0.0032197396820542027,-0.02728175348533828,0.0067338597977175015,-0.028198595793688018,0.008624084879025131,-0.027939313805907168,0.01118701650450048,-0.02631156449847457,0.014952512379384265
0.8400000000000006,-0.023633358009119212,0.0025498279402254615,-0.025288994435942416,0.006121754324663311,-0.026146084416306885,0.008093510899139704,-0.025806542979754998,0.010733905426460582,-0.02406806425945134,0.014561918332541291
0.8600000000000007,-0.021513664205844763,0.0015595793253603352,-0.02311756127229774,0.005196039103253075,-0.023891491382246263,0.007262908219345284,-0.023451868557363524,0.009992055144077997,-0.021586414671056795,0.013887246055447082
0.8800000000000007,-0.01928046906506223,0.0002771863991625714,-0.020810426620408395,0.003991816847225473,-0.021479947815309552,0.006174358800762701,-0.020922043463072904,0.009009763502296519,-0.01891373216729429,0.012983299247638466
0.9000000000000007,-0.016980930187288575,-0.0012679409195610362,-0.018416099199702787,0.002542349983526356,-0.018961620464830867,0.004863633949292314,-0.018268622444150406,0.007824426820037348,-0.01610212217068742,0.01188938184820476
0.9200000000000007,-0.014663187936590567,-0.0030342163163877243,-0.015984434378842997,0.0008901598971475819,-0.016388452923290858,0.0033720655161607197,-0.015545805554899391,0.006475655722246026,-0.0132080998265024,0.01064375302113563
0.9400000000000007,-0.012369164027025337,-0.004952471891559241,-0.013560441219623796,-0.0008979935497735121,-0.013808858080094105,0.0017616007502338775,-0.012805323121708961,0.0050210136789070724,-0.010287000492592223,0.009300876888493152
0.9600000000000007,-0.010125461478922224,-0.00692229123387627,-0.011175952283302228,-0.002727411258687087,-0.01126018204680341,0.00011905981991391477,-0.010089064967280684,0.003540639154598997,-0.0073848026359795696,0.007936212319442155
0.9800000000000008,-0.007940145984927241,-0.008822613127929311,-0.008846995765543838,-0.004485365629533749,-0.008766251179816375,-0.0014521625679606597,-0.007427427579033823,0.0021285138988467174,-0.004536717679145876,0.006636681462033722
1.0000000000000007,-0.00577054436609775,-0.010526469682042766,-0.006543051535784239,-0.0060499504734209605,-0.006307637612709722,-0.002832923901312636,-0.004813963567375591,0.0008941789077614749,-0.0017453908200247283,0.00550890245470095
1.0200000000000007,-0.0034904553031733293,-0.011917620928775966,-0.004149299064690598,-0.007305232596107247,-0.003786988268289163,-0.003912670405270068,-0.0021616860289854897,-4.875491497293336e-05,0.001059270401799302,0.004654313524729131
1.0400000000000007,-0.0009500316073589399,-0.012881643962972379,-0.0015263068204902335,-0.008141670635425284,-0.0010762468886526958,-0.004586374411264333,0.0006447530483968786,-0.0006006521993072294,0.003982779691053508,0.004172257775984857
1.0600000000000007,0.0019492038981861193,-0.013344189791318696,0.0014177317075650113,-0.008492014042595123,0.001909985956033153,-0.004785859401353078,0.0036834482390720826,-0.0006901281084685307,0.007099189621905912,0.004138422993741447
1.0800000000000007,0.00522399857255972,-0.01329024815424163,0.0046993052798720725,-0.008338949728271835,0.005189821407262406,-0.00448891479737062,0.006973628651713386,-0.0002914336335922816,0.010429953750475085,0.004581534968613394
1.1000000000000008,0.008829864307224928,-0.012752428815169766,0.008280127094458996,-0.00771166135956916,0.008732319659380185,-0.0037202199287987544,0.01049029453137859,0.0005753491147532494,0.01395518791432277,0.0054859655180604355
1.1200000000000008,0.012699501070433406,-0.011800923391207193,0.012099556631501604,-0.006674862670013427,0.0124836930137809,-0.002538150759305005,0.014185328158004466,0.0018582643339179945,0.017631354025977444,0.006805894605385087
1.1400000000000008,0.016764466321898944,-0.010524020856626317,0.01609243346064787,-0.005310218526422444,0.01638231206858607,-0.001017990545292534,0.01800048079088947,0.003488298157612514,0.021402981071749316,0.008478574237014308
1.1600000000000008,0.020954784528746776,-0.009014469303498026,0.02019023520958681,-0.0037058295901903114,0.020361785989096638,0.0007556605044975074,0.021871906355843188,0.0053847204142394405,0.02520825673021238,0.010427980558678277
1.1800000000000008,0.02519264932666287,-0.007373433138689229,0.024318221234155123,-0.0019622446345280596,0.024351470817659506,0.0026813061024165475,0.02573318097901227,0.0074463155305765265,0.028983895729713084,0.012554931560464331
1.2000000000000008,0.029402101829973264,-0.005715652258028964,0.028405735212676957,-0.00019741093272130923,0.028287362075590444,0.004635981859711038,0.02952666265221525,0.00954670789894272,0.03267700004733783,0.014731767194077802
1.2200000000000009,0.03352734456410372,-0.004156266341212389,0.03240178480687249,0.001466770706761551,0.03212542908504672,0.006489085734256783,0.03321543786401607,0.011547873875683885,0.03625640553685873,0.016814887052562535
1.2400000000000009,0.03753777996451859,-0.0027999164361818827,0.03628234310088629,0.0029144413682595004,0.03585125227463665,0.008114429902028961,0.0367946269013358,0.013315267280703333,0.03972503905374668,0.018662811461858195
1.260000000000001,0.041462801494696576,-0.0017596990005859362,0.040089460274521344,0.004021724428444558,0.039520777613381436,0.009380857955341323,0.040331388543873824,0.014714586330784046,0.04315797653847495,0.020139312201158704
1.280000000000001,0.04537959241571562,-0.0011385420079973205,0.04391301956112348,0.004689316059600278,0.04323780640920003,0.010185346615917853,0.04394047406458887,0.015637121536943063,0.04667727220865399,0.02113217707570171
1.300000000000001,0.04933845147069087,-0.000999177802985799,0.047813486171079646,0.004861590558034229,0.047074894565257874,0.010477245878488991,0.04770547561705855,0.016028919552712347,0.0503752256783253,0.021576672040025953
1.320000000000001,0.05335466151952215,-0.0013370602627761688,0.05180779219397204,0.0045422639440094925,0.05105121437811244,0.010261301351093885,0.051649849370734476,0.015896747233650366,0.05428144384286322,0.021477676260753843
1.340000000000001,0.05744042984446226,-0.0020991478372520468,0.05590224887475204,0.0037837855490535873,0.05516601479610981,0.009590051643626718,0.055767818218489,0.015293444918716056,0.05838880547316013,0.020888930872747014
1.360000000000001,0.06161023135888815,-0.003216476201888587,0.06010445977018588,0.002658143620107303,0.05941873734475631,0.008539468248826513,0.06005158118254828,0.014297906839652446,0.06268452069527224,0.01989126178987321
1.380000000000001,0.06586269243634096,-0.00462819189612765,0.0644091770508343,0.0012320689720709092,0.06379958363615777,0.0071831660003104205,0.0644870688843905,0.012989523435925044,0.0671512620714942,0.0185685157786599
1.400000000000001,0.07016835039571473,-0.006287770427036449,0.06878557095896243,-0.0004413659322971694,0.06827604184513471,0.005580951916310455,0.06904027600728653,0.011434090830852336,0.07175413343412533,0.016991857230312796
1.420000000000001,0.07447156647016767,-0.008145431614719175,0.07317693961041775,-0.0023069469723658387,0.0727895631148892,0.0037924410630816607,0.0736510884117494,0.009695143575770391,0.07643215347349358,0.015228971932520624
1.440000000000001,0.07870543419298234,-0.01012503641675181,0.07751442713648402,-0.004285086124198012,0.07726759449089472,0.00189892822252424,0.07824361210703983,0.00785546378724872,0.08110695110637332,0.013364994496819264
1.460000000000001,0.08281247824398108,-0.012117321015471187,0.08173766720784824,-0.006266132918572967,0.08164466545010193,8.676938568817705e-06,0.08274804781798648,0.0060221023871628405,0.08570558534669352,0.011507068228430286
1.480000000000001,0.08675712700103139,-0.01399145403959388,0.08580669184896961,-0.008122973623364437,0.085874422052955,-0.00175672292728356,0.08711336281134635,0.004311289442768145,0.09017431514861987,0.009767158092187058
1.500000000000001,0.09054719014012633,-0.015611455481597468,0.08972442280812411,-0.009719939680287316,0.08994934141573814,-0.003267513495894588,0.09132362913516162,0.0028460178644344383,0.09449128871133942,0.0082609567236209
1.5200000000000011,0.0942621444226425,-0.016855019620478248,0.09356207846119716,-0.01093929230979653,0.093931837815503,-0.004407007448423446,0.09543147674678794,0.0017380357753151057,0.09869983593135928,0.007093974000732595
1.5400000000000011,0.09801925907961118,-0.017643748023007017,0.0974308444729521,-0.011708660219202974,0.0979242453411984,-0.005107027971020452,0.099529800292416,0.001054366187926993,0.10288447782169019,0.006337937561326331
1.5600000000000012,0.1019217202446576,-0.01794152874285009,0.10142733929777824,-0.011999728191249922,0.10201294098028015,-0.005340424477281704,0.1036956954680042,0.0008271192667827586,0.10711481330522901,0.006031473237652729
1.5800000000000012,0.10603013598859858,-0.01775075912397868,0.10560564071496584,-0.011816540779978355,0.10624584971078031,-0.00511006722638123,0.10797251084553842,0.001054408504628109,0.11143042895832067,0.0061725171990841205
1.6000000000000012,0.11036155292967982,-0.017099325545099128,0.1099808037756922,-0.011187802135237906,0.11063891705909766,-0.0044459609496940895,0.11237771158113068,0.0017047271569817857,0.11584985701936079,0.0067276404021043125
1.6200000000000012,0.11490173188152027,-0.016034419447272793,0.11454047824601649,-0.010161206154073371,0.11518441987719562,-0.0033957873400870652,0.11690781271943484,0.0027306904941567112,0.12037292278250843,0.0076493929731132814
1.6400000000000012,0.11961488922921444,-0.014614952942740423,0.11925132044713137,-0.008793754642590065,0.11985341708925466,-0.0020137764851255405,0.12153756654750429,0.004081013457216295,0.12497725327340577,0.008889085892704105
1.6600000000000013,0.12444529636787108,-0.012910087284954063,0.12405918739215499,-0.007150771802576865,0.1245949127827716,-0.0003609681553320468,0.1262184767657134,0.00569906710914767,0.12961613720016377,0.010394528060041382
1.6800000000000013,0.12931689756951706,-0.01101131488195777,0.12888974276051585,-0.00531965068070487,0.12933798889254874,0.001479129401113688,0.1308822790287379,0.007505574812088807,0.13422285774320816,0.012091290120434995
1.7000000000000013,0.13414621443495592,-0.009040462155648134,0.1336625320848452,-0.003419202888497227,0.13400713493770905,0.003390010809796697,0.1354572390559665,0.009386892287076704,0.13872763326968485,0.01386956407872835
1.7200000000000013,0.13886527642744817,-0.0071357687982649505,0.13831309639419587,-0.0015871793869206986,0.13854335158226486,0.005233435197778376,0.13988851384659304,0.011204847784517238,0.1430776058440004,0.015592237909060157
1.7400000000000013,0.1434346688472387,-0.005421390322891805,0.1428053280221042,4.7373857598913734e-05,0.14291574304812257,0.006875273851197395,0.14414944233289254,0.012821225989264232,0.14724831585076137,0.01711805443746163
1.7600000000000013,0.14786881428625015,-0.004010366387440474,0.14716021448132274,0.0013622089942937018,0.14715277020006284,0.008186419425184763,0.14827411217264289,0.014102222943261808,0.1512767724217641,0.018309486835290788
1.7800000000000014,0.15224548203189364,-0.0030009080057541056,0.15146166563479102,0.0022580114001534493,0.1513457263741918,0.009063763470470216,0.15235888870948425,0.014939986425430181,0.15526106619460073,0.019054470119628988
1.8000000000000014,0.15663718125490717,-0.002468089926284695,0.1557896166637624,0.002670739720059941,0.1555842700415999,0.00945035310438073,0.15650148974033468,0.015277379023736177,0.15930388330485176,0.019289841671402932
1.8200000000000014,0.161065176215946,-0.0024334820505193615,0.16017380437504977,0.0025831408979012684,0.1599083066141503,0.009333588101336308,0.160752077305197,0.01510577657571415,0.16346500959801682,0.0190070829497301
1.8400000000000014,0.16552571170474156,-0.0028565753072244612,0.1646152805081739,0.002033510930131577,0.16432312336311153,0.008749115259667394,0.16512141211598416,0.01445928068091755,0.16776268701824498,0.018239505404338347
1.8600000000000014,0.17002215819413213,-0.0036620516008818455,0.16911643534217036,0.0010943897496322986,0.16882839798880456,0.007766208894649846,0.16960817673219308,0.01340403768170667,0.1721973746618333,0.01705025133559788
1.8800000000000014,0.17456052051203041,-0.004769030011821279,0.17367946654060207,-0.00015445705879600652,0.17342095118827972,0.00646351996145211,0.17420540246717486,0.012017307502282484,0.17676074988011892,0.015514666994055867
1.9000000000000015,0.1791300449958557,-0.006108657830224572,0.1782901178760523,-0.0016429860659852439,0.1780820664733784,0.0049124681324364695,0.1788910603793814,0.010371555759437146,0.1814292154241401,0.01370567598494286
1.9200000000000015,0.18369267218035704,-0.007617174548101039,0.18290765417957947,-0.0033041368367847097,0.18276762998699533,0.0031831871979246655,0.18361849419230628,0.008539731906146436,0.18615493634412442,0.01169881343605575
1.9400000000000015,0.1881909958615058,-0.009214737562818313,0.18747230735237855,-0.005053710988809354,0.18741434252849412,0.0013634692563885753,0.1883215386691044,0.006613087671406893,0.19087021004778168,0.009589045490749428
1.9600000000000015,0.1925689625171354,-0.010797338252021612,0.1919263055334721,-0.006783961735543021,0.19196085701523277,-0.00043611200954304886,0.1929357850519399,0.004705054174692421,0.1955088243843859,0.0074932656571532075
1.9800000000000015,0.19678527037679736,-0.012248031186275665,0.1962277950865583,-0.008377267188329806,0.19636277042879022,-0.002098171156627066,0.19741483614071825,0.002932881548363864,0.20002349962343763,0.00552928313084217
2.0000000000000013,0.20083512437293324,-0.013441605434179249,0.20037024242679813,-0.009711023291500866,0.2006096310498467,-0.0035038032801080914,0.20174455919003562,0.0014108016235088183,0.20439703052595345,0.003806126332586025
2.019999999999999,0.20478014700320524,-0.014258590584441766,0.20441417902419873,-0.010668445216037792,0.2047578410641287,-0.0045397223338361345,0.20597691269825205,0.00024687248911937324,0.2086772530826828,0.0024263326343660183
2.039999999999997,0.20871612072252804,-0.01462816327555787,0.20845387627525253,-0.0111826190832676,0.2088973648736629,-0.005139977503994003,0.2101973948305816,-0.0004908103122840973,0.21294664527506219,0.001463418151434742
2.0599999999999947,0.2127254944664218,-0.01453131534481117,0.21256554353157397,-0.0112352820995032,0.21309654045856868,-0.005281463051722103,0.21446720103504893,-0.0007716335801738431,0.21726131206833485,0.0009562464898971507
2.0799999999999925,0.2168601090109893,-0.01398425345892921,0.21679279670088755,-0.010841973939483981,0.21739098132637744,-0.00497780854093984,0.21881469620716137,-0.0006073764121621732,0.22164308699634594,0.0008950568702460735
2.0999999999999903,0.22114504099015403,-0.01302436852432007,0.22115551889472332,-0.010042844642857186,0.22179677863822908,-0.004271946825198275,0.22325237760720948,-4.3421076126354044e-05,0.22610028355849524,0.0012326858869961474
2.119999999999988,0.2255825062421839,-0.01169952417743662,0.22565442582045234,-0.008889674640025194,0.22631502929035696,-0.0032194537062132126,0.22778167896489643,0.0008614731085161255,0.23063378125598263,0.0019077812282120125
2.139999999999986,0.2301515488464518,-0.01005900130766059,0.23026897863090967,-0.007434144767473435,0.23092739859277456,-0.0018743222505948668,0.23238640136687155,0.0020515442763900066,0.23522887861323527,0.002863196540859691
2.1599999999999837,0.23480688422440335,-0.008156733041423487,0.23495475582626574,-0.005729937842687111,0.23559191766984922,-0.0002901273553876562,0.23702693673433603,0.0034738285458478027,0.23984789419452132,0.00404700950369401
2.1799999999999815,0.23948170026967971,-0.006069008923383192,0.2396458896597507,-0.0038507540985472984,0.24024535147385237,0.0014615398605665089,0.24164232461958962,0.005059377961882945,0.2444314076407156,0.005393561429234787
2.1999999999999793,0.2441031637402119,-0.00390540836821206,0.24427062730070223,-0.0019023876642657032,0.24481895346025917,0.003277945381529324,0.24616595071770958,0.00670893722221582,0.24891349177380356,0.006807726883438074
2.219999999999977,0.24861302146474026,-0.0017971869152988553,0.248771470603748,-1.305097120008097e-05,0.2492579413663366,0.005033153870672852,0.25054448224431836,0.00829900664215028,0.2532402610397989,0.008168893738675081
2.239999999999975,0.25297853445340207,0.00012929386842980235,0.2531166329739381,0.0016898105515712192,0.25353321251219363,0.0065980939706068225,0.2547500919276834,0.009699609515655412,0.25738286469369487,0.009347009084845589
2.2599999999999727,0.25722355885453674,0.0017570062945756848,0.25733331744614696,0.0030830932892639074,0.2576760777590154,0.0078447510160976,0.2588163991715373,0.010779288476001313,0.26137443734905885,0.010207966618857154
2.2799999999999705,0.2614363989565097,0.002993783652536599,0.261511235188715,0.00407256714981089,0.26177800336896095,0.008677293513711807,0.2628351147325935,0.011437769579009287,0.2653045773799041,0.010644992433786422
2.2999999999999683,0.265706567866171,0.003772551069321549,0.26574230278663785,0.004598093231757579,0.26593529837661756,0.009040203280611791,0.26690552970175474,0.011619438390353301,0.2692727718087128,0.010597913092627469
2.319999999999966,0.2700735119511761,0.004063204338260048,0.27007099164119225,0.0046362001556636175,0.2701995114458853,0.008916481327821066,0.27108625628051325,0.011312019341577875,0.27334376418453593,0.010055514133612808
2.339999999999964,0.2745351122776064,0.003888103155606324,0.27450203996313327,0.004210660264421653,0.27458250948284685,0.008330552875538137,0.27539662450076524,0.010540575320058362,0.2775448620883895,0.009043088054601982
2.3599999999999617,0.27907728066209087,0.003307553457522325,0.27902614958187183,0.0033804762553762595,0.2790787105351496,0.007339019698705003,0.2798354922101067,0.00935922165770353,0.28188066966263325,0.0076122201875316285
2.3799999999999595,0.28368338898526635,0.0023958402818427967,0.28362798735169475,0.002217972743685021,0.2836727094900557,0.006011352774215894,0.2843885788142047,0.007834509600667169,0.28633985702153464,0.005826525720272553
2.3999999999999573,0.28832630572420176,0.0012245485215114258,0.28827951079157776,0.0007937053173027754,0.2883344235318725,0.00441642039348779,0.28902512820394727,0.006033689181558548,0.29089294548459965,0.003751764089399323
2.419999999999955,0.2929594490894304,-0.0001332477463093832,0.29293262583349944,-0.000818326250681827,0.2930132072610797,0.0026285057804693464,0.2936932647150774,0.0040315372837426,0.2954888037889275,0.0014635678320847542
2.439999999999953,0.2975213571696573,-0.0015861954869125202,0.297524789434018,-0.0025241614479788676,0.2976440061883085,0.0007435146989327828,0.2983266248470255,0.0019262457854856885,0.300061835334055,-0.0009369912330471024
2.4599999999999507,0.3019538693440143,-0.0030197426386021076,0.3019978997904384,-0.004206426536307775,0.3021667761359471,-0.001118824646602387,0.30286423687424335,-0.0001597031591424679,0.3045521796647665,-0.0033240265634952343
2.4799999999999485,0.3062152092406835,-0.004309884844454934,0.3063116377479638,-0.005740292046242645,0.30654044313543166,-0.0028330826347280893,0.3072650546870427,-0.0020999639422568527,0.30892047259122296,-0.005569792060941701
2.4999999999999463,0.3103041668355718,-0.005326522131881787,0.31046528670885926,-0.006998233452516806,0.31076213615318454,-0.0042745697461743365,0.31152436421215984,-0.003773149365382392,0.31316287689267736,-0.007554534327170656
2.519999999999944,0.31428503136925634,-0.005943279283556288,0.31452587841623164,-0.007859147555792005,0.3148983705694242,-0.005327351529672505,0.3157071385979346,-0.0050701337547127325,0.317340044585781,-0.009179397022558527
2.539999999999942,0.3182512800416736,-0.006082424477140598,0.31858927046714525,-0.008251182369833259,0.31904474449063475,-0.00592207918636352,0.3199082526999035,-0.005921851966829274,0.321546783136728,-0.010373786461904854
2.5599999999999397,0.3222752781767159,-0.005723891809651568,0.322724533003835,-0.008154141907991803,0.3232661189447937,-0.006033281806598841,0.3241894119928391,-0.006295267425786673,0.32584475222132453,-0.011096048508131801
2.5799999999999375,0.3263986997284445,-0.0048903285368388765,0.32696565970304775,-0.007588176882513819,0.32758938035083335,-0.005677128584266023,0.32857124816216154,-0.006202221012587235,0.3302498945129778,-0.011353070054780649
2.5999999999999353,0.3306450711802892,-0.0036309852983838296,0.331328830964804,-0.006603368652812321,0.3320244160090688,-0.0049040586295204264,0.3330573186003899,-0.005692903906710156,0.3347591259197641,-0.011193695208395103
2.619999999999933,0.3350230023662064,-0.002005775417915082,0.3358177606044927,-0.005262461117210884,0.33657149697790734,-0.0037793278169014994,0.3376441080058743,-0.004834308187578515,0.3393640097302841,-0.010685603797306943
2.639999999999931,0.3395198847806173,-7.183429919878886e-05,0.3404172037520431,-0.003625264144308591,0.3412143651076676,-0.002365421203681778,0.342314110734696,-0.0036908526980263777,0.3440447023541545,-0.009894258604128355
2.6599999999999286,0.34409659513545493,0.0021141129365362743,0.3450866565865456,-0.001749274922329808,0.34591279230643446,-0.0007210215782497521,0.34702728581726283,-0.002321704050060143,0.3487605364730489,-0.008878461834005398
2.6799999999999264,0.34869029671440055,0.004476098851026106,0.34976220896481075,0.0002912705712532822,0.35060362867637107,0.001080552791468401,0.35172102564922125,-0.0007985756477078587,0.353448554992556,-0.007707402097520748
2.6999999999999242,0.3532320561659906,0.006906477246606796,0.35437353195709753,0.002392096561152079,0.35521722041838005,0.0029373505907342944,0.35632571215618997,0.0007794159446038537,0.35803778690145865,-0.0064765338844895775
2.719999999999922,0.35766815893938547,0.009276912317528259,0.35886479803623805,0.004427849221419589,0.3596976988700024,0.004726070120931215,0.36078436353849475,0.0022912431493619053,0.3624682369139734,-0.005304061983547044
2.73999999999992,0.36196844520068544,0.011463368708625158,0.36320406797129984,0.006273860140272152,0.36401324004260377,0.006321161238434574,0.3650640688803798,0.0036105697825871363,0.36670382419189596,-0.004317030186300748
2.7599999999999176,0.3661560425180301,0.013350472213990244,0.3674155093169525,0.00780811819601853,0.36819078814928635,0.007595926657205646,0.3691925439170171,0.004606261324876914,0.3707699059955406,-0.003651226403466432
2.7799999999999154,0.37031597772516905,0.01485131316930782,0.3715867788520238,0.008939190281741942,0.3723189618431376,0.008452454609577206,0.3732563216753567,0.005173161264604745,0.3747473021324166,-0.0034186169680555534
2.7999999999999132,0.37454017856529437,0.015909964234538627,0.3758094019316242,0.009615153155119375,0.3764902499608298,0.00884151338976448,0.37734823359666725,0.005259815545262167,0.3787271590730462,-0.003677916210085202
2.819999999999911,0.37887719456174257,0.016502324377111143,0.38013338196089896,0.009818195079710695,0.38075805314127187,0.00875198681298315,0.38152612064093727,0.004859480658291591,0.38277188205198154,-0.004435715648729823
2.839999999999909,0.3833356938221524,0.016647730288663988,0.384572329189122,0.009571186997862295,0.3851416795090551,0.008209861307975538,0.38581587575558707,0.004000434378920837,0.38691490312736415,-0.005662815950615995
2.8599999999999066,0.38790653437068257,0.016398024309925974,0.38912290362233604,0.008927398616734398,0.3896432373208909,0.007268730756631475,0.3902256680848485,0.0027358797077446473,0.3911714397801839,-0.007307202425458879
2.8799999999999044,0.39257082637201673,0.015817409699234352,0.39377040126308255,0.007951348086478707,0.3942514309283554,0.005992193185783252,0.3947483018773862,0.001128053592812682,0.3955395382778683,-0.009308402620830296
2.899999999999902,0.3972955074655527,0.014968340358745459,0.39848385686330184,0.006706048696135438,0.3989366587979796,0.004442580270281892,0.39935640033650516,-0.0007614400587514558,0.39999537242516764,-0.011605422637987093
2.9199999999999,0.40202696256277576,0.01391710477439249,0.4032106612004903,0.005259863244828461,0.40364653822924357,0.002689021906203545,0.40399884819455983,-0.0028623683792186236,0.4044907333083698,-0.014126283905327554
2.939999999999898,0.40669560715173125,0.012751196335166677,0.4078826704909838,0.0037038596522517564,0.40831309173760616,0.0008248722869502607,0.4086090311398878,-0.005078467974250339,0.4089624470457795,-0.016770814896904972
2.9599999999998956,0.4112340863070544,0.011584742044240448,0.4124354815587055,0.0021556739172541553,0.41287288870631017,-0.0010297049133119577,0.41312570646486624,-0.007286332709130974,0.41335376823724074,-0.019411360261657035
2.9799999999998934,0.41559235285966617,0.010543636487832424,0.416823423774863,0.0007425813416412396,0.41728227996453143,-0.0027466336340324768,0.4175082756963257,-0.009356539428279909,0.41762916481322987,-0.021916482043705866
2.999999999999891,0.4197605294930035,0.009759630731557879,0.4210405026988704,-0.00040485139262021517,0.42153589230616406,-0.00420059908638879,0.4217511960893129,-0.011167287196706836,0.4217853714767937,-0.02416639880709531
3.019999999999889,0.42379622187801713,0.009363585950073736,0.4251483389830519,-0.0011649471489722353,0.425696865820402,-0.0052746461090838505,0.4259180692805876,-0.012609825369115975,0.4258842842400935,-0.02606270165410321
3.039999999999887,0.42779066746612643,0.009443238861738364,0.42924275445514637,-0.0014596407776297446,0.4298618622790382,-0.005896665789909273,0.4301064849444845,-0.013616416933711031,0.4300246619979195,-0.027540732547782144
3.0599999999998846,0.43181487063775503,0.010028068114898682,0.43339417514632406,-0.0012616421540017858,0.4340989594818337,-0.006037183746988969,0.43438376415929103,-0.014152812049288078,0.4342760625728809,-0.028560916228085518
3.0799999999998824,0.4359069033036082,0.011099979037246504,0.43763479357836343,-0.0005868980710016569,0.4384349872920637,-0.005708322525993065,0.43877272221413544,-0.014226660293471423,0.4386590686390923,-0.029126194252954006
3.09999999999988,0.44008768856078095,0.012608951709128628,0.44197812764168104,0.0005147050068315286,0.4428770603638264,-0.004958790610773345,0.44327429268980895,-0.01388468739322989,0.44316860473665826,-0.02928031668825779
3.119999999999878,0.44436759405022863,0.014490234676426858,0.4464279566708411,0.0019771090546875174,0.4474236608021155,-0.0038550641301222073,0.4478813463865321,-0.013192925750675369,0.4477912389341598,-0.029087764350511483
3.139999999999876,0.4487394639785314,0.016679863398196618,0.45097224181170065,0.003735276813599652,0.45205938244244,-0.0024628550096396375,0.45257475741968234,-0.01221696732590089,0.4525032712321146,-0.028612951734390858
3.1599999999998736,0.45317134794206426,0.019114616926389865,0.4555753954517499,0.005726722562627405,0.4567467393502168,-0.0008441452473197826,0.45731490160789645,-0.011017526718556553,0.45726219327054884,-0.027914225387522498
3.1799999999998714,0.45760851276036457,0.021713790204326653,0.4601789338003738,0.007873896740604866,0.46142563938615144,0.0009259112218461024,0.46203975913902634,-0.009666598871975055,0.4620031582161035,-0.027059190035699673
3.199999999999869,0.4619909376275076,0.024367611341462307,0.4647179094890915,0.010071415603470045,0.4660287324027616,0.002745347880273121,0.4666789089900967,-0.008262091074716184,0.4666512432389612,-0.02614049091529856
3.219999999999867,0.4662737824880631,0.026948812211031264,0.4691413928278053,0.012195274282503532,0.4705014921229731,0.004492671311842698,0.4711731561904085,-0.006922556462650529,0.47114060497351073,-0.025272784077289424
3.2399999999998648,0.470434035981005,0.029336268676331722,0.4734213400014469,0.014123806994611686,0.47481288378732184,0.006045286964951128,0.47548710085408663,-0.005772491444924553,0.4754282571697979,-0.024579276825972177
3.2599999999998626,0.4745002103413714,0.03141791810981903,0.4775853088704778,0.015738645275153423,0.4789904082762501,0.007278863257394187,0.4796445623611023,-0.004943473269565602,0.4795303267370301,-0.024195486802579273
3.2799999999998604,0.4785618116011927,0.033114109883931965,0.48172166270471245,0.016951898115779657,0.4831204727589621,0.008097315091259959,0.4837263031673815,-0.004535883690402171,0.4835217968566826,-0.024235976574760808
3.299999999999858,0.4827100372836727,0.034375402232663416,0.48591950294316727,0.017715340372659098,0.4872920059358508,0.008452184997211617,0.4878215496571177,-0.004604211412282779,0.4874874599277665,-0.024763488055575184
3.319999999999856,0.486992466843006,0.03518365503405098,0.49022665900845386,0.01801486886354562,0.49155500336436736,0.008333709394462317,0.49198449652226767,-0.005156553255710773,0.4914845659318506,-0.025786765989673464
3.3399999999998538,0.4914181053553267,0.035561151166669955,0.49465649433987585,0.017875959539747056,0.4959277198802437,0.0077700732731640024,0.4962396944656599,-0.006163319565451952,0.49554469382777233,-0.02727594961783964
3.3599999999998515,0.49597766057500803,0.035558912475888146,0.4992059859404311,0.01735200460898025,0.5004129630244164,0.006815994584800711,0.5005965990527669,-0.007569513837448179,0.49968526656190515,-0.029177078785687288
3.3799999999998493,0.5006499565324025,0.035237066988547526,0.5038596519461452,0.016505139031256028,0.5050001831954896,0.005534439343663683,0.5050502554766811,-0.009312009144586407,0.5039085585301512,-0.031427990106354824
3.399999999999847,0.5053979272820328,0.034651927530837505,0.5085845659289501,0.01539437099411652,0.509659908775568,0.003985852343245636,0.5095753832585336,-0.011329143692304307,0.5081953129035769,-0.033966405514614835
3.419999999999845,0.5101631019137046,0.03386296318658091,0.5133256945644414,0.014083574777069662,0.5143398502376496,0.0022370889632255804,0.514123391613116,-0.013550901369715847,0.5125027666854652,-0.03671916654854045
3.4399999999998427,0.51487031199922,0.03295134723947965,0.5180124200053521,0.01265967780916703,0.5189728141920843,0.00037930981450862215,0.5186317076929247,-0.01588146214676042,0.5167754547074167,-0.0395853925309318
3.4599999999998405,0.5194456823194783,0.03202666053818394,0.5225776346907118,0.011237288827869566,0.5234966437539467,-0.0014691859896304015,0.5230443748581591,-0.018198397248725486,0.5209661846822295,-0.04243803268416786
3.4799999999998383,0.5238322933667634,0.03121324964102153,0.5269726984940243,0.009942828886303622,0.5278686510505454,-0.0031808983080938635,0.5273256567211722,-0.020372925936233105,0.5250482857269076,-0.04514678263506622
3.499999999999836,0.5280144026705814,0.030644026349022434,0.5311892525454368,0.008906715588172269,0.5320859079388017,-0.0046264324782527575,0.5314768322183445,-0.022282477412366226,0.5290274241670587,-0.04759361983009308
3.519999999999834,0.5320448321643995,0.030454147309902622,0.5352893667539284,0.008255054478758867,0.5362134459923771,-0.005691505423747487,0.53556772299229,-0.02381942183819919,0.5329765429191757,-0.049681546766506546
3.5399999999998317,0.5360130109306885,0.030738718027464872,0.5393697866480117,0.008070228434956177,0.5403511703525467,-0.006304056927137942,0.539699826313778,-0.024919240096003777,0.5369999385488231,-0.05135210216990807
3.5599999999998295,0.5399911913285996,0.03153473792094976,0.5435026637752661,0.008383228293780113,0.5445705671148445,-0.0064332646380733105,0.5439433085504022,-0.02555017907831867,0.5411694717565224,-0.052571462621187386
3.5799999999998273,0.5440189520024673,0.03282941277515783,0.5477212238475815,0.009181465657901658,0.548900117888444,-0.0060889114358689605,0.5483222414924378,-0.02571929676029044,0.5455064360879486,-0.05334332650559305
3.599999999999825,0.5481174918920456,0.03457575136443436,0.5520381877160943,0.010417525186809008,0.5533456411379084,-0.005317263761739923,0.5528356654277684,-0.025470945041826887,0.5500031091520926,-0.05370878222604221
3.619999999999823,0.5522975690595022,0.03670925089997273,0.5564558054612638,0.012025928905242065,0.5579023124230726,-0.004183481023825488,0.5574717267566578,-0.024868772857060645,0.5546399371025941,-0.05372855042524266
3.6399999999998207,0.556553539615139,0.039163188504963066,0.5609610482843734,0.013939872238167596,0.5625511738379172,-0.002753674945943272,0.5622056858664577,-0.023976966031324064,0.5593857711613358,-0.05346357425113466
3.6599999999998185,0.5608562458521442,0.041869098956951935,0.5655183714709694,0.01609301567640308,0.5672519386182145,-0.0010919322040925362,0.5669927956200569,-0.022856166699184336,0.5641910527191637,-0.05296968108503947
3.6799999999998163,0.5651553493743878,0.04473971335337483,0.57007063406449,0.018402765761922173,0.571942723344753,0.0007233992556198417,0.5717666215178545,-0.021579337027257287,0.568984393032515,-0.052312839651829264
3.699999999999814,0.5693970327552109,0.047659045129130995,0.5745556618766675,0.02075875083182123,0.5765554078520406,0.0025868905002457074,0.5764528706338699,-0.02024599927940692,0.5736843642187424,-0.05158491837588389
3.719999999999812,0.5735438796099179,0.050495747522033854,0.5789264323886869,0.023033320499511796,0.581035660074509,0.004374113527757292,0.5809891228039359,-0.01897666759856054,0.5782187493667602,-0.05090087778195667
3.7399999999998097,0.5775800421836808,0.053127467025950996,0.5831592176883484,0.025103024411890603,0.5853534930599142,0.005960413024638901,0.585337734655055,-0.017897800749665616,0.5825390958222265,-0.050385224357547914
3.7599999999998075,0.5815403515534049,0.05544432709981199,0.5872861763019785,0.026849774177027916,0.5895381524761276,0.007220072809820512,0.5895210536733801,-0.01714357786756321,0.5866566423281939,-0.05017690817587144
3.7799999999998053,0.5855183380549813,0.057371353390867186,0.5913983953113413,0.028187912209326427,0.5936769085935623,0.008056646718641149,0.5936186443427078,-0.01681791272733208,0.5906419444939885,-0.05039643651052262
3.799999999999803,0.5896056341119268,0.058864272370513844,0.5955849078104596,0.029072327378743445,0.5978582289825171,0.008422337704544487,0.5977185738572878,-0.01697757553125121,0.5945769896236323,-0.05111209570885354
3.819999999999801,0.5938479029948902,0.05990952698080106,0.5998917853817264,0.029492220455132796,0.6021307154626443,0.008309253721275606,0.6018740952109513,-0.017630479860120705,0.5985183198232694,-0.052334694714180535
3.8399999999997987,0.5982521352407131,0.060533103433356654,0.6043312012028651,0.029476333412933802,0.6065123439316105,0.007748182332111415,0.6061103726933073,-0.018745397850501045,0.60249912705983,-0.05403410285005308
3.8599999999997965,0.6028081037144587,0.060788403064575815,0.6089003779593857,0.029080613781995498,0.6110075012854108,0.0067963704730368,0.6104397322096987,-0.020265186827360927,0.6065410395625841,-0.05615513751213126
3.8799999999997943,0.6074941010319196,0.06073576963696583,0.6135845658340112,0.02836818594887992,0.6156079414791175,0.0055184097865337385,0.614861144808051,-0.02212477979272175,0.6106518683258226,-0.05863399146399225
3.899999999999792,0.6122721209516381,0.06042888805354649,0.6183509742729484,0.02739690188328143,0.6202858826067076,0.003974946390544964,0.6193527482566394,-0.024261237281308506,0.6148175272302826,-0.061406586201334976
3.91999999999979,0.6170814480893451,0.05992191362233585,0.6231433074307337,0.026227572035935988,0.6249893774385683,0.002231838853389114,0.6238681731235501,-0.026603756600660458,0.6189995253209274,-0.06439763234451508
3.9399999999997877,0.6218424634387748,0.05928917546238168,0.6278878876915964,0.024943152756078578,0.6296502315856882,0.0003788009246984391,0.6283461966577346,-0.029055771457676807,0.6231464393048309,-0.06750367462819672
3.9599999999997855,0.6264745584789989,0.05863366458292974,0.6325130908420618,0.02365460525356768,0.6342045317042727,-0.0014671364042151136,0.6327320577037691,-0.031494134035236605,0.6272155962726389,-0.07059530675972714
3.9799999999997833,0.6309127848253621,0.05807480623771749,0.6369652005708233,0.022485750400161816,0.6386077363210685,-0.003179475465596954,0.6369913891699456,-0.03378989781602979,0.6311851282570973,-0.07354121416487606
3.999999999999781,0.6351324399859545,0.05774608135592534,0.6412306104423003,0.021565870705123107,0.6428529240923402,-0.004633043504841068,0.641123922597111,-0.035821560046987284,0.6350646966596162,-0.07622189666815397
4.019999999999779,0.6391752275057122,0.057780843539022506,0.6453637971770165,0.02102173152191303,0.6470029211468334,-0.005710401899687931,0.645197993075311,-0.03748398829849225,0.6389235384499273,-0.07854750920913083
4.039999999999777,0.643124826451241,0.058278290886428434,0.6494576294687054,0.020937743973667097,0.651155514328459,-0.0063397455022294975,0.6493145029501258,-0.03871602301684356,0.6428649472955515,-0.08046618283980986
4.059999999999775,0.6470538709430323,0.05928107721979433,0.6535850457995344,0.021346999507845757,0.6553822359135929,-0.0064914093846800735,0.6535447821850211,-0.03948835912866149,0.6469639399554952,-0.08194789740892257
4.079999999999773,0.6510051626698308,0.06078115998943756,0.6577821690735425,0.022239159420749846,0.6597135532289835,-0.006174940317307881,0.6579150926091161,-0.03980878857623256,0.6512447088280329,-0.08299793162513257
4.0999999999997705,0.6550032457565416,0.06273549467790232,0.6620646494588008,0.023569266185036925,0.6641574009021477,-0.005435211016995362,0.6624261268354305,-0.03972085705469583,0.6557008593089273,-0.08365690167686143
4.119999999999768,0.6590616856879963,0.06508232443857326,0.6664369707627356,0.025273971778306942,0.6687103491881904,-0.004335487481686027,0.66706660645832,-0.03928637315382926,0.6603126283095584,-0.08398355546683645
4.139999999999766,0.6631775659739184,0.06775569523296016,0.670887947305673,0.027287590752714214,0.6733543247477513,-0.002940089924889041,0.6718117022201584,-0.03856699807436364,0.6650479356879794,-0.08403550313487455
4.159999999999764,0.6673251859674593,0.07068559690163864,0.675384058509405,0.02954355289100163,0.6780498273379095,-0.0013117338402006567,0.6766163180369,-0.0376203481861672,0.669856051880665,-0.08386383899393374
4.179999999999762,0.6714593196508157,0.07378145724500756,0.679870834070409,0.03195789873864407,0.6827356964487762,0.0004721627831862712,0.6814130526053338,-0.036515995824974584,0.6746633816402726,-0.0835284807691798
4.1999999999997595,0.675533030662115,0.07692355202059366,0.684289417053365,0.03441837977983606,0.6873442245924254,0.0023066828351990597,0.686125445079408,-0.03535019266026678,0.6793841845922156,-0.08311479423118007
4.219999999999757,0.6795165925496298,0.07997774742135459,0.6885963871988854,0.03679569118641516,0.6918211407031706,0.004067531108260994,0.6906878140014192,-0.034240950732198815,0.6839399249818309,-0.08273211095391807
4.239999999999755,0.683401472799395,0.08282075177393153,0.6927716316717253,0.038965795475085496,0.696136710435316,0.005629470739961765,0.695058466652107,-0.033312041234982125,0.6882748527679393,-0.08250059062352669
4.259999999999753,0.6872292416434095,0.08534541805699311,0.6968509099034182,0.040812096429759206,0.7003200714743829,0.006866220260963267,0.6992552768495633,-0.03269653823852746,0.6923917353779816,-0.08255841431974502
4.279999999999751,0.6910984207865517,0.08748176766806406,0.7009278771634242,0.042251177583529906,0.7044577405408436,0.007684303439639934,0.7033573876161022,-0.03250434465294442,0.6963546770586865,-0.0830307091485779
4.2999999999997485,0.6951029060913397,0.08918935631736086,0.7050927599009561,0.04323884955931621,0.7086391094781609,0.00803336383933734,0.7074506184305762,-0.03279553131162155,0.7002416506878838,-0.0839919151769283
4.319999999999746,0.6992874262307819,0.09045622703059301,0.709390591070658,0.04376432485196363,0.712912243622106,0.007903446085031999,0.7115864328075125,-0.03358088968300662,0.7041073558834937,-0.08545798899759652
4.339999999999744,0.7036551951618345,0.09130900240658305,0.7138305987450244,0.04385660599747155,0.717293165765641,0.007324680873996183,0.7157883989218224,-0.03483054993310768,0.7079841743671877,-0.08740167339313779
4.359999999999742,0.7081915127641792,0.09180169964322946,0.7184068124605397,0.04357241522370851,0.7217842409092939,0.0063548245287081955,0.7200680315140205,-0.036487460926954464,0.7118940970823906,-0.08976880651891837
4.37999999999974,0.7128709802388825,0.09199501695865536,0.7231021266466542,0.04297578147386704,0.7263760329220724,0.005059677561058315,0.7244246422418735,-0.038485555631168775,0.7158466614567985,-0.09249491783166564
4.3999999999997375,0.7176530029906413,0.09194185149711466,0.727882346573078,0.04212494175483899,0.7310404820288678,0.0035013428957543524,0.7288377717462351,-0.040759882593769566,0.7198308435358591,-0.09551347717688828
4.419999999999735,0.7224746426661971,0.09169367557160976,0.7326902506698454,0.04108002547109101,0.73572615932853,0.001746915581992421,0.7332637179580821,-0.043237004785123566,0.7238131983178826,-0.09874544459940475
4.439999999999733,0.7272532255156285,0.09132034569739449,0.7374510855228769,0.03992218685434727,0.7403660903041986,-0.00011326325537289808,0.7376455241522969,-0.045817892076747996,0.7277500640015424,-0.10208367908016967
4.459999999999731,0.7319036107957055,0.09091964245328792,0.742091587872238,0.03875994937618086,0.7448979554051177,-0.00196232175336192,0.7419338641733858,-0.04837796338489101,0.7316084930766515,-0.10539670968091132
4.479999999999729,0.736355084891863,0.09060630997585792,0.7465557325202415,0.03771484144392225,0.7492785526862695,-0.0036743781533339205,0.746099672878696,-0.05078790922787936,0.735376060571545,-0.10855295733141287
4.499999999999726,0.7405757821932454,0.09051013852114559,0.7508276285849829,0.036918184887535524,0.7535037377769479,-0.005123110104952874,0.7501491883966263,-0.05292660246986621,0.7390701566493485,-0.11143646963422621
4.519999999999724,0.7446012992503525,0.09076862638497815,0.7549587062747533,0.03649490061814259,0.7576373587227785,-0.006192488580761968,0.7541564390999275,-0.05469055880413462,0.7427721601478285,-0.11395933460893895
4.539999999999722,0.7485097937651953,0.09148468725946525,0.7590401613062183,0.036530862006857595,0.7617775210550374,-0.006811490550864737,0.7582245554385251,-0.05602188790705244,0.746590275320072,-0.11607550089443594
4.55999999999972,0.7523712181333289,0.09270352519780163,0.7631444816957523,0.03706095456669383,0.7659955864354212,-0.006951248654031033,0.7624246861832744,-0.05689436373301309,0.7505983140076652,-0.11776085533681069
4.579999999999718,0.7562293113036034,0.09441909288814329,0.7673086702441765,0.03807565735820369,0.7703220328149216,-0.006622151827638332,0.7667819385534674,-0.05731765562159996,0.7548176579683356,-0.11902347154135846
4.599999999999715,0.7601115100952207,0.09659035501221548,0.77154998339845,0.03953070595420901,0.7747650169705688,-0.0058694117213514965,0.7712954439070324,-0.05733607086584048,0.7592384535364765,-0.11990459632909276
4.619999999999713,0.7640345355193165,0.09915749146873476,0.775874250892834,0.04136353245166384,0.7793209053096911,-0.004756052190144738,0.7759518703964896,-0.05701126747660234,0.7638370546365867,-0.12046223381025734
4.639999999999711,0.7679981924514435,0.10205554097581097,0.7802710051615839,0.04350887164422204,0.783970781930084,-0.003345814823254107,0.7807239379107468,-0.05640389158256547,0.7685774400186977,-0.12075195067266419
4.659999999999709,0.7719796088532245,0.10521376201042443,0.7847072382399495,0.04589962430911974,0.7886739110458205,-0.0017009413018247747,0.7855638276726953,-0.055569858182306024,0.7734049811586056,-0.1208214811786684
4.679999999999707,0.7759378414781803,0.10853919677598346,0.789129697023219,0.04845020330495631,0.7933678988815809,0.0001011898556249903,0.7904009767081216,-0.05457667438867154,0.7782415481224293,-0.12072626236449517
4.699999999999704,0.7798322650189268,0.11190918312010095,0.7934819615847932,0.051046179530505616,0.7979841033905646,0.0019552267903771726,0.7951552217843811,-0.05351867485067771,0.7829956022944946,-0.1205468868302282
4.719999999999702,0.7836405941379642,0.11518724115391626,0.7977239417007375,0.05355617418322703,0.8024677208603758,0.003736027882021421,0.799756929942552,-0.05251267191268389,0.7875817963902549,-0.12038878493053859
4.7399999999997,0.7873614044857138,0.11824878432441326,0.8018389970007095,0.05585460281034659,0.8067885172419547,0.005318272258087909,0.8041609492561462,-0.051682740822513895,0.7919373043008109,-0.12037063507002956
4.759999999999698,0.7910424840348818,0.12098851598250324,0.8058662205894834,0.05782519365483352,0.8109754933088672,0.006576206048595404,0.8083817497166492,-0.051163539241412585,0.7960568627675242,-0.12063193295994999
4.779999999999696,0.7947867035571718,0.12334199200544092,0.8099022199709623,0.05938702169108605,0.815116677004136,0.007412654603504475,0.8124931406162776,-0.05106469112720566,0.7999960710822969,-0.12129754494209084
4.799999999999693,0.7986909214807758,0.12527398867944495,0.8140392342855318,0.06049858977569923,0.8193014959549846,0.007778318166830353,0.8165806570625692,-0.05144905881494081,0.8038301321682745,-0.12244696455106546
4.819999999999691,0.8028009772971552,0.12677454265877988,0.8183232382791827,0.06115023617855007,0.82357842373131,0.007663676454348848,0.8206971700530341,-0.05232920115397693,0.8076148072036051,-0.1240998713489109
4.839999999999689,0.8071183636703764,0.12786994768178023,0.8227628382147494,0.06137098996095641,0.8279638785738673,0.007098748934950275,0.8248683342191,-0.05367643784125017,0.8113855859571283,-0.12623168594078696
4.859999999999687,0.811624888481775,0.12861336832159545,0.8273504666507129,0.06121748039585266,0.8324605695764719,0.006141187497572112,0.8291080048170386,-0.055434464399451856,0.8151684642615007,-0.12879031454429352
4.879999999999685,0.8162915317090518,0.129064610420479,0.832067323116083,0.06075369108672576,0.8370594917492514,0.0048569034945325105,0.833417842398685,-0.057537398938561836,0.8189772009468438,-0.13171246305211248
4.899999999999682,0.8210748041018241,0.12927511118001142,0.8368777849059775,0.06003747970188826,0.8417330570499613,0.0033082127073467524,0.8377795682237534,-0.059919826503460775,0.8228048821430074,-0.1349315227839487
4.91999999999968,0.8259090425645329,0.12929352813648162,0.8417230229925428,0.05912784530751462,0.8464300666759245,0.0015623641106364374,0.8421515540848291,-0.0625072021024986,0.8266224286893729,-0.13836704733453753
4.939999999999678,0.830707742215161,0.1291854856356219,0.846525781168724,0.05810413981966809,0.851083289723555,-0.00029019358287628907,0.8464790508483636,-0.0651989360890652,0.8303914089009732,-0.14190965643494557
4.959999999999676,0.8353803139519617,0.12904404054675508,0.8512093268466019,0.057072960040927954,0.8556297843326923,-0.0021324705953162807,0.8507152180925995,-0.06786893294294567,0.8340849369887295,-0.14542584657401955
4.979999999999674,0.8398496750906128,0.12897959460391634,0.8557138443986626,0.05615406257820455,0.8600257186942651,-0.003838695164741526,0.8548336149804933,-0.07038708573297991,0.8376966593258786,-0.14878320541347578
4.999999999999671,0.8440765691363527,0.12912031326238368,0.8600194321255459,0.05547795704966732,0.8642653382978719,-0.005284095573100214,0.858841986648218,-0.07263281331670637,0.8412481638068567,-0.15186696225882937
5.019999999999669,0.8480879334333067,0.12960407343770627,0.8641725317579658,0.055170346901075175,0.8684117465039719,-0.006351672592645072,0.8628153629366222,-0.07450498945453682,0.8448228914442873,-0.15459380673464287
5.039999999999667,0.851955478205045,0.13053726607901098,0.8682608997414126,0.05531925681044641,0.872562058595902,-0.0069701422313284845,0.8668574993621236,-0.07594804388078948,0.8485304432411168,-0.15692262237055568
5.059999999999665,0.855746325923047,0.1319682813064986,0.8723555426862625,0.05596122575933922,0.8767866725406878,-0.007110657314699442,0.8710397360131166,-0.07693694815980502,0.8524457560558413,-0.15883220315188779
5.079999999999663,0.8595046795026516,0.13389297713902973,0.8764936713382303,0.05708733958115884,0.881115596828377,-0.006783870360469511,0.8753865569296501,-0.07748190904135922,0.8565895994516979,-0.16033136941263865
5.09999999999966,0.8632608999304817,0.13627168933754233,0.8806942910166254,0.05865349075720904,0.8855571894827984,-0.0060353674672338565,0.8798959168075922,-0.0776274772836378,0.8609498974416515,-0.1614609407318572
5.119999999999658,0.8670357409594643,0.13904583495897133,0.8849657499374217,0.060597272320806875,0.8901085177488365,-0.0049283717079879165,0.884553334801341,-0.07743528425380823,0.8655003763748352,-0.16227798184047035
5.139999999999656,0.8708330431231057,0.1421511221213823,0.889300088710766,0.06285348769477048,0.8947515211422494,-0.0035265251528269403,0.8893307107939624,-0.07696542541308977,0.8702029456245624,-0.1628364387511649
5.159999999999654,0.874633989616824,0.14551642161045392,0.8936666579825917,0.06535476509193812,0.8994462824536653,-0.001891660283922088,0.8941796675255576,-0.07627244166664322,0.8750016115311734,-0.16318119224079117
5.1799999999996515,0.8784027527342481,0.1490474257048822,0.8980149086027379,0.06801483644732144,0.9041311556856405,-0.00010051165020285091,0.8990288430874087,-0.0754215558844331,0.8798166472685247,-0.1633632005417345
5.199999999999649,0.8821053766701361,0.15262004823777667,0.9022917760712601,0.07071851774717765,0.9087381322081683,0.0017423366593642723,0.9037965183486587,-0.07450430261953091,0.8845535602874247,-0.16345746957283752
5.219999999999647,0.8857269357626234,0.15609715244725234,0.9064608170052855,0.0733339749393542,0.9132128080626699,0.003512471221841898,0.9084106463661304,-0.07363484714075233,0.8891224026197008,-0.16356388881263542
5.239999999999645,0.8892726848035684,0.15935432252370582,0.9105087812413677,0.0757355218859306,0.9175252355144997,0.0050847883901904865,0.9128229936092512,-0.07293538232080303,0.893454533942236,-0.16379616040883144
5.259999999999643,0.8927959515708583,0.16228900103336044,0.9144779949023735,0.07780811352131595,0.921704770246059,0.006333412430614839,0.9170444709727359,-0.07254070431744458,0.8975376421890688,-0.16429235584935623
5.2799999999996405,0.8964029780234158,0.16484252528887208,0.9184672811132519,0.07947343446034685,0.9258392831621975,0.007161985348593474,0.9211473681016846,-0.07256295265482453,0.9014218156963063,-0.16518354637960472
5.299999999999638,0.9001927714622994,0.16698504610941828,0.9225702053449766,0.08069236814732496,0.9300185656261538,0.007520785942763718,0.9252153632051563,-0.07306739369075961,0.9051771435845527,-0.16655260254014723
5.319999999999636,0.9042122157145952,0.16870881549528768,0.9268332667478657,0.08145614810661538,0.9342913619210632,0.007399832534455501,0.9293007420939106,-0.07406823325286824,0.9088574789323333,-0.1684220428337263
5.339999999999634,0.9084615587095412,0.17003955846180407,0.931264230990019,0.08179346605070853,0.9386739570425637,0.006828590893027466,0.9334294791476837,-0.07553782789049407,0.9124988334753787,-0.17076933811861508
5.359999999999632,0.912919411757613,0.17102872595123028,0.9358535151092527,0.08176017363658668,0.9431684410282148,0.005864211906447415,0.9376161448172057,-0.07742059154237561,0.9161290098159219,-0.17354402990833112
5.3799999999996295,0.9175530245738119,0.17173406653818393,0.9405799582445749,0.08141939291154496,0.947764995315942,0.004572320801892502,0.9418632248539581,-0.07965086391681588,0.9197641230606688,-0.1766836652783076
5.399999999999627,0.9223157585715358,0.17220457962217647,0.9454058824611407,0.08082802171138623,0.9524353496403924,0.003015286016174311,0.9461534148559377,-0.08216259930193415,0.923400067530454,-0.18012104714938654
5.419999999999625,0.9271391993652623,0.17248559370151778,0.9502706590212586,0.08004378440969333,0.9571279528524982,0.0012607247236405695,0.9504467169756565,-0.08487968709150313,0.9270118901556896,-0.18377367577488654
5.439999999999623,0.9319333982157638,0.17263836384513273,0.9550949860371843,0.07914439751150397,0.9617756019033554,-0.0006003961592573324,0.9546912174169072,-0.08769949949121453,0.9305675129962108,-0.1875296088867801
5.459999999999621,0.936602967923238,0.17275127177740365,0.9597995575609286,0.07823480952442255,0.9663156632553118,-0.002450583366032945,0.9588439766226495,-0.09049417794491418,0.934048163342399,-0.19125360321971663
5.4799999999996185,0.9410651360250379,0.17293063110369228,0.964321710026539,0.07743350443378548,0.9707047387157312,-0.004163623714061858,0.9628827148560881,-0.09313246463689757,0.9374556715673534,-0.19481271427685465
5.499999999999616,0.9452739852770914,0.17330140471579142,0.9686383514038515,0.0768709178182636,0.9749380655520217,-0.00561396668389271,0.9668195464986485,-0.09549367751216123,0.9408192358287192,-0.19809329426559358
5.519999999999614,0.9492496765492621,0.17400449559057346,0.9727934465420653,0.07667403811063885,0.9790793231936766,-0.006684929423577916,0.9707333264016726,-0.09747865353048162,0.944228286449599,-0.20101689297970318
5.539999999999612,0.9530580641202736,0.17515026592545346,0.976872821841962,0.0769332714485718,0.983226060047488,-0.007305325878954041,0.97472985376154,-0.09903495769290648,0.9477952199131229,-0.2035491495098602
5.55999999999961,0.9567629702208771,0.1767901469541186,0.9809463257595977,0.07768696361601242,0.9874487605650409,-0.007446401382362456,0.978881221996969,-0.10013989750456602,0.9515960920171322,-0.20567359070605643
5.5799999999996075,0.9604082796356929,0.17892181291235235,0.9850510940520265,0.07892689970726674,0.9917772371042999,-0.007119049903729952,0.9832114725306256,-0.10080462913141923,0.955650950394235,-0.2074004582576961
5.599999999999605,0.9640263610842392,0.18150679831334368,0.9892071595055825,0.08060910370365487,0.9962196876631026,-0.006369216959156716,0.987717192987361,-0.10107394144848596,0.9599452382225899,-0.20877010884068456
5.619999999999603,0.9676412863949476,0.18448740901718075,0.9934245686238662,0.08267105626816007,1.0007731540473968,-0.0052605168104691135,0.9923821585976149,-0.10100940468430164,0.9644493641656146,-0.2098384071184673
5.639999999999601,0.9712605716459554,0.1877995238244071,0.9976971707374667,0.08504713549805563,1.005419591101075,-0.003856889243326332,0.9971765942316043,-0.10067061552811928,0.969122122332768,-0.21065741009161354
5.659999999999599,0.9748693721089906,0.19137110354918718,1.0019960963784846,0.08766907465465382,1.0101190049252888,-0.0022202990610355805,1.0020505028895446,-0.10011089238486003,0.9739048410398136,-0.21126894536200966
5.6799999999995965,0.9784370401148976,0.19510611397370742,1.006272973339707,0.09044926631775375,1.0148095060679965,-0.0004274816211616029,1.0069304033335842,-0.09939344110060414,0.9787145980613391,-0.21171937689537615
5.699999999999594,0.9819364194429768,0.1988789339164284,1.0104776398577697,0.09327116006595397,1.0194227193999703,0.0014170317539543963,1.0117315532650917,-0.09860741964817092,0.9834521946985123,-0.21207814648915596
5.719999999999592,0.9853600888990685,0.2025519526669541,1.0145770192782746,0.09600201514019971,1.0239038715341597,0.003188898652748246,1.0163782490525928,-0.09786486091409496,0.9880215975892991,-0.2124397686538119
5.73999999999959,0.9887200739825145,0.20600124369231335,1.0185610103886868,0.09851583327437655,1.0282225249898485,0.004763351484661071,1.0208185593679937,-0.09728671602855862,0.99234731633476,-0.2129140817780538
5.759999999999588,0.9920751953504959,0.20912720218263933,1.0224745586859176,0.10069868755348317,1.0324073438854047,0.006014896993027857,1.0250592206512592,-0.09700809542591492,0.9964084458574396,-0.2136382365074105
5.7799999999995855,0.99553463217799,0.2118771376561485,1.0264183178458843,0.1024750693823934,1.0365460632626542,0.006846495004295737,1.0291675912137928,-0.09714139181437025,1.0002465092642687,-0.21474327970940926
5.799999999999583,0.999198890493436,0.2142269573835256,1.030486819706286,0.10380860688976089,1.0407280988911245,0.007208851991899973,1.033225615057889,-0.09775418337220773,1.0039270861862757,-0.2163158530582847
5.819999999999581,1.003115500327614,0.21617172884580196,1.034727061982691,0.10469196590663499,1.0450022634266274,0.007092222868031829,1.037285571842182,-0.09886219158864676,1.00750318812122,-0.21838153020888035
5.839999999999579,1.0072837320703316,0.2177371592512259,1.0391464879058754,0.10515405556212863,1.0493852410965787,0.006526111445994158,1.0413747506263047,-0.10043861057378328,1.0110126565192168,-0.22092003642402352
5.859999999999577,1.0116797034974598,0.21897325339200602,1.043734398743527,0.10525031037802071,1.0538795776877754,0.00556751823899631,1.0455098009794157,-0.10242846174068965,1.0144867097353476,-0.2238828526526615
5.8799999999995745,1.0162676334601752,0.2199355832760295,1.048468163795664,0.10504302688386317,1.058475802856979,0.004281800860808493,1.0496954380898174,-0.10476644748181532,1.0179454140579776,-0.22720893272543385
5.899999999999572,1.0209982143274043,0.22067025015711986,1.0533086817280388,0.10458781806297612,1.0631458759169246,0.0027310204765787246,1.0539164632622404,-0.10738640775389062,1.021388715106252,-0.2308314574974557
5.91999999999957,1.025800509682918,0.22121859544678,1.0581937951126252,0.10394054503985826,1.0678383883693974,0.000982507884282146,1.0581351553860856,-0.11021153408396414,1.0247964157405949,-0.23466722475367752
5.939999999999568,1.0305811317770295,0.2216367951707394,1.0630420487372088,0.10317662056005188,1.072486195194526,-0.0008729953971944916,1.0623024960516183,-0.11313817285149538,1.0281426658908472,-0.23860321920813474
5.959999999999566,1.0352397305558405,0.22200792049217777,1.067771172946702,0.10239876428382413,1.0770266334612566,-0.0027181345414891336,1.066379009134363,-0.11603762878362925,1.0314160304617312,-0.24250378478431137
5.979999999999563,1.0396876153002772,0.2224337005417364,1.0723151639346657,0.1017237347262181,1.0814162266493015,-0.004426745408369888,1.0703458771320125,-0.11877826485514056,1.034625421104644,-0.24623652458533413
5.999999999999561,1.0438718995904432,0.22303657647485492,1.0766472649938568,0.10128138751698129,1.085650147219244,-0.005873195917154637,1.0742184344941044,-0.12123990017573423,1.0378060509150453,-0.24968972927487953
6.019999999999559,1.0478047878795052,0.22395818664083175,1.0808077618941303,0.10119972964388584,1.0897919483811054,-0.006940890703825187,1.0780781632474772,-0.12332548358022875,1.0410515017749629,-0.25278990028246473
6.039999999999557,1.0515458856518545,0.22531251609473027,1.0848799397507833,0.10157166788619551,1.0939392310132803,-0.0075583986006836305,1.0820322876277837,-0.12498520798554812,1.0444759693901147,-0.25550859697428624
6.059999999999555,1.0551560262405315,0.22715461964783676,1.088932536784603,0.10243771127144428,1.0981625108611222,-0.007696613993372485,1.086153495023573,-0.1261980020937559,1.0481563721370037,-0.2578331122313387
6.079999999999552,1.0586790284151237,0.22948459331454113,1.09300272291139,0.1037907916821671,1.1024914255265976,-0.007366170258816082,1.0904653407928222,-0.12697534289207194,1.0521120630246097,-0.259774304176916
6.09999999999955,1.0621492779703858,0.23226567267059192,1.0971115178082669,0.1055874570713486,1.1069338584534547,-0.006612910846006407,1.0949628534539992,-0.12736167216898617,1.0563259595904344,-0.2613712363064478
6.119999999999548,1.065594110316948,0.23544139377900597,1.1012705781362666,0.10776533339260273,1.1114865770760407,-0.005500506635736084,1.0996277753969355,-0.12741799962990155,1.0607650300447138,-0.262677768181203
6.139999999999546,1.0690247976837124,0.23894800312881928,1.1054755904658289,0.11025845980727333,1.1161313958002166,-0.004093080401249381,1.1044284515063685,-0.12720317022506442,1.06538491245716,-0.26374356158452594
6.159999999999544,1.0724307160861866,0.24271270053781238,1.1096996894281739,0.11299763793795393,1.120828321020332,-0.002452843121989595,1.1093133325424067,-0.1267693643534602,1.0701245109550468,-0.2646073764364341
6.179999999999541,1.0757867032129598,0.24663795083043918,1.1138970844925904,0.11589388196296309,1.1255155966651678,-0.0006567611844878397,1.114207320680926,-0.1261780970124998,1.0748984957284717,-0.26531137799034565
6.199999999999539,1.0790726224066918,0.2505969385044456,1.1180210003746294,0.11882932528942715,1.1301250882947964,0.001190482127404862,1.1190235476179242,-0.1255165120047469,1.079604266382187,-0.2659199602977997
6.219999999999537,1.0822886310109403,0.2544520136518987,1.1220421567913736,0.12167047451355228,1.1346022976432855,0.002964496572844708,1.123683652191106,-0.12489478889671932,1.0841411417949354,-0.26652268247206945
6.239999999999535,1.0854534929338686,0.25808026218052194,1.1259540451235697,0.12429120511295016,1.1389171167435637,0.004540388632998589,1.1281327997898485,-0.12443275709700984,1.0884281980406392,-0.2672252142054087
6.259999999999533,1.0886313376687193,0.2613855514081683,1.1298049755705761,0.12657891306085065,1.143098678599413,0.005792486691702777,1.1323744747086395,-0.12426603008953781,1.0924377728639487,-0.2681635266442734
6.27999999999953,1.0919339636995922,0.26432127685304485,1.1336976772457323,0.12846087780492735,1.1472347880288272,0.006624061764534565,1.1364736440185992,-0.12450864698076383,1.0962048781834552,-0.2694725853592705
6.299999999999528,1.0954628956713024,0.2668689298000586,1.137727534604647,0.12990342962998946,1.1514149109570306,0.006985907559290103,1.140510509504817,-0.12523035219691558,1.0997901364503886,-0.2712420667375091
6.319999999999526,1.0992657751988006,0.2690262947755603,1.1419416060762608,0.13090067553701004,1.155687824440302,0.0068684738769559835,1.1445369076304819,-0.12644806054039182,1.103244928638908,-0.273499914996584
6.339999999999524,1.1033405119789284,0.27081908891142775,1.1463465381080982,0.1314818381315132,1.1600702404319683,0.0063014276880565415,1.1485808575272094,-0.12813552160122163,1.1066081329828479,-0.27622761122805184
6.359999999999522,1.1076606197417243,0.2722959241446847,1.15093017583395,0.1317020748390106,1.1645647692469434,0.005341851941971958,1.1526605220448247,-0.1302381076854527,1.1099136198706245,-0.2793782601561498
6.379999999999519,1.1121873958887747,0.27351020709054674,1.1556682140044279,0.13162298210009563,1.1691619517586633,0.0040550938736009885,1.156782361795962,-0.1326906251724836,1.1131847680394993,-0.28289196168111286
6.399999999999517,1.1168691101772796,0.2745050870291517,1.1605200044649004,0.131298967253592,1.1738336676712238,0.0025031326822115645,1.1609328565230517,-0.1354265340716929,1.1164250698194138,-0.2867019930250152
6.419999999999515,1.1216326791269258,0.2753177847350782,1.1654218026650158,0.13078405829798645,1.1785283446615877,0.0007532023614882142,1.16507615460958,-0.1383680402163387,1.119618680428328,-0.29072412380377
6.439999999999513,1.1263817840416428,0.27599914855032154,1.1702900257668944,0.13015134611707188,1.1831786215103173,-0.0011040109230759324,1.1691657687716452,-0.14141015018508085,1.1227456776989697,-0.2948439298682221
6.459999999999511,1.131011663427121,0.27662655655941326,1.1750395368991318,0.12950125979814198,1.1877216166764275,-0.0029511373843375275,1.1731654361723207,-0.1444230221825333,1.1258018080604932,-0.29892506286806014
6.479999999999508,1.1354281502342143,0.2772967286466018,1.1796011016479608,0.12894876926332446,1.1921136891741282,-0.004661947018113298,1.17705970973837,-0.14727441883604783,1.128803071263779,-0.3028355528620876
6.499999999999506,1.1395717233491944,0.2781290171911359,1.1839445158187687,0.12862325653154597,1.196349624970801,-0.006111173643714531,1.180866716783527,-0.14984448631692265,1.1317903601550452,-0.3064655037379258
6.519999999999504,1.1434468497608854,0.27926563081694483,1.1881063337542663,0.12865340343420392,1.2004929949219407,-0.007181808687640573,1.1846701348837123,-0.15203849294410454,1.1348604478308681,-0.30974660090489714
6.539999999999502,1.147106842539569,0.2808237825476141,1.1921672957425629,0.1291343060243878,1.2046413502799396,-0.007802447062947151,1.188578388258652,-0.1538096771085852,1.1381286982192709,-0.3126567927586919
6.5599999999995,1.1506094416193744,0.2828619462082047,1.1961952162788683,0.13010845992697717,1.2088652570695047,-0.007944087284066178,1.1926648929792938,-0.15513902014252534,1.1416728854494747,-0.3151877896975913
6.579999999999497,1.1539983417833828,0.285382743516059,1.20022757868604,0.13156994747413364,1.2131945036860232,-0.007617337250834118,1.1969532009709283,-0.1560386620947044,1.1455121796184855,-0.31735165921659825
6.599999999999495,1.1573097717533174,0.288351382179347,1.2042866065461677,0.13347599169472538,1.2176371112718676,-0.006867962232846852,1.2014374325326083,-0.1565528780538098,1.1496277901797838,-0.31918656231851344
6.619999999999493,1.1605740190058176,0.29171292752281036,1.2083856387841156,0.1357645791097275,1.2221899611322748,-0.005759561243608113,1.2060979235034754,-0.15674212081670555,1.1539841193727878,-0.3207445029185617
6.639999999999491,1.1638058080686642,0.2954042297701208,1.212522166691178,0.1383696294050891,1.2268349832336403,-0.004356208707368785,1.2109016405169732,-0.15666430133480594,1.158534442812235,-0.3220726241996351
6.6599999999994886,1.1669985681305675,0.29935188547274844,1.2166712482979405,0.14122120031601149,1.231532300063459,-0.002720072356206666,1.2157958152680637,-0.15637009935404775,1.1632158931265932,-0.32320619322875205
6.679999999999486,1.1701326083467871,0.3034570102594341,1.2207895481418913,0.14422906738865648,1.2362202324698184,-0.0009280593106332159,1.220703820837697,-0.1559188394926294,1.1679411364856367,-0.32418244017190495
6.699999999999484,1.1731948734982864,0.3075917981100981,1.2248334928264386,0.14727412506759383,1.2408306501465949,0.0009152187517979639,1.2255364660329857,-0.15539510920978938,1.1726042361709827,-0.3250597453780305
6.719999999999482,1.1761931560686862,0.3116187962519523,1.2287773918340075,0.15022214722491994,1.2453089999986016,0.002685453869185039,1.2302123534106837,-0.15490673636607433,1.1770996729235368,-0.3259216684839138
6.73999999999948,1.179152996805115,0.3154163407149518,1.232618101465488,0.1529469394799538,1.2496250993662161,0.0042578358264601865,1.234673254473059,-0.15457171298735312,1.1813406917135345,-0.3268688381852398
6.7599999999994775,1.182143769738015,0.3188920295243903,1.2364068926480563,0.15533730889882943,1.2538079520805072,0.005506739016390925,1.2389187037644944,-0.15452544457819628,1.1852918897699063,-0.3280351313655244
6.779999999999475,1.1852796974208932,0.32200549380155763,1.2402483468309011,0.15732332895379206,1.2579452074841462,0.00633555509443135,1.2430105966805576,-0.15488402147745187,1.188980591272658,-0.32955731542271033
6.799999999999473,1.1886631030901575,0.32474382567999005,1.244238639988248,0.15887382944570125,1.2621262480956417,0.006694893169247833,1.2470269855803349,-0.15571939720675226,1.1924621531260535,-0.33152831051702775
6.819999999999471,1.1923415529611134,0.3271074632141563,1.248424856719021,0.15998414730368204,1.2663997091962376,0.006575068894735258,1.251018958517617,-0.15704997936739792,1.1957860278973966,-0.33397891526242834
6.839999999999469,1.1963114654423508,0.3291220543731503,1.252812759367432,0.16068370808259522,1.270782148404628,0.006005738208409768,1.2550149945948408,-0.1588502848598283,1.1989917617810724,-0.33689274270074565
6.8599999999994665,1.2005437195292454,0.3308347746119101,1.257388675893398,0.16102737412817175,1.2752760691426215,0.005044029455385948,1.259034565838157,-0.1610661400491552,1.2021155706859292,-0.3402247210284846
6.879999999999464,1.2049967688757748,0.3322968706861296,1.2621266533946809,0.1610760969927643,1.2798719628891193,0.0037553468984378164,1.2630858199654518,-0.16363247072852516,1.2051840279248223,-0.3439161984965459
6.899999999999462,1.209616621081452,0.3335485647835823,1.2669846098944326,0.1608831725365221,1.284541707533204,0.0022017274462552278,1.26715705374456,-0.16648229761672478,1.2082043445809807,-0.34790061684816687
6.91999999999946,1.214328272818742,0.3346229365707862,1.2718974042171487,0.16050087635278962,1.2892337945440069,0.00045045546217887747,1.2712146587674713,-0.1695367942636831,1.2111655331974083,-0.3520929269415174
6.939999999999458,1.2190327561331211,0.3355653778798532,1.2767795833662687,0.15999999429223097,1.2938810147063364,-0.001407762563689829,1.2752152642741412,-0.17268972025488277,1.2140543462497866,-0.35637784813578366
6.9599999999994555,1.223621199884445,0.3364473136725809,1.2815434231454699,0.1594785893728416,1.2984206939001735,-0.003255583111074195,1.279126467768087,-0.17581036488103702,1.2168744483791254,-0.3606192315582472
6.979999999999453,1.2279942271604138,0.33736009060393407,1.2861166784717482,0.15904970777236108,1.3028093717833034,-0.00496679877568243,1.2829367043912951,-0.1787661936576978,1.2196494255181298,-0.36468642010415725
6.999999999999451,1.2320857807917376,0.33841967057212874,1.2904656731857385,0.15884177234730565,1.3070422210624055,-0.0064158303957455405,1.286667895942196,-0.18143791849400445,1.2224267682026029,-0.36847215528065885
7.019999999999449,1.2358924369868387,0.3397681731587301,1.294623690850967,0.15898469212147073,1.3111829553898187,-0.00748587890181954,1.2904067845200118,-0.18373305577756815,1.2253077138334203,-0.3719137192423693
7.039999999999447,1.2394609665645135,0.3415255848475077,1.2986689600097219,0.15957578985998655,1.3153292719641179,-0.008105573766400672,1.2942632060606265,-0.18560788486977958,1.2284088930466062,-0.374995689947197
7.0599999999994445,1.2428458584261663,0.34375356435745796,1.3026681312201958,0.1606593518093966,1.3195518413803227,-0.008245941651121733,1.2983110119872878,-0.18704555704449802,1.2318082082510826,-0.3777142545201677
7.079999999999442,1.246090656995206,0.346457237291657,1.3066588471908434,0.16223047995285086,1.3238804943697264,-0.007917604796813834,1.3025733222194413,-0.1880589292775587,1.2355239063162722,-0.3800825588360976
7.09999999999944,1.249233457577156,0.3496039473612129,1.3106644508747014,0.16424705741587958,1.3283232274938606,-0.0071663007923992,1.3070429672257693,-0.18869210693480443,1.2395349462309233,-0.38213763300611947
7.119999999999438,1.2523074933089822,0.353140562397488,1.3146998782240489,0.16664749122620467,1.3328768187341469,-0.006055591213920326,1.3116985185718888,-0.18900495287023217,1.243802724575092,-0.38392934927546957
7.139999999999436,1.2553309112903843,0.35700484998169046,1.318764316360052,0.1693656591384427,1.3375230408984733,-0.004649530932332423,1.3165052014478973,-0.1890544130989186,1.2482777474309998,-0.38550208622868104
7.1599999999994335,1.258301182484972,0.3611231324220262,1.3228346415272603,0.1723309212698146,1.3422218373360717,-0.0030103143241893343,1.3214086665591558,-0.18888969285079393,1.2528950049443346,-0.38688749621547636
7.179999999999431,1.2612041014733022,0.3653955414899279,1.326869916955928,0.1754518158889438,1.3469113539239597,-0.0012149367255182397,1.3263304540656595,-0.188568048291927,1.25756491326429,-0.38811791379814203
7.199999999999429,1.2640336936536083,0.36969368016028176,1.3308297840644976,0.17860797148150737,1.35152331721439,0.0006318475430578831,1.3311788697776819,-0.18817171908049626,1.2621781556590572,-0.3892458651961747
7.219999999999427,1.2668053420920202,0.3738806701293156,1.3346922127226417,0.181664381065005,1.3560030929015674,0.0024055591129058026,1.3358694430821068,-0.187806449310895,1.2666245120905586,-0.39034914062529
7.239999999999425,1.2695512780630156,0.3778364109633221,1.3384575101638836,0.18449471402271733,1.3603204339543933,0.003981330012747514,1.340340730789183,-0.1875888789985569,1.2708116295369636,-0.39152382440781525
7.2599999999994225,1.2723458467874935,0.3814724650260338,1.3421799119204574,0.18698916636179266,1.3645042567092263,0.005233585202590268,1.344588638454921,-0.1876545127141068,1.2746966526037649,-0.39290189837682543
7.27999999999942,1.2753053103821546,0.3847548286965471,1.3459658765085134,0.18908070999146165,1.3686423205589189,0.00606544120002111,1.3486713903689593,-0.18812052878203958,1.2782992240612483,-0.394620515824681
7.299999999999418,1.2785325542624275,0.38767623536942636,1.3499124148128685,0.1907408457011669,1.3728239872643122,0.006427658421649466,1.3526652352192206,-0.18906101678866366,1.281669710319232,-0.3967756860709212
7.319999999999416,1.282075020879616,0.39023972630637394,1.3540667431143902,0.19196623507130736,1.3770979262847867,0.006310656278457288,1.3566209816945651,-0.19049578134556644,1.284856097825466,-0.3994010090364382
7.339999999999414,1.2859276697491946,0.3924707253763851,1.3584338475910072,0.19278650464232394,1.3814807799766073,0.005744158114100443,1.3605680223762529,-0.1924001407041816,1.2878990718402903,-0.4024824127775997
7.3599999999994115,1.2900587969227824,0.39441478106634026,1.3629986287258247,0.19325619908096742,1.3859751909663691,0.0047853451497390535,1.3645275274915774,-0.19472049125206162,1.2908375599682893,-0.40597700848380497
7.379999999999409,1.2944241040553262,0.3961208382495023,1.3677335739177945,0.19343561223370115,1.3905718178035305,0.0034996530452405398,1.3685096312177834,-0.1973920449933737,1.2937015749441303,-0.40982783812479084
7.399999999999407,1.2989674980226125,0.39762613030594135,1.3725952574742166,0.1933769052075568,1.3952426877631998,0.0019491000771120434,1.3725046213251118,-0.20034762106925066,1.2965021382434434,-0.41396902436615307
7.419999999999405,1.303612309498407,0.39895956157729207,1.37751719693006,0.19313053024568483,1.3999363692572366,0.000200891733627067,1.3764810940572114,-0.20350764823008755,1.2992329534228664,-0.4183152330275844
7.439999999999403,1.3082572574765372,0.4001609693724836,1.3824120408907525,0.19276484158984,1.4045856204106852,-0.0016543754043616863,1.38039847695694,-0.20676488121257655,1.3018869415084044,-0.4227507409193805
7.4599999999994,1.3127897255771168,0.40129561116024454,1.3871893721271498,0.19237537832847607,1.4091276456229913,-0.0034994627822391715,1.3842277101259952,-0.20998786378049844,1.3044749371579842,-0.4271397989905905
7.479999999999398,1.3171054637305961,0.40244914406198534,1.391773821007169,0.19207306394789306,1.4135188358763326,-0.005208275560287443,1.3879605813616043,-0.2130438777829866,1.3070273402858985,-0.4313532162342345
7.499999999999396,1.321132099741212,0.4037336576918347,1.3961281560209402,0.19198536579828732,1.4177540393401362,-0.006655528040585652,1.3916218022778573,-0.21581436180220434,1.3095969063370134,-0.43528645702484936
7.519999999999394,1.3248583448304303,0.40529078572735605,1.4002818488099198,0.19224273871920752,1.4218967763521186,-0.007724339750920877,1.3953001498208437,-0.21820927574528465,1.312287508678217,-0.43888233041580277
7.539999999999392,1.3283242684964154,0.407242862965622,1.404310330542927,0.19294451640234742,1.4260445757933027,-0.008343312309153745,1.3991064111127796,-0.22018777362729375,1.315216262099846,-0.4421315630984641
7.559999999999389,1.3315808833047116,0.4096544520529321,1.408279022065114,0.19413683755963063,1.4302680056046202,-0.008483414460952639,1.4031148464328358,-0.22173481713467846,1.3184612621262144,-0.44503438579255405
7.579999999999387,1.3346713954492249,0.41253310073766175,1.4122257082540934,0.19581589286050594,1.434596867906544,-0.00815521852581922,1.4073482329779465,-0.2228637789521645,1.3220401104296062,-0.44760482166068793
7.599999999999385,1.3376356405395466,0.4158483423007782,1.4161748914933334,0.19794026322254255,1.439039165433271,-0.007404425054597522,1.4117982177662796,-0.22361849705226144,1.3259298289083974,-0.4498786311291598
7.619999999999383,1.3405097037788767,0.4195489937287678,1.4201431868672945,0.20044883012501222,1.4435917024083067,-0.006294550929851317,1.4164417832491458,-0.22405818657433782,1.3300892061211242,-0.4519034487801807
7.639999999999381,1.3433151000674786,0.42357394216767075,1.4241315879704555,0.2032755159943286,1.4482362990013264,-0.0048896065637107486,1.4212426828651106,-0.22423880426035356,1.3344664937564255,-0.45372085852871624
7.659999999999378,1.346053346065417,0.427849494805414,1.428118929038089,0.20634911738498132,1.4529329824741772,-0.0032517485826687167,1.4261453686398187,-0.22420806642048846,1.3389952094484052,-0.4553589337379222
7.679999999999376,1.3487157718690213,0.4322751613791635,1.4320668375530319,0.20957714092917681,1.4576200345011006,-0.0014579297746632252,1.4310700540399612,-0.22402109678684742,1.3435843838323693,-0.4568451149792828
7.699999999999374,1.3513035201322294,0.43672242454710714,1.4359383247172042,0.2128382276044939,1.4622293511141886,0.00038715939691334164,1.4359231081345214,-0.22375761404934977,1.3481223042466237,-0.45822590912968975
7.719999999999372,1.3538395315848757,0.44105547574116455,1.439715107380379,0.21599689135398076,1.4667064461508936,0.0021591169060441047,1.4406174650107326,-0.22352099443364457,1.3524949453826185,-0.4595729473713604
7.73999999999937,1.3563626526432133,0.44515618176956073,1.4434010055403714,0.21892690102036094,1.4710212468180281,0.003733003860413711,1.4450886633204545,-0.2234259987229583,1.3566050940361853,-0.46097692390958434
7.759999999999367,1.3589520681945269,0.44894037117874835,1.4470534117639668,0.22152000608272962,1.4752029289090474,0.0049830921469165915,1.4493290572465434,-0.2236078941289179,1.3604030360700012,-0.46256724945804856
7.779999999999365,1.3617258113529844,0.45238052634755105,1.450780662095872,0.2237120684207538,1.4793392475703746,0.005812826191482497,1.4533943906371993,-0.22418628198002233,1.363901036678373,-0.4644831767367292
7.799999999999363,1.3647870378667555,0.45547506826058665,1.4546805358852082,0.2254772039737207,1.483519696745821,0.006172802510449478,1.4573587634432437,-0.22523720809273418,1.3671439562534706,-0.4668232185037311
7.819999999999361,1.368182943246774,0.45822962130559863,1.4588002756315444,0.22681331107373773,1.487792948220766,0.006053344544985671,1.461272229648512,-0.22678176690845367,1.3701776170511304,-0.46962342794323675
7.839999999999359,1.3719070517079048,0.46066925416398186,1.463143963163496,0.22775009021039277,1.4921755350971164,0.005484120669021348,1.4651646174296218,-0.22879602915292585,1.373043156465377,-0.4728718504262989
7.859999999999356,1.3759251375167978,0.46283767101756396,1.4676948985028428,0.2283416197433606,1.496669924000559,0.004522298826117795,1.469058307137501,-0.2312269337391953,1.3757815290910693,-0.4765276442849188
7.879999999999354,1.380190213519648,0.4647812952604139,1.472423817365875,0.2286474158819812,1.501266584659939,0.0032333437129135867,1.4729649669361997,-0.23400991325616502,1.3784255976516044,-0.48053539609569695
7.899999999999352,1.3846441695650875,0.46653422628651137,1.477285785493774,0.2287184703354118,1.5059373801852862,0.001679350705447288,1.4768765389138507,-0.23707741901639487,1.3809898402756597,-0.4848296932327244
7.91999999999935,1.389208820286136,0.4681211241103356,1.4822128974985782,0.22860347751046517,1.5106307674980528,-7.235370468436968e-05,1.4807636995094111,-0.2403488773072956,1.3834726457487883,-0.4893247143170522
7.939999999999348,1.393780817537346,0.4695762121602199,1.4871159478662652,0.22836848404002655,1.5152794688162026,-0.001931032883926168,1.4845888185631382,-0.24371578753676787,1.3858734435675077,-0.49390428923126317
7.959999999999345,1.3982441098595388,0.47095846843864214,1.4919019760209555,0.22810663166846834,1.5198207255515044,-0.0037793188933479406,1.4883265288160372,-0.2470457868518323,1.3882107648120754,-0.49843332905488336
7.979999999999343,1.402489885342521,0.4723476947201579,1.4964926712777902,0.22792684455244014,1.5242110071369308,-0.005491005729530839,1.4919723909581144,-0.2502058488900641,1.3905223611249664,-0.5027844386043058
7.999999999999341,1.4064397133671964,0.47385184561536287,1.5008474309991426,0.22795560893600478,1.5284453040207253,-0.006940697539193563,1.4955545439700986,-0.2530780116044221,1.3928670301293045,-0.5068561128144363
8.019999999999348,1.410074518731255,0.4756117446222111,1.5049922787667425,0.22832422845853187,1.5325872765720039,-0.008011465198057751,1.4991643944013258,-0.25557466385691774,1.395351952422636,-0.5105970696886374
8.039999999999354,1.4134275643778051,0.47775173878522226,1.50899997467163,0.2291340445970637,1.5367345231416825,-0.008631967715038455,1.5029138880727193,-0.2576581207031157,1.3980946229163318,-0.5140047570626292
8.059999999999361,1.4165462354724472,0.48033907095104444,1.5129346950775167,0.2304328802960607,1.5409576447082185,-0.008773302006664709,1.5068776833358366,-0.25931556493464325,1.4011729267900765,-0.517083971305854
8.079999999999368,1.4194732888608932,0.4833836361158639,1.5168343625341734,0.23221788789021458,1.54528649283586,-0.008446145083165326,1.5110782245463195,-0.26056112805094306,1.4046036304766936,-0.5198498737247559
8.099999999999374,1.4222502215452468,0.4868572143254982,1.5207246588035395,0.23444830230060681,1.5497291549019323,-0.007696262919791452,1.5155060562784322,-0.2614385156055013,1.4083618563250413,-0.5223370721945261
8.119999999999381,1.4249159173645567,0.49071071184985643,1.5246239088452282,0.2370634789586312,1.55428252276288,-0.006587205891111965,1.5201366588612162,-0.26200637849763014,1.4124038925489677,-0.5245909985646152
8.139999999999388,1.4274952364268556,0.49488432257392095,1.5285349249703695,0.239997411434365,1.5589284705178699,-0.005182979403487122,1.5249323515916804,-0.2623196943086179,1.416675827764744,-0.5266503820018831
8.159999999999394,1.4299937420524687,0.4993045719438455,1.5324384619576896,0.24317837550709126,1.5636270186841876,-0.0035456993350600516,1.5298363205378458,-0.26242460152222735,1.4211097360741414,-0.5285395277118132
8.179999999999401,1.4324082896949644,0.5038706515726059,1.5362986032932906,0.2465128823180221,1.5683163625951715,-0.0017522682784722066,1.534767214925192,-0.26237392437325174,1.4256131744226652,-0.5302806406374493
8.199999999999408,1.434747074969619,0.508454289668508,1.5400815679373436,0.2498785917643774,1.5729282464804037,9.264965443716295e-05,1.539629070477255,-0.26224468632409914,1.4300718188852195,-0.531913762215851
8.219999999999414,1.4370404696416161,0.5129211219978168,1.5437726629923956,0.25313952308900145,1.5774080230177527,0.0018646472668894078,1.5443318113195932,-0.26213776537667144,1.4343676096403513,-0.5335039117773989
8.239999999999421,1.4393337536309538,0.517155309722152,1.5473790261278588,0.2561695592335438,1.581725414218153,0.0034389016940575496,1.5488077104078608,-0.2621661868633397,1.4383981818739018,-0.5351362074007262
8.259999999999428,1.4417105742463445,0.5210771366842388,1.55096074155017,0.25886201025147787,1.5859092920413502,0.0046898585653045236,1.5530452210919563,-0.26246497083275677,1.4421063422512344,-0.5369369295209028
8.279999999999434,1.4442902522496097,0.5246656235765017,1.5546277440520742,0.2611557159277436,1.5900473825015702,0.005520650093881828,1.557096124337712,-0.26315425013681704,1.4454964404095554,-0.5390446763529736
8.299999999999441,1.4471758883249242,0.5279248855735523,1.5584784757578363,0.26302744413005213,1.594229058007993,0.005881958926019952,1.5610324841155856,-0.2643122293261314,1.4486078751517564,-0.5415604202681205
8.319999999999448,1.450414338999002,0.5308631475106197,1.5625602854914138,0.2644763666406364,1.5985029868725464,0.005764117571700906,1.5649038972287186,-0.26596153584780213,1.4514845235729634,-0.5445228834066209
8.339999999999455,1.4539977923737584,0.5335050803152195,1.5668765218442897,0.2655322789880118,1.6028857622126078,0.005196780037852077,1.5687409647090729,-0.2680791748636379,1.454168240688469,-0.5479225743701702
8.359999999999461,1.4578896871848126,0.5358924290781577,1.5714090933162057,0.26624878411545294,1.6073799415375347,0.004237086637503151,1.5725676278522835,-0.27061278624493945,1.4567023107214276,-0.551721123505947
8.379999999999468,1.4620405645683923,0.5380689568029692,1.5761272024145532,0.26668458286180696,1.611976103239144,0.002950468118936079,1.576397430224037,-0.27349820813072745,1.4591227431809453,-0.5558651654807442
8.399999999999475,1.4663905405115967,0.5400655149024838,1.580984623025653,0.26688942605610144,1.6166462283901375,0.001398977196232022,1.5802242765459196,-0.27666777735397197,1.461447726156916,-0.5602903599444248
8.419999999999481,1.470860208844229,0.5419024215989081,1.5859122270186319,0.26691012986038776,1.6213388890854648,-0.0003501199057755698,1.5840211581728834,-0.28004026494442663,1.463680470388674,-0.5649111365790029
8.439999999999488,1.4753445083657748,0.5436081473581978,1.590819106470001,0.26681025799277663,1.6259868997089082,-0.0022061653888009996,1.587753491050966,-0.28350633082573634,1.4658268365413374,-0.5696116969671209
8.459999999999495,1.4797243220792966,0.5452351683661102,1.5956098375316328,0.2666803410823913,1.6305275540682196,-0.004051879571915882,1.5913995454702712,-0.28693312566587037,1.4679127267924543,-0.5742583840313026
8.479999999999501,1.4838866092193026,0.5468571429504862,1.6002031880014977,0.26662707467048385,1.6349173324178037,-0.005761140496954431,1.594958473318911,-0.2901876856851142,1.4699827507819323,-0.57872622585197
8.499999999999508,1.4877471109519316,0.5485774796859725,1.6045550766468406,0.26677563810711363,1.6391512797979049,-0.0072084897051217355,1.5984616510544847,-0.29315298857707167,1.4721011326561857,-0.582917259494816
8.519999999999515,1.4912790023830895,0.5505357646496604,1.608687992151485,0.26725810081586215,1.6432929804713923,-0.00827716811768669,1.6020028621320495,-0.29574395423426925,1.4743777633778086,-0.5867862259543308
8.539999999999521,1.4945086208958178,0.552857990179232,1.6126719013600552,0.2681777769264045,1.647440026362975,-0.008895792299851477,1.6056950374376546,-0.2979258623495098,1.4769301587405015,-0.5903369356020598
8.559999999999528,1.4974795417120683,0.5556138925581738,1.616569577128855,0.2695842258959392,1.651663001970621,-0.009035336822922504,1.6096131081668297,-0.2996877961916217,1.4798358197775159,-0.5935782743434765
8.579999999999535,1.5002338816886576,0.5588156904210507,1.6204189212553062,0.2714756330853384,1.6559916844151048,-0.008706407244073632,1.6137790162867547,-0.30104438425503866,1.483110570404064,-0.596526115414963
8.599999999999541,1.5028146158216036,0.5624374756122328,1.6242466410469198,0.27381193139239324,1.6604340509251598,-0.00795474385177684,1.6181819733104434,-0.30203897423289694,1.4867275268130373,-0.5992134624855696
8.619999999999548,1.5052632723815267,0.566432359521299,1.628072647876228,0.276532976127059,1.6649868827295577,-0.006843899226229523,1.622795719839657,-0.30272946770335457,1.490640387900905,-0.6016831154070021
8.639999999999555,1.5076079743351123,0.5707419897132335,1.6319015153681686,0.2795728360721699,1.6696319683286656,-0.00543790707255475,1.6275809604813942,-0.3031697822765475,1.4947930474202828,-0.6039706889216354
8.659999999999561,1.5098583371315941,0.575293307784682,1.6357159548662892,0.28285926134153216,1.6743292872127709,-0.003798937165450094,1.6324795604456457,-0.30340454531904554,1.4991162327600185,-0.6060967300141606
8.679999999999568,1.512016797937557,0.5799854937133774,1.6394826459448735,0.2862978022381482,1.679017059863986,-0.0020039561499017727,1.6374087607322418,-0.30348446054826056,1.5035163855838882,-0.6080784530606728
8.699999999999575,1.514098637888943,0.584690946027253,1.6431712226057766,0.28976525172544804,1.6836271211357585,-0.00015767682371881596,1.6422706343783207,-0.3034840488761574,1.5078772218397571,-0.609949751572099
8.719999999999581,1.5161416145278468,0.5892772103697331,1.6467707776477545,0.2931253052857329,1.6881049398368886,0.0016154679692407324,1.6469725411258083,-0.3035018277401041,1.5120774076256924,-0.611769265345334
8.739999999999588,1.5181973534782773,0.5936311425826651,1.6502919735084431,0.2962520963134164,1.6924203893782395,0.003190560292143173,1.651443842555771,-0.3036490437275591,1.516010223745454,-0.6136165020119977
8.759999999999595,1.520353826358659,0.5976777909437683,1.653797957472222,0.29904062404189,1.6966025760068653,0.004441924998448176,1.6556695231685858,-0.3040604816211231,1.5196119042845828,-0.6156146321790682
8.779999999999601,1.5227313681057375,0.6014028136069955,1.6574003801047945,0.3014327466426048,1.7007392890065367,0.005272847247355914,1.6596984731172777,-0.30485799214479953,1.5228792864787553,-0.6179030520487554
8.799999999999608,1.5254326896544346,0.604816029784369,1.661198294294465,0.3034079666017009,1.7049199891058304,0.005634017691870998,1.6636006538143644,-0.30612163517241614,1.5258461797393648,-0.6205846425631513
8.819999999999615,1.5285041123172673,0.6079282463714151,1.6652390322532744,0.3049667800254301,1.7091933767030243,0.0055158140083601,1.667425040489593,-0.3078752623561394,1.5285542820743803,-0.6237003398662847
8.839999999999621,1.5319364709106553,0.6107636621858892,1.669525109735061,0.30613907291182213,1.7135760531513966,0.0049479160465405745,1.671202846469276,-0.31009665253038277,1.5310459264134375,-0.6272428812959006
8.859999999999628,1.5356909492828459,0.6133619269557908,1.6740369565477655,0.30697793285027647,1.718070560671851,0.003987477396321409,1.6749594085949768,-0.3127340817752712,1.533366428087468,-0.6311762898929243
8.879999999999635,1.5397157342885377,0.6157639876429004,1.6787421494739598,0.3075411907295288,1.7226674343360475,0.002699935387748886,1.6787099650613146,-0.31572375452729756,1.5355546316675004,-0.6354492180548112
8.899999999999642,1.5439493093284318,0.6179973258684366,1.6835930733053353,0.3078773106571839,1.7273385864582593,0.0011473481185909518,1.6824501876708549,-0.3189978363512529,1.537632164700295,-0.6399983562628591
8.919999999999648,1.5483112418022653,0.6200778365050901,1.688519287692815,0.30803120774208986,1.7320324974771744,-0.0006030025049855807,1.6861551800873753,-0.3224743391944004,1.539606853325576,-0.644738323805826
8.939999999999655,1.5526950316412118,0.6220281483504475,1.6934281189581943,0.3080639598861062,1.736681876262003,-0.002460422043670222,1.689793219351703,-0.3260429283959965,1.541490842223704,-0.6495536441439994
8.959999999999662,1.5569788220649534,0.6238940932998402,1.698221652054045,0.30806349539578715,1.7412239195123305,-0.004307572257696244,1.6933460865871475,-0.32957008576888425,1.5433173115532737,-0.6543120813948601
8.979999999999668,1.5610456612816668,0.6257429955908653,1.7028157405758593,0.3081342953818157,1.7456150441878016,-0.006018272062150404,1.696816485798423,-0.33292276019731776,1.5451376942779582,-0.6588911423109224
8.999999999999675,1.5648056956909429,0.6276734967522123,1.7071629343554833,0.3084004377849317,1.749850139972132,-0.0074671989036167764,1.7002387802639873,-0.33598471256645096,1.5470214220975427,-0.6631963654443966
9.019999999999682,1.5682244391669768,0.6298234601399826,1.711282011467537,0.3089943743066216,1.7539928004791567,-0.008537408016538529,1.7037088612500126,-0.33867343048026616,1.5490804636438922,-0.6671884980218215
9.039999999999688,1.5713212391571252,0.6323201379935082,1.7152400765974973,0.3100212420334171,1.7581405810363007,-0.009157527365226377,1.7073405063390723,-0.3409573089249293,1.5514318548945472,-0.6708778236941155
9.059999999999695,1.574135767912592,0.6352355725944949,1.7190985889965904,0.31153230536593435,1.7623640517298282,-0.009298602443169398,1.7112089635104992,-0.34282751904651465,1.554152552685612,-0.6742775843159448
9.079999999999702,1.57670941888257,0.6385842907951593,1.7228955470381029,0.31352679340535716,1.7666930317722278,-0.008971275349536987,1.7153358727269876,-0.344299335007646,1.5572575981036174,-0.6774046278741604
9.099999999999708,1.5790865494114388,0.6423427990138795,1.7266588001399577,0.31596539082550346,1.77113557827087,-0.008221302371789994,1.7197093992493624,-0.3454158518722108,1.5607184597706374,-0.6802905595565534
9.119999999999715,1.5813112326346042,0.6464665780311026,1.7304099492020149,0.31878852909662675,1.7756885710239643,-0.007112238873712929,1.7243018586714682,-0.34623428614480195,1.5644866870851069,-0.6829756910584236
9.139999999999722,1.5834147857776886,0.6508989256429267,1.7341554096445506,0.3219304468428498,1.7803338954313674,-0.005708103862129308,1.729072641047471,-0.3468074915591821,1.5685044413467226,-0.6854925851072453
9.159999999999728,1.5854108476221407,0.6555674361257312,1.737879890964383,0.3253184839405107,1.7850316063641638,-0.004071027418905727,1.7339625373465513,-0.3471784762768662,1.5727015666102064,-0.6878579634882404
9.179999999999735,1.5873074078107272,0.6603715840899785,1.7415526451689434,0.3288573564603936,1.7897199568234154,-0.0022779158998552053,1.7388875112362945,-0.34739560139334197,1.5769838091260422,-0.6900837887545065
9.199999999999742,1.5891267480965885,0.6651848036281406,1.7451466255556591,0.33242310398700586,1.7943307636515775,-0.000433418292673822,1.7437476516659434,-0.3475305905640878,1.5812332415205352,-0.6921973452330248
9.219999999999748,1.590913857349584,0.6698769180891818,1.7486545765364365,0.3358791906795906,1.7988094450636218,0.0013380895519675621,1.7484476326185223,-0.3476792885746821,1.5853254790220246,-0.6942503075857696
9.239999999999755,1.5927265009463547,0.6743377978507216,1.7520905054921379,0.3391001043615091,1.8031257972159478,0.00291176500777115,1.7529137473626086,-0.34795085858528535,1.5891495382174692,-0.6963159650137143
9.259999999999762,1.5946566111051386,0.678497440077073,1.7555202759692308,0.34198260097047295,1.8073088022358403,0.004161998579861327,1.7571271863627926,-0.34847951532902943,1.5926348171299824,-0.6985135539069628
9.279999999999768,1.5968251010123522,0.6823481454576895,1.7590570111299415,0.3444715798552883,1.811446182468128,0.004992043747734109,1.7611333721966163,-0.349388269724795,1.5957703683680975,-0.7009818682798516
9.299999999999775,1.5993339827529047,0.6859053707326672,1.762800267193955,0.34654919433911174,1.8156273445189666,0.0053525460432126025,1.7649999918239736,-0.3507591084171659,1.5985841904415004,-0.7038255032621336
9.319999999999782,1.6022289192035162,0.6891824596437577,1.766797349249291,0.3482171892317661,1.8199009531222914,0.0052338289372961715,1.7687752857134176,-0.3526172803924726,1.6011155598114084,-0.7070876708738141
9.339999999999788,1.60549943461758,0.692203071424047,1.7710499626033638,0.3495054880698424,1.8242835773175037,0.0046655427166866666,1.7724909971752987,-0.35494145446965836,1.6034070576235018,-0.7107634631827429
9.359999999999795,1.60910459626795,0.695004656027429,1.7755371041679946,0.35046661298845355,1.828777732623446,0.003704824074652732,1.7761738086271832,-0.35768062032700515,1.6055058609177961,-0.7148194428236014
9.379999999999802,1.6129904234073837,0.6976252397661818,1.780224798355529,0.35115748341522796,1.833373941644852,0.00241710192683784,1.7798406592558063,-0.36077141399657486,1.607453569486008,-0.7192064665294191
9.399999999999809,1.6170939902372434,0.7000888684864642,1.7850641462923647,0.35162525168944797,1.838044125843938,0.000864436705191772,1.7834890758915212,-0.364145894819487,1.6092752970400264,-0.7238625078491954
9.419999999999815,1.621334124609813,0.7024069765012619,1.7899835444330652,0.35191291184175855,1.8427368071552475,-0.000885881498322777,1.787096460830055,-0.3677214235735862,1.6109836472044388,-0.7287027802046969
9.439999999999822,1.6256032565821847,0.7045962842366649,1.7948887440589354,0.3520790139311034,1.847384771601874,-0.0027431574949557235,1.7906342128390311,-0.37138687302804496,1.6125972351236868,-0.7336127550730883
9.459999999999829,1.6297772017040515,0.7066958313031079,1.7996795364091678,0.3522088008226367,1.8519253092698937,-0.004590068276469609,1.7940878775538975,-0.3750083463962219,1.6141566021908584,-0.7384623895558582
9.479999999999835,1.633735482223501,0.708766386513169,1.8042690149666096,0.3524044348827778,1.8563149148848157,-0.006300446039885187,1.7974638811255303,-0.3784529776424416,1.6157199485680647,-0.7431323574918124
9.499999999999842,1.6373829581019872,0.7109014601518163,1.8086063858670272,0.3527885625689078,1.8605486561350288,-0.007748817303663415,1.8007999640417016,-0.38160557427558006,1.6173620087366365,-0.7475323483310239
9.519999999999849,1.6406775897087995,0.7132368532947142,1.8127069532711615,0.3534943011476573,1.8646901710807837,-0.008818371908565697,1.8041944467476103,-0.3843862771210019,1.6191970592780411,-0.7516295177092158
9.539999999999855,1.6436316715606885,0.7159007073818344,1.8166349887506368,0.3546286212604692,1.868837079346655,-0.009437740837347695,1.8077620021278273,-0.38676660911153676,1.6213414746742922,-0.7554406918564922
9.559999999999862,1.6462808283184367,0.7189671418997474,1.8204505028016202,0.35624441316988825,1.873059986831604,-0.00957794219476033,1.8115780578748262,-0.3887398162565801,1.6238712850914314,-0.758983342943293
9.579999999999869,1.6486655738073255,0.7224529397743079,1.8241914586100774,0.3583419162437443,1.8773886969623566,-0.009249606937890151,1.8156637592847829,-0.3903217510995364,1.6268004777063403,-0.7622750655748484
9.599999999999875,1.6508314782559248,0.7263370803897377,1.8278867170165347,0.3608825694163249,1.8818312170291531,-0.008498487105750114,1.820006022362134,-0.3915551501170926,1.6300987225100827,-0.7653457624477243
9.619999999999882,1.6528249913482993,0.730577531075418,1.8315594436643488,0.36380739481093244,1.886384357026822,-0.007388142732184174,1.8245755241658232,-0.3924964315616407,1.63371531224338,-0.7682329227227643
9.639999999999889,1.654680505000266,0.7351193897143296,1.8352177994795051,0.3670508049827231,1.8910299266515505,-0.005982608963611746,1.8293301317422126,-0.3931973082136381,1.6375905818525098,-0.770965788616133
9.659999999999895,1.6564156338430152,0.7398910994722495,1.838848447158111,0.370539717367532,1.895727909843569,-0.004344047834991821,1.8342093847374032,-0.3936991644653452,1.6416534300710894,-0.7735571332184343
9.679999999999902,1.6580439109881282,0.7447927185019534,1.842423230032164,0.37417800799309836,1.900416503920658,-0.002549413517652767,1.8391278670820488,-0.3940480880677385,1.6458089554350581,-0.776013691397932
9.699999999999909,1.6595945817371356,0.7496990993793882,1.8459184902211239,0.37784098978324265,1.9050274943075634,-0.0007034113843660604,1.8439836817174196,-0.39431311509786154,1.6499377907027677,-0.7783562383541572
9.719999999999915,1.6611197640620006,0.7544827486066791,1.8493307104699563,0.38139195040223844,1.9095062938622607,0.0010695266863185232,1.8486788911707621,-0.39458753612340786,1.6539128052664807,-0.7806295863327428
9.739999999999922,1.6626832276465802,0.7590368962932545,1.852677336506264,0.38470578023050606,1.9138227050442052,0.0026445252221264713,1.8531368503960697,-0.3949785821530674,1.6576190743934751,-0.7829009348583565
9.759999999999929,1.6643806478342562,0.7632967303482551,1.8560270467725108,0.3876810513650791,1.9180057254410645,0.0038959682540081284,1.8573351547591117,-0.3956199922526407,1.6609795106013774,-0.7852855678567983
9.779999999999935,1.6663331884640105,0.7672612478675993,1.8594944423091941,0.3902657749040807,1.9221431197510999,0.004727055457320886,1.8613157922625905,-0.39663581351893856,1.6639755885066259,-0.7879212910461352
9.799999999999942,1.6686418471858664,0.7709515230267776,1.8631795315797466,0.39244485566072207,1.9263242989833813,0.005088495705372194,1.8651442661513442,-0.39810983667973865,1.6666295668291191,-0.790914125223591
9.819999999999949,1.6713514715738822,0.7743834072337967,1.8671295606109628,0.39422135961774263,1.9305979489496519,0.00497066607709093,1.8688682027517842,-0.4000685972834386,1.6689783875215534,-0.7943094138042489
9.839999999999955,1.6744502910822696,0.7775799532108386,1.8713454375709708,0.3956252731479826,1.9349806821146824,0.0044032482329498645,1.8725200049526143,-0.4024916377288947,1.6710649456362272,-0.7981046548597466
9.859999999999962,1.6778953674762553,0.7805763021224089,1.8758047632236103,0.39670855031834784,1.9394750702347043,0.0034433946991312063,1.8761278187088963,-0.4053287090334151,1.6729382829006627,-0.8022691312298286
9.879999999999969,1.681630703915037,0.7834074469118326,1.880472049679867,0.3975271788461469,1.9440716878688051,0.0021565359618460488,1.8797103677707474,-0.40851695926368314,1.6746427089384313,-0.806756141322298
9.899999999999975,1.6855921433887913,0.7860939219488611,1.885297149181826,0.3981269615519679,1.948742490194869,0.0006047159261775078,1.883267060806051,-0.4119884471951071,1.6762067342886784,-0.8115052084818553
9.919999999999982,1.6896980041415441,0.7886426566186737,1.8902073147569576,0.3985489100554217,1.9534360007506428,-0.0011448066998707201,1.8867775379809675,-0.4156599944550135,1.6776475719284143,-0.8164324141893098
9.939999999999989,1.6938399512610682,0.7910643979437096,1.8951067169009126,0.39884896013849597,1.9580849674718503,-0.0030013692497268384,1.8902161570827092,-0.419419761490832,1.678990024390146,-0.8214244152006942
9.959999999999996,1.6978918257252142,0.7933912611219498,1.8998928255185377,0.39910956875507575,1.9626266152537357,-0.004847670213540417,1.8935720038900903,-0.42313350054465837,1.6802816243326475,-0.8263535258536876
9.980000000000002,1.7017299708703513,0.7956772637185081,1.9044759487955603,0.39943046880467653,1.9670173729925409,-0.006557561185157863,1.8968550095152261,-0.42666855753091837,1.6815869530826542,-0.8311037296392235
10.000000000000009,1.705254209924017,0.7980105325927223,1.908801950357714,0.3999329315135918,1.9712521656582103,-0.00800569052613173,1.900105840700742,-0.42991078550381323,1.682985414691677,-0.8355888556865817
10.020000000000016,1.7084150707219843,0.8005242921427127,1.9128824012675882,0.40075026908779304,1.9753945725039184,-0.009075172538336474,1.903424768300316,-0.4327830119726477,1.6845926756019534,-0.8397822647169692
10.040000000000022,1.7112177556399768,0.8033471571734511,1.9167785958430985,0.40199112682650423,1.9795421556750339,-0.009694622344890854,1.9069271317701555,-0.43525983632928356,1.686523959535702,-0.843707054603858
10.060000000000029,1.713693749316304,0.8065551111580129,1.9205490967924141,0.4037100433881028,1.9837654889073848,-0.009835047124154388,1.910688532608424,-0.43733649376593176,1.6888542939782614,-0.8473848085200204
10.080000000000036,1.715882582227049,0.8101671589119972,1.9242318629353967,0.4059083210973802,1.9880943734504197,-0.009507062139097133,1.914729711397508,-0.43902937445691165,1.6915967490329917,-0.8508338608028717
10.100000000000042,1.7178309193508068,0.8141648361675023,1.9278568094667605,0.4085482158194609,1.9925368288240883,-0.00875640721327326,1.9190364572490581,-0.4403808304932215,1.6947194463516269,-0.8540824043681654
10.120000000000049,1.7195874631439083,0.8185087453484181,1.93144871442609,0.41157141413676385,1.9970896886152316,-0.007646630675197795,1.9235779591140956,-0.4414464578500865,1.69816974061183,-0.8571650921728623
10.140000000000056,1.7211895866816675,0.8231459728687169,1.9350175383714312,0.4149125872944312,2.001734796393313,-0.006241757144372594,1.9283107385240195,-0.44227680953876325,1.7018865037185462,-0.8601078627427822
10.160000000000062,1.722658829636379,0.8280060500120378,1.9385519575474406,0.4184983335576808,2.006432180263954,-0.004603937081128588,1.9331732918851394,-0.44291162321793137,1.705798110431727,-0.8629195940770624
10.180000000000069,1.724014220955136,0.8329899409017557,1.942026460812814,0.422231822433276,2.0111200908184186,-0.0028101066863425823,1.9380790603045905,-0.4433946598876917,1.7098095248348903,-0.8656018289987514
10.200000000000076,1.725291866382645,0.8379743082286529,1.9454208057526905,0.4259877992363843,2.0157303676543425,-0.0009649438150792176,1.9429243976562869,-0.44379216185576054,1.7138005232801308,-0.8681687697489866
10.220000000000082,1.7265508368071099,0.8428347325059002,1.948735199602407,0.42962953661162495,2.0202084646831797,0.00080715318644439,1.9476089456976975,-0.4441947083852282,1.7176417975704086,-0.8706581637656682
10.240000000000089,1.7278606921812691,0.8474681284475153,1.9519904882825785,0.43303246990707467,2.024524228468643,0.0023813011456843445,1.9520532153557584,-0.44470733453586686,1.7212149988182408,-0.873130715840832
10.260000000000096,1.729320535132336,0.8518150649276633,1.9552581133230809,0.43609709673362906,2.0287067184618928,0.003631848218157087,1.9562312019388928,-0.4454630768707147,1.7244368939124448,-0.8756972745263895
10.280000000000102,1.731051402394434,0.8558812244377386,1.9586540586952839,0.43877455297439766,2.0328436838401616,0.004462092953449425,1.9601816854496537,-0.44658740164299415,1.7272813275243863,-0.8784947889651606
10.300000000000109,1.7331529770739889,0.859693214981985,1.9622787063935763,0.441052448108135,2.0370245622526646,0.004822686961915379,1.9639678182263784,-0.44816581351705975,1.7297646262933917,-0.8816302895953839
10.320000000000116,1.7356691627245602,0.863269330244395,1.966179184010774,0.4429351099272163,2.0412980285853486,0.004703973021618226,1.967636409838284,-0.45022609729497337,1.7319210928452258,-0.8851510181388469
10.340000000000122,1.7385869303374304,0.866631930959496,1.9703555566880562,0.4444525196281421,2.0456806550643627,0.0041356164029107195,1.9712203260311203,-0.4527486525227067,1.7337936132404799,-0.8890567647619751
10.360000000000129,1.7418614628961984,0.8698137297667857,1.974783989564867,0.44565598732188977,2.050174957828238,0.0031747660748526474,1.9747489888110443,-0.455683983534998,1.735432772368487,-0.893319481291816
10.380000000000136,1.7454349135850475,0.8728465731654212,1.9794274550783928,0.446600505317626,2.0547714547636673,0.0018868598281723892,1.9782427547935437,-0.458969735099502,1.7368853305485499,-0.8978948956637313
10.400000000000142,1.749242086647734,0.8757474237399245,1.9842345520634361,0.4473304970822523,2.059442053810991,0.0003339622121700462,1.9817028323070405,-0.4625379276809915,1.7381830679243997,-0.9027241076928904
10.42000000000015,1.7532010407391012,0.8785186961809166,1.9891314285069523,0.44788499611986404,2.0641352511585422,-0.0014166344944607225,1.985111116260121,-0.4663048035510242,1.7393478252491599,-0.9077241983791972
10.440000000000156,1.7572030142988861,0.8811651493625962,1.9940207693887966,0.44831733816239894,2.0687837958263575,-0.0032742292527372574,1.9884450410089383,-0.4701578163398047,1.7404106910452057,-0.9127833235317027
10.460000000000163,1.7611202724236188,0.8837118955461551,1.998797856276722,0.4487071921180504,2.07332493866792,-0.005121486724989753,1.9916974044195381,-0.4739624375904432,1.7414262665454143,-0.9177766187071282
10.48000000000017,1.7648263699648372,0.8862060540767756,2.003370339480166,0.44915184698410643,2.0777151446576694,-0.006832227627657271,1.9948818117295444,-0.4775863080883536,1.7424655375607645,-0.9225918322423818
10.500000000000176,1.7682164302716967,0.8887300909508733,2.0076808317651653,0.4497710677195311,2.08194940851275,-0.008281046333716941,1.9980421217908892,-0.480916412498779,1.7436126822899585,-0.9271473550876742
10.520000000000183,1.7712337062230794,0.8914143238534169,2.011737330296288,0.4506985039401756,2.086091361408372,-0.009351061129510231,2.001280765404578,-0.4838783423829465,1.7449847897007957,-0.9314230591167352
10.54000000000019,1.7738762973920503,0.8943874645146598,2.015598183533324,0.45204443849305964,2.090238599278232,-0.009970907100624322,2.0047137637539394,-0.4864498963351537,1.7466956335299584,-0.9354484671803631
10.560000000000196,1.776171448634749,0.8977271143976528,2.01932046183867,0.4538649598902176,2.0944617168486945,-0.010111627096899825,2.008416816539031,-0.48862843684011154,1.7488188781226321,-0.9392493499075806
10.580000000000203,1.7781575832816277,0.9014544280384966,2.0229420848236157,0.4561623846449018,2.098790533153643,-0.009783863365697735,2.0124102137113424,-0.4904309586876867,1.7513665262700162,-0.9428447859908009
10.60000000000021,1.779882313992885,0.9055535433066773,2.026493989777039,0.4588997894960836,2.1032330866754356,-0.009033370070245668,2.016678613210664,-0.4918994442331954,1.7543051821005584,-0.9462612093584845
10.620000000000216,1.7813964409824037,0.9099878090563592,2.030002533092135,0.4620195541310587,2.107786224298742,-0.007923702427078487,2.021189719148826,-0.4930886533903659,1.7575803649795432,-0.9495303467762162
10.640000000000223,1.7827401971869061,0.9147064526194736,2.0334794429198793,0.4654566439530428,2.112431791214913,-0.006518884238670107,2.0258987016113417,-0.4940479434608624,1.7611296045591098,-0.952674729818247
10.66000000000023,1.7839389749754633,0.9196402976929106,2.036915381593085,0.46913737398717353,2.1171298005483803,-0.004881058885207909,2.0307429890029676,-0.4948153478023451,1.7648808831386817,-0.9556992394033494
10.680000000000236,1.7850172370357265,0.9246915037754314,2.040287456816688,0.4729642464334392,2.121818466834215,-0.0030871562019788227,2.035634824413091,-0.49543222200709275,1.7687391896289393,-0.9586001024469519
10.700000000000243,1.7860178394407122,0.929738906733312,2.043578811134412,0.4768114831128274,2.126429577373264,-0.0012418565378132357,2.0404687286100724,-0.49596192640929315,1.7725836344840826,-0.961384775675733
10.72000000000025,1.787006630226071,0.9346615294352247,2.046793345886386,0.4805423884055962,2.1309085348969488,0.0005304302444530086,2.0451418407223376,-0.49649224842106066,1.7762829472085881,-0.9640837325470113
10.740000000000256,1.7880587527432998,0.9393602772154813,2.0499552595328177,0.4840329919833899,2.135225124234351,0.0021048496715387497,2.0495717881310025,-0.49712604245876824,1.7797155114076464,-0.9667510222508373
10.760000000000263,1.7892764330054147,0.9437812716849974,2.0531386120725594,0.487185749750939,2.139408313740796,0.0033558005329695248,2.053728893282662,-0.4979955857205239,1.7827919867604878,-0.969492650476689
10.78000000000027,1.7907802027650759,0.9479368639357046,2.056460644253361,0.4899549703406237,2.143545846915485,0.004186486263871989,2.057648325898902,-0.49922702674753244,1.7854787439485538,-0.9724435230123706
10.800000000000276,1.7926681255437862,0.9518591245902488,2.0600220354936356,0.4923309959626104,2.147727124843971,0.004547589727606381,2.061390906844224,-0.500907605180441,1.787786187777594,-0.9757114610219167
10.820000000000283,1.794983031576456,0.9555687463886279,2.063869794955808,0.49431943823719077,2.1520008212703905,0.004429462027063047,2.06500271379141,-0.5030664252647347,1.7897459907035385,-0.9793456022709524
10.84000000000029,1.797710680699356,0.9590873412989083,2.068003194104321,0.4959502776481094,2.1563835294467912,0.0038617705505475126,2.068517178680961,-0.5056848261369689,1.7914010187207485,-0.9833481731916357
10.860000000000296,1.8008045217407567,0.9624451035312925,2.072397036085485,0.4972741674085089,2.160877800026507,0.002901661922292477,2.0719651060237148,-0.5087141583379309,1.792803369800396,-0.9876940249209795
10.880000000000303,1.8042050417455697,0.9656706434499809,2.077012838018473,0.498345081678981,2.1654741922029928,0.001614567367827339,2.075368587123764,-0.5120926711348954,1.794002216677289,-0.9923416002626281
10.90000000000031,1.8078462121678858,0.9687773033671896,2.081798036617946,0.49920603378346234,2.1701446561039948,6.253831843224912e-05,2.078730719981762,-0.5157524786612095,1.795032568633494,-0.9972339158419153
10.920000000000316,1.8116460876979046,0.9717629729412955,2.086677770236591,0.4998940301196837,2.174837724896067,-0.0016871551457679171,2.082035714130014,-0.5196094090131299,1.7959208125572101,-1.00228946247577
10.940000000000323,1.815495813613789,0.9746263988193508,2.091553326997105,0.5004597271800387,2.179486172461263,-0.0035438415708654776,2.0852640845514276,-0.5235503981429723,1.796704136739675,-1.0073983533007895
10.96000000000033,1.8192664661542577,0.9773856001647087,2.09631786907843,0.5009798973685831,2.18402725886556,-0.005390217892843828,2.088412280026602,-0.5274408238118784,1.797443900646791,-1.012438978385306
10.980000000000336,1.822829194083717,0.9800806391753742,2.1008764364137464,0.5015492595133964,2.188417444582717,-0.007100135648615437,2.0914974718924753,-0.5311487879119752,1.7982171137273897,-1.0173032013219574
11.000000000000343,1.8260747282155045,0.9827880595101588,2.105168392235194,0.5022859335821838,2.192651724279276,-0.00854818473369055,2.0945665617991267,-0.5345625501714059,1.7991122684651837,-1.0219142048456882
11.02000000000035,1.8289392131553732,0.9856348407399934,2.1091980909541435,0.5033237444398608,2.196793698292902,-0.009617526480437023,2.0977239552260887,-0.5376105152683147,1.80024737379834,-1.0262583462529427
11.040000000000356,1.8314136450150729,0.9887493904833734,2.1130208503158823,0.5047745250688643,2.2009409530613966,-0.010236781251583511,2.1010862316814216,-0.5402736068045696,1.801734426840162,-1.0303713321351273
11.060000000000363,1.8335209411858955,0.9922106946547165,2.1166921740677034,0.5066959009668597,2.2051640747881134,-0.010376954165658201,2.1047291264520047,-0.542551194028571,1.8036455819424648,-1.0342828891883666
11.08000000000037,1.8352982953564028,0.9960419955826336,2.120249883981448,0.5090912226017001,2.2094928613361926,-0.010048663647382706,2.1086724337930147,-0.5444607741839701,1.8059917699935055,-1.0380126632119158
11.100000000000376,1.8367941206454779,1.0002300820509948,2.1237258908734775,0.51192441969281,2.2139353203992913,-0.00929765268383768,2.1128996366016093,-0.5460438610131907,1.8087381682683072,-1.041585139093035
11.120000000000383,1.8380611610801776,1.0047411614273423,2.127148092553868,0.5151386054798891,2.2184882672848025,-0.008187473002319088,2.117376919524734,-0.5473542873819364,1.8118286023912387,-1.0450289298331599
11.14000000000039,1.8391423899487627,1.0095267580835245,2.130529972321344,0.5186690818175638,2.223133522854696,-0.006782153434173283,2.1220580889334957,-0.5484401612610313,1.815199424246559,-1.0483630493213603
11.160000000000396,1.8400669799628098,1.0145192026124303,2.1338642011465385,0.522441929711701,2.2278310903628475,-0.005143851706825378,2.1268795365620052,-0.5493378138343825,1.8187784269218714,-1.0515883991570556
11.180000000000403,1.8408647593532643,1.0196221560372842,2.137130561052503,0.5263590617814856,2.232519196518366,-0.0033495163618142364,2.1317524145459137,-0.5500862379398049,1.8224709376541004,-1.054696017723784
11.20000000000041,1.8415852096942493,1.02471700925339,2.1403156456501966,0.5302942936509129,2.2371296621489534,-0.0015038421892540229,2.136569593453996,-0.5507459542611257,1.8261558524989892,-1.0576867630727007
11.220000000000416,1.8423007585028635,1.0296866098343922,2.1434270974731002,0.5341110978393719,2.241607930933518,0.00026875333998418967,2.1412259131348863,-0.5514019714371321,1.8297004487735018,-1.0605839101432244
11.240000000000423,1.8430919081219215,1.0344361663339947,2.1464925082922384,0.5376862154497851,2.2459238407292235,0.0018433821453203035,2.1456362810207925,-0.5521548978227087,1.8329803648411331,-1.063434787286559
11.26000000000043,1.8440637123375594,1.0389175332798894,2.1495886227433694,0.5409241660221717,2.2501064408714355,0.0030943996667151326,2.149767500239979,-0.5531361984356598,1.8359006307392074,-1.066340419324288
11.280000000000436,1.8453358456713982,1.0431497015484756,2.1528339118008417,0.5437824670706844,2.2542434952015515,0.003925066511225132,2.153651426741648,-0.5544731227985132,1.8384201947111316,-1.0694339348521718
11.300000000000443,1.8470044508521788,1.0471701076192974,2.156329283913265,0.5462542148381478,2.258424437356172,0.004286060968290016,2.1573465016351943,-0.5562545004827658,1.8405435126095073,-1.0728235353018913
11.32000000000045,1.8491111476376418,1.051001775251266,2.1601215673770153,0.5483463041480866,2.262697950385975,0.004167744179481815,2.1608979951325185,-0.5585106323208848,1.842299510496204,-1.0765599831634578
11.340000000000456,1.8516405220563203,1.0546654946377672,2.1642092068545904,0.5500886848748346,2.267080624707989,0.0035997900336658833,2.164339828206432,-0.5612237457012232,1.843730873044162,-1.0806478306179248
11.360000000000463,1.8545444245554439,1.0581888413731788,2.16856562469709,0.5515313042341733,2.27157499952513,0.0026393502956517287,2.1677041047601158,-0.5643460303158344,1.844890998709176,-1.0850648131070866
11.38000000000047,1.857761850405691,1.0615970942737425,2.1731508696634165,0.5527270669250933,2.2761716150102353,0.0013518611638750422,2.17101456842221,-0.5678163444330736,1.8458312623393616,-1.0897721190499285
11.400000000000476,1.8612261311712457,1.0648999282826193,2.177911210818596,0.5537175381283856,2.280842396042226,-0.00020062015925112464,2.1742761359748903,-0.5715668937668671,1.8465897448177924,-1.0947147440583702
11.420000000000483,1.8648555580170405,1.0680907117335783,2.1827707876482223,0.5545376738799898,2.2855358450281495,-0.0019508141763112268,2.177475278346329,-0.5755130806776029,1.8471972733936983,-1.0998127041647987
11.44000000000049,1.8685415060786423,1.0711621848909165,2.1876295257662255,0.555235430513554,2.290184702572203,-0.0038080337895368076,2.180595556680759,-0.5795413118257527,1.8476970362465557,-1.104958261369536
11.460000000000496,1.87215424876156,1.0741252252151146,2.1923785201066113,0.5558846545022859,2.2947261998389017,-0.005654954401713139,2.18363705454979,-0.5835168678029822,1.848157019857247,-1.1100333031941636
11.480000000000503,1.8755629165495937,1.0770127250483497,2.196920257855636,0.5565774578499351,2.299116779952937,-0.007365407002029183,2.186620511956389,-0.5873083235903267,1.848660106577021,-1.1149340539304116
11.50000000000051,1.8786541768775111,1.0798950890279635,2.201190915541251,0.5574303148808467,2.3033513920720807,-0.008814022773108266,2.189595800163586,-0.5908052079456277,1.8492988878402616,-1.1195886305251372
11.520000000000516,1.881357267050973,1.0828955707013315,2.2051911829618343,0.5585770589977711,2.3074936424336556,-0.009883904693142698,2.1926691798725924,-0.5939387797623112,1.850191881397029,-1.1239898667319468
11.540000000000523,1.883656112299408,1.0861418832748873,2.208973312011414,0.5601309694926109,2.3116411066297,-0.010503680268079078,2.1959576864425974,-0.5966931518874055,1.8514489109949055,-1.12817959293871
11.56000000000053,1.8855692394566477,1.089714158998377,2.2125912383835407,0.5621511643589807,2.3158643667542305,-0.010644381978678256,2.1995370572286377,-0.5990697764126399,1.8531403856039836,-1.132191515085775
11.580000000000537,1.887132507044356,1.0936376598395074,2.216082699998445,0.5646420265707816,2.3201932362631768,-0.010316643698006566,2.203426636378149,-0.6010867101008561,1.8552761569089113,-1.1360459098546567
11.600000000000543,1.8883949874756163,1.097901869941489,2.219480597698385,0.5675683735800319,2.3246357519994705,-0.009566215371644699,2.207608827131653,-0.6027850310300379,1.8578201332716409,-1.1397653657266662
11.62000000000055,1.889411212539873,1.1024759629363203,2.2228143847820334,0.5708741063609373,2.329188763992999,-0.008456649532440233,2.2120484106879257,-0.604217658612137,1.8607146814568793,-1.143375413343409
11.640000000000557,1.890226766811527,1.1073139126580698,2.2260993124648185,0.5744949280115934,2.3338341256779227,-0.007051968462962301,2.216697950215552,-0.6054314419524168,1.8638952418190504,-1.1468915726078706
11.660000000000563,1.8908745121500152,1.1123497661380324,2.229330069154072,0.5783567609253476,2.3385318640110375,-0.005414314202838141,2.221492915439934,-0.6064609650538701,1.867289714622027,-1.150310778980168
11.68000000000057,1.8913895447053615,1.1174889786822766,2.2324891043022093,0.5823610165232237,2.343220213495789,-0.0036206129642462263,2.2263434576395165,-0.6073427645372799,1.8708041092182641,-1.1536188423596234
11.700000000000577,1.8918278117151768,1.1226158511171798,2.2355664297621454,0.5863811989860408,2.347830984754056,-0.0017755371028871272,2.2311408448188024,-0.6081343846852316,1.874317486341068,-1.1568098845063635
11.720000000000583,1.8922680911060135,1.127617403207766,2.2385733753284907,0.5902810399642691,2.352309600397956,-3.48524867401927e-06,2.2357776309081294,-0.6089178971379325,1.8776960541312646,-1.1598997512092657
11.74000000000059,1.892795988277917,1.1324034271604033,2.2415408470162834,0.5939380775758782,2.356625867592899,0.001570681748210183,2.2401659971278196,-0.6097915130287827,1.8808130281320647,-1.162928757290242
11.760000000000597,1.8935190450729145,1.1369316412918058,2.244548115666366,0.5972589472339173,2.360808787353432,0.0028213450185898417,2.2442691386193308,-0.6108856982186426,1.883567975501224,-1.1659924346721933
11.780000000000603,1.894555700094488,1.1412276058632482,2.247714740982715,0.6002043949313502,2.364946101102685,0.003651748132061226,2.248115387464634,-0.6123284506921506,1.8859125559310188,-1.1692213304099572
11.80000000000061,1.8959998859636056,1.145334002533979,2.2511417798018347,0.6027702448484629,2.3691272230408496,0.00401255564827644,2.2517607215661295,-0.6142101742263479,1.8878452197099662,-1.1727237262880188
11.820000000000617,1.8978918920740233,1.149276116080153,2.254875860806828,0.6049646488011714,2.373400825261563,0.003894109522909251,2.2552495453040264,-0.6165624169281231,1.8893920112246125,-1.1765519148916956
11.840000000000623,1.9002151831684275,1.1530738542686219,2.258914617656782,0.6068174957576546,2.3777834884643516,0.003326072306646172,2.2586162286672025,-0.6193683471514747,1.8905952686805976,-1.180712797796943
11.86000000000063,1.9029201631323234,1.1567520932404778,2.26323012601858,0.6083779869111517,2.3822777437818066,0.0023655890568055394,2.261894146826881,-0.6225810468200292,1.8915095217219922,-1.1851870853986888
11.880000000000637,1.9059445268619404,1.1603327068825577,2.2677810137814043,0.6096979191842337,2.386874128536104,0.0010780928016065289,2.2651086891330134,-0.626140040503618,1.8921882053201458,-1.1899388567272893
11.900000000000643,1.9092211754254476,1.1638216774554233,2.2725124453315955,0.610817383837951,2.3915445727554947,-0.00047435836473036904,2.2682666196493564,-0.629977690233311,1.8926723886331045,-1.1949152972114243
11.92000000000065,1.912668892918447,1.1672078766074552,2.277347648596199,0.6117692680073448,2.3962375952922326,-0.0022244822750822485,2.271356737857014,-0.6340090658481609,1.8929972899937946,-1.2000382694458538
11.940000000000657,1.9161796240621511,1.1704780641247188,2.282185299861821,0.6125987977132554,2.400885964933619,-0.0040815922937707475,2.2743657380222535,-0.638120188196142,1.8932120062238709,-1.2052026338969408
11.960000000000663,1.919623243701769,1.1736359443765343,2.286914547727036,0.6133768373895119,2.405426945705972,-0.005928370356841532,2.2772974079712864,-0.6421764236414363,1.8933909589389968,-1.2102942795734712
11.98000000000067,1.9228672697918856,1.1767071389753025,2.2914354283967304,0.6141928181279515,2.409817007358484,-0.007638653826200534,2.280176085782577,-0.6460469898635328,1.8936226424158362,-1.215214221724127
12.000000000000677,1.9257946657340117,1.179755685623668,2.2956809837897207,0.6151613995964524,2.414051161244021,-0.009087019968329104,2.2830547059964874,-0.6496228513943855,1.8940035203642454,-1.2198958781381635
12.020000000000683,1.9283279699129168,1.182900762486484,2.299648302242275,0.6164164657508625,2.4181930262011195,-0.010156622497701981,2.286041437433531,-0.6528381973936438,1.8946524166130116,-1.2243387229658633
12.04000000000069,1.930444082229621,1.1862690049714857,2.3033865510237925,0.6180726937578682,2.4223401989043145,-0.01077608882270585,2.2892537312299783,-0.6556803368409495,1.8956767015678395,-1.2285906221214196
12.060000000000697,1.9321570764680553,1.1899414419512415,2.306948026695573,0.6201906335196959,2.4265632721635075,-0.01091643925315762,2.2927672433016477,-0.658152783331304,1.8971447914873336,-1.232689102799398
12.080000000000704,1.933501359722538,1.1939452716605166,2.3103703193871934,0.6227756805990576,2.4308920514964494,-0.010588303052733505,2.296600791513698,-0.6602741043245538,1.8990653738746737,-1.2366549184247473
12.10000000000071,1.9345265074530107,1.198272698238024,2.3136872586910395,0.6257935506608171,2.4353345543966767,-0.009837429205949473,2.3007356370050362,-0.662084870433448,1.9014011372022999,-1.2405085889595964
12.120000000000717,1.9352886675195657,1.2028959476050696,2.316929797047465,0.6291889572726262,2.4398876053225518,-0.008727372626078667,2.3051350998257703,-0.6636370091485844,1.9040930966976681,-1.2442723811284686
12.140000000000724,1.9358358940917249,1.2077715753244223,2.320114915261609,0.6328980316010453,2.444533030591861,-0.007322161930539599,2.3097504487856364,-0.664976051021205,1.9070758993076073,-1.2479581873583014
12.16000000000073,1.9362046393378793,1.2128355386348186,2.323239309257471,0.6368465662186488,2.449230832309255,-0.005683951048914993,2.3145161977963884,-0.6661348097480597,1.9102776820921383,-1.25155893861977
12.180000000000737,1.9364351660570343,1.217995371041832,2.326288113525983,0.6409355178533941,2.4539192266359953,-0.003889683601924201,2.319341501915713,-0.6671473747190482,1.9136053345017476,-1.2550552674725495
12.200000000000744,1.9365897251206439,1.223138636541239,2.3292547880470176,0.6450381536876149,2.458530015679123,-0.002044051989520655,2.324116078231533,-0.6680683334887416,1.9169383828585937,-1.2584346398201038
12.22000000000075,1.9367532136175798,1.228156875641505,2.3321543737777475,0.6490185547765813,2.4630086230796326,-0.000271474452729509,2.3287302744390463,-0.6689768348472435,1.920142329278306,-1.261705520979866
12.240000000000757,1.937016089510933,1.2329647439490372,2.3350211082088452,0.6527551372194517,2.4673248616643875,0.0013031747091611313,2.333093632718401,-0.6699687113100493,1.923088323350827,-1.2649012183107202
12.260000000000764,1.9374880696475985,1.2375259626919306,2.3379367856367472,0.6561567227453003,2.4715077432618937,0.0025542714579084957,2.337165832148867,-0.6711734188539922,1.925670801348629,-1.2681116275337838
12.28000000000077,1.938286003069893,1.2418725935445296,2.341021997410811,0.6591873288489509,2.475645025882144,0.0033850429938765154,2.340971704015908,-0.6727196284447967,1.9278343265261204,-1.2714643969201045
12.300000000000777,1.9395013210161283,1.2460524409638398,2.3443778766372954,0.6618455435851502,2.479826127590093,0.003746176384821223,2.3445647754251278,-0.6746992331658805,1.9295713994246382,-1.2750675770751012
12.320000000000784,1.941172853579457,1.2500929774451102,2.348050814047067,0.6641407971220249,2.484099729276311,0.0036280333452438844,2.347988611523072,-0.6771449730099925,1.9309051763812566,-1.2789748365921603
12.34000000000079,1.9432829911339566,1.2540131702588595,2.352037636897806,0.666102913340012,2.4884824274657484,0.0030602872623091896,2.3512780606061385,-0.6800409611556197,1.9318775842564015,-1.2831954291888796
12.360000000000797,1.9457808401979897,1.257835122709903,2.3563091010868407,0.6677803245349192,2.4929767724499916,0.0021000881453570514,2.354467790978076,-0.6833412140149301,1.9325441587966927,-1.2877131347379465
12.380000000000804,1.9486029836100196,1.2615772381101786,2.360822448605589,0.6692236889611202,2.497573318223096,0.0008128691034850632,2.357584848544162,-0.6869859814844023,1.932960248619846,-1.2924950648438902
12.40000000000081,1.9516820948477138,1.2652417862069767,2.3655217788960003,0.6704715919072742,2.502244004535915,-0.0007393175904489734,2.3606378416707665,-0.6909078498977912,1.9331697705800037,-1.297490774230464
12.420000000000817,1.9549376958783138,1.2688131710878854,2.3703294537091297,0.6715548142130657,2.5069373483290214,-0.00248920011167485,2.363617871594123,-0.6950216289601581,1.9332121783920395,-1.3026241935744385
12.440000000000824,1.9582626256202063,1.2722722051550384,2.375142948766393,0.6725157989527624,2.511586102344279,-0.004346101745896059,2.366514705498705,-0.699213021290175,1.9331422615454135,-1.3077930305850403
12.46000000000083,1.9615267504144067,1.27561540096439,2.37984951239127,0.6734223586596809,2.5161275053587553,-0.006192709770038704,2.369335749784752,-0.7033475332788865,1.9330405921182752,-1.3128874089275142
12.480000000000837,1.9645963739731336,1.278861025311374,2.3843467725929934,0.6743611621411859,2.5205180026927354,-0.007902866199603554,2.372108850642587,-0.7072950790778819,1.9330009632010527,-1.3178133328390347
12.500000000000844,1.9673510959112446,1.2820665599496068,2.388564666975435,0.6754450249708696,2.5247525521181418,-0.009351193778704006,2.3748898143332005,-0.7109480802023045,1.9331233082724577,-1.32250957651444
12.52000000000085,1.9697069995336838,1.2853467084619778,2.392496613015576,0.676807632180824,2.5288947520993283,-0.010420815734781215,2.377788487596973,-0.7142436747813145,1.933526221214649,-1.3269820889516735
12.540000000000857,1.9716340313632825,1.2888266342378596,2.396188626888825,0.678564939711964,2.5330421784363653,-0.01104035435480412,2.3809226001953547,-0.7171723484580355,1.9343142610460262,-1.3312845399318818
12.560000000000864,1.973141772172735,1.292588022690007,2.399691342868161,0.6807789102596311,2.537265412279786,-0.011180827790827933,2.384367695460331,-0.719739649894311,1.9355537021537932,-1.335458166363539
12.58000000000087,1.9742630759233724,1.2966599328828758,2.4030421955255012,0.6834559709191083,2.541594259085538,-0.010852860924365219,2.388142096122265,-0.7219646439786402,1.937252101794421,-1.3395241800319855
12.600000000000877,1.9750478737145818,1.3010373198320042,2.4062759404157754,0.6865627768228144,2.5460367424502803,-0.010102199402293385,2.3922259822654026,-0.723887376437941,1.9393710929871057,-1.3435010248433077
12.620000000000884,1.9755537619459598,1.3056955534872512,2.4094250289381076,0.6900449091649358,2.550589697838531,-0.0089923947538392,2.3965812926308487,-0.7255587613381277,1.9418505708074385,-1.3474076963101091
12.64000000000089,1.9758311202933356,1.3105939108389413,2.412508179899222,0.6938389906839273,2.555234966432669,-0.0075874719830577066,2.40115809654269,-0.7270229935099449,1.944624645932252,-1.3512524849328198
12.660000000000897,1.975919880184876,1.3156704619093842,2.415524115656114,0.6978707599891292,2.5599325682604857,-0.00594957996228363,2.4058900651569477,-0.7283111017965276,1.9476219797346497,-1.3550243934976218
12.680000000000904,1.9758653454466186,1.3208351065903448,2.418460675196507,0.7020408175402637,2.5646207392539266,-0.004155654025241576,2.4106854912336377,-0.7294546996246295,1.9507507038395093,-1.3586989734059227
12.70000000000091,1.9757358754733028,1.325979018565575,2.4213147695894155,0.7062223125532363,2.5692312999774267,-0.002310374550103188,2.415432682243317,-0.7305053575935199,1.9538912569245457,-1.3622570835100827
12.720000000000917,1.9756222211335688,1.330998590712638,2.4241051282349875,0.7102797974641697,2.5737096868324207,-0.0005381457019105872,2.420019903636405,-0.7315392083919675,1.956908915313215,-1.3656997639511004
12.740000000000924,1.9756194098615436,1.3358136018693043,2.4268692797717097,0.7140926739108829,2.578025725561583,0.0010361583317159498,2.4243541434568083,-0.7326495606429594,1.959673231750271,-1.369053145736552
12.76000000000093,1.9758389917709707,1.340393884615113,2.4296914743750926,0.7175720300137665,2.582208445668806,0.0022869032948906395,2.4283915847321613,-0.7339647063966411,1.962073876226581,-1.3724011596301218
12.780000000000937,1.9763958694904413,1.3447778999632853,2.432693240034507,0.7206851712781824,2.586345597321013,0.0031173505185476133,2.4321535971964785,-0.7356140648191277,1.9640483963858566,-1.375868316616615
12.800000000000944,1.9773786981624744,1.3490184230418711,2.4359757117216847,0.7234334271306089,2.5905266060278747,0.0034781660143659407,2.43569117148951,-0.7376909354397085,1.96558332838683,-1.3795620625442584
12.82000000000095,1.9788247332658189,1.3531450245681491,2.439585001951272,0.7258274757417922,2.5948001479529452,0.0033596979444125543,2.4390469373903083,-0.7402292157216733,1.9666988068792057,-1.3835372292171204
12.840000000000957,1.9807153450041708,1.3571756680225828,2.4435171198669234,0.7278970347459368,2.599182804974158,0.002791612941085201,2.4422561319587195,-0.7432139575445977,1.967436160452519,-1.387805333974069
12.860000000000964,1.9829984969155454,1.3611296111836932,2.4477415050294478,0.7296897151943047,2.6036771073086573,0.001831058877304208,2.445354631499839,-0.7466001218192985,1.9678517149305415,-1.392353208413243
12.88000000000097,1.9856098518894478,1.3650217268460603,2.4522140272970336,0.7312549880826107,2.608273588601651,0.000543470663872886,2.448371071828553,-0.7503286992149484,1.9680025367425673,-1.3971510320328315
12.900000000000977,1.988482059461595,1.3688505643481064,2.4568777479501143,0.7326299032966366,2.6129441720645743,-0.0010090925437521408,2.4513158759993297,-0.7543325151992913,1.967935260515336,-1.4021508268254952
12.920000000000984,1.9915356236209567,1.37259611073214,2.4616542140613014,0.7338431245480905,2.6176373661304657,-0.0027593471374623476,2.45418246413177,-0.7585261482640907,1.9676934954567227,-1.4072787939987221
12.94000000000099,1.9946646048545977,1.3762332963088564,2.46643978509619,0.7349343024101015,2.6222859262619047,-0.004616603006787416,2.4569637301630562,-0.7627950499649816,1.9673376232999495,-1.4124358181662686
12.960000000000997,1.9977392605447672,1.3797514609973922,2.471119913260026,0.735968171831597,2.6268271032773627,-0.006463536023309477,2.459670760750854,-0.7670049720418181,1.9669541911886785,-1.4175166548762268
12.980000000001004,2.000625090255464,1.3831614693924876,2.475589915464075,0.7370286000328681,2.631217357608866,-0.00817397763203567,2.4623349584231375,-0.7710266316277992,1.966642070084302,-1.4224326522265258
13.00000000000101,2.0031987091735965,1.3865140730023318,2.4797766983234713,0.7382264578102867,2.635451677622011,-0.009622525935616714,2.465015079851665,-0.7747540106790471,1.966504468401767,-1.4271282325410777
13.020000000001017,2.0053699952013395,1.3899191819284313,2.483670067210854,0.7396952403842018,2.639593681440116,-0.010692310279830716,2.467822683824131,-0.7781272670536872,1.9666595161498492,-1.4316159344096981
13.040000000001024,2.0071020332653515,1.3935001135371474,2.487312880999381,0.7415521198963835,2.6437409591431993,-0.011311959708841607,2.470875727819036,-0.7811401127061115,1.96720864329228,-1.435955156256061
13.06000000000103,2.0083998821900937,1.397338955939371,2.4907540751543054,0.7438604038289053,2.647964100611937,-0.011452503482845934,2.4742495704452274,-0.7838001733840272,1.968215717235281,-1.4401907504912277
13.080000000001037,2.0092947430907366,1.401466535547466,2.4940308988250073,0.7466275273496822,2.6522929167982574,-0.011124575264729097,2.4779620052916846,-0.7861270209994078,1.9696870932407067,-1.4443443238356566
13.100000000001044,2.009836749610933,1.4058805695424417,2.497179002655862,0.749821099543485,2.6567354358692366,-0.010373925557237316,2.481992131766688,-0.7881601583937767,1.971583434753183,-1.4484321838135943
13.12000000000105,2.0100847693736013,1.4105596428654474,2.5002323051746043,0.7533876020538496,2.661288495265264,-0.009264108701185499,2.4863005193167407,-0.7899494531103949,1.9738436730954294,-1.4524699855109222
13.140000000001058,2.010091352215846,1.4154658734309187,2.503211238649878,0.7572641880765373,2.665933934003486,-0.00785915038230103,2.4908360524291346,-0.7915377270589223,1.9764015563294246,-1.4564623673645758
13.160000000001064,2.009899786075405,1.4205396273224409,2.506116539371423,0.7613765858274306,2.6706317644038897,-0.006221198563846377,2.4955315760219476,-0.7929541871674631,1.979186455937094,-1.4603943962807273
13.18000000000107,2.0095602781327675,1.4256934391843088,2.5089387450287743,0.7656250956654925,2.675320207918913,-0.0044271884265030615,2.500294540431087,-0.7942279279988126,1.982107982266088,-1.4642365616253399
13.200000000001078,2.009147090144534,1.4308224179713354,2.511678207643319,0.7698828198051567,2.6799310658775393,-0.002581803481708508,2.5050118657434726,-0.7954074490859658,1.9850477934813064,-1.4679631160298143
13.220000000001084,2.0087565538982743,1.4358281200701921,2.5143573256762264,0.7740148588207564,2.6844097568009873,-0.0008094540181152903,2.509569760716613,-0.7965658059388369,1.987871290797813,-1.4715676298592242
13.240000000001091,2.008487980195263,1.4406356889310459,2.517016884887594,0.7779016702872878,2.688726085314462,0.0007649944395149633,2.5138726891152503,-0.7977937525481261,1.9904467480429653,-1.475068979650704
13.260000000001098,2.008454412960128,1.4452211558368617,2.5197435014261758,0.7814566543448273,2.692909049912645,0.0020159247565167244,2.5178733408372684,-0.7992183417309903,1.9926593362731222,-1.4785448453743733
13.280000000001104,2.008768454548351,1.4496292625931897,2.522659537116927,0.7846504319500684,2.697046400186781,0.0028465634413519215,2.5215895071358445,-0.8009693963250201,1.9944398851311553,-1.482115965413459
13.300000000001111,2.0095157119395837,1.453917597552759,2.525866052216548,0.7874870824690708,2.701227548969055,0.0032075897953011017,2.52506962959597,-0.8031415856847217,1.9957690216828756,-1.4858889006676559
13.320000000001118,2.0107317521757064,1.4581177447226787,2.5294088576618448,0.7899785376820171,2.705501172728583,0.0030893571539828612,2.5283554162841453,-0.8057699753726629,1.9966638305448225,-1.4899195419385882
13.340000000001124,2.01239698311751,1.4622466147756747,2.5332831642805447,0.7921544013676756,2.709883862430475,0.0025215342843760255,2.531482515822335,-0.8088405973361424,1.9971649503306228,-1.494221700585114
13.360000000001131,2.014458385676391,1.4663205672333193,2.5374571380934845,0.7940614422561054,2.7143781626897163,0.0015612689132569683,2.5344880350020285,-0.8123094181991598,1.9973293587596854,-1.4987853675110068
13.380000000001138,2.0168509011602183,1.4703509042282035,2.541885330630558,0.7957479185707306,2.7189746236812335,0.00027399363996973085,2.5374022214056726,-0.8161182430831999,1.9972156897791946,-1.5035839479931397
13.400000000001144,2.019507363461955,1.4743324622042937,2.5465098274340243,0.797249321169191,2.7236451846039484,-0.0012782377653806703,2.540237334715895,-0.8202002225877684,1.9968731562211788,-1.508572141652615
13.420000000001151,2.022349504252772,1.4782408719070412,2.551251434718618,0.7985921688687756,2.7283383667119736,-0.003028150805827922,2.5429891271848257,-0.8244698079775835,1.9963493644020986,-1.5136786968648102
13.440000000001158,2.025272930938475,1.4820452539875562,2.5560054786260937,0.7998132743787705,2.7329869324982985,-0.004885067003251276,2.5456536078081964,-0.8288123201978629,1.9957100545700661,-1.5188080010885792
13.460000000001164,2.0281486883228337,1.4857278017950213,2.5606556962417693,0.8009742262235383,2.73752813333866,-0.006731674240573216,2.54824549845121,-0.8330938787375487,1.9950474248325947,-1.523859753978312
13.480000000001171,2.030841882511617,1.4892919373556348,2.565095163082253,0.8021560048400577,2.741918425498022,-0.008441815273040573,2.5507996885759834,-0.8371861142944307,1.9944650608878747,-1.5287508929418903
13.500000000001178,2.0332265151471414,1.4927815219523766,2.56924779391161,0.8034674397423767,2.7461527915074813,-0.009890091729867068,2.553377780285761,-0.8409846562879303,1.9940690521736777,-1.533431614033848
13.520000000001184,2.0352065364056156,1.4963013187726517,2.5730997629252603,0.8050416934748725,2.750294836692735,-0.010959644470571276,2.556092906225815,-0.8444327149805416,1.9939766453434535,-1.5379209421484603
13.540000000001191,2.036738280903076,1.4999724181416825,2.576690722010693,0.806997059424508,2.75444214570333,-0.011579096846361351,2.559063149780185,-0.8475271953721962,1.994285851342323,-1.5422837627586456
13.560000000001198,2.0378222679727647,1.5038770623841606,2.580067860045686,0.8093981551354444,2.75866530441564,-0.011719464743918408,2.5623636355192025,-0.8502777477989678,1.9950579840285958,-1.54656836253736
13.580000000001204,2.0384879482780476,1.5080477528870828,2.5832682029245153,0.8122534276513823,2.762994116580167,-0.01139137288027017,2.566011613195757,-0.8527044032871547,1.9962982060054784,-1.5507966447538204
13.600000000001211,2.0387855040559835,1.512484976758079,2.5863282623351247,0.8155314665391974,2.7674366002659685,-0.010640567253761968,2.5699851054964173,-0.8548460670006904,1.9979663428792855,-1.5549826983960022
13.620000000001218,2.0387748946528594,1.517170600053805,2.589283394386006,0.8191796935951988,2.771989582921515,-0.009530600431323605,2.5742433288145627,-0.8567515040476511,2.000000553924775,-1.5591387636236196
13.640000000001224,2.0385106806151043,1.5220696985216007,2.5921557302769167,0.823135838554147,2.7766348965125913,-0.008125499390741094,2.5787340115171093,-0.8584621253706178,2.0023344275724444,-1.563265802861011
13.660000000001231,2.0380393757329975,1.5271251187222903,2.594948027089257,0.827325675377379,2.7813325517484513,-0.006487416596535884,2.583389222292571,-0.860005305870322,2.004898259045312,-1.5673450091445622
13.680000000001238,2.037415938789165,1.5322523011868892,2.5976535428431746,0.8316492848464203,2.786020776408338,-0.004693292967646807,2.5881156566770054,-0.8614076280497831,2.0076034183723652,-1.5713419473812855
13.700000000001245,2.0367203079690945,1.5373506159765145,2.600276088518946,0.8359798304180599,2.79063138546376,-0.0028478158859907513,2.59279897130317,-0.8627145197804229,2.010333165073311,-1.575224411672359
13.720000000001251,2.0360541014616866,1.5423270889883476,2.6028417304331843,0.8401830783670844,2.7951098130653897,-0.0010753968845941464,2.5973234494632433,-0.863995935954069,2.012953465410897,-1.5789785902688809
13.740000000001258,2.035520610678054,1.5471124612861007,2.60539450005161,0.8441406448642985,2.7994258837489507,0.0004990867197986241,2.6015911403482597,-0.8653400092635201,2.015331768190769,-1.5826160906504496
13.760000000001265,2.035234032475923,1.5516890442728914,2.6080233576669163,0.8477683261674066,2.8036086261220396,0.0017500015671493279,2.6055513202836265,-0.8668724750400413,2.017349154465204,-1.5862081841001958
13.780000000001271,2.035304330764129,1.5561077293567476,2.6108514299823327,0.8510400834773003,2.8077457959160097,0.002580598181308094,2.6092182854290824,-0.8687236832902379,2.018929851346331,-1.5898717144877825
13.800000000001278,2.035813803177317,1.5604307421315005,2.6139796297511904,0.8539627459955222,2.8119268181271155,0.0029415518664337144,2.612637890428165,-0.8709895719121938,2.0200486421511274,-1.5937119997644462
13.820000000001285,2.036796218334165,1.5646915800700103,2.6174534216448326,0.8565494873876096,2.8162003718461346,0.002823217922527832,2.6158508736943906,-0.8737063087387752,2.0207195078744737,-1.597785769128281
13.840000000001291,2.0382310797191545,1.5689060449602745,2.621267208014251,0.8588297687904106,2.8205830453329126,0.002255266758794756,2.618893246165488,-0.8768608877443125,2.0209822666544515,-1.6021090392329176
13.860000000001298,2.0400645452551975,1.573087543312349,2.625387889371,0.8608494738447104,2.8250773770064543,0.001294847839827174,2.6218032913174945,-0.8804102922371229,2.020894360118143,-1.6066749452163192
13.880000000001305,2.042231030589585,1.5772437674895705,2.629768715555876,0.8626556047363223,2.8296739082701325,7.3958429720388975e-06,2.6246128191449216,-0.8842971631388684,2.020515797150062,-1.6114601519730387
13.900000000001311,2.0446637556153147,1.5813658531790402,2.634350821325756,0.8642820624858313,2.8343445678244135,-0.0015450326370368404,2.62733589232235,-0.8884549992781917,2.019898213315957,-1.616422124703636
13.920000000001318,2.0472859145296507,1.585425147430395,2.6390543131674327,0.8657532021177178,2.839037865373963,-0.003295158574489684,2.6299705801075905,-0.8927981544914615,2.019093076220879,-1.621492324662088
13.940000000001325,2.0499949762012584,1.5893850561264689,2.64377354713224,0.8671029779687272,2.8436865521973296,-0.0051522967058918985,2.6325160020068026,-0.8972118657980629,2.0181713102556995,-1.6265788881480474
13.960000000001331,2.052663162944556,1.5932206831732485,2.6483906222483458,0.868389798120263,2.848227870972312,-0.006999126358049132,2.634990510051674,-0.9015626828885311,2.0172305222746454,-1.6315867339095262
13.980000000001338,2.055155596057589,1.5969280017199148,2.652796447781125,0.8696917107278684,2.852618273562239,-0.008709482171043939,2.6374324720862723,-0.9057232168118966,2.016378740454909,-1.6364386295286235
14.000000000001345,2.057344046352084,1.6005438551394875,2.65691200765003,0.8711154537564911,2.8568527300244,-0.010157977433439696,2.6399062941764218,-0.9095907916903875,2.0157246505373396,-1.6410906836324681
14.020000000001351,2.0591268299572505,1.6041675452178763,2.6607198572771993,0.8727937463734395,2.860994849790913,-0.011227733530232082,2.6425265976846912,-0.9131117093742315,2.015384258448754,-1.6455683436730713
14.040000000001358,2.0604536660867008,1.6079175680156306,2.664256418454027,0.874845911164876,2.865142215261769,-0.01184737706699934,2.6454115002058023,-0.9162860922256071,2.015451832686625,-1.6499418056608728
14.060000000001365,2.0613205355961846,1.6118760701547983,2.6675671132196146,0.8773378264051336,2.8693654118628875,-0.011987934633135314,2.6486358388845694,-0.919125641032315,2.0159859227223698,-1.654262683502543
14.080000000001371,2.06175505191527,1.6160771300813592,2.670688731936172,0.8802789449007137,2.873694249438241,-0.011660037223519524,2.6522163223742043,-0.9216508615072312,2.016990473948035,-1.6585531547934174
14.100000000001378,2.0618072949153996,1.620524005175334,2.673658634095729,0.8836388636446615,2.8781367567142992,-0.010909433681230344,2.656129937655475,-0.9239000603348955,2.0184245984029143,-1.6628250951501449
14.120000000001385,2.0615381339381105,1.6252018997064388,2.6765135984360833,0.8873659887505839,2.88268977334518,-0.009799677025819103,2.6603346061148945,-0.9259208879910691,2.0202258792347254,-1.6670873380384734
14.140000000001391,2.0610039738212658,1.6300789550024042,2.6792774448758507,0.8913986788760645,2.8873351422343205,-0.008394791930994478,2.664776965533207,-0.9277533266202702,2.0223279618314813,-1.671337198941309
14.160000000001398,2.060254411026417,1.635100672416896,2.6819549478401896,0.8956628148775813,2.892032881349116,-0.00675692529785025,2.669388379818556,-0.9294228938694649,2.0246622992630927,-1.6755520621346531
14.180000000001405,2.059348986132149,1.640185654056288,2.684542080296963,0.9000583342948623,2.8967212195350753,-0.004963010353409615,2.6740748650889627,-0.9309536162623104,2.0271423126740893,-1.6796926484045436
14.200000000001411,2.0583730679337435,1.645237833440314,2.6870460925631496,0.9044585511487175,2.9013319661508428,-0.003117727166690754,2.678720885511782,-0.9323877801004318,2.0296532295210548,-1.6837203388441875
14.220000000001418,2.0574332500059778,1.6501699842221769,2.6894966821947075,0.9087299877556122,2.905810546169267,-0.001345481554509256,2.683208859755702,-0.9337921501544774,2.0320619914549476,-1.6876139193510133
14.240000000001425,2.056636487344004,1.6549186514382297,2.691941072444132,0.9127554990658137,2.910126771314031,0.00022885935478734958,2.687438469174574,-0.9352521468991656,2.034235612169287,-1.6913776355831809
14.260000000001432,2.0560977765759882,1.6594724718696467,2.6944704632913736,0.9164533252995013,2.9143096502643733,0.0014796727955591906,2.691355574398384,-0.9368920608240843,2.0360514153488296,-1.6950760466460808
14.280000000001438,2.055924103820095,1.6638883251021646,2.6972086351549165,0.9198007804066473,2.9184469310432024,0.0023101996289278844,2.6949709024387487,-0.9388425411118134,2.037427312889889,-1.698821582987044
14.300000000001445,2.0561942083009903,1.668232882851231,2.700256277876012,0.9228074280057008,2.9226280306725934,0.0026711117622329776,2.698327673121641,-0.9412007438224761,2.038332304392429,-1.7027180101288597
14.320000000001452,2.056939959830998,1.6725414555149545,2.7036584842550178,0.9254876687563643,2.9269016244921557,0.0025527583939339293,2.7014656178302143,-0.9440039418094582,2.0387772055949367,-1.706822746352095
14.340000000001458,2.058140021911913,1.6768286901989728,2.7074088599242083,0.9278707988916697,2.931284298305624,0.0019848062547947127,2.70442108144155,-0.9472401179321057,2.038800880209725,-1.7111539822181026
14.360000000001465,2.0597398952781782,1.681105002132346,2.71147307201696,0.9300017844192271,2.935778589231083,0.0010244025454154307,2.707233498822305,-0.9508673135642512,2.0384610571281185,-1.7157080333738488
14.380000000001472,2.0616736716119584,1.6853744532625055,2.715803112089177,0.9319263394275847,2.9403750394579404,-0.0002630192922049152,2.70993622686314,-0.9548290562539316,2.037818941480533,-1.720464913971128
14.400000000001478,2.063875162470624,1.689624508354245,2.7203392181025126,0.9336767536616918,2.9450455812062177,-0.0018154028265295948,2.71254513464386,-0.9590592531089592,2.036928440731453,-1.7253850096957757
14.420000000001485,2.0662692613138915,1.6938223205999432,2.7250008685907576,0.9352752039479715,2.9497387312458985,-0.003565469007551059,2.715060629304332,-0.9634722419366111,2.035844731270309,-1.7304027399348583
14.440000000001492,2.068755614041019,1.6979256943985788,2.729681542154269,0.9367527632184995,2.9543872513187575,-0.0054225339242291466,2.717484963006747,-0.9679532890230225,2.0346437018172767,-1.735430317181592
14.460000000001498,2.071208013086763,1.7019027207042245,2.7342618010446262,0.9381646149729194,2.9589283954716685,-0.00726928041126871,2.719840120746538,-0.9723695078932221,2.0334280553325237,-1.7403782180085585
14.480000000001505,2.073492008768428,1.705741935475838,2.738630479021829,0.9395858139965942,2.9633186242865177,-0.00897954652487585,2.7221679275680932,-0.9765946131476856,2.032309912927368,-1.745175310151282
14.500000000001512,2.07547753730566,1.709473047741839,2.7427056917755652,0.9411208967411057,2.9675529285223567,-0.010427927449619458,2.7245355809790874,-0.9805277363330437,2.0314002218920777,-1.7497837984528646
14.520000000001518,2.077057586521478,1.7131896006097747,2.7464664016778153,0.9429020886250735,2.971694920522151,-0.011497563260879,2.7270591453375617,-0.9841183241972451,2.030813428289401,-1.7542355310733415
14.540000000001525,2.078175411623534,1.7170071354388,2.749945776679167,0.9450496655403107,2.975842189282272,-0.012117079983238403,2.729856700300985,-0.9873697126649656,2.0306397885411935,-1.7586058127306543
14.560000000001532,2.078822465338433,1.72100745039574,2.753187426668858,0.9476307115063057,2.9800653234408716,-0.012257498677804271,2.733002732443155,-0.9902956308050125,2.030934909291176,-1.7629494008516422
14.580000000001538,2.0790244375529388,1.7252260943433293,2.756227866043724,0.9506556713476428,2.9843941293775758,-0.011929447875062246,2.736513376829528,-0.9929170247470332,2.031701500376578,-1.7672886396309562
14.600000000001545,2.0788311514335063,1.729669081896956,2.7591052612834917,0.954095164858862,2.9888366281847727,-0.011178675639107082,2.7403645760264523,-0.9952715533394954,2.0328980756727604,-1.771633110565217
14.620000000001552,2.0783041996910994,1.734324997572143,2.761857774697033,0.9578986130587359,2.99338964976274,-0.010068735594567987,2.744512958652845,-0.9974056972347509,2.0344618200203968,-1.7759881687710821
14.640000000001558,2.0775016594307267,1.739165142700528,2.7645108888852072,0.9620050405060709,2.9980350270158955,-0.008663654656793472,2.7489040813192203,-0.99935796656883,2.0363266197447714,-1.7803474531329346
14.660000000001565,2.076476059830397,1.7441378377298997,2.7670713893252668,0.9663404802248599,3.0027327692370265,-0.007025584190451825,2.7534686251557208,-1.0011520010842425,2.038425268281508,-1.7846845851271171
14.680000000001572,2.075291344123681,1.7491650943727277,2.769537971451563,0.9708047924397716,3.007421099647371,-0.005231463911647861,2.758111974885589,-1.0028092664213373,2.0406734710559324,-1.78895556070094
14.700000000001578,2.074038054156066,1.7541557044802984,2.771921330387897,0.9752715316870668,3.0120318261062304,-0.003385981105926984,2.762717478763224,-1.0043689005610112,2.0429587458760885,-1.7931154882877864
14.720000000001585,2.0728274362266506,1.7590284585625737,2.7742547864587155,0.9796080751433641,3.016510375558279,-0.0016135484143144725,2.7671657792215534,-1.0058944586512175,2.045149393435013,-1.7971358525983117
14.740000000001592,2.0717697857985042,1.7637259024368057,2.7765887363965533,0.9836986035482345,3.020826563724815,-3.903877618793444e-05,2.7713542715840207,-1.0074686194267175,2.0471123806316815,-1.8010135707781336
14.760000000001599,2.070980553078073,1.7682430391338313,2.7790165767352293,0.9874638673870445,3.0250094061084427,0.0012119216296492034,2.775225464101446,-1.0092141720202161,2.048721648040578,-1.8048063549490507
14.780000000001605,2.0705634224140375,1.7726425680100841,2.7816626628362386,0.9908845571508788,3.0291466570889205,0.0020425705096241316,2.7787865307333224,-1.0112620001521222,2.0498890365747817,-1.8086219372090981
14.800000000001612,2.0705933321683005,1.7769954058237132,2.784627386763682,0.9939729758922136,3.0333277363125233,0.0024035870620195366,2.7820780444043822,-1.0137103993328056,2.050577873590181,-1.8125622218308863
14.820000000001619,2.0711001536713516,1.7813385684991416,2.787955432315815,0.9967447496876414,3.037601322442454,0.0022853274061175183,2.7851387209825287,-1.0165977072981804,2.050795801423525,-1.8166851444355854
14.840000000001625,2.0720617739722904,1.7856855036591945,2.791639611818124,0.9992289937204729,3.0419840064065817,0.0017174620944584507,2.7880052297414553,-1.0199129011962145,2.050580630219465,-1.8210110231594006
14.860000000001632,2.0734232017037906,1.7900436032537699,2.795644384223963,1.0014697270130377,3.046478331181231,0.0007571401657807051,2.790718140982955,-1.023615113891104,2.0499902095894638,-1.8255393763486591
14.880000000001639,2.0751184045961826,1.794413285725851,2.7999205175165534,1.0035113434655973,3.0510748436977666,-0.0005302046968988656,2.793312340669721,-1.0276488052081347,2.049086755712563,-1.8302536356052606
14.900000000001645,2.077081986812534,1.798778381724838,2.804407394780982,1.0053844960704086,3.0557454783911573,-0.0020825177330919594,2.79580548983885,-1.0319483427775273,2.0479262764950414,-1.8351172271126555
14.920000000001652,2.079240769021592,1.8031019484889932,2.8090239207078094,1.0071091618669616,3.060438750185308,-0.003832522923841133,2.7982003186196867,-1.0364281096714922,2.0465674756077887,-1.8400677125117733
14.940000000001659,2.081496878555847,1.8073363147262549,2.813662765257576,1.0087135020979938,3.065087414187882,-0.005689539020508166,2.800502185747959,-1.0409734729350053,2.0450909623979276,-1.845021612748426
14.960000000001665,2.0837260606742194,1.811442652988511,2.8182030293577403,1.0102494282916594,3.069628714923453,-0.007536249788977152,2.8027366667756968,-1.0454521844618325,2.043604218716858,-1.8498951877262733
14.980000000001672,2.0857947028141135,1.81540209505226,2.8225315427228526,1.0117889411409717,3.074019104171332,-0.009246494049550483,2.8049489917345527,-1.049739134375943,2.042223116837302,-1.8546235819069352
15.000000000001679,2.0875712968787026,1.8192371263311324,2.826563604335624,1.013434319951087,3.078253553135945,-0.010694883617813533,2.807209049844099,-1.0537353049629428,2.0410605089722544,-1.8591751501158766
15.020000000001685,2.0889438343658635,1.8230352359473172,2.83027458158564,1.0153171415767475,3.0823956675457898,-0.01176454630863878,2.809634211229738,-1.057393307238442,2.040228889594452,-1.8635879700675557
15.040000000001692,2.0898492809468876,1.8269086561321772,2.8336943559152212,1.017558532425928,3.086543029014449,-0.012384106742944847,2.8123424134591986,-1.0607196779581518,2.039814222961337,-1.867942195562979
15.060000000001699,2.0902745879865243,1.8309385898515498,2.836864698599914,1.0202267422093467,3.0907662221229555,-0.012524586302580345,2.81540774736815,-1.0637301605680916,2.0398690204045637,-1.872295571302188
15.080000000001705,2.0902434442915223,1.835161950877983,2.8398218286044945,1.0233332090511071,3.0950950538155104,-0.012196612675310144,2.818845779744552,-1.0664461317178593,2.0403947627567036,-1.8766705656052403
15.100000000001712,2.0898052653128367,1.8395874956368234,2.84260469969574,1.0268496043184365,3.099537548347261,-0.01144593311683789,2.8226314449076186,-1.0689045843388285,2.0413495037427665,-1.8810744652509461
15.120000000001719,2.0890221801002586,1.8442072265934253,2.8452528380462776,1.0307264079637988,3.1040905406375736,-0.01033610017935319,2.8267201312254304,-1.0711508060117056,2.042670233270825,-1.885509161058741
15.140000000001725,2.0879537611301378,1.8489956953378512,2.8477933773352344,1.0349033629169673,3.108735869802144,-0.00893113932763288,2.831056376946288,-1.0732218164886427,2.0442912949103924,-1.8899646647724977
15.160000000001732,2.0866553093604763,1.8539042013418046,2.850235113665995,1.039306717826337,3.113433552009507,-0.007293199630935864,2.8355702560815415,-1.0751393662412465,2.046147047414486,-1.8944109417206625
15.180000000001739,2.0851949739698026,1.8588584051274364,2.8525794665214987,1.0438363390301577,3.1181218173580376,-0.005499217176008153,2.840166616266362,-1.0769223436499709,2.048155762894525,-1.8987994149571967
15.200000000001745,2.083668191529628,1.8637722350176213,2.854840564255384,1.0483661232286148,3.1227324794621913,-0.003653874371808333,2.8447277967851874,-1.0786067015151763,2.0502076200715087,-1.9030790629653562
15.220000000001752,2.082190519599137,1.8685707449375735,2.8570553184069984,1.0527644063861064,3.127210968711173,-0.0018815784419731246,2.849132766443236,-1.0802527242157243,2.0521727067107505,-1.9072141500247963
15.240000000001759,2.0808752553158936,1.873202655155238,2.8592772535643682,1.056916785162539,3.1315271039521786,-0.0003072012543354959,2.853276717767891,-1.0819402594674614,2.053918380013549,-1.9111942524575558
15.260000000001765,2.079837947887334,1.8776693475738784,2.861601886623827,1.060746581129849,3.1357099047389942,0.0009436285668450061,2.8570988445994248,-1.0837904795263549,2.0553155993010517,-1.9150700356902026
15.280000000001772,2.079178663618743,1.8820391478077436,2.8641540523041216,1.0642378708737343,3.139847121998219,0.0017741593983646655,2.860602768655533,-1.0859344551763959,2.056270366408055,-1.918944231399749
15.300000000001779,2.0789683137005994,1.8863869995844191,2.867033771879749,1.067405678447109,3.1440281771246723,0.0021350629048363396,2.8638263688733576,-1.0884715431958591,2.056740437789114,-1.922916554315673
15.320000000001786,2.0792346817429768,1.8907515101804948,2.87028528702341,1.0702668348532325,3.1483017468103105,0.002016689962726113,2.8668072940939338,-1.091441114094882,2.0567302401726484,-1.9270452602093808
15.340000000001792,2.079954946664598,1.8951448853926591,2.873900618928733,1.0728502453703939,3.1526844167504153,0.0014487084219480903,2.8695824890716493,-1.0948331398500748,2.0562763991434467,-1.9313527083651438
15.360000000001799,2.0810737931005723,1.8995714699667614,2.87784303995197,1.075198943052656,3.157178722926464,0.00048826632923366654,2.872193610087933,-1.0986078647571806,2.055436698980483,-1.935841595607066
15.380000000001806,2.082525266314127,1.9040280366044402,2.8820621261718657,1.0773559643829345,3.1617752053700667,-0.0007992021674062869,2.8746770321830053,-1.1027107105678777,2.0542741745351036,-1.940498798840159
15.400000000001812,2.084244962252762,1.9084948310391743,2.8864964466841956,1.0793503023589908,3.1664457931867798,-0.00235163997874904,2.877052190182568,-1.1070765417215536,2.0528467705306075,-1.9452908803577622
15.420000000001819,2.086161851504445,1.9129309283521319,2.8910643909742757,1.0811997237933653,3.1711389990768852,-0.0041017670400425345,2.879324142437522,-1.1116198403017081,2.051216555583143,-1.950158732062001
15.440000000001826,2.0881808411008786,1.9172833293918279,2.8956579031329563,1.082929465766481,3.1757875801127615,-0.005958897624768435,2.881501369461023,-1.116226157929538,2.04946863399895,-1.9550234551275956
15.460000000001832,2.090180008342114,1.921506409822892,2.9001547196905038,1.0845881390166563,3.1803287860720713,-0.0078057119061583635,2.8836130433145035,-1.1207639915063214,2.0477149547222284,-1.9598073808657774
15.480000000001839,2.092026985401936,1.9255739576772952,2.904439757323933,1.0862446463628386,3.1847190747853507,-0.009516045386151847,2.885707789931802,-1.125109509038051,2.046074801109284,-1.9644521610123713
15.500000000001846,2.093589225252874,1.9295011672953373,2.9084255698628816,1.0879989263528314,3.1889534300092617,-0.010964499605873595,2.887858183011344,-1.1291656347842165,2.0446626126872256,-1.9689324482439752
15.520000000001852,2.09475005915429,1.9333692170845913,2.912083962656908,1.0899818551673446,3.193095464507538,-0.012034206330224407,2.890182855004777,-1.1328881947130067,2.0435886229965923,-1.9732924973948562
15.540000000001859,2.095440354477997,1.9372866905935309,2.9154415174201143,1.0923153309402833,3.197242765455283,-0.012653792427642321,2.8927995264380324,-1.1362869380437068,2.042934235569485,-1.9776170986952901
15.560000000001866,2.0956426012992564,1.9413339462663222,2.9185381361686753,1.095068710273191,3.201465920745682,-0.012794282533998462,2.895781828955803,-1.1393796250584312,2.0427486821034706,-1.981966810093273
15.580000000001872,2.0953784155081636,1.945549148378058,2.921409714474388,1.0982544087471182,3.2057947388479073,-0.012466307107910262,2.8991447392933654,-1.142188052474154,2.0430321930382696,-1.986364147124011
15.600000000001879,2.094696654146943,1.9499437666763781,2.924095961947554,1.1018451656341341,3.210237244816318,-0.011715615010606917,2.9028621940092054,-1.1447485211337227,2.043742479213596,-1.9908140705946948
15.620000000001886,2.0936597929676823,1.9545132440942852,2.926637735850781,1.1057925526041814,3.21479027328883,-0.01060575984515033,2.9068883655395723,-1.1471050907754194,2.0448165188765626,-1.9953149901306186
15.640000000001892,2.0923287181292287,1.9592354580929678,2.929063796729555,1.110037071262841,3.219435661669028,-0.009200767555806604,2.91116680424771,-1.1492932592443466,2.046189304672486,-1.9998533056502101
15.660000000001899,2.0907613341499545,1.9640648335647644,2.931384940440413,1.1145052348009128,3.224133422643776,-0.0075627873512278745,2.9156270151154855,-1.151332864801885,2.0477969515180803,-2.0043953981799123
15.680000000001906,2.0890297894012178,1.9689309044655203,2.933605305631169,1.119096982124587,3.2288217807980635,-0.0057687559007928175,2.920173360892755,-1.1532401965660346,2.0495605347454737,-2.0088882424954786
15.700000000001912,2.087234125818389,1.9737529964057088,2.9357424412963895,1.1236866364103009,3.233432542996354,-0.003923357384851434,2.924687237355639,-1.155047989398813,2.0513732117227432,-2.0132748194946335
15.720000000001919,2.0854938618310386,1.9784626543678112,2.9378368234376224,1.1281435813728915,3.237911133678221,-0.0021510017804527515,2.92904600924002,-1.156813210854758,2.0531072342057777,-2.017512265482104
15.740000000001926,2.0839249525900745,1.9830149290774968,2.9399450652814476,1.132354907436233,3.242227364824256,-0.000576558536532221,2.93314272881151,-1.1586128334714418,2.0546307244256874,-2.021582845072823
15.760000000001932,2.082642695028948,1.9874175763330972,2.94216472711898,1.1362465563149908,3.246410245989576,0.000674349276666516,2.9369133113202492,-1.1605663319932402,2.0558120325175455,-2.0255300119308104
15.78000000000194,2.0817432314391944,1.9917443394946854,2.944621027228926,1.13980600379465,3.2505475285012277,0.0015049578085960793,2.9403578019787693,-1.1628047782770923,2.0565516680885385,-2.0294511128532693
15.800000000001946,2.0812932284687395,1.9960739619558412,2.9474135409326956,1.1430509883094215,3.2547286296477846,0.0018659440184914016,2.9435113670635533,-1.1654285287979766,2.056801947393623,-2.0334433875845415
15.820000000001953,2.081318296454734,2.0004465263548408,2.950586037751837,1.1459995395086078,3.2590022265616994,0.0017476612474096073,2.946410576911945,-1.1684779713070117,2.0565640757055563,-2.0375652597569966
15.84000000000196,2.0817949753819063,2.0048729614283864,2.9541297587064395,1.1486803378183896,3.263384908585284,0.0011797784540190878,2.9490926419654864,-1.1719440928149853,2.055873389617296,-2.041841088437531
15.860000000001966,2.0826677944106127,2.0093545535773836,2.9580068230863343,1.1511354048413438,3.2678792172393076,0.00021944380351008027,2.951600290938749,-1.1757882909851598,2.0547874376941935,-2.0462767681637613
15.880000000001973,2.083871077573815,2.0138844414356565,2.9621656591692487,1.1534063928877534,3.272475698705145,-0.0010679093472037134,2.9539713754512706,-1.1799570029895814,2.053369882973983,-2.050862687047328
15.90000000000198,2.085341609583283,2.0184393471734623,2.9665440742294304,1.15552061563216,3.277146287795806,-0.0026202259460051053,2.956227098170611,-1.1843856528613292,2.0516804243210878,-2.055568667413809
15.920000000001986,2.0870107285447843,2.02297448844621,2.971060008258089,1.1574936144003802,3.281839501431662,-0.004370229375908436,2.9583748414762083,-1.1889888995240718,2.0497842911964606,-2.0603391250711223
15.940000000001993,2.0887864121469817,2.0274316984005063,2.975604761418179,1.1593476773035303,3.286488098447383,-0.0062272381838745115,2.960426191310791,-1.1936525742123525,2.0477708032587274,-2.065099981579972
15.960000000002,2.0905494421452606,2.031758692545769,2.9800547947160356,1.1611280700414142,3.2910293278749716,-0.008073936771952523,2.9624138780461373,-1.1982460200158893,2.0457560155638532,-2.069779862842677
15.980000000002006,2.092169099725024,2.0359219925129195,2.9842931942476354,1.1629005374862076,3.295419645245233,-0.009784164605728373,2.9643898684895267,-1.2026467752385184,2.043862240617334,-2.0743270872255293
16.00000000000201,2.09351220117313,2.039929453042535,2.9882298277561317,1.164762599802709,3.299654030401059,-0.011232526058812356,2.966429340193894,-1.2067597746439866,2.0422051323151638,-2.0787226534768752
16.020000000002,2.0944577764782224,2.0438556876961096,2.9918329507710983,1.1668443131706947,3.303796091063272,-0.01230215565879839,2.9686520761062174,-1.2105440829919791,2.040892309747816,-2.083016822762768
16.04000000000199,2.0949308056877487,2.0478052983654473,2.995125818995674,1.1692682521410471,3.307943411828984,-0.01292167817090234,2.971175487766536,-1.2140126395245832,2.040000379873151,-2.08729874137892
16.060000000001978,2.094909370131807,2.0518575546605105,2.998146431536885,1.172104833637841,3.3121665788269103,-0.013062113645099597,2.9740726987635684,-1.2171851916002394,2.039575167069296,-2.091631586625098
16.080000000001966,2.0944129459321235,2.056051755593521,3.0009303306363013,1.175367445253901,3.316495398099946,-0.012734089364136109,2.9773580874610706,-1.2200839285826173,2.0396156648758432,-2.096037847021333
16.100000000001955,2.0934896823715423,2.060402049690843,3.003517950327459,1.179029915595405,3.3209378915207686,-0.01198335255314038,2.9810046108277617,-1.2227444237915628,2.0400793782150646,-2.1005201353069345
16.120000000001944,2.0922022113911707,2.0649073347639497,3.005951447942494,1.1830449443574251,3.3254908907611282,-0.010873456103444385,2.9849652575097467,-1.2252094703444998,2.04090347115673,-2.105073379259586
16.140000000001933,2.090612547335956,2.0695488823515866,3.00826119050008,1.1873538364259957,3.3301362313920655,-0.009468426275201757,2.989182630930263,-1.2275130163241366,2.0420237860420385,-2.10968040828234
16.160000000001922,2.0887810218838605,2.0742843828803212,3.0104599685802444,1.1918834254917527,3.3348339262121613,-0.007830413620179066,2.9935857210524675,-1.2296729779316555,2.043378388227263,-2.1143041298630574
16.18000000000191,2.086783562528939,2.0790474602741424,3.012554641796997,1.196533800994894,3.3395222026565965,-0.0060363564459094445,2.998078484244336,-1.2317030440472696,2.0448913964036386,-2.1188872510110133
16.2000000000019,2.0847245110009873,2.0837630854160762,3.014566172189192,1.201179812224283,3.3441328728537396,-0.004190939801110242,3.0025414751103527,-1.233632721212015,2.046459275460829,-2.123366955502126
16.22000000000189,2.082726981240002,2.088369504806728,3.0165385741787385,1.205691994767379,3.348611366967615,-0.0024185735667741023,3.0068505616870036,-1.2355156298761094,2.0479568368738272,-2.1276934082357903
16.240000000001878,2.080909232279976,2.0928282381096053,3.018531512897718,1.2099590226188952,3.352927504151829,-0.0008441311645509433,3.010896749766619,-1.2374258097971162,2.0492533870402085,-2.13184163417818
16.260000000001867,2.079385957590829,2.097153394301476,3.0206445332055707,1.213909521701869,3.357110304740366,0.00040675848346443343,3.014612738135043,-1.2394809551645865,2.05021508271308,-2.1358477733900716
16.280000000001856,2.078249083628344,2.101423911731548,3.0230031515375106,1.2175343778951377,3.3612475218236826,0.0012373408883587602,3.017995019364419,-1.2418121296826428,2.0507371839129482,-2.1398035684379955
16.300000000001845,2.0775608294607797,2.1057220930969254,3.02570642435799,1.2208540311145093,3.365428577054987,0.0015982908873225185,3.0210760201961233,-1.244520603458012,2.050766716527792,-2.143803475035101
16.320000000001833,2.0773445540598807,2.1100893727415277,3.0287976130077356,1.2238876939014487,3.3697021482744196,0.001479961991563615,3.0238911990616226,-1.247647736092983,2.050301663393325,-2.147905886935673
16.340000000001822,2.0775762299030363,2.114535367212564,3.0322671800074854,1.2266637968033047,3.3740848233839436,0.0009120234726134253,3.026477995740364,-1.2511855242267702,2.049375965367562,-2.15213706946817
16.36000000000181,2.078200399600748,2.1190582987007414,3.0360761140646138,1.2292233146289402,3.3785791410952557,-4.837599367555259e-05,3.0288801696389056,-1.2550965373683314,2.0480467587423448,-2.1565060772135656
16.3800000000018,2.0791518658037806,2.1236476908227204,3.040171727707848,1.231606480785984,3.3831756439003464,-0.0013358022863373985,3.0311370111204075,-1.259328257505084,2.0463781405309915,-2.161006818952654
16.40000000000179,2.0803687939633386,2.128276811630499,3.044491105882106,1.2338389068850701,3.3878462624740933,-0.002888199155430113,3.033271467138722,-1.2638167042263158,2.044431385681231,-2.1656124497933047
16.420000000001778,2.0817850978518955,2.1328971570351873,3.04895179338373,1.235933897098835,3.3925395095338997,-0.004638288032624228,3.0352932345448536,-1.268476762699913,2.0422746955767668,-2.1702710620660377
16.440000000001767,2.0833121049682175,2.137445569909661,3.0534445217361434,1.2379107766132915,3.3971881402342077,-0.00649538469138009,3.037216997230651,-1.273194614257457,2.040001348157519,-2.1749136124000916
16.460000000001756,2.0848336636383946,2.141863265938435,3.057844564701565,1.2398114372522593,3.401729401116784,-0.008342170232721753,3.0390790259522658,-1.2778405330454057,2.0377311683985817,-2.179475235528951
16.480000000001745,2.0862211012527734,2.146109603813109,3.062033262788064,1.2416984232122978,3.406119746783326,-0.010052480996036704,3.040934599842255,-1.2822935101163786,2.0355891422265153,-2.1839110774239194
16.500000000001734,2.087341002672278,2.150185076797218,3.065917865390046,1.2436667744828505,3.4103541539901854,-0.01150092438736865,3.042861451927448,-1.286460552552252,2.033691802008444,-2.18820854556719
16.520000000001723,2.0880684646797265,2.1541575086607248,3.069463104224651,1.2458456312079227,3.4144962325714174,-0.012570628576359206,3.04498043089975,-1.2903039948508528,2.032143827574288,-2.192423758999727
16.54000000000171,2.0883228089961774,2.1581272018122415,3.0726888950053644,1.248358153502038,3.4186435668947115,-0.01319021966831514,3.0474085510093305,-1.2938399660258297,2.031016784228164,-2.1966499563356106
16.5600000000017,2.088077775857935,2.1621720957875263,3.075631311197816,1.2512757659404161,3.4228667432638598,-0.013330721731074658,3.0502183719640352,-1.2970901991195538,2.030352934730733,-2.200952753039561
16.58000000000169,2.087350643207055,2.1663325050980164,3.0783255207399676,1.2546128183137557,3.4271955699830525,-0.013002764482196214,3.0534236661269327,-1.3000772717816236,2.030150029811713,-2.2053545554918705
16.60000000000168,2.0861887063099407,2.1706252146065785,3.0808126566821703,1.2583442494585066,3.4316380726858227,-0.012252096277409332,3.0569964375299405,-1.3028360147421667,2.0303654929838726,-2.2098556361117483
16.620000000001667,2.0846545625457784,2.175052580937344,3.083136148660757,1.2624239241102364,3.4361910872287784,-0.01114227025942992,3.060888533708344,-1.305407932543999,2.0309368630390843,-2.2144474714830524
16.640000000001656,2.0828111652516634,2.1795993270661405,3.085327949218712,1.2667939959571972,3.4408364527889157,-0.00973731193596058,3.06504166151602,-1.3078254038146724,2.031801028676831,-2.2191093836287874
16.660000000001645,2.080721088915666,2.1842265376533967,3.087402833004606,1.2713816748791318,3.445534184327974,-0.008099369951970727,3.069384354892028,-1.3101044079663784,2.032898200470082,-2.2238009222823174
16.680000000001634,2.078463808231512,2.188872127829111,3.0893703713881395,1.2760872743251161,3.450222509107629,-0.006305380019994115,3.0738202365368954,-1.3122560143052986,2.0341557804962664,-2.2284606924433272
16.700000000001623,2.076147646509211,2.1934669406147678,3.0912549180339934,1.28078625892763,3.4548332366547925,-0.004460024843356079,3.0782291030295745,-1.314306464919467,2.0354738641379178,-2.23302025266878
16.720000000001612,2.073898938167545,2.1979561103150966,3.093103987608443,1.2853504070203696,3.459311793380143,-0.0026877126055699376,3.082485408544196,-1.3163059786048645,2.036730209139435,-2.237422925228111
16.7400000000016,2.071837885512773,2.202307740969454,3.0949802458654085,1.2896700541579724,3.4636279933404315,-0.0011133129768172742,3.086478183496878,-1.3183255986547386,2.0377957022439577,-2.2416365498496194
16.76000000000159,2.0700782281169956,2.2065422481825383,3.0969851349804083,1.2936765554474678,3.46781084900349,0.00013754932508715874,3.090136946531055,-1.3204811384234134,2.038534710954707,-2.2456898089275446
16.78000000000158,2.068707395479022,2.2107435220614406,3.0992443695601266,1.2973642103375802,3.4719481108344046,0.000968115288145866,3.0934546223934025,-1.3229034972902423,2.0388376070620033,-2.2496685042105966
16.800000000001567,2.0677829700760126,2.214997173499689,3.101856414067229,1.3007561418166942,3.4761291973315833,0.001329059091945924,3.0964608692154574,-1.3256947921042326,2.0386462806549748,-2.2536640236710492
16.820000000001556,2.067325988949361,2.219345863174112,3.1048639930151536,1.3038727302837008,3.480402785080327,0.001210732380162937,3.09919000484997,-1.3288973353967515,2.0379554899227017,-2.257734562085304
16.840000000001545,2.0673119306841445,2.2237978672930137,3.1082568006640496,1.306742136240432,3.484785461487799,0.0006428032666284131,3.1016796709455186,-1.332504146791786,2.0367976709225175,-2.261908218522323
16.860000000001534,2.0676855206747784,2.2283483504908936,3.1119947272161834,1.3094042589280033,3.4892797653592442,-0.0003175803364407529,3.103974627501512,-1.3364790002050344,2.0352293717471674,-2.266197187953492
16.880000000001523,2.068382239255572,2.232983254605655,3.116024012050707,1.3118978850334948,3.4938762400651275,-0.0016049848066817705,3.1061155783774224,-1.3407704660236848,2.0333149275295095,-2.2705989277991345
16.900000000001512,2.069341821595519,2.2376724763478597,3.1202810684944384,1.3142469072202863,3.4985468180611754,-0.0031573541483347223,3.108127202995548,-1.3453152127334966,2.0311170014587168,-2.275090019260074
16.9200000000015,2.070500959336657,2.242363938874943,3.124683111999155,1.3164623843998349,3.5032400149237457,-0.004907410125507683,3.1100215114295504,-1.3500284235072468,2.028706555251038,-2.2796224035450763
16.94000000000149,2.0717746010799165,2.2469896880976186,3.129120391547443,1.3185606654009652,3.507888589596852,-0.006764469404492351,3.1118162798738633,-1.3547967260508111,2.026180532885786,-2.2841322984895545
16.96000000000148,2.0730500169048405,2.251484619382,3.133467090843906,1.3205802367206114,3.5124297924763566,-0.008611214721625456,3.11355129509105,-1.3594914350393852,2.02366215217402,-2.288561559141898
16.980000000001468,2.0742009737315215,2.255801052204041,3.137602896089606,1.3225803940082241,3.5168200809473937,-0.010321483994669929,3.115285106896024,-1.363993094412956,2.0212786794716044,-2.29287230363723
17.000000000001457,2.0750942338369844,2.2599321157172962,3.141432509394244,1.3246536154965431,3.521054438529778,-0.011769878653194404,3.1170979543559176,-1.3682108666909578,2.0191471622116812,-2.2970584001843712
17.020000000001446,2.075601339889224,2.2639386380780273,3.1449171662532702,1.3269280452805692,3.525196475557612,-0.012839533609923681,3.1191116734392192,-1.3721103897070814,2.0173690269149325,-2.301181673331534
17.040000000001434,2.0756362005394626,2.2679163163728853,3.1480734275863647,1.3295273419955562,3.5293437784209,-0.013459074567001678,3.1214427997793672,-1.3757109681975344,2.016010585497953,-2.3053391736161015
17.060000000001423,2.075168294478021,2.271941521521033,3.15093541023589,1.3325238826762436,3.533566934361464,-0.01359952322863099,3.1241632740892817,-1.379036297988723,2.0151104152485306,-2.309598744883209
17.080000000001412,2.0742126482374803,2.2760554595098084,3.1535378770880325,1.3359329659889272,3.537895750251878,-0.013271508145542399,3.1272862466460865,-1.3821093194194127,2.0146650341823737,-2.3139826282351343
17.1000000000014,2.072815558576557,2.2802774991565924,3.15592262522744,1.3397306564600802,3.5423382487769906,-0.012520777239230828,3.130782781035266,-1.3849640852603158,2.0146319162438853,-2.3184887380850863
17.12000000000139,2.0710393974105887,2.2846134475790385,3.158134320533823,1.3438720147386252,3.5468912621295012,-0.011410883785937726,3.1346036098156307,-1.3876407716323063,2.01494916603009,-2.3231051086910837
17.14000000000138,2.0689478654026567,2.2890515248742935,3.1602064749401815,1.3483000826619722,3.55153662584707,-0.010005854094177367,3.1386895762451426,-1.3901701572617273,2.0155549086273097,-2.327807602924429
17.160000000001368,2.0666055897113558,2.2935563281473037,3.1621558359978463,1.3529424967475032,3.5562343519019435,-0.008367838481357559,3.142968801064949,-1.3925662714050278,2.016391675083913,-2.3325525264101286
17.180000000001357,2.0640953507697573,2.2980702533389796,3.1639946822289176,1.3576998659123842,3.5609226658931536,-0.006573775064167118,3.147344636991355,-1.3948375602995289,2.0173903613643787,-2.337274568045135
17.200000000001346,2.061529123922539,2.3025302275751276,3.165750745466047,1.3624483620935435,3.565533377351233,-0.004728349126890178,3.1516962084732567,-1.3970069919560903,2.018454986254278,-2.3418998776586077
17.220000000001335,2.0590360793271145,2.306888441708317,3.1674750106488516,1.3670611026340567,3.570011913936347,-0.0029559712037923436,3.1558966493051193,-1.3991213583906028,2.0194666156356877,-2.3463651207939584
17.240000000001324,2.056737996764472,2.3111196829769227,3.169233104216565,1.3714301673243,3.574328091799329,-0.00138151336977315,3.1598330991021144,-1.4012486663294084,2.020298101351418,-2.3506310662448393
17.260000000001313,2.0547473161072753,2.3152506142715494,3.1711283003462376,1.375489695474816,3.5785109268383515,-0.00013060210503233004,3.1634319564599447,-1.4035027770909063,2.0208124303039603,-2.3547188759567828
17.2800000000013,2.0531467037538316,2.3193698239017793,3.1732864238100436,1.3792374076430685,3.58264817189289,0.0007000034148240521,3.166682592523286,-1.4060143503491949,2.0208954053533814,-2.3587081759066897
17.30000000000129,2.051988929030243,2.323565970479143,3.175805273617707,1.3826990971126494,3.5868292468039664,0.0010609796729725291,3.169611882276685,-1.4088862715935717,2.02048396365168,-2.3626870107216043
17.32000000000128,2.0512926420363806,2.3278828106639273,3.1787270037247337,1.385896299858385,3.5911028293738942,0.0009426807177237527,3.172252985125676,-1.4121617699749223,2.019569663449125,-2.3667132003680162
17.340000000001268,2.051032901716044,2.332327254717226,3.1820405465502772,1.3888568870094689,3.5954855086321014,0.000374776013401747,3.1746437222785455,-1.4158348916076573,2.0181833432098957,-2.3708165950624513
17.360000000001257,2.051154784404199,2.3368914240749237,3.185704722653164,1.391619653664645,3.599979825123796,-0.0005855858400812191,3.176829824855881,-1.419870642013302,2.0163807927359247,-2.375012495655457
17.380000000001246,2.051594644531002,2.3415577211288334,3.1896647370500593,1.394221911263172,3.6045763234885193,-0.0018729710571101172,3.1788533814338393,-1.4242187186181943,2.014226389142737,-2.3793019165590583
17.400000000001235,2.0522939704779164,2.346292762284373,3.19385637708177,1.396685814888943,3.60924693653539,-0.0034253240951223705,3.1807407838003487,-1.428816485438354,2.0117839910907644,-2.3836649335728644
17.420000000001224,2.0531924244959256,2.3510410557197243,3.1981965877246523,1.399020167851968,3.613940178785826,-0.005175367566451176,3.1825063409416927,-1.4335794834846123,2.009127102497255,-2.388057474934578
17.440000000001213,2.0542088351577314,2.355730056383054,3.2025752128280778,1.4012383276758695,3.6185888065276064,-0.007032418777366998,3.184170900360797,-1.4383948632833976,2.006356038760739,-2.3924211997729983
17.4600000000012,2.055234237345239,2.360288536708385,3.2068654344420793,1.4033753445574904,3.623130066621751,-0.008879160455071542,3.1857777279648545,-1.443135064279457,2.0035970399808574,-2.3967048438432514
17.48000000000119,2.056145221734434,2.3646619215750775,3.2109453696446755,1.4054872199669808,3.6275204133225887,-0.010589430469546496,3.1873885954835974,-1.4476822621758405,2.0009792706638536,-2.4008775996189273
17.50000000000118,2.0568091317609567,2.368835997007925,3.214717239489284,1.4076638103560792,3.6317548230914496,-0.012037836287286802,3.1890861731942266,-1.4519478276795754,1.998619937841729,-2.4049397924732707
17.52000000000117,2.057094350476293,2.3728644073850442,3.218138808693422,1.4100321478640894,3.6358969041839595,-0.01310750796318085,3.190993177235238,-1.4559007185282273,1.9966168983201311,-2.4089587348724653
17.540000000001157,2.056909636645534,2.3768379522344683,3.2212232692274414,1.4127162928857435,3.6400442404168314,-0.013727070850279872,3.19322557276856,-1.4595633973712574,1.9950310084400813,-2.4130349833044478
17.560000000001146,2.0562203005190605,2.380831202085758,3.2240027582327855,1.4157895250615964,3.6442674176486136,-0.01386754716513831,3.195854631775459,-1.4629615057881364,1.9938970456024103,-2.4172384095208774
17.580000000001135,2.055039071497295,2.3848861299379265,3.2265116106353275,1.4192680842376726,3.648596243173618,-0.013539565412595872,3.198892878825036,-1.4661183339307424,1.9932103072393406,-2.421591033086045
17.600000000001124,2.0534111067694467,2.389024630704039,3.2287922598048877,1.4231291814381843,3.653038741146791,-0.012788873349330824,3.202310465136498,-1.4690671370024464,1.9929284478396667,-2.4260884292929363
17.620000000001113,2.0513983626387002,2.3932559454478115,3.2308905778993373,1.4273291094593659,3.657591745914403,-0.011679023906293254,3.20605705221534,-1.4718467389993686,1.9929903271562022,-2.430715239700148
17.640000000001102,2.049065092673596,2.3975718283101273,3.2328416138356015,1.4318118436128482,3.6622370955204446,-0.0102740428143109,3.210072671782216,-1.4744863012883913,1.993335497406605,-2.4354439545224436
17.66000000000109,2.046477779138641,2.4019404974846963,3.234664076767705,1.4365055040611103,3.6669348045274996,-0.00863607940525239,3.2142850935863825,-1.4769978958478782,1.9939089902300227,-2.440227779809504
17.68000000000108,2.0437222550609064,2.406309005536003,3.2363729426348757,1.4413110719830002,3.671623100891031,-0.006842070281172805,3.2185974807269777,-1.4793873396726105,1.9946454141454815,-2.4449976952317676
17.70000000000107,2.040913805672484,2.4106205555745004,3.2379992986435386,1.4461055205211693,3.676233795867527,-0.004996698807034049,3.222888382180765,-1.481674306409802,1.995453013851858,-2.449674669782201
17.720000000001058,2.0381840424527238,2.414834539958742,3.2395975590150696,1.450763401054279,3.6807123179302788,-0.003224373477163305,3.227029710111434,-1.483902120791758,1.9962165364251194,-2.454188903471366
17.740000000001046,2.0356559506969356,2.418932505021755,3.2412362584503627,1.455178618101131,3.6850284837981486,-0.0016499656196642283,3.230906799833935,-1.4861356920834885,1.996811199376656,-2.458494207086798
17.760000000001035,2.033440327123596,2.4229472781151724,3.243020422772461,1.459288143432679,3.689211309979258,-0.00039910213509968434,3.2344429825945062,-1.4884868349426923,1.997099035016669,-2.46260414759966
17.780000000001024,2.0316148231361537,2.4269718745763202,3.2450758921160796,1.4630931181673268,3.693348547861019,0.00043146102478183935,3.2376240820779065,-1.4910858844048918,1.9969616151782756,-2.4665919325384142
17.800000000001013,2.0302272350492028,2.4310977300171133,3.247499728657283,1.4666219832142617,3.69752961757244,0.0007923976790299915,3.2404741638786216,-1.4940364165474458,1.9963311136768862,-2.4705419880739043
17.820000000001002,2.0292937699913622,2.4353695635228565,3.250333485387292,1.4698974109510954,3.701803196111261,0.0006740598791018505,3.243025196168575,-1.4973825439193857,1.9951959090935416,-2.474511575024776
17.84000000000099,2.0287891437716405,2.4397928980914707,3.25356534062926,1.4729469598704823,3.7061858706516726,0.0001061160388252221,3.2453151443480666,-1.501119340525721,1.9935851446025405,-2.4785321945337984
17.86000000000098,2.0286589514072007,2.444356835669816,3.2571530747046866,1.4758082898982887,3.7106801793330377,-0.0008542856623438579,3.2473906706297115,-1.505213065274149,1.99155368053988,-2.4826221977185527
17.88000000000097,2.028840615616384,2.44904029266913,3.261040897665772,1.478517208059182,3.7152766645006157,-0.002141711328832986,3.2492952130579726,-1.5096145755709225,1.9891657408732408,-2.486786145808039
17.900000000000958,2.0292775563389966,2.453806707044083,3.265164017382951,1.481094115315544,3.7199472573026173,-0.0036941046395264627,3.251056855549497,-1.51426197330986,1.9864861888159207,-2.4910076663473655
17.920000000000947,2.029912590183714,2.4585973416515663,3.269439169566793,1.4835455545513199,3.724640471780097,-0.005444186843243421,3.2526921990290347,-1.5190712176689156,1.9835908518097531,-2.495246811185991
17.940000000000936,2.0306686729474817,2.463335282574607,3.273755875717589,1.4858818853677058,3.7292890652789668,-0.007301273790028621,3.254225154225898,-1.5239300672912977,1.980583115085285,-2.4994508680178167
17.960000000000925,2.0314409364299464,2.4679433976222973,3.2779864127142053,1.488134699501343,3.7338302868591215,-0.009148047131122612,3.2557024427916845,-1.5287121864557323,1.9775918570769728,-2.5035756236769027
17.980000000000913,2.03210917119078,2.472360384478675,3.2820074211397863,1.4903566664186014,3.738220593141726,-0.010858343750179961,3.257189020746465,-1.5333014755116776,1.974747746691761,-2.507597452122003
18.000000000000902,2.0325417079049335,2.476564730092098,3.285718717163196,1.4926349507998085,3.742454965598247,-0.012306766965342048,3.258769944131393,-1.5376115889682536,1.9721677963363824,-2.5115231564446434
18.02000000000089,2.032604168183007,2.480602734559056,3.2890746290661563,1.495095397326497,3.746597014958243,-0.013376448878062955,3.2605687342675624,-1.5416148357418848,1.9699460004530316,-2.515425358976437
18.04000000000088,2.0322004383965067,2.4845600238529078,3.292084972727601,1.4978623811191196,3.7507443271593437,-0.013996015577531164,3.262700704214762,-1.545336826051182,1.9681375696025791,-2.5194078263585875
18.06000000000087,2.031291766340017,2.4885091401003754,3.294779881889763,1.5010100270234543,3.7549674892962934,-0.014136490164012644,3.265236400653306,-1.548805132151301,1.9667733673961252,-2.5235422426352896
18.080000000000858,2.0298885457484035,2.492492694619093,3.2971932375983535,1.5045555010645415,3.7592963090445624,-0.013808501981280974,3.2681877087157667,-1.5520433772461928,1.9658474805501702,-2.527850332673461
18.100000000000847,2.0280346567280376,2.4965350409103935,3.299368076968267,1.5084771754943969,3.763738810538209,-0.013057799297754153,3.2715238856096427,-1.555083993384054,1.9653178708259817,-2.5323253402637773
18.120000000000836,2.0257914512141766,2.5006488250201695,3.301351443057588,1.5127326056711874,3.768291827658903,-0.01194793542181699,3.2751935550578666,-1.5579644218637716,1.9651243378316807,-2.5369485546235886
18.140000000000825,2.023223540016693,2.5048293594856412,3.303179894346494,1.5172667397128698,3.7729371974953816,-0.010542936330945081,3.2791359770286492,-1.5607121824214065,1.965208043719948,-2.541689169590145
18.160000000000814,2.0203990582462352,2.509048579752262,3.304874086472489,1.5220082320032071,3.7776349331098573,-0.008904951572894594,3.28327861814982,-1.5633373775161286,1.9655166864017204,-2.546497425520595
18.180000000000803,2.0174066305004685,2.513258355862252,3.3064516809931273,1.5268585060795763,3.7823232603898505,-0.007110918191042096,3.2875245166256204,-1.5658431872981735,1.9659887831274396,-2.5513007937123344
18.20000000000079,2.0143645012258564,2.5174083397887883,3.307947097648981,1.5316954239729963,3.7869339882646615,-0.005265520418727837,3.291751728031317,-1.5682459742515797,1.9665370793076968,-2.5560152943001557
18.22000000000078,2.0114063227812777,2.5214652492447365,3.3094181408404424,1.5363950610598385,3.7914125432811794,-0.003493167934010315,3.29583103058021,-1.570585563536111,1.9670503483113857,-2.5605648682555304
18.24000000000077,2.0086559117502873,2.5254174461479812,3.310936203972974,1.5408532228381602,3.7957287400004813,-0.0019187314724423952,3.2996460342131626,-1.5729237247999712,1.967406542673819,-2.5648965069541596
18.26000000000076,2.0062220844296075,2.5293038224003768,3.312607985972939,1.5450097576047133,3.799911591827244,-0.000667836197989797,3.303117056573901,-1.5753701476301012,1.9674671536081616,-2.5690161378305185
18.280000000000747,2.0041772402419182,2.533221536901132,3.3145592484976136,1.548869226869339,3.8040488505237664,0.0001627577081497125,3.306226381801319,-1.5780547157123521,1.967109908717516,-2.57299031078448
18.300000000000736,2.002564056147517,2.537264523861704,3.316886244397279,1.55246270012194,3.808229934938438,0.0005237261213139907,3.3089952518234766,-1.5810816235692788,1.9662624246517932,-2.57689958309938
18.320000000000725,2.0013962463459167,2.5414783289350686,3.319629895399466,1.5558139719807427,3.8125035223441586,0.0004054221837041407,3.311454425897437,-1.584495839666955,1.9649099368026544,-2.5808004915894047
18.340000000000714,2.000648260215094,2.545867071619508,3.322777635825434,1.5589502706074818,3.8168862013365774,-0.0001624851739819866,3.3136419917294266,-1.588293474795677,1.9630798046875773,-2.5847261025881187
18.360000000000703,2.000266377025942,2.550416868264261,3.3262862388420795,1.5619080955674765,3.8213805121397826,-0.00112284766368461,3.3156055140175456,-1.5924420715507706,1.9608257914645177,-2.5886977718310855
18.380000000000692,2.0001892784011126,2.5551032141584438,3.330098962857363,1.5647217251407524,3.8259769993459716,-0.002410231647238898,3.3173897527687117,-1.5968936890868353,1.9582117702262645,-2.592723602574819
18.40000000000068,2.0003624884115148,2.5598864806276866,3.3341504863247544,1.5674097920541619,3.830647596105505,-0.003962581551710312,3.319024465358086,-1.6015872185079927,1.9553034066589154,-2.596790830657133
18.42000000000067,2.0007321526914317,2.5647048642400607,3.3383573990202904,1.569976573197107,3.8353408178076394,-0.005712619899244259,3.320528530965548,-1.6064391041220067,1.9521786140752508,-2.600863755593226
18.44000000000066,2.0012255895915376,2.569477316158577,3.3426089824176732,1.572429420188805,3.83998942213891,-0.007569664076337754,3.32192890102307,-1.611337798068122,1.9489435257624332,-2.604895450758288
18.460000000000647,2.001742347929096,2.5741210338272307,3.3467767020372228,1.574796439641524,3.844530657547518,-0.009416397189799322,3.3232757115903344,-1.6161582822818759,1.9457292609091539,-2.6088488805689223
18.480000000000636,2.002165785036219,2.578568173708467,3.35073581228435,1.577126926507867,3.8489209795481174,-0.011126657483347003,3.3246370476384794,-1.6207862659586147,1.9426675907693094,-2.6127076630389565
18.500000000000625,2.0023656195166453,2.5827899882916165,3.354383796206584,1.5795052885204361,3.8531553675559724,-0.012575049856090315,3.326100277169633,-1.6251377472070136,1.9398749713950203,-2.616485043633163
18.520000000000614,2.0022051233035594,2.5868252900203514,3.3576715772321934,1.5820560792176483,3.8572974303551777,-0.013644706872706377,3.3277896255467807,-1.629188401282792,1.937441245423952,-2.6202587160569504
18.540000000000603,2.0015836037117785,2.5907542695986643,3.3606055856199224,1.5849038937802524,3.861444752737229,-0.01426425386140413,3.329819666921105,-1.6329669609981943,1.9354158157999393,-2.6241353334277915
18.560000000000592,2.0004583638504565,2.5946472198782513,3.3632139279368074,1.588123649332384,3.865667921049722,-0.014404712393188385,3.332260173660697,-1.636502903336652,1.933825547105004,-2.6281881732524703
18.58000000000058,1.9988374297162315,2.5985472608350633,3.365530005184422,1.5917334269417331,3.8699967421733446,-0.014076710712840793,3.3351223848049996,-1.6398201636625929,1.932663338804604,-2.632438600154719
18.60000000000057,1.9967632703834826,2.6024811305579076,3.367597425925059,1.5957127767688022,3.8744392392924047,-0.013325996508944124,3.33837468695684,-1.6429503243986678,1.9318875914245262,-2.636877546717136
18.62000000000056,1.994296446314217,2.6064648418263605,3.3694643693304487,1.6000205485776762,3.878992245482328,-0.012216122810956829,3.3419647044541474,-1.645929414843525,1.9314392302313357,-2.6414830068623387
18.640000000000548,1.9915017285324306,2.6104972802471242,3.37116887692805,1.6046027045949876,3.8836375974521293,-0.010811115648338598,3.3458309710359417,-1.6487832927439683,1.9312612075947326,-2.64622097351198
18.660000000000537,1.9884486971549749,2.614554184557141,3.3727335366326963,1.6093884872552415,3.8883353085627657,-0.009173124933614234,3.3499007051776513,-1.6515200857616712,1.9313040465433997,-2.6510388770426148
18.680000000000526,1.9852284978940038,2.618592389583796,3.374178684010647,1.614279837313429,3.8930236059204595,-0.007379088123129036,3.3540768950100897,-1.6541403392176162,1.9315103592274177,-2.655860908796826
18.700000000000514,1.9819619734785816,2.6225681502331355,3.3755420472258346,1.6191555988507305,3.8976343004415,-0.0055336895570516085,3.3582371981469668,-1.6566570976558324,1.9317976572425548,-2.6605984058966787
18.720000000000503,1.9787844091516886,2.626455611445355,3.376884778792059,1.6238934658245245,3.9021128207268596,-0.003761338675653695,3.362251360270047,-1.659106661658286,1.9320590800550457,-2.6651692915486382
18.740000000000492,1.9758200749232684,2.6302499865217204,3.378281079147224,1.628391224280059,3.906428983866403,-0.0021869075092683095,3.3660013576193717,-1.6615476149872443,1.932175692801439,-2.6695139065970275
18.76000000000048,1.9731754747195687,2.6339961142112234,3.379839245302344,1.6325916473864566,3.9106118070395284,-0.0009360232814838316,3.369404558003842,-1.66408744258071,1.9320088707817056,-2.6736305318379334
18.78000000000047,1.9709175355440285,2.6377950015041676,3.3816848697649644,1.6365027143607094,3.914749042469128,-0.00010544262054978255,3.3724397230833905,-1.6668555142414716,1.9314328407302435,-2.6775788772135636
18.80000000000046,1.9690836851193325,2.641742794742887,3.383913325264746,1.6401581000516696,3.9189301105368126,0.00025550935072012445,3.3751252550427364,-1.6699565614117944,1.9303708853355452,-2.681435380939165
18.820000000000448,1.967685103135838,2.6458857267982308,3.3865648709267484,1.6435827023609275,3.9232036886795623,0.00013718563340149893,3.3774906791426833,-1.6734363692326235,1.9288051441623086,-2.6852556761099637
18.840000000000437,1.9666960506257023,2.65022650046122,3.3896262048110866,1.6468033971274045,3.9275863648120186,-0.0004307448391186624,3.379574173948927,-1.6772920830931375,1.9267611116017274,-2.6890742859431525
18.860000000000426,1.9660636550370039,2.6547482880948374,3.3930531230394982,1.6498554945433785,3.932080677950331,-0.001391133645195358,3.381424167756377,-1.6814925487546284,1.9242912912641374,-2.692915497884876
18.880000000000415,1.9657280438929654,2.659423237874849,3.396787972251088,1.6527717169453104,3.9366771711861235,-0.0026785468729940876,3.3830867060458103,-1.6859910580041815,1.9214590127403937,-2.696790924980312
18.900000000000404,1.9656370113491033,2.664208774719431,3.400764947495044,1.6555689138102183,3.9413477760775586,-0.004230928459705465,3.3845931953749586,-1.6907273313600473,1.9183305476669585,-2.700691443723213
18.920000000000393,1.9657401958889873,2.669040216958575,3.4049005519926494,1.6582490926714841,3.946041006517308,-0.005981000119408392,3.3859647788116423,-1.695618354775189,1.9149856632939737,-2.704585705608412
18.94000000000038,1.9659694994635806,2.673832627903616,3.409083907234988,1.6608165927223968,3.950689619029302,-0.007838078137818208,3.3872314303667355,-1.7005533516884672,1.9115329240637624,-2.708432711422135
18.96000000000037,1.9662291935553124,2.678497787363858,3.4131857613510945,1.6632960165679647,3.9552308614232548,-0.009684844376996855,3.3884466670872757,-1.705408710887825,1.9081052965113146,-2.7122027180939545
18.98000000000036,1.9664065572344673,2.6829615178542165,3.417080074225386,1.6657332506034757,3.9596211891301016,-0.011395135904818802,3.389681657252197,-1.710072033145227,1.9048352579453802,-2.71588664183969
19.000000000000348,1.9663730938942376,2.6871879257688858,3.420662071875499,1.6682098865834774,3.963855581002399,-0.012843558251360136,3.391026020752506,-1.7144617207283868,1.9018383583914662,-2.719504135630531
19.020000000000337,1.9659901417330612,2.6912082186665613,3.4238793102701974,1.6708490969038394,3.9679976468004257,-0.013913241994262584,3.392604598042634,-1.718556834581484,1.8992000157406272,-2.723137732534965
19.040000000000326,1.9651527358766734,2.6950969080019482,3.426734830690858,1.673775605272952,3.9721449714489876,-0.014532812997070195,3.394531139071318,-1.7223892127684,1.896963669375726,-2.726896649717419
19.060000000000315,1.963814365181134,2.698921823226295,3.4292546937078137,1.6770650654277681,3.976368141479879,-0.01467329430343985,3.396874588636243,-1.7259902201874704,1.8951520960548154,-2.730855536906251
19.080000000000304,1.9619806637496244,2.702726461738472,3.4314717974252127,1.6807364600901251,3.9806969645911248,-0.014345315080576883,3.399645531398487,-1.729384091110242,1.8937570248600244,-2.735035336414448
19.100000000000293,1.959692560301585,2.706539864912422,3.433430291022862,1.6847705329872242,3.9851394652604806,-0.013594623457470574,3.402811508168451,-1.7326015391708847,1.8927374184605619,-2.7394247015208433
19.12000000000028,1.9570096392455156,2.710381363576846,3.435179455137152,1.6891274593933538,3.9896924779583918,-0.012484772587870912,3.406319184562268,-1.7356771586394537,1.8920355053762126,-2.7439984021967323
19.14000000000027,1.9539966343330675,2.714253419798582,3.4367587865070712,1.6937542561919516,3.9943378405405014,-0.01107978826685629,3.4101064156280008,-1.7386351281586858,1.8915962013521128,-2.7487193371143768
19.16000000000026,1.9507243585172782,2.7181356493518862,3.438192788007002,1.6985808064091974,3.999035566962994,-0.009441819771916087,3.4141002273185053,-1.7414815940043655,1.8913730070472934,-2.753532287497746
19.18000000000025,1.947286200807458,2.721989982956548,3.4395044526739365,1.7035096398415017,4.003723884065623,-0.007647803709733626,3.4182036297730938,-1.7442144627032408,1.8913128080802601,-2.7583583925934527
19.200000000000237,1.9438052340668344,2.725779411135068,3.4407347872996055,1.7084206703902074,4.0083346016357995,-0.005802423699333535,3.4222939711692626,-1.7468434456129907,1.8913381377008374,-2.7631045697994745
19.220000000000226,1.9404179643944417,2.729485584240384,3.441948245673866,1.713193298735467,4.012813146788776,-0.0040300887143680745,3.426240057782217,-1.7494012861144201,1.8913468305797123,-2.767682966573994
19.240000000000215,1.9372487366267515,2.733110580934487,3.443221778209238,1.7177273649322877,4.017129334642915,-0.002455669434064789,3.4299223158334127,-1.751943335710968,1.8912234272390034,-2.7720274470679165
19.260000000000204,1.9344014177812072,2.7367050488698736,3.444665195405674,1.7219686056369954,4.021312179357358,-0.001204791460941572,3.4332552199277484,-1.7545747903009397,1.8908296109063107,-2.7761286382686254
19.280000000000193,1.9319372583452243,2.740373534263482,3.446403825304879,1.725928410435008,4.025449432286876,-0.0003742134011686679,3.4362140214331607,-1.7574243851412898,1.8900365136277204,-2.780039211366627
19.300000000000182,1.9298883228870427,2.7442141025234,3.4485320901206347,1.7296430336745403,4.029630512598564,-1.3260399583833046e-05,3.4388142673233966,-1.7605973142390243,1.8887633150674223,-2.7838312539878625
19.32000000000017,1.9282632225738419,2.7482735332300887,3.451089557866986,1.7331384582708147,4.033904097324523,-0.00013157998990045357,3.441084226177748,-1.764140150141923,1.8869891096750229,-2.7875593291758323
19.34000000000016,1.9270361085184562,2.7525531047202634,3.454062201387565,1.7364411886116629,4.038286774350845,-0.0006995035857756782,3.4430621395147076,-1.7680510781689478,1.8847374462796174,-2.791259314904407
19.36000000000015,1.9261551174551692,2.7570330971814365,3.457404873684542,1.739585320392408,4.042781082934181,-0.0016598830175042882,3.4447972645608878,-1.7723002726990202,1.8820594073586152,-2.794958359907034
19.380000000000138,1.9255620052771913,2.7616823971115374,3.46105905364565,1.7426019969079583,4.047377566693246,-0.0029472845705502564,3.4463368997908286,-1.7768422951301004,1.879017584577238,-2.798671555715015
19.400000000000126,1.9252069954091422,2.766455613327519,3.4649585031624217,1.745506272971752,4.052048157999604,-0.0044996523443315934,3.44771407944385,-1.78161774292432,1.8756786515073138,-2.8023934517577525
19.420000000000115,1.9250433728827696,2.7712853835490727,3.4690197024578464,1.7482978860617524,4.05674137186542,-0.006249708294598375,3.448952196347532,-1.786544208949803,1.8721239828508676,-2.80609715171364
19.440000000000104,1.925007831146892,2.776083142460561,3.4731316969247175,1.7509781600570693,4.061389966154274,-0.008106769168092014,3.4500842256875024,-1.7915117746060212,1.868464238399379,-2.809747712918515
19.460000000000093,1.925009656559342,2.780755521283161,3.4771646145876254,1.7535681750991157,4.065931189942831,-0.009953517535654625,3.451167025456056,-1.7963983317431704,1.8648338209375186,-2.813322778140274
19.480000000000082,1.9249403939762002,2.7852222346567395,3.480991215248815,1.7561103743307966,4.070321499510699,-0.01166379114470664,3.4522747931033013,-1.8010934593402952,1.8613655048535713,-2.8168205899884824
19.50000000000007,1.9246737240519456,2.789440352006905,3.4845045465481395,1.7586834692344409,4.074555875835854,-0.013112193623140984,3.4534993352276566,-1.8055180291592856,1.8581735774428945,-2.8202671513414517
19.52000000000006,1.9240694735231452,2.793433380824425,3.4876488353837987,1.7614091644734555,4.078697928656728,-0.014181857918482173,3.454966017704126,-1.809654505284786,1.8553387712849614,-2.823749588152866
19.54000000000005,1.923018725107701,2.797269926020484,3.4904237313704933,1.7644122212165971,4.082845243480872,-0.014801409679405981,3.4567876840121614,-1.813537806371889,1.8528984323684892,-2.827379349961294
19.560000000000038,1.921471295067103,2.801015146532409,3.4928532282412568,1.76776897301687,4.087068407089182,-0.014941870982607276,3.4590324005748503,-1.817201159004874,1.8508711837686467,-2.8312322283666114
19.580000000000027,1.919430408311285,2.8047127841709876,3.4949696952103055,1.7714992891781656,4.091397226607532,-0.014613870483495424,3.461710088424256,-1.8206690746650065,1.8492476125013317,-2.835328674892389
19.600000000000016,1.9169353284290214,2.808394094647097,3.496817787914413,1.7755851199875214,4.095839725403107,-0.01386315610333769,3.4647874642105263,-1.8239713714320367,1.8479873711617132,-2.8396550925291075
19.620000000000005,1.91404448221464,2.8120816675486764,3.498447850778059,1.7799879943772516,4.100392736603425,-0.012753281013818087,3.468210271390597,-1.827141179100535,1.8470341697575356,-2.844183098430532
19.639999999999993,1.9108223689759911,2.815781533658197,3.4999008058797507,1.7846560217835452,4.105038096772039,-0.011348271291004281,3.4719157290457363,-1.8302009765365415,1.8463350560288265,-2.8488726049804547
19.659999999999982,1.9073408188731629,2.8194772478901053,3.5012030531205838,1.7895197765663502,4.109735818864569,-0.009710276825107148,3.47583072119625,-1.8331549232795135,1.8458466484389784,-2.8536659089882592
19.67999999999997,1.9036951797416548,2.8231359531570566,3.502380227134062,1.7944824491493365,4.114424129269166,-0.007916235092682036,3.479858349065225,-1.8359982903676462,1.8455202641856419,-2.8584813372573397
19.69999999999996,1.9000103794777723,2.82672748892578,3.5034765847656804,1.7994251125028213,4.119034837972457,-0.006070830613185104,3.483875741036187,-1.8387374526899518,1.8452836893938898,-2.863221673775604
19.71999999999995,1.8964237288474626,2.8302410674792897,3.5045598352468175,1.804228964253271,4.123513372725015,-0.004298473147067209,3.487750861183128,-1.841401576998433,1.845039760366202,-2.8677935624870403
19.739999999999938,1.8930592684875616,2.8336856271364947,3.5057096243711374,1.8087959736458683,4.127829549618913,-0.0027240343313949113,3.491362674965424,-1.8440427461316669,1.8446768408420677,-2.872124597983921
19.759999999999927,1.890017911890813,2.837117471226215,3.507037198552467,1.8130748833348094,4.1320123843715715,-0.0014731405811109842,3.4946228296186073,-1.8467637948818083,1.8440573397425897,-2.876197791165957
19.779999999999916,1.8873550462562303,2.8406443673587343,3.5086675305426107,1.8170804863557886,4.136149629202181,-0.0006425502051151743,3.497503086897744,-1.8496927402196957,1.8430496762935484,-2.880058623374787
19.799999999999905,1.885097274880208,2.8443660011361858,3.5106940218379794,1.8208515912329475,4.140330703893332,-0.00028158765379361557,3.500016129807805,-1.852935159943742,1.8415691754879548,-2.8837746130344626
19.819999999999894,1.8832506139146497,2.848329556011973,3.513155519093905,1.8244152474277422,4.1446042859127745,-0.00039989964616011977,3.5021889520531038,-1.8565383775459046,1.8395919535552014,-2.887399087466432
19.839999999999883,1.881789183241641,2.8525348817289875,3.5160372796612487,1.8277975685580754,4.1489869636376415,-0.0009678171300257273,3.5040598315703595,-1.8605016187663586,1.8371395440528004,-2.890969170925873
19.85999999999987,1.8806622869206568,2.8569594261759934,3.51929324629337,1.8310314106918222,4.1534812768038485,-0.0019281916851467548,3.5056788190187644,-1.8647964084928523,1.834261453382496,-2.8945147910261237
19.87999999999986,1.879813486733605,2.8615689087420826,3.5228640728386567,1.834146314867776,4.158077769318116,-0.003215589513254547,3.507094431020646,-1.8693786111229136,1.8310193447213834,-2.8980544712341283
19.89999999999985,1.8791955870995303,2.8663152601779656,3.5266831363289692,1.8371555295592483,4.162748373515382,-0.004767954821058378,3.5083413042248357,-1.874189744298183,1.8274800904666413,-2.901586448739386
19.91999999999984,1.8787656619770776,2.8711286425363314,3.5306669547745644,1.8400565214693039,4.167441603895304,-0.006518009776189373,3.5094450621257836,-1.879148066898042,1.8237264255328387,-2.905088357950664
19.939999999999827,1.8784653892118952,2.875917131410341,3.5347045781150905,1.8428475970785794,4.172090217290249,-0.008375071236448603,3.5104416544871184,-1.8841445960737546,1.8198707701381787,-2.908531414375946
19.959999999999816,1.8782093463984628,2.8805824936486775,3.5386656086414594,1.8455462975504917,4.1766314614949875,-0.010221821645739973,3.5113912364890014,-1.8890588124633019,1.816048557618916,-2.911900709764147
19.979999999999805,1.8778936745867831,2.885038580484292,3.54242169881199,1.8481915908216007,4.181021791701676,-0.011932098618150255,3.512370978902813,-1.893782351107112,1.8123924584555122,-2.915201814958398
19.999999999999794,1.877394615884008,2.889235555088949,3.5458637950582266,1.8508592530146375,4.185256186399403,-0.013380507924357774,3.513474802829815,-1.898238605754455,1.8090151519390558,-2.918466996603594
20.019999999999783,1.8765709140145295,2.8931891526756237,3.5489328364229533,1.8536694236472808,4.189398254706639,-0.014450180641239473,3.5148285015600753,-1.9024134527839647,1.8059924396352374,-2.921787697767582
20.03999999999977,1.8753100315912292,2.8969618624278737,3.551625080832751,1.8567468072024584,4.1935455812572595,-0.015069742350830728,3.5165439267542444,-1.906344864490129,1.8033554606856477,-2.9252772573704315
20.05999999999976,1.8735582652044709,2.9006159745247824,3.553962438230869,1.860168362005325,4.197768752374059,-0.015210215452829755,3.5186882171482425,-1.910067905419065,1.8011186274561242,-2.9290123804746178
20.07999999999975,1.8713164206872934,2.904195342276574,3.5559767260156727,1.8639548306800893,4.202097575409936,-0.014882228678539219,3.5212706247566796,-1.913607348340913,1.7992714124620446,-2.9330129698381397
20.09999999999974,1.8686219767314323,2.907733340888429,3.557713074377938,1.8680893847358173,4.206540074367711,-0.014131529936160783,3.524257068900332,-1.9169920964741676,1.7977742797593825,-2.9372632243536896
20.119999999999727,1.8655320242999804,2.911255750254241,3.559222855347664,1.872534936491903,4.2110930832560545,-0.013021672290589214,3.527592413533014,-1.9202537935191242,1.7965725910791783,-2.941731699862249
20.139999999999716,1.8621106314613813,2.914772151810327,3.5605483868030277,1.8772407276135887,4.215738439616464,-0.011616681595275465,3.5312132910777954,-1.9234132044472438,1.795615686933403,-2.946375449595079
20.159999999999705,1.8584304263592004,2.9182700899113665,3.561717946305977,1.8821380764324063,4.220436157356571,-0.009978707337383565,3.5350465009198966,-1.9264725005312338,1.7948634365852854,-2.9511344662893726
20.179999999999694,1.8545884247215414,2.921722019768116,3.5627597905940758,1.887130906629837,4.225124463650187,-0.008184686386734197,3.538995310213272,-1.9294243209143285,1.7942717396134926,-2.955924516426684
20.199999999999683,1.8507110284545198,2.925104721452896,3.563721392740798,1.8921015386891509,4.229735168966495,-0.00633930252937906,3.5429367209617695,-1.9322716979052108,1.7937738587753445,-2.96064454816887
20.219999999999672,1.8469359343239202,2.9284150016715578,3.564673665985398,1.8969330550368557,4.234213701188459,-0.00456696477614084,3.5467379543971083,-1.9350401976039617,1.793277932411748,-2.9651959860963064
20.23999999999966,1.8433865005283472,2.931668630693368,3.565698890995825,1.9015296264098598,4.238529876407702,-0.0029925443720743845,3.550276605943135,-1.937778591733015,1.792676492994123,-2.969500374107462
20.25999999999965,1.840160379361073,2.9349273951722896,3.566909666027128,1.9058430386034595,4.242712710251352,-0.0017416677155172844,3.5534615602492097,-1.9405872736451695,1.7918330986619602,-2.9735331549148363
20.27999999999964,1.8373069260441508,2.9383019551333653,3.5684305153955145,1.909891476130288,4.246849954351819,-0.0009110922013040788,3.5562611089396037,-1.9435934488935163,1.7906138559360991,-2.9773324789327362
20.299999999999628,1.8348472019119932,2.9418933124494138,3.5703537513565,1.9137162716724114,4.25103102847007,-0.0005501432004210356,3.5586850593017645,-1.9469030003113543,1.7889304926837526,-2.980961087125974
20.319999999999617,1.8327846100627796,2.945748910683221,3.5727174710445455,1.9173455201452592,4.2553046097561165,-0.0006684681735627261,3.5607591072220273,-1.950563966964069,1.7867562182091974,-2.9844709055250673
20.339999999999606,1.8310933182164713,2.9498671714514706,3.575506227307781,1.9208049242094662,4.259687285944529,-0.0012363984652551457,3.5625215362893656,-1.954576614488066,1.78411048447392,-2.9879001882654195
20.359999999999594,1.8297239524183058,2.9542227790655575,3.578673086562441,1.924126075239189,4.264181595965615,-0.002196785825243154,3.5640231516891347,-1.9589138378246824,1.7810410711874127,-2.9912815477809107
20.379999999999583,1.828622052446127,2.958778390311735,3.5821579213032404,1.9273368896823242,4.2687780829875415,-0.0034841964368944865,3.565313651211431,-1.96353283554268,1.7776085259550254,-2.9946368810928483
20.399999999999572,1.8277431475619903,2.9634834044844665,3.585893772773948,1.9304487998886055,4.273448678853598,-0.005036574254529111,3.5664292484041438,-1.9683760875615635,1.7738797175318894,-2.9979681180931093
20.41999999999956,1.827048231403814,2.968265721055716,3.5897972585122435,1.9334570043367756,4.278141898009308,-0.006786640999624961,3.567397780002032,-1.9733625790235976,1.7699384900835207,-3.0012574938279326
20.43999999999955,1.8264841438671116,2.9730303370815037,3.5937575155304855,1.9363567946261269,4.282790497785242,-0.008643713073726125,3.568258146336366,-1.9783843448987308,1.7658986815477866,-3.0044824737371267
20.45999999999954,1.825971014081103,2.9776744548958303,3.597643717739156,1.9391621614231482,4.287331726860428,-0.010490472620286738,3.5690737580033542,-1.983322546650647,1.7618963412792101,-3.00763564912601
20.479999999999528,1.8254098958007452,2.9821063252787003,3.6013265059804054,1.9419085699745267,4.291722041327541,-0.012200756980994468,3.56992470445296,-1.9880709582776503,1.7580636296102643,-3.0107299066232986
20.499999999999517,1.8246799704259227,2.986269357456236,3.604694807784917,1.9446688035588402,4.295956421614694,-0.013649170306284339,3.5709069570202203,-1.9925555570042324,1.7545112728217918,-3.013803686161056
20.519999999999506,1.823639327878976,2.990171467129582,3.6076863181471883,1.9475613548810309,4.300098477690715,-0.014718844615316959,3.572146648864191,-1.9967656458793626,1.7513099096269895,-3.0169524795651506
20.539999999999495,1.8221721533975697,2.9938688374615805,3.6102939067202082,1.950710781459285,4.304245794978712,-0.015338405722583071,3.573754558489813,-2.000742225087064,1.748484374997455,-3.0202911730357966
20.559999999999484,1.8202213877441866,2.9974206997435244,3.6125373834852454,1.9541946082639796,4.308468960252557,-0.015478876236056994,3.5757968457833402,-2.0045221720969337,1.7460448246038642,-3.0238971493672726
20.579999999999472,1.8177854153758115,3.000870884835887,3.6144479902972493,1.9580344347026508,4.312797780939615,-0.015150885125329172,3.5782820851685937,-2.00813050220984,1.7439796479779757,-3.0277896989352753
20.59999999999946,1.8148998159683132,3.0042547854110038,3.6160712980814878,1.9622146650032313,4.317240280924974,-0.014400180454407763,3.58117542234193,-2.011595181457057,1.7422502412550582,-3.0319508619146482
20.61999999999945,1.811620170750571,3.0076012927874576,3.6174596679526294,1.9666996214048422,4.321793293923475,-0.013290315420145865,3.5844208809314586,-2.0149463427896825,1.740803784778672,-3.036346225734396
20.63999999999944,1.8080099214192642,3.010923509577456,3.618656781811499,1.9714397143757243,4.3264386570186595,-0.011885315989015596,3.5879545517486995,-2.0182030204491914,1.7395920666225109,-3.040930112123001
20.659999999999428,1.8041422729425836,3.014213007335642,3.6196927736696813,1.9763670559057227,4.331136383501269,-0.010247331783597727,3.591703201515063,-2.0213653942893246,1.7385783292641301,-3.0456403890873514
20.679999999999417,1.8001156134973408,3.0174476374355126,3.6205985014903286,1.9813863727732923,4.3358246997871825,-0.008453299912454379,3.595570332264809,-2.0244234756565596,1.7377231885545503,-3.050390515851425
20.699999999999406,1.7960574339780313,3.0206111913727245,3.6214246198660236,1.986381318865965,4.3404354155630624,-0.006607904550674437,3.5994329077842755,-2.027376951251312,1.7369655859666302,-3.055075909448634
20.719999999999395,1.7921053976526684,3.023708080162695,3.6222451943375145,1.9912369470204183,4.344913958110974,-0.004835555195554638,3.603157502129442,-2.0302477676765056,1.7362192398051308,-3.059593073217272
20.739999999999384,1.7883818044563624,3.0267608581642524,3.623145080351664,1.9958596997074105,4.349230142875538,-0.003261122983254943,3.6066204288737214,-2.0330813517352344,1.7353811748053656,-3.0638577382099905
20.759999999999373,1.7849807479493036,3.0298366072326024,3.6242381449276504,2.0002044408223436,4.353412984569016,-0.0020102337942938557,3.6097278764188925,-2.0359755830904156,1.7343165116156547,-3.0678378529177537
20.77999999999936,1.7819454008101732,3.0330485425712665,3.6256483717548047,2.00429273327498,4.357550235039154,-0.0011796464521535244,3.612444690434159,-2.039056752119087,1.732889461371642,-3.071564118391505
20.79999999999935,1.7792912179195999,3.0364986744945677,3.627466915204683,2.0081684041679027,4.361731313666709,-0.0008186855496679113,3.6147777965571457,-2.0424309700760253,1.7310084232069933,-3.075094309346037
20.81999999999934,1.7770189786918305,3.0402345621320856,3.6297310946476435,2.0118605741163202,4.36600489774002,-0.0009369980903272372,3.6167515760133115,-2.0461469580090434,1.7286437809029676,-3.0784787957701107
20.83999999999933,1.7751029772346107,3.0442532039297636,3.6324247701318852,2.0153945168662513,4.370387575532703,-0.0015049151941086015,3.6184042918663,-2.050206023344164,1.7258128448943768,-3.0817568487642073
20.859999999999317,1.7734953119217471,3.0485265979699214,3.6355001669138836,2.0188005367844863,4.374881886741578,-0.0024652885484185037,3.619787468198299,-2.054582453291099,1.7225615214632939,-3.084963669702141
20.879999999999306,1.7721436664309251,3.053014452428528,3.63889642115957,2.022104905931715,4.379478375338199,-0.0037526844170688066,3.6209519486164226,-2.059234814364916,1.7189490565526953,-3.088124465296942
20.899999999999295,1.7710064304262194,3.057663789490704,3.6425462884738327,2.02531723247306,4.384148973852534,-0.005305047023034636,3.6219354971884687,-2.0641065932897553,1.7150421093354697,-3.091244853932334
20.919999999999284,1.7700486362518792,3.062400465817046,3.6463665481323737,2.028430449940971,4.388842197143924,-0.007055098547916386,3.622768142404283,-2.0691175628101663,1.7109253753173135,-3.094311725248864
20.939999999999273,1.7692224481087435,3.067126689344687,3.6502465063830827,2.031436837592724,4.393490802557678,-0.008912155934055647,3.623491704363137,-2.0741608557753914,1.7067137615246477,-3.097308860964422
20.959999999999262,1.7684537903470396,3.0717354109493584,3.6540550052451617,2.034346823947317,4.398032038434235,-0.01075890181410521,3.6241727996682127,-2.07911940131419,1.7025435182708613,-3.1002363707564635
20.97999999999925,1.7676489312658725,3.0761295603407546,3.6576617692962192,2.037192343967868,4.402422360376443,-0.012469173985393819,3.624894374645125,-2.083889189580512,1.698545892945244,-3.1031144138318973
20.99999999999924,1.7666903596175836,3.0802459648812057,3.660953788278734,2.040043134218985,4.406656747855545,-0.013917577356918663,3.625754375829325,-2.0883988333929504,1.6948293213855457,-3.1059874800590728
21.01999999999923,1.7654359451759378,3.0840846960286155,3.663865558977482,2.043015948356791,4.410798810107809,-0.014987243921278428,3.626879179259384,-2.0926410675972953,1.691459064947721,-3.1089548117364063
21.039999999999218,1.7637669490558625,3.0876954594560573,3.666386567349841,2.046235103590516,4.414946132074113,-0.015606799223975943,3.628378407948086,-2.0966598876112847,1.6884535817410833,-3.1121324899116654
21.059999999999206,1.7616231299652958,3.091134247106928,3.6685345082199925,2.0497786349673692,4.419169300225043,-0.01574726537787154,3.6303171955113642,-2.100493954834971,1.6858187427929432,-3.11559834024789
21.079999999999195,1.7590004557432228,3.0944447338687033,3.6703400244271345,2.053668983360301,4.423498121736497,-0.01541927098120261,3.6327034335525616,-2.1041685077285828,1.6835418916780067,-3.1193709831349308
21.099999999999184,1.7559324984929472,3.0976642221008164,3.6718490938457014,2.0578917976065196,4.4279406202293785,-0.014668563896791581,3.6355015204809678,-2.1077105539010974,1.6815854752591344,-3.1234303554696186
21.119999999999173,1.7524731602085777,3.100824626613288,3.6731150280420417,2.0624128365388903,4.432493629228317,-0.013558697214728526,3.6386546814457557,-2.111148693029928,1.6798986540902892,-3.1277391818913984
21.139999999999162,1.7486850627438222,3.1039425314095808,3.6741828408673025,2.067183716461493,4.437138985783382,-0.01215369689726404,3.6420985133894996,-2.1145002148521144,1.6784358108138002,-3.132249192989604
21.15999999999915,1.7446417646184913,3.107013561105214,3.675084500841138,2.0721373937763135,4.441836703383202,-0.01051571265259227,3.6457598051969566,-2.1177633086881578,1.6771636726015935,-3.1368963232270435
21.17999999999914,1.7404427263563673,3.110021030916725,3.675853444699176,2.0771794696643506,4.446525008942164,-0.008721681671171514,3.6495423663432094,-2.1209253672028394,1.6760476906995057,-3.1415919911146037
21.19999999999913,1.7362161389728366,3.112955793296939,3.676543471329008,2.082195018551181,4.451135712880125,-0.0068762880917770655,3.653323215235834,-2.1239827337387216,1.6750326706460437,-3.146228404853174
21.219999999999118,1.732099212358649,3.115829850170992,3.6772317437768574,2.087071149734702,4.455614243200571,-0.0051039412549415035,3.6569683794510275,-2.1269537208002594,1.6740381734997603,-3.1506974653346145
21.239999999999107,1.7282128151970468,3.1186724712562977,3.67800562964957,2.0917166475069355,4.459930416220009,-0.003529512704301026,3.6603529843194025,-2.129880376354761,1.6729660319042463,-3.1549093505502475
21.259999999999096,1.7246471953294624,3.121555829321662,3.678980181562561,2.0960894887076074,4.46411324794318,-0.0022786290290571437,3.6633805929645327,-2.1328579943541595,1.6716833405816545,-3.1588246161700053
21.279999999999085,1.7214392113305714,3.124595349859786,3.6802787516429976,2.100214598951376,4.468250490317961,-0.0014480477359607293,3.666012630716579,-2.1360118688866936,1.6700528170546298,-3.1624664242278455
21.299999999999073,1.718598664643055,3.1278937406488767,3.6819912691994277,2.104138267160553,4.472431563251707,-0.001087093853874028,3.6682531362932878,-2.1394482594888276,1.6679798122416278,-3.16588740548278
21.319999999999062,1.7161237087785446,3.131498531268901,3.6841542479947313,2.107890617477879,4.476705144057756,-0.0012054145089381988,3.6701251573948452,-2.143216530874838,1.6654319760827174,-3.1691362177123548
21.33999999999905,1.7139888427404666,3.1354053059434963,3.6867508667621123,2.111496475226273,4.481087820710935,-0.0017733408597853154,3.671666907108257,-2.1473190292104376,1.662424426079058,-3.1722530265425055
21.35999999999904,1.71214778338681,3.139583461653735,3.689732544345779,2.1149848344736935,4.485582132411294,-0.0027337245647365447,3.6729305890365596,-2.151731451031337,1.6590010564941202,-3.1752755121632763
21.37999999999903,1.7105505178696225,3.1439898805572355,3.6930377249106807,2.118380302660889,4.490178622539346,-0.004021131791435582,3.6739681539290334,-2.156413759488033,1.6552196325711996,-3.1782321115704346
21.399999999999018,1.709158423111219,3.1485693690180954,3.6965989273617326,2.121690656114675,4.494849223027021,-0.005573506568800836,3.6748188879066643,-2.1613104878915395,1.6511464027423923,-3.1811321125923624
21.419999999999007,1.7079406766565122,3.153245966760386,3.7003331534258064,2.1249065685315442,4.4995424482122095,-0.0073235707553334995,3.675514989282074,-2.1663422539957304,1.6468666581389182,-3.1839670986128534
21.439999999998996,1.706854912634309,3.157919390683162,3.7041299597640434,2.1280173129293654,4.504191055088998,-0.00918064086833199,3.6761011681282945,-2.1714033661231005,1.6424960269646414,-3.1867272176710704
21.459999999998985,1.7058330761792817,3.1624786666143962,3.707857953077285,2.1310297487457217,4.508732291865811,-0.011027399081295915,3.6766471995224834,-2.1763786069503297,1.6381705468922731,-3.1894200993009267
21.479999999998974,1.70478693558961,3.1668216992248093,3.7113860377385164,2.1339722580183005,4.513122614206403,-0.012737682758942893,3.6772388273339875,-2.1811662595691845,1.6340201534928955,-3.1920731162521494
21.499999999998963,1.7036026450633321,3.1708789268506283,3.7145993493614555,2.1369114801223064,4.517357001581326,-0.014186096866352294,3.6779759030754033,-2.1856976253558873,1.630150662664935,-3.1947366759159617
21.51999999999895,1.7021382869282613,3.1746425768367206,3.7174292352106346,2.1399623448811464,4.5214990636483074,-0.015255772804755827,3.6789849537402652,-2.189968877379671,1.6266217591244805,-3.1975134713554674
21.53999999999894,1.7002725600168058,3.1781557260199236,3.7198618058431916,2.143248837771558,4.525646385472878,-0.015875336327364004,3.68037436554173,-2.194026975371126,1.623445465470863,-3.2005204253440036
21.55999999999893,1.697942224711605,3.181470956372371,3.721912628564711,2.146849446104758,4.529869553634067,-0.01601581007559343,3.682208196681124,-2.197912337850867,1.620623347425318,-3.203835569020816
21.57999999999892,1.6951408446304403,3.184631653752062,3.723611725187997,2.150787435589413,4.534198375596978,-0.015687822989502997,3.684493649726577,-2.2016504093062403,1.6181417392230635,-3.2074767963051554
21.599999999998907,1.691899882011026,3.1876769165535763,3.7250054469833764,2.155049710442294,4.538640875416738,-0.014937123099312253,3.687194402279031,-2.2052672204108053,1.6159642513766954,-3.21142200281738
21.619999999998896,1.6882713953189783,3.1906415858114876,3.7261480168221244,2.1596034915976703,4.543193887069676,-0.013827263551144638,3.690252923337071,-2.2087898176662364,1.6140421784236554,-3.2156311649533174
21.639999999998885,1.6843169956832682,3.1935456763359675,3.7270857472600327,2.1644016370880075,4.547839247955564,-0.012422270237734194,3.6936043640535856,-2.2122337341766185,1.612332636157048,-3.2200535699266033
21.659999999998874,1.6801103709736485,3.196388879043123,3.7278524174375915,2.169377997225553,4.552536971706751,-0.010784292661848298,3.6971755900603496,-2.215595169781208,1.610805938440939,-3.224623413939425
21.679999999998863,1.6757517509648874,3.19916002368446,3.7284840176523546,2.1744391169413166,4.5572252850701735,-0.008990267744816084,3.700870789425497,-2.2188589063839554,1.6094324787768375,-3.229250343665129
21.69999999999885,1.6713696362034995,3.201857051353658,3.729037450775374,2.1794715753095466,4.561835997998428,-0.007144879415579808,3.704567125398283,-2.222017944493693,1.6081630969725915,-3.2338236846831263
21.71999999999884,1.6671003651618839,3.204499518138358,3.7295929199293187,2.1843646205697214,4.566314537922813,-0.005372536902311383,3.7081301770082957,-2.2250869467618966,1.6069234437991262,-3.2382310622043966
21.73999999999883,1.6630630069852197,3.2071233197269216,3.7302402396964722,2.18902944535017,4.570630720415585,-0.0037981112720408597,3.7114339722832295,-2.228104550193961,1.6056204595038825,-3.2423773720472777
21.75999999999882,1.659343688873461,3.2098054994030423,3.731095561830827,2.193427168897222,4.574813560348878,-0.002547228503532964,3.7143795188948014,-2.231163390817514,1.6041236193940651,-3.246215893038738
21.779999999998807,1.6559728429955176,3.21266334077073,3.732281514893308,2.197586060510085,4.578950809392629,-0.0017166469276708011,3.7169248504457295,-2.2343876637671145,1.602294576272216,-3.2497621739328526
21.799999999998796,1.652954587506445,3.2157999360183593,3.7338867366954047,2.2015548364580146,4.58313188699759,-0.001355691503367855,3.7190711150620874,-2.237883699492056,1.6000359201098477,-3.2530635415728004
21.819999999998785,1.650284455597603,3.2192626404513356,3.7359469088269295,2.2053646023561484,4.587405470351357,-0.0014740094955706788,3.7208400095634055,-2.2417014716763273,1.5973126639520718,-3.256166794319016
21.839999999998774,1.6479372288203633,3.223045637709827,3.7384445415575804,2.2090397171833938,4.591788147472711,-0.0020419321601741706,3.7222696689744343,-2.2458443648753446,1.5941376849404028,-3.2591128710645783
21.859999999998763,1.6458683835089507,3.227115817146906,3.741330283668839,2.2126078437941934,4.596282457721103,-0.003002311236145851,3.723412938301164,-2.250289504063252,1.5905527304871419,-3.2619418173990393
21.879999999998752,1.644030362662779,3.231427366531059,3.7445419333231635,2.216091907364756,4.60087894473892,-0.0042897129671803985,3.7243228375982413,-2.254998279791489,1.5866139079921486,-3.2646852154706116
21.89999999999874,1.6423876481584494,3.235923044844603,3.748011823188492,2.2194978471269486,4.605549540807026,-0.0058420814649343756,3.7250401464942957,-2.2599163143021364,1.5823868518481385,-3.267355995728436
21.91999999999873,1.6409136567268965,3.240525306596383,3.751657239466065,2.222814084178497,4.610242760690548,-0.0075921387171393705,3.7255992095676485,-2.2649651306379415,1.5779571869904099,-3.2699504621787367
21.93999999999872,1.6395716216677567,3.2451316834572466,3.7553680715602913,2.2260268933390757,4.614891361846912,-0.009449201453998652,3.7260475936428525,-2.27004029246486,1.573440908120819,-3.2724651599072465
21.959999999998708,1.6382997164997917,3.2496276145378666,3.7590127885922207,2.229139559748945,4.6194325928875575,-0.011295952142183822,3.726458180037115,-2.275028522749597,1.5689734233620962,-3.274915215006332
21.979999999998697,1.637015478654337,3.2539062906823117,3.7624595720999205,2.2321768911857705,4.623822909719971,-0.01300622842615011,3.7269194458122517,-2.279830473742474,1.5646829586285727,-3.2773351295974567
21.999999999998685,1.6356090750811498,3.257891973172276,3.7655917889920025,2.2352023792094755,4.628057292452033,-0.014454634690823108,3.7275330733842362,-2.284380187703557,1.560672385646943,-3.2797810746621545
22.019999999998674,1.633939233244471,3.261569068824626,3.768337687410871,2.238329045950749,4.632199350660867,-0.015524303151860928,3.728425647642712,-2.288677279278368,1.5569956301663035,-3.2823588819956164
22.039999999998663,1.6318824594277908,3.264973894239068,3.770680012504886,2.241680453754866,4.636346669564819,-0.016143859461579944,3.7297042385538055,-2.2927716372465516,1.5536582437287327,-3.2851859601731324
22.059999999998652,1.6293727084332081,3.2681554610096915,3.7726321919763497,2.2453354838675206,4.6405698357985745,-0.016284325878635108,3.731431781920496,-2.2967054061319825,1.5506574837727516,-3.2883403074795976
22.07999999999864,1.6264011592563754,3.271156733565243,3.7742236038342845,2.249318209249091,4.644898656604908,-0.015956331129585135,3.733614785746898,-2.30050421614496,1.5479787185222544,-3.2918390356703977
22.09999999999863,1.6229970683898127,3.274018487017626,3.77550093799004,2.2536167986970104,4.649341155629719,-0.015205623152954355,3.736216233093733,-2.3041931001708233,1.5455868346206187,-3.29565806490066
22.11999999999862,1.6192104921340058,3.27677838231682,3.7765192881652703,2.2581999589877633,4.653894166367366,-0.014095755090389921,3.7391778785543788,-2.307797530005371,1.5434354104000105,-3.299754743631124
22.139999999998608,1.6151018431538258,3.27945980401768,3.7773262312295364,2.263021824283424,4.658539525768803,-0.012690752931075081,3.7424344744696603,-2.311331269520454,1.541484426259286,-3.304076068707764
22.159999999998597,1.6107447141176454,3.2820665103056497,3.777957332123498,2.268017187383819,4.66323724714116,-0.011052766397561361,3.7459130161897125,-2.3147885315410144,1.5397078729762665,-3.308554697453677
22.179999999998586,1.6062397985510082,3.2845928796391575,3.7784511085567813,2.273093606029522,4.667925557125387,-0.009258732719248894,3.7495181402957267,-2.3181514991391627,1.5380811751971806,-3.313098779773842
22.199999999998575,1.6017155147751572,3.287043948220889,3.7788675259337836,2.278139248151572,4.6725362658159,-0.007413336131894337,3.753127245303678,-2.321409836714103,1.536561354793445,-3.317595096744969
22.219999999998564,1.5973069141415346,3.2894467668835548,3.7792897687504414,2.2830455833747587,4.677014800934987,-0.005640986119289956,3.7566055611053213,-2.324574548110367,1.5350803766747574,-3.321927341817154
22.239999999998552,1.5931309032288914,3.291843748086203,3.7798100329401083,2.287726278918938,4.681330978477571,-0.004066554119348539,3.7598261118510545,-2.327680832435071,1.5335505705562118,-3.3259954203548383
22.25999999999854,1.589269225927029,3.2943165711981393,3.780545484795658,2.292145626359663,4.685513813981954,-0.002815666461629254,3.762687423746429,-2.3308186015116994,1.5318441879869589,-3.3297454799100237
22.27999999999853,1.585745795131313,3.2969840207361716,3.7816179393139007,2.2963352184359156,4.6896510594260645,-0.001985081243112558,3.765144169875928,-2.334110865134123,1.5298222327850308,-3.3331854110082104
22.29999999999852,1.5825590330346393,3.299949259031953,3.783114677098023,2.300346163239681,4.693832134525394,-0.001624123226805923,3.7671946079395457,-2.337663945669095,1.527384831629522,-3.336357092745082
22.319999999998508,1.5797018660818045,3.3032593226470826,3.785070520776932,2.304210525013189,4.6981057166202325,-0.001742439409027849,3.7688590688244394,-2.3415283880015534,1.5244944685183202,-3.3393053216883173
22.339999999998497,1.5771494352489859,3.3069070122550843,3.7874673248012036,2.307952178365167,4.70248839386884,-0.0023103608889224014,3.7701755818548697,-2.3457086121387265,1.5211617417773868,-3.342071685447591
22.359999999998486,1.5748591120865088,3.3108568104020417,3.7902550041332623,2.3115974343968997,4.706982705746337,-0.00327073931617231,3.7711975945898377,-2.350183188184639,1.5174261251131789,-3.344698472862609
22.379999999998475,1.572785940437183,3.3150603499949636,3.7933707566623203,2.3151675188928844,4.711579195935435,-0.004558140896003869,3.7719791571499885,-2.3549149623613856,1.5133418973773176,-3.3472203145514974
22.399999999998464,1.5708976154332557,3.3194585169838655,3.796746778551428,2.318666529312509,4.716249796644708,-0.006110509757699074,3.772562512213592,-2.359850685548729,1.5089738793043588,-3.349653743392382
22.419999999998453,1.5691718740465317,3.323972416886611,3.8003007012398093,2.3220806423265965,4.720943022410566,-0.007860567929801929,3.7729841247247586,-2.3649128431598405,1.5044077695050522,-3.3519997941226833
22.43999999999844,1.5675776608172776,3.3284977083328005,3.8039228277625825,2.325393144278985,4.725591630299878,-0.009717632138402727,3.7732943826008927,-2.3699983299256457,1.4997595771347214,-3.354261418049975
22.45999999999843,1.5660595660685155,3.33291659277977,3.8074815863065967,2.3286037432509543,4.7301328684689805,-0.011564384760610608,3.7735692193126753,-2.374995891080208,1.4951636700262945,-3.356461190594653
22.47999999999842,1.5645411476607662,3.33711787272633,3.8108445325403406,2.3317336542501175,4.734523192456525,-0.013274663351762868,3.773899779744784,-2.3798086200796598,1.490746175297768,-3.3586406374993323
22.49999999999841,1.5629169197957538,3.341019863160621,3.8138933500629997,2.334843175208359,4.738757581512302,-0.014723073040965052,3.7743895010273865,-2.384373346511903,1.4866067087317334,-3.3608615203979837
22.519999999998397,1.5610466860986028,3.3445991978564122,3.816553241307204,2.3380433345326472,4.7428996450416765,-0.015792745340139098,3.775164930816127,-2.38869312538748,1.4827932737889307,-3.3632324840456795
22.539999999998386,1.5588051368351874,3.347885322499739,3.8188035988110918,2.3414571794588666,4.747046967974249,-0.016412305899363787,3.776331743019293,-2.392820737321891,1.4793049342282163,-3.365871063895574
22.559999999998375,1.5561236225039916,3.3509235290393242,3.820655701033647,2.345163927380868,4.751270136797627,-0.01655277714134162,3.777951704725647,-2.3968000222112824,1.476134646938183,-3.3688549884483807
22.579999999998364,1.552990964317568,3.353756229658553,3.822138260816997,2.3491884412712727,4.755598958861734,-0.016224787852877766,3.780030625101627,-2.400656778072404,1.4732668577156376,-3.37220053652925
22.599999999998353,1.5494341237767104,3.3564257520416345,3.8232982725743505,2.3535201637947964,4.760041458074926,-0.015474085984684539,3.7825308206961177,-2.4044150227272483,1.4706678352386717,-3.3758817277845607
22.619999999998342,1.5455010023551334,3.3589724623845183,3.824191660483982,2.3581293112311266,4.764594468280397,-0.014364224647180294,3.7853933755459592,-2.4080986357095133,1.4682935820555831,-3.3798534144127106
22.63999999999833,1.541250630008023,3.3614230437943315,3.824867230752499,2.3629713282901936,4.769239826801116,-0.012959229745867162,3.7885526923618458,-2.4117196025822842,1.4661070644061462,-3.384060466149876
22.65999999999832,1.53675627977031,3.363785310293015,3.8253623077956354,2.367981998925885,4.773937547286735,-0.01132125084386113,3.7919359513026927,-2.4152701541134802,1.4640860291506956,-3.3884342083221197
22.67999999999831,1.5321188018978793,3.366059206119497,3.8257179079714883,2.3730699623244416,4.778625856632352,-0.009527224934558733,3.795448309102822,-2.4187298877619154,1.4622110076818775,-3.3928815752642585
22.699999999998298,1.5274661410123411,3.3682568471000236,3.8259970144225544,2.37812505798201,4.783236565052118,-0.007681835979963625,3.7989674910959654,-2.422085138859872,1.4604453362955414,-3.397287149226063
22.719999999998286,1.5229316497009164,3.3704126961960776,3.8262857310041443,2.383041056974408,4.787715100256893,-0.005909493194245475,3.8023584782969793,-2.4253432432900985,1.4587275031311426,-3.4015310464284787
22.739999999998275,1.5186297156353037,3.3725755531683195,3.826678566224857,2.387734164693388,4.792031278167204,-0.0043350678326208175,3.805493385339309,-2.428535934787805,1.456975496661216,-3.40550848647255
22.759999999998264,1.5146374502920374,3.3748314842001492,3.8272936135599127,2.3921718709125597,4.796214114177251,-0.0030841861580099806,3.80826833185103,-2.431750332765894,1.455064736063715,-3.4091586484326792
22.779999999998253,1.5109721745064741,3.3773004124559223,3.8282517840992107,2.3963890679873425,4.800351360034977,-0.002253606034567768,3.8106346634015766,-2.43510817019446,1.4528560008825961,-3.4124817393632956
22.799999999998242,1.5076266194653791,3.3800852559709877,3.8296389369778687,2.4004392175820985,4.804532435402873,-0.0018926525356743453,3.8125877476677834,-2.438715682516543,1.4502472588510997,-3.415514062096235
22.81999999999823,1.5045911265190877,3.383232589251679,3.83148901041635,2.404355318526696,4.808806017499127,-0.002010972927168288,3.8141465334915043,-2.442623948354998,1.4471985788681978,-3.418298273771453
22.83999999999822,1.5018412718947627,3.3867338519883576,3.8337832165744063,2.408160743149113,4.813188694264871,-0.0025788984546522074,3.8153489155712608,-2.446838419533943,1.443718248065867,-3.4208764828754266
22.85999999999821,1.49933645233419,3.390551228208214,3.8364707736483843,2.4118804311213804,4.817683004913396,-0.0035392808344509494,3.816248903949509,-2.451339126619899,1.4398433463722466,-3.4232930917853723
22.879999999998198,1.4970344495725807,3.3946339434202715,3.8394883256818413,2.4155338930196257,4.8222794928989305,-0.004826686273043669,3.816901538586441,-2.4560903985200357,1.4356261589979278,-3.4255856736032193
22.899999999998187,1.4949062704510028,3.3989211907821186,3.8427679824443137,2.4191233815503854,4.826950090295373,-0.006379058820955875,3.817350494116915,-2.46104015385344,1.4311304957881592,-3.427774313363897
22.919999999998176,1.4929340399930977,3.4033329673876755,3.8462277815408767,2.4226328394562135,4.83164331166309,-0.008129120365815465,3.8176343294595845,-2.4661118978763135,1.4264418678527448,-3.4298647742011927
22.939999999998165,1.4910925085756175,3.4077633770014946,3.8497585209109646,2.426042577448627,4.836291914286915,-0.009986187497658916,3.817806217190078,-2.4712039334319664,1.4216759445435887,-3.431866406070816
22.959999999998153,1.4893328521703826,3.4120917426464183,3.853228685394918,2.429348727315143,4.840833146668224,-0.011832942519259341,3.817945087543805,-2.476207111592029,1.4169656425086792,-3.433809166471955
22.979999999998142,1.4875848820384212,3.4162028175463375,3.856505302977319,2.4325688960892586,4.845223464680421,-0.013543222919950415,3.8181446864705495,-2.4810270398562015,1.41243460436445,-3.4357414794706966
22.99999999999813,1.48574778137338,3.4200092195789704,3.8594684621363013,2.435760142928685,4.8494578483053274,-0.014991633212336137,3.8185101309181033,-2.4856033839656875,1.4081788848366388,-3.4377305115960626
23.01999999999812,1.4836828567686688,3.423479880806317,3.8620403745465697,2.439031423101436,4.853599907233354,-0.016061305314525327,3.819167839554823,-2.4899426387559807,1.4042404174441179,-3.439887392975728
23.03999999999811,1.4812633643183013,3.426637286268485,3.8641970954766354,2.4425051785135494,4.857747226681434,-0.016680864946685893,3.820222012557098,-2.4941004385016172,1.4006117799708226,-3.4423294286561497
23.059999999998098,1.478418259548511,3.4295228701223768,3.865947745817097,2.4462609036787355,4.861970393298257,-0.016821334565120076,3.8217332021004706,-2.498122286180636,1.3972816498965868,-3.4451338395350146
23.079999999998087,1.4751340400443054,3.4321783629298963,3.8673203519468893,2.45032423272388,4.866299214437254,-0.016493343017473197,3.8237065136129447,-2.5020341281514016,1.3942335982791894,-3.448316020719084
23.099999999998076,1.471435290205505,3.43464751582165,3.868362177879898,2.4546858895758903,4.870741713925382,-0.015742638299021117,3.8261036244538364,-2.505858948839016,1.3914353791368346,-3.4518481694502228
23.119999999998065,1.4673676107425635,3.436973277093885,3.869129936727525,2.45931762164071,4.875294725456465,-0.014632773565226584,3.828864991081409,-2.5096190171779837,1.3888455539089015,-3.4556827781470676
23.139999999998054,1.462988469054076,3.4391855469879817,3.869673627814266,2.4641762167030934,4.879940086150831,-0.013227774770174143,3.8319247144066875,-2.5133245308294763,1.386430188100131,-3.459762756247514
23.159999999998043,1.4583705952944288,3.4412961714979193,3.8700323074021727,2.469198496905649,4.884637809413032,-0.01158979154558296,3.83521021242966,-2.516965743552853,1.3841708528490737,-3.4640183050709514
23.17999999999803,1.453614689143623,3.443310660819782,3.87024946028701,2.474294249992073,4.889326121866305,-0.00979576099787642,3.8386272312041383,-2.5205196817374382,1.382053245678659,-3.4683554256937166
23.19999999999802,1.4488478316049196,3.4452481735312523,3.870391041044446,2.4793550681196392,4.89393683346919,-0.007950367253770208,3.842053912274167,-2.5239693614913263,1.3800471287090261,-3.4726568521376557
23.21999999999801,1.4442012700650633,3.4471504797658876,3.870546009593463,2.484277102142397,4.898415371754414,-0.006178019720628398,3.845355086687928,-2.5273184454033584,1.3780977000799137,-3.4767994879305313
23.239999999998,1.4397865246472419,3.4490726179468645,3.870811117522527,2.48897915745196,4.902731552461621,-0.004603589653111285,3.84840205318739,-2.5305951792343855,1.3761288555393987,-3.4806741856289216
23.259999999997987,1.4356758393681575,3.4511047788517306,3.871305298409207,2.4934319459433896,4.9069143907360555,-0.0033527031706078016,3.8510886012227115,-2.533883826466249,1.3740195605686991,-3.4842133409648373
23.279999999997976,1.4318798901420515,3.4533676587872417,3.872148470057931,2.497673633989184,4.911051638430616,-0.002522118606441985,3.853362785534421,-2.5373047503994037,1.3716307975269415,-3.487409477231154
23.299999999997965,1.4283857391893289,3.455963617760538,3.873425006466286,2.501759997627824,4.91523271510312,-0.0021611607462002137,3.8552170876931626,-2.5409640216450002,1.368858685815256,-3.490293211166912
23.319999999997954,1.4251811721090588,3.458938626241811,3.8751679362394573,2.505724946254133,4.919506298034678,-0.00227947667131929,3.8566690612650816,-2.5449132155157415,1.3656610006396177,-3.4929049316845866
23.339999999997943,1.4222422747500736,3.4622827890510646,3.8773578431551265,2.509591333019662,4.923888975366149,-0.0028473975343603916,3.8577564390231185,-2.5491588124266995,1.3620436921790187,-3.495287141030498
23.35999999999793,1.4195305927441708,3.465956107003245,3.8799432862772876,2.5133827081144946,4.928383286586598,-0.0038077750212545105,3.858533754172036,-2.5536823190137854,1.35804133288016,-3.49748622087238
23.37999999999792,1.4170067743628818,3.4699055530146645,3.882860402774246,2.5171168527913426,4.932979775431233,-0.0050951753623765025,3.8590569962133032,-2.558449574034089,1.3537040541693783,-3.499542573067282
23.39999999999791,1.4146452265291765,3.474068812825469,3.8860412663891415,2.520794173478065,4.937650374203452,-0.006647542702623368,3.859371239467548,-2.5634097030230008,1.3490944596653947,-3.5014797738771657
23.4199999999979,1.4124325168538765,3.478365018965469,3.8894043816569686,2.5243963907478713,4.942343597583475,-0.008397599092311076,3.859517107886619,-2.5684872879962994,1.3442976116419925,-3.5033082968617797
23.439999999997887,1.41034927860727,3.482687043073763,3.892841122211429,2.5279008538637395,4.946992202822273,-0.010254661307495362,3.8595505186205594,-2.573582114917572,1.3394284869055084,-3.505043861039466
23.459999999997876,1.408353422338259,3.4869116974936234,3.8962201266860763,2.5313001206662036,4.951533438259112,-0.012101411810660073,3.859553339463766,-2.5785872207141627,1.33461814622686,-3.506723713251749
23.479999999997865,1.4063812267594669,3.490920037383181,3.89940799359266,2.5346081766776485,4.9559237595617605,-0.01381168823932646,3.859621847289547,-2.5834107959625268,1.3299873714176111,-3.508403026899653
23.499999999997854,1.4043368513030232,3.4946192496892876,3.902283304483388,2.5378788001428476,4.960158146296603,-0.01526009544179171,3.8598627597467297,-2.5879953857913267,1.3256283641865727,-3.5101541664016187
23.519999999997843,1.4020835287680926,3.497970659361899,3.904765337973482,2.5412187907439026,4.964300207884381,-0.01632976525685314,3.8604022717251,-2.5923509187296587,1.3215768614145518,-3.5120904058017355
23.539999999997832,1.3994934675260355,3.500989722209167,3.9068268295845905,2.5447498940027216,4.968447529346992,-0.016949323311726144,3.86134303253739,-2.5965358406947554,1.317818978817203,-3.5143284615903623
23.55999999999782,1.3964934446214619,3.50371388832472,3.9084747356915783,2.5485518230838053,4.972670697213912,-0.01708979190838217,3.862744335317726,-2.6005972836233546,1.3143391498384387,-3.5169448123956797
23.57999999999781,1.3930676750981374,3.5061840794723667,3.9097363753612084,2.552650964590928,4.976999518762565,-0.016761799772453376,3.8646105784672704,-2.6045613228858735,1.3111201211999046,-3.519953923380496
23.5999999999978,1.3892382912627312,3.508445336906652,3.910659247254595,2.5570393307505674,4.981442017755001,-0.016011094831075864,3.8669028287740357,-2.608449892478131,1.3081312306855228,-3.52332625461142
23.619999999997788,1.3850484540127543,3.510543060159449,3.91130081153807,2.561690221144207,4.985995027854257,-0.014901230199795936,3.86956095938234,-2.612283634342938,1.3053337249414507,-3.5270120840058667
23.639999999997777,1.3805538929616428,3.5125102755168762,3.9117122237721076,2.56656179876975,4.990640386206214,-0.013496231822901763,3.8725188183677233,-2.6160709509481452,1.302696871986434,-3.530952535284441
23.659999999997765,1.3758265736146564,3.5143628248825465,3.9119342432807356,2.571591970923209,4.995338106317796,-0.011858249345731353,3.875704115528392,-2.6198001267193938,1.3002061230140534,-3.5350768992461545
23.679999999997754,1.370966738031438,3.5161117676444023,3.912012791207917,2.5766917409459493,5.000026415009437,-0.01006421987940978,3.8790232563753566,-2.6234456346435833,1.297852384745711,-3.539290531224146
23.699999999997743,1.3661002161284947,3.517783246737431,3.9120167447866687,2.5817545342010537,5.004637122504381,-0.008218827510838302,3.8823548894065367,-2.6269871849115805,1.2956119368257406,-3.54347467566471
23.719999999997732,1.3613557499354791,3.519426212118083,3.9120378541224,2.586678958444792,5.009115656582912,-0.006446481566454194,3.8855637963411223,-2.6304247646871084,1.2934368542213335,-3.5475033997631558
23.73999999999772,1.356841652026226,3.5211017730722736,3.912175042298836,2.5913864793922237,5.0134318332778305,-0.004872053423187751,3.8885205560096425,-2.6337831107193104,1.2912571724724693,-3.5512635228868232
23.75999999999771,1.3526250786767757,3.52290397007109,3.9125479952959985,2.59585105322485,5.0176146681655736,-0.003621169438113224,3.891116706749149,-2.6371435682931983,1.2889557723076988,-3.5546808646912136
23.7799999999977,1.3487100283432691,3.5249539047155283,3.913275549208104,2.6001140921941,5.021751913110609,-0.002790587467362138,3.89329705009235,-2.640625046342789,1.2863942582274592,-3.557740287555315
23.799999999997688,1.34507793377755,3.527353066975978,3.914440530639878,2.6042336453760737,5.025932987847018,-0.0024296324777968972,3.8950511870016973,-2.644333371601857,1.283467218552284,-3.560466628288087
23.819999999997677,1.3417140621361472,3.530146683131842,3.9160750341396695,2.6082445073913645,5.030206569652361,-0.0025479516200162516,3.8963952624958793,-2.6483205770759652,1.280130264213428,-3.56289788357795
23.839999999997666,1.3385950818609733,3.533323553245641,3.918159029349812,2.612168994981865,5.034589246542845,-0.003115876074512689,3.8973668191376043,-2.6525941661425034,1.2763869910362327,-3.565076818958357
23.859999999997655,1.3356848047647594,3.53684161678436,3.920640454071067,2.6160292510816365,5.03908355781018,-0.004076257523835318,3.8980208725676437,-2.6571371343666534,1.2722693593715388,-3.5670516530880945
23.879999999997644,1.332946865666079,3.5406457556450692,3.9234549856066137,2.6198413141432266,5.043680046963035,-0.005363662165330307,3.8984143201248567,-2.6619168548173966,1.2678251948767476,-3.5688654926546506
23.899999999997632,1.3303591496062876,3.5446723380356375,3.926534711634381,2.6236037437871804,5.0483506460852166,-0.006916034069142408,3.8985936024143055,-2.6668836967907548,1.2631157050346469,-3.5705453328368404
23.91999999999762,1.3279127077021042,3.5488398783767647,3.9297986635802373,2.6272960518783153,5.053043869679568,-0.008666095160151939,3.8986013786359557,-2.6719633741680506,1.258225244912861,-3.572106325739084
23.93999999999761,1.325594115078301,3.55304034272155,3.9331388708316055,2.630892643133345,5.057692474897707,-0.010523162054319846,3.898496269726134,-2.6770572297528776,1.2532677489642519,-3.573570512103338
23.9599999999976,1.3233681450604629,3.5571484082619342,3.936424222770616,2.6343825072612423,5.062233710067802,-0.012369917048429529,3.898363021232028,-2.6820605653807097,1.2483720228421757,-3.5749823155148497
23.979999999997588,1.3211777379406047,3.561041794693726,3.939520986935426,2.637775998316807,5.0666240309119885,-0.014080197624281981,3.898300370551374,-2.68688422275264,1.243655619417569,-3.5764034915918876
23.999999999997577,1.3189323214866389,3.564622541052117,3.9423063277684833,2.6411235742142107,5.070858417069403,-0.015528608588058337,3.898416558064278,-2.691473669253214,1.239206606198182,-3.577911383501226
24.019999999997566,1.3164974713225208,3.567844483136301,3.94469665046441,2.6445298009287805,5.075000478134514,-0.016598281615162823,3.898837462255127,-2.695842260398653,1.2350544139219464,-3.5796210652023452
24.039999999997555,1.3137447375686406,3.570716000458465,3.946661391120648,2.648115637877232,5.079147799200833,-0.017217842411402583,3.899664105563723,-2.700051211190845,1.2311787375517838,-3.581648308957563
24.059999999997544,1.3105989420250534,3.5732704449127186,3.9482053367197074,2.651960957895263,5.083370966851275,-0.017358313464320513,3.900954477759824,-2.7041492482756544,1.227559812988725,-3.5840686175825383
24.079999999997533,1.3070420653486476,3.5755478047534175,3.949355079047854,2.6560928805268915,5.0876997884633175,-0.017030323623457317,3.9027122666976757,-2.7081625572408634,1.224179614551753,-3.5868954819895267
24.09999999999752,1.3030937203070794,3.5775942740766165,3.950158316436107,2.6605047122384646,5.092142287940589,-0.016279620878101083,3.9048979573078797,-2.712112005901513,1.221009156704559,-3.590097715146554
24.11999999999751,1.2987944964327494,3.5794575652596228,3.950673213700085,2.6651713245644046,5.096695299086947,-0.015169758367605847,3.9074508838775204,-2.7160165943356325,1.2180124889990604,-3.5936235321227183
24.1399999999975,1.2941982156926668,3.5811737299437487,3.9509520448158972,2.670052286644304,5.101340659148633,-0.013764762017137947,3.910304690616684,-2.7198829237833153,1.2151621754929645,-3.597412450437157
24.15999999999749,1.289375859604707,3.582762557617854,3.951037241952349,2.6750866367457835,5.106038381657682,-0.01212678140805513,3.913387432658152,-2.7236973178420523,1.212447592033044,-3.601393065825884
24.179999999997477,1.2844269071041357,3.5842406231029242,3.9509771285173847,2.6801866593708814,5.110726693349697,-0.01033275356996963,3.916606244143736,-2.727431714410654,1.2098648829194352,-3.6054703759942686
24.199999999997466,1.2794755535481888,3.5856409739564774,3.9508434533654704,2.685247691506045,5.115337404261347,-0.0084873625338646,3.919840369985582,-2.73106253192117,1.2073969185041076,-3.6095244970555034
24.219999999997455,1.274647643266545,3.58701959072229,3.9507306889158116,2.6901708723739106,5.1198159419579,-0.0067150176067023335,3.922954642147654,-2.7345860812848115,1.2050027974741109,-3.6134270428715585
24.239999999997444,1.2700479511934213,3.5884434672440193,3.950739856495473,2.6948803856999284,5.124132122197546,-0.005140590001063044,3.9258190146800818,-2.738023571599233,1.2026189087247015,-3.6170611435794937
24.259999999997433,1.2657383412547685,3.5900102069236244,3.950991305618969,2.6993534505555874,5.128314960141439,-0.003889705849282411,3.928322854500574,-2.7414533692122927,1.2001324060182248,-3.620346267510816
24.279999999997422,1.2617161223036157,3.5918409474067596,3.951602702567094,2.7036346942292147,5.1324522075686785,-0.0030591233383337035,3.930407751346423,-2.744992836947832,1.197405942064634,-3.6232596620972193
24.29999999999741,1.257957154215489,3.594035999271325,3.9526552653344535,2.707784395869541,5.136633284045508,-0.0026981673822836227,3.932060433004112,-2.7487474798903477,1.1943328948979692,-3.625820308631069
24.3199999999974,1.2544442305722527,3.5966397067931766,3.954180130816058,2.711838209737283,5.140906866812417,-0.0028164851612054653,3.933295623885917,-2.7527697509755478,1.1908668457566352,-3.6280636960981103
24.33999999999739,1.251154673475257,3.5996395994716774,3.9561566694518318,2.7158178998808795,5.145289543920688,-0.003384407879849014,3.9341506486524054,-2.7570681715821883,1.187009024510379,-3.630032723355006
24.359999999997378,1.2480546711710772,3.6029916836941864,3.9585322363997757,2.7197441858557982,5.149783854744473,-0.004344787245535411,3.934680964883167,-2.761627239293437,1.1827886814154374,-3.6317772995705
24.379999999997366,1.2451109558234226,3.6066389184131262,3.9612420968048574,2.7236313517091784,5.154380342910736,-0.005632189484210013,3.9349443358770277,-2.7664158861329886,1.178251189973825,-3.6333431053672767
24.399999999997355,1.2423049579710992,3.6105165483337225,3.9642184026781497,2.7274761115369164,5.159050940646453,-0.007184558703948539,3.934988534304485,-2.771385762412719,1.1734561742590817,-3.6347604729530207
24.419999999997344,1.2396322395135213,3.614542718216926,3.967380772425409,2.7312557837836557,5.163744162613705,-0.008934616890402322,3.9348582230438254,-2.7764637694044065,1.168487024186372,-3.6360491869820857
24.439999999997333,1.2370853583847743,3.6186088178885343,3.970621971244057,2.734941847574802,5.168392766120471,-0.010791680751477073,3.934614683263139,-2.78155288026454,1.1634562837257514,-3.6372375426440926
24.459999999997322,1.2346360581242615,3.6225877714256263,3.973811236396305,2.738519732551707,5.172933999617688,-0.012638432700950674,3.9343454752285094,-2.7865507395800573,1.1584901100867582,-3.6383770044828228
24.47999999999731,1.2322341146078766,3.6263543358092964,3.9768146034729743,2.741996153491344,5.177324318891016,-0.014348710331838032,3.9341517234031222,-2.791370906318166,1.153702468414783,-3.639535721530593
24.4999999999973,1.2297945001204837,3.6298057007536295,3.9795079108062166,2.745418210222217,5.181558703757889,-0.015797118283784106,3.9341431105864872,-2.795961810816662,1.1491770231298835,-3.640795779460406
24.51999999999729,1.2271855429202054,3.632888353581937,3.9818047518130797,2.748888157901335,5.185700763758102,-0.016866788505052473,3.9344451058254695,-2.8003402257732404,1.1449368090303116,-3.642273701415253
24.539999999997278,1.2242785264331009,3.635603571930462,3.983671285633339,2.752526080451195,5.189848084018405,-0.017486346657400068,3.9351570302745604,-2.8045700897723727,1.1409551626896846,-3.6440839627585437
24.559999999997267,1.2209965463706298,3.6379805077870007,3.985110126106409,2.7564119512297807,5.194071251129011,-0.017626815081028785,3.9363355277333754,-2.8087016876836772,1.1372081834541117,-3.6463008604404834
24.579999999997256,1.2173194039294757,3.6400580939522023,3.9861471178784345,2.760573602537002,5.198400072383173,-0.017298822539712065,3.9379835728335264,-2.812761295403232,1.1336771288967797,-3.648936869844014
24.599999999997245,1.213264132570066,3.641883536512959,3.986830123539547,2.7650056398508025,5.20284257153697,-0.01654811698433284,3.9400610977576966,-2.816768698537512,1.130334779210461,-3.6519592515678108
24.619999999997233,1.2088686267556508,3.643506715227601,3.9872179694563985,2.76968452505755,5.207395582225036,-0.015438251548721834,3.9425069425995667,-2.8207412406799968,1.127148097058861,-3.6553143152823218
24.639999999997222,1.2041846367670415,3.6449665971926497,3.9873640093547382,2.7745712631777026,5.212040941541431,-0.014033252190318759,3.9452545964893364,-2.8246837165467285,1.124093026548486,-3.6589401562545936
24.65999999999721,1.1992819437799471,3.6462868591791158,3.987312316959709,2.7796060684316526,5.216738662916272,-0.012395268567608907,3.948232512731118,-2.828580498891178,1.1211629005395691,-3.6627648924443346
24.6799999999972,1.194258960358322,3.6474895409638184,3.9871135823904678,2.7847025713684532,5.221426973068291,-0.010601237816880079,3.9513486224296193,-2.83240101153621,1.1183591121659857,-3.6666934533606463
24.69999999999719,1.189237868677305,3.6486144940504825,3.986842373284197,2.789758098162431,5.226037682109429,-0.008755844070919965,3.95448285602331,-2.836118399198135,1.1156711738602525,-3.670605192393969
24.719999999997178,1.1843412317000601,3.649724558981565,3.9865958147087053,2.794676392845285,5.230516217729962,-0.006983496716748109,3.957500195626244,-2.839725299996642,1.1130653317784653,-3.6743696617937815
24.739999999997167,1.1796699672902555,3.650892410010033,3.986476951797745,2.7993844134773194,5.23483239586302,-0.005409067107000979,3.9602700667497603,-2.8432393802814477,1.1104845213176733,-3.677866659285247
24.759999999997156,1.1752804583559584,3.6522189160836644,3.986606709051816,2.803862659393355,5.239015231942407,-0.004158181518653188,3.962679746905048,-2.8467359703629485,1.1078205121751605,-3.6810095483431278
24.779999999997145,1.1711633322846116,3.6538248817411554,3.9871014961847466,2.8081589402037377,5.243152477854552,-0.003327598010455566,3.9646676569096777,-2.8503308025684477,1.104937421187896,-3.6837680310204246
24.799999999997134,1.1672889496260157,3.6558091323828696,3.988040862468874,2.8123357207273134,5.247333553274542,-0.002966641447013073,3.966217661561326,-2.854128982191599,1.1017277413854287,-3.686155175406712
24.819999999997123,1.163637682841595,3.6582149950632066,3.989454963975971,2.8164294885152894,5.251607135495162,-0.00308495892268677,3.967343054147485,-2.8581833429906056,1.098143166275547,-3.688203854735591
24.83999999999711,1.1601875768404282,3.661028766688722,3.9913225870833213,2.8204614387794495,5.255989812603349,-0.0036528815909724712,3.96808091401934,-2.8625034178314324,1.0941825563598575,-3.689956970495892
24.8599999999971,1.1569072993946377,3.6642046546287754,3.993590543125659,2.824450852299634,5.260484123993457,-0.004613261128073302,3.968487099751774,-2.867075217622287,1.0898723628741955,-3.6914659701576804
24.87999999999709,1.1537667814496513,3.6676838687210087,3.9961937328408275,2.828410248048029,5.2650806132837635,-0.005900663743378897,3.9686201978759077,-2.871869256125361,1.0852553691020477,-3.6927789688541455
24.89999999999708,1.1507510556732787,3.6714007275072698,3.9990644226112484,2.8323344968841067,5.269751212654437,-0.00745303354358742,3.9685292777242056,-2.8768385001395016,1.0803894342903917,-3.693929543104583
24.919999999997067,1.147860208296436,3.6752732555461796,4.002122877093624,2.8361987404349582,5.274444436671012,-0.009203092515913317,3.9682609727317644,-2.881911091939836,1.0753567295185742,-3.6949420495083913
24.939999999997056,1.1450928027545044,3.679192597446358,4.005262676374836,2.8399715531560767,5.279093042496922,-0.011060157350882036,3.967879178954503,-2.8869917061716333,1.0702680659357413,-3.6958509512037354
24.959999999997045,1.142427638921999,3.683030311473099,4.008353502044583,2.8436348152755078,5.2836342784250965,-0.012906910414873627,3.967474206738482,-2.8919804051983924,1.0652465685699786,-3.696714596728166
24.979999999997034,1.139821481327016,3.6866585736227635,4.011261256593818,2.847191597283094,5.288024600119463,-0.014617189254653459,3.967149493021475,-2.896793528677694,1.060402268089443,-3.697607320873296
24.999999999997023,1.137195105857278,3.68997003762078,4.013860543678937,2.8506856064998227,5.292258987108881,-0.016065598762210906,3.967016081788251,-2.901382507193369,1.0558141715549756,-3.698615701337063
25.01999999999701,1.1344199948792986,3.6929040054592135,4.016062209053387,2.854216710900731,5.296401048891245,-0.017135270626920024,3.967198939488782,-2.9057675176877464,1.0514988482076706,-3.6998573543978575
25.039999999997,1.1313675575034725,3.6954546490257743,4.017829159975412,2.8579040299561207,5.300548370500902,-0.017754830517604375,3.9677956123412974,-2.910015174980501,1.0474233575709073,-3.7014451092374396
25.05999999999699,1.1279593977493827,3.697646831583598,4.019161835312692,2.8618275786284624,5.304771538482696,-0.01789530084952106,3.9688613563008333,-2.9141772852492664,1.0435597349007961,-3.703451830635945
25.07999999999698,1.1241731988960022,3.699518311853675,4.020085313589505,2.8660158816134285,5.309100360176791,-0.017567310419566797,3.970398430688387,-2.918280195715394,1.0398885776058504,-3.705888940769366
25.099999999996967,1.1200233631396308,3.7011171640648968,4.020647586396925,2.8704648476026704,5.313542859443871,-0.01681660718902304,3.972366244722693,-2.9223425956676157,1.0363845139837544,-3.7087222480848605
25.119999999996956,1.1155449743254815,3.7024952833490645,4.020908098269348,2.875152546441462,5.318095870052868,-0.01570674428332816,3.974703189730079,-2.926380159924972,1.0330175199366993,-3.711896320983033
25.139999999996945,1.1107875532629177,3.7036944334974846,4.020921243287811,2.880041448046877,5.322741229236106,-0.01430174762916602,3.977342649213657,-2.9303958735898354,1.0297669925080928,-3.715348021688479
25.159999999996934,1.1058194680424573,3.704742106385827,4.020732704112534,2.8850729869382206,5.327438950544289,-0.012663766823676736,3.9802135279110393,-2.9343721704034977,1.0266302417261601,-3.7190052100314452
25.179999999996923,1.1007377648575756,3.7056657395310264,4.020395499974649,2.890162203622351,5.332127260775303,-0.010869738913657778,3.983224622350616,-2.938275982729926,1.0236139055030118,-3.7227730375735293
25.199999999996912,1.0956622402769152,3.706511866854802,4.01998696199766,2.895208489308526,5.3367379700637745,-0.009024347931944374,3.9862566375850195,-2.942077201165986,1.020714170829432,-3.7265304629954397
25.2199999999969,1.0907118023320745,3.707349997292847,4.019606795925617,2.9001182638644094,5.341216506074592,-0.007252003170661432,3.9891748059207806,-2.945764796062691,1.017904534897294,-3.7301453746532403
25.23999999999689,1.0859832042282918,3.7082582639160124,4.019359994310741,2.9048213135225143,5.345532684687858,-0.005677575903071495,3.9918481210413774,-2.9493528774322764,1.0151346543378155,-3.7334946042139223
25.25999999999688,1.0815271760526421,3.709340493643565,4.019367966980406,2.909301432003584,5.349715521246293,-0.004426692360763921,3.9941618543676713,-2.952913683176662,1.0123012456003286,-3.7364856739774495
25.279999999996868,1.077327692356375,3.7107167896059714,4.019745780928191,2.913609575694807,5.353852767548527,-0.0035961105552178986,3.9960513032463836,-2.956561228972476,1.0092703047509064,-3.7390808326932587
25.299999999996857,1.0733497047585117,3.712484190807652,4.0205712580201745,2.917810348753218,5.358033843234643,-0.003235155452773289,3.997497481082118,-2.9604001425468875,1.0059337675164324,-3.7412871951166724
25.319999999996845,1.0695712244487594,3.7146848750473387,4.02187355134757,2.921941044959109,5.362307425551629,-0.003353474243646606,3.9985122398148665,-2.964483599410273,1.0022415868091417,-3.7431349181395035
25.339999999996834,1.0659710860751874,3.7173039484317933,4.023630878970613,2.9260222749556486,5.366690102515069,-0.003921398134244241,3.999132385810404,-2.9688221367592615,0.9981902572447043,-3.7446667747684304
25.359999999996823,1.0625205324458782,3.720293958914756,4.025789547749924,2.9300718664420415,5.371184413437269,-0.004881778826214776,3.999414137190326,-2.973403289013194,0.9938033505093586,-3.745935593744482
25.379999999996812,1.0591927849403848,3.7235945464414373,4.028284142157533,2.934100564043597,5.375780901869531,-0.006169182532231834,3.9994168603537523,-2.9781991733492577,0.9891209293527081,-3.7469917779806123
25.3999999999968,1.0559765239639067,3.7271393036221987,4.031047093026473,2.9381013992146516,5.380451499959866,-0.007721553335624492,3.999190885092836,-2.9831641077908095,0.9841989118615534,-3.747872046069582
25.41999999999679,1.0528763597897137,3.730846384720701,4.033999370225865,2.942047355256563,5.385144722297951,-0.009471613181085699,3.9987847811145976,-2.9882275288819455,0.9791179996565015,-3.7486052526084075
25.43999999999678,1.0498968657011956,3.7346070209829736,4.037035447460281,2.945904125370965,5.389793326137949,-0.011328678721403963,3.9982650123555636,-2.99329588361074,0.9739869328486391,-3.749231924040276
25.459999999996768,1.0470239625029913,3.7382917964272107,4.040025547085813,2.9496500539707577,5.394334559903988,-0.013175432308997205,3.9977245726444104,-2.9982717265395107,0.9689254283028993,-3.749817115400996
25.479999999996757,1.0442215351484692,3.741770695737604,4.042835537708622,2.9532845651576416,5.398724879381728,-0.014885711478964957,3.997269135048117,-3.003074240333736,0.9640392462215588,-3.7504411209095
25.499999999996746,1.0414164046792984,3.7449321639487807,4.045338881306976,2.9568479412245767,5.402959264370182,-0.016334120894138535,3.9970110230767593,-3.0076578925940662,0.9594024946909765,-3.7511947470442446
25.519999999996735,1.0384835991293664,3.7477085027218275,4.047443741604363,2.9604375900913253,5.407101324460053,-0.01740379241114842,3.9970746087671047,-3.012046250297626,0.9550252260747619,-3.7521963458038576
25.539999999996724,1.0352950452220917,3.750086795953786,4.049109801384446,2.964171578996026,5.411248644788063,-0.01802335171859061,3.9975555914425747,-3.016308555555321,0.9508683228464287,-3.7535567565277588
25.559999999996712,1.0317710942863252,3.7520875423674567,4.050335324224911,2.968129905183046,5.415471811955317,-0.01816382122861011,3.998507798201952,-3.0204980975286464,0.9468998414636329,-3.755347189401347
25.5799999999967,1.0278873797467158,3.7537472114776156,4.051144603969027,2.972341764470653,5.4198006332948,-0.017835829750524418,3.9999327711975177,-3.0246412750637153,0.9430997785964337,-3.7575779781949383
25.59999999999669,1.0236556286723202,3.755114599082975,4.05158572568283,2.976804371616369,5.424243132624415,-0.01708512525714871,4.001789426519037,-3.028755667023558,0.939444688333605,-3.7602135830739143
25.61999999999668,1.019108007386271,3.75624345747189,4.051718708073549,2.9814974204672304,5.428796143644727,-0.01597526088890031,4.004015752078904,-3.0328552675358424,0.9359076517074654,-3.7631969997661256
25.639999999996668,1.0142916563174138,3.757178219805584,4.0515989453393555,2.986384873410654,5.433441503503023,-0.01457026259243075,4.006545074770354,-3.036941249546422,0.9324715818489512,-3.766464049500248
25.659999999996657,1.009273322112142,3.757950109260019,4.051273695324451,2.9914094283902806,5.4381392256553465,-0.01293227999622241,4.00930680303189,-3.0409941204686404,0.9291377744110167,-3.7699425534110933
25.679999999996646,1.0041483888102773,3.7585918774742253,4.050798267258087,2.996487598530517,5.442827536804179,-0.011138250196676129,4.012210665887731,-3.044978345438676,0.9259180919476472,-3.7735381737419376
25.699999999996635,0.9990339022260457,3.759156598976877,4.050252698714877,3.0015209143561843,5.447438247003529,-0.00929285729356304,4.015138230824007,-3.048860583111077,0.9228154075372705,-3.7771298429788085
25.719999999996624,0.9940447530036866,3.759720239260754,4.0497392025669825,3.006418540716577,5.4519167838693345,-0.00752051065359461,4.017955079626915,-3.052626144284122,0.919810549930194,-3.7805841879379756
25.739999999996613,0.9892732347610795,3.760366152096744,4.0493646413367,3.0111131439231738,5.4562329632367845,-0.005946081563805835,4.020529870631069,-3.056285572522385,0.9168600499256623,-3.7837754493475573
25.7599999999966,0.9847642701066888,3.761200805946244,4.049250820557606,3.015591824090281,5.460415800389961,-0.004695196220724642,4.022745953808179,-3.059907960302473,0.913865885089186,-3.7866055901202142
25.77999999999659,0.9804952295702921,3.7623432364512825,4.049511379461711,3.0199086468145926,5.464553047174376,-0.0038646127847951806,4.024535551210935,-3.0636055216327165,0.9106963398014188,-3.7890295211471745
25.79999999999658,0.9764257626330455,3.763888400406072,4.0502223548899705,3.0241303079579724,5.468734123204881,-0.0035036561182073193,4.025876839068976,-3.0674823295682403,0.9072431216969087,-3.7910483824288272
25.81999999999657,0.9725315862079305,3.765877197768438,4.0514118753280774,3.0282948800890943,5.473007705755372,-0.0036219733390576857,4.02678021949477,-3.0715918623239937,0.903454595466471,-3.7926895230003517
25.839999999996557,0.9687923891724332,3.7682935892399114,4.053057606597587,3.032422374178101,5.477390382913841,-0.004189895616565746,4.027282198896488,-3.0759456539378793,0.8993249002674722,-3.793995457393241
25.859999999996546,0.9651820770046604,3.771088608004087,4.0551053907790156,3.036529151797837,5.481884694089689,-0.005150274638799144,4.027439313567355,-3.0805327718688136,0.8948746560713172,-3.7950202348934345
25.879999999996535,0.961677243129465,3.7742005081068504,4.057489544455462,3.0406241753886967,5.4864811829302145,-0.0064376766250191795,4.027311665990095,-3.0853269576020232,0.8901410826602322,-3.7958163927398796
25.899999999996524,0.9582702501937034,3.777562358653486,4.060142712902208,3.0446986421941844,5.49115178165788,-0.007990045690952578,4.0269508091789445,-3.0902839143654366,0.8851779862338705,-3.7964236796699256
25.919999999996513,0.9549702184799275,3.781092693092961,4.0629866296710935,3.048723397111473,5.495845004894057,-0.0097401038375352,4.026407213029685,-3.095334425197025,0.8800643528204046,-3.796875360094137
25.939999999996502,0.9517877172170615,3.784683160843051,4.065916740109025,3.052661277300801,5.500493609866822,-0.011597167779952636,4.0257498599621755,-3.1003867784214227,0.8749065201586527,-3.797217899822555
25.95999999999649,0.9487158310999821,3.7882037661341936,4.06880390324182,3.0564871071681194,5.505034844928657,-0.013443919920956527,4.02507435828925,-3.1053460924854335,0.8698204324113464,-3.797522861646043
25.97999999999648,0.945725675634519,3.7915226986280675,4.071514052913794,3.0601966646576786,5.509425165782196,-0.015154197842121818,4.02448853885275,-3.110134452447684,0.8649072573357555,-3.797876254055332
25.99999999999647,0.9427503400671482,3.794524534636748,4.073919602760158,3.0638267772900005,5.5136595520544525,-0.016602606347169622,4.024105921215648,-3.114709395942838,0.8602359787347096,-3.798372834796297
26.019999999996458,0.9396687792224607,3.7971347818638796,4.075926102547897,3.0674723201839638,5.517801613238981,-0.017672277239575988,4.024050190619404,-3.119097861968222,0.8558101021737354,-3.799131329924374
26.039999999996446,0.9363538278745386,3.799333475583668,4.077490040357801,3.0712502208534604,5.521948934396052,-0.01829183617659594,4.0244151287375685,-3.1233716684132764,0.8515844528215414,-3.8002602509670447
26.059999999996435,0.9327248274183048,3.801136687501551,4.078607505683357,3.0752403998089366,5.526172102081149,-0.01843230552465173,4.025253094272194,-3.127585547917616,0.8475232058908851,-3.80182893679461
26.079999999996424,0.9287554356677916,3.8025794867664007,4.079301989681051,3.079472702523245,5.5305009236057305,-0.018104314054298763,4.026564911255515,-3.1317659314548343,0.8436058182699853,-3.8038466015743873
26.099999999996413,0.924454668791735,3.8037112420197765,4.079621635346101,3.0839456519643638,5.534943422775753,-0.01735360971589757,4.02830903313506,-3.1359292745211924,0.8398108412394569,-3.8062764657372994
26.119999999996402,0.919851677515312,3.8045873988743244,4.079626991211926,3.088640581073015,5.539496433294563,-0.01624374563526762,4.030423090350738,-3.1400878803008077,0.8361145429069636,-3.8090601263011066
26.13999999999639,0.9149910781643711,3.8052549244338305,4.079374410670171,3.093522971437513,5.544141792332037,-0.014838747752616843,4.032840402572189,-3.144241108863726,0.8325034044047003,-3.812132559349144
26.15999999999638,0.9099377924506878,3.8057486780078253,4.078912691830532,3.0985368268943425,5.548839513391543,-0.01320076569500607,4.035490934239189,-3.148367555915956,0.828982702830295,-3.81542176760047
26.17999999999637,0.9047852514744306,3.8061066255216995,4.078299393026577,3.103600195030547,5.553527823251437,-0.011406736551533602,4.038285413769441,-3.152429245901512,0.825569488957178,-3.8188342118774425
26.199999999996358,0.899647393482761,3.8063882203157444,4.07761719907801,3.1086168186096472,5.558138532059237,-0.009561344398277695,4.041106358858354,-3.1563896304527104,0.8222733129646806,-3.822249167909102
26.219999999996347,0.8946347414984073,3.8066756528588472,4.076970754356662,3.113498674712224,5.562617067513711,-0.0077889985645877196,4.043819800382877,-3.1602303718711013,0.8190823934822431,-3.8255324079066666
26.239999999996336,0.8898348482066097,3.8070572435189507,4.076468712306938,3.118181359587089,5.566933245545815,-0.006214570371737187,4.046294158741127,-3.1639584394121214,0.8159602681336189,-3.8285559654508843
26.259999999996325,0.885286691786955,3.80764177775179,4.076233184160379,3.1226552894394226,5.571116081579202,-0.004963686093671387,4.048410948877433,-3.1676397290213423,0.8128144743774085,-3.831216543283568
26.279999999996313,0.8809611077300684,3.8085468608805013,4.076376297454426,3.1269775991279745,5.575253327454617,-0.0041331037216041306,4.050099367161661,-3.171384571513713,0.8095159849764728,-3.8334618514492997
26.299999999996302,0.8768125664009534,3.809865078051813,4.076972247860112,3.1312170268726693,5.579434402844189,-0.0037721481903658883,4.051334768756345,-3.1752964081059027,0.8059566098301065,-3.8352870515710573
26.31999999999629,0.8728145644863666,3.8116359267131146,4.07804811848404,3.135412395782036,5.583707985016023,-0.0038904666514558667,4.052126098154555,-3.1794289798603717,0.8020832831244946,-3.83671660118677
26.33999999999628,0.8689477070372064,3.813842271044656,4.079581039403517,3.1395831022297176,5.588090662008025,-0.004458390288999064,4.052509534697515,-3.1837948088013115,0.7978878067705361,-3.8377926264814337
26.35999999999627,0.8651886417746667,3.8164337787087796,4.081516427916248,3.14374402942569,5.592584973153373,-0.005418770792434557,4.05254189093732,-3.188384503183491,0.7933877865368713,-3.8385702322717896
26.379999999996258,0.8615174055426628,3.8193475060520345,4.083788381215216,3.1479023508712407,5.597181462014589,-0.006706174369964502,4.0522839609357515,-3.19317344790097,0.7886174861540148,-3.8391039297882834
26.399999999996247,0.8579300665221922,3.822516202677053,4.086329808727075,3.152047436016601,5.601852060735232,-0.00825854510921472,4.0517884828381945,-3.1981187638513924,0.7836284362829182,-3.8394363766989037
26.419999999996236,0.8544402271970621,3.8258590295295516,4.089063265442199,3.156148012885223,5.606545283877924,-0.01000860496363753,4.051107789559961,-3.203152631528659,0.7784976668852681,-3.8396051459641787
26.439999999996225,0.8510644204967035,3.8292683844674738,4.091885245545895,3.1601640901294474,5.6111938886455395,-0.011865670589463514,4.0503133312471515,-3.2081852483236815,0.773328789310185,-3.839662501422745
26.459999999996214,0.847802916046002,3.8326140881918946,4.094667340131943,3.164066990882879,5.615735123399814,-0.013712424330927462,4.049503260293189,-3.213124366786408,0.7682336215210112,-3.8396862958589684
26.479999999996203,0.8446341479065151,3.83576293713254,4.097275647329434,3.167848850200905,5.620125443874267,-0.015422703714756842,4.048787485883764,-3.217895032111427,0.7633084302934622,-3.839767990250873
26.49999999999619,0.8414976774669953,3.8385959907556493,4.0995816267757945,3.1715430137124394,5.624359829747926,-0.01687111350730502,4.048280640069881,-3.222457883630375,0.7586168645952255,-3.8400060053110585
26.51999999999618,0.838276755192685,3.8410321898690167,4.101488284011862,3.1752417539943214,5.628501890583493,-0.01794078547239382,4.048105630129821,-3.22684321277998,0.7541558720908614,-3.8405190797388107
26.53999999999617,0.8348455115034502,3.843044581989836,4.102948944621767,3.1790607725409736,5.632649211476138,-0.01856034529634363,4.048354250703113,-3.2311253603971717,0.7498743579457976,-3.8414130664445922
26.55999999999616,0.8311225237395551,3.8446447628242466,4.103957527003909,3.1830798540301704,5.636872379005382,-0.018700815409241983,4.0490773531728825,-3.2353604623253167,0.7457327250504433,-3.8427552213548535
26.579999999996147,0.8270795544157113,3.845866294267377,4.10453670234492,3.1873294715092784,5.641201200516456,-0.018372824625599866,4.05027504270555,-3.2395749622623553,0.7417099529593502,-3.8445536107737786
26.599999999996136,0.8227228813263838,3.8467589673209743,4.104734636025364,3.191809457249882,5.645643699859861,-0.017622120918354307,4.051905340754588,-3.2437841803047345,0.7377866553728549,-3.846770327434905
26.619999999996125,0.8180785507497998,3.8473797519096595,4.104612361667762,3.196502797084668,5.650196710780672,-0.0165122574230259,4.05390556635642,-3.2479987197017985,0.733942359700251,-3.8493457476254904
26.639999999996114,0.8131885189200566,3.847778005907663,4.104227150198607,3.2013765173008153,5.654842070474888,-0.015107260075221472,4.056209081239906,-3.252216128151507,0.730167156266868,-3.852214200453502
26.659999999996103,0.808115684736573,3.8479921184904526,4.10362930389886,3.2063759689680396,5.65953979244509,-0.013469278483070219,4.05874645762898,-3.256413105391483,0.7264702876547228,-3.85530408963728
26.67999999999609,0.8029512415890745,3.848065154132914,4.102878587631658,3.2114207946118642,5.664228103430874,-0.01167524971251533,4.061429489309779,-3.2605492630223107,0.7228739411622512,-3.858522959589461
26.69999999999608,0.7978056728845256,3.8480627637569214,4.1020602723322925,3.2164170202410163,5.668838813507409,-0.009829857827031949,4.064141730943324,-3.2645848723489874,0.7193943153286134,-3.8617507970563287
26.71999999999607,0.7927847971598179,3.848073112277915,4.1012813565397686,3.221279500089134,5.673317350294444,-0.008057512156693035,4.066749761393596,-3.2684979604197104,0.7160270549128135,-3.8648529285390034
26.73999999999606,0.7879711593143799,3.8481892174429295,4.100652204297048,3.225946807812371,5.677633529623792,-0.0064830839674878,4.069121860168606,-3.272291916907968,0.7127428156607855,-3.8676995701721437
26.759999999996047,0.7833976743261394,3.848521850079361,4.10029514217727,3.230412682544881,5.681816366770085,-0.0052321994523894695,4.071137794604516,-3.27602939231853,0.7094549771236895,-3.8701824789900536
26.779999999996036,0.7790287315674925,3.849186826675102,4.100320703063167,3.2347372860915327,5.685953613549316,-0.004401616731517561,4.072723788166542,-3.279818751311265,0.7060375952692233,-3.8722423239755694
26.799999999996025,0.7748137610647643,3.8502740785100236,4.100801186608778,3.2389913482144737,5.690134689573232,-0.0040406607111178865,4.073852393071341,-3.2837627269789893,0.7023829118334066,-3.8738683031387113
26.819999999996014,0.7707241200445295,3.8518215801343008,4.1017626105533855,3.2432144139320664,5.694408272099846,-0.004158978545660511,4.0745310895300895,-3.2879152837789793,0.6984365919479928,-3.8750819080559142
26.839999999996003,0.7667413888247985,3.853811151453183,4.103181586166119,3.2474252507793264,5.698790949186376,-0.004726901423925368,4.07479570308968,-3.292289922708597,0.694188124977584,-3.87592474826632
26.859999999995992,0.7628450285249468,3.856191248045933,4.105003146343341,3.251637252709594,5.703285260204102,-0.0056872810425372825,4.074703280619495,-3.2968787999860325,0.6896520485396199,-3.876452816289852
26.87999999999598,0.759018580234678,3.858897920442014,4.107161217646809,3.255855799090099,5.707881748765902,-0.006974683620214456,4.074315262871167,-3.3016589623332018,0.6848595655793343,-3.8767224313161974
26.89999999999597,0.7552618296366376,3.8618638037546953,4.1095890233091135,3.260068439527122,5.712552347072114,-0.008527053260889551,4.073685534146085,-3.306588980240526,0.6798597738352262,-3.876779029979881
26.91999999999596,0.7515928199480881,3.8650089328626374,4.112209997086164,3.2642418083431197,5.717245569743423,-0.010277111944573777,4.072868251635364,-3.3116024820087073,0.6747275120893318,-3.876664379222683
26.939999999995948,0.7480339974138246,3.8682267820764578,4.114921758596966,3.268333115251972,5.721894174034001,-0.012134176365417589,4.071937280264677,-3.3166116406528032,0.6695633492128427,-3.876436381448172
26.959999999995937,0.7445928157893381,3.871387385393952,4.11759672599611,3.2723102032751035,5.726435408340765,-0.013980928913008586,4.070993243773007,-3.321526911115985,0.6644746359659013,-3.876178941885556
26.979999999995925,0.7412550934583481,3.874356552054402,4.1201012607391645,3.2761615703252303,5.730825728410857,-0.0156912071570493,4.070148048247653,-3.32627635415573,0.6595524446440735,-3.875988694934638
26.999999999995914,0.7379670482159059,3.8770121872303225,4.122305963550005,3.279917055341581,5.735060113967621,-0.017139615820530873,4.069517353329112,-3.330823739949693,0.654854895329947,-3.87596742399209
27.019999999995903,0.7346165820868581,3.8792669119131884,4.124111367398737,3.28366626013821,5.739202174545223,-0.01820928675603976,4.069223197445068,-3.3352026899454144,0.6503723871428205,-3.876233518380582
27.039999999995892,0.731079504826757,3.8810868680087034,4.125467669824766,3.28752357464834,5.743349495242667,-0.018828845631584542,4.0693553204562445,-3.3394900128672895,0.6460480611850147,-3.8768898498500404
27.05999999999588,0.7272738779145986,3.8824791398628795,4.126366622547924,3.2915685887067077,5.747572662637439,-0.01896931482189859,4.069963028980538,-3.343743206105689,0.6418386689854104,-3.8780013865153977
27.07999999999587,0.7231696546412797,3.8834756797960712,4.126830059956462,3.2958323803632834,5.75190148404359,-0.018641323108059753,4.071045709304655,-3.34798870634567,0.6377227770933628,-3.8795750222765744
27.09999999999586,0.7187703552974634,3.88412654938518,4.126906134168241,3.3003160912560023,5.756343983259564,-0.017890618447525732,4.072560981922278,-3.3522406867471397,0.6336831209842358,-3.8815718376928334
27.119999999995848,0.7140988423270123,3.8844900692046958,4.126656318754781,3.3050043726266454,5.760896993972369,-0.01678075397245708,4.074445900771412,-3.356508042584168,0.6297025500124248,-3.8839311700086045
27.139999999995837,0.7091942839856384,3.8846178374469473,4.126138759845175,3.3098658197900184,5.765542353327799,-0.015375755628944006,4.076633918832268,-3.3607865108500325,0.6257747940534547,-3.886586901450686
27.159999999995826,0.7041173646300989,3.8845516561433726,4.125405226742538,3.3148471714294794,5.770240074798014,-0.013737773051563184,4.079056267325743,-3.3650509124974803,0.6219130330010851,-3.8894680548728298
27.179999999995815,0.6989567619501345,3.88433955706274,4.12451764671943,3.319869724444295,5.774928385124364,-0.011943743342305344,4.081625870495995,-3.3692584762455495,0.6181445228605311,-3.892483540031792
27.199999999995804,0.6938191677100857,3.884053188604707,4.123563813853521,3.32484185764351,5.779539094417288,-0.010098350597379638,4.084227405980359,-3.373366322676888,0.614492060819798,-3.8955144205346537
27.219999999995792,0.6888053733739395,3.8837864213949165,4.122653001801029,3.3296813654626614,5.784017630347893,-0.008326004170732948,4.086728099234185,-3.377348860109541,0.610958730672426,-3.898425987761682
27.23999999999578,0.6839926644149641,3.8836366870356214,4.121897203691645,3.3343298444889427,5.7883338088178515,-0.006751575380053019,4.088996186282758,-3.3812058963363576,0.607522395430186,-3.901087036181904
27.25999999999577,0.6794077922312773,3.8837164041077816,4.121418871144402,3.3387843616395387,5.792516645209703,-0.005500690475897082,4.090909775787664,-3.3849967904157245,0.6041025403019561,-3.9033847073430303
27.27999999999576,0.6750088085934325,3.884139247261178,4.121326860759477,3.34310806130654,5.796653891375968,-0.004670107517304703,4.092392172562439,-3.3888278617221155,0.6005766872585405,-3.9052528097653636
27.299999999995748,0.6707402573295307,3.8849922197716764,4.12169152270491,3.347373612561079,5.800834966971631,-0.004309151400713997,4.093413146306067,-3.3928010592284004,0.5968378384486788,-3.906674610846547
27.319999999995737,0.6665714435247156,3.886311657522755,4.122537790069075,3.3516212530853133,5.805108549272153,-0.00442746925437737,4.093978707556313,-3.396970530763558,0.5928305557581597,-3.907668570755607
27.339999999995726,0.6624849789258984,3.8880783915485506,4.1238417725639165,3.355869107665024,5.809491226342055,-0.004995392250891851,4.09412430164964,-3.4013507462170405,0.588542048191079,-3.9082756555845446
27.359999999995715,0.6584632006737784,3.890239822451298,4.125548159281053,3.360129071048525,5.813985537551978,-0.005955772076291297,4.093907167620837,-3.4059354154828956,0.5839837410286638,-3.9085525748540024
27.379999999995704,0.654493204291087,3.89273118986153,4.127590754954604,3.3644047244350856,5.818582026503352,-0.007243174942483456,4.093389347489211,-3.4107032639791997,0.5791836814595706,-3.9085572839867284
27.399999999995693,0.650578493631155,3.8954852197298835,4.129903145940233,3.36868180672477,5.8232526253725085,-0.008795544950123788,4.092625831867434,-3.415614342284008,0.5741883848156154,-3.908337860025626
27.41999999999568,0.6467414976569595,3.8984230645999505,4.132409701299915,3.3729248831337006,5.827945848740993,-0.0105456040750276,4.09167256218934,-3.420603775389297,0.5690702708062226,-3.907940136543738
27.43999999999567,0.6430105075129212,3.9014395999278664,4.135009241693188,3.3770883960056355,5.832594453810632,-0.012402668999475125,4.090605763598917,-3.4255857766368973,0.5639265595500585,-3.9074274780275378
27.45999999999566,0.6394001383618245,3.904405469153139,4.137575106562014,3.3811367319797854,5.837135688924795,-0.014249422090879,4.0895284568919585,-3.430473569339487,0.5588598076532335,-3.9068895864768214
27.47999999999565,0.6359036361285221,3.9071859033509546,4.139974019400983,3.3850547603178525,5.841526009791734,-0.015959700897528475,4.088554462448161,-3.435198282848485,0.5539556155146257,-3.906427975278189
27.499999999995637,0.6324740389234313,3.909656025546458,4.142075817528108,3.3888687913476185,5.845760396040492,-0.017408110225682717,4.087800382025038,-3.4397268446955866,0.5492663974201795,-3.9061474802897487
27.519999999995626,0.6290042420521749,3.911722403282217,4.1437786349775685,3.3926656896654284,5.849902457197691,-0.01847778183472354,4.087387294897938,-3.444096181311485,0.5447760334495603,-3.906165780390366
27.539999999995615,0.6253721131664436,3.9133443760693867,4.14502957809055,3.3965584490398184,5.854049778333954,-0.019097341397993843,4.087402819730434,-3.4483855125187235,0.5404220739735,-3.9065824524764583
27.559999999995604,0.6214954476388376,3.91452449531274,4.145818238042385,3.4006264057067233,5.858272946013522,-0.01923781132244998,4.087894681892869,-3.4526536548627442,0.5361577508141385,-3.907459978803931
27.579999999995593,0.6173424811121897,3.915293006375992,4.146165596325409,3.40490121982743,5.86260176756999,-0.01890982040497168,4.088861549249211,-3.456927018649416,0.5319612826109154,-3.9088040599011933
27.599999999995582,0.6129139656271732,3.915700088825577,4.146119756239912,3.4093853416448447,5.867044266842305,-0.01815911660885251,4.090260672685292,-3.4612186198302783,0.527817578979834,-3.9105748828650064
27.61999999999557,0.6082295100878944,3.9158052361211397,4.145742585895506,3.414065099233744,5.871597277567937,-0.017049253064327047,4.0920288876150135,-3.4655356393383503,0.5237128632439709,-3.912710930908677
27.63999999999556,0.6033253753644202,3.915662129493322,4.145093063651073,3.418910680217705,5.876242636942943,-0.01564425570642369,4.094099787538143,-3.4698720067918094,0.5196445237399859,-3.915145841047319
27.65999999999555,0.5982598462825516,3.9153158564020525,4.144224387541724,3.423870250309089,5.880940358480989,-0.014006274146682684,4.096405313624956,-3.47420068307922,0.5156296374019871,-3.917809471787102
27.679999999995538,0.5931188145242234,3.914819269485249,4.14320060142394,3.4288668189617937,5.88562866894684,-0.012212245453934114,4.0988595850828915,-3.4784765456551336,0.5117004459115644,-3.9206123760566123
27.699999999995526,0.5880048550053527,3.9142497962042677,4.142111957563669,3.433811185466843,5.890239378451542,-0.01036685368867189,4.101348487890751,-3.482653595966951,0.5078862758054317,-3.9234370569860677
27.719999999995515,0.5830134249033857,3.913706726743025,4.141069923909529,3.438624145156946,5.894717914649571,-0.008594508172200368,4.103739992329658,-3.4867026423491394,0.5041976407736317,-3.9261491815277743
27.739999999995504,0.5782163147027415,3.9132916095481938,4.140188039827488,3.4432503606401372,5.899034093414432,-0.007020080189330524,4.105902388408778,-3.4906199106632596,0.5006196788667743,-3.9286165224509926
27.759999999995493,0.573634030714411,3.913118168247498,4.139588791380825,3.4476902286420734,5.9032169300824044,-0.005769195966898833,4.107712216227118,-3.494461424379901,0.4970782267695902,-3.930721949744522
27.779999999995482,0.5692184150033053,3.9132975891295483,4.139379278390701,3.452009829381909,5.907354176473275,-0.004938613560503694,4.109089918693534,-3.4983313786422885,0.49345464628339203,-3.9323926132813765
27.79999999999547,0.5649092942548584,3.9139136822741545,4.1396278495888446,3.456283717474874,5.911535252223935,-0.004577657898805647,4.1100025052098506,-3.502330862919174,0.4896430261274177,-3.9336059007483417
27.81999999999546,0.5606740149783016,3.9150010341536823,4.1403583350379805,3.4605527935065297,5.915808834593058,-0.0046959761433993125,4.110454512050999,-3.5065141683899865,0.4855869938945432,-3.9343771844989353
27.83999999999545,0.5564962733499731,3.9165395453718443,4.1415463605802385,3.4648345261064386,5.920191511622485,-0.005263899485586915,4.110480978054064,-3.510896723113544,0.48127151722312916,-3.9347466621964835
27.859999999995438,0.5523613363684408,3.9184757218950903,4.143136312402937,3.4691393020197876,5.924685822658369,-0.006224279620891276,4.110139292066097,-3.5154737952697626,0.47670487425521313,-3.9347715874498648
27.879999999995427,0.5482598933190074,3.9207441898652187,4.145061922353256,3.4734689016366094,5.929282311284082,-0.007511682763400919,4.109492051504446,-3.5202258046759196,0.4719118709374572,-3.9345113752515495
27.899999999995416,0.5441991555359262,3.923277971143191,4.14725718900781,3.477807263716273,5.933952909670524,-0.009064053007340851,4.108595312672039,-3.5251143115428074,0.4669362983748928,-3.9340165965482257
27.919999999995404,0.5402058693471565,3.925999576290658,4.149647472647664,3.48211691060915,5.938646132413352,-0.010814112316515552,4.107506759947544,-3.530075985590402,0.4618479363427422,-3.9333370119137476
27.939999999995393,0.5363140845453118,3.9288056023636573,4.1521328697823225,3.4863495510337588,5.94329473675079,-0.012671177363976797,4.106304922397288,-3.5350271440638257,0.45674035964383375,-3.9325412548474743
27.959999999995382,0.5325455331385658,3.931567696564345,4.154587734799503,3.490466141645329,5.947835971074943,-0.014517930516846184,4.1050951417362365,-3.539883842998936,0.45171101783710155,-3.9317245507224685
27.97999999999537,0.5289009091738219,3.9341509226202978,4.156879251775996,3.4944479342963564,5.952226291137388,-0.016228209323676284,4.1039930685025805,-3.544580331423112,0.44683977826598215,-3.9309929824795993
27.99999999999536,0.5253402142423275,3.936428002094996,4.158876590961211,3.4983176911803135,5.956460676664722,-0.017676618507399832,4.103116160474934,-3.549086719001478,0.4421731893158231,-3.9304541189990174
28.01999999999535,0.5217616633492004,3.938299733858319,4.160475562602691,3.502159475791445,5.960602737212719,-0.0187462898939118,4.102584448440275,-3.5534432101268854,0.4376886607831888,-3.930224570298003
28.039999999995338,0.5180455543145226,3.9397187789607617,4.16162022091778,3.5060848023076887,5.964750057887673,-0.019365849161545417,4.102483365150515,-3.5577313772664714,0.4333183425189434,-3.930400314954289
28.059999999995327,0.5141096669957823,3.9406831480810665,4.16229800423397,3.5101726946580785,5.968973225273023,-0.019506318710664067,4.10285901940946,-3.562011312611889,0.429012089270621,-3.9310411588192604
28.079999999995316,0.5099206162282586,3.941221287423669,4.162529025633743,3.5144553716404996,5.973302046696776,-0.019178327339095417,4.103709361594698,-3.5663093804604666,0.42474783832172525,-3.932151591577715
28.099999999995305,0.5054763835271261,3.941383341578357,4.162361304030008,3.518936590221635,5.97774454597794,-0.018427623012565585,4.104991304538142,-3.5706374298006898,0.4205127196085565,-3.9336910281348514
28.119999999995294,0.500793264501721,3.941229795534514,4.161857056327044,3.5236043653465554,5.982297556824633,-0.017317758866138084,4.106641511765935,-3.5750009217695364,0.41629637260592034,-3.9355972850948095
28.139999999995283,0.4959045021221693,3.940816249926691,4.161076049517067,3.5284304989178237,5.98694291639858,-0.015912760842770542,4.1085937663126195,-3.579391982951519,0.41209985224847223,-3.9378039564352436
28.15999999999527,0.4908658040332743,3.94019094021102,4.1600728710631865,3.53336462193104,5.991640638177785,-0.014274778567445474,4.110780769506414,-3.5837817340318643,0.4079440805912468,-3.9402419499755816
28.17999999999526,0.48576001410185465,3.9394113787992002,4.158913634107434,3.5383315132602244,5.996328948894297,-0.012480749129687769,4.113117898873315,-3.588122734471422,0.4038661867753233,-3.9428237343020016
28.19999999999525,0.48068527772536884,3.938560536213729,4.157690982448433,3.543244458595906,6.000939658634887,-0.010635356616331006,4.1154923329489215,-3.592365900560471,0.3999019372691539,-3.9454336100593514
28.21999999999524,0.4757314268143428,3.937742819554504,4.156518495994545,3.5480273127215476,6.005418195042275,-0.008863010376773468,4.117772884306267,-3.5964784622618104,0.3960692435159395,-3.947938029104952
28.239999999995227,0.47096453802274185,3.937063584588896,4.155511176487951,3.5526278451911097,6.009734373981448,-0.00728858170572866,4.119827994152377,-3.6004530664127774,0.39236056372607814,-3.9502041454168624
28.259999999995216,0.46639881004876543,3.9366375133584524,4.154791453954313,3.5570497822852034,6.013917210779229,-0.006037696823687089,4.121532725206953,-3.6043423596446478,0.3887083119239153,-3.9521109144035775
28.279999999995205,0.4619800220298486,3.9365729648776058,4.154464592280071,3.5613620912542396,6.018054457275207,-0.0052071138315137894,4.1228047174051135,-3.608248335704978,0.38499805143860594,-3.9535790495015646
28.299999999995194,0.45764346691638746,3.93695030054799,4.154596888198187,3.5656411571935225,6.0222355331018935,-0.004846157620985808,4.123608244304951,-3.6122711499246187,0.38112528031781895,-3.9545801276954156
28.319999999995183,0.4533546321685048,3.93780225199322,4.15521105109357,3.5699285133995855,6.02650911552897,-0.004964475326220481,4.123946364667437,-3.6164651967967334,0.37703286361309996,-3.9551263867968904
28.33999999999517,0.4490983480826691,3.939107850648292,4.156282240936811,3.574240959475035,6.030891792623973,-0.005532398124086532,4.123853685007176,-3.6208468512536394,0.3727035733075476,-3.9552571336230025
28.35999999999516,0.4448628564180449,3.940812870902052,4.157754582110148,3.578587366526673,6.0353861037664664,-0.006492777704368965,4.123387701615308,-3.625412943370362,0.36814251504652956,-3.955029991423597
28.37999999999515,0.44064246859974576,3.942851524679079,4.159561782555733,3.582967712851389,6.039982592571766,-0.007780180282748404,4.1226115210592535,-3.6301456019312073,0.36337117781056777,-3.95450565368059
28.39999999999514,0.4364480814627468,3.9451573339135275,4.161638301866333,3.5873641489502526,6.044653191234058,-0.009332549964292192,4.121582223874641,-3.6350079252532197,0.3584304949175259,-3.9537370310617748
28.419999999995127,0.43231067718014493,3.9476544033883507,4.163910546727972,3.5917371819875337,6.049346414356018,-0.011082608731776186,4.12035919468073,-3.6399381745916592,0.35338739350418796,-3.9527776593680772
28.439999999995116,0.42826996041712706,3.950241366949605,4.166279963351882,3.5960358226934788,6.053995019161655,-0.012939673278580007,4.119023208338786,-3.6448548328578223,0.3483315179341631,-3.951701231780901
28.459999999995105,0.42435471380120243,3.9527912668010345,4.168622013935331,3.6002176265217884,6.05853625401304,-0.014786425986966677,4.117681849554492,-3.6496768507020003,0.3433549138745304,-3.950608206677455
28.479999999995094,0.42057307740132815,3.9551694106305355,4.170804441302083,3.6042602417015748,6.0629265746292464,-0.016496704419375802,4.116452513484129,-3.65434164527601,0.3385314723555447,-3.9496089131061543
28.499999999995083,0.41689213821271087,3.9572465064813582,4.172695845248458,3.608182865481701,6.067160960668169,-0.017945113355614262,4.115453426984957,-3.6588225301955513,0.33390173426954506,-3.9488133248946906
28.519999999995072,0.41321574126527405,3.958917886961404,4.17418978936341,3.612066697841706,6.071303021651338,-0.01901478459395848,4.114803483495633,-3.6631629578472515,0.32943670835171146,-3.9483366274907317
28.53999999999506,0.4094269794401029,3.960129678963751,4.175227317096519,3.616021690859033,6.075450342655864,-0.01963434380246845,4.114585866710523,-3.667446792928485,0.32506335094159017,-3.9482709085907017
28.55999999999505,0.40544386769178425,3.960875358505948,4.175793723182488,3.6201264977906895,6.079673510248137,-0.019774813368957363,4.114845034874767,-3.671735358841804,0.3207282925767509,-3.948673115473152
28.57999999999504,0.40123150180026607,3.961181485924059,4.175908237408554,3.624413872302837,6.084002331750688,-0.019446822079465007,4.115578222460106,-3.676054954421551,0.31640925637596595,-3.9495465133978382
28.599999999995028,0.3967850988958892,3.961098017982985,4.175618758805455,3.6288888753479345,6.08844483098245,-0.018696117892558043,4.116742036133431,-3.6804162529804656,0.31209563175482563,-3.950849868862268
28.619999999995017,0.392117591608528,3.960686246834607,4.174987807089383,3.633541217638259,6.092997841657526,-0.01758625393807535,4.118273014384093,-3.6848229918821356,0.30778050583631633,-3.9525205214752437
28.639999999995005,0.38725910366417066,3.960003523037221,4.174075893712993,3.638344336238786,6.0976432009504515,-0.016181256155650237,4.120105178762062,-3.6892655005731063,0.3034685968352067,-3.954492224666327
28.659999999994994,0.38226259570514654,3.959101083010258,4.172938955215756,3.6432493647036086,6.102340922359672,-0.014543274167478169,4.122172040541486,-3.6937130809743643,0.29918460803611713,-3.9566971462593403
28.679999999994983,0.3772076112459564,3.958040923623842,4.171645125142387,3.6481829069737253,6.107029232645734,-0.012749245057259863,4.124390298177733,-3.6981160097235497,0.29497044274277723,-3.959049937419526
28.699999999994972,0.37218756698958905,3.956911305540912,4.170289370318496,3.6530607992758117,6.1116399419277085,-0.010903852900099393,4.126648506237605,-3.702422154332656,0.2908681982326501,-3.961437049111137
28.71999999999496,0.3672863957495699,3.9558214345115177,4.1689872986228655,3.657810012153621,6.116118477875211,-0.009131507029259568,4.1288164166433114,-3.706595190680574,0.286903129052738,-3.9637261253104645
28.73999999999495,0.3625642589333188,3.954880152466194,4.167855289139244,3.6623814607326257,6.120434656383429,-0.007557078747979214,4.130762719169224,-3.7106241919880776,0.2830750366010387,-3.9657841063222423
28.75999999999494,0.35802900434495966,3.9542027502777515,4.167015625355293,3.666782198138007,6.1246174928227,-0.006306194301072939,4.13236109157741,-3.714558389103964,0.2793231182567867,-3.967486402067671
28.779999999994928,0.3536205134737335,3.953894429389397,4.166571657436969,3.671084027674565,6.1287547390277,-0.005475611730721588,4.133526431470699,-3.718497499436395,0.27553748730499095,-3.9687475309530647
28.799999999994917,0.349269742784332,3.9540318575738316,4.166587581144248,3.6753651084392085,6.13293581464888,-0.005114655956958037,4.134220302961187,-3.7225406700595176,0.27161536977062395,-3.9695333458641513
28.819999999994906,0.34494042589941154,3.9546458118383354,4.1670849684159705,3.6796675757018202,6.137209396952256,-0.0052329741287399254,4.134444284999438,-3.7267423584528885,0.2674990424583093,-3.9698529126898374
28.839999999994895,0.340618573487115,3.9557145183673126,4.168038531715884,3.684007547572277,6.141592073985833,-0.005800897429939984,4.134232526161041,-3.73111987419256,0.2631691343582739,-3.9697445275126153
28.859999999994884,0.33629543792032235,3.957183185262571,4.1693921749177365,3.68839237290915,6.1460863851004595,-0.006761277551762299,4.133642587650952,-3.7356716114661497,0.2586275632101008,-3.9692660075168877
28.879999999994872,0.33196897011343585,3.9589858107653932,4.17107963104697,3.692820227884358,6.15068287388042,-0.008048680706292404,4.13273803852785,-3.7403814211186264,0.25389243567137615,-3.968479139638104
28.89999999999486,0.3276537191911271,3.961056619518198,4.173035869133871,3.697271487901133,6.155353472492157,-0.009601050988268751,4.131576941390776,-3.7452139667529107,0.24900170262461468,-3.967439013004038
28.91999999999485,0.32338480872904474,3.963321541864451,4.175188396633039,3.7017046741217667,6.160046695519503,-0.011351110362899909,4.130220337268791,-3.7501091467374947,0.2440192346351115,-3.966202775535474
28.93999999999484,0.3192074772263632,3.965681557421533,4.177440082270633,3.706066137002439,6.164695300181408,-0.013208175502320946,4.128751187203121,-3.7549876699097435,0.23903047236221858,-3.9648489555838236
28.959999999994828,0.3151574701791197,3.9680114903876196,4.179667588081264,3.710310062217503,6.169236534847989,-0.015054928768592466,4.127279239460157,-3.7597714415064503,0.23412177691519287,-3.9634829384345593
28.979999999994817,0.3112503488496874,3.970177302980017,4.181739313370454,3.71441051094995,6.1736268552532865,-0.016765207705271786,4.125923547131065,-3.7644010931463137,0.22936083766080315,-3.9622189630529503
28.999999999994806,0.30746038595313474,3.9720480838464876,4.183523384626801,3.7183831013457707,6.177861241082862,-0.018213617070975484,4.124803018881614,-3.7688531622699966,0.22478206423864966,-3.961169073158683
29.019999999994795,0.3036973495979296,3.973514018363713,4.18491119738722,3.7223061100167802,6.182003301884984,-0.019283288656940224,4.124035323012441,-3.773174317299255,0.2203501524607246,-3.960446678673486
29.039999999994784,0.29984748407068085,3.9745148634830034,4.185840827917134,3.726287845728577,6.186150622752351,-0.01990284814174332,4.123701332645057,-3.777450653271526,0.21598708765786717,-3.9601396956626447
29.059999999994773,0.2958292893365338,3.975039580450755,4.186295438264616,3.7304065329195373,6.190373790261554,-0.020043317934488897,4.123843822513638,-3.7817446795237135,0.21163643877793561,-3.960302039117045
29.07999999999476,0.2916064485212903,3.9751127627774836,4.1862933607375705,3.7346954359040514,6.194702611746217,-0.019715326836464583,4.124459313168838,-3.786082610018166,0.20727578265512248,-3.960935739833988
29.09999999999475,0.2871714289543201,3.9747840271259136,4.185882339094063,3.739160915874901,6.199145111038634,-0.01896462281426255,4.125504137154463,-3.7904739345321814,0.20289680050223932,-3.961999041544243
29.11999999999474,0.2825337608696774,3.974115285978606,4.185125149656668,3.7437943869107677,6.203698121864368,-0.017854759001547548,4.126914754809222,-3.794920663913208,0.19849604814830954,-3.9634289978292405
29.13999999999473,0.27772035693199343,3.9731654649998696,4.184083003611316,3.748570940859971,6.2083434814035385,-0.016449761337157334,4.128625474956528,-3.7994113376132264,0.19408189272345153,-3.9651597234799496
29.159999999994717,0.27278126935426295,3.9719886453922033,4.182813145224619,3.753443249929516,6.213041203150766,-0.01481177943810107,4.13057066796128,-3.8039134614374563,0.18968274350431685,-3.9671248530736127
29.179999999994706,0.26779249884422296,3.9706511195055283,4.181385678082173,3.7583397973363413,6.217729513849973,-0.013017750382160147,4.13266841477452,-3.8083750658648023,0.1853451503429274,-3.9692414804865126
29.199999999994695,0.2628424486687965,3.969246169109839,4.17989782185094,3.7631790319995404,6.222340223592863,-0.01117235824271994,4.1348087283412855,-3.8127410080415887,0.1811174131520853,-3.971398553067294
29.219999999994684,0.25800889670979543,3.9678874657295244,4.178467126948245,3.7678910941541344,6.22681876002064,-0.00940001235609398,4.136862396161421,-3.816971436497575,0.17703205273458075,-3.9734653102881197
29.239999999994673,0.25334590575115495,3.96668700568987,4.177211263787636,3.772430080732006,6.2311349389934625,-0.007825584007449336,4.138698453549175,-3.821051858871154,0.17309621435248562,-3.975308884245695
29.259999999994662,0.2488549487952238,3.9657603372626826,4.176252278916908,3.776806366401966,6.235317775829349,-0.006574699413052917,4.1401892866236345,-3.825028053776233,0.1692560642201701,-3.9768015190365227
29.27999999999465,0.24447019294529548,3.965209183635951,4.175691532367343,3.7810945374215446,6.239455022356419,-0.005744116664039571,4.141247113797482,-3.828997388082821,0.16540660102444932,-3.977851798901617
29.29999999999464,0.2401184686360893,3.965106285251949,4.175591071470378,3.7853744691199855,6.243636098203868,-0.005383160666910256,4.141830818110544,-3.833057927391125,0.16144709195973636,-3.9784199567075498
29.31999999999463,0.23576186619124156,3.965480370686909,4.175971314777596,3.7896888676254883,6.2479096806353285,-0.005501478568907294,4.1419404975144705,-3.8372641520189372,0.15731940141265116,-3.9785118587985964
29.339999999994617,0.23138761928212323,3.9663089272469576,4.1768065459414965,3.7940531576809766,6.252292357708034,-0.006069401554069242,4.141609817405867,-3.8416342934901233,0.1530020743046819,-3.97816467380832
29.359999999994606,0.22699001754840584,3.9675367637659993,4.178040489796874,3.798473160509053,6.256786668789288,-0.007029781315505447,4.140896361369718,-3.8461683113861063,0.14849383449950046,-3.977436236644763
29.379999999994595,0.22257065762918463,3.969097865992272,4.179606953444083,3.8029452515483912,6.261383157483934,-0.00831718406908556,4.139864113976958,-3.850851790640857,0.14380935101489142,-3.9763892393753175
29.399999999994584,0.21814769658226396,3.9709273617786036,4.181441463437199,3.807448045646527,6.266053755980302,-0.009869553916250884,4.13857207696218,-3.8556509863493003,0.13898347649646545,-3.975080781652965
29.419999999994573,0.2137602923190484,3.972953232815814,4.183472681609943,3.811938108644867,6.270746978882942,-0.011619612833257914,4.137082902606998,-3.8605074784916917,0.1340768301456441,-3.973571449266642
29.439999999994562,0.2094590792797805,3.975079106334644,4.185604971029018,3.8163591703819053,6.275395583427074,-0.013476677507341722,4.13548167674864,-3.86534426048629,0.12917038841541126,-3.971944366278167
29.45999999999455,0.20528665687770364,3.977181970095546,4.187716284759738,3.8206620805988685,6.27993681799195,-0.015323430317708176,4.1338802300183195,-3.8700862498913353,0.12434456460089688,-3.9703095235398598
29.47999999999454,0.20126596014535036,3.9791288494258823,4.189675775887617,3.824817332577076,6.284327138313063,-0.017033708824114875,4.132399185367286,-3.874677336656769,0.11966064010198504,-3.968784721603863
29.49999999999453,0.19737852595226446,3.9807876126221267,4.191351195090669,3.82883695376674,6.288561524084399,-0.018482117775901332,4.131158045306478,-3.879097299373061,0.11514678846538183,-3.9674837324358654
29.519999999994518,0.19354032055230394,3.982043632572993,4.192631850128098,3.8327962395191877,6.292703584840976,-0.019551788992150442,4.130273166000201,-3.88339598796068,0.11076150026014397,-3.966517844689798
29.539999999994507,0.18964108639587948,3.9828304799194227,4.1934528958363115,3.83680177521481,6.296850905673911,-0.02017134814410174,4.129823050264375,-3.887661664114551,0.10642202768721122,-3.965970534874749
29.559999999994496,0.18560005688802486,3.983132634780013,4.193795373992905,3.8409312986420563,6.301074073157386,-0.020311817620524614,4.129848757772836,-3.891957976850186,0.10206905019357461,-3.965892521437793
29.579999999994484,0.18137961320277077,3.982972648867739,4.193676705851237,3.8452185601608293,6.305402894613732,-0.019983826210005096,4.130346097765416,-3.8963110358210433,0.09768006675444572,-3.9662845945741934
29.599999999994473,0.17696949583175026,3.9823996474980055,4.193144444593546,3.8496712164823754,6.30984539385729,-0.019233121873084777,4.131271160955398,-3.9007291401842608,0.093249075821432,-3.967104602552884
29.619999999994462,0.17237580356475152,3.981475974760806,4.192261576741983,3.854282391379633,6.3143984045942005,-0.018123257741748965,4.132560376499502,-3.9052125727177005,0.0887761125062222,-3.968289504810914
29.63999999999445,0.1676221559698513,3.9802619518095432,4.19108996797442,3.8590288498834227,6.319043763988554,-0.016718259758118047,4.134148389037149,-3.9097480913029736,0.084273167397974,-3.969773978324209
29.65999999999444,0.16275554425854802,3.9788143397814397,4.189688127984592,3.863864837836769,6.3237414855265195,-0.015080277548040907,4.135970476501966,-3.914301429638016,0.07977226916537182,-3.9714933266906565
29.67999999999443,0.1578481946588266,3.9772035244361033,4.188128078598635,3.868720770614527,6.328429795955464,-0.013286248201145323,4.137946162852191,-3.9188184105000023,0.07532447224427752,-3.973367339180246
29.699999999994418,0.1529832275189442,3.975527524309507,4.186509220477976,3.873517770145885,6.333040505382477,-0.011440855800931826,4.139967000681573,-3.923240921520386,0.0709841318264136,-3.975287798023504
29.719999999994407,0.1482320286943785,3.973904130204739,4.184950959696689,3.878189198037723,6.337519041469144,-0.009668509690335466,4.141904908563551,-3.9275256134421404,0.06679093569872938,-3.977125936776912
29.739999999994396,0.14364239754066332,3.972448151454653,4.183572171037033,3.88269236700468,6.341835220102723,-0.008094081173196249,4.143629364172653,-3.9316544391067265,0.06275935108815223,-3.9787494843862885
29.759999999994385,0.1392094277490843,3.971275041521344,4.182494573929233,3.88704096568164,6.34601805664277,-0.006843196488058375,4.145011556324785,-3.9356696911644447,0.05884267695068513,-3.9800279086108747
29.779999999994374,0.13486177269564986,3.970482735271672,4.181817463373382,3.8913123081919943,6.3501553029295055,-0.006012613699148793,4.145961088952694,-3.9396663143536754,0.05494111704826217,-3.9808641379530405
29.799999999994363,0.13052235982024138,3.9701398240869223,4.181600692401457,3.8955879270719502,6.3543363786088225,-0.005651657712404988,4.1464341944672976,-3.943741220292795,0.05095628683987676,-3.9812129065118933
29.81999999999435,0.12615175170983028,3.9702729005379886,4.181863511069768,3.899911067730171,6.358609960950007,-0.005769975667510838,4.146429489801387,-3.9479488718154543,0.0468298155754196,-3.9810768632389775
29.83999999999434,0.12173844396088673,3.9708587816734204,4.182579793216984,3.904296450121238,6.362992638010847,-0.006337898743624532,4.145980132313955,-3.9523084088716454,0.042538229570528815,-3.980491936041087
29.85999999999433,0.11727978089422278,3.9718420452909284,4.183693126224788,3.908748363505003,6.367486949155582,-0.007298278630345828,4.145143685414511,-3.956821356423919,0.038077062766077065,-3.9795158012564937
29.879999999994318,0.11278100001487071,3.9731568658679626,4.185137440183702,3.9132613852388194,6.372083437982004,-0.008585681540837999,4.1439845018939385,-3.961475044103035,0.03345750189507902,-3.978211864980079
29.899999999994307,0.10826381097472332,3.9747394722074456,4.1868488668128165,3.9178123853925477,6.3767540366674025,-0.010138051574382585,4.142562479015211,-3.966237343382198,0.028711195206747697,-3.9766390633393143
29.919999999994296,0.10377128666509038,3.976520116868639,4.18875727503468,3.9223560065630196,6.3814472598009555,-0.011888110704037972,4.140941834018082,-3.9710515589664883,0.0238953258482758,-3.974861235332633
29.939999999994285,0.09935930312558006,3.9784053684531524,4.190768592920794,3.926833399540212,6.3860958645993335,-0.013745175610828888,4.139209714677964,-3.975843025700157,0.019086159325308542,-3.9729658473980036
29.959999999994274,0.09507718383404745,3.9802747532437794,4.192762154748933,3.9311921144484177,6.39063709942413,-0.015591928664302155,4.137479951382885,-3.980539728895505,0.014357916078071556,-3.971067160747641
29.979999999994263,0.09095516767897614,3.98199676500605,4.194607964072692,3.935399098475555,6.395027419998924,-0.017302207414950428,4.13587464784052,-3.985088858270261,0.009765282781058546,-3.9692861785125606
29.99999999999425,0.08698211195460961,3.983438454440411,4.1961734934564445,3.939462779530211,6.399261805987951,-0.01875061663870728,4.134513812108639,-3.9894734484314194,0.0053301110711470555,-3.9677380541551353
30.01999999999424,0.08308043721415931,3.9844807313610415,4.1973460447421855,3.9434554159914885,6.40340386692629,-0.01982028812182067,4.1335124021944525,-3.9937464939015697,0.0010048128791255721,-3.9665316158011064
30.03999999999423,0.07914372015843359,3.985051182592652,4.198057899282041,3.9474817910626148,6.407551187896826,-0.020439847538417395,4.132946492550152,-3.9979983577954794,-0.003297840490086705,-3.965745645903669
30.05999999999422,0.075092173821318,3.985129854437871,4.19828799260936,3.9516190984501507,6.411774355470201,-0.0205803172904985,4.132855397412497,-4.002293781802838,-0.007639878332948059,-3.9654275117309425
30.079999999994207,0.07088699208972248,3.9847371880743774,4.198052822060133,3.9559015496429293,6.416103176976585,-0.02025232617361782,4.133234217794543,-4.006658752034391,-0.012043811033309001,-3.9655767604514027
30.099999999994196,0.06651521988455784,3.9839216677290223,4.197399715102949,3.9603380912419857,6.42054567624561,-0.01950162215112892,4.134038835030325,-4.011100370969579,-0.016513304705679868,-3.9661509733554245
30.119999999994185,0.06197950595519861,3.9827458790628416,4.1963918219103284,3.9649235618257337,6.4250986870019675,-0.018391758354734524,4.135205694086656,-4.015617193186168,-0.021044845160975923,-3.9670872079019466
30.139999999994174,0.05730010477134256,3.9812713548462133,4.195091616923691,3.969636416804569,6.429744046427622,-0.01698676072266215,4.136669823744295,-4.020194204849932,-0.025622854980485346,-3.9683209023923394
30.159999999994163,0.05252080330210737,3.979557363128245,4.193558832005823,3.9744325094891293,6.4344417680226735,-0.015348778872301717,4.1383674573823015,-4.024795392919601,-0.03021178377581984,-3.9697892266990276
30.179999999994152,0.04770983313767493,3.9776781685232288,4.191867353970701,3.979244238840677,6.439130078540908,-0.013554749881258472,4.140219621499557,-4.0293644125139005,-0.03475622813799107,-3.971414910044917
30.19999999999414,0.04294477834676498,3.975736227548176,4.190118690984936,3.98399545807761,6.44374078808689,-0.011709357820548614,4.142119488543377,-4.033840224657928,-0.039195943212710985,-3.9730928994681163
30.21999999999413,0.038290415168727984,3.9738530912315815,4.188434016507779,3.988622799402283,6.448219324313641,-0.009937012022157864,4.143940202868322,-4.038176014281427,-0.04348419510815836,-3.9746968151610043
30.23999999999412,0.03378813383757986,3.972146031947032,4.1869333218053955,3.99308682282769,6.452535503095217,-0.008362583776789835,4.14555178101006,-4.0423501926985885,-0.047599238624038816,-3.9760953861327457
30.259999999994108,0.02942666370605828,3.9707300564134282,4.185737909196319,3.997404520772925,6.456718339770004,-0.007111699311964239,4.1468243097037005,-4.0464015352355025,-0.05158049954914615,-3.977155701692459
30.279999999994097,0.02512936191512024,3.9696990126461937,4.184944935246395,4.001655878045885,6.460855586166282,-0.006281116695604326,4.147664845282187,-4.050422494147897,-0.05552226463688724,-3.9777753305990573
30.299999999994085,0.02081548784619922,3.96911713389001,4.184612014467896,4.005924024110247,6.465036661921598,-0.005920160843406982,4.148027001831002,-4.054508755431784,-0.05952027026363434,-3.9779036461275723
30.319999999994074,0.01644419656102202,3.969008795655854,4.184757214213924,4.010252711689842,6.4693102442992005,-0.006038478906379897,4.147907916231386,-4.058714724185255,-0.06363294440112587,-3.9775400717116582
30.339999999994063,0.012005280646048173,3.969350215404244,4.185354017831099,4.014655945072715,6.473692921349991,-0.006606402070146635,4.147340213265948,-4.06306043463335,-0.06788570778747148,-3.976719184979575
30.359999999994052,0.007499147195161043,3.9700859088373623,4.186345916951503,4.019136478388821,6.4781872324314,-0.007566782027768367,4.146381393608173,-4.0675489759861,-0.07228620279128047,-3.9754983278769083
30.37999999999404,0.0029346586104452327,3.9711504398138264,4.187667013495544,4.023687094929424,6.482783721137042,-0.008854184993537535,4.145096130700722,-4.0721694319371835,-0.07682675907364679,-3.973941427251192
30.39999999999403,-0.0016629890424527437,3.9724813324767134,4.189254091558177,4.02828293709581,6.487454319644522,-0.010406555065187147,4.143545173069238,-4.076891314101393,-0.08147902927955361,-3.972109076064334
30.41999999999402,-0.0062469391930911585,3.9740113228612426,4.191038278991301,4.032876757785876,6.4921475425499455,-0.012156614212736637,4.141794255455985,-4.081659693854036,-0.08618944067797833,-3.970068171939662
30.439999999994008,-0.01075624453013334,3.975650205742093,4.192927138411065,4.0374071722653335,6.496796147084157,-0.014013679115535123,4.139932523161844,-4.086402302719227,-0.0908866712708178,-3.9679102570713147
30.459999999993997,-0.01513500786409082,3.9772804131581543,4.194801474508799,4.041818469835903,6.50133738162646,-0.0158604321447389,4.138075722180895,-4.0910502470688295,-0.09550291981094455,-3.9657535147126732
30.479999999993986,-0.019345778627529647,3.978772308175914,4.196532237402675,4.046074076042057,6.5057277019155135,-0.017570710852546762,4.136347346708295,-4.095554055482613,-0.0999902611209204,-3.963721781698326
30.499999999993975,-0.023392345132855076,3.979992529170442,4.197986719550962,4.050178812995898,6.509962087650023,-0.019019119985241115,4.134867821654828,-4.099900031244644,-0.10433323220242377,-3.9619312419738617
30.519999999993964,-0.02734559606473631,3.9808178858794676,4.199050300110886,4.054201848799076,6.5141041483738,-0.02008879135477605,4.133750621942103,-4.104144274409829,-0.1085853548561982,-3.9604879314653747
30.539999999993952,-0.031307796074385816,3.9811702020379016,4.199652436989818,4.058246087058785,6.518251469181869,-0.020708350636266665,4.13306933744631,-4.108379182756175,-0.1128380728323171,-3.9594656984402747
30.55999999999394,-0.035357509285992225,3.9810251509537213,4.199769975047746,4.062388120318038,6.522474636651245,-0.02084882022741323,4.132861507902149,-4.1126705427752634,-0.11715593505226034,-3.9589084145897497
30.57999999999393,-0.03953461080412284,3.9804010009584085,4.1994184755086605,4.066662595879667,6.52680345810905,-0.02052082892282964,4.133121529709286,-4.117044197781069,-0.12156139257127979,-3.9588143854245934
30.59999999999392,-0.043854711781951675,3.9793454473986882,4.19864500514309,4.071079743594032,6.531245957376253,-0.01977012468610453,4.133805107425102,-4.121506048268856,-0.12605576481592604,-3.9591410545487475
30.619999999993908,-0.04831862157775699,3.9779211267316716,4.19751283109529,4.0756361206332,6.5357989681654844,-0.018660260650437868,4.134848748791876,-4.1260529216230415,-0.130632069149805,-3.9598257692929533
30.639999999993897,-0.05290951255415121,3.976190595780721,4.1960849903956445,4.080311888686947,6.540444327645285,-0.017255262757118098,4.136187914735809,-4.130668043330979,-0.1352711887313167,-3.9608049260592306
30.659999999993886,-0.057586935451963035,3.9742154488483368,4.194422392936198,4.085064541143999,6.5451420493026085,-0.015617280629050692,4.137759841182044,-4.135313680180469,-0.13993415975700252,-3.9620177524742197
30.679999999993875,-0.06228686130179518,3.9720736030341017,4.192600735923963,4.089828510507619,6.549830359880306,-0.013823251352156419,4.139487115498266,-4.139931361247662,-0.14456139869507773,-3.963390153195585
30.699999999993864,-0.066937478809536,3.9698716405321908,4.190723560023426,4.094530437569668,6.554441069476113,-0.011977859007540392,4.141264608896543,-4.1444571660625735,-0.1490869546728102,-3.9648205602310407
30.719999999993853,-0.07148081880845429,3.967734502087821,4.188913716535955,4.099110271976172,6.558919605741028,-0.010205512937533804,4.142966785228952,-4.148840848361604,-0.15345719018168483,-3.9661853655814885
30.73999999999384,-0.07588202635801586,3.9657815656496385,4.187292224543986,4.103531850205939,6.563235784548871,-0.008631084438115836,4.144464295914107,-4.153057293931176,-0.1576431483926407,-3.9673546983960932
30.75999999999383,-0.08015870209902105,3.9641270406345788,4.185979879615287,4.1078154559286855,6.567418621238909,-0.00738019973683951,4.145626221597594,-4.157141732176694,-0.1616768597450295,-3.9681936746379085
30.77999999999382,-0.08439255151016507,3.9628604021393254,4.185071628071808,4.112043685538794,6.571555867647462,-0.006549616914551907,4.146357139743035,-4.161184054526892,-0.1656468141324651,-3.9685948155832795
30.79999999999381,-0.08866773715770203,3.9620413294701273,4.184622803302941,4.116301203997961,6.575736943412221,-0.006188660874178308,4.146608080421539,-4.165278650662353,-0.16964580797444145,-3.9685022880279193
30.819999999993797,-0.09302638700226727,3.9616919067716165,4.184650276587331,4.120632239016726,6.5800105258008,-0.006306978756500178,4.146374702616339,-4.16947982776547,-0.1737321483980721,-3.967912291686538
30.839999999993786,-0.09747738035407791,3.961787824407702,4.185127160369656,4.125050068877152,6.584393202873013,-0.0068749017416787775,4.14568907444399,-4.1738084995657365,-0.17793312575040693,-3.9668579485398627
30.859999999993775,-0.1020172485882062,3.96227370511098,4.185996892294182,4.129555910555699,6.588887513997501,-0.007835281520447383,4.144608591354654,-4.178269317275172,-0.18225953545719115,-3.965396091364476
30.879999999993764,-0.10663353142022326,3.9630847015831026,4.187193794816304,4.134140758620232,6.593484002778196,-0.0091226843073775,4.143198199643469,-4.182853126749042,-0.18670724698793334,-3.963590972897606
30.899999999993753,-0.11129762317222931,3.9641598237463676,4.188655351133913,4.138778046177938,6.598154601399623,-0.010675054203724634,4.141519454186641,-4.187531102293556,-0.19125130030533152,-3.961504658218286
30.919999999993742,-0.11595902641959634,3.9654344961465906,4.190313998939081,4.143418671339897,6.6028478244587765,-0.012425113185729805,4.139639558620277,-4.192250122542794,-0.19584189637763308,-3.959206899627821
30.93999999999373,-0.12055190835343343,3.9668220146954205,4.192079003719704,4.14799875919679,6.607496429179751,-0.01428217793913109,4.137649589858982,-4.196940369073271,-0.20041287405930994,-3.9567930360117134
30.95999999999372,-0.12501396845214754,3.96820807555803,4.19383272868065,4.1524593793766185,6.6120376639297325,-0.016128930839341787,4.1356671239407605,-4.2015361201734445,-0.20490305788240895,-3.954384812409725
30.97999999999371,-0.12930065862083584,3.9694653062610246,4.19544716588879,4.156760462787816,6.61642798443499,-0.017839209442424366,4.133816954261844,-4.205991279791276,-0.2092714301742711,-3.9521085218776437
30.999999999993697,-0.1334084012290578,3.9704603393567646,4.196789525747835,4.160903222186856,6.620662370367579,-0.019287618516920766,4.1322198335487235,-4.210295429899567,-0.21350896358423313,-3.950081024663749
31.019999999993686,-0.1374011780964503,3.9710662600315025,4.197743349510146,4.164953684174861,6.624804431259503,-0.020357289861988693,4.130987669725265,-4.214507734518696,-0.21767495034170586,-3.9484052412199406
31.039999999993675,-0.1413767834975895,3.971199367231216,4.198235323785578,4.169012796672496,6.6289517521949115,-0.02097684914948901,4.130191513701728,-4.218722557752622,-0.22186477044727573,-3.9471498605364554
31.059999999993664,-0.145412319239607,3.9708310354215937,4.198240219863956,4.173156494464407,6.633174919744588,-0.021117318774114553,4.129867102993276,-4.2230066822715315,-0.2261452957040179,-3.9463551250397164
31.079999999993653,-0.14954860787597418,3.9699773044017053,4.197772651347724,4.1774198350769405,6.637503741234546,-0.0207893275271099,4.130008133547961,-4.227385789512235,-0.23053884944286301,-3.9460181037751556
31.099999999993642,-0.15380386905300034,3.968684935252854,4.196879389519039,4.181814324065461,6.6419462404872585,-0.020038623369875636,4.1305701658984315,-4.231864573650477,-0.23504440042224972,-3.94609623239726
31.11999999999363,-0.15818236777469888,3.9670164242993837,4.195623771731237,4.186338239757154,6.6464992512192635,-0.018928759433782322,4.1314898175017145,-4.236438137253116,-0.2396515188886251,-3.946527339100788
31.13999999999362,-0.16267075453515517,3.965035161730794,4.194069351009879,4.190973464801436,6.6511446106053,-0.017523761658584193,4.1327030291433715,-4.241087957563417,-0.24433760689996337,-3.9472489722808892
31.15999999999361,-0.16723204108740714,3.9628048803487053,4.192278170250966,4.1956791641003655,6.655842332140765,-0.015885779665382405,4.134148085700658,-4.245774609127722,-0.24906040606054766,-3.9482026025869246
31.179999999993598,-0.17180659625968844,3.9604069122269485,4.190327681094409,4.200391852177999,6.660530642578971,-0.01409175053689083,4.135749192650659,-4.250437538237994,-0.25375633438952655,-3.9493175360009887
31.199999999993587,-0.17632860042946522,3.9579516403478046,4.188323380158169,4.205041011633158,6.6651413520285345,-0.012246358348925769,4.137402997704211,-4.2550099902098495,-0.2583539360677274,-3.9504959991419497
31.219999999993576,-0.1807470682039269,3.9555670143234343,4.186389705766307,4.209569953945399,6.669619888148875,-0.010474012437163904,4.138985377032221,-4.259438324746264,-0.2627928334891793,-3.951617532647952
31.239999999993564,-0.18503378617928437,3.9533741537844627,4.184648615354117,4.21394581879071,6.673936066822904,-0.008899584099213386,4.140367712592305,-4.2636939206582305,-0.26703694645541826,-3.952554061749335
31.259999999993553,-0.189212631337093,3.951486122708467,4.183220308447536,4.2181921661056645,6.678118903402785,-0.007648699569913394,4.141418175737458,-4.2678084353741585,-0.2711108124168197,-3.9531691402617355
31.279999999993542,-0.19337012271841383,3.949987750535918,4.182197450952606,4.222394142818544,6.682256149721947,-0.00681811691024957,4.142038935494723,-4.2718691331830865,-0.275096854761161,-3.95335056947595
31.29999999999353,-0.19759358828961068,3.9489339807236887,4.181633054250192,4.226637886803503,6.6864372254234326,-0.006457161033861562,4.142178474112523,-4.275969037650051,-0.279084647047887,-3.9530374798937733
31.31999999999352,-0.20192631061614674,3.948344538736283,4.181542781084438,4.230968068054749,6.690710807772999,-0.0065754790877763335,4.141830975872348,-4.280162317856528,-0.2831321977738409,-3.952222859076179
31.33999999999351,-0.20637581383559953,3.9481946619437402,4.1818993928765815,4.235397229017197,6.69509348482303,-0.007143402255214667,4.141027928511821,-4.284470751531149,-0.2872685836501964,-3.950938272379309
31.359999999993498,-0.21093557836143473,3.948429248911703,4.182646315092213,4.239925048595728,6.699587795931594,-0.008103782227744378,4.139826579828192,-4.2889005484031655,-0.29150772019445065,-3.9492398701660343
31.379999999993487,-0.21558958400540099,3.9489842388533893,4.183718139265084,4.2445407392742505,6.704184284691508,-0.009391185218810173,4.138292100965455,-4.293444323213863,-0.29584902922325756,-3.9471920352115184
31.399999999993476,-0.22030590267190173,3.9498003133800736,4.185053093898217,4.249216044490906,6.708854883277763,-0.010943555325952327,4.136486807665949,-4.298074934235497,-0.3002710140625239,-3.94485811554488
31.419999999993465,-0.22503055000974345,3.950815782385794,4.1865849764505585,4.253900043860931,6.713548106281554,-0.012693614519052683,4.13447932281299,-4.302741106612045,-0.30472780116566595,-3.942310505561335
31.439999999993454,-0.2296930083884687,3.951947707209282,4.188224822334648,4.258526419522435,6.718196710926632,-0.014550679476358484,4.132362587648021,-4.307375523591151,-0.30915859193683964,-3.9396480502637687
31.459999999993443,-0.23422476386506885,3.9530853965625012,4.189856640208585,4.263033065006378,6.722737945584735,-0.01639743256647894,4.130255921375647,-4.311915683990201,-0.3135090232160283,-3.936995685403215
31.47999999999343,-0.23857430661474477,3.9541041306884885,4.191353558693335,4.267376446222448,6.727128265988792,-0.018107711339137036,4.128285324379432,-4.31631890123693,-0.3177451099238323,-3.934481775313257
31.49999999999342,-0.242730703974289,3.9548709428545967,4.1925828042989135,4.271554165684953,6.7313626518238285,-0.019556120552613465,4.12657178798347,-4.320578043764216,-0.32186428796584954,-3.9322235003686834
31.51999999999341,-0.24675083588416558,3.955255580546359,4.193426166412825,4.27562905975776,6.735504712631943,-0.02062579200620122,4.125225570426708,-4.324755295899031,-0.32593143937629054,-3.930320351858404
31.539999999993398,-0.25072772814952704,3.9551690730571103,4.193807614533579,4.2797000460852574,6.739652033503864,-0.02124535137548505,4.124315131123294,-4.328946918360425,-0.33004558972025444,-3.9288356500873447
31.559999999993387,-0.25473678523576493,3.9545785832685336,4.19369986504211,4.283842345563273,6.743875201014533,-0.021385821062068773,4.123874378918632,-4.333220640647287,-0.3342757298474524,-3.927805885499285
31.579999999993376,-0.2588196527073195,3.953497873556553,4.193116573128958,4.28809140002436,6.74820402249348,-0.021057829862359653,4.123896313945675,-4.337601963340076,-0.3386439873110443,-3.927226899576841
31.599999999993365,-0.26299710316415764,3.9519726282003615,4.192104180022648,4.292459982220922,6.75264652176692,-0.02030712574054831,4.124336385545839,-4.342094370828468,-0.3431469833406436,-3.9270562497513017
31.619999999993354,-0.2672768442529383,3.9500650128900023,4.190726046473014,4.296948092903185,6.757199532554141,-0.019197261829473455,4.125131367729937,-4.346691244481271,-0.34777087285053565,-3.927232434580734
31.639999999993343,-0.27164904528845046,3.9478390579549036,4.189046194527454,4.30153934906425,6.761844892030468,-0.01779226406892029,4.126217728486495,-4.351372326980193,-0.35248964566509056,-3.927694344810995
31.65999999999333,-0.2760802917805101,3.9453604404257714,4.187127754228841,4.306194617291096,6.766542613688668,-0.016154282078751917,4.127534847259736,-4.356096529750668,-0.3572578775786558,-3.928385872520538
31.67999999999332,-0.28051553211953417,3.94271365943537,4.18504987440625,4.3108525410371,6.771230924275234,-0.014360252940470514,4.129008603656457,-4.360801261022778,-0.36200818192611967,-3.9292399405018776
31.69999999999331,-0.2848951389830501,3.940012562286607,4.182919929662731,4.315445496811736,6.775841633888665,-0.012514860730305648,4.130537498268702,-4.365416981193408,-0.36666381569782674,-3.9301628680073826
31.7199999999933,-0.2891752661639938,3.937387717444938,4.1808638533795905,4.319920199813468,6.78032017017838,-0.010742514786017204,4.13199891131547,-4.3698866955383355,-0.3711578451839913,-3.9310377114794632
31.739999999993287,-0.29333442779415725,3.9349616170278114,4.179004451209778,4.324247117189528,6.7846363490152015,-0.00916808639950899,4.133265050325613,-4.374178297032922,-0.37544717676534656,-3.9317385825837077
31.759999999993276,-0.2974027044099803,3.9328458349321465,4.1774612377940405,4.3284530677002175,6.788819185733334,-0.007917201795781564,4.134203274778233,-4.378319847710477,-0.3795487800567366,-3.9321278888747604
31.779999999993265,-0.3014711648839621,3.931120296362465,4.176324530123158,4.3326256858636345,6.79295643216475,-0.007086619053987135,4.134713417686245,-4.382395920056006,-0.38353876056143116,-3.932089053815692
31.799999999993254,-0.3056300363899764,3.9298350414454877,4.175644978382946,4.336852518800634,6.797137507945183,-0.006725663081826902,4.134741451540326,-4.386498102787473,-0.38750319597173155,-3.931556357148513
31.819999999993243,-0.30992362416718444,3.9290073768368865,4.175437025204257,4.341178645783462,6.801411090339998,-0.006843981024716997,4.134280090209782,-4.3906803868865865,-0.39149961937985045,-3.9305195956521546
31.839999999993232,-0.3143580742492939,3.9286121623935495,4.175673101116508,4.345615864164669,6.805793767405656,-0.0074119040653909595,4.133360217777416,-4.394965398023364,-0.39555880527805043,-3.92900868183802
31.85999999999322,-0.3189238359654636,3.9285947404741974,4.176296661222264,4.350162315032083,6.81028807850701,-0.008372283895841454,4.132038892074717,-4.399360899892476,-0.39969774690821497,-3.927078912495678
31.87999999999321,-0.3236013780604597,3.92889203207416,4.1772426144806465,4.354805436775952,6.8148845672449925,-0.009659686730845595,4.130381460922769,-4.403861281615969,-0.4039194202443009,-3.924794604179741
31.8999999999932,-0.3283555473475094,3.92944657130948,4.178449980362367,4.359515304064871,6.8195551658028375,-0.011212056670605697,4.12845095486096,-4.40844110552547,-0.4082058575429265,-3.9222201947538715
31.919999999993188,-0.3331290371056854,3.9301997414689276,4.1798539650352415,4.3642392156635,6.82424838877896,-0.01296211568943286,4.126317365278638,-4.413050981197233,-0.4125152506023587,-3.9194305000031666
31.939999999993177,-0.33784685983429963,3.931072622135485,4.181367439604797,4.368908459775006,6.8288969934020605,-0.01481918047141732,4.1240754290212,-4.4176261433152275,-0.4167923487091853,-3.9165275697093938
31.959999999993165,-0.3424344970106815,3.9319584719807983,4.182876143926562,4.373457799730645,6.833438228045809,-0.016665933391503723,4.1218461202387315,-4.422107357416309,-0.4209897667056787,-3.913639149467854
31.979999999993154,-0.3468336340890812,3.93273560413902,4.1842544369612655,4.377840268607538,6.837828548442401,-0.018376212005385317,4.119756553143908,-4.426455377942984,-0.42508065567136094,-3.9108952835757975
31.999999999993143,-0.35102601669385863,3.9332718579025627,4.185369659469543,4.382049860433988,6.84206293427711,-0.019824621070364843,4.117927868202549,-4.430666365038142,-0.4290689225433931,-3.908413115308627
32.01999999999317,-0.3550612494958066,3.9334340400987657,4.186101936355783,4.386146174869985,6.84620499508629,-0.020894292394058146,4.116468592463047,-4.434805477346279,-0.4330248413430821,-3.906288403509243
32.03999999999319,-0.35902730626552504,3.9331281815699874,4.186372576200143,4.390226026160183,6.850352315959037,-0.021513851649195358,4.115444543261209,-4.43897080103348,-0.43705078132358777,-3.904578906814168
32.05999999999322,-0.36299766427804764,3.9323173337064707,4.186152260629733,4.394363865709242,6.854575483468842,-0.021654321230069936,4.114887775738968,-4.443230962351206,-0.4412176420675518,-3.903317252495749
32.07999999999324,-0.36701466516403775,3.9310129395083764,4.1854536763211785,4.398595493454763,6.858904304941233,-0.021326329928374063,4.114790599406531,-4.4476112621577055,-0.4455472878845346,-3.902498067176859
32.099999999993265,-0.37110157115740583,3.9292594671966383,4.184322900118956,4.402934939899351,6.863346804196381,-0.020575625705994086,4.1151083853531345,-4.452113972459627,-0.45003400275236727,-3.9020791594566893
32.11999999999329,-0.37526950905279016,3.927118562332761,4.182823269336018,4.407383928210603,6.867899814947276,-0.019465761695007213,4.115778110881244,-4.456730758299313,-0.45466056843483993,-3.901999885737469
32.139999999993314,-0.3795121969521739,3.9246547002084893,4.181019227722023,4.4119278218322915,6.872545174364326,-0.018060763836177354,4.1167368181396755,-4.4614396427562255,-0.459397641795088,-3.9022006653923844
32.15999999999334,-0.3837998959780424,3.921935301886663,4.178974945808722,4.416529217963796,6.877242895938234,-0.01642278175223523,4.117925025936794,-4.466197904504064,-0.4641967712838091,-3.9026279829492356
32.17999999999336,-0.3880823018947336,3.9190477759879014,4.176771211116495,4.421128934348208,6.881931206417716,-0.014628752528447298,4.119270342780214,-4.470940959992735,-0.46898697098695286,-3.9032185824609136
32.19999999999339,-0.3923061614403081,3.916109087104316,4.1745171968703225,4.425662291404211,6.886541915907666,-0.012783360244003018,4.120673197154001,-4.475596536134683,-0.47368644468028087,-3.903883161358194
32.21999999999341,-0.3964349012495017,3.9132520245528317,4.1723402384251145,4.430079447450064,6.891020452065374,-0.011011014238281588,4.122012563951946,-4.480104325944805,-0.4782219066296055,-3.904508648347871
32.23999999999344,-0.40045382848647293,3.9106000795551394,4.170363898883023,4.434354218950583,6.895336630771899,-0.009436585809786666,4.1231615707380636,-4.484428760320448,-0.48254338119873147,-3.904971725276658
32.25999999999346,-0.40439913555776763,3.9082629958270583,4.168706919668614,4.438516663701807,6.899519467377055,-0.008185701191925326,4.123986863159748,-4.488594285195821,-0.4866602185112776,-3.905134072855614
32.279999999993485,-0.4083661635756829,3.906315550709902,4.167457202107838,4.442656839054216,6.903656713716704,-0.0073551184525929144,4.124386012162304,-4.492682718878798,-0.49064197432101336,-3.9048750919399353
32.29999999999351,-0.41244776389024096,3.9048027284669864,4.1666629977517085,4.446863636670268,6.907837789432865,-0.006994162500364765,4.1243025204316295,-4.496784147534805,-0.4945709680554395,-3.9041244118560745
32.319999999993534,-0.41668912936012964,3.9037393641905567,4.166337518438829,4.4511825117744115,6.912111371792667,-0.007112480478673973,4.1237276368304965,-4.5009523441181045,-0.49850408200220675,-3.902868669719694
32.33999999999356,-0.4210950091776588,3.903100016856777,4.1664528841821085,4.455624507897616,6.916494048852022,-0.007680403568876502,4.12269161896974,-4.505210765496737,-0.5024736946016459,-3.9011360340300616
32.35999999999358,-0.4256528506967742,3.9028306392254173,4.166952621513379,4.460186229673741,6.920988359973672,-0.008640783461838207,4.12125129254588,-4.509568723572797,-0.5064998249932269,-3.8989807794532516
32.37999999999361,-0.43033967112721216,3.9028693263517327,4.16777200492556,4.464853350672206,6.925584848755012,-0.009928186371290863,4.119472133759415,-4.514022385975416,-0.5105889942071627,-3.8964669602787594
32.39999999999363,-0.435117199342138,3.9031606400237737,4.168850889925696,4.469594298898813,6.930255447374513,-0.011480556396321746,4.11741784136428,-4.5185480378745675,-0.5147268181696407,-3.8936599077952376
32.41999999999366,-0.439924980931306,3.903649215599366,4.170125939275105,4.474354631209832,6.934948670424721,-0.013230615509505064,4.115159723534065,-4.5230982097603984,-0.5188756814342086,-3.8906366311427445
32.43999999999368,-0.44468378710013984,3.904260391469302,4.171511924163053,4.4790632926524205,6.9395972751279045,-0.015087680392042486,4.112794242713294,-4.527610735600343,-0.5229860495612841,-3.8875020738411266
32.459999999993705,-0.4493133218944371,3.9048917016320766,4.172896400085421,4.4836519645726804,6.944138509852095,-0.016934433414869852,4.110443938605238,-4.5320296914163425,-0.5270176598217191,-3.884386401967886
32.47999999999373,-0.4537486438035132,3.9054248630371213,4.174155049197738,4.488070281930245,6.94852883032605,-0.018644712129854277,4.108236945320649,-4.536319301667174,-0.5309508812946667,-3.8814209434124574
32.499999999993754,-0.4579642323852201,3.905728923851617,4.175155424543822,4.492308634720755,6.952763216226077,-0.02009312130244226,4.106294462946161,-4.540479021024486,-0.5347960800332958,-3.8787224473002775
32.51999999999378,-0.46200226583684567,3.905668156246074,4.175776075162447,4.496423341836305,6.956905277089561,-0.021162792728945744,4.104723207122521,-4.544576934278067,-0.5386287078193166,-3.8763826481348187
32.5399999999938,-0.46594539773332855,3.9051438790502964,4.175935706884265,4.500509042562782,6.96105259800342,-0.021782352083462606,4.103586304445939,-4.548712880544481,-0.5425541655512452,-3.874453566804562
32.55999999999383,-0.4698649541869962,3.9041151447912905,4.175602988257622,4.504639363794168,6.965275765540326,-0.021922821765537386,4.102913932646309,-4.552956332118103,-0.5466450454463907,-3.8729638679322886
32.57999999999385,-0.4738038438306953,3.9025910422140737,4.174789628072745,4.508850437122973,6.969604587028868,-0.02159483056977995,4.1026977162850775,-4.55733237145683,-0.5509228819512269,-3.871906979643066
32.59999999999388,-0.47778774762630993,3.900614687933454,4.173541304736006,4.513157540442676,6.9740470862948625,-0.020844126459324843,4.102892981179512,-4.561842056532274,-0.5553796392483316,-3.8712410902992986
32.6199999999939,-0.4818311776015316,3.898247019473852,4.171921285310052,4.51756411807466,6.978600097057964,-0.019734262566298365,4.103436954502624,-4.566475342248945,-0.5599947784691365,-3.870906598992746
32.639999999993925,-0.4859314197952462,3.895552760554611,4.169994387612994,4.522057290739182,6.9832454564948065,-0.01832926483012516,4.104267299100613,-4.57120854835166,-0.5647357129872628,-3.870845635337361
32.65999999999395,-0.49006250159291814,3.892600870756144,4.167825775230507,4.526601413896549,6.987943178100627,-0.016691282870496253,4.1053257171220014,-4.575997352353248,-0.569551111615993,-3.871007439448205
32.679999999993974,-0.49417901946892273,3.8894814017461545,4.1654978146557005,4.531139523319067,6.9926314886256815,-0.01489725376841321,4.106541599500064,-4.580775226657654,-0.5743666055684725,-3.8713327694779585
32.699999999994,-0.4982342565456847,3.886314078873175,4.163121397037547,4.535609931130592,6.99724219817298,-0.013051861598803553,4.107817376225615,-4.585467218094032,-0.579095594713389,-3.871736973273886
32.71999999999402,-0.5021990237794043,3.8832335075365507,4.160825165584766,4.539966275595454,7.001720734395863,-0.011279515697479673,4.109033706336087,-4.590009751964781,-0.5836586646479205,-3.8721111964955055
32.73999999999405,-0.5060654661497298,3.880363801635043,4.1587333495148755,4.544185741833904,7.006036913169635,-0.009705087357848441,4.110064731215627,-4.594363823354296,-0.5879991100168018,-3.8723350670847165
32.75999999999407,-0.5098757776043733,3.8778125401810026,4.156963829264565,4.548301604434042,7.010219749835025,-0.008454202808536074,4.11077648125391,-4.598550243991834,-0.5921186328908677,-3.8722699605471687
32.7799999999941,-0.513729280870699,3.8756491247151796,4.155602025521726,4.552406277000425,7.014356996223632,-0.007623620120518498,4.111064341081012,-4.602648017459002,-0.5960800271796178,-3.8717916228138556
32.79999999999412,-0.5177211684441437,3.87391334651799,4.154693755545567,4.556589930029996,7.018538071973865,-0.007262664205143043,4.110869385319296,-4.606745660780026,-0.5999616031174195,-3.87082524728669
32.819999999994145,-0.5218973830471754,3.8726175238991756,4.154250990624227,4.560898361103834,7.022811654350733,-0.007380982209585265,4.1101814042723825,-4.610896689139197,-0.6038194188020564,-3.8693543521315537
32.83999999999417,-0.5262612625558747,3.8717359925043513,4.154245560864661,4.5653418517714535,7.027194331408181,-0.007948905317380501,4.109030006703568,-4.615125373265885,-0.6076873579273974,-3.8674052759589084
32.859999999994194,-0.5307972906137772,3.871215480241933,4.1546211059713976,4.569915472725593,7.0316886425072775,-0.008909285220629793,4.1074717441682465,-4.61944256638782,-0.6115884045118792,-3.8650311058654934
32.87999999999422,-0.5354791029538597,3.8709954449265487,4.155313313813258,4.574603143308453,7.036285131244793,-0.010196688133587109,4.105572172849481,-4.623846217477717,-0.615532604772753,-3.8622954386227546
32.89999999999424,-0.5402654271697716,3.8710226450058145,4.1562629203893255,4.579371668205108,7.040955729800123,-0.011749058155071473,4.103395612634458,-4.6283143520814365,-0.6195092021657793,-3.8592642997992987
32.91999999999427,-0.545092845441944,3.8712451366702005,4.157408091870315,4.584164902612359,7.045648952768924,-0.013499117257050563,4.101014635774303,-4.632801456706093,-0.6234848886821057,-3.856016657144742
32.93999999999429,-0.5498781291900756,3.8715927447035026,4.158665562527148,4.588909500950163,7.050297557378837,-0.015356182120730043,4.098527359008791,-4.6372480105757585,-0.6274159971769254,-3.8526600280134247
32.95999999999432,-0.5545354497890397,3.871967590770274,4.1599247866116285,4.593534113085286,7.0548387920042,-0.017202935118231594,4.096057797009756,-4.64160144155838,-0.6312695101081124,-3.849326602169328
32.97999999999434,-0.5589934367194279,3.872255156188208,4.161062861365496,4.59798501309259,7.059229112378894,-0.01891321380260594,4.093735009066292,-4.6458294705905665,-0.6350330744130028,-3.8461485907577497
32.999999999994365,-0.5632193812638797,3.8723260971727034,4.161947650031777,4.6022489940299725,7.063463498191139,-0.020361622928976638,4.091680165297629,-4.649934847316813,-0.6387234836994343,-3.8432419928629895
33.01999999999439,-0.5672479065814405,3.8720425649586456,4.162456215523956,4.606379052425952,7.067605558980757,-0.021431294303352753,4.089998091068917,-4.653988532383525,-0.6424211375699141,-3.840694239028016
33.039999999994414,-0.5711560941063322,3.8713014671624753,4.162504721003524,4.610467582665836,7.071752879838686,-0.022050853599890428,4.0887491755843515,-4.658092044074722,-0.646234147300826,-3.838551453826603
33.05999999999444,-0.575012901369146,3.8700579822641825,4.16205984509869,4.614587332703746,7.0759760473396565,-0.022191323215923132,4.08796169685825,-4.662315649370034,-0.6502365764518205,-3.836838251860253
33.07999999999446,-0.5788616732079686,3.8683188170490217,4.161132310059127,4.618774739070603,7.0803048688107975,-0.021863331945267576,4.08762660069538,-4.666684193769134,-0.6544495639378575,-3.8355468827947354
33.09999999999449,-0.5827304310291688,3.8661256050972903,4.1597673620906965,4.623046315747764,7.084747368074346,-0.021112627750910523,4.087699200662493,-4.671197520403965,-0.6588627786110429,-3.8346360422128996
33.11999999999451,-0.5866370278554089,3.8635383901464038,4.158028151243562,4.627407225654444,7.089300378845162,-0.02000276376541891,4.088117020200417,-4.675843881441392,-0.6634524235458901,-3.834047353577279
33.13999999999454,-0.5905823259332907,3.86062194705275,4.1559798214976915,4.631846356298032,7.093945738294765,-0.018597765929370184,4.088818388924326,-4.6805979107708495,-0.6681827679276819,-3.833724833143811
33.15999999999456,-0.594544198080186,3.8574465637125597,4.153688481333206,4.636329847739437,7.098643459913651,-0.016959783864643054,4.089746235402907,-4.685413717484903,-0.6729997573761726,-3.8336206313328822
33.179999999994585,-0.5984822798802826,3.8541046603460285,4.1512380153434405,4.640802995882229,7.103331770448528,-0.015165754655482136,4.090831785168775,-4.690222879102845,-0.677825866909864,-3.8336797009604884
33.19999999999461,-0.6023565332449352,3.8507183581115796,4.148740950645724,4.645207150153975,7.107942480000688,-0.013320362380589267,4.091979541818066,-4.694947817770169,-0.6825699564661662,-3.833822298304305
33.219999999994634,-0.60614524242858,3.8474236681863774,4.146327143224941,4.649499463038926,7.112421016223555,-0.011548016379505142,4.0930719367220165,-4.699521738074586,-0.6871467250562222,-3.8339441177622113
33.23999999999466,-0.6098474141729383,3.8443449488222123,4.144121396599504,4.653660505184497,7.116737194993385,-0.009973587948114506,4.093984218090443,-4.703902228132486,-0.691492910474805,-3.833928100263028
33.25999999999468,-0.6135111153557417,3.841587286405595,4.142240643095407,4.657726743390378,7.120920031652765,-0.008722703315894463,4.094581900061891,-4.7081064501105025,-0.695602561584426,-3.833635738642936
33.27999999999471,-0.6172393475664563,3.8392144951260088,4.140767759625785,4.661792879218953,7.125057278036449,-0.007892120557147882,4.094758258277687,-4.712210534481655,-0.6995315190656379,-3.832939502653293
33.29999999999473,-0.621129354280011,3.837261051986575,4.139746095285645,4.665950295358532,7.1292383537835295,-0.007531164578905816,4.094451982859774,-4.716301363715078,-0.7033538452657722,-3.8317603778043954
33.31999999999476,-0.6252276880392714,3.835736720964013,4.139186371957384,4.670245097898759,7.133511936160695,-0.0076494825246197036,4.0936514131127675,-4.720432155681733,-0.7071246032292171,-3.8300788135653763
33.33999999999478,-0.6295362652293003,3.8346156926027013,4.13906015065919,4.674686798811001,7.137894613224906,-0.008217405575803288,4.092385487075707,-4.72462797704558,-0.7108790786340018,-3.827919238380276
33.359999999994805,-0.6340366530801799,3.833845632343473,4.139311225923205,4.679268938493165,7.142388924340886,-0.009177785423642061,4.090710440367364,-4.728901214350171,-0.71464315033082,-3.8253333899574598
33.37999999999483,-0.6386991862115351,3.833367545305128,4.139875746527717,4.683973693947648,7.146985413108603,-0.01046518828238187,4.088691860698884,-4.733251599436493,-0.718430359109447,-3.8223842136915804
33.399999999994854,-0.6434797167435607,3.8331305488861642,4.140695372767948,4.6887662710737805,7.15165601170937,-0.012017558251944928,4.086394641546072,-4.737658914470721,-0.7222336087437918,-3.8191382281655337
33.41999999999488,-0.6483120567565797,3.8330862784454856,4.141709819928904,4.693588864902794,7.156349234738559,-0.013767617306269974,4.083892565591305,-4.742079635609895,-0.7260240001806012,-3.815676119022433
33.4399999999949,-0.6531092315803932,3.833169259068769,4.142837846908803,4.698365893430713,7.160997839420843,-0.015624682128476139,4.081285331345089,-4.746456931309552,-0.7297638666514337,-3.812107649716141
33.45999999999493,-0.6577801415400075,3.8332864984400774,4.143970888422922,4.70302302777122,7.165539074125823,-0.01747143509175216,4.0786983367868395,-4.750741620116292,-0.7334275364141779,-3.808566630764519
33.47999999999495,-0.6622472046575295,3.8333275913219946,4.144987547640148,4.707503220815527,7.169929394582764,-0.01918171375009919,4.076261470995005,-4.7549049432808435,-0.737009971892351,-3.8051857535717253
33.49999999999498,-0.6664706236418498,3.833165196240821,4.1457560956533825,4.711789678446751,7.174163780469808,-0.02063012286712363,4.074095784558694,-4.758952943345209,-0.7405343430119906,-3.802079913597056
33.519999999995,-0.6704773610701653,3.832659763694809,4.146152200144777,4.715932035625254,7.17830584132281,-0.02169979424330049,4.072304135078922,-4.762959404324223,-0.7440857520606134,-3.7993319709130318
33.539999999995025,-0.6743386912745646,3.831704104335769,4.146089543577588,4.720020373533668,7.182453162228739,-0.0223193535518025,4.070944129734124,-4.767027448619188,-0.747774691125619,-3.7969820131903744
33.55999999999505,-0.6781209930087352,3.830249659221488,4.1455328392842,4.724126507422698,7.1866763297600995,-0.022459823189450556,4.070042125930611,-4.77122808596198,-0.7516764693587724,-3.7950505299892643
33.579999999995074,-0.6818679151938182,3.828300732733212,4.1444918150453764,4.728287151837666,7.191005151243943,-0.02213183194919178,4.069588397413586,-4.775585906540754,-0.7558117657266256,-3.7935286161441684
33.5999999999951,-0.6856097342675677,3.8258973485084553,4.143011251422456,4.7325200446489095,7.195447650503583,-0.021381127793383976,4.069538278530423,-4.780099538776241,-0.7601679852614467,-3.7923756003626568
33.61999999999512,-0.6893675898298632,3.8230984734713256,4.141154134776381,4.736832063564398,7.200000661255894,-0.020271263853968654,4.069829635169638,-4.784755540795105,-0.7647181455391522,-3.7915345084208916
33.63999999999515,-0.6931459177084927,3.819968736167221,4.138985887097763,4.7412138710989975,7.204646020675148,-0.01886626607086083,4.070401509300093,-4.789526879395887,-0.7694234804932835,-3.7909514138669294
33.65999999999517,-0.6969265036023328,3.8165795385548056,4.136573512895433,4.745633416947249,7.209343742255211,-0.017228284065014397,4.071198098098328,-4.794366129186515,-0.7742273773411394,-3.7905815232852533
33.679999999995196,-0.700674145245109,3.8130253876890747,4.134002352856544,4.750038297582047,7.214032052746543,-0.015434254919144061,4.0721525125373415,-4.799203023390137,-0.7790493912392185,-3.7903741519587046
33.69999999999522,-0.704355605381193,3.809430428286014,4.1313864868887284,4.7543729430872395,7.218642762254002,-0.013588862709704445,4.073171400413653,-4.8039574168207855,-0.78379412002305,-3.7902547076839643
33.719999999995245,-0.7079567077563133,3.8059316627088773,4.128856887766608,4.758598051836381,7.223121298433528,-0.011816516773586831,4.074139052343281,-4.8085593427285005,-0.7883706361412831,-3.7901237515589643
33.73999999999527,-0.7114833239004914,3.802653314491376,4.126538841058044,4.762697594363189,7.227437477163928,-0.010242088406730337,4.074931915588891,-4.812963013605773,-0.7927093133754873,-3.789867894345771
33.759999999995294,-0.7149892471017643,3.7996976570680916,4.124548244546804,4.766711202725181,7.231620313791338,-0.008991203840648257,4.075415087452852,-4.817181929363217,-0.7967965655169449,-3.7893491684272265
33.77999999999532,-0.7185808438403118,3.797122722758937,4.122965370116568,4.77073579644368,7.235757560149093,-0.008160621143098208,4.075479813434934,-4.821289291128736,-0.8006811098154226,-3.788437156072061
33.79999999999534,-0.7223571121516739,3.794957569198476,4.1218310666633,4.7748639028525055,7.239938635877765,-0.007799665225080911,4.075062444471165,-4.825370282586461,-0.8044325349590241,-3.7870488757521277
33.81999999999537,-0.7263650724968195,3.7932093762692953,4.12115479874371,4.779141902467637,7.244212218243187,-0.007917983232573185,4.074149877481578,-4.82947778494273,-0.8081047410751282,-3.7851617678305827
33.83999999999539,-0.7306052139274765,3.7918522680881503,4.120907879310256,4.783578530646309,7.248594895299567,-0.008485906348359775,4.072770358389513,-4.8336376422513325,-0.8117343082465026,-3.7827982761214045
33.859999999995416,-0.7350562434462395,3.790835007155713,4.121034299267626,4.788165802259931,7.253089206407816,-0.009446286264036388,4.070979765311151,-4.837863765199465,-0.8153499312515345,-3.7800086312401255
33.87999999999544,-0.7396852849848516,3.790100325724101,4.121470715498441,4.792884165139044,7.2576856951640085,-0.010733689193512346,4.06884366900989,-4.842157668680187,-0.8189686041607488,-3.7768549353400362
33.899999999995465,-0.7444454497616302,3.789599855243375,4.122159755713141,4.797697252110868,7.262356293746255,-0.012286059235402269,4.066427488591559,-4.8465009064139855,-0.8225869126874014,-3.773403997266126
33.91999999999549,-0.7492679815117571,3.7892889576656974,4.12304272886556,4.802545640766086,7.267049516748242,-0.01403611836139153,4.063806162644455,-4.850851976376066,-0.826180454825797,-3.769737974620857
33.939999999995514,-0.7540624245934309,3.7891070579588266,4.124040478524345,4.807351568545803,7.271698121395065,-0.01589318325201621,4.0610808977694,-4.8551567782680864,-0.8297176790149761,-3.7659685423849436
33.95999999999554,-0.7587326859746099,3.788966333285378,4.125046500108102,4.812037782756646,7.2762393560585155,-0.01773993627823688,4.058378382574609,-4.85936955768314,-0.8331803375895042,-3.7622307239499797
33.97999999999556,-0.7631952087068705,3.7887608283900724,4.125940992436832,4.816543957278996,7.2806296764706655,-0.019450214991987153,4.055829239928721,-4.863465097459951,-0.8365707238386906,-3.7586572865081305
33.99999999999559,-0.767403228238008,3.7883655922755444,4.126592731823804,4.820849723237573,7.284864062315327,-0.02089862415230382,4.053554311426602,-4.867452728602844,-0.8399183134186636,-3.7553616716706033
34.01999999999561,-0.7713759643803267,3.787639800073101,4.126876082597631,4.82500131736243,7.289006123132072,-0.021968295560679686,4.051654410887138,-4.871409003989382,-0.8433126519394618,-3.75242191646552
34.039999999995636,-0.7751786671061437,3.786472492204108,4.126702310320481,4.829086441061246,7.2931534440105406,-0.02258785489157907,4.050184320877633,-4.875438573930898,-0.8468662755133219,-3.749871949449891
34.05999999999566,-0.7788749340551185,3.7848115203227284,4.126034189115591,4.833175923798668,7.297376611524876,-0.02272832454398557,4.049168458701956,-4.879613138427602,-0.8506555093210568,-3.747728072668966
34.079999999995685,-0.7825085851795838,3.7826587732864305,4.124880445108969,4.837306730995271,7.3017054330031925,-0.02240033331254808,4.048596433226647,-4.883957014178788,-0.854700509338731,-3.7459802532615
34.09999999999571,-0.7861120596588507,3.7800525427901013,4.1232853601208,4.841497811297586,7.306147932269739,-0.02164962916057237,4.048423632588841,-4.88846761590591,-0.8589864551645916,-3.7445885770293623
34.119999999995734,-0.7897097192310493,3.7770505392014626,4.12131171026883,4.845757752116253,7.310700943041862,-0.020539765220550354,4.048588311046792,-4.893129817627653,-0.8634832611171208,-3.743497645728655
34.13999999999576,-0.7933095597826918,3.773717047754144,4.119025147199897,4.850078997871866,7.315346302493523,-0.019134767432522595,4.049030267977417,-4.897914939027129,-0.8681492440357094,-3.742655754577857
34.15999999999578,-0.7968973354139994,3.7701243668219537,4.116493521927935,4.854431331577438,7.320044024117204,-0.017496785417234546,4.04969501041041,-4.9027740552719,-0.8729254052895186,-3.7420213028663967
34.17999999999581,-0.8004431133110443,3.7663688022186403,4.11380356815878,4.85876468900261,7.324732334660664,-0.01570275625730742,4.050517584198281,-4.907635107211483,-0.8777286253678066,-3.741548122842931
34.19999999999583,-0.8039205583645891,3.7625761438002137,4.111070834274904,4.863026621955187,7.329343044225098,-0.013857364029715612,4.051406850334523,-4.912415441549557,-0.8824595307892773,-3.741167001194888
34.219999999995856,-0.807323077023649,3.7588839675057106,4.108427313040111,4.867181403742914,7.333821580463012,-0.012085018072440695,4.052249044198964,-4.917041971898348,-0.8870218445881604,-3.7407836688266407
34.23999999999588,-0.8106633877089532,3.755415983492703,4.105998679473525,4.871216416629941,7.338137759249142,-0.010510589679703235,4.052921903415213,-4.921465568963797,-0.8913397887546369,-3.740288751952251
34.259999999995905,-0.8140008461449995,3.7522713404939494,4.10389971115525,4.875174428629466,7.342320595923617,-0.009259705079710525,4.053290208152138,-4.925696060417013,-0.8953921834049775,-3.739545243047488
34.27999999999593,-0.8174448594746654,3.7495021120647287,4.102208015606176,4.879154505583056,7.346457842319582,-0.00842912234680959,4.053243254199622,-4.929803663883954,-0.8992204738287709,-3.7384202345033457
34.299999999995954,-0.8210958785277674,3.747131847896392,4.100961911328304,4.88325025108118,7.35063891807516,-0.008068166389523054,4.052715100347544,-4.93387180131155,-0.9028895629454405,-3.7368270306926874
34.31999999999598,-0.8250012483561016,3.745165121890657,4.100169598555164,4.887508285789125,7.354912500456214,-0.008186484352900232,4.051691210812454,-4.937952978170213,-0.9064520236840363,-3.734740131634457
34.339999999996,-0.8291600291885429,3.743576070610944,4.099802163375279,4.891936561999065,7.35929517751866,-0.008754407419355298,4.050199118522658,-4.9420737968164845,-0.9099456190465347,-3.7321799280942347
34.35999999999603,-0.8335481327070651,3.742314709799639,4.099803834462563,4.896525574964308,7.363789488626114,-0.009714787280538519,4.048294302789342,-4.946249681814203,-0.9134017722897634,-3.7291949904759316
34.37999999999605,-0.8381295723699465,3.741325673405759,4.100111823622261,4.9012540578013635,7.368385977377762,-0.011002190150817642,4.046042268960533,-4.950483930002421,-0.9168408789801296,-3.7258463883839865
34.399999999996076,-0.842854861421451,3.740563254368389,4.100669768386758,4.9060840971505915,7.373056575954748,-0.012554560129834996,4.043508913413579,-4.954759880301244,-0.9202632171900854,-3.722201017267565
34.4199999999961,-0.8476528848355406,3.7399866772996972,4.101420614762153,4.910954697085943,7.377749798953224,-0.01430461919099888,4.04077027524468,-4.959038083185969,-0.9236489563490694,-3.718342256241256
34.439999999996125,-0.8524299817261277,3.739540451695972,4.10228734949871,4.915785971969847,7.382398403599686,-0.016161684017049524,4.037928994329952,-4.963267209591515,-0.9269727562750832,-3.714383351390601
34.45999999999615,-0.8570853586146802,3.739142191901952,4.103165607443387,4.920497802398348,7.386939638266125,-0.0180084369812373,4.035112956257717,-4.967404965969798,-0.9302238489899018,-3.7104601273917326
34.479999999996174,-0.8615297382800251,3.7386907156195406,4.103937271620299,4.92502662782536,7.391329958683903,-0.019718715637648848,4.032453421131144,-4.9714296953770125,-0.9334118516427783,-3.7067050225155445
34.4999999999962,-0.8657095314551199,3.738063843204349,4.104471720556019,4.929348519667173,7.395564344535909,-0.021167124745826785,4.030070932224678,-4.975354010369741,-0.9365724557499088,-3.703229678724276
34.51999999999622,-0.8696361565985602,3.737119903687879,4.104642108093661,4.933506282237911,7.399706405359341,-0.022236796109585753,4.028064185057636,-4.979257176091839,-0.9397993772675876,-3.700107072128722
34.53999999999625,-0.8733686404262628,3.7357445054895893,4.104357348480228,4.937585172342774,7.403853726242884,-0.02285635540230983,4.026485097102486,-4.98324529340736,-0.9432068532913629,-3.6973648687649843
34.55999999999627,-0.8769676056049688,3.733882069818354,4.103578304140296,4.941654981306887,7.408076893759955,-0.022996825020411924,4.025356127525154,-4.987390699585759,-0.9468719923761202,-3.695015133488082
34.579999999996296,-0.8804769095457182,3.731532064249501,4.102312693092052,4.945752898102384,7.412405715237284,-0.022668833756829734,4.024666228001779,-4.9917174198600875,-0.9508143660667994,-3.6930467363343227
34.59999999999632,-0.8839310552879394,3.7287309318138724,4.100604265683195,4.949899068144847,7.416848214497141,-0.021918129574012762,4.024370873437992,-4.996221657157506,-0.9550169736993496,-3.6914206418745112
34.619999999996345,-0.8873575524484798,3.725534950409439,4.098515541388267,4.9541037821992076,7.421401225254899,-0.020808265604128354,4.024408752102879,-5.000886612563232,-0.9594467180382418,-3.6900831967157934
34.63999999999637,-0.8907679325998151,3.7220078660031843,4.096112352985662,4.958361272176277,7.426046584683102,-0.01940326778748843,4.024720465277805,-5.005681979840137,-0.9640591258860418,-3.6889850753559275
34.659999999996394,-0.8941519616686737,3.7182226530033726,4.093463347844518,4.9626431767435415,7.430744306273854,-0.017765285745735007,4.02525287012,-5.010557370878152,-0.9687929926067077,-3.688087996593758
34.67999999999642,-0.8974850675359716,3.7142771224218176,4.090656588582259,4.9669018079754,7.435432616776059,-0.015971256562635244,4.025942995365947,-5.015438987421543,-0.9735627773977121,-3.687350450365437
34.69999999999644,-0.9007478975149626,3.710298325819941,4.08780900664995,4.971087878175454,7.440043326293469,-0.014125864315960756,4.026701982565119,-5.020241729168401,-0.9782654383886414,-3.686708813217676
34.71999999999647,-0.9039414608574143,3.7064239933512884,4.085053517238727,4.975169261997896,7.44452186248155,-0.012353518343987454,4.027418095945232,-5.024889444127969,-0.982799642689485,-3.686074273206907
34.73999999999649,-0.9070852841072603,3.702776944702143,4.082516091927946,4.979136762769571,7.448838041218825,-0.010779089943217504,4.027970453862179,-5.029329697541966,-0.9870836915033264,-3.6853418053956295
34.759999999996516,-0.910244104499038,3.699452901676714,4.080310303258758,4.983036252860844,7.453020877851163,-0.009528205344960329,4.028223619296885,-5.033568637590818,-0.9910888758571107,-3.6843757799773154
34.77999999999654,-0.9135300363443958,3.69649782033466,4.078511037029107,4.986968871216927,7.4571581242129055,-0.008697622619024693,4.028065020111519,-5.037673446546215,-0.994849242775866,-3.683041204534638
34.799999999996565,-0.9170446770722409,3.693929670639778,4.077154053024216,4.991029228500845,7.461339199944492,-0.008336666674629978,4.027426471696151,-5.041725722954685,-0.9984248115675616,-3.681247933614689
34.81999999999659,-0.9208355520066749,3.6917504065710203,4.076246281092831,4.995264151065715,7.46561278231231,-0.008454984656392916,4.026292016315543,-5.045777557734163,-1.001866667699965,-3.678967604629883
34.839999999996614,-0.9249002954171972,3.689934255976049,4.075758601830668,4.999680802256904,7.469995459371805,-0.009022907746378615,4.024688453557041,-5.049856291872996,-1.0052136419748348,-3.6762184931489794
34.85999999999664,-0.9292120970901449,3.6884326402018406,4.075635522903154,5.004268164730277,7.47448977048549,-0.009983287635889248,4.0226708229229144,-5.053978852402445,-1.0084997903317507,-3.6730473613168373
34.87999999999666,-0.9337319697035567,3.687192263661906,4.07581485744651,5.00900327260238,7.479086259250942,-0.011270690538898528,4.020304515931278,-5.0581503156620355,-1.0117488476518002,-3.66951406004182
34.89999999999669,-0.9384079793724028,3.686170220109043,4.076241294473218,5.01384669434472,7.483756857847344,-0.012823060554533978,4.017655857528779,-5.062355818077397,-1.014964783508669,-3.6656853674737393
34.91999999999671,-0.9431668690818892,3.6853297211069047,4.076859459209728,5.0187359055941,7.488450080868652,-0.014573119655379982,4.014801931122954,-5.06655799177397,-1.0181323992066293,-3.6616456300931417
34.939999999996736,-0.9479120581990345,3.6846205298261276,4.077594538507336,5.023588956677107,7.493098685539187,-0.01643018452292265,4.011846734009634,-5.070708316852388,-1.0212326431808532,-3.657509319905546
34.95999999999676,-0.9525383600383299,3.6839659489211782,4.078344383776713,5.028322920696574,7.497639920229218,-0.018276937528807612,4.008919254243079,-5.074767991880764,-1.0242622599644198,-3.6534126488623535
34.979999999996785,-0.9569510492417296,3.683269877474693,4.078992649545619,5.032871049659753,7.502030240669198,-0.019987216225596283,4.0061512921518565,-5.078718936140786,-1.0272381612567743,-3.6494873226240334
34.99999999999681,-0.9610898751794555,3.6824132796229327,4.079409413092774,5.037205872965222,7.506264626539495,-0.021435625375181008,4.003663003600916,-5.082577034416161,-1.0302021456433959,-3.645842843205416
35.019999999996834,-0.9649584201515533,3.6812540701396532,4.079466711534825,5.041366730872073,7.510406687378035,-0.022505296777584075,4.001550892861953,-5.0864242055289015,-1.0332518137601034,-3.6425469033545825
35.03999999999686,-0.9686093076924585,3.6796747741317986,4.079071175129381,5.045436372568291,7.514554008273016,-0.0231248561067913,3.999863973933276,-5.090367922474986,-1.0365027554670054,-3.639620822246517
35.05999999999688,-0.9721000007060915,3.6776165517790105,4.078181783531864,5.049483499658285,7.5187771757977355,-0.023265325761242007,3.9986227312351095,-5.094481106330922,-1.0400326276534497,-3.637072390758277
35.07999999999691,-0.9754742603764311,3.675076450997745,4.0768052409496125,5.053545497182144,7.523105997280085,-0.0229373345350501,3.9978154674137607,-5.098787473113029,-1.043860357781904,-3.6348894157407257
35.09999999999693,-0.9787685484312733,3.67208895506889,4.074984733921359,5.057643692438287,7.527548496544377,-0.022186630391190534,3.9973977770490685,-5.103282016769874,-1.0479668167569205,-3.6330338595136737
35.119999999996956,-0.9820134385116732,3.668708737873773,4.072782479068574,5.061790071943115,7.532101507308323,-0.02107676646190273,3.9973088277354307,-5.107946277879224,-1.0523159966860627,-3.631453977075482
35.13999999999698,-0.9852239627256677,3.6649988118014845,4.070264441641564,5.065980659363272,7.536746866746588,-0.01967176868704946,3.9974900665617223,-5.1127483466919355,-1.0568607699071038,-3.6301029725546816
35.159999999997005,-0.9883939300218673,3.6610326048532555,4.067500014623861,5.070188969983763,7.541444588352698,-0.018033786687204283,3.997889740095568,-5.117636409068266,-1.0615379123484852,-3.6289460009513244
35.17999999999703,-0.9915042038761966,3.6569091350905465,4.0645785244532435,5.074369727429008,7.546132898875813,-0.01623975754465527,3.998446906507778,-5.122534982192559,-1.0662597226611248,-3.6279463364286766
35.199999999997054,-0.9945424730142327,3.6527563285009075,4.061618199221372,5.078476840923756,7.550743608418675,-0.014394365335757166,3.999075053588818,-5.127356581650133,-1.0709198046705197,-3.6270461393414637
35.21999999999708,-0.9975173464129007,3.6487116496228493,4.058752778305698,5.082481810208201,7.555222144635047,-0.012622019397665185,3.9996645570077,-5.132022046123211,-1.0754120784347427,-3.6261623256266673
35.2399999999971,-1.0004550992170949,3.644896653291786,4.056108436736191,5.086378866463418,7.559538323401064,-0.01104759102495362,4.000096005202981,-5.136475674136214,-1.0796491733914593,-3.6251945393404386
35.25999999999713,-1.0034256528363041,3.641403342603922,4.0537974580697185,5.090216952500575,7.563721160058862,-0.009796706446954665,4.000233844076746,-5.140719929821184,-1.083594938967784,-3.6240089418313044
35.27999999999715,-1.0065434870012655,3.6382714160399625,4.051891951030608,5.094099205608426,7.567858406441297,-0.008966123735193152,3.9999637167931024,-5.14481891040983,-1.0872759201210238,-3.6224688673976635
35.299999999997176,-1.0099110360498924,3.635513209060558,4.050425090258776,5.098121173591931,7.572039482187315,-0.008605167799596726,3.9992152457328074,-5.148852330735428,-1.0907470695956025,-3.620480995537789
35.3199999999972,-1.013575860712235,3.6331280497659844,4.049402530098338,5.102329853882744,7.576313064562582,-0.008723485785979333,3.9979710629956475,-5.152871828662991,-1.0940578296800119,-3.6180141875049476
35.339999999997225,-1.0175341765104144,3.631090335846982,4.048794967176124,5.106731615586497,7.580695741622032,-0.009291408877119867,3.996257215015342,-5.156905463605502,-1.0972479806125388,-3.615084547957919
35.35999999999725,-1.021756533059007,3.629353042332845,4.048547229165468,5.111313936906739,7.585190052727868,-0.010251788764751388,3.994128260802128,-5.16097165255199,-1.1003541072085652,-3.6117368882387657
35.379999999997274,-1.0262010610981143,3.627865106557469,4.048597776497883,5.116052169937096,7.589786541477761,-0.011539191663073227,3.991649429710487,-5.165077247593084,-1.1034032113192496,-3.6080296581192846
35.3999999999973,-1.0308135379196022,3.626586553874449,4.04889239054803,5.1209053941279885,7.594457140051522,-0.013091561671222829,3.98888742623282,-5.169209193650404,-1.1064029419253392,-3.6040293148930203
35.41999999999732,-1.0355187878234926,3.6254846949377852,4.049377416692167,5.1258096028959255,7.5991503630444175,-0.01484162076174693,3.9859203211114873,-5.173332232125775,-1.1093427785423329,-3.5998209152952714
35.43999999999735,-1.0402176048286675,3.6245146997250433,4.049980297180064,5.130680843106633,7.603798967682763,-0.016698685616352217,3.982853392190503,-5.177400688156309,-1.112210016303944,-3.595519808308037
35.45999999999737,-1.0448007296742476,3.623605792990383,4.05060117548858,5.135433441666598,7.60834020233902,-0.018545438607321024,3.9798166346449775,-5.1813792811134745,-1.1150089221843966,-3.591262177944181
35.479999999997396,-1.0491682776083142,3.6226672481334012,4.051125563645048,5.139997512473778,7.612730522745344,-0.020255717287837455,3.97694229160558,-5.185253519873518,-1.117763650885838,-3.5871785957776123
35.49999999999742,-1.0532535202950057,3.621583535918876,4.051424333717738,5.144342063210933,7.616964908586113,-0.021704126416284008,3.9743500427124063,-5.189042549719278,-1.1205219806609095,-3.5833760900814258
35.519999999997445,-1.057052192956532,3.6202125899663953,4.0513685006672,5.14850294101334,7.6211069693998565,-0.02277379779625975,3.9721341296617085,-5.192830882613786,-1.1233850993342607,-3.579916863896153
35.53999999999747,-1.0606103555381805,3.6184342101578473,4.050862479771063,5.152560326291877,7.625254290276065,-0.02339335710166394,3.970340626752554,-5.196727284252178,-1.1264695971939247,-3.576815824551637
35.559999999997494,-1.0639821360213684,3.6161864749997403,4.049863398235134,5.1565817801475005,7.629477457788674,-0.023533826729917665,3.9689880285211276,-5.200805205616743,-1.1298534427443951,-3.574076465203437
35.57999999999752,-1.0672110659689085,3.6134640217483116,4.048376941500861,5.160604856052012,7.633806279264931,-0.02320583547469135,3.9680639972320333,-5.205088035970952,-1.1335548616621796,-3.5716855666900775
35.59999999999754,-1.0703354546531358,3.610299268822504,4.046445700377986,5.164652047419107,7.638248778527716,-0.02245513129882407,3.967524279962737,-5.209569563976332,-1.1375526547199166,-3.5696062050332067
35.61999999999757,-1.0733888465437056,3.6067451194299514,4.044131542649461,5.168737027653381,7.642801789292897,-0.021345267334674973,3.9673085685974043,-5.214229683337869,-1.141808013117239,-3.5677887013574257
35.63999999999759,-1.0763897284626838,3.602863660307423,4.041500517281978,5.172857615113299,7.647447148733224,-0.019940269522531303,3.967359199310417,-5.219034904370922,-1.1462712983717602,-3.5661889320687807
35.659999999997616,-1.079335971252036,3.598728549225825,4.038622711585274,5.176989221275168,7.65214487034056,-0.018302287483810346,3.9676258463294074,-5.2239320251960475,-1.1508774596876339,-3.564775594582386
35.67999999999764,-1.0822139323151982,3.594439709469053,4.035588649796404,5.181089014778549,7.656833180862946,-0.016508258302032938,3.968049642297788,-5.228843934225122,-1.155536902495799,-3.563516859230902
35.699999999997665,-1.08501837931825,3.590125551505879,4.032517769264233,5.185114135838399,7.661443890402796,-0.01466286605493502,3.9685464851835945,-5.233680827593124,-1.160140200634896,-3.5623608464752223
35.71999999999769,-1.087765494722326,3.5859228552390987,4.029544534703709,5.189039730349436,7.665922426614196,-0.012890520080986682,3.969008943116314,-5.2383605931689745,-1.1645768504679428,-3.5612304533798977
35.739999999997714,-1.0904882221823171,3.5819515401287565,4.0267952313378785,5.192863461614867,7.67023860537398,-0.011316091675844476,3.9693191628699624,-5.242824303935726,-1.1687540759966402,-3.560030298889327
35.75999999999774,-1.093261454149591,3.5782996101181848,4.024380770748852,5.196637306718125,7.6744214420255075,-0.010065207069443763,3.969341573453296,-5.247070738165182,-1.1726283952545409,-3.5586287434644364
35.77999999999776,-1.096201686817228,3.5750003850994263,4.02237043128956,5.200466325063806,7.678558688402836,-0.009234624334001153,3.9689601178523204,-5.251160860681828,-1.1762187702265834,-3.5568878646932838
35.79999999999779,-1.0994118791909293,3.572060528428097,4.020794777931368,5.204446930978112,7.6827397641453805,-0.008873668378025482,3.968102277460153,-5.255172443690502,-1.1795749195905656,-3.5547114514875973
35.81999999999781,-1.1029394824312808,3.569476744373363,4.019658185331853,5.208626258234306,7.687013346519433,-0.00899198634600322,3.9667492870539105,-5.259156633840204,-1.1827444917502068,-3.5520656838630256
35.839999999997836,-1.106779304848611,3.5672236785099627,4.018931187806367,5.21300987699107,7.691396023580922,-0.009559909419980975,3.9649264206647894,-5.2631421882330525,-1.1857680951269038,-3.54896444648009
35.85999999999786,-1.1108993456564147,3.565256002891256,4.018558973814521,5.217583770255277,7.695890334693204,-0.010520289291341137,3.9626877164858247,-5.267149000206962,-1.1886847318973568,-3.5454504632836352
35.879999999997885,-1.1152549812827912,3.563525043421124,4.0184806965681314,5.222321626315626,7.700486823454887,-0.01180769217424088,3.960098193494907,-5.27118569254131,-1.1915245885770809,-3.5415806047408314
35.89999999999791,-1.1197898654782041,3.5619938789050893,4.018643269878619,5.227181065846254,7.705157422046251,-0.013360062168146648,3.9572248864259603,-5.275241028302889,-1.1942989702367777,-3.537420804712106
35.919999999997934,-1.1244271330080875,3.5606340187316383,4.0189947989302945,5.232096647350521,7.70985064506224,-0.015110121246202236,3.954146795650802,-5.279281884226804,-1.1970020666664876,-3.533056570917175
35.93999999999796,-1.1290652549428792,3.559406176336725,4.019465035001479,5.236982476282074,7.714499249727938,-0.0169671860906484,3.9509704017483984,-5.283265464238781,-1.1996275584167517,-3.5286037777106922
35.95999999999798,-1.1335912324904467,3.5582457143119868,4.019956487442059,5.2417501966704645,7.719040484413996,-0.018813939073974977,3.9478266109345594,-5.287160034581509,-1.2021872218867125,-3.524198166057291
35.97999999999801,-1.1379003259738545,3.5570675569275716,4.020356610400179,5.246326835955837,7.723430804850883,-0.020524217749541634,3.9448480114003597,-5.290954704428985,-1.2047123811451401,-3.5199687754420235
35.99999999999803,-1.1419195327521767,3.555760033732537,4.020537166169374,5.250677903012534,7.727665190719262,-0.021972626878888155,3.9421537181045747,-5.294671865396738,-1.2072566484590639,-3.5160198341590756
36.019999999998056,-1.1456367539688017,3.5541815302431288,4.02036824290229,5.254835725345824,7.731807251556367,-0.023042298263329854,3.9398356405101187,-5.2983985601092565,-1.2099244903790232,-3.5124078659384756
36.03999999999808,-1.1490913455793954,3.552209487511856,4.019752111548227,5.258877855322439,7.735954572450264,-0.023661857576487994,3.9379368791627702,-5.302244766563944,-1.2128331422229754,-3.509141320828556
36.059999999998105,-1.152333935650127,3.5497790911213833,4.018644078550105,5.2628706636061,7.740177739974114,-0.023802327215809337,3.9364739250469807,-5.306284411361223,-1.2160606464512884,-3.506219383616781
36.07999999999813,-1.1554076934300532,3.5468825840141385,4.017048806379856,5.26685184434634,7.744506561455253,-0.02347433597478235,3.9354338091654184,-5.310540539728828,-1.2196244714062645,-3.5036278494223616
36.099999999998154,-1.1583526589621165,3.543550220928672,4.015008258637452,5.27084504044947,7.748949060717133,-0.02272363181608212,3.9347724638014108,-5.3150057396376855,-1.2235014123557082,-3.5013310205178967
36.11999999999818,-1.1612052452947257,3.539832973138549,4.0125839085385255,5.274865602104672,7.753502071476554,-0.021613767871859552,3.9344301497038394,-5.319658272787198,-1.2276499778964498,-3.499281435582685
36.1399999999982,-1.1639873376128467,3.5357918124744394,4.009841839946623,5.278913143977308,7.758147430907426,-0.020208770082128687,3.9343501347535295,-5.324463094316872,-1.2320181700426434,-3.497437777795697
36.15999999999823,-1.1667008751422299,3.5315004019521163,4.006852782692674,5.282964991911126,7.7628451525029085,-0.01857078806788157,3.934483558036435,-5.329365653937066,-1.2365393095709887,-3.4957723824031173
36.17999999999825,-1.1693377507992615,3.527059265490313,4.003708391901933,5.286980791219855,7.767533463012373,-0.016776758911964545,3.9347736701817593,-5.334287268288295,-1.241122181803136,-3.494258412932172
36.199999999998276,-1.1718998271393732,3.5225969066167058,4.00052922589874,5.290920944787545,7.77214417253935,-0.014931366691198057,3.9351388415013036,-5.339135880435877,-1.2456546641504949,-3.492850108093806
36.2199999999983,-1.1744108107797882,3.518249003664462,3.997450375346879,5.2947642630328,7.776622708738626,-0.01315902074302722,3.9354739119957434,-5.343826488128716,-1.250022166122555,-3.491476581112078
36.239999999998325,-1.176910213465534,3.5141334751785323,3.9945981423196693,5.298511843106613,7.780938887487682,-0.011584592362935573,3.9356626738906297,-5.348296982361805,-1.254126789086985,-3.490047716570713
36.25999999999835,-1.1794776704010868,3.5103340576949758,3.9920819844454227,5.302218657945678,7.785121724130728,-0.010333707781363829,3.935569639510988,-5.352542456446017,-1.257917852224358,-3.488434475315294
36.279999999998374,-1.182231339136701,3.506877590951587,3.9899682985009406,5.305991611416879,7.789258970501179,-0.009503125068440484,3.9350771374339186,-5.356620697745209,-1.2614066767455974,-3.486498098628523
36.2999999999984,-1.1852743895053819,3.503765045888384,3.9882850172000284,5.309927913104535,7.793440046238817,-0.009142169134113297,3.9341105616648497,-5.360607478347526,-1.2646375957038511,-3.484139778108123
36.31999999999842,-1.188654018457301,3.500990512990081,3.987035232282449,5.314074798284656,7.797713628609566,-0.009260487123858309,3.9326497635265647,-5.36455341587611,-1.267656318368656,-3.481323115622479
36.33999999999845,-1.1923636429162565,3.498528963001395,3.986189337532379,5.318437034050314,7.802096305668353,-0.009828410220230956,3.930719225966498,-5.3684879438609,-1.2705041575542637,-3.478059733511794
36.35999999999847,-1.196368809239549,3.496336903169114,3.985692922709411,5.322999118570156,7.806590616777188,-0.010788790114797697,3.9283724264197755,-5.372432417279093,-1.2732224139054373,-3.4743901380948374
36.379999999998496,-1.2006222755650768,3.4943681963360977,3.9854858787797016,5.327733095773965,7.8111871055333495,-0.01207619302162215,3.925674125431652,-5.376397223220729,-1.2758443665825605,-3.470369447184531
36.39999999999852,-1.205065743856966,3.492589087303274,3.98551629122854,5.332595158882227,7.8158577041160715,-0.013628563039720938,3.9226916384328465,-5.380372951200632,-1.2783849422843645,-3.4660628702321152
36.419999999998545,-1.2096208936474777,3.4909753710386564,3.98573406340393,5.337518479854819,7.820550927119851,-0.015378622141456948,3.919504837036523,-5.384328637770097,-1.2808430587886555,-3.461556105299851
36.43999999999857,-1.2141841825404058,3.4894934241897655,3.986071307533786,5.342415286221985,7.825199531770115,-0.017235687008201914,3.9162213258563847,-5.388224397279648,-1.2832188013325747,-3.456965198906561
36.459999999998594,-1.2186392166569058,3.488084944213537,3.9864329708974493,5.347194604445452,7.829740766438484,-0.019082440011740583,3.912972825393357,-5.39203206630541,-1.2855314198521997,-3.4524250351990893
36.47999999999862,-1.2228767206639972,3.4866707655787694,3.9867085329480143,5.351780429446329,7.834131086856574,-0.02079271870478195,3.9098921708998424,-5.395744362375793,-1.287819312309086,-3.4480627282310836
36.49999999999864,-1.2268176401439512,3.4851434170142856,3.9867707409910396,5.356134796785156,7.838365472707398,-0.02224112784693893,3.907097824612875,-5.399386906901451,-1.2901417615775577,-3.4439793886042023
36.51999999999867,-1.2304420790421198,3.4833621676006525,3.9864888523833284,5.3602864904516085,7.842507533529529,-0.023310799240236674,3.9046792958303005,-5.403049208844944,-1.2926061945160978,-3.4402256884370512
36.53999999999869,-1.2337825693597184,3.481202473145588,3.9857630659784107,5.364310377450585,7.846654854412093,-0.02393035855873411,3.9026766794851797,-5.4068423772230485,-1.2953301341197527,-3.4368035947322095
36.559999999998716,-1.236886084922482,3.4785968238761362,3.9845469004925675,5.3682715889514165,7.8508780219288665,-0.024070828200522382,3.9011044508168715,-5.410840759612693,-1.2983914589112169,-3.4337079863891335
36.57999999999874,-1.2397953010765466,3.475535092066447,3.982843991983722,5.372207931919543,7.8552068434074975,-0.023742836959632963,3.8999490191493664,-5.415067040170703,-1.3018068266468827,-3.4309237161054984
36.599999999998765,-1.242551866584712,3.472045276552241,3.9806956458264837,5.37614418127768,7.859649342671614,-0.022992132799054665,3.899166534542259,-5.4195126116541035,-1.3055510978189813,-3.428416421218597
36.61999999999879,-1.2451949520791814,3.468176261302238,3.9781628952332104,5.380097352652614,7.864202353437988,-0.021882268851140235,3.8986978707633426,-5.4241541198219325,-1.3095802248923007,-3.4261410026347483
36.639999999998814,-1.2477497743968247,3.4639877173865004,3.975311810120511,5.3840688572999715,7.868847712880241,-0.02047727105598935,3.898487269331938,-5.4289549905375285,-1.3138400088738815,-3.424059076249235
36.65999999999884,-1.2502223352356874,3.4595530885258743,3.9722137105630604,5.388037952188332,7.873545434490884,-0.01883928903460643,3.8984873703069094,-5.4338593654166285,-1.318262345359777,-3.4221466994689362
36.67999999999886,-1.2526100877369863,3.4549731928566296,3.968961314830953,5.391966789131039,7.878233745018247,-0.01704525986992897,3.8986435842482305,-5.438787047480099,-1.3227546775970682,-3.4203821108204906
36.69999999999889,-1.254921983668034,3.450376235260379,3.9656762131180483,5.3958190629469795,7.882844454564569,-0.01519986763909485,3.898876814145337,-5.443643794759396,-1.3272025283356346,-3.418725806755622
36.71999999999891,-1.2571891815396157,3.445896378925327,3.962494022189932,5.399577264239586,7.887322990783476,-0.013427521680056348,3.8990842495948845,-5.448341777705807,-1.3314875695207302,-3.417113332734786
36.739999999998936,-1.2594576407471127,3.4416491820414103,3.9595409676186333,5.403245923195995,7.891639169551122,-0.011853093287812946,3.899151414161065,-5.452815751230626,-1.3355070782958005,-3.415460113666434
36.75999999999896,-1.2618114965034566,3.43771385849132,3.9569249721767537,5.406882967971734,7.895822006209765,-0.010602208691726296,3.8989430036246353,-5.457057127309136,-1.3392033294685117,-3.4136401041168063
36.779999999998985,-1.2643702075470515,3.4341106860453454,3.9547095019886327,5.410597067879729,7.899959252592881,-0.009771625964262821,3.8983398191470857,-5.461120473117152,-1.3425799689635436,-3.4115141320523747
36.79999999999901,-1.2672368400550655,3.430834940267845,3.9529198368635137,5.4144861559124156,7.904140328339449,-0.009410670014374244,3.8972652224875612,-5.465079504624475,-1.3456758090768444,-3.4089810929425948
36.819999999999034,-1.2704581929012826,3.427878115872047,3.951557783336981,5.418597533937044,7.90841391071547,-0.009528987987084021,3.8956976964054175,-5.468984273020984,-1.3485344806184905,-3.4060021214547302
36.83999999999906,-1.2740263116898642,3.4252155850666224,3.9505936165437996,5.422935162459532,7.912796587776553,-0.010096911064746274,3.893660914667137,-5.472864866514962,-1.3511978748718303,-3.402586542178052
36.85999999999908,-1.2779043949441757,3.4228058228663727,3.9499733677587856,5.427482066270361,7.91729089888576,-0.011057290938910985,3.891207754422194,-5.476744085944408,-1.3537094650628865,-3.398772520329864
36.87999999999911,-1.2820427265153271,3.420605369688518,3.949637710130156,5.432208665605704,7.921887387641536,-0.012344693823795555,3.8884026699153704,-5.480634075037576,-1.3561055215602447,-3.3946132530540583
36.89999999999913,-1.286381234285989,3.4185837392222003,3.949535939188716,5.437069758613035,7.9265579862242035,-0.013897063818803729,3.885313207516942,-5.484527256716548,-1.3584045471940367,-3.3901730266157344
36.919999999999156,-1.2908403812925309,3.4167210857971515,3.9496197934750295,5.441997180104223,7.9312512092290754,-0.015647122896951585,3.8820200510425975,-5.488394850236272,-1.3606101910285715,-3.3855374681890322
36.93999999999918,-1.2953149272908133,3.4149895517638886,3.9498237963459775,5.4469013445609225,7.935899813881942,-0.01750418774042345,3.87863184960367,-5.492199909851412,-1.3627289427241427,-3.380822442719286
36.959999999999205,-1.2996854381077536,3.4133373471635005,3.950055403268201,5.451688728116757,7.940441048554315,-0.019350940721813804,3.875281040625232,-5.495917863284378,-1.364787467069927,-3.3761615663792957
36.97999999999923,-1.303838435847954,3.411691457977056,3.950206200690348,5.456280349349558,7.94483136897739,-0.02106121939459136,3.8721006082365754,-5.499545041796195,-1.3668311188685889,-3.37167964032102
36.999999999999254,-1.30768905529048,3.4099489397079963,3.9501500149861895,5.4606347985648265,7.949065754833499,-0.022509628518856795,3.8692082743921525,-5.503110277648457,-1.3689246708854863,-3.3674743492480044
37.01999999999928,-1.3112096638292834,3.4079703739801968,3.94975536935647,5.464777294957122,7.9532078156602655,-0.023579299897210224,3.866691082065512,-5.506705479976667,-1.3711781828177194,-3.3635903592112695
37.0399999999993,-1.3144258703464833,3.4056296109936177,3.948920464325128,5.4687799648311675,7.95735513654634,-0.024198859203311475,3.864586090944906,-5.510442806690514,-1.3737091071008536,-3.360023148177941
37.05999999999933,-1.3173808512413536,3.4028566514032637,3.9475970652357693,5.472706651721213,7.961578304065181,-0.02433932883436835,3.8629057498302095,-5.514396971390641,-1.3765949209321293,-3.356763304775456
37.07999999999935,-1.3201166578737116,3.3996390276861406,3.9457877790435325,5.476595247464035,7.965907125543959,-0.024011337583804745,3.8616358564150146,-5.51859028039585,-1.379851420707179,-3.353794785455705
37.099999999999376,-1.3226764207721218,3.396002397428699,3.9435332223672344,5.480471640686549,7.970349624805685,-0.023260633414298404,3.860732810947812,-5.523012937609823,-1.3834516087732587,-3.3510846673679255
37.1199999999994,-1.3251019487524276,3.391993408286184,3.940893943304477,5.484354499876281,7.9749026355665364,-0.022150769458069604,3.860138143918399,-5.52763999011179,-1.3873490157291282,-3.348590351118832
37.139999999999425,-1.3274217134374013,3.387670248678073,3.9379359489908614,5.488247031836273,7.979547994999765,-0.020745771655284292,3.859797111697475,-5.53243336152139,-1.3914874067849894,-3.3462765023232244
37.15999999999945,-1.3296457607032022,3.383105919158339,3.9347310970301903,5.4921304399925415,7.984245716597876,-0.019107789627213698,3.8596638903208427,-5.53733592664708,-1.3957974599541796,-3.344122973529152
37.179999999999474,-1.331777111679532,3.378401224765762,3.9313731003064536,5.495969410634263,7.988934027109727,-0.017313760457123593,3.8596860906258974,-5.542266034168856,-1.4001855585449783,-3.3421131445928136
37.1999999999995,-1.3338317800590107,3.3736836809402306,3.927984491011466,5.499730957351336,7.993544736638554,-0.015468368222335901,3.8597872067406427,-5.547127326746114,-1.4045352196018208,-3.3402138901177465
37.21999999999952,-1.335848281268498,3.369085526767129,3.924701311773276,5.503401263875482,7.998023272839069,-0.013696022260802356,3.859866853846553,-5.5518292124550275,-1.4087247382002592,-3.3383673842683734
37.23999999999955,-1.3378788822600687,3.3647196078355632,3.921649618364989,5.506988290083562,8.002339451588801,-0.012121593868292247,3.8598123714607664,-5.5563033583510775,-1.4126468803865408,-3.3364948500805096
37.25999999999957,-1.3400119617940331,3.36066037391398,3.9189357189341285,5.51055287653797,8.006522288232073,-0.010870709275287587,3.8594887388270243,-5.5605375014258165,-1.4162370525620762,-3.3344736200512295
37.279999999999596,-1.342367915662414,3.3569214789941815,3.91662010204346,5.514205377679233,8.010659534602707,-0.010040126552479283,3.858775317775706,-5.564582948350419,-1.4194912142556977,-3.332164533031293
37.29999999999962,-1.345049392219327,3.3534925176660257,3.914725375912679,5.5180443775232195,8.014840610340517,-0.009679170609202512,3.857593494467847,-5.568511304489436,-1.422442538696575,-3.329464496552597
37.319999999999645,-1.3481026496091773,3.3503624147974027,3.9132520605380923,5.522117209565196,8.019114192711651,-0.009797488590429827,3.8559203990064224,-5.572372017602108,-1.425132445236277,-3.3263322965548325
37.33999999999967,-1.3515183863627895,3.3475070191318723,3.9121703343758663,5.52642702479504,8.023496869771455,-0.010365411678445206,3.8537788784810076,-5.576195808332654,-1.4276032759304098,-3.3227749314565944
37.359999999999694,-1.3552575653477694,3.344886900029371,3.911426710106176,5.530955387170107,8.027991180882472,-0.011325791564696664,3.8512211706738233,-5.580006906523652,-1.4299005440668848,-3.3188281090414087
37.37999999999972,-1.3592681476732096,3.3424614079556,3.910962686909634,5.5356711150942575,8.032587669642453,-0.012613194463256382,3.84831137589069,-5.5838192035623555,-1.4320634006590893,-3.314542943631608
37.39999999999974,-1.3634884702522467,3.340203418416668,3.91072880783948,5.540527645049997,8.037258268230953,-0.014165564473305768,3.845117221518064,-5.587626961375324,-1.4341138682651489,-3.3099826023523238
37.41999999999977,-1.3678380220702417,3.3380975055976903,3.9106786822995248,5.545455525082331,8.041951491242484,-0.015915623567498684,3.841720143941427,-5.591403603191253,-1.4360603161113588,-3.305232380484899
37.43999999999979,-1.3722101858291056,3.3361216624678227,3.9107492931699914,5.550363422838397,8.04660009590211,-0.017772688427499923,3.8382297564677725,-5.5951151504751975,-1.4379156184999287,-3.300407608225468
37.459999999999816,-1.3764828511217184,3.334230769518477,3.9108506725055108,5.555155333249442,8.05114133058085,-0.019619441425280045,3.8347791155618225,-5.598740640258,-1.439713773795779,-3.2956402264866904
37.47999999999984,-1.3805386833945807,3.3323581868044525,3.910876593880057,5.559749356927556,8.055531651009703,-0.02132972011371706,3.831501255940708,-5.6022800202464,-1.4415069553954574,-3.291052343101506
37.499999999999865,-1.3842872653106983,3.3304058103995917,3.910702055991492,5.564100669531608,8.059766036870366,-0.022778129253528075,3.8285130722677247,-5.605765312242871,-1.4433652285183274,-3.286737919114278
37.51999999999989,-1.3876933119429171,3.328235959446746,3.9101949450628783,5.5682309068214,8.063908097700848,-0.02384780064607885,3.8258990768565937,-5.609290757624233,-1.4454009502167742,-3.282735478356746
37.539999999999914,-1.3907754309933014,3.3257212630688664,3.9092515385317017,5.572209401091723,8.068055418589738,-0.02446735996528135,3.82369326675656,-5.612969480294795,-1.447731144346898,-3.279034023541096
37.55999999999994,-1.393572869824221,3.3227894457215963,3.9078218840211325,5.576098661054527,8.072278586110514,-0.024607829609106544,3.8219060551234287,-5.616876504657156,-1.4504326506134153,-3.275619881705825
37.57999999999996,-1.396126927628135,3.319425738088491,3.9059075574571978,5.579936635412365,8.076607407590776,-0.024279838371438517,3.8205226385151336,-5.621033742706993,-1.4535203559014214,-3.2724761619570963
37.59999999999999,-1.3984820852287496,3.315653378297042,3.9035484566822065,5.583750307362666,8.081049906854256,-0.023529134215167884,3.8194996995928325,-5.625430216738083,-1.4569654867097102,-3.2695714816081347
37.62000000000001,-1.4006826621836987,3.3115166354971843,3.9008045999261745,5.587559984456373,8.085602917617937,-0.022419270272560073,3.818779468783233,-5.630039393596239,-1.4607192934217934,-3.266865870814744
37.640000000000036,-1.4027602981142384,3.3070720380873166,3.8977418827557,5.591370666674324,8.090248277055773,-0.021014272483634713,3.8183082577704557,-5.634821722803231,-1.46472367686857,-3.264327152616154
37.66000000000006,-1.4047290524525873,3.302391920933605,3.894432647191317,5.595165517792939,8.094945998660695,-0.019376290469296037,3.818041812438026,-5.63971885458445,-1.4689083087900385,-3.261939036115877
37.680000000000085,-1.4065975051076136,3.2975767687026916,3.8909715314648397,5.598911784677491,8.099634309181539,-0.017582261312309472,3.8179299826254143,-5.644647743629143,-1.473178797918672,-3.2596900931645236
37.70000000000011,-1.4083886828838028,3.292753018699407,3.8874819191993497,5.602579824068244,8.104245018721064,-0.015736869089540646,3.8178989101496317,-5.64950998844215,-1.477417010655353,-3.257553677495333
37.720000000000134,-1.4101483407207274,3.288050582814425,3.8841001783331497,5.606159523035287,8.108723554933288,-0.013964523138605644,3.8178507099767063,-5.654212301679666,-1.4814982361843894,-3.2554787682468413
37.74000000000016,-1.41193489380623,3.283579250059452,3.8809521016694712,5.609662265259633,8.113039733694782,-0.012390094754561395,3.8176746208482664,-5.65868331304481,-1.4853110563217817,-3.2533926267141533
37.76000000000018,-1.4138406950503264,3.279408479150753,3.8781423041559355,5.613151758737513,8.117222570348385,-0.01113921016710119,3.817236005270238,-5.662907093604586,-1.488784205950387,-3.251176337246447
37.78000000000021,-1.4159867103065555,3.275545258681709,3.875728252085028,5.616739961469047,8.121359816727416,-0.010308627447737919,3.8164128749209745,-5.66693165159268,-1.491905970516046,-3.248691173788822
37.80000000000023,-1.4184748572124877,3.2719735339856966,3.873729865377383,5.6205260356271225,8.125540892471093,-0.009947671505951368,3.8151246984664975,-5.670826428842557,-1.4947037830618461,-3.2458323701808984
37.820000000000256,-1.4213507121789677,3.2686796938445286,3.8721463771062723,5.624557311350271,8.12981447484532,-0.010065989487081255,3.81334727025407,-5.674640233135307,-1.497216725226276,-3.242556489260709
37.84000000000028,-1.4246036550165841,3.2656401371545827,3.870947891091323,5.6288361277842,8.134197151905337,-0.01063391257363703,3.811102593807702,-5.678404394845444,-1.499487460770265,-3.2388681819411507
37.860000000000305,-1.4281925319307769,3.262817647813565,3.870081440951973,5.633342601680634,8.13869146301369,-0.011594292457213278,3.808442228931103,-5.682144554912229,-1.5015634043108443,-3.23480058972548
37.88000000000033,-1.432063139914302,3.260174510243744,3.869489395140687,5.6380439726593385,8.143287951768277,-0.012881695351975248,3.8054298746121766,-5.685876342115811,-1.5034864681674605,-3.230402588305622
37.900000000000354,-1.436152412873027,3.257687044449173,3.8691235807880533,5.6428923499554156,8.147958550348969,-0.01443406535714634,3.802133389193592,-5.689595861630261,-1.5052821274988635,-3.2257360331179585
37.92000000000038,-1.440379111155992,3.2553442914913906,3.868939512449769,5.64781704618216,8.152651773350813,-0.0161841244454323,3.7986349014373744,-5.6932787603040245,-1.5069634461841905,-3.2208856275500786
37.9400000000004,-1.4446355654032135,3.253130162040258,3.8688766791073923,5.652725049659755,8.157300377999603,-0.018041189298654437,3.7950449078257407,-5.6968940519296165,-1.5085496439255466,-3.2159658154942314
37.96000000000043,-1.4487973611917455,3.251006344571334,3.868847755901893,5.6575179450781325,8.161841612667102,-0.019887942289083176,3.791496985514497,-5.700424398342752,-1.5100819490299844,-3.2111064604149435
37.98000000000045,-1.452743664970308,3.2489127763458177,3.8687487820481197,5.662110975618373,8.166231933084845,-0.021598220969886957,3.788124121476454,-5.703873363735579,-1.5116191944518973,-3.2064266046124192
38.000000000000476,-1.4563787828968824,3.2467564930497574,3.868456020962833,5.6664559354229445,8.170466318935855,-0.023046630100620007,3.7850422966812207,-5.70727613578693,-1.513236524292342,-3.2020161990551155
38.0200000000005,-1.4596598852789011,3.244401971024464,3.8678368195365835,5.67057086082746,8.174608379758254,-0.024116301483940776,3.7823334303171965,-5.710729218461995,-1.515048250475606,-3.1979075079245516
38.040000000000525,-1.462598521918085,3.241721006568738,3.866785608783523,5.674522238871885,8.178755700641025,-0.024735860793692627,3.7800284316675503,-5.714346618047867,-1.517170611567054,-3.194083092200562
38.06000000000055,-1.465229891505498,3.2386392682498504,3.8652507555276365,5.6783711972427104,8.182978868157832,-0.024876330427407747,3.77813567054881,-5.718203614295451,-1.5196795755544996,-3.1905250590133987
38.080000000000574,-1.46759441517739,3.235139729977947,3.8632328035011816,5.682155713457932,8.187307689636016,-0.02454833917875728,3.7766397533263403,-5.722321708679146,-1.5225890744319692,-3.1872157216136654
38.1000000000006,-1.469737788465508,3.231243139587059,3.860770902280643,5.68590384534003,8.19175018889874,-0.02379763501055442,3.775497677092361,-5.72668874999369,-1.5258686465546307,-3.184125333142865
38.12000000000062,-1.4717067065738074,3.2269912527803966,3.8579244958677226,5.6896375244922055,8.1963031996623,-0.022687771055092853,3.7746524149106806,-5.731276644459543,-1.5294674106866522,-3.181216675145415
38.14000000000065,-1.4735358806777472,3.222438765625136,3.854759319555402,5.693363540376484,8.200948559099945,-0.02128277325254513,3.7740513734617607,-5.736044396730235,-1.5333255803748285,-3.178460826169187
38.16000000000067,-1.4752433409095558,3.217657126808082,3.8513481463118238,5.697067029563336,8.205646280704043,-0.019644791224133082,3.7736519011855205,-5.740932475573348,-1.537372035457992,-3.1758454015315616
38.180000000000696,-1.4768431998041247,3.212746194325624,3.8477864697678115,5.700717823703188,8.210334591223091,-0.017850762053080307,3.77340612398887,-5.745856503067025,-1.5415118978149667,-3.173364199911116
38.20000000000072,-1.4783654270876379,3.2078309419402093,3.844198433782139,5.704289644597859,8.214945300759833,-0.01600536981674746,3.773242885965698,-5.750716106293022,-1.5456257432983835,-3.170997135390605
38.220000000000745,-1.479862877742135,3.2030385583490957,3.8407206308104174,5.707776090131928,8.219423836968508,-0.01423302385320406,3.7730668742132014,-5.7554153714401455,-1.5495862353464724,-3.16870014760057
38.24000000000077,-1.4813999371299678,3.198475441326651,3.837478497709531,5.711191959378289,8.223740015726065,-0.012658595457957377,3.772769308561325,-5.759879943612781,-1.5532781111723664,-3.166406757813664
38.260000000000794,-1.483072650800645,3.194205846811979,3.8345748789035565,5.714603780681499,8.227922852375974,-0.01140771086102089,3.7722160342897073,-5.764090239730372,-1.556623651375118,-3.164002164705643
38.28000000000082,-1.4850021859405718,3.1902300766970497,3.8320641759395624,5.71812503285168,8.232060098752003,-0.0105771281339662,3.7712838030855886,-5.768090934109321,-1.5596035030283733,-3.1613485001743196
38.30000000000084,-1.487289418804488,3.1865264759964465,3.8299636057146604,5.721855382925641,8.236241174493612,-0.010216172185821952,3.76989022564424,-5.771949253727232,-1.5622392753690468,-3.1583396437166944
38.32000000000087,-1.489979105143074,3.183078938895627,3.828271114945028,5.725842122702026,8.240514756866936,-0.010334490161464698,3.7680097784502586,-5.775713330313212,-1.56456759319537,-3.1549300674760485
38.34000000000089,-1.4930593384190707,3.1798644863848384,3.8269567549103116,5.730086777753331,8.244897433927534,-0.010902413243143904,3.765663605199682,-5.779415080816164,-1.5666313119271733,-3.151122060683256
38.360000000000916,-1.496486973620961,3.1768482303420025,3.8259681193177575,5.73456803232183,8.249391745038286,-0.011862793122322779,3.7629025496087687,-5.783081538321096,-1.5684796029818533,-3.1469460975390833
38.38000000000094,-1.5002058088470802,3.173995504110931,3.825248488488546,5.739251571457072,8.25398823379736,-0.013150196013137508,3.7597898622658685,-5.7867300574498355,-1.5701570122275237,-3.1424486661216613
38.400000000000965,-1.504151567234445,3.17128614437527,3.8247510092365493,5.744088212543674,8.258658832384706,-0.014702566014902732,3.7563934823137606,-5.790358589502309,-1.5716923897691146,-3.137690121630564
38.42000000000099,-1.5082425281309335,3.1687136924782333,3.82443313415,5.749006085009362,8.263352055395178,-0.01645262510049361,3.75279617018752,-5.793945022945159,-1.5731034543152946,-3.132754317367187
38.440000000001014,-1.5123702983130252,3.166268025834141,3.824236903037391,5.75391056659357,8.268000660054069,-0.018309689951863238,3.7491092238745614,-5.797461386798384,-1.5744157123798872,-3.1277544620737507
38.46000000000104,-1.5164085385827302,3.1639177576842803,3.8240776986702794,5.7587009044849005,8.272541894732472,-0.02015644294129097,3.745466642493115,-5.800893980514642,-1.5756774965373481,-3.1228179459196417
38.48000000000106,-1.5202332847165922,3.16160958558001,3.823853902744616,5.763289547078321,8.276932215161331,-0.02186672162194687,3.742001266979105,-5.804249982134706,-1.5769541199633286,-3.1180603828099827
38.50000000000109,-1.5237438580619271,3.159255968193725,3.8234431348506073,5.767624942630022,8.281166601022314,-0.023315130754533623,3.738828078885566,-5.8075677192002315,-1.5783255765817927,-3.1135674394521544
38.52000000000111,-1.5268900147145763,3.1567239521705566,3.822712300598513,5.771721514717154,8.285308661853136,-0.024384802140801545,3.7360263437271746,-5.810945886930985,-1.5799077847356668,-3.1093650220332107
38.540000000001136,-1.5296762113697493,3.1538848917769817,3.8215540626090783,5.7756428559814434,8.289455982742288,-0.025004361454524313,3.733623860175402,-5.814499289729986,-1.5818158433783058,-3.1054293029601383
38.56000000000116,-1.5321334907544644,3.150662626269423,3.8199151450699063,5.77944866790374,8.293679150263165,-0.02514483109331941,3.731626948521455,-5.81830340705606,-1.5841246172161008,-3.1017382239956137
38.580000000001185,-1.5343012727369485,3.1470379246835067,3.81779505911702,5.7831769287483334,8.29800797174318,-0.024816839850841675,3.730019636315691,-5.8223793139719175,-1.5868470408868134,-3.098273356445833
38.60000000000121,-1.5362263282677215,3.1430289813158856,3.8152321771241837,5.786856750225578,8.302450471005768,-0.024066135689869445,3.7287592668654073,-5.826713694756751,-1.589951057457861,-3.095006679953092
38.620000000001234,-1.5379575858605605,3.13867491114276,3.812285324927746,5.790511671781758,8.307003481767628,-0.02295627174262927,3.727789598021035,-5.831276915772976,-1.5933838091732637,-3.0919038408978543
38.64000000000126,-1.5395327224383792,3.134028411174858,3.809020028959857,5.794150267342737,8.311648841202475,-0.021551273949184928,3.727059170332149,-5.836026567109215,-1.597084004540076,-3.0889392614933873
38.66000000000128,-1.540973683873856,3.1291598261289058,3.8055094393470963,5.797759657259652,8.316346562803162,-0.01991329193057518,3.726526966320174,-5.840901980078907,-1.6009799482880203,-3.086104501020991
38.68000000000131,-1.542300072309857,3.1241680829428775,3.8018498345365392,5.801312280266534,8.321034873318652,-0.01811926276974165,3.7261474233454197,-5.845817506517239,-1.604976564653403,-3.0833986038902927
38.70000000000133,-1.5435487090400826,3.119176310890681,3.798166026863787,5.804785242649397,8.325645582852026,-0.016273870543684392,3.72585214037345,-5.850670876272618,-1.6089535029725222,-3.080808105761023
38.720000000001356,-1.54477938797578,3.114308587778528,3.794594732341967,5.808175857838648,8.33012411905769,-0.014501524590086285,3.7255484470828866,-5.855363619959508,-1.612781189087359,-3.078296041063236
38.74000000000138,-1.5460622683935024,3.1096675958208926,3.7912609391672825,5.811502329359831,8.334440297812721,-0.012927096204324398,3.725129624797216,-5.859818453040855,-1.6163408669541612,-3.075802393691748
38.760000000001405,-1.5474967957149923,3.105312192314372,3.7882656452248638,5.814833956731996,8.338623134460736,-0.011676211616508322,3.7244621007294323,-5.864012152761401,-1.619548599792644,-3.073216826590587
38.78000000000143,-1.549203969116494,3.101235991529502,3.785660147107074,5.818285655699391,8.342760380835228,-0.010845628897569,3.723421457668596,-5.8679860265012955,-1.6223774552942383,-3.070402749859147
38.800000000001454,-1.551283315978166,3.097411804171251,3.7834589459630035,5.821957524496024,8.346941456575731,-0.010484672957045318,3.721923509235154,-5.871805036691268,-1.6248431530185115,-3.0672530121298767
38.82000000000148,-1.5537786349657807,3.0938210789227822,3.7816587036702343,5.825896781625829,8.35121503894823,-0.010602990940191155,3.7199414329155758,-5.875516603430846,-1.626979749280958,-3.0637201336300643
38.8400000000015,-1.5566767694878767,3.0904415289131575,3.7802294411049293,5.830104137960089,8.35559771600792,-0.011170914029453338,3.717495496949989,-5.879153206650507,-1.6288301605256954,-3.0598040349314113
38.86000000000153,-1.559932714830961,3.0872407003468862,3.7791193507974854,5.8345568609861465,8.360092027117224,-0.012131293916372824,3.714635791387572,-5.882743251598155,-1.630445165083892,-3.0555324300418216
38.88000000000155,-1.5634884415140529,3.0841870811605823,3.778272666861086,5.839219106545959,8.364688515873858,-0.013418696815062761,3.711425071667507,-5.886305805908538,-1.6318718065861177,-3.050949277721716
38.900000000001576,-1.5672786578346047,3.0812640861794516,3.7776438904232634,5.844040436525579,8.369359114457447,-0.014971066824686914,3.7079313075179514,-5.889840668521047,-1.633142222142337,-3.046113248959945
38.9200000000016,-1.5712214112409684,3.078469776715597,3.7771924435522735,5.848947850288747,8.374052337462748,-0.01672112591785609,3.704237829877526,-5.893327985864362,-1.6342787312817997,-3.0411070913699847
38.940000000001625,-1.5752079150513632,3.075800027783344,3.7768629597228247,5.853845184932642,8.37870094211524,-0.018578190776238845,3.7004566559759264,-5.8967428228620085,-1.6353130495833816,-3.036042433459315
38.96000000000165,-1.5791102904011667,3.073230473062877,3.776573591879291,5.858629424614689,8.383242176786425,-0.020424943771901016,3.6967221078510883,-5.900075126712732,-1.6363004665639747,-3.0310438037880996
38.980000000001674,-1.5828018202637102,3.0707147328724913,3.7762251393069213,5.863210287656475,8.387632497207695,-0.02213522245781726,3.693166782215294,-5.903335684003036,-1.637312576534792,-3.0262230354487825
39.0000000000017,-1.5861771480655864,3.068170955715327,3.775696668225242,5.867532914531728,8.391866883061658,-0.023583631593908565,3.689904576218404,-5.9065659338133765,-1.6384339794091234,-3.0216612497545055
39.02000000000172,-1.5891787688449701,3.06546916380877,3.774854741333757,5.871608105401064,8.396008943886514,-0.024653302982301124,3.687012043113848,-5.909866689674545,-1.639781846611359,-3.0173779159267293
39.04000000000175,-1.591804032605658,3.0624806615257114,3.7735903321948836,5.875496511506108,8.400156264771146,-0.02527286229691368,3.6845138504135804,-5.91335346925217,-1.641469786638456,-3.0133428904283175
39.06000000000177,-1.5940797314858366,3.059127690965707,3.771848561738204,5.8792563639947755,8.404379432289193,-0.025413331935542446,3.682414264210597,-5.91710189592361,-1.6435713327102948,-3.009530016891467
39.080000000001796,-1.5960441639256422,3.055388874910032,3.769627908865506,5.882925613806473,8.408708253768136,-0.025085340692008753,3.680696745045284,-5.921132602761753,-1.646098382678987,-3.0059201808526943
39.10000000000182,-1.597745033726648,3.051279798658112,3.766965940386165,5.88653440502168,8.413150753031424,-0.02433463652919182,3.6793190139685215,-5.925431119371269,-1.6490173820388858,-3.002487173867578
39.120000000001845,-1.5992333535680183,3.0468368172286997,3.7639208204917347,5.890107867530585,8.417703763795673,-0.023224772579390814,3.678225655187437,-5.929966294158418,-1.6522736576338035,-2.9991996118704414
39.14000000000187,-1.600549651272899,3.042110467944779,3.760557818321526,5.893656353385087,8.42234912323443,-0.021819774782714223,3.6773663811559083,-5.934694333991846,-1.6558045997586055,-2.996035338707431
39.160000000001894,-1.6017197215587597,3.0371697771278474,3.756950407093822,5.897168976236091,8.427046844840266,-0.020181792760236898,3.6767018387941803,-5.9395534775710095,-1.6595381565740455,-2.9929898833540043
39.18000000000192,-1.6027685964250356,3.032112439107755,3.753195578910647,5.900620802271966,8.431735155361748,-0.018387763594978013,3.676188810592585,-5.944456869790969,-1.6633793444823015,-2.990067538864739
39.20000000000194,-1.603739836494049,3.0270593633463836,3.749418722333112,5.903992339183939,8.43634586490151,-0.016542371364096937,3.6757617009451176,-5.9493004188552385,-1.6672072531547053,-2.9872615035190715
39.22000000000197,-1.604699992342101,3.022131138544016,3.7457565758822153,5.907284617933903,8.440824401113584,-0.014770025405496762,3.675330550606248,-5.953983172583542,-1.6708904658037638,-2.984542019225234
39.24000000000199,-1.6057247833000166,3.017426418358532,3.7423335867120215,5.910519233045342,8.44514057987463,-0.0131955970144331,3.6747907812695897,-5.9584249739196435,-1.6743070951196781,-2.9818557154400915
39.260000000002016,-1.6069167515315217,3.01299848203478,3.7392488315190042,5.91376820399014,8.449323416527657,-0.011944712420675992,3.6740095008073825,-5.962598977597858,-1.6773672427978066,-2.979097055705484
39.28000000000204,-1.608396359371968,3.008834275686833,3.736550464025898,5.917147798509248,8.453460662906219,-0.011114129695965468,3.672861215077712,-5.966543093526643,-1.6800364792441436,-2.976131144684439
39.300000000002065,-1.6102614819466892,3.0049011585885026,3.734250258915033,5.920758472048636,8.457641738649599,-0.010753173749451828,3.6712600028499,-5.97031997157572,-1.6823245864256224,-2.9728501267632317
39.32000000000209,-1.6125548273290808,3.0011781904687505,3.7323435956921203,5.924647334917469,8.461915321023824,-0.010871491726186271,3.6691777624369126,-5.9739762851675735,-1.6842629483662621,-2.969204714979919
39.340000000002114,-1.6152620289775586,2.9976438445303066,3.730800486987716,5.928814282761029,8.466297998084366,-0.011439414808519772,3.6666338716415714,-5.977545053209547,-1.6858944117182197,-2.9651924614874434
39.36000000000214,-1.618336359660474,2.9942682002300294,3.7295697624472126,5.93323518311467,8.47079230919404,-0.012399794687974185,3.663677629822429,-5.9810560321193815,-1.6872712069453537,-2.9608382356208947
39.38000000000216,-1.6217181392035656,2.991022996152542,3.728596651193564,5.9378726891068885,8.475388797950993,-0.013687197578712732,3.66037125088448,-5.9845299884530645,-1.688442732043268,-2.9561833328255727
39.40000000000219,-1.6253412600875181,2.9878952758196338,3.7278370422973897,5.942675144405958,8.480059396535225,-0.0152395675800417,3.656782684901901,-5.987968568939194,-1.6894443131668384,-2.95128456103624
39.42000000000221,-1.6291237876696685,2.9848876264218864,3.727252357299574,5.947568472268703,8.484752619541762,-0.016989626664813698,3.6529957717234045,-5.991354192643007,-1.6903028026306053,-2.9462233099448745
39.440000000002236,-1.6329568734144324,2.9820019331476333,3.726789864264562,5.952455040226524,8.48940122419616,-0.018846691514990053,3.64912316502492,-5.994664978820863,-1.6910560284009741,-2.941109287556667
39.46000000000226,-1.6367114885918888,2.9792209243898005,3.7263705468056196,5.957229645546924,8.493942458869808,-0.020693444502916197,3.6452994104824437,-5.997894529846212,-1.6917660684009272,-2.9360637812341372
39.480000000002285,-1.6402585496319655,2.976505284608795,3.725897695119953,5.961799343207099,8.498332779293905,-0.02240372318182891,3.64165676257842,-6.001057232876696,-1.6925105798404378,-2.931194502367446
39.50000000000231,-1.6434883431890184,2.973779101638956,3.7252519114417453,5.966106006445821,8.50256716515069,-0.02385213231193034,3.6383079498748536,-6.004197607899813,-1.6933785107403336,-2.926577779602451
39.520000000002334,-1.6463362785306108,2.970915769470076,3.7242995141890836,5.9701568040228015,8.506709225977986,-0.02492180369545661,3.6353267567815752,-6.0074185122404975,-1.6944879284398102,-2.9222265858512295
39.54000000000236,-1.6487926070468009,2.9677869348727373,3.722929868450803,5.974009400949776,8.51085654686447,-0.025541363006182965,3.6327347014198996,-6.01083609144377,-1.6959506046767934,-2.918104553518804
39.56000000000238,-1.6508797886189095,2.9643134798117985,3.7210865324604288,5.977720515001374,8.515079714383637,-0.025681832641609923,3.630533992533125,-6.014526056910413,-1.6978385170415653,-2.9141815078386513
39.58000000000241,-1.6526348835173346,2.9604719459762805,3.718766954009306,5.981328041741449,8.519408535862818,-0.025353841395348273,3.628707535877497,-6.018508584473148,-1.7001624903345387,-2.9104377068433727
39.60000000000243,-1.6541063829835883,2.956275262161068,3.7160078665755765,5.9848631353402615,8.523851035125269,-0.02460313723016697,3.6272134614976674,-6.022768059757436,-1.7028875747586663,-2.9068488338912912
39.620000000002456,-1.6553472283649904,2.9517569126097247,3.712866729715188,5.988352497557767,8.528404045887447,-0.023493273278312975,3.6259972209171942,-6.02727183623824,-1.7059574484131343,-2.9033865701361785
39.64000000000248,-1.6564006748477305,2.94696512090912,3.7094085070323684,5.991808250920607,8.533049405322815,-0.02208827547990677,3.6250097356632094,-6.031974769933017,-1.7093083742285111,-2.900032248593522
39.660000000002505,-1.6572962873664638,2.9419673845788,3.7057069405309586,5.995221510426206,8.537747126923994,-0.02045029345609705,3.624213346141298,-6.036814052577207,-1.7128681634262641,-2.8967853815607376
39.68000000000253,-1.6580644514745024,2.9368598675476596,3.7018596642781745,5.998569988147094,8.542435437439776,-0.018656264289988515,3.6235672119143056,-6.041701686323875,-1.7165422141054099,-2.8936554976497173
39.700000000002554,-1.6587553343409651,2.931760890908125,3.6979925503820743,6.001837607587639,8.547046146973171,-0.016810872058768515,3.6230085912873937,-6.046531834670528,-1.7202094248339537,-2.8906424784908666
39.72000000000258,-1.6594420403471604,2.926787186674891,3.694242258803807,6.005029116479708,8.551524683178608,-0.01503852610030159,3.6224503025817074,-6.051201137260508,-1.723736936782581,-2.88772386417797
39.7400000000026,-1.6602056180698717,2.922033079232202,3.690732603672599,6.008169484384211,8.555840861933225,-0.01346409771009626,3.621789985158336,-6.055626623765918,-1.727000102915697,-2.8848530924142657
39.76000000000263,-1.6611513938450468,2.917546107366724,3.68756066726554,6.011333397495732,8.560023698580759,-0.012213213118318885,3.6208955257730184,-6.059777846254067,-1.7299033374356314,-2.8819297490351827
39.78000000000265,-1.6623989259730225,2.9133065888269605,3.6847714248441106,6.014638389615987,8.564160944954862,-0.011382630396030796,3.619640446101265,-6.0636892891461756,-1.7324048184102514,-2.878821044447395
39.800000000002676,-1.664044138980549,2.909276530951361,3.6823739159209947,6.018185199153671,8.568342020695116,-0.01102167445256512,3.6179371535689957,-6.0674212434441985,-1.7345083603959528,-2.875418747558678
39.8200000000027,-1.6661285201654819,2.905432668345129,3.680362241045364,6.022020793402288,8.572615603067577,-0.011139992432992692,3.6157562880875855,-6.071019601394798,-1.7362425794592522,-2.8716719144565066
39.840000000002725,-1.6686365368282372,2.901754299902973,3.6787064267669005,6.0261442528576605,8.576998280127592,-0.011707915519659443,3.6131163227007614,-6.074517896475698,-1.737650121853743,-2.867575736338288
39.86000000000275,-1.6715198816532477,2.898214129538311,3.677355977667648,6.030530062939448,8.58149259123775,-0.012668295404059502,3.6100657296386642,-6.077947214279327,-1.7387845109654279,-2.8631521620610303
39.880000000002774,-1.674717405690458,2.8947872326305855,3.6762571583631605,6.0351394016660365,8.586089079995912,-0.013955698300303673,3.606666135288861,-6.08133000493249,-1.7396973485785103,-2.858439697879501
39.9000000000028,-1.6781623871131512,2.891464320892302,3.675367278470758,6.039919432667808,8.590759678581787,-0.01550806830760656,3.602985419848786,-6.084669761734753,-1.7404270422107047,-2.853493115513784
39.92000000000282,-1.681773158941387,2.88825249950622,3.674649787518121,6.0447950578461835,8.595452901590102,-0.01725812739866922,3.599107870110199,-6.087951189381744,-1.7410048951105241,-2.84839219864345
39.94000000000285,-1.6854411425787041,2.8851596580881314,3.6740546271345758,6.049667247329206,8.60010150624619,-0.01911519225524496,3.5951466929312557,-6.091155477635202,-1.7414747323253,-2.8432444003600073
39.96000000000287,-1.6890365527362978,2.882175672391003,3.673505670004828,6.054428689252538,8.604642740921316,-0.020961945249442473,3.591236558180924,-6.094279888772423,-1.7419052309591474,-2.838167397119985
39.980000000002896,-1.6924283327742917,2.8792684108591153,3.6729087687181896,6.058983843947243,8.60903306134664,-0.02267222393427538,3.5875092803599564,-6.097342399889173,-1.742379874407182,-2.83326445028477
40.00000000000292,-1.695502747004031,2.876368132053922,3.6721461497727694,6.063271360380612,8.613267447204295,-0.024120633070078914,3.5840763361227084,-6.100390578974945,-1.7429916876676463,-2.8286068631673404
40.020000000002945,-1.6981883158085331,2.87335198765877,3.671083986112531,6.067294770613308,8.617409508032276,-0.025190304458703416,3.581008686499381,-6.103529251125025,-1.7438592741017878,-2.824201072825563
40.04000000000297,-1.7004682216799856,2.870092358089221,3.6696101161259587,6.0711087108058175,8.621556828919282,-0.025809863774026547,3.5783246843150347,-6.106875103917833,-1.7450922279845344,-2.8200045984611406
40.060000000002994,-1.7023605237805208,2.8665090063437124,3.6676665770684127,6.074768343438308,8.625779996438839,-0.02595033341383006,3.576024479329352,-6.110503880817407,-1.74676075187307,-2.8159833388861446
40.08000000000302,-1.7039009312434679,2.862576464524859,3.6652497875074,6.078311480689915,8.630108817918426,-0.025622342171900535,3.574090435148178,-6.114435285504322,-1.74887456451959,-2.8121169848054604
40.10000000000304,-1.705138574938931,2.8583049655133332,3.662395620439159,6.081770263794211,8.634551317181554,-0.02487163801109083,3.5724811217562795,-6.118652571166655,-1.751397427370104,-2.8083831855009698
40.12000000000307,-1.7061281635061571,2.8537250207105416,3.659160788314074,6.085172946645259,8.639104327944944,-0.023761774063670887,3.5711428983112206,-6.123121620478887,-1.7542715414604213,-2.804756773666432
40.14000000000309,-1.706915547643552,2.8488823929716967,3.655609901184848,6.0885334132844955,8.643749687382291,-0.022356776269715183,3.5700279316883283,-6.127795971975148,-1.7574322366411046,-2.801222628386883
40.160000000003116,-1.707533972382824,2.8438428452679116,3.6518169153360684,6.091844786622902,8.648447408986335,-0.020718794250249625,3.569100283614085,-6.132611816850521,-1.7608074072411648,-2.7977842467685368
40.18000000000314,-1.7080190842095784,2.838700717999524,3.6478800346361897,6.0950874410903255,8.653135719505816,-0.018924765088214595,3.5683215209110055,-6.13748007955735,-1.7643031214227742,-2.7944563639366553
40.200000000003165,-1.7084275039196646,2.833571383222323,3.643925521705004,6.098248727886187,8.657746429043534,-0.01707937286065654,3.567631802170628,-6.142293257112651,-1.7677984557923894,-2.791245545235401
40.22000000000319,-1.7088386668619566,2.8285673604420882,3.6400898569351487,6.1013371080025065,8.662224965253644,-0.015307026905346417,3.5669467877201293,-6.146945657378381,-1.7711595144593042,-2.788136697408634
40.240000000003214,-1.709338703806173,2.8237783572492043,3.6364961299169627,6.1043809075811675,8.666541144012918,-0.013732598517535551,3.5661664102459287,-6.1513515580793685,-1.7742592706107863,-2.7850902083389775
40.26000000000324,-1.7100354042036496,2.8192460270642723,3.6332393567524277,6.1074574243354105,8.670723980664516,-0.012481713927085053,3.565159433036401,-6.155476931119166,-1.7769967423194528,-2.782011092241136
40.28000000000326,-1.7110470578809078,2.8149441192659785,3.6303613009994518,6.110685371254587,8.674861227041927,-0.011651131205417564,3.563798487073575,-6.1593528099398105,-1.7793228427978354,-2.7787690700430008
40.30000000000329,-1.7124673463682007,2.810829405066987,3.627868260319969,6.114165695251594,8.679042302784493,-0.011290175261877075,3.5619943731810335,-6.163037082112679,-1.7812354075640058,-2.77525586508395
40.32000000000331,-1.7143364097260099,2.806876364866452,3.62575306066717,6.117945185889812,8.683315885158194,-0.011408493241640345,3.559716494568182,-6.166574824788709,-1.7827601974992169,-2.771419031787264
40.340000000003336,-1.7166375964437428,2.803065186352251,3.6239857646639995,6.1220221091956075,8.687698562218367,-0.011976416327120938,3.556982405864997,-6.17000006123092,-1.7839395284639512,-2.7672514150519825
40.36000000000336,-1.7193211663727597,2.7993712810984133,3.6225165891515694,6.126369587331847,8.692192873327647,-0.012936796209861294,3.5538397163456383,-6.173345183230768,-1.784828053616342,-2.7627719763514214
40.380000000003385,-1.722324688182046,2.7957731372545425,3.6212928739551793,6.130947351901627,8.69678936208398,-0.01422419910400924,3.550349419330132,-6.176634307893013,-1.7854794212367366,-2.7580163153737454
40.40000000000341,-1.7255810291196196,2.7922651630364057,3.6202733807923737,6.135701425550696,8.701459960667227,-0.015776569108808064,3.546579274966591,-6.179872772506927,-1.7859350031320635,-2.7530370006675815
40.420000000003434,-1.7290090388063482,2.7888589599608222,3.6194236141930656,6.140555744332609,8.70615318367233,-0.017526628197000505,3.542613954690446,-6.183047578704508,-1.7862304580662718,-2.7479119667013796
40.44000000000346,-1.7325007395551926,2.7855683980218546,3.618696226351065,6.145409954168165,8.71080178832487,-0.01938369305042251,3.5385671348668173,-6.186143000656734,-1.7864154745796634,-2.742746084111915
40.46000000000348,-1.7359259851311561,2.7823905311933794,3.6180180352904854,6.15015471337864,8.715343022996365,-0.021230446041313633,3.5345735100183315,-6.189159962568717,-1.7865651196148495,-2.737653059745837
40.48000000000351,-1.7391521453125698,2.7793005098473156,3.6172975255799336,6.154691958265116,8.719733343418145,-0.02294072472281374,3.530764357235417,-6.192120018187048,-1.7867684482764936,-2.73273139017257
40.50000000000353,-1.7420618087579225,2.7762349758588662,3.616418635032065,6.158957158869434,8.72396772927275,-0.024389133854883744,3.5272498188683197,-6.195073748345304,-1.7871222789803132,-2.728047136023629
40.520000000003556,-1.7445768248503686,2.773075213072131,3.615247490030706,6.162950207942987,8.728109790098188,-0.025458805239832853,3.5240979801182304,-6.19812786843099,-1.7877453895827575,-2.723600178880266
40.54000000000358,-1.7466733584474285,2.7696947245587227,3.613670485165294,6.166722672412005,8.73225711098327,-0.02607836455150179,3.521324014949352,-6.20139952180936,-1.788744862830258,-2.719342054231474
40.560000000003605,-1.7483650129438733,2.7660123989298007,3.611628179554874,6.170328118689665,8.73648027850157,-0.026218834187491886,3.518926014027797,-6.204964428023402,-1.790188912254983,-2.715234838416601
40.58000000000363,-1.749686037486985,2.7620008363330744,3.60911596519032,6.173804247621867,8.740809099980465,-0.025890842941495865,3.5168858118452873,-6.208841804037252,-1.792086120935811,-2.711257716721175
40.600000000003654,-1.7506860528142514,2.7576675425431225,3.606168828071416,6.177184163748549,8.745251599243252,-0.02514013877632934,3.5151624489494484,-6.213013782978607,-1.794399072023897,-2.7073903724817563
40.62000000000368,-1.75142136809346,2.7530399631141638,3.602842691625481,6.18049765221423,8.7498046100064,-0.02403027482426697,3.513703231779837,-6.217444801937343,-1.7970686656742476,-2.7036108666486918
40.6400000000037,-1.7519402897727323,2.7481612606751034,3.5992017645989143,6.1837603483127745,8.754449969443348,-0.022625277025437134,3.5124616079150415,-6.222087116304091,-1.8000294957846739,-2.6999076704692846
40.66000000000373,-1.7522796416430817,2.743095263189437,3.595320162894278,6.1869673879516665,8.759147691046643,-0.020987295000982703,3.511403386965195,-6.226875963895444,-1.803209759583898,-2.6962882551989664
40.68000000000375,-1.7524802224645781,2.7379341999597444,3.591296587596416,6.190101822424077,8.763836001564936,-0.019193265834010997,3.5104925714187645,-6.231721257300682,-1.8065164816202675,-2.6927725175600457
40.700000000003776,-1.752604934067921,2.732790142327032,3.587257598512874,6.193154439974006,8.768446711101063,-0.017347873601742458,3.509672264382987,-6.2365139065148005,-1.8098292851380184,-2.689373686596523
40.7200000000038,-1.752739300634156,2.7277710543051557,3.58333939559144,6.196137408600441,8.772925247309285,-0.015575527642100658,3.5088610305276475,-6.241145965738808,-1.8130136453275953,-2.686084081708012
40.740000000003825,-1.7529742725815258,2.722961753243104,3.5796642529047498,6.199082390090312,8.777241426066558,-0.014001099250517884,3.5079611698258923,-6.245529024110571,-1.8159405428036504,-2.682871161700771
40.76000000000385,-1.7534197739122686,2.7183978802269038,3.5763250501505777,6.202069236543833,8.781424262716335,-0.012750214657005701,3.506842419098182,-6.249625498522204,-1.8185039073240956,-2.6796456587029183
40.780000000003874,-1.7541924654072028,2.714046696282628,3.573360308314528,6.205217752394666,8.785561509092268,-0.011919631932936554,3.5053766127724955,-6.253462948500718,-1.8206475368727335,-2.676280201277574
40.8000000000039,-1.7553835000392106,2.709859868267426,3.5707735785526222,6.208629018447433,8.789742584833812,-0.011558675987516899,3.503473011000096,-6.257096815401218,-1.822363294527662,-2.6726667972457183
40.82000000000392,-1.7570315482760452,2.7058097001634582,3.5685564175243005,6.212349611951813,8.794016167207026,-0.011676993965765334,3.501099802904099,-6.260571327961649,-1.8236740074610045,-2.6687516592319733
40.84000000000395,-1.7591188905533142,2.70187732884385,3.5666789460531394,6.21637698574623,8.798398844267352,-0.012244917050004751,3.4982736117260256,-6.26392097408317,-1.824621532153097,-2.664525307647495
40.86000000000397,-1.7615945055075868,2.698040948493921,3.5650921300353,6.220682918602773,8.802893155377513,-0.01320529693172921,3.495041148594901,-6.267179427814847,-1.825261484940186,-2.6600036587834763
40.880000000003996,-1.764394869730537,2.6942825256060807,3.563744423428348,6.225225725472546,8.807489644135522,-0.014492699825071235,3.491462728681477,-6.270372455413823,-1.82564939706756,-2.655219297246361
40.90000000000402,-1.7674526441794667,2.690600181944337,3.562596070530422,6.229950327912558,8.812160242721234,-0.016045069829296436,3.4876059420012715,-6.273507234213878,-1.8258294785211602,-2.6502224281737785
40.920000000004045,-1.770687442439237,2.687009979995791,3.5616146563703053,6.234779752349054,8.816853465729487,-0.017795128917190532,3.483555782050701,-6.2765730723901845,-1.8258416348845297,-2.64508889926332
40.94000000000407,-1.7739922168706193,2.683531727854209,3.5607555787024365,6.239612394669504,8.821502070385684,-0.01965219377061364,3.4794263106812005,-6.279557340145416,-1.8257412667294257,-2.6399206790307885
40.960000000004094,-1.7772368570051615,2.6801696666945163,3.559948654981143,6.2443369641976485,8.826043305061084,-0.021498946761784377,3.4753521475136484,-6.282464622928465,-1.8256096020170405,-2.634827158112415
40.98000000000412,-1.7802875633238648,2.676906304563122,3.5591050693958066,6.248852945685684,8.830433625486815,-0.023209225443820952,3.471463935198549,-6.28532003520512,-1.8255409961030742,-2.629901768048908
41.00000000000414,-1.7830236067264147,2.673684859777606,3.558110556857341,6.253092677945697,8.834668011344945,-0.02465763457709194,3.467870400373859,-6.28817713326567,-1.8256357656972826,-2.6252051254255298
41.02000000000417,-1.7853604038155626,2.6703911102147058,3.556831296140795,6.257052414498247,8.83881007217336,-0.025727305963557306,3.464636702088512,-6.2911444439119295,-1.8260125010898296,-2.6207305567097268
41.04000000000419,-1.787267174468683,2.6669000671911447,3.555152322005777,6.26078061492053,8.842957393060695,-0.026346865277044978,3.461774824230445,-6.294339479711605,-1.8267754470875843,-2.616423761408334
41.060000000004216,-1.7887530248472665,2.663129992175138,3.5530127593691034,6.264329209966707,8.84718056058044,-0.026487334915214086,3.459280799783366,-6.297837880320643,-1.827990620269082,-2.612243108986686
41.08000000000424,-1.7898506397140816,2.659051636879864,3.550406977050682,6.2677357612841424,8.85150938206001,-0.02615934367176976,3.4571359475511754,-6.301658361783682,-1.829665441877493,-2.608167342757561
41.100000000004265,-1.7906099784197218,2.6546697570945526,3.5473690481945575,6.271034312251103,8.855951881322822,-0.025408639509524426,3.455299808918177,-6.3057819503747465,-1.831761430824101,-2.6041782420405153
41.12000000000429,-1.791088779018498,2.650008648866379,3.5439540658702935,6.274256157247962,8.86050489208551,-0.024298775560732094,3.4537206765527295,-6.310171663885546,-1.8342183665324516,-2.600257162916151
41.140000000004314,-1.7913376564601573,2.6451087430291613,3.540225790059355,6.27741867126486,8.865150251521692,-0.022893777765479004,3.452353313144531,-6.314778509853481,-1.8369703063198448,-2.5963962039350994
41.16000000000434,-1.7913969010484179,2.64003173797777,3.5362584415009364,6.2805190068011605,8.869847973124099,-0.021255795744832825,3.451165301458382,-6.319536820585071,-1.839945969185486,-2.5926067877274366
41.18000000000436,-1.7913123394546322,2.634867470782851,3.532151145543353,6.283542904540584,8.874536283641536,-0.019461766581787724,3.450123106255735,-6.32435556339333,-1.843053619473455,-2.5889139119630693
41.20000000000439,-1.7911529628063791,2.6297243704538458,3.5280306656379263,6.286484596580166,8.87914699317693,-0.01761637435342626,3.449172817214152,-6.329124141883047,-1.8461737940000575,-2.5853374290614295
41.22000000000441,-1.7910101234212608,2.6247055164159248,3.524032820618424,6.289359948931836,8.88362552938458,-0.015844028397529592,3.4482359635378192,-6.333732436380067,-1.8491717490971864,-2.5818770944908294
41.240000000004436,-1.790979314130112,2.6198905772357914,3.5202789786636073,6.292203935625105,8.88794170814144,-0.014269600009459954,3.4472172847003995,-6.338089412781993,-1.851916866085399,-2.578507537174807
41.26000000000446,-1.791172258414667,2.6153090730235564,3.5168598144171597,6.295098904125833,8.892124544790974,-0.013018715419232132,3.4459875873363996,-6.342153960747588,-1.8542983097320727,-2.575145479263424
41.280000000004485,-1.791703632403611,2.6109218762480046,3.513810577820662,6.298165661761055,8.896261791166708,-0.012188132698031002,3.444418004049743,-6.345950145518727,-1.8562529341071181,-2.571666845209982
41.30000000000451,-1.7926617826592663,2.6066756967403415,3.5111320708998464,6.301505348515583,8.900442866908103,-0.011827176755239767,3.44241632138753,-6.349530921255416,-1.8577666546511338,-2.567964256500041
41.32000000000453,-1.7940837921810777,2.602540746489014,3.5088145872614267,6.305164294898925,8.904716449281157,-0.011945494736017212,3.439949537898635,-6.352939635591184,-1.8588592952443126,-2.563982747914922
41.34000000000456,-1.7959509273638108,2.598499169051167,3.5068283280143344,6.309139142444147,8.909099126341186,-0.012513417822760489,3.437033333149436,-6.35621121557369,-1.8595721253988458,-2.5597105442740875
41.36000000000458,-1.7982110411530083,2.594532007692103,3.5051250443523623,6.313400347391504,8.91359343745076,-0.013473797706994936,3.4337134855985516,-6.359380592619575,-1.8599615550984356,-2.555160468170978
41.38000000000461,-1.8007997116956278,2.590624762216932,3.5036543424645012,6.317904838850532,8.918189926207747,-0.014761200602848806,3.430049587687144,-6.362475163093406,-1.8600848292823058,-2.550361989806141
41.40000000000463,-1.803649598921701,2.586779273663146,3.502377978613959,6.32259647799938,8.922860524791904,-0.01631357060953852,3.4261090093408515,-6.365503939068401,-1.8599888613543218,-2.545362797870814
41.420000000004656,-1.8066813254146437,2.5830160165262637,3.501265642286995,6.327397438530288,8.927553747798058,-0.018063629699762534,3.4219770032963397,-6.368458543165854,-1.8597176820776278,-2.540236422092072
41.44000000000468,-1.8097890998865862,2.5793606766204764,3.5002755097651317,6.332204941395965,8.93220235245169,-0.019920694555290566,3.4177679325851407,-6.371329450955938,-1.8593322351837003,-2.5350816180427524
41.460000000004705,-1.8128432442394982,2.575824669393681,3.4993404498064486,6.336905829180898,8.936743587124239,-0.02176744754828029,3.41361624242504,-6.374124905743078,-1.858919662053226,-2.530003126702002
41.48000000000473,-1.815709197505912,2.572397913885825,3.498374411867007,6.34139720938225,8.941133907547002,-0.023477726231795146,3.4096518444647543,-6.376873564150386,-1.8585793306786862,-2.525089029781878
41.50000000000475,-1.8182632808343364,2.569030377939302,3.4972650124128704,6.345608339592783,8.94536829340241,-0.02492613536589541,3.4059819692666133,-6.3796319183417625,-1.85841475027885,-2.52039431504775
41.52000000000478,-1.820414735874832,2.5656126816359346,3.495878581519442,6.349531836872171,8.949510354228511,-0.02599580675271863,3.40266880156615,-6.3825102263200355,-1.8585439620914999,-2.5159057741936173
41.5400000000048,-1.8221259313488345,2.5620217255290094,3.494098879089984,6.353213017631185,8.9536576751141,-0.026615366066140112,3.3997211263170084,-6.385626282999276,-1.859068055224272,-2.5115634362623362
41.56000000000483,-1.8234014484270544,2.55817539309994,3.4918636408337793,6.356702138581434,8.957880842632745,-0.026755835703862925,3.397132921752223,-6.38905559224083,-1.8600506480690728,-2.507322090743727
41.58000000000485,-1.8242723078577567,2.554042676782323,3.48916621656219,6.360036594408763,8.96220966411188,-0.026427844459640793,3.3948850047955523,-6.392816355335857,-1.8614979774112128,-2.50316010377304
41.600000000004876,-1.8247886553180985,2.549625567883481,3.486039741379337,6.3632513421671915,8.966652163374901,-0.02567714029631765,3.3929374475720717,-6.3968885057282385,-1.8633706152199772,-2.499061406193771
41.6200000000049,-1.8250094817512617,2.544945138884198,3.4825384372764185,6.366379162342203,8.971205174138394,-0.024567276346173162,3.391239567197332,-6.4012336692455385,-1.8656074037518156,-2.4950107060479114
41.640000000004925,-1.8249875563236848,2.5400389655816893,3.47872556834344,6.3694391567776885,8.975850533575887,-0.02316227854931436,3.389747474908397,-6.4058016417829755,-1.8681420647500009,-2.4910037532753266
41.66000000000495,-1.8247665130385524,2.534966428732712,3.474675405297932,6.3724304966693515,8.980548255179997,-0.021524296526833145,3.3884305505853147,-6.410525898673057,-1.8709040562629033,-2.487055887062817
41.68000000000497,-1.8243970667892906,2.529814699333945,3.470487424485782,6.375341622630769,8.985236565699383,-0.01973026736176753,3.3872577460493654,-6.41531452923644,-1.873803162058934,-2.4831971298303244
41.700000000005,-1.8239540877010847,2.5246882335490994,3.4662884993081535,6.378170214875186,8.989847275236817,-0.01788487513127284,3.3861781773948825,-6.420055512431694,-1.876721196674281,-2.4794538968587223
41.72000000000502,-1.823534477767268,2.519684912007117,3.462213967097754,6.380935825700567,8.994325811446489,-0.016112529173221545,3.3851163963600404,-6.424636636101274,-1.8795236083082485,-2.475833380430414
41.74000000000505,-1.8232379811493007,2.5148790116460233,3.4583842004332532,6.383676715528862,8.998641990205227,-0.014538100782952562,3.383979652327814,-6.428964310187934,-1.8820785771392958,-2.472317456922
41.76000000000507,-1.8231777802520293,2.5102938416165577,3.454887601884384,6.386477666326325,9.002824826856303,-0.013287216190379113,3.3826399172364416,-6.432993927502792,-1.8842708407925293,-2.4688290923533773
41.780000000005096,-1.8234662169952722,2.5058840050990434,3.451756124294432,6.389460399021451,9.006962073233293,-0.012456633466957294,3.3809677171175894,-6.436746041214399,-1.8860305019071082,-2.4652478852782123
41.80000000000512,-1.8241885622320206,2.5015914173382185,3.4489878199658013,6.392726038023981,9.011143148975577,-0.012095677521922359,3.3788694330713507,-6.440271079148325,-1.8873375712191462,-2.4614673981581716
41.820000000005145,-1.8253801984566749,2.4973842891288163,3.4465717266264844,6.3963206328592275,9.01541673134919,-0.012213995500347028,3.376310897464366,-6.443611475795035,-1.8882088088902096,-2.457431655476053
41.84000000000517,-1.8270214351270828,2.4932458251420977,3.4444781476957007,6.400240016237422,9.01979940840953,-0.012781918584585807,3.3733068345984183,-6.4468025715339055,-1.8886847716668587,-2.453126622352069
41.86000000000519,-1.8290591584528506,2.489159975507363,3.4426596553266546,6.404453343703799,9.024293719519319,-0.013742298466152346,3.3699020564253193,-6.4498805293311365,-1.8888224912313398,-2.448561988595153
41.88000000000522,-1.831428244507462,2.4851158175419967,3.4410670451870256,6.4089161903613965,9.028890208276586,-0.015029701359190524,3.366155388609918,-6.452874355409905,-1.888680751722587,-2.443764020167862
41.90000000000524,-1.8340615574602575,2.4811189059450833,3.439663613772034,6.413571398503425,9.033560806861212,-0.01658207136296816,3.3621339311926213,-6.455794889922124,-1.8883090269605067,-2.43877774394929
41.92000000000527,-1.8368809708521303,2.477194064810064,3.4384211774288507,6.418340346611712,9.038254029868106,-0.01833213045027103,3.3579231331373225,-6.4586360761271,-1.8877553386724615,-2.4336741475616686
41.94000000000529,-1.8397822722204586,2.4733727793759073,3.4373007218793568,6.423119156670893,9.042902634522761,-0.02018919530297167,3.3536375741265925,-6.46139150200181,-1.8870859879797333,-2.4285484726074236
41.960000000005316,-1.8426366111234742,2.469673604566918,3.4362382168041625,6.427792888163663,9.047443869196547,-0.02203594829332169,3.349411425603033,-6.464073062612647,-1.8863937640566553,-2.4235004911368896
41.98000000000534,-1.8453090753150863,2.466093901145536,3.4351504405285582,6.432256347382522,9.051834189620674,-0.023746226974472692,3.345373772192447,-6.466712935558401,-1.885782744637425,-2.4186126665427676
42.000000000005365,-1.847673413191412,2.4625905389874383,3.433926974139345,6.436435762988265,9.0560685754774,-0.025194636106621073,3.3416302691247264,-6.469370507120464,-1.885359315931018,-2.4139341901574674
42.02000000000539,-1.8496329681002548,2.4590593137926193,3.4324343978123535,6.440320121036046,9.060210636304635,-0.026264307491909705,3.338240080859872,-6.472157685006847,-1.8852406103073371,-2.4094453591646277
42.04000000000541,-1.851143372315089,2.455379390583766,3.4305552825108734,6.44395156127533,9.06435795719109,-0.026883866804164196,3.335208786924559,-6.4751924594122805,-1.8855242530342287,-2.405080714948052
42.06000000000544,-1.85220466805147,2.4514685251636967,3.4282260207576165,6.4473786292290605,9.068581124710269,-0.02702433644099175,3.332528315252583,-6.4785501425967515,-1.8862712703955746,-2.40079160483348
42.08000000000546,-1.8528461174854445,2.4472940452039067,3.4254389482705347,6.450638524982121,9.072909946189556,-0.026696345196075295,3.3301789950666256,-6.482248407645047,-1.887486695708315,-2.3965560837232567
42.10000000000549,-1.8531178997662658,2.44285517145985,3.4222262376226844,6.453767093426609,9.077352445452291,-0.025945641032220874,3.328121458744497,-6.486266110002693,-1.88913027418489,-2.3923602829670085
42.12000000000551,-1.8530800789093138,2.438169688612577,3.4186411996499277,6.4567985769242355,9.081905456215026,-0.024835777081688288,3.326306085310122,-6.4905635118965535,-1.8911400973364385,-2.3881923091811665
42.140000000005536,-1.8527874174463221,2.4332722028837876,3.41474655579057,6.459753790054049,9.086550815651279,-0.02343077928458447,3.324690366987276,-6.495089234687003,-1.8934497533623627,-2.3840515766497066
42.16000000000556,-1.8522867600744182,2.4282195963871662,3.4106165718449155,6.462633923320823,9.091248537253694,-0.021792797262019416,3.3232455034032298,-6.499775945902954,-1.8959896543870034,-2.3799572943586997
42.180000000005585,-1.8516335553195387,2.4230961083299944,3.406351001630639,6.465430125812035,9.095936847771025,-0.019998768097049775,3.321942956387335,-6.504530924806827,-1.898671378601329,-2.375944417962875
42.20000000000561,-1.8509083240847184,2.4180019036260405,3.4020767347229954,6.46814352757194,9.100547557306195,-0.0181533758668273,3.3207349060600655,-6.509240808509372,-1.901378378515851,-2.3720458450845197
42.22000000000563,-1.850213222661522,2.4130293657474144,3.3979285269219406,6.470797352733016,9.10502609351352,-0.016381029909197146,3.3195489824592177,-6.513791375309332,-1.9039767043397917,-2.3682761828959378
42.24000000000566,-1.8496519425010225,2.4082471535918453,3.394025666235261,6.473433119830497,9.109342272269997,-0.01480660151957892,3.3182950134318467,-6.518086548370005,-1.906333736924641,-2.3646246104712048
42.26000000000568,-1.8493387799276368,2.4036722942994877,3.3904542178177937,6.476137982666833,9.11352510891916,-0.013555716928023338,3.316846230848954,-6.522078256625655,-1.908330138097732,-2.361020572515113
42.28000000000571,-1.849383400210789,2.3992532601411374,3.3872428137973567,6.479034485805014,9.117662355294591,-0.01272513420573105,3.3150726498645917,-6.5257835259814,-1.9098894721278097,-2.3573477086874313
42.30000000000573,-1.849867738570832,2.3949273488295275,3.3843867581926874,6.4822236633359775,9.121843431035787,-0.012364178262017725,3.3128793153284666,-6.529250220655607,-1.9109859059778729,-2.3535008468702463
42.320000000005756,-1.8508253691439074,2.3906608668658538,3.3818738409556857,6.485751249764291,9.12611701340877,-0.012482496241976383,3.310230918679664,-6.532519830630758,-1.9116330850021397,-2.349423171873587
42.34000000000578,-1.8522357044718099,2.3864381312312215,3.3796744897655397,6.489612272057308,9.130499690468902,-0.013050419327966658,3.3071412180726214,-6.535628083496433,-1.91187072955585,-2.3450984319003885
42.360000000005805,-1.8540448259300881,2.3822460478423415,3.3777421327902037,6.493774607862957,9.134994001578804,-0.014010799211495442,3.303654025830965,-6.538612347038852,-1.9117563191750517,-2.340533154439267
42.38000000000583,-1.8561871060300215,2.3780773048235395,3.3760287915443987,6.498192511113163,9.139590490336387,-0.015298202106688072,3.2998273573639647,-6.541503215900057,-1.9113499980118713,-2.3357503211513992
42.40000000000585,-1.8585958178242257,2.3739411536036554,3.3744993298839425,6.502807847462712,9.144261088921423,-0.01685057211277582,3.2957279932317882,-6.5443133502980535,-1.9107036494957443,-2.3307921598531514
42.42000000000588,-1.8611943239567519,2.3698666922050493,3.3731277118481473,6.507541258294085,9.148954311928724,-0.018600631202483245,3.2914415154684407,-6.547039018606715,-1.9098691399382999,-2.325726899677447
42.4400000000059,-1.863880308451486,2.365891109317865,3.3718777614355786,6.512287843402719,9.153602916583706,-0.020457696057601605,3.287082635719106,-6.549676925949224,-1.9089179257515219,-2.320645977940387
42.46000000000593,-1.8665261412858882,2.3620400427834745,3.3706885965756634,6.516930964125115,9.158144151257718,-0.022304449050294422,3.2827851524818765,-6.552242610362313,-1.9079481610632978,-2.3156438936375006
42.48000000000595,-1.8689969701758589,2.358318303131686,3.3694798859740236,6.521363203300621,9.162534471681974,-0.02401472773363092,3.2786772279500025,-6.554771746637586,-1.9070683160995887,-2.310797240476329
42.500000000005976,-1.8711643556063475,2.3546897937409987,3.3681432569514898,6.525507815184567,9.166768857538731,-0.025463136867821146,3.2748628639285577,-6.557326571280477,-1.9063873297730343,-2.3061492634105214
42.520000000006,-1.8729260372524799,2.3510558035658256,3.3665456383981542,6.529350162968512,9.170910918365976,-0.02653280825489494,3.2713981608718914,-6.560020558990678,-1.9060210685422636,-2.3016738251710787
42.540000000006025,-1.8742310461818539,2.347298130428388,3.364568499132209,6.532929178594184,9.175058239252435,-0.027152367568718968,3.2682854887553234,-6.562971808033972,-1.9060633962529023,-2.297300179013676
42.56000000000605,-1.875074885526219,2.3433346531503694,3.362146935503876,6.536291660514724,9.179281406771638,-0.027292837207002128,3.2655147311791546,-6.566255383403667,-1.9065725610594628,-2.292976378402972
42.58000000000607,-1.8754849696922251,2.3391311342332304,3.359272274802652,6.539474586718647,9.183610228251029,-0.0269648459634933,3.26306574420377,-6.569888416915602,-1.9075523774676286,-2.2886802339012178
42.6000000000061,-1.8755113583447403,2.334684026255857,3.355975703290934,6.542514663442332,9.188052727514027,-0.026214141801031068,3.260899749557035,-6.573848701645665,-1.9089618866378573,-2.2844001196382755
42.62000000000612,-1.8752150054837147,2.33000777188815,3.352309581245764,6.545447569614371,9.19260573827726,-0.025104277851885872,3.2589682248471767,-6.5780951655914945,-1.9107386180459096,-2.2801275770581477
42.64000000000615,-1.8746525000785657,2.3251339022893363,3.3483360410946346,6.548295817164379,9.19725109771433,-0.023699280056150865,3.2572300747031946,-6.582575293554135,-1.9128162287843549,-2.2758656865741087
42.66000000000617,-1.873873754727956,2.3201166275415037,3.3441292888287797,6.551062615026208,9.201948819317904,-0.02206129803489623,3.2556583397868257,-6.58722099502622,-1.9151262971719423,-2.2716374684186214
42.680000000006196,-1.8729387825716568,2.315036998283939,3.339789282007004,6.553741827303005,9.20663712983671,-0.020267268871126804,3.254227013029164,-6.591938807744156,-1.9175824653503437,-2.267482704929577
42.70000000000622,-1.8719335098460557,2.309990582857004,3.3354428325913346,6.556338033034559,9.211247839373572,-0.018421876641953536,3.252891373922213,-6.596614110760007,-1.9200701790653139,-2.263440675792648
42.720000000006245,-1.8709650357472987,2.3050639859719766,3.3312240152475616,6.558878111022098,9.215726375582706,-0.01664953068519858,3.2515821842943864,-6.601130757252596,-1.9224564988426485,-2.2595333585451476
42.74000000000627,-1.8701406829429226,2.300320039199723,3.327250945243799,6.561406807226427,9.220042554340973,-0.01507510229619104,3.2502119171055637,-6.605390254618265,-1.9246084104571937,-2.2557572679436464
42.76000000000629,-1.869575513277861,2.2957694357676464,3.323607286707179,6.564013582867985,9.224225390991686,-0.01382421770486682,3.2486551578574843,-6.6093411034444935,-1.9264028637055581,-2.252048542446068
42.78000000000632,-1.8693761810885021,2.291354674104334,3.3203183298873324,6.566821715568029,9.228362637368388,-0.012993634982575407,3.2467815069042696,-6.61299678978756,-1.9277571174792398,-2.248295217511442
42.80000000000634,-1.8696210362069505,2.2870086255201487,3.3173766339903237,6.569932074421708,9.232543713110472,-0.012632679038621258,3.2444947430287545,-6.616402578880881,-1.928639573712471,-2.2443937070284794
42.82000000000637,-1.870341742070149,2.282695794927516,3.3147687502167327,6.57339004510937,9.23681729548394,-0.01275099701812486,3.2417584428395014,-6.619598985532721,-1.9290607213581668,-2.2402865293184715
42.84000000000639,-1.8715168770587183,2.2784016594224465,3.312465252363352,6.577189852531336,9.241199972544162,-0.013318920103464393,3.2385853881742674,-6.622622098135828,-1.9290593233043154,-2.235955265205475
42.860000000006416,-1.873091882069371,2.2741161206225087,3.3104204590352877,6.58129812018088,9.245694283653789,-0.014279299986161887,3.235018359345419,-6.625510461677155,-1.9286931317312581,-2.2314032599601936
42.88000000000644,-1.8750008260974629,2.2698354997470402,3.308587653056407,6.585667814631121,9.250290772410777,-0.015566702880356982,3.2311145186256947,-6.628296236604556,-1.9280234674725178,-2.226650140889064
42.900000000006465,-1.8771775944765492,2.265572716754313,3.306933291613127,6.590239867867274,9.254961370994963,-0.017119072885295943,3.2269402777354723,-6.63099389384489,-1.927104465415598,-2.221735208026023
42.92000000000649,-1.8795472725605065,2.2613610548987437,3.3054335056807638,6.594934242828716,9.25965459400123,-0.018869131973726114,3.222581288522551,-6.633602029644977,-1.9259916783569795,-2.2167237240375206
42.94000000000651,-1.8820097527401785,2.2572432929627793,3.3040549842732583,6.599645094656418,9.26430319865509,-0.020726196827476943,3.2181523098078593,-6.636120468709694,-1.9247615001850578,-2.2117030432328093
42.96000000000654,-1.88443901445519,2.253252073555395,3.302740038568514,6.604254172751551,9.26884443332797,-0.02257294981876606,3.2137866682504908,-6.638568380561561,-1.923517150786647,-2.2067621034995772
42.98000000000656,-1.886700676441315,2.249399642310307,3.3014112870276104,6.608651915895273,9.273234753751135,-0.024283228500714994,3.2096115088826997,-6.640984910816701,-1.9223711622391784,-2.201971395386433
43.00000000000659,-1.8886645027827715,2.245657046138917,3.2999624833069365,6.612758660662245,9.277469139606971,-0.025731637633416835,3.2057291032138293,-6.643435100204051,-1.921434694090104,-2.1973680856483764
43.02000000000661,-1.8902229411927594,2.241931368141911,3.29826100336692,6.6165561581989305,9.281611200433453,-0.026801309019062403,3.202192446227163,-6.646033906542999,-1.920821993701791,-2.1929196822353747
43.040000000006636,-1.891318576896902,2.2381073992459157,3.2961873014901144,6.620080103863654,9.285758521319334,-0.02742086833150172,3.199000696595148,-6.648899448880925,-1.920622877381369,-2.188550365925915
43.06000000000666,-1.891942387650506,2.2341033916139597,3.293675225826283,6.623375514449598,9.289981688838164,-0.02756133796837224,3.1961417010622326,-6.652106489461868,-1.9208926376017035,-2.184205054667853
43.080000000006685,-1.892119856525973,2.229883646940516,3.2907151016467266,6.626479118517304,9.294310510317331,-0.02723334672338396,3.1935948574157607,-6.655671606169918,-1.9216338584298855,-2.179861382321894
43.10000000000671,-1.891900771111474,2.225441860441209,3.287337105852649,6.629428456516707,9.298753009580187,-0.02648264255935931,3.1913220053960303,-6.6595715461247345,-1.9228050018254486,-2.1755100012367707
43.12000000000673,-1.8913467895910314,2.2207890887505517,3.283592609461482,6.632260617571886,9.303306020343264,-0.025372778608568555,3.1892757570600465,-6.66376393345178,-1.9243432256518658,-2.1711459134680413
43.14000000000676,-1.8905161548767806,2.215953691851775,3.2795431099662595,6.634999794323772,9.307951379780071,-0.02396778081112338,3.1874164598168844,-6.668195155207786,-1.9261824581217075,-2.166775856168954
43.16000000000678,-1.889461695324935,2.2109870425517597,3.2752626987016207,6.637651211763478,9.312649101383222,-0.02232979878813624,3.185719015289072,-6.672796413176307,-1.9282556523113994,-2.162426590648048
43.18000000000681,-1.8882478057565766,2.2059667558625424,3.2708514630862675,6.640211453545139,9.317337411901415,-0.020535769622671847,3.184159966731701,-6.677473572648034,-1.930478777549761,-2.158142604661333
43.20000000000683,-1.8869655558204028,2.200983512238825,3.2664360437388775,6.642688544319778,9.3219481214375,-0.018690377391901273,3.182697726062013,-6.682110839335812,-1.9327396220028081,-2.1539694402246785
43.220000000006856,-1.8857266611564956,2.1961178736417954,3.26214973509286,6.645112997690724,9.32642665764575,-0.016918031433696724,3.181266238074358,-6.686590227145962,-1.934906661739997,-2.1499363782476375
43.24000000000688,-1.8846417485070337,2.1914266527916886,3.258109392374456,6.647532753971693,9.330742836403102,-0.015343603043458262,3.179780685534642,-6.690810900506622,-1.9368468929146294,-2.1460472797923713
43.260000000006904,-1.8838262945050495,2.1869141764078703,3.2543962168445626,6.650039515678366,9.334925673052998,-0.014092718451187865,3.178117100272093,-6.694717969723506,-1.938433928375454,-2.142245171732252
43.28000000000693,-1.8833836174493008,2.1825171443534184,3.251032138181839,6.652757202372731,9.339062919429036,-0.01326213572818952,3.176144764221489,-6.698321371036791,-1.9395789738482647,-2.138422826615255
43.30000000000695,-1.8833882429570066,2.178164206158535,3.2480069762792305,6.655786443599115,9.34324399517066,-0.012901179783728026,3.1737662612186663,-6.701663737238406,-1.9402447625562247,-2.1344785600888287
43.32000000000698,-1.8838698272491303,2.1738181733433124,3.245306053526277,6.659172242667804,9.347517577543902,-0.013019497762870948,3.1709440799634607,-6.704784578016973,-1.940438595078689,-2.130354399201837
43.340000000007,-1.8848061798426574,2.169465727387522,3.2429001115870344,6.662908026680547,9.351900254604155,-0.013587420847965161,3.167690016529718,-6.707720315894617,-1.9401981586792214,-2.126029813545053
43.36000000000703,-1.8861422674629598,2.1650997963915843,3.240744393268094,6.666959189645365,9.356394565714096,-0.014547800730515034,3.164045787598549,-6.710510644569428,-1.9395813021418313,-2.121504955974281
43.38000000000705,-1.8878120565608898,2.1607203458835706,3.2387934772323863,6.6712774455401505,9.360991054471693,-0.015835203624653023,3.1600676600560607,-6.713189266524389,-1.9386503360627427,-2.116796039613236
43.400000000007076,-1.889750246282201,2.1563439249684873,3.237015438789356,6.6758028363391775,9.365661653056769,-0.017387573629629446,3.1558216276962447,-6.7157724526992455,-1.9374614817730442,-2.111939316918956
43.4200000000071,-1.891883873046016,2.1520079006785475,3.2353885934926034,6.680454705696136,9.37035487606416,-0.019137632718200032,3.1513933488733006,-6.718261128251089,-1.9360738092175087,-2.1069968851575847
43.440000000007124,-1.894115342758956,2.1477605114898854,3.2338825199925325,6.68512634233009,9.375003480719316,-0.020994697572193962,3.146897544762899,-6.720658237595766,-1.9345684168964756,-2.1020517493579143
43.46000000000715,-1.8963206284596938,2.143641305277625,3.232442765354884,6.689697971108881,9.37954471539357,-0.02284145056381246,3.142466971640253,-6.722986567572629,-1.9330532758201096,-2.097187015199158
43.48000000000717,-1.8983662295259398,2.139669925452149,3.230994954990945,6.694057967734945,9.383935035818105,-0.024551729246161384,3.1382276634006825,-6.725288705688601,-1.9316446368962896,-2.0924668552015335
43.5000000000072,-1.9001205106273074,2.1358246507127783,3.2294350474218043,6.698123809983566,9.388169421675162,-0.026000138379474215,3.1342800856666497,-6.72763244882228,-1.9304555414698208,-2.087922244630017
43.52000000000722,-1.9014709553569045,2.1320186415366096,3.227630963704829,6.701873650444128,9.39231148250267,-0.027069809765812386,3.1306740887805615,-6.730134152943812,-1.929598269556637,-2.083514435696822
43.54000000000725,-1.9023538781105978,2.128140033135952,3.225462231946515,6.705339921508103,9.396458803389331,-0.027689369079026638,3.1274056207338585,-6.732911870577044,-1.9291583161463963,-2.0791627678162423
43.56000000000727,-1.9027557587689474,2.1241077001995756,3.2228615009906654,6.708565825035733,9.400681970908662,-0.027829838716784797,3.124460500397824,-6.73604000595808,-1.9291878494873829,-2.0748091913206412
43.580000000007296,-1.902700071392413,2.1198845924308105,3.2198181012411395,6.711587813012672,9.405010792388078,-0.02750184747280827,3.1218176825142274,-6.7395345707863665,-1.9296882153314048,-2.0704312315453923
43.60000000000732,-1.9022361797295455,2.1154616669002757,3.2163611779333063,6.714444232355412,9.40945329165097,-0.026751143309922083,3.1194396530408404,-6.74337128341244,-1.9306174230537647,-2.066021847551205
43.620000000007344,-1.9014262582014587,2.110846560504135,3.2125410748552037,6.717173554970106,9.414006302413942,-0.02564127936039059,3.117280193508916,-6.7475064954110575,-1.9319124504616942,-2.0615795172394775
43.64000000000737,-1.9003300261264773,2.1060643756024495,3.2084186091108813,6.71980163632767,9.418651661850573,-0.02423628156430959,3.1153011234157346,-6.7518855357217475,-1.9335076982885249,-2.0571146139667453
43.66000000000739,-1.8990030665865165,2.1011634911318535,3.2040677026153803,6.722335713614604,9.423349383453534,-0.02259829954276176,3.11347922389545,-6.756438949269923,-1.9353376987416306,-2.0526575585432845
43.68000000000742,-1.8975139597951134,2.096217849890404,3.199588498669922,6.724775092561099,9.42803769397158,-0.020804270378768083,3.111793605864766,-6.7610719984783145,-1.9373210044803166,-2.0482574085351906
43.70000000000744,-1.8959586412139846,2.091312968034245,3.195107372946323,6.727131237498076,9.432648403507583,-0.018958878149448542,3.1102058444052654,-6.765667801307349,-1.9393480881362468,-2.043965829467143
43.72000000000747,-1.8944531023945796,2.0865231192048665,3.190756741124118,6.729438274277413,9.437126939715816,-0.017186532192624136,3.1086531161007067,-6.770106619597555,-1.9412892422351749,-2.0398193163669434
43.74000000000749,-1.8931109369403294,2.081898924094899,3.1866521120168545,6.731747302131584,9.441443118473204,-0.015612103803662241,3.10705337621411,-6.774285349339091,-1.9430118787325643,-2.035829064833482
43.760000000007516,-1.8920476842754888,2.077438329726997,3.1828721640012247,6.734152197091518,9.445625955123171,-0.014361219212555029,3.1052841945307654,-6.778145751126119,-1.9443866587837577,-2.0319451638221526
43.78000000000754,-1.8913630117254683,2.0730724303507824,3.1794354499761925,6.736777429067566,9.449763201499263,-0.01353063649055391,3.10321463118336,-6.781694204038404,-1.9453190056122558,-2.0280654498218964
43.800000000007564,-1.8911273935230284,2.0687258712074197,3.176329058046108,6.739723313675271,9.453944277240922,-0.013169680546983266,3.100746147063575,-6.784970676915111,-1.9457660973268693,-2.0240904501941195
43.82000000000759,-1.8913683882748393,2.0643598837829025,3.173537092638199,6.743034438591743,9.458217859614166,-0.013287998526961269,3.0978401706880323,-6.788013645122286,-1.945732023879436,-2.019961877429
43.84000000000761,-1.8920631042754839,2.0599623945383922,3.1710304849094797,6.746703437978359,9.462600536674334,-0.013855921612861715,3.0945075036478764,-6.790859838390335,-1.945253282030249,-2.015657152465163
43.86000000000764,-1.8931562018318877,2.0555293796137897,3.168765434949317,6.750694501936075,9.467094847784047,-0.014816301496200963,3.090788768159116,-6.793550069789619,-1.9443876408317355,-2.0111732352777643
43.88000000000766,-1.894581746134422,2.0510644489509673,3.1666978508318584,6.754958127537029,9.471691336541234,-0.016103704391111338,3.0867392941329572,-6.796119558927729,-1.943198210707125,-2.006522875386952
43.90000000000769,-1.8962754491916527,2.04658773035654,3.1647974495859486,6.759433511061135,9.476361935125684,-0.017656074396827714,3.0824246086593177,-6.798586364731015,-1.9417431280568491,-2.0017391671678717
43.92000000000771,-1.89816652089615,2.042140560737994,3.163044747370963,6.764039436491666,9.481055158132254,-0.019406133486077688,3.0779303132864504,-6.800953740583179,-1.9400847999166364,-1.9968808532008182
43.940000000007736,-1.9001601781574482,2.0377764912241907,3.1614122349588984,6.76866840499904,9.485703762786416,-0.021263198340662554,3.0733710067511906,-6.8032277484350345,-1.9383087821937994,-1.9920263362171367
43.96000000000776,-1.9021347656733023,2.03354185440621,3.1598487355508498,6.7731992054468915,9.49024499745957,-0.02310995133276755,3.0688787768209402,-6.805434775600736,-1.9365274679037852,-1.987252636363623
43.980000000007784,-1.9039580704010806,2.029463631593866,3.1582829364804623,6.777518232963548,9.494635317882976,-0.024820230015484848,3.0645784530988545,-6.807620820000728,-1.9348604724279577,-1.9826174125204366
44.00000000000781,-1.9054974588477718,2.025527399485445,3.1566130780335624,6.781540167519394,9.498869703739,-0.0262686391489285,3.0605686210633642,-6.80985638455341,-1.9334223743351193,-1.978145354042758
44.02000000000783,-1.906635793459765,2.021652660639299,3.1547077239868417,6.785239579294963,9.503011764565635,-0.027338310535239486,3.056895949570066,-6.8122591373785175,-1.9323231440423325,-1.973791575515503
44.04000000000786,-1.9073033119301401,2.0177312355405626,3.1524455653145593,6.788645613743325,9.507159085451642,-0.027957869848284245,3.0535531789241825,-6.814946977220793,-1.9316436946152513,-1.969470820858677
44.06000000000788,-1.9074820374768493,2.013682868690633,3.1497581013357006,6.791799625860098,9.511382252970558,-0.028098339485738966,3.0505241106053935,-6.817993895314148,-1.9314329110576673,-1.965122249736723
44.08000000000791,-1.9071933635945784,2.0094692707387427,3.1466336754729762,6.794737764113341,9.515711074449804,-0.02777034824133846,3.047787271865022,-6.82141532533851,-1.9316908967038056,-1.960723347467401
44.10000000000793,-1.906486079721264,2.005078688175274,3.1431003797539794,6.797499153542803,9.520153573712758,-0.02701964407791745,3.045305822606023,-6.825185974822323,-1.9323753363407878,-1.956269401285929
44.120000000007956,-1.9054226869945194,2.0005153148792196,3.139207493527,6.800123620401005,9.524706584475988,-0.02590978012774932,3.0430347479952973,-6.829260955051146,-1.9334232198242634,-1.9517623695795252
44.14000000000798,-1.9040641991019338,1.9958009190702837,3.135015108555635,6.802638663878316,9.529351943913047,-0.024504782330938845,3.040937367838653,-6.8335845772558965,-1.9347696203684146,-1.9472162302881773
44.160000000008004,-1.9024687844223227,1.9909807383458038,3.1305969226977832,6.80505352800735,9.534049665516553,-0.0228668003085814,3.0389923599436375,-6.83808678083967,-1.9363508488708452,-1.9426649709952364
44.18000000000803,-1.9007089995149202,1.9861248178968198,3.1260530611187165,6.807370241107498,9.53873797603521,-0.021072771143719495,3.0371814183282733,-6.842672295380023,-1.9380882895895555,-1.938162069539447
44.20000000000805,-1.898885353223216,1.9813132489098688,3.1215095411358735,6.809603698716004,9.543348685571841,-0.01922737891350472,3.0354693096393173,-6.847223237475312,-1.9398754334838009,-1.9337651574671575
44.22000000000808,-1.8971177594436401,1.9766137903052017,3.1170978018030535,6.811791613710031,9.547827221780677,-0.017455032955794727,3.0337964886842874,-6.8516182054017305,-1.9415847849107373,-1.9295178326799856
44.2400000000081,-1.8955224323839373,1.9720707164454163,3.112931920145544,6.813988206472085,9.55214340053862,-0.015880604565956396,3.0320837438644532,-6.855751902918243,-1.9430845757835915,-1.9254385911868734
44.26000000000813,-1.8942146220713758,1.967675600914336,3.1090879935025995,6.8162894571621,9.556326237189039,-0.01462971997395403,3.0302102734123526,-6.859562783953749,-1.944242909815806,-1.921484736164335
44.28000000000815,-1.8932900410512468,1.9633541423871865,3.105581184280498,6.818820294039793,9.560463483565501,-0.013799137251125231,3.0280450124405154,-6.863053665712509,-1.9449597160188337,-1.9175594794583855
44.300000000008176,-1.8928148973516834,1.959027211513078,3.1023958583384226,6.821680644645957,9.564644559307428,-0.013438181306739197,3.0254883717292422,-6.8662618235390775,-1.945186747917269,-1.9135658633574912
44.3200000000082,-1.8928145679606712,1.9546545779183995,3.0995149138900335,6.824914648068607,9.568918141680836,-0.013556499285878711,3.0225007481210646,-6.869224670039023,-1.9449248723685817,-1.9094454634653466
44.340000000008224,-1.8932655297290664,1.950225449848344,3.096909493070765,6.828514150973082,9.573300818741117,-0.014124422370899208,3.019091940740562,-6.871979215003366,-1.9442092843802135,-1.9051737208938035
44.36000000000825,-1.8941123052322562,1.945738863747837,3.0945367856263535,6.832442166021392,9.577795129850943,-0.015084802253310912,3.0153014473135418,-6.874567360708957,-1.9430974971809916,-1.900744412003678
44.38000000000827,-1.8952892593831652,1.9412020629686866,3.092354061631624,6.836648009968916,9.582391618608293,-0.016372205147250803,3.011183619880343,-6.877025817856429,-1.9416532286474508,-1.8961667838480798
44.4000000000083,-1.896733313016364,1.9366386926653607,3.0903327022177574,6.8410700783429155,9.587062217193003,-0.017924575151971846,3.006803470393835,-6.879374420010981,-1.9399363530374174,-1.8914706718415035
44.42000000000832,-1.898376065280871,1.932093933617123,3.0884554385509757,6.845626655485206,9.591755440199947,-0.01967463424023229,3.002246480325801,-6.881618746378205,-1.9380124242477352,-1.8867112848187193
44.44000000000835,-1.9001258330077473,1.9276264863705954,3.0866976938577677,6.850209534472782,9.596404044854586,-0.02153169909386831,2.997627041271211,-6.883767971963125,-1.9359711948002334,-1.8819621842259302
44.46000000000837,-1.9018637033845323,1.923289327001458,3.0850116053008283,6.854696157755365,9.6009452795283,-0.0233784520850955,2.9930764748601284,-6.88585206505085,-1.9339291371181306,-1.8772940699043972
44.480000000008395,-1.903459153961149,1.9191166924743361,3.083328974845371,6.858971023855488,9.60533559995231,-0.02508873076703486,2.988718314138752,-6.887920399976779,-1.9320088664435222,-1.8727579113382984
44.50000000000842,-1.9047789573764353,1.915101501451732,3.0815503997552196,6.862946078000843,9.609569985808909,-0.026537139899859896,2.9846491915744937,-6.890046133588029,-1.9303261493095807,-1.8683720367152725
44.520000000008444,-1.905701711989788,1.9111698439463283,3.07954518367488,6.866592326758796,9.61371204663604,-0.027606811285702783,2.9809125600421194,-6.892348159181825,-1.9289883113214445,-1.8640855598137205
44.54000000000847,-1.906151791441553,1.9072175554698116,3.077191270109209,6.8699356071017466,9.617859367522419,-0.028226370598413906,2.977497957526671,-6.894944134581587,-1.9280714369809957,-1.859808888937991
44.56000000000849,-1.9061068170840474,1.9031654949716637,3.074419059482962,6.873015396594077,9.622082535041573,-0.028366840235639793,2.9743871800891726,-6.897907583330235,-1.927620979036144,-1.8554785785386592
44.58000000000852,-1.905586036634347,1.8989742507609233,3.071215916853304,6.875867513467966,9.626411356520896,-0.028038848991092505,2.9715583433616763,-6.901253349680839,-1.927635798088734,-1.851072142545251
44.60000000000854,-1.904637516499401,1.8946293945748598,3.0676088602764477,6.878531831968069,9.630853855783757,-0.027288144827594427,2.9689753084218586,-6.904955149034152,-1.9280733833234067,-1.8465872107329182
44.62000000000857,-1.9033238940168349,1.8901316644914639,3.063646068237218,6.881049503256659,9.635406866546722,-0.02617828087741166,2.966594297343943,-6.908966885565032,-1.928870928712359,-1.842029216005045
44.64000000000859,-1.901707291261075,1.8854994282359925,3.059386862743308,6.8834496499182105,9.640052225983336,-0.024773283080647364,2.964380157353545,-6.913231893956925,-1.9299643778610671,-1.8374156982772638
44.660000000008615,-1.899848284598495,1.8807746441728437,3.054904663123366,6.885743515999004,9.644749947586241,-0.023135301058400278,2.962313478691327,-6.917679559874394,-1.9312920144950823,-1.8327841083045642
44.68000000000864,-1.8978231857665093,1.876023246373686,3.0502995024014607,6.887935850908487,9.649438258104176,-0.021341271893715475,2.960378552006951,-6.922214150466893,-1.9327782941083556,-1.8281921811864752
44.700000000008664,-1.8957367706184716,1.8713196569208055,3.0456969463978023,6.890044970380581,9.654048967640016,-0.01949587966373871,2.958543361554147,-6.926716868101732,-1.9343200506496223,-1.8237033388177581
44.72000000000869,-1.893712509873236,1.8667249134698995,3.041227360390253,6.89211214644316,9.65852750384804,-0.01772353370631326,2.9567516843755626,-6.9310647372222345,-1.9357923889408968,-1.8193681490781266
44.74000000000871,-1.8918688840977291,1.8622768090960475,3.0370033052983865,6.894194680553053,9.662843682605201,-0.016149105316831093,2.9549272005582474,-6.935150347183621,-1.9370647625100543,-1.8152123520067844
44.76000000000874,-1.8903205026161316,1.857960569629696,3.0330982411783523,6.896390586057826,9.667026519254962,-0.014898220725303432,2.9529508260698396,-6.938908890740007,-1.938003119676223,-1.8112005951499763
44.78000000000876,-1.8891588314418504,1.8536967246575862,3.0295239287368103,6.898825157228806,9.671163765630894,-0.014067638002971857,2.950691467875128,-6.942339621138167,-1.938502200275267,-1.8072417607404112
44.80000000000879,-1.8884456105825431,1.8494026114395257,3.026262023143426,6.901597859672964,9.675344841372452,-0.013706682059138987,2.9480485602522277,-6.945477092676762,-1.93850848031288,-1.8032417015411217
44.82000000000881,-1.888203958053172,1.8450366603728787,3.0232942290387337,6.904752351264798,9.67961842374565,-0.013825000038899193,2.9449814976415043,-6.948357627548064,-1.9380196009097583,-1.7991420343593343
44.840000000008835,-1.8884097909643287,1.8405893943824105,3.020591920866274,6.9082796971999025,9.684001100805853,-0.014392923124611837,2.9414990694583407,-6.951018488248604,-1.9370693480387342,-1.7949162953410338
44.86000000000886,-1.8890076632666133,1.8360629131552115,3.0181133096704293,6.912141760039577,9.688495411915696,-0.015353303007785675,2.937639619744673,-6.953502635290441,-1.9357148037926935,-1.7905550962039496
44.880000000008884,-1.8899324396649178,1.8314680713738027,3.0158170591095765,6.916286713683701,9.693091900673117,-0.01664070590255123,2.933456482497092,-6.955848243333238,-1.9340200992761147,-1.7860641533474977
44.90000000000891,-1.8911224420982473,1.8268319594651627,3.013676235570233,6.9206521984403,9.69776249925791,-0.018193075908147317,2.9290141064795225,-6.958076905921417,-1.9320466640950826,-1.7814699522812143
44.92000000000893,-1.8925118674721002,1.822203464359911,3.011675797989302,6.925156059407873,9.702455722264908,-0.019943134997307977,2.9243977899058318,-6.9601965239587065,-1.9298629991857958,-1.7768239998064774
44.94000000000896,-1.8940124120084447,1.8176462570909218,3.009794120213047,6.929689461548565,9.707104326919563,-0.02180019985183806,2.9197216326794035,-6.962219378722939,-1.9275627801004351,-1.7721947918537584
44.96000000000898,-1.8955082678556197,1.813219795736336,3.007986688742375,6.934128591483737,9.711645561593242,-0.023646952843920818,2.9151160932297406,-6.964178997319994,-1.925266203638008,-1.767646492450822
44.98000000000901,-1.8968710010157084,1.8089654685541678,3.0061884705809407,6.938356136500354,9.716035882017184,-0.02535723152664746,2.91070331673956,-6.966128094006535,-1.9230985111447392,-1.7632232263200778
45.00000000000903,-1.8979671963641576,1.8048835577564968,3.0043024934416973,6.94228137216709,9.720270267873692,-0.026805640660182827,2.9065779112416408,-6.968142425486493,-1.9211763042379115,-1.758936904613209
45.020000000009055,-1.8986715582308304,1.8009069661033104,3.0021988974379235,6.945871762868044,9.724412328700739,-0.027875312046630317,2.9027800815126605,-6.970342022357597,-1.9196039365600788,-1.7547307954135725
45.04000000000908,-1.898902826728236,1.796935861647888,2.9997549688202336,6.949149817998218,9.728559649587059,-0.02849487135985707,2.899296170950067,-6.972844214557954,-1.9184524321277843,-1.7505112445038025
45.060000000009104,-1.8986342895578427,1.7928924590262068,2.996900060562092,6.952153108511909,9.73278281710618,-0.02863534099754582,2.8961059836510463,-6.9757220035962355,-1.9177636728833654,-1.7462123945157542
45.08000000000913,-1.8978829899880791,1.7887363443421582,2.993620568693975,6.954917095931246,9.737111638585521,-0.028307349753433256,2.8931872398035514,-6.978989633326854,-1.9175352801692547,-1.7418118565328586
45.10000000000915,-1.8966961248784928,1.784450458560252,2.9899424173309512,6.95748237423372,9.74155413784848,-0.02755664559035437,2.8905045283711,-6.982619846450565,-1.9177246771493426,-1.7373096100950383
45.12000000000918,-1.8951362768350666,1.7800320817076627,2.985912648484382,6.959891389075464,9.74610714861165,-0.026446781640580043,2.8880153406925744,-6.986565374102223,-1.9182694533581726,-1.7327145460611246
45.1400000000092,-1.8932664869580393,1.775496125026554,2.9815897705595735,6.9621748649097706,9.75075250804859,-0.025041783844209523,2.885686077395715,-6.990768616300684,-1.9191066180497303,-1.728047712857043
45.16000000000923,-1.8911495549519597,1.770881139750559,2.9770468700897545,6.964346037485783,9.755450229651952,-0.023403801822329248,2.883499255500611,-6.99515845716492,-1.9201766159016056,-1.7233499102517802
45.18000000000925,-1.888865315118349,1.7662487478512094,2.9723838140207612,6.9664123737925445,9.760138540170457,-0.021609772657968995,2.8814417738998994,-6.99963877217493,-1.9214072039191326,-1.7186829546172326
45.200000000009275,-1.8865224909418028,1.7616674754525534,2.9677256238666043,6.96839559622293,9.764749249706947,-0.019764380428264137,2.8794848581181514,-7.0040899372733065,-1.9226988735121526,-1.7141158648737238
45.2200000000093,-1.8842477335991377,1.7571914528902657,2.9632014947728487,6.9703405054502126,9.76922778591566,-0.01799203447105386,2.8775756489891875,-7.0083874939648405,-1.9239297106740358,-1.7097060247379312
45.240000000009324,-1.882161428863019,1.7528518767507588,2.958922388356662,6.97230744165244,9.773543964673497,-0.01641760608169936,2.875640774695949,-7.012421996590898,-1.9249707884800034,-1.7054863398185578
45.26000000000935,-1.880377196001442,1.7486276701458874,2.9549590730949147,6.974396378920364,9.777726801323842,-0.015166721490170032,2.873562956959449,-7.016125424631391,-1.9256863084721951,-1.701428909793603
45.28000000000937,-1.8789819756884532,1.7444344358163073,2.9513198993020255,6.976732884928515,9.781864047700246,-0.014336138767764631,2.87121117149208,-7.019493467927271,-1.9259661421664984,-1.6974485650292273
45.3000000000094,-1.8780328517148295,1.740186229605776,2.9479838250173103,6.979415889832352,9.786045123442138,-0.01397518282377614,2.8684839504004347,-7.022557934191289,-1.9257516512019224,-1.6934542557432994
45.32000000000942,-1.8775506126539871,1.7358402693954254,2.9449313748307464,6.982488538024206,9.790318705815523,-0.014093500803304449,2.86533971573518,-7.025354028355768,-1.9250372581526838,-1.689387817910515
45.34000000000945,-1.8775106892859181,1.7313884216776718,2.9421341766518587,6.985941119833925,9.794701382875767,-0.014661423888712933,2.861786240705878,-7.02791923808113,-1.9238552369702855,-1.6852209633781419
45.36000000000947,-1.8778578359475429,1.7268358429814674,2.9395514937109564,6.98973437591057,9.79919569398553,-0.015621803771514647,2.8578606873293833,-7.030297550361474,-1.9222620646135546,-1.680941167838066
45.380000000009495,-1.8785276156816761,1.7221969662326901,2.9371434138027226,6.99381537560462,9.803792182742763,-0.016909206665845437,2.8536153321378595,-7.0325285755996845,-1.920322089929937,-1.6765505996110315
45.40000000000952,-1.8794599395393408,1.7175022445535504,2.9348847084763254,6.998121050096653,9.808462781327282,-0.018461576670951097,2.8491140130703694,-7.034635651359133,-1.9180981106234931,-1.672072313568063
45.420000000009544,-1.8805918027640667,1.71280412200846,2.9327625755565925,7.0025688659647995,9.813156004333965,-0.020211635759576286,2.844441782036529,-7.036628994401978,-1.9156613658645427,-1.667553957473503
45.44000000000957,-1.881838550137057,1.7081710460339732,2.930758355494045,7.007049440499293,9.817804608988281,-0.022068700613541943,2.8397123629136956,-7.038523983201462,-1.9131091686928634,-1.663058752952084
45.46000000000959,-1.8830878317739206,1.7036687754700914,2.928830917028953,7.011437796006933,9.822345843661626,-0.02391545360505263,2.8350552545053564,-7.040357678903407,-1.9105650738981705,-1.6586441326326888
45.48000000000962,-1.8842136936224962,1.6993457237081924,2.926918440271089,7.0156148952480955,9.826736164085252,-0.025625732287220454,2.8305911238498846,-7.042186096723152,-1.9081565671689245,-1.6543472419746232
45.50000000000964,-1.8850829394719493,1.6952095356497177,2.924926455057466,7.019487411189275,9.830970549941497,-0.027074141420174377,2.826412484617979,-7.044087537227617,-1.906000729780328,-1.6501735387859529
45.52000000000967,-1.8855667615499112,1.6912001313283431,2.922726033952967,7.023019290079233,9.835112610768334,-0.02814381280607467,2.8225562637717934,-7.046183079597247,-1.9041986253207022,-1.646060618385667
45.54000000000969,-1.8855785141381143,1.6872223156475183,2.9201938966549394,7.026229697098251,9.83925993165449,-0.02876337211878219,2.8190056202152283,-7.048589639163189,-1.9028160008253758,-1.6419110495123042
45.560000000009715,-1.8850872327118233,1.6831998960357173,2.9172584009026616,7.029154268820783,9.84348309917351,-0.028903841755952404,2.8157383810090995,-7.051379641442524,-1.9018910397663769,-1.6376567637260957
45.58000000000974,-1.884107704139377,1.6790915795816672,2.9139049837549833,7.031828083848296,9.847811920652788,-0.02857585051130686,2.812731887365002,-7.0545667193629455,-1.9014201314774677,-1.6332755375106225
45.600000000009764,-1.8826861118670537,1.6748777284766219,2.9101584562246567,7.0342924258869655,9.852254419915694,-0.02782514634767421,2.8099514823056673,-7.058122663071706,-1.90136076288491,-1.6287697002331294
45.62000000000979,-1.8808847930043757,1.670552172987992,2.9060646890796025,7.036591003714025,9.856807430678785,-0.026715282397324704,2.8073559578540435,-7.061999065601229,-1.9016511093257298,-1.624151573606893
45.64000000000981,-1.8787675155149886,1.6661263224222795,2.901681333877661,7.038756120942309,9.861452790115596,-0.025310284600363837,2.804913292874252,-7.066137434879351,-1.902229437711327,-1.6194456504082877
45.66000000000984,-1.876399111015039,1.661635203370163,2.8970810903364668,7.040802995240936,9.866150511718756,-0.023672302577893062,2.802607944087944,-7.070466206042987,-1.9030385352082841,-1.6146959550541606
45.68000000000986,-1.873862693018581,1.6571359378664179,2.89236358550931,7.042741805659525,9.870838822236978,-0.021878273412963504,2.8004294283140045,-7.074888933950832,-1.9040096805449014,-1.6099681967595274
45.70000000000989,-1.871270601229623,1.6526909471949334,2.8876532041972554,7.04459766519439,9.87544953177312,-0.02003288118273119,2.7983522336156663,-7.079285256538107,-1.9050473259149274,-1.6053367810860357
45.72000000000991,-1.8687522812237733,1.6483472893708024,2.883077875921952,7.046418870050902,9.87992806798144,-0.018260535225051302,2.7963269036873615,-7.0835293243617325,-1.9060329101022855,-1.600865732669567
45.740000000009935,-1.8664296570185233,1.644129469398053,2.8787468809834342,7.048268754529386,9.884244246738879,-0.016686106835312495,2.7942830690388534,-7.087509737643513,-1.9068395187256466,-1.5965950223849288
45.76000000000996,-1.8644150114904923,1.640010171916655,2.87472824397235,7.050249179570425,9.888427083388876,-0.015435222243512159,2.79210534382785,-7.09115531286508,-1.90733002049215,-1.592504287087497
45.780000000009984,-1.8627904949610887,1.635900330081575,2.871026898638896,7.05248589344142,9.892564329765001,-0.014604639520921024,2.789662869357296,-7.094458179647498,-1.9073897542918243,-1.5885145648911128
45.80000000001001,-1.8616083610009135,1.6317109802962113,2.867619121444662,7.055077217724412,9.896745405506696,-0.014243683576821516,2.7868533505599546,-7.097447375607759,-1.9069551461390135,-1.584538181007209
45.82000000001003,-1.8608870053739273,1.6273982583342812,2.8644842713238443,7.058065751440361,9.90101898787998,-0.014362001556295977,2.783634267828287,-7.100156962397394,-1.9060174170627193,-1.5805173678740816
45.84000000001006,-1.860601447421618,1.622955399048492,2.86159425062252,7.061441017230017,9.905401664940234,-0.014929924641696844,2.780012372420713,-7.102624625132597,-1.9046072306154571,-1.5764220992685145
45.86000000001008,-1.8606968102675154,1.6183906000914934,2.8589094048665613,7.065162662847787,9.909895976050107,-0.01589030452453062,2.7760236168616164,-7.104895344777563,-1.9027802864684882,-1.5722367530333101
45.88000000001011,-1.86110955170962,1.6137218286379698,2.856391275487147,7.069176692217184,9.914492464807557,-0.01717770741892999,2.771719181579791,-7.107010138201259,-1.9006009550635405,-1.567959942801126
45.90000000001013,-1.861781355074605,1.6089828076779151,2.8540163578431392,7.073419374007126,9.9191630633924,-0.018730077424140686,2.7671622465051717,-7.1089940697365455,-1.8981332107821771,-1.5636112225285335
45.920000000010155,-1.8626522059956474,1.6042293785491153,2.8517740981097397,7.077807857277975,9.923856286399474,-0.020480136512907577,2.7624375543790842,-7.110859664452463,-1.8954508138770425,-1.5592342357026747
45.94000000001018,-1.863641355859917,1.5995345564497685,2.8496488171335175,7.0822322924956564,9.928504891054237,-0.022337201367047838,2.7576583689966485,-7.112625386650934,-1.8926544182451697,-1.5548867369300394
45.960000000010204,-1.8646402552161339,1.5949702005351005,2.847602796295319,7.086566630026693,9.933046125728055,-0.02418395435875676,2.7529531338194904,-7.114331804124797,-1.8898705600463734,-1.550619252374177
45.98000000001023,-1.8655258138920705,1.5905916017557549,2.8455774745037536,7.09069019608841,9.937436446152144,-0.02589423304113809,2.7484409485535486,-7.116038191645719,-1.887228580708539,-1.5464618350043002
46.00000000001025,-1.8661654606003806,1.5864137443992723,2.8434809535451726,7.094507130025577,9.941670832008805,-0.027342642174366837,2.7442121641283106,-7.117825335769441,-1.884845684276755,-1.542413472648502
46.02000000001028,-1.8664272680994114,1.582383748909285,2.8411853337299804,7.097977886599874,9.945812892835983,-0.02841231356055806,2.740300402397793,-7.119815274766111,-1.8828193362221775,-1.5384062780841359
46.0400000000103,-1.866219468954328,1.5784113472138996,2.838566859322064,7.101118272611362,9.94996021372241,-0.029031872873575556,2.736685650220044,-7.12212442294463,-1.8812098061882134,-1.5343393399964935
46.06000000001033,-1.865506940800516,1.5744221717849054,2.8355529457791757,7.103961963914755,9.954183381241597,-0.029172342511089213,2.7333437740080617,-7.124824576298869,-1.880051462785367,-1.530142586360866
46.08000000001035,-1.8643021690327721,1.5703741765652466,2.8321280819523644,7.106543630263393,9.958512202720966,-0.0288443512668275,2.7302517527447043,-7.127928746753436,-1.8793394743447571,-1.5257940268027266
46.100000000010375,-1.862650182907345,1.5662452048330384,2.8283159474135435,7.108905214578291,9.962954701983898,-0.02809364710362167,2.727375709127708,-7.131407792752824,-1.8790315211437016,-1.521298333416062
46.1200000000104,-1.8606128840207996,1.562025655902545,2.8241612077828533,7.111091656451513,9.967507712746974,-0.0269837831537406,2.7246757663218877,-7.135212205006018,-1.8790665527761452,-1.516671221209254
46.140000000010424,-1.8582545728221482,1.5577234023666529,2.819720615158819,7.113136814779006,9.972153072183762,-0.025578785357283893,2.722121505095351,-7.139282642582997,-1.879384281986236,-1.5119405526498693
46.16000000001045,-1.8556419152188572,1.553369839404733,2.815066428709147,7.115057877902089,9.9768507937869,-0.023940803335341636,2.7196993333597286,-7.143547144534247,-1.8799300128262568,-1.5071534426068967
46.18000000001047,-1.8528610505901981,1.5490174149949487,2.8102979619575446,7.116867729407333,9.981539104305126,-0.022146774170948815,2.717401393608596,-7.147909016382412,-1.8806387552243435,-1.5023792928430553
46.2000000000105,-1.8500275924247667,1.5447222553079638,2.8055388710560014,7.118594854332751,9.986149813841303,-0.020301381941243323,2.715205455300493,-7.152247247018214,-1.8814192134079062,-1.4976976687577173
46.22000000001052,-1.8472733861198742,1.5405242025956705,2.8009157253461487,7.120291008718745,9.990628350049688,-0.01852903598406244,2.7130655015450595,-7.156434689069386,-1.8821565403508411,-1.4931790407456533
46.240000000010546,-1.8447215222880302,1.5364409955833747,2.796536043038922,7.122022474175784,9.994944528807208,-0.01695460759478097,2.710914217190997,-7.160358070976706,-1.8827262210768687,-1.48887032310838
46.26000000001057,-1.8424826051528693,1.5324391637020978,2.7924650545600005,7.123892923206052,9.999127365457287,-0.01570372300338929,2.7086381941176185,-7.163943098837074,-1.8829902094629558,-1.4847587519499983
46.280000000010595,-1.8406337442718674,1.5284252420154394,2.788704273448728,7.126028191725892,10.003264611833485,-0.014873140281142973,2.7061068359396887,-7.167178347868798,-1.8828296612843318,-1.4807718138245303
46.30000000001062,-1.8392222037156922,1.524307518666017,2.7852273121237205,7.128525920071829,10.00744568757523,-0.014512184337343765,2.70321709602514,-7.170090064130545,-1.882176260717371,-1.4768254761880417
46.320000000010644,-1.8382639303647395,1.5200411810274315,2.782012379119793,7.131428130407413,10.011719269948534,-0.014630502317091568,2.699925544535556,-7.172711140817078,-1.8810180540058994,-1.4728625440300365
46.34000000001067,-1.8377336082682512,1.515620852934255,2.779031671987318,7.134723585428385,10.016101947008767,-0.01519842540274797,2.696237905788185,-7.1750794326462195,-1.8793840008344864,-1.468851344583059
46.36000000001069,-1.8375768966125192,1.5110577481746814,2.77624664785743,7.138370869819931,10.020596258118564,-0.016158805285823703,2.692188896241489,-7.1772408813055675,-1.8773288538026054,-1.46477320546047
46.38000000001072,-1.8377313416406018,1.5063733134045059,2.7736203302235585,7.1423149619885296,10.02519274687586,-0.017446208180451887,2.6878285623921028,-7.17923787981349,-1.874916808731756,-1.4606231898328066
46.40000000001074,-1.8381405767161925,1.5016044386868,2.771130955627157,7.146491515196973,10.029863345460466,-0.018998578185873645,2.6832193794628796,-7.1810972007466365,-1.8722128216737859,-1.4564172911376398
46.420000000010766,-1.8387477607984093,1.4968101924166837,2.7687702263943894,7.1508174222252,10.034556568467227,-0.020748637274824875,2.6784457183912282,-7.182833668223368,-1.8692929491270782,-1.4521950155503878
46.44000000001079,-1.8394762980189836,1.4920679349884525,2.7665254553567147,7.1551824479075865,10.039205173121612,-0.02260570212911423,2.6736202991736775,-7.184468818726938,-1.8662608790318744,-1.4480084746110737
46.460000000010815,-1.8402217702410912,1.4874554068308685,2.7643623644143527,7.159459563837057,10.043746407795018,-0.024452455120933206,2.668870414993895,-7.186046696712567,-1.863245743209463,-1.4439011340034529
46.48000000001084,-1.840864326376931,1.4830346079154946,2.762225694558778,7.163526548881133,10.048136728218681,-0.026162733803382934,2.664313510195525,-7.1876297926967645,-1.8603783445674815,-1.4398958625987766
46.500000000010864,-1.8412724241675695,1.4788278162407356,2.7600261874501824,7.167285079616076,10.05237111407496,-0.027611142936592163,2.6600377061859,-7.1893013195128015,-1.8577756526585463,-1.4359851813302174
46.52000000001089,-1.8413114190437507,1.4747895138480547,2.7576370656782907,7.170692148545452,10.056513174901818,-0.02868081432271134,2.6560732948599846,-7.191184184319015,-1.8555312377416562,-1.4320959273675435
46.54000000001091,-1.840884701580318,1.470834634846096,2.7549341895446275,7.173760192405915,10.060660495788,-0.029300373635610052,2.6523971058221667,-7.193394214357201,-1.8536997083538427,-1.428124016941386
46.56000000001094,-1.8399530986330652,1.4668908634376925,2.751844085874627,7.176520901441697,10.064883663307038,-0.029440843272958695,2.6489830626753887,-7.196002523031667,-1.8523115134813524,-1.423997588036291
46.58000000001096,-1.8385267560651635,1.4629155285851585,2.7483503067762807,7.179008510932637,10.069212484786346,-0.02911285202848938,2.6458077991892486,-7.199021491646382,-1.8513606151805766,-1.4196949504509853
46.600000000010986,-1.8366494116842786,1.458884022191787,2.744475382878498,7.181265592013447,10.073654984049298,-0.02836214786503653,2.6428382427761523,-7.202421068482321,-1.8508050160792107,-1.415223104764809
46.62000000001101,-1.834382342885058,1.4547833418835974,2.7402627416401226,7.183338281874933,10.078207994812463,-0.027252283914872243,2.6400358772168757,-7.206150678518578,-1.8505846261224712,-1.4106011113787666
46.640000000011035,-1.831790186600721,1.4506177995425702,2.735768193753421,7.185261969670121,10.082853354249385,-0.0258472861180998,2.637371907667225,-7.2101501758276525,-1.8506407876553523,-1.405860117521148
46.66000000001106,-1.8289412398184852,1.4464150632377308,2.731063504427535,7.18705580170815,10.087551075852694,-0.024209304095815322,2.6348347032751294,-7.214347256561742,-1.850921488340437,-1.401050184897278
46.680000000011084,-1.8259244052120778,1.4422227470182676,2.7262476002513654,7.188735356589947,10.092239386371105,-0.022415274931063784,2.6324190380165624,-7.218645048376803,-1.8513656674089,-1.3962441962666508
46.70000000001111,-1.822858217640692,1.438090510857357,2.721443317330309,7.190332470341204,10.096850095907461,-0.02056988270099653,2.6301059791765344,-7.222921980561493,-1.8518865594102472,-1.3915266343345094
46.72000000001113,-1.8198765204311165,1.4340508597962005,2.716775771275236,7.191902320583108,10.101328632116012,-0.018797536743465255,2.6278529832921533,-7.227049701792286,-1.8523733815858947,-1.3869742004460812
46.74000000001116,-1.8171031955850532,1.430114712210042,2.712350638738429,7.1935140872458145,10.105644810873681,-0.01722310835384784,2.6255958393053627,-7.230913152450894,-1.8527043979120474,-1.3826406093249852
46.76000000001118,-1.814646831528447,1.4262425443462057,2.708230307767062,7.195273177766037,10.109827647523886,-0.01597222376212836,2.623223200639933,-7.234434983162099,-1.8527410682287417,-1.378520735230988
46.780000000011206,-1.8125792620088441,1.4223367780775134,2.7044128705709074,7.197305422700386,10.11396489390018,-0.015141641039586566,2.620604829749936,-7.2376002231858125,-1.8523607274585314,-1.374548734194432
46.80000000001123,-1.8109426175262366,1.4183032328426415,2.7008692950293325,7.199707708971303,10.118145969641999,-0.014780685095503893,2.617637004602944,-7.240432307623287,-1.8514905261807038,-1.3706444720646318
46.820000000011255,-1.8097503474680288,1.4140962842132936,2.6975766553843816,7.202521450825214,10.122419552015355,-0.014899003074965828,2.614275417229781,-7.242962936900371,-1.850115372291491,-1.3667515007245026
46.84000000001128,-1.808976877759505,1.4097119613935765,2.694507464940222,7.205734659318667,10.126802229075626,-0.015466926160326024,2.6105247607754802,-7.245230107357182,-1.8482624333323967,-1.3628365974074244
46.860000000011304,-1.8085685692918365,1.4051644601252593,2.6916243209212767,7.209304886678795,10.131296540185472,-0.01642730604309212,2.6064184899726666,-7.2472806874480735,-1.8459853479337784,-1.3588780964145304
46.88000000001133,-1.8084642471251986,1.400478641171371,2.6888917562135237,7.21317612646298,10.135893028942847,-0.01771470893739846,2.6020054803950607,-7.249158415007067,-1.8433479416146497,-1.3548675255026297
46.90000000001135,-1.8086096664775555,1.395694449219463,2.6862897646269532,7.217283464088297,10.140563627527575,-0.0192670789424924,2.597347456381277,-7.250891751066286,-1.8404159540975185,-1.3508172688389126
46.92000000001138,-1.8089513328973013,1.390873999669219,2.683812310771745,7.2215435974810305,10.145256850534501,-0.02101713803112013,2.592528354703964,-7.252497807836477,-1.8372675062903872,-1.346762574864039
46.9400000000114,-1.8094170367408966,1.3860987623004464,2.6814497088417024,7.225845987321732,10.149905455189101,-0.022874202885101398,2.58766026824672,-7.254001178063962,-1.8340090041142134,-1.3427497532048278
46.960000000011426,-1.8099068094742092,1.3814521218464328,2.6791711465923216,7.230062720319784,10.154446689862748,-0.024720955876636894,2.582869245829528,-7.255449350311808,-1.8307717814310507,-1.3388150765729325
46.98000000001145,-1.8103044044249472,1.3770025983108451,2.676924707941393,7.234070118329763,10.158837010286662,-0.02643123455883683,2.5782709896275513,-7.256907984652865,-1.8276877039137724,-1.334974160032704
47.000000000011475,-1.8104797093307845,1.3727796954949822,2.6746238403961313,7.23776746783283,10.163071396143176,-0.027879643691853553,2.5739513263932,-7.258462658692937,-1.8248731500749273,-1.3312130804203823
47.0200000000115,-1.8102957727195896,1.3687453957863898,2.672142982530343,7.241108330862407,10.167213456970238,-0.02894931507783223,2.569937195672932,-7.260237057634426,-1.8224175097396709,-1.3274536223139932
47.040000000011524,-1.8096514376615467,1.3648200947728153,2.669357702438187,7.244101764899363,10.171360777856579,-0.029568874390638256,2.566202286943408,-7.262346336040988,-1.8203695638805328,-1.3235888467586316
47.06000000001155,-1.8085035996407561,1.3609337488217428,2.666193692618726,7.246777451154351,10.17558394537572,-0.029709344027933543,2.5627186002713285,-7.264860872165599,-1.8187557490447432,-1.3195453207984653
47.08000000001157,-1.8068600340620564,1.3570431919850623,2.6626335805939356,7.249169165129506,10.179912766855065,-0.029381352783443598,2.5594624414836553,-7.267792407540297,-1.8175688394189278,-1.315301720521672
47.1000000000116,-1.8047630539625796,1.353121439801842,2.6586987313967145,7.251320074707775,10.184355266117988,-0.028630648619999286,2.556401567152296,-7.271110002494587,-1.8167672879979289,-1.3108673536536697
47.12000000001162,-1.8022731257487887,1.3491521278437943,2.654431302226203,7.2532774805775055,10.188908276881062,-0.027520784669870256,2.5534988501423386,-7.274762053659054,-1.816292148245258,-1.3062645678879545
47.140000000011646,-1.7994550258112711,1.3451359941384695,2.6498861211172176,7.255078275991746,10.19355363631783,-0.02611578687315863,2.550727141280302,-7.2786876545642105,-1.8160865709075191,-1.3015277002702297
47.16000000001167,-1.7963784740335478,1.3410968953065014,2.645134406276738,7.2567435510759335,10.198251357920936,-0.024477804850960648,2.5480767795470487,-7.2828142119057135,-1.8161013858020445,-1.29670960674356
47.180000000011695,-1.7931348653899233,1.3370774663305578,2.640274624239548,7.258291567930799,10.202939668439098,-0.02268377568632104,2.545545174263592,-7.287044747073837,-1.8162796475890088,-1.2918864289022713
47.20000000001172,-1.7898452947912376,1.3331207496123811,2.635428700272984,7.259757490038852,10.207550377975183,-0.020838383456387846,2.5431167045350476,-7.2912572196113965,-1.8165393856192171,-1.2871473092364831
47.220000000011744,-1.7866451955114053,1.3292518139003424,2.6307202037808386,7.261199875818833,10.212028914183463,-0.019066037499006195,2.5407523317709777,-7.295322169111579,-1.8167742190905858,-1.2825749462401113
47.24000000001177,-1.7836588633231678,1.3254747239381437,2.626252891748292,7.2626907523878375,10.216345092940868,-0.017491609109561726,2.5383909964667146,-7.2991228329407285,-1.8168655620086736,-1.2782296913251605
47.26000000001179,-1.7809925398546307,1.3217440232660442,2.622086263731308,7.264337184207697,10.220527929590851,-0.016240724518054497,2.5359234958897354,-7.302578863422531,-1.8166748024759236,-1.2741140725313207
47.28000000001182,-1.7787125640791857,1.3179583180045407,2.6182149920201905,7.266264903470605,10.224665175966976,-0.01541014179572691,2.5332200475950546,-7.305671754923808,-1.8160758284705978,-1.270169116071199
47.30000000001184,-1.7768558045036156,1.314021245970346,2.6146074214134876,7.268569972073219,10.228846251708669,-0.01504918585187362,2.5301763308136516,-7.3084221142668655,-1.8149914790351205,-1.2663188304530175
47.320000000011866,-1.7754331720258065,1.309886510006033,2.6112395088055393,7.2712931657344635,10.233119834081956,-0.015167503831585409,2.5267471921948577,-7.310860425677953,-1.813403569722013,-1.2625076865188285
47.34000000001189,-1.7744189124021938,1.3055515567890619,2.6080841035704836,7.2744217527330175,10.237502511142202,-0.01573542691721764,2.5229362902427286,-7.313024799035303,-1.8113373931173935,-1.2587010127728777
47.360000000011915,-1.773760251732013,1.3010335207432082,2.6051049706714506,7.277912284212216,10.24199682225205,-0.016695806800277564,2.518775793236836,-7.314962994918249,-1.8088453103807993,-1.2548742162457471
47.38000000001194,-1.7733974803665153,1.2963606009579558,2.6022681786016797,7.281707810276179,10.246593311009436,-0.017983209694897292,2.514313369702812,-7.316720063648603,-1.8059905821753095,-1.2510153151057832
47.400000000011964,-1.7732786407273315,1.2915756749856122,2.5995554932268217,7.2857428964763224,10.251263909594167,-0.019535579700318828,2.509609947473005,-7.318326133677634,-1.8028395315057764,-1.247133046500351
47.42000000001199,-1.773353748014361,1.286743715889752,2.596963145901973,7.289934107456022,10.255957132601088,-0.021285638789278815,2.5047489671154635,-7.319800592660402,-1.7994721055610965,-1.24325829369079
47.44000000001201,-1.7735551989188232,1.2819500544988254,2.594484459342307,7.294170681444554,10.260605737255654,-0.023142703643584835,2.499841811550062,-7.32117107142918,-1.7959971038956046,-1.2394314232292982
47.46000000001204,-1.7737877792341878,1.277283465676603,2.592092109932704,7.298323914811868,10.265146971929243,-0.02498945663542565,2.4950131920670744,-7.3224884675549,-1.7925476620792078,-1.2356814042885624
47.48000000001206,-1.7739392010477413,1.2728187805955995,2.589737562889786,7.302268763813411,10.269537292353093,-0.026699735317900937,2.4903769831546247,-7.32382156213573,-1.7892563065960196,-1.232016550527969
47.500000000012086,-1.773881178703048,1.2685926389262656,2.5873370355410206,7.305902199275311,10.273771678209538,-0.02814814445115397,2.4860166534733352,-7.3252582342974355,-1.7862384701726237,-1.2284165371273827
47.52000000001211,-1.7734748712816946,1.2645746392878094,2.5847662752499856,7.309174387084392,10.277913739036544,-0.02921781583732577,2.4819557703093698,-7.32692285586755,-1.7835790897215427,-1.2247983344898197
47.540000000012135,-1.7726148826965975,1.2606908813979067,2.581900649874381,7.312090998771144,10.282061059922846,-0.029837375150289124,2.478164902458401,-7.328929823617805,-1.7813209699561594,-1.2210524744469837
47.56000000001216,-1.7712543084517116,1.2568738072962777,2.5786650725095646,7.314679684574491,10.28628422744196,-0.029977844787718828,2.47461414714632,-7.3313487286313705,-1.779486454400487,-1.2171041769416056
47.580000000012184,-1.7693985297924952,1.253079887703189,2.575041258931969,7.316973735254503,10.290613048921307,-0.029649853543349744,2.471279499770395,-7.334190663989856,-1.7780671513971074,-1.212932549351037
47.60000000001221,-1.7670883060065943,1.2492798440477453,2.571049392787021,7.319016883535855,10.29505554818427,-0.028899149380017884,2.4681295698939705,-7.337423824939632,-1.7770220909518968,-1.2085491781748747
47.62000000001223,-1.764383108198088,1.2454539997295384,2.5667303298546518,7.32085755864323,10.299608558947423,-0.02778928542999501,2.46512864690807,-7.340995617904203,-1.7762936497279556,-1.2039796302786687
47.64000000001226,-1.7613476547629976,1.241599516672032,2.562137874987374,7.322534130660919,10.304253918384322,-0.026384287633382263,2.462251247376594,-7.344844420889687,-1.7758269601618555,-1.1992613278590702
47.66000000001228,-1.758052875960421,1.2377363673275237,2.5573426467507376,7.324069617942366,10.308951639987603,-0.02474630561127237,2.4594896872540732,-7.348897404790843,-1.7755758441066498,-1.1944497599809907
47.680000000012306,-1.7545923804743229,1.2339020776518574,2.5524425788462013,7.325484952590088,10.313639950505982,-0.022952276446706242,2.4568440131214584,-7.353057556411703,-1.775487645232801,-1.1896240949782217
47.70000000001233,-1.7510894541446806,1.230132941273141,2.547558595584859,7.326818599553135,10.318250660042308,-0.02110688421683018,2.4543019274498543,-7.357202455752541,-1.7754854375560483,-1.1848778634009847
47.720000000012355,-1.7476807073637082,1.2264465142321548,2.542812628830035,7.328132454765694,10.322729196250839,-0.019334538259489532,2.4518279253758006,-7.361201629010812,-1.7754675665016633,-1.1802995088097563
47.74000000001238,-1.7444904707957836,1.222839995250876,2.538306439210282,7.329501339294631,10.327045375008494,-0.017760109870060103,2.4493641440787335,-7.364936696839806,-1.7753189575793344,-1.1759558353413442
47.760000000012404,-1.7416223154245598,1.2192621337232696,2.5340965938127034,7.331033895492647,10.33122821165869,-0.01650922527852745,2.4468036053845097,-7.368324372649154,-1.774901349671831,-1.1718570171095062
47.78000000001243,-1.7391368832342633,1.2156080290871865,2.5301743489459967,7.332855664255477,10.335365458034982,-0.015678642556153338,2.4440170778751353,-7.371342629590544,-1.7740855682291763,-1.167951130273718
47.80000000001245,-1.7370656683555763,1.2117794312693797,2.526505449725091,7.335061811452093,10.3395465337768,-0.015317686612226848,2.440899719151197,-7.374009230976278,-1.7727903759595716,-1.1641665576389655
47.82000000001248,-1.7354170099381767,1.2077295115066673,2.523064753467514,7.337692444135518,10.343820116150164,-0.015436004591838776,2.4374055638545107,-7.3763534223013245,-1.7709945515017738,-1.1604488582708068
47.8400000000125,-1.7341650520739484,1.203457141732915,2.5198254656851033,7.340734097216931,10.348202793210433,-0.01600392767734454,2.4335372331439964,-7.378413398814038,-1.7687214353894156,-1.1567620176302185
47.860000000012526,-1.733258046936027,1.1989823428246036,2.5167525458619537,7.344142352870099,10.352697104320258,-0.01696430756025224,2.429325585069694,-7.380237777917643,-1.7660219517034692,-1.1530785904416483
47.88000000001255,-1.732637932174193,1.1943365662409668,2.513813623178226,7.347859359839076,10.357293593077593,-0.0182517104546959,2.424817045876024,-7.381872889123898,-1.7629586034193747,-1.149383121808021
47.900000000012575,-1.7322551957912637,1.1895654916993499,2.5109922490325465,7.35181921217399,10.36196419166225,-0.01980408045992054,2.420071701855631,-7.383350506034501,-1.7595980946579506,-1.1456806752241628
47.9200000000126,-1.7320635150027313,1.1847367518757772,2.5082869243104375,7.35593840290464,10.366657414669078,-0.021554139548667185,2.4151724356987603,-7.384692277418901,-1.7560219551932397,-1.141997674633427
47.940000000012624,-1.7320000989035478,1.1799392785412033,2.5056939851837976,7.3601060296760075,10.371306019323546,-0.02341120440274955,2.410229838035426,-7.385928851772629,-1.7523410465691753,-1.1383684204677087
47.96000000001265,-1.731974777847528,1.1752669660856034,2.503189616862526,7.364192693646906,10.375847253997046,-0.02525795739436425,2.405367190448714,-7.387114498054701,-1.7486899002384932,-1.1348144900566683
47.98000000001267,-1.7318795649584922,1.1708007287493432,2.5007287017354467,7.368072077896818,10.380237574420809,-0.026968236076619093,2.400696455572013,-7.38832106755062,-1.745201299528154,-1.1313368703129967
48.0000000000127,-1.7315883922273052,1.1665842303866822,2.498230288876328,7.3716389137484395,10.384471960277189,-0.028416645209645843,2.396298682280217,-7.389638675952277,-1.741989379515722,-1.1279088967145128
48.02000000001272,-1.7309609525053213,1.162594778518244,2.495571526276946,7.374840007775705,10.38861402110414,-0.029486316595606868,2.3921940481799933,-7.391192289785804,-1.7391343652956766,-1.1244429785807575
48.040000000012746,-1.7298879318174185,1.1587644022550918,2.4926276736774713,7.377677641366742,10.392761341990399,-0.030105875908373405,2.3883500231394534,-7.39309546347732,-1.7366729548446278,-1.1208274522118407
48.06000000001277,-1.7283187686620796,1.1550282352399193,2.489322920268285,7.380177413351684,10.39698450950949,-0.03024634554561031,2.3847348236456622,-7.395416949503587,-1.7346233305557266,-1.1169864183942726
48.080000000012795,-1.7262564337222197,1.1513425175476875,2.4856380835946394,7.38237210514244,10.401313330988827,-0.029918354301047126,2.38132415240869,-7.398167184296584,-1.7329759605070862,-1.112899479479685
48.10000000001282,-1.7237400082932015,1.1476757657447227,2.4815921509962307,7.384305981981361,10.405755830251769,-0.029167650137517775,2.378087495184882,-7.401313521527269,-1.731690576600733,-1.1085804654238414
48.120000000012844,-1.720827786896403,1.1440050510368764,2.477224646636197,7.386028565834133,10.41030884101489,-0.02805778618729373,2.374990584285901,-7.4048024162853485,-1.7307110543473225,-1.1040580843312668
48.14000000001287,-1.7175842326581303,1.1403239678945736,2.4725883124161583,7.387579675255934,10.414954200451728,-0.026652788390478147,2.372009620848544,-7.408571576598961,-1.7299846751211676,-1.099372729478953
48.16000000001289,-1.714081270002852,1.1366485437215805,2.4677531150641894,7.388984239814739,10.419651922054921,-0.02501480636816907,2.3691389034804917,-7.412547991391879,-1.7294683935716366,-1.0945823539114468
48.18000000001292,-1.7104144359854245,1.1330110810599796,2.4628163830630077,7.3902658461434,10.424340232573176,-0.02322077720341519,2.366381115988164,-7.416634684586898,-1.7291140028868937,-1.0897689113804083
48.20000000001294,-1.7067088315740369,1.1294410141336984,2.457897950389078,7.391466232227061,10.428950942109358,-0.021375384973370114,2.363727293298024,-7.420708947125644,-1.7288498562339836,-1.0850300353954934
48.220000000012966,-1.7031018278622665,1.1259483327614497,2.453118021242145,7.392650585766441,10.433429478317723,-0.01960303901588422,2.3611454905161064,-7.424639388246528,-1.7285793351298044,-1.0804596449892598
48.24000000001299,-1.6997174114203584,1.1225233781823585,2.4485762846801316,7.393896466475972,10.437745657075215,-0.01802861062634407,2.3585810842738524,-7.428306099387142,-1.728191227359171,-1.0761307933903048
48.260000000013015,-1.6966561668815792,1.1191092618666034,2.444326333510996,7.3953140142988225,10.441928493725271,-0.01677772603474697,2.355929400025849,-7.43162291660244,-1.7275480440338382,-1.0720612697734997
48.28000000001304,-1.693972854391588,1.1155978963281434,2.440356014524508,7.3970284860436895,10.446065740101455,-0.01594714331233857,2.3530618528992115,-7.434564308109658,-1.7265179418262848,-1.0682063585197101
48.300000000013064,-1.6916934977042932,1.111889443090465,2.4366284984706605,7.399134081212227,10.450246815843197,-0.015586187368405375,2.349873156355972,-7.437145180581776,-1.7250158547387096,-1.0644990350348196
48.32000000001309,-1.6898238388016955,1.10793668452846,2.433117561673787,7.40167020854735,10.45452039821652,-0.01570450534803223,2.3463165670046915,-7.439393519166374,-1.7230175891832804,-1.0608861125552265
48.34000000001311,-1.6883379989253242,1.1037399212709853,2.4297967855879516,7.404622679545132,10.458903075276794,-0.01627242843357041,2.342393666721822,-7.441347576250814,-1.720544462494368,-1.057330343278478
48.36000000001314,-1.687185414060375,1.0993219996194312,2.4266323501175995,7.407946140240159,10.463397386386662,-0.017232808316525388,2.3381339805198844,-7.443056790127788,-1.7176458064471896,-1.053801513281834
48.38000000001316,-1.6863098461412915,1.0947175275321852,2.423593469055956,7.411581880775805,10.467993875144078,-0.018520211211029824,2.333582658047239,-7.444568735255618,-1.7143831758074706,-1.050280741712579
48.400000000013186,-1.6856643796749624,1.0899748476503424,2.4206654914922345,7.415463572413735,10.472664473728845,-0.02007258121632819,2.3287988996454776,-7.445916806901696,-1.710823452483961,-1.0467694029784558
48.42000000001321,-1.6852064950939685,1.0851640461038967,2.4178491889504263,7.419507698292367,10.47735769673581,-0.02182264030516031,2.3238649688662814,-7.447124898948662,-1.7070495003161488,-1.043289381159199
48.440000000013235,-1.6848784052967485,1.0803773845237472,2.4151439137672006,7.4236032974432495,10.482006301390427,-0.023679705159336876,2.3188905823093835,-7.44822665490217,-1.7031739049085368,-1.039868806011586
48.46000000001326,-1.6845952600533258,1.075713590616418,2.412529377579617,7.427620371456163,10.48654753606408,-0.025526458151049747,2.3139975007300437,-7.449279674997687,-1.69933218351686,-1.0365217972500929
48.480000000013284,-1.6842537026905442,1.0712594150466637,2.409963913296327,7.431431423598807,10.490937856488001,-0.02723673683340275,2.3092956921524057,-7.450358827600858,-1.6956569715597425,-1.0332420120324135
48.50000000001331,-1.6837302671281134,1.0670654127560286,2.407369461570333,7.434929023497308,10.495172242344513,-0.028685145966541155,2.3048637257603213,-7.45155639836277,-1.6922607585582865,-1.0299965274133789
48.52000000001333,-1.6828836076725788,1.063116669337956,2.404624661824865,7.438056657729387,10.499314303171579,-0.029754817352613608,2.300718374567188,-7.452997856142024,-1.6892188132461337,-1.0266934586237733
48.54000000001336,-1.681600825672551,1.0593513504863246,2.4016047578814264,7.4408132158545754,10.50346162405793,-0.030374376665494106,2.2968240335574346,-7.454795829088009,-1.6865616150000209,-1.0232192868063537
48.56000000001338,-1.67982785674303,1.0557074791729688,2.398233271059195,7.443222226373462,10.507684791577086,-0.030514846302854108,2.293147061971315,-7.457018180254296,-1.6843031296584856,-1.0194972249479919
48.580000000013406,-1.6775652519491309,1.0521411982169044,2.3944901348504883,7.445315937120186,10.512013613056448,-0.03018685505842701,2.2896628877904326,-7.459674681709413,-1.6824327140904198,-1.01550743255083
48.60000000001343,-1.6748502954660003,1.048618915289739,2.3903931262552067,7.447139113137188,10.516456112319407,-0.029436150895048578,2.286341895517972,-7.4627318696787,-1.6809109248395229,-1.0112659408701488
48.620000000013455,-1.6717399275384714,1.04511451929532,2.3859804086063208,7.448742332528165,10.521009123082536,-0.02832628694499021,2.2831512857143563,-7.46613528749456,-1.6796833073431137,-1.0068045117411013
48.64000000001348,-1.6682981595260933,1.0416180567764195,2.381303621871602,7.450166832888238,10.525654482519384,-0.026921289148352918,2.2800689616796137,-7.469822019248866,-1.678699452610589,-1.002166386393837
48.660000000013504,-1.664597690778074,1.0381415612334048,2.3764320292273586,7.45143943657381,10.530352204122583,-0.02528330712623059,2.2770912088886153,-7.4737189258588534,-1.6779195792988413,-0.997411805199539
48.68000000001353,-1.6607356955033148,1.0347120133297245,2.371462281999495,7.452586367314542,10.535040514640865,-0.023489277961666437,2.274223346389589,-7.47772914004373,-1.6773000770581807,-0.9926252575156086
48.70000000001355,-1.6568387084644023,1.0313518981634833,2.366513035257368,7.453652605281999,10.539651224177085,-0.021643885731808157,2.2714597481907193,-7.481729754384013,-1.6767747966014885,-0.987908182203877
48.72000000001358,-1.6530444427205675,1.0280636088802837,2.3617026766910296,7.454706581761457,10.544129760385495,-0.019871539774500124,2.2687720529789086,-7.48558855827349,-1.67625245005061,-0.9833596874842433
48.7400000000136,-1.6494761628110288,1.0248306586783213,2.3571287501049496,7.455828537788425,10.548445939143035,-0.018297111385123677,2.2661089172112456,-7.48918420256165,-1.6756260264635416,-0.9790588529956863
48.760000000013626,-1.64623116041575,1.0215906945120916,2.3528418344160937,7.457130029489151,10.552628775793139,-0.017046226793672764,2.2633680473388527,-7.492427709634823,-1.674759228275849,-0.9750310287491691
48.78000000001365,-1.643358146921493,1.0182327714448427,2.3488263758780814,7.458735937004631,10.556766022169361,-0.016215644071386988,2.2604216000745416,-7.495290061646967,-1.6735179452684892,-0.9712388436495546
48.800000000013675,-1.6408775963795739,1.014655766925271,2.3450429980974685,7.460739423843852,10.560947097911138,-0.015854688127558733,2.257163922561865,-7.497783297613806,-1.6718135420365239,-0.9676200700085683
48.8200000000137,-1.6387926361015637,1.0108122183954973,2.3414644157880193,7.463179171311584,10.56522068028448,-0.015973006107278455,2.2535475279254005,-7.49993412165092,-1.6696189265125942,-0.9641229373577993
48.840000000013724,-1.6370774433624837,1.0067038542629878,2.338064605872684,7.466040277975896,10.569603357344748,-0.01654092919290005,2.249572957589919,-7.501780815011298,-1.6669533278521138,-0.9607090781704477
48.86000000001375,-1.6356827920892396,1.002356276613754,2.334810993673592,7.469276487254516,10.574097668454588,-0.01750130907593021,2.2452683817077053,-7.503373600335931,-1.6638643351510118,-0.9573456019749267
48.88000000001377,-1.634554439926281,0.997807144413069,2.3316744003519365,7.472828274084169,10.578694157211945,-0.018788711970501876,2.2406776399597597,-7.504761261866148,-1.6604123673335505,-0.9540102595156563
48.9000000000138,-1.6336482108927621,0.9931073158673327,2.328641983516391,7.476628935963389,10.583364755796628,-0.02034108197585824,2.235859002980072,-7.505978791851712,-1.656664280226423,-0.9507007319238004
48.92000000001382,-1.6329255182468507,0.9883291169233833,2.3257167847591536,7.480595007868761,10.58805797880348,-0.022091141064736163,2.230894054378568,-7.507052311627867,-1.6527040191483147,-0.9474342967082057
48.940000000013846,-1.6323337548375991,0.9835678578393858,2.322901173060352,7.4846155522326105,10.59270658345796,-0.023948205918943477,2.2258915556302075,-7.508018434843618,-1.6486455505798958,-0.9442328272051204
48.96000000001387,-1.631793648492414,0.9789267986957915,2.320178401479861,7.488560067160988,10.597247818131462,-0.025794958910671108,2.220971656665759,-7.508938050437033,-1.6446249644950348,-0.9411029424739449
48.980000000013895,-1.6312067877938345,0.9744982621476447,2.3175102842434065,7.492299970346049,10.601638138555225,-0.027505237593022834,2.216242249619786,-7.509888988516727,-1.6407743441035907,-0.9380309892516392
49.00000000001392,-1.6304526849407581,0.9703395401217764,2.3148217112789946,7.495725749122021,10.6058725244116,-0.028953646726125302,2.2117793659124563,-7.510965636482266,-1.6372041904786734,-0.9349778865259574
49.020000000013944,-1.6293893865460254,0.9664435417466636,2.3119929031420487,7.4987776118409855,10.61001458523855,-0.030023318112143763,2.207596361566467,-7.512293872787408,-1.6339845865582956,-0.9318477355227226
49.04000000001397,-1.6279007534205838,0.9627547577828447,2.3088991799459877,7.501451057054636,10.614161906124814,-0.030642877424955115,2.203654582999158,-7.5139853160583785,-1.631139700211819,-0.9285255082564257
49.06000000001399,-1.6259293830954598,0.9592142894501904,2.30546345166623,7.50376752554347,10.618385073643918,-0.030783347062230296,2.1999185570687554,-7.516106889766154,-1.6286792381523785,-0.9249337639771422
49.08000000001402,-1.6234734053382078,0.9557783159976007,2.3016647825738654,7.505758707728625,10.62271389512326,-0.030455355817703967,2.196363455190249,-7.518667694392991,-1.6265914784821371,-0.9210532798155402
49.10000000001404,-1.6205681935538276,0.9524112385983827,2.2975197261895626,7.507469835365579,10.627156394386228,-0.029704651654213238,2.1929605825032907,-7.521633473452554,-1.6248379226183522,-0.9169022394598623
49.120000000014066,-1.6172691601448805,0.9490838434464459,2.293065056808603,7.50895250531241,10.631709405149389,-0.02859478770403075,2.189678632060031,-7.524948898770293,-1.6233659519138757,-0.9125153616592517
49.14000000001409,-1.6136396695842021,0.9457826594971245,2.2883512742964474,7.510249343724367,10.63635476458628,-0.027189789907258993,2.1864972256560193,-7.528550477004589,-1.6221276206702988,-0.9079386037887902
49.160000000014115,-1.609752974542983,0.9425156896667716,2.2834468870834037,7.511389045921161,10.641052486189535,-0.025551807884994587,2.183414638378836,-7.532364995125152,-1.6210865328138568,-0.9032343099211471
49.18000000001414,-1.6057075901769398,0.9393045104975187,2.2784477979010096,7.512400453346617,10.645740796707868,-0.023757778720285404,2.180438820587077,-7.5362957662447485,-1.6202038073904177,-0.8984892474783451
49.200000000014164,-1.6016310993387457,0.9361645894223822,2.273471395210404,7.513331755112689,10.650351506244132,-0.021912386490285027,2.177567489528961,-7.540219775426899,-1.619418994295468,-0.8938083514676305
49.22000000001419,-1.597661137275193,0.9330907156190451,2.2686341626884623,7.514254575509834,10.654830042452582,-0.020140040532843483,2.174775888434835,-7.544004089941106,-1.6186464145202288,-0.8892956171937502
49.24000000001421,-1.5939198707584807,0.930059624499974,2.264031426788979,7.515251777586384,10.65914622121016,-0.01856561214334471,2.17201599153677,-7.547526009741134,-1.617783584587462,-0.8850359096548429
49.26000000001424,-1.5905010019499628,0.9270036885690461,2.2597107151537053,7.516436251197572,10.663329057860292,-0.017314727551782195,2.169187961890262,-7.550693809310392,-1.616695813719866,-0.8810620624258215
49.28000000001426,-1.5874470449950475,0.9238094436220754,2.255653084996284,7.517932407514471,10.66746630423654,-0.01648414482939954,2.166164792286248,-7.553475006187453,-1.6152471336027998,-0.8773441628504134
49.300000000014286,-1.584772861833279,0.9203747912755676,2.2518166418839596,7.519832305193765,10.671647379978333,-0.01612318888548162,2.162840541640623,-7.555878762832437,-1.6133456096033665,-0.8738249698291142
49.32000000001431,-1.582478955573099,0.9166521687146373,2.2481730590871973,7.522173869511693,10.675920962351691,-0.01624150686511287,2.1591670146927817,-7.557930482591255,-1.6109613337569586,-0.8704542869958376
49.340000000014335,-1.5805396382360644,0.9126447268568155,2.2446967282321655,7.52494149712237,10.680303639411978,-0.016809429950643516,2.155143712015615,-7.559668447287849,-1.608111388425561,-0.8671927440516102
49.36000000001436,-1.5789071717421146,0.9083807455322407,2.241356344135479,7.5280880630161375,10.68479795052184,-0.0177698098335786,2.1507974280798434,-7.56114362679065,-1.6048414749643292,-0.8640048742329722
49.380000000014384,-1.5775294747877038,0.9039008199207014,2.238124356893149,7.531553270919627,10.689394439279233,-0.0190572127280513,2.146170660196007,-7.562405979066269,-1.601210692286583,-0.8608651277018189
49.40000000001441,-1.5763652455618447,0.8992581687674946,2.2349897421254594,7.535270093869843,10.694065037863972,-0.020609582733306875,2.141320706221104,-7.563492067483151,-1.597285666346452,-0.857767499381122
49.42000000001443,-1.5753799477687198,0.89452713737175,2.2319578092446983,7.539155180372751,10.698758260870894,-0.02235964182208532,2.1363284095226796,-7.564430221522147,-1.5931511680589807,-0.8547246075434105
49.44000000001446,-1.574526314565552,0.8898057940933822,2.2290339421234924,7.543097698258371,10.703406865525462,-0.024216706676197453,2.1313014960624312,-7.56525999791346,-1.588922197387433,-0.8517520024299599
49.46000000001448,-1.5737308934752308,0.8852016166285382,2.226204947622661,7.546966738606427,10.70794810019906,-0.02606345966783653,2.1263584161406612,-7.5660455292931035,-1.584735002193233,-0.8488487822688793
49.480000000014506,-1.5729005183144922,0.88081221820387,2.2234361495091375,7.550632728572123,10.71233842062292,-0.02777373835010903,2.121604906256432,-7.566867549986317,-1.5807207108603558,-0.8459940249944351
49.50000000001453,-1.5719180468333338,0.8767014530937732,2.2206554425017764,7.553984154141496,10.716572806479391,-0.029222147483149618,2.117114403869433,-7.567822479376842,-1.5769874991836463,-0.8431426106544591
49.520000000014555,-1.5706413506544028,0.8728700755762187,2.217744716820442,7.556957989634585,10.720714867306423,-0.03029181886912262,2.112896838139917,-7.569036512473432,-1.5736000506781078,-0.8401949187893671
49.54000000001458,-1.5689514040674268,0.8692690706821332,2.2145794610247145,7.559546345922374,10.724862188192752,-0.03091137818190478,2.108910535488056,-7.570620175878836,-1.570576148037061,-0.8370347629146812
49.560000000014604,-1.566787641494142,0.8658427974151723,2.211082030725526,7.561768560217818,10.729085355711897,-0.03105184781916513,2.1051182166092057,-7.572639404016535,-1.5679212092601782,-0.833584284599198
49.58000000001463,-1.564145777105398,0.8625476050288955,2.2072306364468797,7.563655742105814,10.733414177191264,-0.030723856574636943,2.101494814703208,-7.575102619056127,-1.5656224694136907,-0.829824937197392
49.60000000001465,-1.5610591657105393,0.8593459967109468,2.2030405959950534,7.565253556622892,10.737856676454223,-0.02997315241115675,2.0980125767553153,-7.577974797119495,-1.5636424921401153,-0.8257770014027724
49.62000000001468,-1.5575815229613075,0.8562057449950606,2.1985472674467723,7.566614581244904,10.742409687217357,-0.028863288460996537,2.0946417114491895,-7.5811997794196735,-1.5619306551004293,-0.8214780470484643
49.6400000000147,-1.55377537329571,0.8531099023116799,2.1937999732393867,7.567782799181107,10.747055046654198,-0.027458290664258117,2.0913635741379597,-7.584713542111191,-1.5604416220368946,-0.8169766075667971
49.660000000014726,-1.5497142994175162,0.850062416598587,2.188866416420784,7.568788757505057,10.751752768257386,-0.02582030864203791,2.088178430796829,-7.588442852329956,-1.5591424930878979,-0.8123369406941693
49.68000000001475,-1.5454978571345364,0.8470793945067989,2.183841680243863,7.569663894057256,10.756441078775637,-0.024026279477383592,2.0850968572184208,-7.592291275046157,-1.5579992352121108,-0.8076478274320054
49.700000000014775,-1.5412542884904143,0.8441692386562861,2.1788417997966003,7.570459571272195,10.761051788311812,-0.022180887247447514,2.0821199155782133,-7.596135778729967,-1.5569572817521464,-0.8030173790691645
49.7200000000148,-1.5371207313785973,0.841319150140484,2.1739812686464965,7.571250553506092,10.76553032452017,-0.02040854129007702,2.0792264719483806,-7.599842806780753,-1.5559368237360838,-0.7985541609958569
49.740000000014824,-1.5332178824144904,0.838499157501443,2.1693531254383487,7.572122264573806,10.769846503277659,-0.01883411290065871,2.0763718538331193,-7.603288398947442,-1.5548402175424771,-0.794348564883164
49.76000000001485,-1.5296355686171283,0.835636564935119,2.165001811409733,7.57318884461967,10.77402933992772,-0.017583228309191783,2.0734587546844545,-7.606378149607316,-1.5535347897467289,-0.7904408077863507
49.78000000001487,-1.5264099772985948,0.832615734832423,2.1609050087354387,7.574574143889228,10.778166586303914,-0.0167526455869036,2.070361097245719,-7.609076135692204,-1.551883128398229,-0.7868085266679916
49.8000000000149,-1.5235503129843802,0.8293339041948126,2.1570183359086936,7.5763690481438735,10.782347662045675,-0.016391689643083927,2.066972730509045,-7.611388636334395,-1.549790279872045,-0.7833996415001734
49.82000000001492,-1.5210544530462191,0.825743554931765,2.153312445693714,7.5786106985997215,10.786621244419011,-0.016510007622819154,2.0632447864510692,-7.6133397353338115,-1.547223611472036,-0.7801656830281541
49.840000000014946,-1.5188969225545146,0.8218492508662238,2.1497621633477295,7.581282801529784,10.791003921479291,-0.017077930708459827,2.0591757251619685,-7.614967686790219,-1.544198006696171,-0.7770663981896991
49.86000000001497,-1.5170316169378564,0.817681863369645,2.1463374763203467,7.584337398328353,10.795498232589159,-0.01803831059151064,2.0547909456264195,-7.616324170126276,-1.5407571398516005,-0.7740638520395979
49.880000000014995,-1.515408774699365,0.8132848000937684,2.1430124840052738,7.587713466078541,10.800094721346554,-0.01932571348610398,2.0501315713736394,-7.617460280108609,-1.5369586096949182,-0.7711292720384832
49.90000000001502,-1.5139900940944373,0.8087134781009685,2.1397779881828205,7.591343702897226,10.804765319931285,-0.020878083491483127,2.045253885133285,-7.618414124199367,-1.5328686092179302,-0.7682529852058801
49.920000000015044,-1.5127451945470949,0.8040440354227067,2.136641562161037,7.595144932427052,10.809458542938192,-0.022628142580384196,2.0402379302770606,-7.6192162190859545,-1.528572476532661,-0.7654429121148759
49.94000000001507,-1.5116322936019098,0.7993769995878568,2.1336116007256756,7.599006509814728,10.814107147592738,-0.024485207434612986,2.035190317630287,-7.619909035342357,-1.5241858945411413,-0.7627082325113754
49.96000000001509,-1.5105839823757028,0.7948237382938504,2.1306784742898843,7.602797215871919,10.818648382266305,-0.026331960426358162,2.030227710313025,-7.620559901900425,-1.5198448536804952,-0.7600405265409464
49.98000000001512,-1.5095126239093406,0.7904868577934959,2.1278110417919165,7.606386582987618,10.823038702690127,-0.028042239108722573,2.025453611036168,-7.621252397629171,-1.515679127802183,-0.7574116671099337
50.00000000001514,-1.508304778577901,0.7864365800676172,2.1249402560363997,7.6096611782226455,10.827273088546553,-0.029490648241834404,2.020938809019328,-7.622084902630419,-1.5117942376804276,-0.7547706328611974
50.020000000015166,-1.506818576250728,0.7826815022444783,2.1219497642056733,7.612554788448961,10.831415149373557,-0.030560319627860454,2.0166897992213753,-7.623183835193875,-1.5082492702383818,-0.7520143853135898
50.04000000001519,-1.5049324675114906,0.779179253033228,2.118715315335183,7.615056142687914,10.835562470259866,-0.031179878940681378,2.0126619188673387,-7.624658548205656,-1.5050555687879354,-0.749025933644252
50.060000000015215,-1.502582908289134,0.7758776188266552,2.115158768060413,7.617182460292274,10.839785637779,-0.031320348577970884,2.008816110043806,-7.626573938307853,-1.5022142461000736,-0.7457272390694301
50.08000000001524,-1.4997632102219038,0.7727332519395467,2.1112574952634686,7.618964247016788,10.844114459258366,-0.030992357333466166,2.0051270862629997,-7.628937743132337,-1.4997115331152526,-0.742100487701455
50.100000000015264,-1.4965046078510833,0.7697068718719803,2.1070255677144387,7.620447567426793,10.848556958521343,-0.030241653170006096,2.001568056868748,-7.6317141972962865,-1.497511169815051,-0.7381679954193268
50.12000000001529,-1.4928589563410994,0.7667633357335464,2.102496901137401,7.621685940754507,10.853109969284507,-0.029131789219863695,1.9981107681957762,-7.634846352908778,-1.495564684476,-0.7339700686194789
50.14000000001531,-1.4888877495076207,0.7638822710895214,2.097719604086071,7.622724674754032,10.857755328721403,-0.02772679142314058,1.9947383229355435,-7.638269702942205,-1.4938294884753873,-0.7295576688514842
50.16000000001534,-1.4846646757915845,0.7610635588649809,2.0927605241848006,7.6235961456746075,10.862453050324659,-0.026088809400932323,1.9914529777542995,-7.6419110488270245,-1.4922762784493901,-0.7249967716445178
50.18000000001536,-1.4802900281860585,0.7583177867234018,2.0877138549292975,7.624334364516866,10.86714136084299,-0.024294780236286232,1.9882679260618639,-7.645674278668544,-1.4908759730093002,-0.7203779009564467
50.200000000015386,-1.475892317017194,0.7556462668587738,2.082694192269767,7.6249938290744925,10.871752070379253,-0.02244938800635514,1.9851875741759197,-7.649436435279442,-1.489580055275409,-0.7158120148120511
50.22000000001541,-1.4716077648002275,0.75302865129402,2.077813955039112,7.6256523885091365,10.8762306065877,-0.020677042048987206,1.9821944266311404,-7.65306343690416,-1.4883148295870359,-0.7114119177571149
50.240000000015435,-1.4675552300853476,0.7504283530600219,2.0731638253058007,7.626397964263174,10.880546785345278,-0.019102613659566406,1.9792471972224772,-7.656430154709083,-1.4869877898166153,-0.7072732526030551
50.26000000001546,-1.4638203909378031,0.7477678296367718,2.0687851250555553,7.6273458624060035,10.884729621995415,-0.0178517290680874,1.9762511817203536,-7.6594395727430555,-1.4854686843084937,-0.7034434972955724
50.280000000015484,-1.460432997529889,0.7449296224978025,2.0646521779200158,7.62861928071662,10.888866868371672,-0.017021146345781897,1.973081326007697,-7.662052353882848,-1.48361907633648,-0.6999079065833248
50.30000000001551,-1.4573965689157278,0.7418106172725503,2.060718148121943,7.6303078648850295,10.893047944113476,-0.016660190401936757,1.9696313476118923,-7.664271889291856,-1.4813412827220227,-0.6966197202607497
50.32000000001553,-1.4547063632005588,0.738363485439892,2.056952689610623,7.632447944615185,10.897321526486841,-0.01677850838163732,1.9658517418664436,-7.666120925423035,-1.478600045508682,-0.6935323439288087
50.34000000001556,-1.4523371961565237,0.7345941898166993,2.0533310798816578,7.635022547842119,10.901704203547132,-0.017346431467233237,1.9617399295169802,-7.667637660377373,-1.4754080039623951,-0.6906047644616986
50.36000000001558,-1.4502447372571972,0.7305360992133718,2.04982462120071,7.637982917811565,10.906198514657,-0.018306811350229036,1.9573198952890478,-7.668874444934124,-1.4718066722138998,-0.6877966943660458
50.380000000015606,-1.4483816964957756,0.7262353014380325,2.0464090814030005,7.64126735006678,10.910795003414385,-0.019594214244757716,1.9526313585350237,-7.669883472894436,-1.4678519732900395,-0.6850762261058873
50.40000000001563,-1.4467128889457346,0.7217492429473806,2.043077095227512,7.644808317549142,10.915465601999097,-0.021146584250063792,1.9477295452571424,-7.670704367647941,-1.463609465450245,-0.6824300482825411
50.420000000015655,-1.4452121823572595,0.7171556224206274,2.0398384942804184,7.648522880515838,10.92015882500598,-0.022896643338884904,1.942693639669057,-7.671369810532895,-1.459164793875149,-0.6798613596260852
50.44000000001568,-1.443843406023904,0.7125571201267544,2.0367046780557914,7.652300663210827,10.9248074296605,-0.024753708193028738,1.937629058660798,-7.671925154575928,-1.4546339717799408,-0.6773729414052807
50.460000000015704,-1.4425454001327396,0.7080686542925377,2.0336695876365978,7.656010233165316,10.92934866433404,-0.026600461184686508,1.9326505919433552,-7.672440875240103,-1.4501523176502384,-0.6749488813486406
50.48000000001573,-1.4412363240844754,0.7037975114317089,2.030705640149609,7.659520324434168,10.933738984757841,-0.028310739866964123,1.927859431937844,-7.67300333416282,-1.4458478552272405,-0.6725539330718542
50.50000000001575,-1.4398067866668802,0.6998200671802973,2.0277468975198576,7.6627156689942995,10.937973370614257,-0.029759148999985136,1.923323667301595,-7.673712799448625,-1.4418231286152319,-0.670131329336564
50.52000000001578,-1.4381156084457114,0.6961527353110261,2.0246788498916306,7.665526915209461,10.942115431441254,-0.03082882038592589,1.9190463539915088,-7.674695819229033,-1.4381314480362672,-0.6675749277228339
50.5400000000158,-1.43603908680652,0.692759917367788,2.0213775986134315,7.667939418582047,10.946262752327556,-0.03144837969866746,1.9149798730489327,-7.676060491847912,-1.4347776828440522,-0.6647672896818269
50.560000000015826,-1.433510892881027,0.6895929862904582,2.0177645631016583,7.669968267877347,10.950485919846688,-0.031588849335880326,1.9110834168204485,-7.67787062819914,-1.4317586371889577,-0.6616304339557076
50.58000000001585,-1.4305219561623939,0.6866090295878268,2.0138162953208245,7.671643342472336,10.954814741326054,-0.03126085809130023,1.9073314978205924,-7.680133275657777,-1.4290595798566494,-0.658147333715109
50.600000000015875,-1.4271012957144529,0.6837671028075513,2.009545608604755,7.673011072413605,10.959257240589029,-0.0305101539277657,1.9036983075534766,-7.68281195377144,-1.4266455376958773,-0.6543422720010856
50.6200000000159,-1.4232987481489725,0.6810292547579307,2.004984951256868,7.674125879132251,10.96381025135218,-0.029400289977549777,1.9001571508879398,-7.685848967636929,-1.424470337350651,-0.6502581689110996
50.640000000015924,-1.4191745892133214,0.6783717502384994,2.0001811823889355,7.675034361439054,10.968455610789052,-0.027995292180754666,1.8966928903430351,-7.689179374723367,-1.4224942676522851,-0.6459482587705576
50.66000000001595,-1.414802388467888,0.6757904035245909,1.995200244792919,7.675770700828791,10.973153332392274,-0.026357310158477917,1.8933097716080916,-7.692730064858761,-1.4206917110575008,-0.6414800337942596
50.68000000001597,-1.4102828703770602,0.6732902510187355,1.9901353725864115,7.676371456323801,10.977841642910555,-0.024563280993769924,1.890023595958513,-7.696405320322387,-1.4190386264763202,-0.6369454849606256
50.700000000016,-1.4057444218232498,0.6708655104890998,1.9850996378809267,7.6768942207961945,10.982452352446758,-0.022717888763786453,1.8868421105973345,-7.700082349150352,-1.4174926946962472,-0.6324580788071599
50.72000000001602,-1.4013219347088777,0.6684883469129651,1.9802033016830063,7.677419870672678,10.98693088865514,-0.020945542806377296,1.8837514714530659,-7.703626643535582,-1.4159865580075413,-0.6281345151834395
50.740000000016046,-1.3971320672132903,0.6661156693347452,1.9755346224592545,7.67803876003807,10.991247067412651,-0.01937111441693088,1.8807138091271307,-7.706911998547979,-1.414433129754454,-0.6240753965019725
50.76000000001607,-1.3932560872833588,0.6636653248842194,1.9711317724013426,7.678867275661071,10.995429904062732,-0.01812022982544702,1.877637091706739,-7.709838859615036,-1.4127049770844324,-0.6203353168761804
50.780000000016095,-1.3897172172668644,0.6610183921555961,1.9669657355758365,7.6800278717953825,10.999567150438946,-0.017289647103147506,1.874397380645131,-7.712364504633586,-1.410663060479577,-0.6169071937873681
50.80000000001612,-1.3865132800197517,0.6580717197203725,1.9629872565525976,7.681608887800119,11.003748226180724,-0.016928691159318564,1.8708883405611547,-7.714489434291626,-1.4082072649664052,-0.6137497293871732
50.820000000016144,-1.383636928835049,0.654778312894019,1.9591650128955524,7.683645815014805,11.008021808554076,-0.017047009139043223,1.86705986673542,-7.716235040882661,-1.4052998148017946,-0.6108183461617033
50.84000000001617,-1.3810633469534093,0.6511455153114287,1.9554747526117433,7.686121015580992,11.012404485614372,-0.01761493222466921,1.8629083424754154,-7.717639438275651,-1.4019510664925472,-0.6080713959381462
50.86000000001619,-1.3787501130220738,0.6472090915068608,1.951889113994152,7.688984970633265,11.016898796724256,-0.018575312107699783,1.858456320519818,-7.7187556099126065,-1.398200247449283,-0.6054663614796502
50.88000000001622,-1.3766525526741076,0.6430176689595848,1.948385551230155,7.692175339782433,11.02149528548167,-0.019862715002267346,1.8537420866865468,-7.719636810051355,-1.3941014345040705,-0.6029682975144864
50.90000000001624,-1.3747387050520508,0.638630548411859,1.9449585374612708,7.6956244207054025,11.026165884066423,-0.021415085007616023,1.8488197694314192,-7.7203241487223115,-1.3897193513487467,-0.6005602948016965
50.920000000016266,-1.3729867658887942,0.634126752348886,1.941620155325003,7.699249571576873,11.030859107073358,-0.02316514409648235,1.8437676352828984,-7.720852447758928,-1.3851396891682208,-0.598240820477968
50.94000000001629,-1.3713662864827192,0.629610800788907,1.9383848005980748,7.702940767319702,11.035507711727924,-0.025022208950671927,1.838689829279316,-7.721269909118856,-1.3804784378584152,-0.59600624885704
50.960000000016315,-1.369822542519,0.6252008121933487,1.9352499895115813,7.706566459329856,11.040048946401516,-0.0268689619423735,1.8336991828784854,-7.721650102706084,-1.3758698314745368,-0.5938332237542917
50.98000000001634,-1.3682797392253794,0.6210084263052231,1.932191717768042,7.7099946803502215,11.044439266825364,-0.028579240624691235,1.8288945034177484,-7.722082109094223,-1.3714397534045095,-0.5916794869330724
51.000000000016364,-1.3666328672495167,0.617115939606915,1.929147205149463,7.713108412471459,11.048673652681826,-0.030027649757751185,1.8243411286660403,-7.7226680102797145,-1.367287458506908,-0.5894826983121773
51.02000000001639,-1.3647418681979107,0.6135475324830082,1.9260038693993786,7.715835216808757,11.052815713508855,-0.031097321143727496,1.8200386733195624,-7.723534390700788,-1.3634603178020344,-0.5871339350771093
51.04000000001641,-1.3624812633293335,0.6102744878236492,1.9226382557561454,7.71815708616969,11.056963034395187,-0.03171688045650364,1.8159365974324153,-7.724788014260694,-1.3599567118425977,-0.5845156689302237
51.06000000001644,-1.3597821411624886,0.6072519133412062,1.918971402498069,7.720086967579573,11.06118620191434,-0.03185735009375313,1.8119923737731862,-7.726491558940754,-1.3567691458999507,-0.5815502138427154
51.08000000001646,-1.3566330766942487,0.6044374625446828,1.9149790580031298,7.721654091952969,11.065515023393724,-0.03152935884921397,1.808180332697185,-7.728651376650333,-1.3538819715087616,-0.5782213819448291
51.100000000016486,-1.353060785054843,0.6017886518365357,1.9106727686982083,7.722905220500049,11.069957522656711,-0.03077865468572603,1.8044756669445357,-7.731230298831155,-1.3512616089903842,-0.5745553494198887
51.12000000001651,-1.3491129323910058,0.5992648374069085,1.906083491482652,7.723895636626463,11.074510533419874,-0.029668790735562594,1.8008532596492528,-7.734169926211607,-1.3488643241022984,-0.5705975192369668
51.140000000016535,-1.3448483926487702,0.5968389936394288,1.90125680139147,7.724673195757255,11.079155892856752,-0.028263792938825097,1.797299744346483,-7.737404928758291,-1.3466534041777503,-0.5664032362279722
51.16000000001656,-1.340340392252631,0.5945028809186482,1.8962576876441533,7.725273859368284,11.083853614459988,-0.026625810916609687,1.7938213526105298,-7.740862338734452,-1.3446069955816142,-0.562041303562983
51.180000000016584,-1.335689780109142,0.5922559690341488,1.891178356068367,7.725736707481843,11.088541924978285,-0.02483178175196529,1.790436481903241,-7.744446903340858,-1.3427061708049088,-0.5576048988332987
51.20000000001661,-1.3310244283070152,0.5900853989537219,1.8861302713623274,7.7261223854800445,11.093152634514508,-0.022986389522046187,1.7871562145868598,-7.748036086595869,-1.3409149373001463,-0.5532096512195085
51.22000000001663,-1.3264774869572364,0.5879559334559575,1.88122145520938,7.726514737276718,11.097631170722911,-0.021214043564700368,1.7839703682162702,-7.751495054059186,-1.3391724806288854,-0.5489758001495408
51.24000000001666,-1.3221630582698802,0.5858181089490136,1.8765376772400923,7.727006482816013,11.101947349480445,-0.019639615175314665,1.780844518189669,-7.754696617985652,-1.3373973990654846,-0.5450086009798998
51.26000000001668,-1.318157752351809,0.5835854126315239,1.872113931638013,7.7277150035413635,11.106130186130557,-0.018388730583887843,1.7776893729343142,-7.757538758764828,-1.3354654670024022,-0.5413695975775276
51.280000000016706,-1.3144781929397373,0.5811378227155931,1.8679178843510906,7.728761919671977,11.11026743250679,-0.017558147861637285,1.7743822010800812,-7.759975400890653,-1.3332374659514978,-0.5380593917453915
51.30000000001673,-1.3111165133278218,0.5783724651418221,1.8638978967022914,7.730234198942102,11.114448508248586,-0.017197191917850716,1.7708166929325884,-7.762004154205647,-1.330611154315648,-0.5350422738767803
51.320000000016755,-1.308062784391175,0.5752428223118617,1.86002169302143,7.7321664680942455,11.118722090621953,-0.01731550989761254,1.7669421807532735,-7.763645041032225,-1.327546353713371,-0.532275819224503
51.34000000001678,-1.3052926324856136,0.5717575962936964,1.8562655097522835,7.734540436513099,11.123104767682248,-0.017883432983270768,1.7627540130846775,-7.764936062836351,-1.3240511063235374,-0.5297178715210505
51.360000000016804,-1.3027656747411651,0.5679548383276939,1.8526033414389187,7.73730585982281,11.127599078792128,-0.01884381286632873,1.75827329400928,-7.7659307965613,-1.3201622332633272,-0.5273238133874899
51.38000000001683,-1.3004399886075393,0.563885567337581,1.849014345285076,7.740399807779174,11.132195567549527,-0.02013121576091894,1.753536847512475,-7.766683517559962,-1.3159318003325815,-0.5250557683367929
51.40000000001685,-1.2982869347196926,0.5596107575901583,1.8454948369198556,7.743754452835224,11.136866166134249,-0.02168358576628521,1.748597664495879,-7.767236792118002,-1.3114234993642455,-0.5228932808286068
51.42000000001688,-1.2962891032571697,0.5552105144996221,1.8420591410814873,7.747287512165942,11.141559389141142,-0.023433644855162885,1.743533035953882,-7.767627556826342,-1.3067228063429135,-0.5208300910787029
51.4400000000169,-1.2944218603371662,0.5507908792346822,1.8387246391890393,7.750889392695548,11.146207993795661,-0.025290709709356245,1.7384457580967352,-7.767906826946306,-1.3019453342838596,-0.5188561774976296
51.460000000016926,-1.2926370839540677,0.5464728104417375,1.8354924244575483,7.754428526915857,11.150749228469193,-0.027137462701053584,1.7334466207323238,-7.768151212445342,-1.297223823638494,-0.5169408111821344
51.48000000001695,-1.2908652562009089,0.542371960791886,1.832342088907495,7.757772343798281,11.155139548892988,-0.028847741383359337,1.7286319730830664,-7.76845244699146,-1.2926816337226548,-0.515034850855128
51.500000000016975,-1.2890060696756231,0.5385762967570445,1.8292140565803987,7.760802162038289,11.159373934749397,-0.03029615051639121,1.724064353736593,-7.7689143510214915,-1.288414427599701,-0.5130705736180899
51.520000000017,-1.2869210139526046,0.5351176916268069,1.8259977560315495,7.763442509044008,11.163515995576388,-0.031365821902332267,1.7197399364131742,-7.769663451718471,-1.2844634926914287,-0.510936608281353
51.540000000017024,-1.2844832166491886,0.5319743971733074,1.822570267637844,7.765672028237789,11.16766331646269,-0.03198538121506808,1.715605297535076,-7.770805099633001,-1.2808207256859558,-0.5085156950491865
51.56000000001705,-1.2816213937276142,0.5291053927224519,1.8188523069022111,7.767501515335476,11.171886483981828,-0.03212585085227197,1.7116162217259001,-7.772400793506892,-1.2774743558211195,-0.5057306799250253
51.58000000001707,-1.2783218005142525,0.5264690268643862,1.8148188365411235,7.768959531183877,11.176215305461206,-0.031797859607682784,1.7077468761548613,-7.774456185088921,-1.2744078650803794,-0.5025662633427402
51.6000000000171,-1.27460876677245,0.5240214063552227,1.810480127540253,7.77009313359428,11.180657804724195,-0.03104715544414126,1.7039734731338105,-7.776933445187198,-1.2715891696155628,-0.4990504348374815
51.62000000001712,-1.2705276428875625,0.5217193186577502,1.805865622513814,7.770958427085446,11.18521081548737,-0.029937291493921294,1.7002724926264974,-7.779773513326125,-1.2689771076087137,-0.49523094185224115
51.640000000017146,-1.2661357215442377,0.5195325301193994,1.8010195787343384,7.771604488325469,11.189856174924268,-0.028532293697124872,1.696632349063684,-7.7829107202569565,-1.266538076802876,-0.4911650710228718
51.66000000001717,-1.261505662821679,0.5174487723500042,1.7960059838135944,7.772069032191209,11.19455389652752,-0.026894311674849403,1.6930612552987345,-7.786272294610546,-1.2642540540855116,-0.48692272674835235
51.680000000017195,-1.2567381326601352,0.5154619501423893,1.7909159471375409,7.772393630819827,11.199242207045831,-0.02510028251014618,1.6895801913818906,-7.7897635189130225,-1.2621112832236216,-0.482597989208168
51.70000000001722,-1.251960098573852,0.5135521668609789,1.7858592436045775,7.772641937278822,11.203852916582067,-0.023254890280172323,1.6862035666433286,-7.793262203734583,-1.2600802080474969,-0.4783082977641733
51.720000000017244,-1.247302563013104,0.5116768904960606,1.780941575733155,7.772900700997896,11.208331452790476,-0.021482544322778095,1.6829248677904163,-7.7966332876614235,-1.258106742765054,-0.4741770649078263
51.74000000001727,-1.2428767244113885,0.5097804355948675,1.7762461609231839,7.77326493924876,11.212647631548018,-0.01990811593335219,1.6797131404622458,-7.799748694141161,-1.2561154187101549,-0.47031387809937486
51.76000000001729,-1.2387543015119917,0.5077721931339251,1.771804789484958,7.773852941389838,11.216830468198129,-0.018657231341894242,1.6764818994238804,-7.802504013930831,-1.2539855961857749,-0.46678704336074417
51.78000000001732,-1.2349452687679494,0.5055314067946458,1.7675818331467599,7.774785403713104,11.220967714574368,-0.017826648619619263,1.6731097111958577,-7.804849852177112,-1.2515783021004898,-0.46360484498213306
51.80000000001734,-1.2314360938909872,0.5029557934682977,1.7635233081521744,7.776147858047776,11.225148790316169,-0.017465692675812088,1.6694903703468853,-7.806780929643694,-1.248789479887219,-0.46073727044879115
51.820000000017366,-1.22821429560434,0.49999945443804333,1.7595960094527092,7.777974040945801,11.229422372689537,-0.017584010655554382,1.6655726835690976,-7.808315883882882,-1.2455766709982006,-0.45814417709968164
51.84000000001739,-1.2252560176749339,0.49667242367924264,1.7557766794931453,7.780245022554079,11.233805049749847,-0.018151933741192162,1.6613509680780967,-7.80949257586975,-1.2419455787701343,-0.45578302907367096
51.860000000017415,-1.222523038810983,0.49301492315026435,1.7520406882899562,7.782909870123281,11.238299360859736,-0.019112313624227734,1.6568448637015682,-7.810365136448719,-1.2379305057883194,-0.4536072448528
51.88000000001744,-1.2199763160675066,0.48908020770298594,1.7483689114687082,7.785905110067605,11.242895849617156,-0.020399716518793593,1.6520897053747878,-7.810988821951373,-1.2335813481129607,-0.4515761321901579
51.900000000017464,-1.2175906188706298,0.48493073926648295,1.7447595098693014,7.789162839749353,11.247566448201907,-0.0219520865241342,1.6471373072781794,-7.811407623456759,-1.22896057157213,-0.4496657515987459
51.92000000001749,-1.2153529849153104,0.48064746200595526,1.7412290397428984,7.792601196161218,11.25225967120883,-0.02370214561298559,1.6420639277442335,-7.811660565012444,-1.224153176401498,-0.44786513545455375
51.94000000001751,-1.2132446702267656,0.47633761500501026,1.7377978553038491,7.796111099231939,11.256908275863386,-0.02555921046715233,1.6369709381757123,-7.811801437476678,-1.2192740463231415,-0.44615789681284695
51.96000000001754,-1.211224301794494,0.4721246283878692,1.734470625943115,7.799561059794212,11.26144951053696,-0.027405963458822867,1.6319670048428945,-7.811909834255901,-1.214454023564139,-0.4445060277198581
51.98000000001756,-1.2092288504818811,0.4681278152202829,1.7312305550832237,7.802818001034758,11.26583983096079,-0.0291162421411024,1.6271459476390169,-7.812080074309708,-1.2098135673433632,-0.44285365365092205
52.000000000017586,-1.2071630165949931,0.46444054382357014,1.728021315059379,7.805761665974341,11.270074216817234,-0.030564651274110188,1.6225674597464936,-7.812417639778862,-1.2054444573280283,-0.44112787532373526
52.02000000001761,-1.2048902598847562,0.46110228323591096,1.7247344269649516,7.8083136040978385,11.274216277644257,-0.031634322660030995,1.6182242767377897,-7.8130489070715745,-1.2013817714887802,-0.4392152126560854
52.040000000017635,-1.2022827010605217,0.45809832040455617,1.72124759716855,7.810449125227587,11.278363598530586,-0.032253881972751614,1.6140601308901341,-7.814077735518403,-1.1976109473497412,-0.436999031786451
52.06000000001766,-1.199266900816659,0.45539163130850935,1.717481276999001,7.812176865790562,11.282586766049747,-0.032394351609945346,1.6100291513629095,-7.815564399166291,-1.1941159739949707,-0.43440294593195095
52.080000000017684,-1.1958268367056681,0.4529413865812301,1.7134096620169896,7.81352469545573,11.286915587529137,-0.0320663603653513,1.6061053612329612,-7.817513845426087,-1.1908795142070772,-0.4314125904663346
52.10000000001771,-1.1919843789618236,0.45070241712823667,1.709041740175412,7.81453993385382,11.291358086792126,-0.031315656201810614,1.602266009965979,-7.819887612432849,-1.1878710777666088,-0.42805768295863383
52.12000000001773,-1.1877824239716794,0.448629073405778,1.7044054180415293,7.815279465148372,11.295911097555294,-0.030205792251597145,1.598489191739724,-7.822626022160177,-1.185052200749965,-0.42438816978159655
52.14000000001776,-1.18327650851846,0.4466880058835571,1.6995436024136616,7.815793550976647,11.300556456992178,-0.02880079445481257,1.59476511044377,-7.825663114681855,-1.1823924937366592,-0.42046310475340654
52.16000000001778,-1.178538504853018,0.44486295479330007,1.6945192320009046,7.816121631740439,11.305254178595408,-0.02716281243255421,1.591103954140193,-7.828926368783625,-1.1798778190749395,-0.4163532804187593
52.180000000017806,-1.1736685890985388,0.4431422785105342,1.6894222524061366,7.8163077409647155,11.309942489113695,-0.02536878326787359,1.587529269960711,-7.832321672325184,-1.1774996337396486,-0.41215339276932556
52.20000000001783,-1.1687924371713678,0.44149910344540816,1.6843606675903904,7.816418492354684,11.3145531986499,-0.023523391037927787,1.5840587835531086,-7.83572727274204,-1.1752349080322197,-0.4079823333685698
52.220000000017855,-1.1640385045383113,0.43988373244633366,1.6794377827796727,7.816543476737098,11.319031734858285,-0.021751045080566123,1.5806896555913825,-7.839007981474366,-1.1730364496716954,-0.4039663115844862
52.24000000001788,-1.1595147469002949,0.4382344279404802,1.6747342016350446,7.816779938481432,11.323347913615793,-0.020176616691178543,1.5773944248347203,-7.842034927827354,-1.1708349530956677,-0.40021891293564665
52.260000000017904,-1.1552877730233613,0.43645676087744467,1.670278487096476,7.817246987430294,11.327530750265886,-0.018925732099767053,1.5740894763095339,-7.844701390097174,-1.1685137322525696,-0.3968149973879693
52.28000000001793,-1.1513608776726558,0.4344296084983633,1.6660317430063891,7.818064306738586,11.33166799664211,-0.018095149377537905,1.5706547641816968,-7.846954690592282,-1.165934483066585,-0.3937705064666468
52.30000000001795,-1.1477149042267085,0.4320515904253938,1.66193768042982,7.819315929111645,11.335849072383901,-0.01773419343377753,1.5669842657822695,-7.848786664899548,-1.1629916511867775,-0.391061216233295
52.32000000001798,-1.14433485730241,0.42927756673206047,1.6579621894827068,7.821034675975277,11.340122654757272,-0.01785251141356797,1.5630263000724305,-7.85021455202566,-1.1596406273216073,-0.3886493884762378
52.340000000018,-1.141197470796564,0.4261188727154524,1.654082535801119,7.8232009922301495,11.344505331817583,-0.018420434499254814,1.55877415714115,-7.851276044470744,-1.1558847585806549,-0.3864922373988964
52.360000000018026,-1.138266801502031,0.4226177784470315,1.6502754830786162,7.8257632943991995,11.348999642927476,-0.019380814382339955,1.5542459980450105,-7.852025786970798,-1.1517557244559207,-0.38454135933446754
52.38000000001805,-1.1355068050901729,0.41882961237494337,1.6465236394979308,7.828657612470051,11.353596131684897,-0.020668217276955565,1.5494756425521885,-7.852519975994681,-1.1473010991743977,-0.38275337031461276
52.400000000018075,-1.1328957366863277,0.4148181336935675,1.6428270124691338,7.831816018902911,11.358266730269643,-0.022220587282345404,1.544513689824688,-7.8528039948998485,-1.1425819321504376,-0.3811009198782337
52.4200000000181,-1.1304251210126721,0.41066487858443024,1.6392043775191563,7.835157131015306,11.36295995327656,-0.023970646371243715,1.539435309168542,-7.852918926346801,-1.1376824887723704,-0.3795683659931376
52.440000000018124,-1.1280821611379834,0.4064779571589691,1.6356790466132844,7.838572462364471,11.367608557931103,-0.02582771122545268,1.5343403722527256,-7.852921297032474,-1.1327165732795625,-0.3781330063101168
52.46000000001815,-1.1258323591604256,0.4023828947784954,1.6322592618671272,7.841930699311131,11.372149792604658,-0.02767446421715875,1.5293353414917743,-7.8528936249726975,-1.127812730840389,-0.37674966968103385
52.48000000001817,-1.123619366839675,0.39850230121233227,1.6289318505200514,7.845098357617924,11.376540113028465,-0.029384742899465896,1.5245114381049576,-7.852932744705019,-1.123088153391961,-0.375355918650825
52.5000000000182,-1.121353182683247,0.39493466202510524,1.6256437748342196,7.847953693516051,11.380774498884893,-0.030833152032488816,1.5199254657486418,-7.853145722109487,-1.1186304574417933,-0.37387389976557767
52.52000000001822,-1.1188996528217199,0.39172692169372975,1.6222887286207077,7.850415336551992,11.384916559711906,-0.03190282341841628,1.5155667272168054,-7.853658689411349,-1.1144684045844035,-0.3721883699614387
52.540000000018246,-1.116130280859177,0.3888714471890219,1.6187451346303061,7.852455281197242,11.389063880598227,-0.032522382731137646,1.5113761522305984,-7.854573937955911,-1.1105810175693676,-0.3701836768353982
52.56000000001827,-1.1129696960804225,0.3863353240000114,1.6149332388142816,7.854079998206499,11.393287048117383,-0.0326628523683282,1.507306248389536,-7.855950472545102,-1.1069480941315641,-0.3677844336610939
52.580000000018295,-1.1093996471038416,0.38407866925988715,1.6108264886502768,7.85531664547167,11.397615869596772,-0.03233486112372896,1.5033309138783284,-7.857792532595071,-1.103551530700196,-0.364977254538534
52.60000000001832,-1.1054394779696075,0.3820551757083823,1.6064325824151824,7.856212769467738,11.402058368859775,-0.031584156960182436,1.4994284521320231,-7.860061051996003,-1.1003625236250685,-0.36179349448529474
52.620000000018344,-1.1011295003083525,0.38021689594452546,1.6017778700028196,7.856825991958415,11.406611379622959,-0.030474293009963082,1.49557858773357,-7.8626957792803145,-1.0973454241229876,-0.35828514655693544
52.64000000001837,-1.0965233257141913,0.3785274662166086,1.5969038760237444,7.857207722400422,11.411256739059867,-0.02906929521317254,1.49177332127192,-7.8656305125970585,-1.0944731482432228,-0.35451285174563496
52.66000000001839,-1.0916918195280352,0.37696668494141045,1.591872443764709,7.857399097569035,11.415954460663118,-0.027431313190908076,1.4880248084876007,-7.868793034489213,-1.0917354868893205,-0.3505480749513885
52.68000000001842,-1.0867343626983148,0.3755173995632587,1.5867722885643267,7.8574465798306745,11.420642771181434,-0.025637284026221802,1.4843591461895007,-7.872089907710828,-1.0891291362848925,-0.3464858393249521
52.70000000001844,-1.0817749564571029,0.3741458414543252,1.581709563617666,7.857419694292289,11.425253480717668,-0.02379189179627172,1.4807973632415254,-7.875399906553266,-1.0866376634018422,-0.34244612622515985
52.720000000018466,-1.0769391177287144,0.3727952998084175,1.5767851005026587,7.857410806958736,11.429732016926081,-0.022019545838907854,1.4773402963829327,-7.878587815232144,-1.0842209133222447,-0.3385575571841095
52.74000000001849,-1.0723312304100394,0.3713981731216241,1.5720768295652094,7.857519317421349,11.434048195683623,-0.02044511744951994,1.4739639977903358,-7.881524064161973,-1.0818159548452135,-0.33493736954638825
52.760000000018515,-1.0680125902524842,0.369856500156032,1.5676100652633407,7.857865067969659,11.43823103233374,-0.01919423285810902,1.470587784553552,-7.884099698058895,-1.0793104112480332,-0.33166674903315085
52.78000000001854,-1.0639798022901716,0.3680491609199021,1.5633426723028017,7.858566640160495,11.442368278709987,-0.018363650135879858,1.4670930872129095,-7.886258795328642,-1.0765670690501825,-0.3287692458114931
52.800000000018564,-1.0602081439618096,0.3658759867947933,1.5592160981747292,7.859706505464503,11.446549354451799,-0.018002694192117353,1.4633741442259918,-7.887990312415794,-1.0734791978685125,-0.32622649835900297
52.82000000001859,-1.0566801514869946,0.3632927342404907,1.5551953533710112,7.861316545922157,11.450822936825183,-0.018121012171902467,1.4593788250218376,-7.889310077039616,-1.0700001736461113,-0.3240032879472875
52.84000000001861,-1.053373219812337,0.3603120053234649,1.5512582435225741,7.863376595641593,11.455205613885498,-0.01868893525757976,1.4550993975222504,-7.890255585365757,-1.066130977062742,-0.32205670926433394
52.86000000001864,-1.0502537933777263,0.3569779893802872,1.5473829431746327,7.865834458544734,11.459699924995396,-0.01964931514065063,1.4505525305893814,-7.890881955632428,-1.0619005679514077,-0.3203366840389463
52.88000000001866,-1.0472889363414881,0.353347919802735,1.5435538059218334,7.868625715474565,11.464296413752814,-0.020936718035247427,1.4457705038272097,-7.891246282909455,-1.0573540536897235,-0.31879726882472303
52.900000000018686,-1.0444604558110804,0.34948665869918377,1.5397726857389422,7.871682464196257,11.468967012337561,-0.022489088040614367,1.4408026639801221,-7.8913953092886535,-1.0525508811869804,-0.3174077855563654
52.92000000001871,-1.0417643893703115,0.34547608572821886,1.5360605635511637,7.874923862504277,11.473660235344475,-0.024239147129486004,1.4357230357680526,-7.891372145678173,-1.0475743241256992,-0.31614796547367036
52.940000000018735,-1.0391939261392324,0.34142485248696697,1.5324436918442288,7.878242097769582,11.478308839999011,-0.02609621198366467,1.430629917308379,-7.891236012833245,-1.0425367603634959,-0.31498886002445237
52.96000000001876,-1.0367215484814643,0.3374601969463785,1.5289338793664313,7.881506128938323,11.48285007467256,-0.027942964975337308,1.4256274884706883,-7.891072292387819,-1.0375640461775892,-0.3138782725572832
52.980000000018784,-1.0342977608141513,0.3337076518392313,1.5255215869103176,7.8845821630108,11.487240395096364,-0.029653243657609036,1.4208043043762533,-7.8909802628844075,-1.0327697489978898,-0.312747393009081
53.00000000001881,-1.0318381341895575,0.33027051976894045,1.522157105866616,7.887347059412718,11.491474780952789,-0.031101652790591586,1.4162142371703035,-7.891068494807094,-1.0282370550988444,-0.31151365106788437
53.02000000001883,-1.0292113100468554,0.32720307755461286,1.518736381337846,7.889716587895227,11.4956168417798,-0.03217132417647947,1.4118431647749223,-7.891462782970467,-1.023988322027519,-0.31006039197307605
53.04000000001886,-1.0262885665686445,0.32450479545769384,1.5151386423179602,7.891659448278607,11.499764162666123,-0.03279088348916338,1.4076292580156042,-7.89226377512835,-1.0199962217019787,-0.30827329731277414
53.06000000001888,-1.0229928313758019,0.32214696880752536,1.5112839883290026,7.89317994086256,11.503987330185282,-0.03293135312631775,1.403523438034899,-7.893529163225625,-1.0162364220886466,-0.3060782102115773
53.080000000018906,-1.0193036797866137,0.3200907828083115,1.5071451383912515,7.894304491688824,11.508316151664674,-0.032603361881683716,1.399499497417932,-7.895262475550286,-1.0126901084467819,-0.3034627642987626
53.10000000001893,-1.0152378706824872,0.3182889331881774,1.502728495415591,7.895080838933762,11.512758650927681,-0.03185265771810415,1.395536809605627,-7.897424070622449,-1.0093302514949822,-0.3004598564638265
53.120000000018955,-1.0108330080598835,0.31669132084259727,1.4980588331464948,7.895567299371478,11.517311661690863,-0.030742793767853695,1.391616744572226,-7.899953168066804,-1.0061241262553826,-0.29712336795947664
53.14000000001898,-1.0061406149045025,0.31525867864274226,1.4931762633148133,7.895816392280058,11.521957021127763,-0.02933779597103412,1.3877331055186386,-7.9027833730392185,-1.0030480368045362,-0.29351534210551256
53.160000000019004,-1.0012303336349908,0.3139669247690776,1.4881414880749346,7.8958709204029836,11.526654742731006,-0.027699813948743508,1.3839000068792109,-7.905842825217749,-1.0000957337207361,-0.2897076983173266
53.18000000001903,-0.9962004470911897,0.31279344801929354,1.4830419269293416,7.895779740606546,11.531343053249302,-0.0259057847840355,1.3801460758511526,-7.90903883131275,-0.9972691625469564,-0.2857954972543988
53.20000000001905,-0.9911729038393124,0.311697687661397,1.4779818038464845,7.895615238011599,11.535953762785512,-0.024060392554069637,1.3764956289714871,-7.912250782072593,-0.994558537016852,-0.28189944434275127
53.22000000001908,-0.9862698996594476,0.31061609210094193,1.4730594022289132,7.895472485530917,11.540432298993899,-0.022288046596696573,1.3729531784262659,-7.915343534429915,-0.9919308619760748,-0.27815018121335205
53.2400000000191,-0.9815919284605886,0.309475401966402,1.46834992150698,7.8954529645088165,11.544748477751407,-0.020713618207308184,1.3694983075099987,-7.918186915676878,-0.9893297724126643,-0.27466823967294435
53.260000000019126,-0.9771947861372805,0.3081744224386136,1.4638754089461654,7.895677161103142,11.548931314401504,-0.01946273361590807,1.3660533250107796,-7.92066981748135,-0.9866475434804062,-0.2715408837269144
53.28000000001915,-0.9730683983411893,0.3065924054919275,1.4595905212588574,7.896262467625862,11.553068560777737,-0.018632150893693956,1.3625012254811937,-7.922733115679467,-0.9837484705493028,-0.2687992003984466
53.300000000019175,-0.9691825519307152,0.30463069960212014,1.4554344856400085,7.897289733356081,11.557249636519538,-0.018271194949950432,1.3587365866765173,-7.92436289573612,-0.9805249725404391,-0.2664307465508464
53.3200000000192,-0.9655173679614045,0.3022460924787651,1.4513714588191344,7.898789877384072,11.561523218892917,-0.018389512929757258,1.3547068670247506,-7.925573562384453,-0.9769285527513769,-0.2644029302930261
53.340000000019224,-0.9620509713345855,0.2994524145439918,1.4473798028264693,7.900742137930579,11.565905895953238,-0.018957436015457747,1.350403317995521,-7.926402387741232,-0.9729578224427528,-0.2626728575818712
53.36000000001925,-0.9587522964215153,0.2962956397011775,1.4434391191906575,7.90309374489603,11.570400207063141,-0.01991781589855251,1.345841103936153,-7.9269049228075215,-0.9686389335129737,-0.26118892819079975
53.38000000001927,-0.9555916162627895,0.2928347318264311,1.4395355184829404,7.905779877592674,11.574996695820575,-0.021205218793173577,1.3410509404277189,-7.92713911905363,-0.9640143889936016,-0.25990277924054744
53.4000000000193,-0.9525543454037133,0.2891354582289066,1.4356726998724556,7.908732709278992,11.57966729440534,-0.022757588798564977,1.3360808853235044,-7.92715304275741,-0.959141852082308,-0.25878049857475255
53.42000000001932,-0.9496410463679981,0.2852797924579928,1.4318738341751256,7.911871997979015,11.584360517412268,-0.024507647887460408,1.3310037640437125,-7.92699180121024,-0.9541033509202819,-0.25779725248860724
53.440000000019346,-0.9468509150879475,0.28137659640380386,1.4281680949932165,7.915090684564596,11.589009122066821,-0.026364712741660693,1.3259162284993768,-7.926717265454005,-0.9490094944322801,-0.2569179344681655
53.46000000001937,-0.9441634980721295,0.2775544327990884,1.4245708489795466,7.91825809742324,11.593550356740383,-0.028211465733351353,1.3209200990130316,-7.926417617632955,-0.9439830663682206,-0.2560834814649719
53.480000000019395,-0.9415363032680008,0.2739413746901589,1.4210761975305226,7.921240233682877,11.597940677164202,-0.02992174441563676,1.3161011991545126,-7.926194506915152,-0.9391336634736335,-0.25521892055532813
53.50000000001942,-0.9388907316295941,0.270645226831365,1.417637797906388,7.923912646980184,11.602175063020644,-0.03137015354862759,1.3115104297395799,-7.9261579281413885,-0.9345397882208126,-0.2542372162607321
53.520000000019444,-0.9360986203129337,0.2677274329369536,1.4141539234108529,7.926188309527785,11.606317123847663,-0.03243982493452029,1.3071302542564307,-7.926433245737303,-0.930217325958911,-0.25302065771181775
53.54000000001947,-0.9330314144500498,0.2651945681737524,1.4105046985460958,7.928032649629557,11.610464444734,-0.03305938424720759,1.3028961303344895,-7.927119389473785,-0.926132681076169,-0.25145660895416844
53.56000000001949,-0.929610574930561,0.2630222252092305,1.4066101354615042,7.929447793951741,11.614687612253169,-0.033199853884365554,1.2987574289348238,-7.928272695797034,-0.9222574659396522,-0.2494723690089489
53.58000000001952,-0.9258135660313375,0.26117277563419017,1.4024422448840879,7.930459417153717,11.61901643373257,-0.0328718626397368,1.2946878564135655,-7.929895979259031,-0.9185722119899173,-0.24705662872997697
53.60000000001954,-0.9216545103904582,0.2595980623584225,1.3980061296261592,7.931115413828667,11.62345893299558,-0.032121158476165264,1.2906678714631459,-7.931949052309896,-0.9150517467052273,-0.24424372660209343
53.620000000019566,-0.9171681897453986,0.2582459872863541,1.3933249689719112,7.931474752657623,11.628011943758773,-0.03101129452592588,1.2866805032190394,-7.934370650590988,-0.9116663686655881,-0.2410892678338667
53.64000000001959,-0.9124038814206492,0.2570744996064244,1.388437432124837,7.931591023921636,11.63265730319568,-0.029606296729120157,1.2827213620743274,-7.9370942353391865,-0.9083958422049422,-0.23765650895174822
53.660000000019615,-0.907429792627993,0.2560557106691875,1.3834030352403828,7.9315086646957385,11.637355024798934,-0.027968314706845816,1.2788065107248192,-7.9400483564815065,-0.9052378966258696,-0.2340176046611625
53.68000000001964,-0.9023428085121118,0.2551616195493513,1.3783078373708213,7.931278890234695,11.642043335317243,-0.026174285542156502,1.2749670855969242,-7.943141133196689,-0.9021997208602901,-0.23026736336561776
53.700000000019664,-0.8972624532487247,0.25434499704831964,1.3732540562232811,7.93097689217148,11.646654044853463,-0.024328893312211854,1.2712306729277922,-7.946252661835618,-0.8992782052341977,-0.22652684662303998
53.72000000001969,-0.8923072289955017,0.25353564450189187,1.3683373543810549,7.930700380055874,11.651132581061862,-0.022556547354862136,1.2676054570151982,-7.949247971935786,-0.8964476149329365,-0.22292831794036436
53.74000000001971,-0.8875734333471708,0.2526548679807538,1.3636301447770482,7.930552841977614,11.655448759819384,-0.02098211896549915,1.2640745673620852,-7.951996383881129,-0.8936583229457786,-0.2195952361804385
53.76000000001974,-0.8831111922639077,0.251598547547382,1.3591511911884833,7.930655318908318,11.659631596469493,-0.019731234374126574,1.2605633618784786,-7.954384718414353,-0.8908075846707971,-0.21662067763402235
53.78000000001976,-0.8789037827236328,0.250246675207355,1.3548519758488216,7.931123927147322,11.663768842845737,-0.018900651651937717,1.2569564856110762,-7.956350692502242,-0.8877616179845255,-0.2140431714206682
53.800000000019786,-0.874915593100391,0.2485024172410627,1.3506695505756294,7.9320378340243325,11.66794991858755,-0.01853969570821729,1.2531489335332335,-7.957877530914591,-0.8844123190418194,-0.2118562307186738
53.82000000001981,-0.8711243898808406,0.24632372432793032,1.3465672448287627,7.933426972826302,11.67222350096094,-0.01865801368804498,1.2490877919067835,-7.958978204751506,-0.8807094663227628,-0.21002998982113283
53.840000000019835,-0.8675090946008867,0.2437256130877373,1.3425239930309651,7.935270001232176,11.676606178021261,-0.01922593677376355,1.2447633022154445,-7.959689734532051,-0.8766493059020296,-0.20852169670380996
53.86000000001986,-0.8640412262576606,0.24075570185263245,1.3385208387713634,7.93751361412466,11.681100489131172,-0.02018631665687327,1.2401891130833436,-7.9600680629609215,-0.8722551020269952,-0.20727838647297694
53.88000000001988,-0.8606943573879938,0.23747450524887798,1.3345456598638363,7.940092637195964,11.685696977888599,-0.021473719551506183,1.235394353365942,-7.960171955075431,-0.8675666238250707,-0.20624942423663656
53.90000000001991,-0.8574575544345426,0.23394849531394693,1.33060399793774,7.94293936933044,11.690367576473356,-0.023026089556906233,1.2304257565045844,-7.9600507658124116,-0.8626395750128673,-0.20539776711867855
53.92000000001993,-0.8543359031462306,0.23025948961557544,1.3267211965735446,7.945974228090653,11.695060799480272,-0.024776148645806424,1.2253548947925343,-7.959751565506467,-0.8575544881513752,-0.20469409216799292
53.94000000001996,-0.8513346087185818,0.22651622850314576,1.3229293289270652,7.949090986979602,11.699709404134808,-0.02663321350000664,1.2202767024964765,-7.959338829755618,-0.852419866073439,-0.20409724192083764
53.96000000001998,-0.8484403441516122,0.22284820758521318,1.3192473081977396,7.9521594404090195,11.704250638808348,-0.028479966491691898,1.215290565133775,-7.958903476036637,-0.8473550457312192,-0.20354146696820422
53.980000000020006,-0.8456177504477201,0.21938564982829856,1.3156728807456513,7.955045474679548,11.708640959232145,-0.030190245173966766,1.21047951128834,-7.958549449011532,-0.8424653191121466,-0.2029458600588674
54.00000000002003,-0.8427942980489729,0.2162405335263365,1.3121631039537123,7.957623429620453,11.712875345088564,-0.03163865430693726,1.205891432824307,-7.958388086577697,-0.8378242655944628,-0.2022191858500505
54.020000000020055,-0.8398454104952927,0.2134812819954741,1.308618654515721,7.9598035442303985,11.717017405915573,-0.032708325692805726,1.20150539175768,-7.958544230111639,-0.8334412499075464,-0.20124303617087916
54.04000000002008,-0.8366430917301575,0.21112155526544313,1.3049206410452465,7.961548000849701,11.721164726801899,-0.033327885005466816,1.1972541802267929,-7.9591150182797,-0.8292765113162339,-0.19990680086225168
54.0600000000201,-0.8331075753154974,0.2091413177404742,1.3009890474401702,7.962856750939272,11.725387894321065,-0.03346835464259675,1.1930856564325039,-7.960155390389626,-0.8252976931196561,-0.19813945644962944
54.08000000002013,-0.8292142831803447,0.2075042420971977,1.2967951968218516,7.963754698799301,11.729716715800468,-0.03314036339793899,1.1889734599362878,-7.961667445177074,-0.8214847322838991,-0.19593078548400866
54.10000000002015,-0.8249746586707093,0.2061614652199143,1.2923428881324097,7.964289860039635,11.734159215063483,-0.03238965923433826,1.1848991491255876,-7.963610478725855,-0.8178143897779867,-0.19331646337472363
54.12000000002018,-0.8204205552430995,0.20505904882785186,1.2876536890633337,7.964521811662896,11.738712225826681,-0.0312797952840699,1.1808474248407337,-7.965922787976107,-0.8142600782759188,-0.19035364978994945
54.1400000000202,-0.815598854353246,0.20415228660635132,1.2827647977093246,7.964505175343107,11.743357585263597,-0.029874797487235597,1.1768157079114614,-7.968537739426293,-0.8108050840515578,-0.18710662164372452
54.160000000020226,-0.8105761200962781,0.20340956808646912,1.2777345002369178,7.964285989642225,11.748055306866855,-0.02823681546493372,1.1728219974226808,-7.971384346063029,-0.8074511220533312,-0.18364754898893823
54.18000000002025,-0.805447544595615,0.20279758797258385,1.2726474316396408,7.9639177903489315,11.752743617385166,-0.026442786300219324,1.168899916016241,-7.974371607444994,-0.8042106026887424,-0.18007069897736827
54.200000000020275,-0.8003298633018946,0.2022625925639314,1.267603727811474,7.963478520032191,11.757354326921387,-0.024597394070253704,1.1650802992396943,-7.97738041414956,-0.8010871023550538,-0.17649712027800074
54.2200000000203,-0.795337523531106,0.20172795010670838,1.2626963598096936,7.963068452659063,11.761832863129783,-0.022825048112888126,1.1613749974533047,-7.9802760680793305,-0.7980622250223716,-0.17306029510701795
54.24000000002032,-0.7905623330285791,0.201109771989302,1.2579949005474316,7.96279300657391,11.766149041887303,-0.021250619723515763,1.1577706988378749,-7.982927479298778,-0.7950932329546582,-0.1698862330550405
54.26000000002035,-0.7860485950257536,0.20030133053508778,1.253514816444844,7.962773688097528,11.77033187853741,-0.01999973513214135,1.1541958655953062,-7.98521948127926,-0.7920826749812144,-0.16707353898227564
54.28000000002037,-0.7817729888020581,0.1991837235902386,1.249204451117233,7.963125251691972,11.774469124913661,-0.019169152409953955,1.150536878528324,-7.9870866781532515,-0.7888990992808812,-0.16466806665985836
54.3000000000204,-0.7776946127988358,0.19766223040910785,1.2449987275314531,7.963925124222872,11.778650200655473,-0.018808196466237034,1.146689227440369,-7.988509446394479,-0.7854342087653252,-0.16266930535425847
54.32000000002042,-0.7737889467062368,0.19569609281606118,1.2408601749818744,7.965202231049369,11.782923783028865,-0.018926514446068743,1.142599665537054,-7.989499313882726,-0.7816362101828057,-0.16105020657964278
54.340000000020446,-0.7700357729462929,0.19330146785474328,1.2367683158538725,7.9669346650832855,11.787306460089196,-0.019494437531790497,1.1382574315289675,-7.990093022176507,-0.7774989958647798,-0.1597682906477261
54.36000000002047,-0.7664092819580404,0.19052747313547838,1.232705649808244,7.969068625588833,11.791800771199114,-0.020454817414901814,1.133674648228974,-7.990346864335407,-0.7730428714933163,-0.1587693894456611
54.380000000020495,-0.7628864263309587,0.1874359895734946,1.2286618308613362,7.971538632810258,11.796397259956557,-0.021742220309534648,1.1288788362370092,-7.9903203755289525,-0.7683047510670895,-0.15800075041441544
54.40000000002052,-0.7594599577328159,0.1840939913139668,1.2246442390067571,7.974277161297461,11.801067858541321,-0.023294590314933156,1.1239153700405478,-7.990064162873394,-0.7633382090251172,-0.15742231287253455
54.42000000002054,-0.756139469635327,0.18058289054598833,1.220680371857413,7.977205346973045,11.805761081548253,-0.02504464940383018,1.118854515904929,-7.989627224955639,-0.7582220368681685,-0.15700035400507265
54.44000000002057,-0.7529361606307156,0.17701097461497234,1.2168051784165466,7.98021787448599,11.810409686202801,-0.02690171425802501,1.1137894202840501,-7.9890765942741995,-0.7530623005979419,-0.15668779085501947
54.46000000002059,-0.7498438708339183,0.17350827727568946,1.2130411044509704,7.983185100510658,11.814950920876356,-0.028748467249702203,1.1088169604316336,-7.9885058564388425,-0.7479745266049586,-0.15641238807071312
54.48000000002062,-0.7468344820838672,0.17020677446814036,1.209389542950169,7.985972899647409,11.819341241300165,-0.03045874593196651,1.104017308577033,-7.98802117477726,-0.7430593811666434,-0.15608755069556135
54.50000000002064,-0.7438417553958641,0.1672222766926779,1.2058109831597557,7.988454490796871,11.823575627156599,-0.03190715506492289,1.0994353122346194,-7.98773514795064,-0.7383852962819223,-0.15561812162685124
54.520000000020666,-0.7407450804287334,0.16462997829882833,1.202208578576123,7.990537446088487,11.82771768798362,-0.03297682645077673,1.0950466474240335,-7.987772002012775,-0.7339550875147642,-0.1548853563249837
54.54000000002069,-0.7374174100960463,0.1624505825406111,1.198464509800019,7.9921807298510545,11.831865008869958,-0.03359638576342434,1.0907814904676405,-7.988227012727685,-0.7297229502056097,-0.15378100758898172
54.560000000020715,-0.7337779937767633,0.16066848663168762,1.1944987916198466,7.993382118376037,11.836088176389133,-0.033736855400542415,1.0865862253454799,-7.989153681657558,-0.7256526572156203,-0.15223594594294543
54.58000000002074,-0.72980028597116,0.1592487750677653,1.1902820807471566,7.994165727196998,11.840416997868545,-0.0334088641558752,1.0824344443080698,-7.990553390170497,-0.7217236121927151,-0.15024107677995827
54.60000000002076,-0.7254930158514724,0.15814202765260943,1.1858168694459748,7.994579657450835,11.844859497131564,-0.032658159992268114,1.078308819068547,-7.992384948069352,-0.717914580434084,-0.1478333036877649
54.62000000002079,-0.7208850114972707,0.1572926303353648,1.181123097873828,7.9946840504268195,11.849412507894764,-0.031548296041996715,1.074195733480112,-7.994586259199422,-0.7142021697514246,-0.14507116655956742
54.64000000002081,-0.7160206155910828,0.15665335757243437,1.1762364655225246,7.994534518819606,11.85405786733168,-0.030143298245162504,1.0700944207154828,-7.99709064457134,-0.7105732393054343,-0.14201976676756314
54.66000000002084,-0.7109645462101546,0.15618897343067092,1.17121398548883,7.994178668649752,11.858755588934933,-0.028505316222863907,1.0660248029450643,-7.999827632699723,-0.7070334844628663,-0.1387510697227458
54.68000000002086,-0.7058100122912198,0.15586096976560293,1.1661388061515499,7.993672316670134,11.863443899453243,-0.02671128705815654,1.0620229641747534,-8.002707170784031,-0.7036004992772973,-0.13535851397924106
54.700000000020886,-0.7006706047258632,0.1556092322267766,1.1611089075784147,7.993096098776279,11.868054608989453,-0.024865894828202166,1.0581229664711307,-8.00561103166507,-0.7002845353156545,-0.1319627663355303
54.72000000002091,-0.6956563671291319,0.15535092956033555,1.1562145005833004,7.992552779237369,11.872533145197835,-0.023093548870851903,1.0543403174980324,-8.00840488916951,-0.6970745914077385,-0.1286981208354369
54.740000000020935,-0.6908543375478261,0.1549972341823327,1.1515222666363756,7.992149628734885,11.876849323955344,-0.021519120481499825,1.0506652739532425,-8.010957339934425,-0.6939349493657311,-0.12569275369386743
54.76000000002096,-0.6863028614391689,0.15443913600523523,1.1470443633690859,7.99200852913025,11.881032160605445,-0.020268235890152024,1.0470294552060329,-8.013151315282467,-0.6907737485016323,-0.123050497772319
54.78000000002098,-0.6819720914705125,0.15355920115434477,1.142726033959185,7.99224278823016,11.885169406981687,-0.01943765316799136,1.0433210617941138,-8.01491835484762,-0.6874622679891159,-0.12082439172166806
54.80000000002101,-0.6778159608269698,0.152265110586543,1.1385001206229814,7.992928035207915,11.889350482723502,-0.019076697224301595,1.039436155597278,-8.016236001311805,-0.6838923476087467,-0.11901990245338143
54.82000000002103,-0.673807737145197,0.15051752151054576,1.1343283801849537,7.99409216611535,11.893624065096898,-0.01919501520416058,1.0353211961210447,-8.017114330813927,-0.6800107802535844,-0.1176128811521221
54.84000000002106,-0.6699281253607418,0.14833368214382797,1.1301909381286643,7.995712725289258,11.89800674215723,-0.019762938289908993,1.0309644272568323,-8.01758977879528,-0.6758091231293182,-0.11656124995249874
54.86000000002108,-0.666154066027464,0.14576405965418093,1.1260717631215478,7.9977354561409335,11.902501053267152,-0.020723318173045836,1.0263764370459527,-8.017718947062644,-0.6713046614567652,-0.11580980263824013
54.880000000021106,-0.6624659620408001,0.14287171261987844,1.1219622930294104,8.00009462186447,11.907097542024596,-0.022010721067702906,1.021583117491614,-8.017562096913725,-0.6665313415843087,-0.11530382978407
54.90000000002113,-0.6588602723880569,0.13972391314265065,1.1178717407553647,8.002722922585182,11.91176814060936,-0.0235630910731241,1.0166284505899312,-8.017171050239131,-0.6615404453673267,-0.11500037501649193
54.920000000021155,-0.6553510690208391,0.13640141987163582,1.1138297376205357,8.00554227087625,11.91646136361629,-0.025313150162041293,1.0115813446426547,-8.016596697661912,-0.6564087830734608,-0.11486141845088679
54.94000000002118,-0.6519555097924287,0.13301173706589076,1.1098740826438542,8.008448340373999,11.921109968270832,-0.027170215016252316,1.006533089443874,-8.015908579035573,-0.6512396605619946,-0.11483409515563296
54.9600000000212,-0.6486746207092959,0.1296850402564288,1.1060307375692426,8.011312145838255,11.92565120294438,-0.02901696800794059,1.00157798237911,-8.015202878931271,-0.6461444415132999,-0.11483990402481022
54.98000000002123,-0.645487610156917,0.12655465606657165,1.1023047409859894,8.013999649304752,11.930041523368178,-0.030727246690210475,0.9967932800657319,-8.014587900874252,-0.6412188596430088,-0.11478682635592155
55.00000000002125,-0.6423347316340537,0.1237398741885591,1.0986600432058558,8.016383042452755,11.934275909224601,-0.032175655823163396,0.9922207525203477,-8.014177421064826,-0.6365259909757353,-0.1145760733449827
55.02000000002128,-0.639099708563876,0.12132243079725565,1.0950023461096485,8.018367298858392,11.938417970051617,-0.033245327209008975,0.9878327077447285,-8.014094958415301,-0.6320620933276055,-0.11408892604175447
55.0400000000213,-0.6356568300960324,0.11933000926313732,1.091214989368744,8.019908195169497,11.942565290937956,-0.03386488652164563,0.9835567578538048,-8.014433855366518,-0.6277754577368025,-0.1132198301634025
55.060000000021326,-0.631924607571229,0.11775148716983895,1.0872180777812654,8.021001334151668,11.946788458457132,-0.03400535615875111,0.9793378522358216,-8.015246136190674,-0.6236260970543827,-0.111901760953713
55.08000000002135,-0.6278746089771979,0.11655346726187543,1.0829816233373597,8.021670024747431,11.95111727993655,-0.033677364914070924,0.9751495553490083,-8.01653246386732,-0.6195929443920695,-0.11012677437011628
55.100000000021375,-0.623512822704067,0.11568612290553006,1.0785068097808608,8.0219624180679,11.955559779199577,-0.03292666075045146,0.9709756650399961,-8.018251192363108,-0.6156568341030173,-0.10793288968894638
55.1200000000214,-0.6188649635804762,0.11509233380307733,1.0738119349970348,8.021939175236964,11.960112789962789,-0.03181679680016872,0.9668042582389099,-8.020339878325412,-0.611797640440885,-0.10537984858664458
55.14000000002142,-0.6139727003500166,0.11472249913527661,1.068931173488353,8.021656858865096,11.964758149399717,-0.030411799003324202,0.9626363810282341,-8.022731846561264,-0.6080058355092226,-0.1025333784510248
55.16000000002145,-0.6088987077978705,0.11453786491124188,1.0639202231419163,8.021164607244588,11.969455871002983,-0.02877381698101651,0.9584938639388658,-8.025357193200612,-0.6042910777324463,-0.09946502068562296
55.18000000002147,-0.6037339275538293,0.11449483751849784,1.0588606842646335,8.020520476836845,11.974144181521298,-0.026979787816302035,0.9544152256701048,-8.028126879644134,-0.6006760911798696,-0.0962671004267378
55.2000000000215,-0.5985884597017247,0.11452712519796367,1.0538483086783097,8.019807737263827,11.978754891057521,-0.025134395586343564,0.9504377296313835,-8.030923648380895,-0.5971777713391769,-0.0930595347848111
55.22000000002152,-0.5935676087197992,0.11454594968264722,1.0489704802762134,8.019131567141034,11.983233427265915,-0.023362049628992715,0.9465805293279865,-8.033613644445678,-0.5937925454337242,-0.08997702027508994
55.240000000021546,-0.5887533776462249,0.11445781518124692,1.0442909397995013,8.01860101020046,11.987549606023435,-0.021787621239644103,0.9428374571762148,-8.036065248171875,-0.5904918237003878,-0.08714950902896743
55.26000000002157,-0.5841780372790668,0.11415176148077781,1.0398185271048834,8.018338233758021,11.991732442673547,-0.020536736648304153,0.9391433402546516,-8.038159575261991,-0.5871896159443826,-0.08468574540504319
55.280000000021595,-0.5798053046544894,0.11351218094858422,1.0354954254047872,8.018455015216242,11.9958696890498,-0.019706153926152024,0.9353882814699663,-8.039825151452419,-0.5837603247021262,-0.082645791261073
55.30000000002162,-0.5755840881226226,0.1124494376517514,1.0312524458030803,8.01902513015656,12.000050764791625,-0.019345197982470603,0.9314689916017311,-8.041036702232073,-0.5800962563179592,-0.08104107448923427
55.32000000002164,-0.5714855247524409,0.11092572410836918,1.0270506009208982,8.020075424704784,12.004324347165024,-0.019463515962336742,0.927331676028571,-8.041802844551425,-0.576142952016083,-0.07985041955530323
55.34000000002167,-0.5674913008083834,0.10895932713358258,1.0228706340297695,8.021582911220277,12.008707024225366,-0.020031439048090117,0.9229635925119819,-8.042159680804158,-0.5718896596118108,-0.07903227867887881
55.36000000002169,-0.5635811772491293,0.10660190961820916,1.0186979946529493,8.023492917363876,12.01320133533529,-0.02099181893122915,0.9183737864958171,-8.042164079708343,-0.5673505911757503,-0.07853057582031117
55.38000000002172,-0.5597390670121283,0.10391751558788531,1.0145259108342048,8.025739497867363,12.017797824092742,-0.02227922182588564,0.9135865022490841,-8.041876984149136,-0.5625566219304484,-0.07828881145380347
55.40000000002174,-0.5559651471979709,0.10097351004151585,1.0103654215766493,8.028255628174586,12.022468422677514,-0.023831591831303654,0.9086442967682735,-8.04135139248858,-0.5575565848298594,-0.07826126445379183
55.420000000021766,-0.5522779253439118,0.09784975191909791,1.0062482700083282,8.030964055225798,12.027161645684448,-0.025581650920214853,0.9036146694595855,-8.04064004977124,-0.5524250747747984,-0.07840573375851388
55.44000000002179,-0.5487004662635804,0.09465263469795497,1.0022150772256015,8.03376151875507,12.031810250338989,-0.02743871577441652,0.8985869859825851,-8.039814951806855,-0.5472623225843518,-0.07866373360506396
55.460000000021815,-0.5452409787274991,0.09151207888320644,0.9982953017604869,8.036519786944105,12.036351485012537,-0.02928546876609183,0.8936528941568878,-8.038974811035404,-0.542175189769046,-0.07895073642099146
55.48000000002184,-0.5418860610448615,0.08856235537417295,0.9944976240779232,8.039105008335033,12.040741805436333,-0.03099574744834556,0.8888866778854565,-8.038229991129649,-0.5372541856664124,-0.0791695802500735
55.50000000002186,-0.5385826413176711,0.0859258694351492,0.990789482201104,8.041388441852298,12.044976191292758,-0.0324441565812765,0.8843269988138088,-8.03769536173402,-0.5325568380578938,-0.07921814571591397
55.52000000002189,-0.5352191311686738,0.0836906499174502,0.9870791960935017,8.043272532755255,12.049118252119776,-0.03351382796709885,0.8799428173937425,-8.037493643323215,-0.5280728584187323,-0.07897810133772999
55.54000000002191,-0.5316715391764557,0.08189127592332865,0.9832513507238745,8.04470990269743,12.053265573006115,-0.03413338727971267,0.8756592350365664,-8.037716176023025,-0.5237447911045464,-0.07834690750227181
55.56000000002194,-0.5278578870378777,0.0805211393098345,0.9792261999527326,8.045693984168693,12.057488740525296,-0.03427385691679579,0.8714198072281045,-8.038413468363139,-0.5195290108454491,-0.07725984847842825
55.58000000002196,-0.5237479428948242,0.07954846287208223,0.9749731332137563,8.046247262292248,12.061817562004716,-0.033945865672094365,0.8671980901735125,-8.039585464444524,-0.5154040444332368,-0.07571015500307131
55.600000000021986,-0.5193449361014538,0.0789231654208324,0.9704920248556502,8.04641790256366,12.066260061267752,-0.03319516150845544,0.8629790198283583,-8.041190093179331,-0.511352853697913,-0.07373684615044936
55.62000000002201,-0.5146713898513215,0.07858679452605577,0.9657995169669672,8.046267041105192,12.070813072030965,-0.03208529755815526,0.8587523750123536,-8.043164610170551,-0.5073586406825676,-0.07140068327516763
55.640000000022034,-0.5097661719340711,0.07848752528649813,0.9609282338015573,8.045852148636204,12.075458431467892,-0.030680299761295354,0.8545210139445621,-8.045442393303007,-0.5034155194766171,-0.06876781942988608
55.66000000002206,-0.5046897227970192,0.07858320378377172,0.9559325168690668,8.04522385940129,12.080156153071155,-0.029042317738974734,0.8503086593808457,-8.047954157989809,-0.49953708212125053,-0.06590915393758139
55.68000000002208,-0.4995304395539827,0.07882528381980938,0.9508923580915485,8.04444242665933,12.084844463589464,-0.02724828857425083,0.8461562362437102,-8.050611945643631,-0.4957511134338175,-0.06291561709047618
55.70000000002211,-0.4943945958730481,0.07914149829799492,0.9459012102721651,8.043593692211921,12.089455173125677,-0.025402896344287496,0.8421041817430592,-8.05329955506996,-0.49208110132178906,-0.059906010778637386
55.72000000002213,-0.4893824361056656,0.07943739255285205,0.941043565795814,8.042785171280565,12.093933709334054,-0.023630550386936733,0.8381752810687569,-8.05588370144744,-0.4885309122926396,-0.05701502340569525
55.74000000002216,-0.4845706783190367,0.0796150875803741,0.9363801775621626,8.042127600050643,12.098249888091562,-0.0220561219975945,0.8343669469142436,-8.058232646089385,-0.48507917215549234,-0.05437398689835784
55.76000000002218,-0.479985420283952,0.07956201127196783,0.9319165611194088,8.04174334099546,12.102432724741663,-0.02080523740626873,0.8306172622384517,-8.060225776948712,-0.48164602332479856,-0.052096225636864654
55.780000000022206,-0.4755840540034194,0.07916473463316778,0.9275918824485775,8.041742558495718,12.106569971117912,-0.019974654684132825,0.8268183135448579,-8.061788658692734,-0.4781093745469362,-0.050248641604802045
55.80000000002223,-0.4713106187305794,0.0783365780702592,0.9233349726804488,8.042197120011497,12.110751046859736,-0.019613698740469348,0.8228675368566251,-8.062893218298425,-0.4743623270027212,-0.04884858884046126
55.820000000022254,-0.4671342089469509,0.07704138465578673,0.9191061290494238,8.043132801899894,12.115024629233137,-0.01973201672035426,0.8187109231865218,-8.06354660715881,-0.47034933624919284,-0.04787792963817167
55.84000000002228,-0.4630375480699467,0.07529842406054366,0.9148867268481594,8.044526101533616,12.119407306293484,-0.020299939806126203,0.8143347535842517,-8.063784567935727,-0.46605737348619053,-0.0472957729488128
55.8600000000223,-0.4590032791558788,0.07316039741912027,0.9106637072103774,8.046321971232826,12.123901617403416,-0.021260319689282953,0.8097465242104829,-8.06366419422535,-0.4614975343127631,-0.047045343840807795
55.88000000002233,-0.4550188742209295,0.07069213898498397,0.9064320933631382,8.04845430600889,12.128498106160874,-0.022547722583956136,0.8049688136804419,-8.063247065455785,-0.4566975287115141,-0.04706852491016492
55.90000000002235,-0.4510882279391328,0.06796090131166453,0.9022047422503369,8.050856406163827,12.133168704745655,-0.024100092589389704,0.8000427225359878,-8.062587317287996,-0.4517035918819613,-0.04731696964676876
55.92000000002238,-0.4472342270185651,0.06504540020333267,0.8980154853447497,8.053451910104744,12.13786192775259,-0.02585015167831464,0.7950342913971684,-8.061739510202802,-0.4465878759772995,-0.047744424449340545
55.9400000000224,-0.44348577292684577,0.062050594046096336,0.8939077357960343,8.056138699985869,12.142510532407137,-0.027707216532527022,0.7900308957364904,-8.060778042752176,-0.44144723125200386,-0.048286961000478114
55.960000000022426,-0.43985823217650777,0.059105752294416676,0.8899144271507183,8.058789392190338,12.147051767080692,-0.029553969524209037,0.7851214660683237,-8.059804082283911,-0.4363836913106121,-0.0488542829188477
55.98000000002245,-0.4363456338516065,0.05634568083794118,0.8860478753334283,8.061270420699838,12.15144208750449,-0.03126424820646515,0.7803772586760194,-8.058929971045572,-0.43148226522124056,-0.04934438116438081
56.000000000022474,-0.43290174243158813,0.053895527396274484,0.8822790301462125,8.063452206839939,12.155676473360915,-0.03271265733939197,0.7758337982581546,-8.058271587222494,-0.4267947571654994,-0.049652117069399926
56.0200000000225,-0.4294199978833934,0.0518493451669059,0.878518897398362,8.065234739658537,12.159818534187934,-0.03378232872520703,0.7714567206587095,-8.057950762145804,-0.42230436363931456,-0.04965990732158271
56.04000000002252,-0.4257785061662284,0.0502485035795573,0.8746533926623353,8.066567520833454,12.16396585507428,-0.03440188803781236,0.7671686719449096,-8.058056766114323,-0.41794805745251024,-0.04926853953936778
56.06000000002255,-0.42189504922005383,0.049090928907689825,0.8706029778035228,8.067441817433027,12.168189022593468,-0.03454235767488673,0.7629118554197976,-8.05863855458304,-0.4136787081931658,-0.04841580428377781
56.08000000002257,-0.4177376874939078,0.048346560860557254,0.8663364423242198,8.067879274141813,12.172517844072893,-0.03421436643017754,0.758659838580765,-8.059695352815647,-0.4094745017879577,-0.04709612770525101
56.1000000000226,-0.41330688146223554,0.0479652163512949,0.8618523512708739,8.067928035239419,12.17696034333593,-0.033463662266532725,0.7543987066265512,-8.061184695765647,-0.405320579479628,-0.045349409737683095
56.12000000002262,-0.4086218940281211,0.04788728899275318,0.8571656786347126,8.067649666659152,12.181513354099147,-0.03235379831622883,0.7501199478211962,-8.063043584367712,-0.4012035223043674,-0.04323724620057579
56.140000000022646,-0.40371867355014085,0.04805888777475932,0.8523074743075114,8.067102504751112,12.18615871353608,-0.030948800519367294,0.7458282304077565,-8.06520549882664,-0.3971211042789378,-0.040826014163148676
56.16000000002267,-0.39865524190267165,0.048434587345348556,0.847330683256206,8.06633864228709,12.190856435139352,-0.02931081849704714,0.7415491518329375,-8.067601825048772,-0.3930908096299273,-0.03818575475191147
56.180000000022694,-0.39351718223073806,0.048961036899786765,0.8423136298938375,8.065420484788646,12.195544745657664,-0.027516789332326326,0.7373260129937539,-8.070145749471315,-0.38914539922881336,-0.03540572624053637
56.20000000002272,-0.38840661784240194,0.04956021428908744,0.8373473989314729,8.064436382789061,12.200155455193883,-0.02567139710236937,0.7332023950123664,-8.072722213103566,-0.38531488180682116,-0.0326032531658053
56.22000000002274,-0.38341842739665655,0.05013227636678763,0.8325135287950725,8.063496108648481,12.204633991402265,-0.023899051145028338,0.7292046979220814,-8.0751985997824,-0.3816105513696286,-0.02991260526141966
56.24000000002277,-0.37862381013708113,0.05057525927176986,0.8278697396387308,8.062712009157607,12.208950170159778,-0.022324622755699727,0.7253339166058286,-8.077443149172613,-0.3780183144515946,-0.027466093922332197
56.26000000002279,-0.3740426112557514,0.05077532214307112,0.823418218625447,8.062206551505772,12.213133006809887,-0.021073738164392064,0.721531435667424,-8.07933361062511,-0.3744646894989694,-0.025381278114106204
56.28000000002282,-0.3696260276005695,0.05062156037962136,0.8190951594688889,8.062088205626434,12.217270253186141,-0.020243155442274098,0.7176914049688975,-8.080792642755245,-0.3708314636276776,-0.023731696014973245
56.30000000002284,-0.3653133999077008,0.05003051494436412,0.8148274659295518,8.062426877739167,12.221451328927971,-0.01988219949862812,0.7137120615847649,-8.081789394777587,-0.36701285870487865,-0.02254057491061541
56.320000000022866,-0.3610718742776674,0.048967789678145704,0.8105747492004725,8.06324725538036,12.22572491130138,-0.020000517478529527,0.7095392220814168,-8.082329547241926,-0.3629524139314815,-0.02179287021142121
56.34000000002289,-0.35688526394347797,0.04745357836943666,0.8063190303614528,8.06452533830748,12.230107588361733,-0.020568440564316105,0.7051582009368033,-8.082448456659886,-0.3586348636063473,-0.02144847224398753
56.360000000022914,-0.35273914696665837,0.04554145975256312,0.8020487518088353,8.066205744187233,12.234601899471667,-0.021528820447485168,0.7005749394877968,-8.08220339930636,-0.354068153035268,-0.021450080246629196
56.38000000002294,-0.34862459263002704,0.04329686068051252,0.7977607356314402,8.068222257170513,12.239198388229129,-0.022816223342168263,0.6958103340073856,-8.081656545637406,-0.3492767424951023,-0.02173813609111345
56.40000000002296,-0.34454920130928357,0.04078671626164618,0.7934696472110332,8.070508551717037,12.243868986813908,-0.024368593347609352,0.6909039982042939,-8.080863128599802,-0.34430412849641073,-0.022261815253007012
56.42000000002299,-0.3405401691198724,0.03808835922213914,0.7892113813593802,8.072989214141648,12.248562209820841,-0.026118652436538832,0.6859204651000352,-8.079879483783534,-0.3392198005099711,-0.0229709525821265
56.44000000002301,-0.33663214608570907,0.03530499292185789,0.7850321111916213,8.075563344496743,12.253210814475384,-0.027975717290751892,0.6809450553985202,-8.07878235749284,-0.3341169330058935,-0.023796372073402055
56.46000000002304,-0.3328476096210049,0.0325648417243787,0.7809682209267338,8.078104501519517,12.257752049148927,-0.02982247028243013,0.6760639165779626,-8.077675297207854,-0.3290924206630411,-0.02464228377879822
56.48000000002306,-0.3291880377852741,0.030002835593241507,0.7770356528460047,8.080479503353416,12.262142369572716,-0.031532748964678115,0.671345224634684,-8.076672540715812,-0.32422551315476417,-0.025402142519206833
56.500000000023086,-0.32561417237090284,0.02774648322704056,0.7732088900021109,8.082558029500175,12.266376755429137,-0.03298115809758908,0.6668213410630701,-8.075890889094307,-0.31956213315290005,-0.02596811082023059
56.52000000002311,-0.32202480650620635,0.025895575475701284,0.7694016898281335,8.084237686716987,12.270518816256157,-0.03405082948338534,0.6624546024987416,-8.075451194482108,-0.3150790133946349,-0.026223711956436146
56.540000000023134,-0.3183005150894392,0.024498145993775047,0.7655013828230647,8.085464894030608,12.2746661371425,-0.03467038879597077,0.6581652568391887,-8.07544059136902,-0.31070774726400446,-0.026073363197956216
56.56000000002316,-0.31435909092143716,0.02355666179228446,0.7614286976459261,8.086228759542614,12.27888930466169,-0.034810858433024554,0.65389419792375,-8.075906445951043,-0.30639784287036914,-0.025457551025276654
56.58000000002318,-0.3101669841167966,0.0230428711246509,0.7571518469361385,8.08655007150072,12.283218126141115,-0.03448286718829493,0.6496150240790206,-8.076847265227224,-0.3021272117691287,-0.02437191399265711
56.60000000002321,-0.3057218848666274,0.022906641974887343,0.7526680874985053,8.086476917383878,12.28766062540416,-0.033732163024630654,0.6453149800317125,-8.078220221579482,-0.2978832199083546,-0.022857111270330886
56.62000000002323,-0.3010397370662017,0.02308739569140901,0.7479907141592543,8.08607124743141,12.292213636167386,-0.032622299074308636,0.6409872697814482,-8.079962107838432,-0.293655868221137,-0.02097538538580796
56.64000000002326,-0.2961534600649428,0.023529339426150108,0.7431491794982866,8.085392220506218,12.296858995604325,-0.03121730127743032,0.6366383681448551,-8.0820065556954,-0.28944659743684725,-0.01879313509373414
56.66000000002328,-0.2911184803015277,0.024183914859504448,0.7381949928067953,8.084493349404132,12.301556717207598,-0.029579319255095136,0.632295728339732,-8.084285672264468,-0.28527673067190906,-0.016379329824209563
56.680000000023306,-0.2860173060769341,0.024993129204437515,0.7332047530971522,8.083439145783814,12.306245027725915,-0.027785290090362093,0.6280049952327569,-8.086713853173586,-0.28118390498996587,-0.013821283754545489
56.70000000002333,-0.28094759904608213,0.02587344308735593,0.7282671096651974,8.082320403607993,12.310855737262129,-0.0259398978603969,0.6238128616463798,-8.08917726667901,-0.2772045584731325,-0.011234486438611678
56.720000000023354,-0.2759985829655892,0.02671992922351949,0.7234605867107325,8.081249071239787,12.31533427347051,-0.02416755190305217,0.6197493229443828,-8.091544063295988,-0.2733573781988049,-0.008752379658062599
56.74000000002338,-0.2712357212252866,0.027426849701789515,0.718839828979779,8.080339023036727,12.319650452228014,-0.022593123513725503,0.6158189554638372,-8.093682558428357,-0.26963559438639406,-0.006507850963401845
56.7600000000234,-0.2666725459462543,0.027879441919492695,0.7144036936335459,8.079712740385416,12.323833288878125,-0.021342238922426465,0.6119664887776385,-8.095468953183708,-0.2659723255010281,-0.0046223355612994765
56.78000000002343,-0.26225420758346296,0.027969663729281783,0.7100854492792634,8.079476918599061,12.32797053525438,-0.02051165620031902,0.6080882143430194,-8.09682305729054,-0.2622535973656713,-0.0031757836649463633
56.80000000002345,-0.2579155332581753,0.027617531051289848,0.7058101263345177,8.079699450987166,12.33215161099621,-0.020150700256684754,0.604083245501532,-8.097711265003623,-0.2583750749676105,-0.002197225005808546
56.82000000002348,-0.25362182083544643,0.026790513341323395,0.7015366798034222,8.080403918018218,12.336425193369628,-0.02026901823659801,0.5998972644216057,-8.09813778183088,-0.25427955325590196,-0.0016747539693750331
56.8400000000235,-0.24935802270451923,0.025509666950656342,0.6972477898416223,8.081565839573653,12.340807870429984,-0.020836941322395473,0.5955146298638975,-8.09813755200079,-0.24994957616146476,-0.0015691645205987105
56.860000000023526,-0.2451126958932057,0.023829284894206992,0.6929334086506128,8.083129539601265,12.345302181539926,-0.0217973212055738,0.5909397239500808,-8.097767992132535,-0.24538991447788627,-0.0018228047323438448
56.88000000002355,-0.24088053417364744,0.02181518718980529,0.688592159529852,8.085028740333382,12.349898670297396,-0.023084724100264437,0.5861917451659153,-8.0970918177583,-0.24062170421626056,-0.002374857297718429
56.900000000023574,-0.23667282045568142,0.01953378746848994,0.684240505459403,8.087197539410383,12.35456926888218,-0.024637094105711407,0.5813087911074443,-8.096165318286534,-0.23568557061176545,-0.003172174601709943
56.9200000000236,-0.23252097736269448,0.017060799652181095,0.6799163780592119,8.089561526795123,12.35926249188912,-0.026387153194644682,0.5763538394995751,-8.095046562777247,-0.23064812863437992,-0.004160832859059311
56.94000000002362,-0.22846529785440772,0.014497357489163731,0.6756686762821253,8.092021095015992,12.363911096543669,-0.028244218048858592,0.5714100932148232,-8.093814588561715,-0.2255985929546563,-0.0052666192399039935
56.96000000002365,-0.2245353017308704,0.011970249397557826,0.6715372081270269,8.094450838620336,12.368452331217215,-0.030090971040534074,0.5665608530213558,-8.092575246717724,-0.22062842397061988,-0.006388542217223852
56.98000000002367,-0.22073991152162165,0.009614118120158574,0.667541530448501,8.096718058351618,12.372842651641005,-0.03180124972277574,0.5618711642377762,-8.091444586135976,-0.2158108703913441,-0.00741584524477249
57.0000000000237,-0.21704696599918272,0.007558444661474395,0.6636596784101069,8.09869178821109,12.377077037497427,-0.03324965885567477,0.5573702012350394,-8.09054024445554,-0.21118583339702646,-0.00823832075252109
57.02000000002372,-0.21336091995287243,0.00590845334056815,0.6598082248128941,8.1002673283468,12.38121909832445,-0.03431933024145711,0.5530170292784048,-8.089982005297804,-0.20672365288958278,-0.008740953647252149
57.040000000023745,-0.20956518125258286,0.004718695620235299,0.6558759983594148,8.101388054737573,12.3853664192108,-0.03493888955402845,0.5487295570425292,-8.089854802940135,-0.20235075134487773,-0.00883208220686526
57.06000000002377,-0.20557780414469207,0.003996171729095988,0.6517840530938772,8.102040924568696,12.389589586729993,-0.03507935919106856,0.5444474125899824,-8.090204379309927,-0.19801342930335353,-0.00845507024091357
57.080000000023794,-0.20136373067639476,0.0037145245819479138,0.6475000482877097,8.102245854285922,12.39391840820943,-0.034751367946326606,0.5401442445907408,-8.09102852424511,-0.19368939127931234,-0.007606782002072122
57.10000000002382,-0.19691788779624395,0.003823826046509692,0.6430199345316401,8.102050839024788,12.398360907472481,-0.034000663782652096,0.5358084667272499,-8.092284079211035,-0.18936826643737503,-0.0063285119592900434
57.12000000002384,-0.192252851791385,0.004262709863110984,0.6383553176603359,8.101518167541585,12.402913918235711,-0.03289079983232224,0.5314350037578168,-8.093907675652376,-0.18504350608676923,-0.004682959619894389
57.14000000002387,-0.18739841265705345,0.004973651414016524,0.6335340311726381,8.100707777486111,12.407559277672654,-0.031485802035438396,0.5270321322869306,-8.095833145801567,-0.18072021327782992,-0.0027363430267197918
57.16000000002389,-0.18240723244489482,0.005905107427852452,0.6286061106121085,8.09967456212551,12.41225699927593,-0.029847820013100133,0.522629141012077,-8.097993368161852,-0.17642348501951394,-0.0005563496802646432
57.18000000002392,-0.17735849310935026,0.006994619909379743,0.6236463729740825,8.098485091573263,12.416945309794245,-0.028053790848367174,0.5182739850322626,-8.100304010824413,-0.1721957198420195,0.0017719164903241052
57.20000000002394,-0.17234509695912914,0.008153386905811815,0.6187409666161202,8.097232536113312,12.421556019330458,-0.026208398618405945,0.5140164343583195,-8.102652553428536,-0.16807967410748575,0.004135152950309623
57.220000000023965,-0.16745034087587618,0.009271716834353667,0.6139653434725415,8.09603093736775,12.426034555538834,-0.02443605266106921,0.5098900575141329,-8.104908010621283,-0.16410137100292246,0.006401152628434886
57.24000000002399,-0.1627337528496246,0.010240420045026058,0.6093710324919076,8.094995613093351,12.430350734296335,-0.022861624271755417,0.5059030089084254,-8.10693887087715,-0.1602613850684962,0.008436856887584323
57.260000000024014,-0.15820251068173527,0.010944162013765966,0.6049535616783407,8.094248968344742,12.434533570946442,-0.021610739680475187,0.5020034039350163,-8.108619878563454,-0.15649963865706543,0.010117324439789141
57.28000000002404,-0.15379588562708674,0.011278092381921496,0.600643323855582,8.093895844953527,12.4386708173227,-0.02078015695838714,0.4980897523000797,-8.109868053792587,-0.15270674371566664,0.011356436741801396
57.30000000002406,-0.14944438985255035,0.011165945834952696,0.5963635315103207,8.094002073137414,12.442851893064534,-0.0204192010147727,0.4940621181802183,-8.11064706069844,-0.14878012638656932,0.012119450105039516
57.32000000002409,-0.14511157876705114,0.010577156603501501,0.5920725137951955,8.094590108868015,12.447125475437954,-0.02053751899470558,0.4898660894936541,-8.110959626638655,-0.1446620117398897,0.01241509487811971
57.34000000002411,-0.14078358978431854,0.009533579417499988,0.5877536227432532,8.095635010244646,12.451508152498317,-0.021105442080521605,0.4854850808446084,-8.11084025773036,-0.14033280654834152,0.01228155394956987
57.36000000002414,-0.136451993779014,0.008090056076038833,0.5833983277877368,8.097080848647847,12.456002463608266,-0.022065821963716894,0.48092191190061584,-8.110346468498879,-0.13579409255093616,0.011776654676891698
57.38000000002416,-0.1321151251870903,0.006312599128664542,0.5790070544562992,8.098861333379043,12.46059895236574,-0.023353224858422783,0.4761940691700966,-8.109541473197792,-0.13106361706603986,0.010962288161815378
57.400000000024185,-0.12778791505986184,0.004266898286510537,0.5745980511590749,8.10091103396945,12.465269550950524,-0.024905594863883176,0.4713381059774667,-8.108482576092234,-0.126179010219269,0.009893763104930928
57.42000000002421,-0.1235059167459562,0.002026817875435352,0.5702112582879209,8.10315659902837,12.469962773957464,-0.026655653952827367,0.4664153982025174,-8.107229536791845,-0.12120380942349801,0.00862859755564345
57.440000000024234,-0.11931494331956496,-0.00030888624459036144,0.5658982644908728,8.105499787182731,12.474611378612009,-0.028512718807048563,0.46150696938891117,-8.105863625236355,-0.11622299760481943,0.007245814952444232
57.46000000002426,-0.115251466984075,-0.0026152480784138827,0.56170227212357,8.107816321480534,12.479152613285548,-0.030359471798726875,0.4566932120249546,-8.104492917863846,-0.11132232209007267,0.005851300558126479
57.48000000002428,-0.11133182754132155,-0.004758322523113321,0.557646438158901,8.109974083346799,12.483542933709332,-0.03206975048096676,0.45203599267480526,-8.103235188893677,-0.10656880734672734,0.004559684677050071
57.50000000002431,-0.10753105877808178,-0.0066070509533415695,0.5537123661061029,8.11184155808275,12.487777319565753,-0.03351815961385638,0.4475612770224315,-8.102208825577279,-0.10199621143622892,0.00348320903924536
57.52000000002433,-0.1037595683863837,-0.00805109632654215,0.5498195057974523,8.113311816613745,12.491919380392773,-0.034587830999625875,0.44322488921868,-8.101532454483404,-0.09756857183537616,0.002735076515752337
57.54000000002436,-0.09990395260485728,-0.009029555655898197,0.5458582663087225,8.114325233722983,12.496066701279124,-0.03520739031218287,0.4389424593912545,-8.10128874689979,-0.09320736439148183,0.0024027484168803706
57.56000000002438,-0.09588277691315111,-0.009530916833347393,0.5417500854203643,8.114866625319765,12.50028986879832,-0.03534785994920784,0.43465239444845966,-8.10152178667616,-0.0888558457632092,0.0025398109651007064
57.580000000024405,-0.09165958215500153,-0.009579561940829566,0.5374620929397069,8.1149550213271,12.504618690277765,-0.03501986870445104,0.4303284128806225,-8.10222864812291,-0.08449158138504852,0.003148164650910733
57.60000000002443,-0.08722654750012193,-0.00922506303557235,0.5329889362364287,8.114638289062643,12.509061189540816,-0.03426916454076288,0.42596010588967775,-8.103365873688444,-0.08010649525063757,0.0041860055807885765
57.620000000024454,-0.08259284329238832,-0.008529386928188418,0.5283405235754564,8.113979009760353,12.513614200304053,-0.03315930059042089,0.4215441227438643,-8.104869980268878,-0.07569750900711558,0.005590368388749323
57.64000000002448,-0.07778503936673732,-0.007551614659064228,0.5235430488020909,8.113037855555433,12.518259559741,-0.031754302793526416,0.4170905357180745,-8.106675049544108,-0.07127337247062195,0.007295417590157993
57.6600000000245,-0.07285287286287906,-0.006346117336712802,0.5186450367296638,8.111871059613263,12.522957281344281,-0.030116320771179282,0.41263044734142695,-8.108714781017836,-0.06686288004173652,0.009234953939719388
57.68000000002453,-0.06787195802562598,-0.004979627779597148,0.5137194670372436,8.110547201298399,12.527645591862601,-0.028322291606440002,0.4082140875003688,-8.110906177576414,-0.06251306247766128,0.011326343170954808
57.70000000002455,-0.06293015463188624,-0.003545939832845929,0.5088499234695675,8.109161758351364,12.532256301398819,-0.026476899376476005,0.4038942666077773,-8.113138113408958,-0.05827286409026246,0.013458815137987988
57.72000000002458,-0.05810457878208455,-0.0021591750145138356,0.5041087299269424,8.107830781362013,12.536734837607193,-0.02470455341914044,0.399708101536253,-8.115280564109112,-0.054175564852069855,0.015501800474652406
57.7400000000246,-0.05344864161274149,-0.0009316418806212744,0.499544261474055,8.106670946251967,12.541051016364698,-0.023130125029832565,0.39566731873902994,-8.11720228842566,-0.05022908187268669,0.0173224750476631
57.760000000024625,-0.04896314472606505,2.1104687034965282e-05,0.49514872026331136,8.105804491271043,12.545233853014809,-0.02187924043856371,0.3917234577801426,-8.118776666565449,-0.046380324521886424,0.018792772334824303
57.78000000002465,-0.04458166529070779,0.0005977257242340251,0.49084967478347935,8.105334327277856,12.549371099391069,-0.021048657716488037,0.38777732162888856,-8.119917990357395,-0.04252482430835624,0.019820667970094005
57.800000000024674,-0.04023061233254065,0.0007259071543291946,0.4865685763460443,8.105324172741433,12.553552175132905,-0.020687701772886334,0.38372999916214406,-8.120587220671316,-0.03856208119583273,0.02036581021377617
57.8200000000247,-0.03587190989506425,0.0003771411536302044,0.48226315905220113,8.105795342538723,12.557825757506327,-0.020806019752831435,0.37952702426534013,-8.120785604698709,-0.03443392648551247,0.020433727536671806
57.84000000002472,-0.03149292267254548,-0.00042598578704233135,0.4779174591173522,8.106722451422138,12.562208434566692,-0.02137394283865818,0.375150879644967,-8.12054718494096,-0.030118689516140308,0.020061463291391867
57.86000000002475,-0.02708826108022534,-0.0016282502536535824,0.47352446951165783,8.108049359543296,12.566702745676645,-0.022334322721862088,0.37060282043032783,-8.119929531319029,-0.025614758150679925,0.019306843995972406
57.88000000002477,-0.022659905294853438,-0.0031636483849432485,0.46908641767644527,8.109709812269934,12.571299234434122,-0.023621725616574427,0.3658986082277584,-8.118996310084553,-0.020936436917244547,0.018232645890010873
57.9000000000248,-0.018226388996267318,-0.004967414625607252,0.4646233239640356,8.111638899385516,12.575969833018917,-0.02517409562203918,0.3610732250725128,-8.117805798004241,-0.016118246127425583,0.0168961701672333
57.92000000002482,-0.013827287884321929,-0.006967759399701375,0.46017710801719036,8.113764382361751,12.580663056025857,-0.026924154710985207,0.3561863996347194,-8.116419401067452,-0.011220451961721759,0.015358353814193306
57.940000000024845,-0.009513795499885782,-0.009068605764003302,0.455802010048593,8.115989458536909,12.585311660680404,-0.0287812195652049,0.35131691624253214,-8.114920561753586,-0.006323546556103066,0.01370278999810704
57.96000000002487,-0.005329225274809881,-0.01114719106871354,0.4515445948386286,8.118191071316044,12.589852895353946,-0.030627972556877853,0.3465421996841706,-8.113419501978862,-0.0015073027905086827,0.012039934957200508
57.980000000024894,-0.0012972844761059564,-0.013070676143360523,0.4474316023625565,8.120237780458098,12.594243215777727,-0.032338251239108655,0.34192089204212484,-8.112035634241229,0.00316768341373342,0.010487943336898373
58.00000000002492,0.0025997219929743695,-0.014706824235750399,0.4434482180726272,8.121997619770278,12.598477601634148,-0.03378666037198289,0.3374757311214505,-8.110888007901316,0.007673900015532041,0.009160748891055379
58.02000000002494,0.006445160441674648,-0.01594052191012372,0.4395168283691174,8.123361509989364,12.602619662461171,-0.034856331757734886,0.33315933261012753,-8.110094004795185,0.012053502341940666,0.008169397202599177
58.04000000002497,0.01034890058433802,-0.016704700300633254,0.43552950370258886,8.124266868773526,12.606766983347526,-0.03547589107027401,0.3288851104489241,-8.109733972116398,0.016389721816221392,0.007596882569755092
58.06000000002499,0.014391617478663412,-0.016983370511078302,0.4314081236571608,8.124696381979037,12.61099015086673,-0.035616360707281226,0.32459029591697297,-8.109850303053467,0.020742172695963998,0.007493577905051166
58.08000000002502,0.01861106034926962,-0.016798865298471348,0.4271193128712969,8.124668178940635,12.615318972346175,-0.03528836946250759,0.32024869675031503,-8.110439358551695,0.025133360241260314,0.007860142649067262
58.10000000002504,0.023017773965762784,-0.016200249539029068,0.4226564194498969,8.124229963778088,12.619761471609232,-0.034537665298804254,0.31585108936379425,-8.111457414163183,0.02956904101210538,0.008654390910685296
58.120000000025065,0.027606021880655116,-0.015249901706558926,0.41802764676468473,8.123444563947574,12.624314482372471,-0.03342780134844908,0.3113958500121968,-8.112840919157536,0.03404881363998707,0.009813283396815265
58.14000000002509,0.032352535409700775,-0.014008279172779803,0.41325752964685414,8.122373341225313,12.628959841809426,-0.03202280355154338,0.30689483919613186,-8.114524253384097,0.03856030821422403,0.011271567861294015
58.160000000025114,0.03721065393428796,-0.012532415148878715,0.40839304631352574,8.121073827111479,12.633657563412704,-0.030384821529187242,0.3023809502876449,-8.116441986351488,0.043071120713945234,0.012964735103119872
58.18000000002514,0.04210856140720347,-0.010893113861010318,0.4035052851862784,8.119616559532883,12.638345873931025,-0.028590792364442084,0.29790665083437734,-8.118512517086598,0.047529731514491316,0.014812872404941026
58.20000000002516,0.04696370839824331,-0.009188875143466346,0.3986752036180579,8.118099253116492,12.642956583467237,-0.02674540013447628,0.29352775261766917,-8.12062619646442,0.05188115754672932,0.016708079660222294
58.22000000002519,0.05170539465414197,-0.007537902583400362,0.3939719440186394,8.116639881643849,12.647435119675608,-0.024973054177143288,0.2892848934247683,-8.122654057129672,0.05608496349690016,0.01852182321051632
58.24000000002521,0.05628648870016213,-0.006055281302999017,0.3894406918135366,8.115356392963138,12.651751298433101,-0.02339862578784341,0.2851933630860853,-8.124465225109352,0.06012591381896412,0.020121918301997957
58.26000000002524,0.060712567576699454,-0.004856434306440656,0.3850703290670354,8.114370768169817,12.655934135083207,-0.022147741196589167,0.2812081611542661,-8.125931810037864,0.06404995029493438,0.021377563551683777
58.28000000002526,0.06505554573070046,-0.004038880261241246,0.3807856534689857,8.11378391108537,12.66007138145947,-0.0213171584745294,0.2772324571808894,-8.126965438809853,0.06795630341275387,0.02219110928017175
58.300000000025285,0.06939289295667479,-0.0036707615777843206,0.37650641321309397,8.113657381334136,12.664252457201307,-0.02095620253094457,0.273168437850948,-8.127524397885905,0.07194309304217164,0.022516718697160435
58.32000000002531,0.07376420051309872,-0.0037784412363071175,0.37218977858896174,8.11401133694399,12.668526039574735,-0.021074520510906684,0.26896162327443607,-8.127608453369552,0.07606870434059786,0.022356701543705268
58.340000000025334,0.07818083791012363,-0.00433866983342975,0.3678204817936053,8.114819968083367,12.672908716635108,-0.0216424435967496,0.2645935772076117,-8.12725115898472,0.08035681934656556,0.021746848720644738
58.36000000002536,0.08264513876335183,-0.005296010672643318,0.3633930445131849,8.116026965169409,12.677403027745067,-0.022602823479968233,0.26006398931384767,-8.126510097496539,0.0848122391590281,0.020744809639275753
58.38000000002538,0.08715148319122759,-0.0065846697744926935,0.35891149445634196,8.11756615860673,12.681999516502547,-0.02389022637469373,0.25538688464757414,-8.125449340097285,0.08942414564330547,0.019414054322007233
58.40000000002541,0.09167779137990752,-0.008141003158407649,0.3543976091200087,8.119373206407905,12.686670115087347,-0.025442596380170036,0.25059564809873164,-8.124128092981335,0.09416123352693095,0.01781370178972603
58.42000000002543,0.0961805859132864,-0.009895514827940896,0.3498952564139291,8.121377036300466,12.691363338094295,-0.027192655469125387,0.24574831698073765,-8.122609363130971,0.0989666915656532,0.01600792221750557
58.44000000002546,0.10060344883239603,-0.011755099619155981,0.34546128802505105,8.12348235588345,12.69601194274884,-0.02904972032335114,0.240921378174646,-8.120978703890707,0.10376476377042257,0.01408462369190016
58.46000000002548,0.10489635750528453,-0.013599572433736919,0.3411455967412377,8.125567419873367,12.70055317742238,-0.030896473315026037,0.2361892315418698,-8.11934840118694,0.10848189487255618,0.01215849673294544
58.480000000025505,0.10902830946445231,-0.015297604955126842,0.33697848577589223,8.127501563514059,12.704943497846164,-0.03260675199725459,0.23160725133930862,-8.11783941753527,0.11306410220585943,0.01035086016715882
58.50000000002553,0.11300967475183245,-0.016716185389453256,0.332948733474104,8.12915246665843,12.709177883702585,-0.034055161130119804,0.22719493068698887,-8.11657137641297,0.11749020361202814,0.008776992478404048
58.520000000025554,0.11691733956006263,-0.017735774797485677,0.3289817201704255,8.13040898047808,12.713319944529607,-0.03512483251585986,0.2229017118330291,-8.11566032816337,0.12180841872374996,0.007545443471426772
58.54000000002558,0.12085730465068213,-0.018283342874221346,0.3249712574638076,8.131205611762411,12.717467265415971,-0.03574439182838604,0.21863885652932058,-8.115184236499118,0.12610643252814555,0.006734487448457238
58.5600000000256,0.12490923970435548,-0.018338472672807873,0.3208397244829144,8.131522929112018,12.721690432935178,-0.035884861465380016,0.21434246681985464,-8.115183772613566,0.13044654848238213,0.0063911304649484834
58.58000000002563,0.12911206894655633,-0.01792137955043495,0.31655326536596085,8.131378147873502,12.726019254414625,-0.035556870220593915,0.2099864590457842,-8.115654586776671,0.13485127394041382,0.006514788901450134
58.60000000002565,0.13347902894355604,-0.01708047164234456,0.3121039338696609,8.13081877370935,12.730461753677687,-0.03480616605687974,0.20556280165225868,-8.11655271996212,0.1393240284686751,0.0070630234606319136
58.62000000002568,0.138007834630142,-0.01587834894295619,0.3074982224092048,8.129907833860521,12.735014764440935,-0.033696302106515676,0.2010715990807637,-8.117814600785035,0.14386093220073667,0.007972913079196288
58.6400000000257,0.14267858940055606,-0.014376660868657779,0.3027589886673329,8.128707334390121,12.739660123877893,-0.03229130430960297,0.19652649129121372,-8.119374955765814,0.14844603283744057,0.009179987651891697
58.660000000025725,0.14744785138857067,-0.012634928884201566,0.29793162954210445,8.127276062610077,12.74435784548118,-0.030653322287241862,0.1919621381862142,-8.121169272779406,0.15304341551183082,0.010621624659493645
58.68000000002575,0.15224782165484424,-0.010727812797402723,0.293085289654266,8.125686462872972,12.749046155999503,-0.0288592931224945,0.18743320619444187,-8.123117407306701,0.15759722877433832,0.012220876524387575
58.700000000025774,0.15700151274373692,-0.008758218183701722,0.28829824012724026,8.124038414468757,12.753656865535715,-0.027013900892530078,0.1829984672137286,-8.125111267953143,0.16204661839841072,0.013873042081382155
58.7200000000258,0.16164485575824258,-0.006848070390193251,0.28363639077527625,8.122451727173091,12.75813540174409,-0.02524155493520232,0.17870204990950128,-8.127023039737738,0.1663441169843178,0.015452015177116269
58.74000000002582,0.16613714255196024,-0.005114880301803246,0.2791417039869662,8.12104553358233,12.762451580501587,-0.023667126545912277,0.1745627961882275,-8.128722312698116,0.17046721699070003,0.01682665336389055
58.76000000002585,0.1704903118079083,-0.0036735872117297113,0.27479974995603845,8.119941467478112,12.7666344171517,-0.02241624195467325,0.17053919885219382,-8.130080020423415,0.17445457131123326,0.01786381910779706
58.78000000002587,0.17478155037841667,-0.0026175922335699257,0.2705326111574533,8.119238351064078,12.770771663527958,-0.021585659232629322,0.16653686560522368,-8.131005190192917,0.17839986995528742,0.01846053507264088
58.800000000025896,0.1790919707343034,-0.0020106583991821364,0.2662583919833825,8.118995539619528,12.774952739269803,-0.021224703289060516,0.16245915323684845,-8.131453464889578,0.18239855353629436,0.018565619137600485
58.82000000002592,0.18346255875361808,-0.0018769234854950473,0.2619337305684126,8.119232019423942,12.779226321643232,-0.02134302126903814,0.1582516083491605,-8.131423129701837,0.1865090457001496,0.018178155273413547
58.840000000025945,0.1879033834942948,-0.00219254604559437,0.2575440663760129,8.119921575138491,12.783608998703611,-0.02191094435489511,0.15389488937490364,-8.130947224775705,0.19075696767487757,0.017332572831024223
58.86000000002597,0.19241371548943245,-0.002902045083096655,0.25308545385751025,8.121007769065768,12.788103309813579,-0.022871324238125802,0.1493871207408981,-8.130083303159534,0.19515029488659968,0.01608616838757515
58.880000000025994,0.19698431228323948,-0.003940037054107563,0.24856371801187366,8.122424565554953,12.792699798571066,-0.02415872713286129,0.14474058058337702,-8.12889579362952,0.19968172856999777,0.0145029122784364
58.90000000002602,0.2015896152317386,-0.005244193552901865,0.2440023773843195,8.12410823840462,12.797370397155866,-0.02571109713834549,0.13998703197130652,-8.127444788046825,0.2043232739167227,0.012643561144564436
58.92000000002604,0.206182377730796,-0.006747524000803826,0.23944721572763492,8.125988934129532,12.802063620162812,-0.02746115622730611,0.1351827779644712,-8.125794847816517,0.20902174779127883,0.010575322745490917
58.94000000002607,0.21070112937703558,-0.008360178817098224,0.23495765418243808,8.127972941022636,12.80671222481736,-0.029318221081533594,0.13040195146333544,-8.124033573913476,0.21370636127157386,0.008390152124947117
58.96000000002609,0.21508929081780717,-0.009964916804169126,0.2305868766669839,8.129939915097088,12.811253459490896,-0.031164974073206054,0.12571587241158855,-8.122275233280773,0.21831000091196434,0.006206624484180293
58.980000000026116,0.21930865888710274,-0.011432320815441458,0.22636872723490822,8.131760063659405,12.815643779914673,-0.032875252755428006,0.12117660631195307,-8.120642249045023,0.22278546185180167,0.00414885302574352
59.00000000002614,0.2233622469619921,-0.012629009463020821,0.22229558541836325,8.133300810409544,12.819878165771092,-0.03432366188827957,0.11680038719154165,-8.119254730383267,0.2271179563832009,0.002333109570675338
59.020000000026165,0.22732022675337485,-0.013431382683794086,0.21829588063955602,8.134449019106963,12.824020226598117,-0.035393333274003264,0.11253352122718954,-8.118227310370205,0.23136162146099926,0.0008651172631217079
59.04000000002619,0.2312844069575831,-0.01376067134518613,0.21426524413249717,8.135136334080087,12.828167547484481,-0.03601289258651223,0.10828518357071022,-8.117635511612514,0.2356083283540691,-0.00018180818706102885
59.060000000026214,0.23533320902846389,-0.01359209268480036,0.21012661194204638,8.135341221036093,12.832390715003692,-0.036153362223488625,0.10399039425963255,-8.11751825324723,0.23992287980523824,-0.0007641708657437121
59.08000000002624,0.23950661354319805,-0.012943683039383789,0.20584567272993826,8.135079968609114,12.836719536483148,-0.035825370978685496,0.09962319751934837,-8.117870478083956,0.24432771665521769,-0.0008837956734130247
59.10000000002626,0.24382050851691076,-0.01186304624512323,0.2014131917779807,8.13439984889167,12.841162035746217,-0.03507466681495567,0.09517675976164924,-8.118648025009254,0.2488239110533295,-0.0005832459497921529
59.12000000002629,0.2482760672320192,-0.010412812999226433,0.1968339457461143,8.133364042324384,12.845715046509468,-0.03396480286457762,0.09065291353752608,-8.119787348971075,0.2534041164618675,7.486726812242071e-05
59.14000000002631,0.25285682581025204,-0.008655636842486589,0.1921290982739045,8.132035153426925,12.850360405946434,-0.03255980506765263,0.08606706818454182,-8.121223571406224,0.2580488468191269,0.0010270525343017455
59.160000000026336,0.25752269355762425,-0.006653346059397201,0.1873424313862953,8.130473181871693,12.855058127549725,-0.030921823045281203,0.08145562451780708,-8.122893146238612,0.26271878588806213,0.002212764897782124
59.18000000002636,0.26221009530795675,-0.004484228460786792,0.18254109479657304,8.12875242489152,12.859746438068047,-0.0291277938805264,0.07687540744162237,-8.124717444640073,0.267353920641048,0.003558256472931856
59.200000000026385,0.2668478402539767,-0.0022552816856135313,0.1778006155463669,8.126974852615872,12.864357147604261,-0.027282401650558417,0.07238810553043892,-8.12659001283972,0.27188771119047256,0.0049623441868654776
59.22000000002641,0.2713786861502825,-9.178118705584157e-05,0.17318362213870359,8.12526202225996,12.868835683812632,-0.025510055693231396,0.06804130571119138,-8.1283842827023,0.27626580274115786,0.006301733789133218
59.240000000026434,0.2757684722657199,0.0018866945848781075,0.16872882290973573,8.123734163114225,12.873151862570127,-0.02393562730394734,0.06385738803984958,-8.129970404665544,0.280458484364101,0.007446724887661002
59.26000000002646,0.2800354625343374,0.003566040406880561,0.16441848684808713,8.122512471743727,12.877334699220237,-0.02268474271272057,0.05979836924741336,-8.131218231669756,0.28449700224256985,0.008262249628554456
59.28000000002648,0.2842618809322431,0.004857257425324542,0.16017203880474287,8.121693615692148,12.881471945596502,-0.02185415999069024,0.055772364957806055,-8.1320342586192,0.28846922032069716,0.008640316915197338
59.30000000002651,0.2885322353588552,0.005701156349881234,0.15590599990156195,8.121334702022676,12.885653021338353,-0.02149320404713586,0.05168397349666437,-8.13237151760472,0.29246760903272595,0.008524555310015067
59.32000000002653,0.2928887813783017,0.006075898183902829,0.15157650816802357,8.12145353123313,12.889926603711787,-0.021611522027127853,0.04747880820613341,-8.132226814167137,0.29655045242559386,0.007910825805676383
59.340000000026556,0.2973402569037132,0.006005843744141163,0.1471697210961301,8.122023501853883,12.894309280772168,-0.02217944511299811,0.04313663649130919,-8.131632650453694,0.3007452328179768,0.006832091255397636
59.36000000002658,0.30188287160925237,0.005546349209219491,0.14268322881863507,8.122988089787565,12.898803591882139,-0.0231398249962404,0.038654018928744836,-8.130646507256975,0.30506307565240404,0.005345120750264296
59.380000000026605,0.30650378863782196,0.004762188384808904,0.13812464931942336,8.124281442136649,12.903400080639633,-0.024427227890985705,0.034041477661379695,-8.129333123316071,0.3095002237810766,0.003514189943699195
59.40000000002663,0.3111740484233823,0.003714184111824741,0.1335192248088135,8.125840495587433,12.908070679224439,-0.025979597896477944,0.029329130460276524,-8.12775343174345,0.3140320781937701,0.0014015078978299178
59.420000000026654,0.3158427791912626,0.0024666173499318742,0.12891462104264656,8.127596667072462,12.912763902231388,-0.02772965698544432,0.024571504516498123,-8.125973500647905,0.3186092459770204,-0.0009228849066054301
59.44000000002668,0.3204436454682732,0.0011058082163849074,0.12437278469546602,8.129457894843428,12.917412506885938,-0.02958672183967432,0.01984032395632201,-8.124082913886472,0.32316612105507303,-0.003363266766827852
59.4600000000267,0.32491368364671935,-0.0002543033674941475,0.11995015150627047,8.131305325159559,12.921953741559475,-0.0314334748313454,0.015203776091247295,-8.122197834961149,0.32764223638108625,-0.005797539242293147
59.48000000002673,0.32920760631329266,-0.0014866059155347155,0.11568408135388863,8.133010133323292,12.926344061983249,-0.033143753513562066,0.010710579186822382,-8.120442057123395,0.3319973087902055,-0.008099173077308857
59.50000000002675,0.33332106099479925,-0.0024577550200765106,0.1115705605900258,8.1344395848723,12.930578447839668,-0.034592162646401976,0.006373696178246501,-8.118936086474115,0.3362229901009777,-0.010151257534393996
59.520000000026776,0.33731729102240693,-0.003040466252864039,0.10754112062426242,8.13547863977591,12.934720508666693,-0.03566183403211156,0.002136336857605487,-8.11779305409104,0.3403791695696719,-0.01185121839617069
59.5400000000268,0.3412936026931257,-0.0031504717584750746,0.10349328946740027,8.136056130425057,12.93886782955306,-0.036281393344605777,-0.0020943430923035735,-8.117085985654102,0.3445616247041453,-0.013130922026713279
59.560000000026825,0.34532693018905747,-0.0027586985019915126,0.09935061704051278,8.136148435550066,12.943090997072275,-0.03642186298156743,-0.006384357611995937,-8.116852019477852,0.34883746000062643,-0.013950515237823407
59.58000000002685,0.34945818856996225,-0.0018809488212061939,0.09507836188927653,8.135770905033247,12.947419818551735,-0.036093871736750514,-0.010759515407237928,-8.117085394649438,0.353228981382227,-0.014313058648346973
59.600000000026874,0.3537058688698394,-0.0005638771468412909,0.09066600764621881,8.134970542457083,12.95186231781481,-0.03534316757300864,-0.0152254470487095,-8.117741780608958,0.35773491031302274,-0.014261109898473715
59.6200000000269,0.3580745991423268,0.0011300460325193622,0.08611661168547359,8.133810634763528,12.956415328578064,-0.03423330362262061,-0.019778593230402562,-8.118757705605024,0.3623444559778084,-0.013856779147415064
59.64000000002692,0.36255139842197115,0.003137354032721609,0.08144962796082261,8.132354338656134,12.961060688015033,-0.03282830582568761,-0.024401786626557134,-8.120068733944327,0.3670346579499088,-0.013162385646823115
59.66000000002695,0.36709964939181616,0.0053941002150217155,0.07670719126363502,8.130662821820438,12.96575840961833,-0.0311903238033104,-0.02905691241436892,-8.121612332568331,0.37176291846627085,-0.01223621222577711
59.68000000002697,0.3716601944491962,0.007818607403134066,0.07195440676759744,8.128812179454446,12.970446720136652,-0.02939629463855275,-0.03368502921471172,-8.123311446456468,0.37646524585342267,-0.011148582279006738
59.700000000026996,0.37616785643961664,0.010300112045676116,0.06726400160850099,8.126906397158317,12.975057429672866,-0.027550902408585737,-0.03822157737218141,-8.125061338144354,0.38106961739013223,-0.009996852360006402
59.72000000002702,0.38057239425556855,0.01271037044906431,0.0626952766877575,8.12506868974063,12.979535965881231,-0.02577855645126374,-0.042615546871098565,-8.126736779892326,0.38551495657051255,-0.008901128989753967
59.740000000027045,0.3848462987101701,0.014928101098234541,0.05828365767871932,8.123420294321255,12.983852144638727,-0.02420412806198963,-0.04684103604768521,-8.128208578513497,0.3897644396430178,-0.00798927515088335
59.76000000002707,0.3890141033162235,0.01684038065626055,0.0540081254703681,8.122081880669061,12.98803498128884,-0.022953243470778702,-0.05093247616778358,-8.12934560249448,0.3938418108356316,-0.007397877302319145
59.780000000027094,0.3931628185378071,0.018362883816531835,0.049785506844949416,8.121147890218223,12.992172227665101,-0.022122660748765028,-0.05497917577318458,-8.130051883476636,0.39782884019964304,-0.007239611121740929
59.80000000002712,0.3973800901052568,0.019441175451536043,0.04553080135546867,8.120673139606469,12.996353303406957,-0.021761704805227804,-0.059075224488231194,-8.13027787747393,0.40181474612095985,-0.007575865531591335
59.82000000002714,0.4017093144650171,0.020055781914717356,0.04119967934584685,8.120674230393133,13.000626885780399,-0.021880022785236698,-0.06327490203209996,-8.130018912740656,0.4058574953856447,-0.0084139899007142
59.84000000002717,0.4061578717504353,0.020231509135820752,0.03677902656798549,8.121124194639647,13.005009562840783,-0.022447945871122678,-0.06759931707289323,-8.1293069294021,0.40998634763119224,-0.009722588351264574
59.86000000002719,0.4107189223304405,0.02002341973854504,0.032267970617262026,8.121966463627148,13.009503873950756,-0.023408325754378963,-0.07205347034215498,-8.128199293509486,0.41421554440387226,-0.01144559232222997
59.880000000027216,0.4153760740760445,0.019495480346284722,0.027675916831822873,8.123135415885015,13.014100362708255,-0.024695728649136425,-0.07662860346743522,-8.126761005914684,0.41854488162597403,-0.013518616767716173
59.90000000002724,0.42009705477393505,0.018706822834455458,0.023029812429899654,8.12456869759904,13.018770961293065,-0.026248098654638948,-0.0812962662364198,-8.125053795944181,0.4229532310683051,-0.015878189830604888
59.920000000027265,0.4248275225466711,0.017718822601955207,0.018379169939359733,8.126199046811148,13.023464184300016,-0.027998157743613136,-0.08600374762926485,-8.123145189577796,0.42739514059932315,-0.018451651806927233
59.94000000002729,0.4294964790555913,0.016614007180878358,0.013788415782236952,8.12793611977703,13.028112788954564,-0.02985522259784747,-0.09068178530708956,-8.121126687340917,0.43181038697059765,-0.02113980611454684
59.960000000027314,0.4340347683641484,0.015502667903637,0.009317195805117856,8.129662640849961,13.0326540236281,-0.03170197558951865,-0.09526537498964113,-8.119116263434933,0.4361453338502448,-0.02381740325510473
59.98000000002734,0.4383901568572036,0.014509223133707621,0.005006358098343656,8.131250848546054,13.037044344051873,-0.033412254271731154,-0.09970918165751173,-8.117238989737269,0.4403667425606836,-0.026355883607298885
60.00000000002736,0.44255093947854507,0.013766573836983605,0.0008554987997668339,8.132567948348267,13.041278729908292,-0.03486066340455983,-0.10400352304866715,-8.115615680203424,0.4444727298938901,-0.028638053885488388
