t,z_ref,z,v_bladder_ref,v_bladder,pitch_deg
0.0,-0.5,-0.5,2e-05,2e-05,0.0
0.020000000000000004,-0.5,-0.5,2.0000000000000015e-05,2e-05,-3.1425489343632134e-17
0.04000000000000002,-0.5,-0.5,1.9999999999996458e-05,1.999999999999994e-05,-6.789039313496913e-14
0.06000000000000004,-0.5,-0.5000000000000034,1.9999999999090227e-05,1.9999999999976535e-05,-2.4098630974856967e-11
0.08000000000000006,-0.5,-0.5000000000001229,1.9999999961754902e-05,1.9999999998722544e-05,-1.3257266302205673e-09
0.10000000000000007,-0.5,-0.500000000001737,1.999999938767088e-05,1.999999997461381e-05,-2.6728547229104176e-08
0.12000000000000009,-0.5,-0.5000000000131278,1.999999469261155e-05,1.999999973389427e-05,-2.8504831890412616e-07
0.1400000000000001,-0.5,-0.5000000000610085,1.9999970216416233e-05,1.9999998221504983e-05,-1.943492910573116e-06
0.16000000000000011,-0.5,-0.500000000178508,1.999988030592604e-05,1.9999991548015745e-05,-9.454404218074273e-06
0.18000000000000013,-0.5,-0.5000000002668179,1.9999634671491183e-05,1.9999969471409824e-05,-3.514349186445923e-05
0.20000000000000015,-0.5,-0.49999999971670844,1.9999126455425374e-05,1.99999126831279e-05,-0.00010441800062453843
0.22000000000000017,-0.5,-0.4999999969460177,1.9998355245529154e-05,1.99997977617995e-05,-0.0002555947682371139
0.24000000000000019,-0.5,-0.499999989388747,1.9997653268346023e-05,1.999961922076957e-05,-0.0005255319989350755
0.2600000000000002,-0.5,-0.49999997376229666,1.999791148321194e-05,1.999943241696082e-05,-0.0009160980925763529
0.2800000000000002,-0.5,-0.499999944442883,2.0000609251281862e-05,1.9999404803751608e-05,-0.0013468272548661224
0.3000000000000002,-0.5,-0.4999999185556504,2.000740341883685e-05,1.9999845807870556e-05,-0.0015931651782639818
0.32000000000000023,-0.5,-0.49999997589526163,2.0018759869838134e-05,2.0001142829191407e-05,-0.0013285298921900126
0.34000000000000025,-0.5,-0.5000002634079518,2.0032512778245745e-05,2.0003559265260247e-05,-0.000328948571949101
0.36000000000000026,-0.5,-0.5000009420351804,2.004348327919581e-05,2.0006961113625465e-05,0.0012710169456856117
0.3800000000000003,-0.5,-0.500002089323263,2.004509590544171e-05,2.001063677999679e-05,0.0028380511977667573
0.4000000000000003,-0.5,-0.500003624518582,2.0032563658877823e-05,2.001338199865038e-05,0.003340177444727151
0.4200000000000003,-0.5,-0.5000053042413539,2.000602418323464e-05,2.0013892735965382e-05,0.0016548350891031382
0.44000000000000034,-0.5,-0.5000067790842156,1.997212575801072e-05,2.001134622279451e-05,-0.003061732194898975
0.46000000000000035,-0.5,-0.500007632023923,1.9943460744741203e-05,2.000596376154831e-05,-0.011094135708659128
0.48000000000000037,-0.5,-0.5000072590281623,1.9936655490970077e-05,1.9999377902087125e-05,-0.022074003656866403
0.5000000000000003,-0.5,-0.5000057325534225,1.9971749344300222e-05,1.9994845037253827e-05,-0.03384585863590645
0.5200000000000004,-0.5,-0.5000050190931199,2.006775224643756e-05,1.9997233777127544e-05,-0.041471569704659664
0.5400000000000004,-0.5,-0.5000084574481478,2.0223456499866963e-05,2.0011920444555958e-05,-0.038900933908337945
0.5600000000000004,-0.5,-0.5000195302503913,2.040265676625041e-05,2.0041730538146368e-05,-0.022596045702971673
0.5800000000000004,-0.5,-0.5000404168990117,2.055422926108529e-05,2.0084734258093738e-05,0.0063072098905738
0.6000000000000004,-0.5,-0.5000713397715911,2.0639362662677348e-05,2.013478783736809e-05,0.04295881007604716
0.6200000000000004,-0.5,-0.500110722090492,2.064231073779761e-05,2.0183843262286587e-05,0.08130944015709753
0.6400000000000005,-0.5,-0.5001557685948168,2.0567456693170333e-05,2.0224241077662392e-05,0.11616442775966779
0.6600000000000005,-0.5,-0.5002031277199355,2.0432187165953004e-05,2.02502213860727e-05,0.14401214638228527
0.6800000000000005,-0.5,-0.5002493039311655,2.0262347891345587e-05,2.025870476113124e-05,0.162810739843545
0.7000000000000005,-0.5,-0.500290598053837,2.0091266727093996e-05,2.024978349551202e-05,0.17123178606117967
0.7200000000000005,-0.5,-0.5003223856022967,1.9957356988897453e-05,2.022702697710556e-05,0.16768643560361965
0.7400000000000005,-0.5,-0.5003445610647098,1.989824833886899e-05,2.0197373888399882e-05,0.15595341344551544
0.7600000000000006,-0.5,-0.5003623639319035,1.9940298000401945e-05,2.0170173096061612e-05,0.14560007100660027
0.7800000000000006,-0.5,-0.5003820178804435,2.0088905123509415e-05,2.0155290168908723e-05,0.1468097217343105
0.8000000000000006,-0.5,-0.5004095908209365,2.03263423695079e-05,2.0161149963588567e-05,0.16963943834358294
0.8200000000000006,-0.5,-0.5004502853106644,2.0580878233929525e-05,2.0190727075230014e-05,0.2205526760947104
0.8400000000000006,-0.5,-0.5005072962315984,2.0780696329994375e-05,2.0239315996127564e-05,0.2992980755985819
0.8600000000000007,-0.5,-0.5005810729304243,2.0895862611828012e-05,2.0297897263202633e-05,0.4006657650246042
0.8800000000000007,-0.5,-0.5006698062778986,2.093584361276881e-05,2.0357712212330387e-05,0.5177387096176982
0.9000000000000007,-0.5,-0.5007705443239137,2.0915823764258387e-05,2.0412388305178864e-05,0.6443553904444405
0.9200000000000007,-0.5,-0.5008795504561484,2.0830410172300773e-05,2.0456536787970236e-05,0.775262215319661
0.9400000000000007,-0.5,-0.5009915891863127,2.0665708420092868e-05,2.0484155446036166e-05,0.9046936113037717
0.9600000000000007,-0.5,-0.5010987730920266,2.0421847898314392e-05,2.048902748660471e-05,1.0247037725070578
0.9800000000000008,-0.5,-0.5011901175936692,2.013273600991874e-05,2.0467359424348776e-05,1.1247280770204833
1.0000000000000007,-0.5,-0.5012573951499603,1.984400676971296e-05,2.041980768530083e-05,1.1986268009673917
1.0200000000000007,-0.5,-0.501302223570125,1.959138957602106e-05,2.035082556352478e-05,1.2524713428224858
1.0400000000000007,-0.5,-0.501328168708828,1.9419746184193053e-05,2.0268221829611164e-05,1.296294705587176
1.0600000000000007,-0.5,-0.5013395742885086,1.9370684631649667e-05,2.0183376665928743e-05,1.3401641971504905
1.0800000000000007,-0.5,-0.5013425477581244,1.9466179625513526e-05,2.0109740241476413e-05,1.3949146669132622
1.1000000000000008,-0.5,-0.5013441527594015,1.964059295272489e-05,2.0057337893806496e-05,1.4697715728413308
1.1200000000000008,-0.5,-0.5013496346889615,1.9787740281237964e-05,2.0025896231188824e-05,1.5658694309842416
1.1400000000000008,-0.5,-0.50136058681017,1.9843869233939272e-05,2.0006946094643117e-05,1.6769131063717382
1.1600000000000008,-0.5,-0.5013754113887475,1.9793857423195922e-05,1.998949892341855e-05,1.7934984319294496
1.1800000000000008,-0.5,-0.5013906159751715,1.964760309983221e-05,1.9963669365597284e-05,1.9064627805815448
1.2000000000000008,-0.5,-0.5014013917228122,1.9427250530480644e-05,1.9922138851062013e-05,2.007894187619303
1.2200000000000009,-0.5,-0.5014016379031037,1.9175963849069858e-05,1.9861415730046137e-05,2.0906964314381846
1.2400000000000009,-0.5,-0.5013845537965695,1.8943546345061783e-05,1.9783205645625796e-05,2.149179778309574
1.260000000000001,-0.5,-0.5013464316383883,1.874963209685726e-05,1.9692215271657925e-05,2.1846904253371777
1.280000000000001,-0.5,-0.5012863116255676,1.8619300097539025e-05,1.9594466673693642e-05,2.203363640755317
1.300000000000001,-0.5,-0.5012057613949217,1.858096202746352e-05,1.9498452540588782e-05,2.2107175312065723
1.320000000000001,-0.5,-0.5011098998989157,1.8622921000305008e-05,1.9412446990557913e-05,2.212083389694417
1.340000000000001,-0.5,-0.5010058009863149,1.870157854000108e-05,1.9341125858768584e-05,2.2143377703162197
1.360000000000001,-0.5,-0.5008995687975895,1.8758334087366786e-05,1.9283326596435814e-05,2.2226034207746346
1.380000000000001,-0.5,-0.5007942262803211,1.87722520055534e-05,1.9234180888600742e-05,2.236845517678111
1.400000000000001,-0.5,-0.5006902653017634,1.8755760444831748e-05,1.918929947767846e-05,2.252895563710302
1.420000000000001,-0.5,-0.5005873386597158,1.8723606919214067e-05,1.9146220786391173e-05,2.2651361014439932
1.440000000000001,-0.5,-0.5004850958762304,1.8679716047688057e-05,1.9103566333930788e-05,2.2687222774529467
1.460000000000001,-0.5,-0.5003830184522239,1.8625514695562377e-05,1.9060185276515e-05,2.2604199352603938
1.480000000000001,-0.5,-0.5002802059949014,1.8578549514065325e-05,1.9015962830038327e-05,2.238527823681227
1.500000000000001,-0.5,-0.5001748234604109,1.854602973603185e-05,1.89722934262325e-05,2.202845026041447
1.5200000000000011,-0.5,-0.5000640383925374,1.852358375495201e-05,1.8930272245342647e-05,2.1552910749545164
1.5400000000000011,-0.5,-0.49994591598137783,1.8524325254157674e-05,1.88911110628244e-05,2.099526991089098
1.5600000000000012,-0.5,-0.49982144858921246,1.8573832332497975e-05,1.885826441589026e-05,2.0397651753541712
1.5800000000000012,-0.5,-0.4996941100597389,1.8674018361754223e-05,1.8836055802914156e-05,1.98052482006913
1.6000000000000012,-0.5,-0.49956827590197045,1.880429661101734e-05,1.8827431840818978e-05,1.9268910557445489
1.6200000000000012,-0.5,-0.4994474807808792,1.892613277240395e-05,1.883192323361586e-05,1.8818385323451523
1.6400000000000012,-0.5,-0.4993330792463493,1.9012923631005392e-05,1.884590018335101e-05,1.843276310151881
1.6600000000000013,-0.5,-0.4992245440603158,1.9053372711879882e-05,1.8864412427452044e-05,1.8054833723623676
1.6800000000000013,-0.5,-0.49912057096359147,1.9045163432893522e-05,1.888241772301281e-05,1.7621806068912969
1.7000000000000013,-0.5,-0.4990198889000424,1.899268638933241e-05,1.8895481641333825e-05,1.7090370621346564
1.7200000000000013,-0.5,-0.49892170206201014,1.8914678919737922e-05,1.890068239597606e-05,1.6446659207291219
1.7400000000000013,-0.5,-0.49882568647999875,1.8844802440608523e-05,1.8898142261202978e-05,1.57030612029486
1.7600000000000013,-0.5,-0.49872965842021033,1.8806804557964155e-05,1.889071126629638e-05,1.4877800187060835
1.7800000000000014,-0.5,-0.4986306304124751,1.8824239742661326e-05,1.8883025890406686e-05,1.399441102632521
1.8000000000000014,-0.5,-0.4985292286133421,1.8929311574521244e-05,1.8882287541059468e-05,1.309037431576137
1.8200000000000014,-0.5,-0.4984299566926698,1.9116692416284216e-05,1.889625506318509e-05,1.2212362775789787
1.8400000000000014,-0.5,-0.49833839141683595,1.9342529766905042e-05,1.892935273116835e-05,1.141642454043037
1.8600000000000014,-0.5,-0.4982585158133942,1.954016268279668e-05,1.897985659992016e-05,1.0743114422835873
1.8800000000000014,-0.5,-0.49819076538524537,1.9668336965689718e-05,1.904087336593713e-05,1.0176034907476184
1.9000000000000015,-0.5,-0.49813248063285964,1.97231311788697e-05,1.9104333093961974e-05,0.9653834376870616
1.9200000000000015,-0.5,-0.4980799580519926,1.9716385395392715e-05,1.9163568326090615e-05,0.910552932881207
1.9400000000000015,-0.5,-0.49803010919064644,1.9662130789359756e-05,1.9213848392610725e-05,0.8481108395243646
1.9600000000000015,-0.5,-0.4979812093183409,1.957725282085495e-05,1.9252327638266898e-05,0.7764164499267526
1.9800000000000015,-0.5,-0.4979330765537292,1.9490340377025608e-05,1.927864124542565e-05,0.6969392533086655
2.0000000000000013,-0.5,-0.4978854987100257,1.9430692327961015e-05,1.929537921744164e-05,0.6122549672945985
2.019999999999999,-0.5,-0.49783669968592326,1.9423756660518713e-05,1.9307437425501718e-05,0.5239147779545265
2.039999999999997,-0.5,-0.49778674718285454,1.949132188425981e-05,1.932153409333805e-05,0.4340954615235266
2.0599999999999947,-0.5,-0.49773874557504494,1.963559602787873e-05,1.934491859344578e-05,0.34616940509042965
2.0799999999999925,-0.5,-0.49769715453882873,1.9837544397411455e-05,1.938316787022151e-05,0.2644228398696686
2.0999999999999903,-0.5,-0.4976661213135424,2.005541059308536e-05,1.943832870261017e-05,0.19370663187824083
2.119999999999988,-0.5,-0.4976477124020933,2.024071919912069e-05,1.95076262721347e-05,0.13562071650332264
2.139999999999986,-0.5,-0.4976410751309942,2.0365050040601683e-05,1.9584901423540837e-05,0.0868821771409908
2.1599999999999837,-0.5,-0.49764328371983796,2.0416126729967902e-05,1.9662823949613994e-05,0.04158533005127625
2.1799999999999815,-0.5,-0.4976506484778006,2.0391181767449886e-05,1.9734103042985217e-05,-0.005810366403362334
2.1999999999999793,-0.5,-0.49765975372130006,2.0299123677395365e-05,1.9792470265480656e-05,-0.0586261431822683
2.219999999999977,-0.5,-0.4976681942081678,2.0165398341263906e-05,1.983396003018e-05,-0.11767306277566905
2.239999999999975,-0.5,-0.4976745210327167,2.0030525400506145e-05,1.9858269443410355e-05,-0.18212914930646454
2.2599999999999727,-0.5,-0.49767706386208604,1.994201113773838e-05,1.9869465675982946e-05,-0.2515203381786819
2.2799999999999705,-0.5,-0.4976758435755324,1.9938424920675002e-05,1.987545740423819e-05,-0.32472283204594055
2.2999999999999683,-0.5,-0.49767373182329055,2.0031405946147633e-05,1.988570114459826e-05,-0.39882328647396115
2.319999999999966,-0.5,-0.4976754389159278,2.021178460244159e-05,1.990864594872097e-05,-0.46938557060526237
2.339999999999964,-0.5,-0.4976862336828875,2.0449172568365912e-05,1.9950078163884786e-05,-0.5303166096213301
2.3599999999999617,-0.5,-0.4977102829681088,2.068054226367026e-05,2.0010460773713987e-05,-0.5765211559177236
2.3799999999999595,-0.5,-0.49774858187159365,2.084953161165704e-05,2.0084189069069506e-05,-0.6084097198061306
2.3999999999999573,-0.5,-0.4977986632614361,2.092867181048439e-05,2.0162348370346677e-05,-0.6310133108580882
2.419999999999955,-0.5,-0.4978559454753351,2.0912051314734e-05,2.023546687063745e-05,-0.6507242309594511
2.439999999999953,-0.5,-0.49791531978028175,2.0810665952391406e-05,2.029533031562097e-05,-0.6725689923280442
2.4599999999999507,-0.5,-0.49797239912003477,2.0651623448123557e-05,2.0336419933292068e-05,-0.6992946372279439
2.4799999999999485,-0.5,-0.4980241239881076,2.047559266085075e-05,2.0357119030545987e-05,-0.7318045369367574
2.4999999999999463,-0.5,-0.49806855184845317,2.0334587313516002e-05,2.0360436882386335e-05,-0.7702218766372528
2.519999999999944,-0.5,-0.4981058643100828,2.0277525168051945e-05,2.0354142691963116e-05,-0.8139505934094585
2.539999999999942,-0.5,-0.4981392238913773,2.0317044879247446e-05,2.0348211278323744e-05,-0.8606321494322238
2.5599999999999397,-0.5,-0.49817297520737125,2.044096987848351e-05,2.0351235643196473e-05,-0.9065696161506163
2.5799999999999375,-0.5,-0.49821196105875243,2.0633498106256766e-05,2.0369655309939035e-05,-0.9469646607856457
2.5999999999999353,-0.5,-0.49826097323292207,2.08542094171715e-05,2.0406684197516203e-05,-0.9759683919587178
2.619999999999933,-0.5,-0.4983228734167817,2.104451185545666e-05,2.0460069856193164e-05,-0.9907843620740217
2.639999999999931,-0.5,-0.49839718459822224,2.1163703081499427e-05,2.0522976455375887e-05,-0.99348180440265
2.6599999999999286,-0.5,-0.4984805895384856,2.119177509048249e-05,2.0586492745358234e-05,-0.9890262027384791
2.6799999999999264,-0.5,-0.4985682053995034,2.112564366007056e-05,2.0641543852382096e-05,-0.9826227648357152
2.6999999999999242,-0.5,-0.4986548110572672,2.0980949427504022e-05,2.0680614836321194e-05,-0.978206631668325
2.719999999999922,-0.5,-0.4987357477887621,2.07919273577327e-05,2.0699421666883955e-05,-0.9784387788960017
2.73999999999992,-0.5,-0.4988072947854561,2.060552899179602e-05,2.0698046327144063e-05,-0.9852677874812131
2.7599999999999176,-0.5,-0.4988680254605924,2.04786388983393e-05,2.0681732142440435e-05,-0.9995663369529001
2.7799999999999154,-0.5,-0.498920543152981,2.044936191302604e-05,2.0659974367710946e-05,-1.0199433242422702
2.7999999999999132,-0.5,-0.4989693965048963,2.05095443495077e-05,2.0642414748810213e-05,-1.0431708145254128
2.819999999999911,-0.5,-0.4990191530789999,2.0644772585886604e-05,2.0636384412159114e-05,-1.0649992989243993
2.839999999999909,-0.5,-0.49907462396096497,2.0837063570189674e-05,2.064715726814609e-05,-1.0798616467506201
2.8599999999999066,-0.5,-0.4991400982577177,2.1035920974479457e-05,2.067612217123474e-05,-1.0823650362120272
2.8799999999999044,-0.5,-0.4992173653413443,2.1186065099781956e-05,2.071908881652689e-05,-1.071401121545506
2.899999999999902,-0.5,-0.49930494269362863,2.1253156941001578e-05,2.0768057522885738e-05,-1.0501588858120643
2.9199999999999,-0.5,-0.4993988198354371,2.122315005060487e-05,2.0813605783186044e-05,-1.0238046472162046
2.939999999999898,-0.5,-0.49949369218409506,2.1103075364476193e-05,2.0846980535312975e-05,-0.997273328646864
2.9599999999998956,-0.5,-0.49958414779515226,2.0921362173631792e-05,2.0862088604805575e-05,-0.974466871322014
2.9799999999998934,-0.5,-0.49966542843250583,2.0722139502867885e-05,2.085707142808355e-05,-0.9585291404531737
2.999999999999891,-0.5,-0.49973444910355974,2.056108786490687e-05,2.0835062071000476e-05,-0.9516088268442496
3.019999999999889,-0.5,-0.4997922777479546,2.048730001506096e-05,2.080413509291543e-05,-0.9531750918906235
3.039999999999887,-0.5,-0.49984327875744794,2.0506132580321965e-05,2.0774202813678037e-05,-0.9601303475253665
3.0599999999998846,-0.5,-0.49989178352227315,2.059946806931539e-05,2.0753014836924935e-05,-0.9684094666725649
3.0799999999998824,-0.5,-0.49994219935802015,2.075538016181058e-05,2.074623221362847e-05,-0.9731355042912607
3.09999999999988,-0.5,-0.499999195523069,2.0939668421065544e-05,2.0756950639599354e-05,-0.9684471449048437
3.119999999999878,-0.5,-0.5000659956993966,2.1095947853572524e-05,2.0783176065395174e-05,-0.9512233013746411
3.139999999999876,-0.5,-0.5001427878592413,2.118448541166961e-05,2.0818440348261686e-05,-0.9228382888330451
3.1599999999998736,-0.5,-0.5002269239649684,2.118622501465918e-05,2.085424738133416e-05,-0.8875653335559748
3.1799999999998714,-0.5,-0.5003139766840271,2.109953102033234e-05,2.088201636318085e-05,-0.8503229050317355
3.199999999999869,-0.5,-0.5003988220907156,2.094165003045719e-05,2.0894828669044374e-05,-0.8153868422417461
3.219999999999867,-0.5,-0.5004764397766841,2.074860929488732e-05,2.0889102899187746e-05,-0.7863967141965345
3.2399999999998648,-0.5,-0.5005424339537761,2.056809011974537e-05,2.086569197675865e-05,-0.766615208179366
3.2599999999998626,-0.5,-0.5005955302919187,2.0451840205844218e-05,2.083033081190588e-05,-0.7570878269378934
3.2799999999998604,-0.5,-0.5006389096353686,2.0428543968223362e-05,2.0792195250629802e-05,-0.7555895997171878
3.299999999999858,-0.5,-0.5006771472207212,2.048443288806886e-05,2.0759851350075312e-05,-0.7581554225424845
3.319999999999856,-0.5,-0.5007145661217296,2.0606500786886693e-05,2.07395480402363e-05,-0.7602012568751937
3.3399999999998538,-0.5,-0.5007558745033643,2.077871068277388e-05,2.0735780212847685e-05,-0.7559823714448523
3.3599999999998515,-0.5,-0.5008053260941222,2.0951999738173732e-05,2.0749352849166976e-05,-0.7403014240822999
3.3799999999998493,-0.5,-0.500864750210669,2.1076265721138018e-05,2.0775889946779315e-05,-0.7122143428810052
3.399999999999847,-0.5,-0.5009329136093804,2.1122618597258946e-05,2.0807765336647145e-05,-0.6748129357534702
3.419999999999845,-0.5,-0.5010062729047403,2.1079852747171568e-05,2.0836288447194154e-05,-0.6330776569044838
3.4399999999998427,-0.5,-0.5010800284684147,2.0954585834485543e-05,2.0853464626809305e-05,-0.5919543169934991
3.4599999999998405,-0.5,-0.5011490254725823,2.077285998816559e-05,2.0853721558586747e-05,-0.5557252881093181
3.4799999999998383,-0.5,-0.5012083582850068,2.057741963922896e-05,2.08354782662839e-05,-0.5282267204182962
3.499999999999836,-0.5,-0.5012545795521901,2.0420307724077588e-05,2.0801920055488792e-05,-0.5121551838828485
3.519999999999834,-0.5,-0.5012886763258035,2.0345524129881392e-05,2.0760699234595732e-05,-0.5066740444124617
3.5399999999998317,-0.5,-0.5013147777151482,2.0358578128006687e-05,2.0721079097322246e-05,-0.5081903819457042
3.5599999999998295,-0.5,-0.5013370307614291,2.0444253266994165e-05,2.069046041694143e-05,-0.5123275235789335
3.5799999999998273,-0.5,-0.5013598775497895,2.059229227538061e-05,2.067439234346254e-05,-0.5139536790310476
3.599999999999825,-0.5,-0.5013881469262034,2.0769336831923048e-05,2.067599545532849e-05,-0.5069297265627806
3.619999999999823,-0.5,-0.5014252452183456,2.0919031266396967e-05,2.0693314835605316e-05,-0.48793725580077985
3.6399999999998207,-0.5,-0.5014715596751492,2.100305532990589e-05,2.0719989179353112e-05,-0.4583606067074232
3.6599999999998185,-0.5,-0.5015247083271969,2.1004585663477263e-05,2.0747809102031332e-05,-0.4226687232381594
3.6799999999998163,-0.5,-0.5015806442699694,2.0923265194609277e-05,2.076863122417466e-05,-0.3860459378508848
3.699999999999814,-0.5,-0.501634689430983,2.0775321579686044e-05,2.077593415212416e-05,-0.3529711816547261
3.719999999999812,-0.5,-0.5016822463244626,2.0594907961362833e-05,2.0766329554846138e-05,-0.32710939568402875
3.7399999999998097,-0.5,-0.5017192620958792,2.0427718033062142e-05,2.0740697564830925e-05,-0.311513735196979
3.7599999999998075,-0.5,-0.5017442751846921,2.031994944941324e-05,2.0704386307280165e-05,-0.30696220103511207
3.7799999999998053,-0.5,-0.501759633747684,2.029707967158579e-05,2.0665753745722724e-05,-0.3111241583280306
3.799999999999803,-0.5,-0.5017691848393429,2.0349482001600902e-05,2.06327612427553e-05,-0.32004930430042133
3.819999999999801,-0.5,-0.5017769874827096,2.04657376833451e-05,2.061141890705093e-05,-0.32925668560892407
3.8399999999997987,-0.5,-0.5017877063800157,2.062893073752955e-05,2.0605982367598553e-05,-0.33322444276958385
3.8599999999997965,-0.5,-0.5018056295255525,2.079191391495186e-05,2.061709169804858e-05,-0.32688436320462
3.8799999999997943,-0.5,-0.5018326867450629,2.090830916335991e-05,2.0640511698100516e-05,-0.30935937191358537
3.899999999999792,-0.5,-0.5018678560359269,2.0953465236525995e-05,2.066914114712281e-05,-0.2838354160314891
3.91999999999979,-0.5,-0.5019080036352705,2.0918999297938064e-05,2.0695109499364133e-05,-0.2553673176151702
3.9399999999997877,-0.5,-0.5019489684167451,2.0811342685546285e-05,2.071128027720164e-05,-0.22879898455886047
3.9599999999997855,-0.5,-0.501986407274528,2.0653617831285607e-05,2.0712681952857622e-05,-0.2079648535939914
3.9799999999997833,-0.5,-0.5020163206071907,2.0485247090460175e-05,2.0697955767284197e-05,-0.19586339534123548
3.999999999999781,-0.5,-0.5020358302722833,2.0352868136787874e-05,2.0670095661746045e-05,-0.19435407270410185
4.019999999999779,-0.5,-0.5020452542830299,2.0294969486259267e-05,2.0636001447376677e-05,-0.20250933395867177
4.039999999999777,-0.5,-0.5020477936615125,2.031859995172541e-05,2.0604063909159636e-05,-0.2169315267364827
4.059999999999775,-0.5,-0.5020472383928936,2.0412088748784628e-05,2.0581248471806473e-05,-0.23335853968006853
4.079999999999773,-0.5,-0.502047929423997,2.0564335218946177e-05,2.0572809632984732e-05,-0.24683360047481992
4.0999999999997705,-0.5,-0.5020545091338708,2.07414746040601e-05,2.0581482288168188e-05,-0.2515244122885264
4.119999999999768,-0.5,-0.5020701254757656,2.0889586451526914e-05,2.0605091211988314e-05,-0.24446044681310683
4.139999999999766,-0.5,-0.5020949777115203,2.09733569252448e-05,2.0637351517537537e-05,-0.22739386406105286
4.159999999999764,-0.5,-0.5021266699672067,2.0978093789339903e-05,2.06703727476565e-05,-0.20509347450951057
4.179999999999762,-0.5,-0.5021613490323386,2.090395838383225e-05,2.069642087948773e-05,-0.18287393708592375
4.1999999999997595,-0.5,-0.5021947213481052,2.0766076899368225e-05,2.0709303789125123e-05,-0.1650635927558212
4.219999999999757,-0.5,-0.5022227448009967,2.0596979570583198e-05,2.0705783931130882e-05,-0.15481718734130775
4.239999999999755,-0.5,-0.5022420076932863,2.0441215340244327e-05,2.0686762796493692e-05,-0.15439049394291127
4.259999999999753,-0.5,-0.50225110047428,2.034397410873066e-05,2.0657475386819613e-05,-0.16416056657213465
4.279999999999751,-0.5,-0.5022519353426667,2.0330978684343718e-05,2.0626145597776273e-05,-0.18181135962608824
4.2999999999997485,-0.5,-0.5022480603321207,2.0395485088691496e-05,2.0600803380495957e-05,-0.2034075853827203
4.319999999999746,-0.5,-0.5022435670979752,2.0526817114699114e-05,2.0587700192964042e-05,-0.22437614806166858
4.339999999999744,-0.5,-0.5022432004871629,2.070509763812695e-05,2.059119894675839e-05,-0.23900646238381212
4.359999999999742,-0.5,-0.5022511548652189,2.0879126683947937e-05,2.0611632953869852e-05,-0.24233368782555303
4.37999999999974,-0.5,-0.5022690602875021,2.1001892748979164e-05,2.0644286469266668e-05,-0.2339825359360069
4.3999999999997375,-0.5,-0.502295541241471,2.10502332809008e-05,2.0681690764149284e-05,-0.21770887435099814
4.419999999999735,-0.5,-0.5023272206517382,2.101745647289434e-05,2.071580909690382e-05,-0.19893168876574385
4.439999999999733,-0.5,-0.5023598803943767,2.0910773456729146e-05,2.073947216071694e-05,-0.18255011434907004
4.459999999999731,-0.5,-0.5023893161522565,2.0753162024742167e-05,2.0747700023789203e-05,-0.17216363078282626
4.479999999999729,-0.5,-0.5024118294532246,2.058377121812818e-05,2.0739097691214373e-05,-0.17030974158924964
4.499999999999726,-0.5,-0.5024247916689346,2.0449699612774868e-05,2.0716636902521526e-05,-0.17839920620206384
4.519999999999724,-0.5,-0.502428340887091,2.0390722825249867e-05,2.0687281417669435e-05,-0.19556810623551232
4.539999999999722,-0.5,-0.5024254400948995,2.041550250673972e-05,2.065963651298752e-05,-0.21865994572277678
4.55999999999972,-0.5,-0.5024198752836867,2.0512928909709423e-05,2.0640961181642063e-05,-0.2435070497586637
4.579999999999718,-0.5,-0.50241609506213,2.067152509599727e-05,2.063677984198709e-05,-0.2651258859579579
4.599999999999715,-0.5,-0.5024188321071343,2.0856407741157676e-05,2.064999037964508e-05,-0.27758516081066936
4.619999999999713,-0.5,-0.502431241575474,2.1012817154540056e-05,2.0678480822342063e-05,-0.2778667166620228
4.639999999999711,-0.5,-0.5024534396501398,2.1104496905675078e-05,2.0715935396224467e-05,-0.26781136461410676
4.659999999999709,-0.5,-0.5024828999690573,2.11160030279052e-05,2.0754354601777386e-05,-0.2523354342265859
4.679999999999707,-0.5,-0.5025156510471791,2.104699184489029e-05,2.0785846940083514e-05,-0.23683581069669193
4.699999999999704,-0.5,-0.5025473535827515,2.0912323765733216e-05,2.0804042984897447e-05,-0.22557495498449817
4.719999999999702,-0.5,-0.502574040206239,2.0744264991909607e-05,2.0805521672531733e-05,-0.22148059348301075
4.7399999999997,-0.5,-0.5025924833156684,2.0587555009815817e-05,2.0791004016068837e-05,-0.22649876215941403
4.759999999999698,-0.5,-0.5026012999422845,2.048875920526571e-05,2.0765652143599432e-05,-0.2409737593464971
4.779999999999696,-0.5,-0.5026023056229284,2.0475556700027422e-05,2.0737800847133124e-05,-0.262810314803207
4.799999999999693,-0.5,-0.5025990228402152,2.0540666221050356e-05,2.07156359439022e-05,-0.2882781317699398
4.819999999999691,-0.5,-0.5025955014632921,2.0672931515550267e-05,2.07054822746216e-05,-0.3129200576546557
4.839999999999689,-0.5,-0.502596417878614,2.08528352657718e-05,2.071176617134253e-05,-0.33115757082737446
4.859999999999687,-0.5,-0.5026059278949262,2.1029852259460888e-05,2.0734948599858886e-05,-0.3380293516222875
4.879999999999685,-0.5,-0.5026256555760104,2.1156139472315196e-05,2.077041216025629e-05,-0.3330994319154465
4.899999999999682,-0.5,-0.5026541926052674,2.120725104324696e-05,2.0810663166680122e-05,-0.320100304707481
4.91999999999968,-0.5,-0.5026880768071095,2.1175785056701677e-05,2.084754512859816e-05,-0.3044593212575839
4.939999999999678,-0.5,-0.5027229910417041,2.106913486524857e-05,2.0873759954829695e-05,-0.2910537289877728
4.959999999999676,-0.5,-0.5027546927136696,2.0911038335421284e-05,2.0884265090450908e-05,-0.2833786945737324
4.979999999999674,-0.5,-0.5027795513285265,2.074118276710569e-05,2.087767415411518e-05,-0.28379173144608894
4.999999999999671,-0.5,-0.5027950632467901,2.060787510576422e-05,2.085703859990297e-05,-0.2935833422350008
4.999999999999671,-1.5,-0.5027950632467901,2.060787510576422e-05,2.085703859990297e-05,-0.2935833422350008
5.019999999999669,-1.5,-0.5028015819972987,0.0,2.0657038599902973e-05,-0.3119212022081331
5.039999999999667,-1.5,-0.5028025393849305,0.0,2.0457038599902975e-05,-0.3357665959252592
5.059999999999665,-1.5,-0.5028021118586995,0.0,2.0257038599902977e-05,-0.36104167615362665
5.079999999999663,-1.5,-0.5028050615442415,0.0,2.005703859990298e-05,-0.3828394589829598
5.09999999999966,-1.5,-0.5028164112869182,0.0,1.985703859990298e-05,-0.395331860315677
5.119999999999658,-1.5,-0.5028395925314947,0.0,1.9657038599902983e-05,-0.3956470363696772
5.139999999999656,-1.5,-0.5028749953252468,0.0,1.9457038599902985e-05,-0.38571847892252764
5.159999999999654,-1.5,-0.5029203580923853,0.0,1.9257038599902987e-05,-0.37047252802527647
5.1799999999996515,-1.5,-0.5029719355762974,0.0,1.905703859990299e-05,-0.3552727051085805
5.199999999999649,-1.5,-0.5030255515769703,0.0,1.885703859990299e-05,-0.34437319408340356
5.219999999999647,-1.5,-0.5030773114411009,0.0,1.8657038599902992e-05,-0.34077353691322626
5.239999999999645,-1.5,-0.503123925281973,0.0,1.8457038599902994e-05,-0.3465752398932803
5.259999999999643,-1.5,-0.5031638943708705,0.0,1.8257038599902996e-05,-0.36221902504282116
5.2799999999996405,-1.5,-0.5031989072874585,0.0,1.8057038599902998e-05,-0.3855998368556163
5.299999999999638,-1.5,-0.5032327438623229,0.0,1.7857038599903e-05,-0.4130077439322029
5.319999999999636,-1.5,-0.50327003829549,0.0,1.7657038599903002e-05,-0.44006916664962736
5.339999999999634,-1.5,-0.503315949003386,0.0,1.7457038599903004e-05,-0.46119018493540254
5.359999999999632,-1.5,-0.5033750002288219,0.0,1.7257038599903006e-05,-0.4713010315830868
5.3799999999996295,-1.5,-0.5034491286367052,0.0,1.7057038599903008e-05,-0.4697961233300793
5.399999999999627,-1.5,-0.5035371950136708,0.0,1.685703859990301e-05,-0.460199882330582
5.419999999999625,-1.5,-0.5036359310093281,0.0,1.665703859990301e-05,-0.4477538316316494
5.439999999999623,-1.5,-0.5037410838508563,0.0,1.6457038599903013e-05,-0.43726139263114283
5.459999999999621,-1.5,-0.5038482671536965,0.0,1.6257038599903015e-05,-0.4323475180069701
5.4799999999996185,-1.5,-0.5039533722653906,0.0,1.6057038599903017e-05,-0.43574028912357887
5.499999999999616,-1.5,-0.5040530900195802,0.0,1.585703859990302e-05,-0.4490997776669166
5.519999999999614,-1.5,-0.5041467023630216,0.0,1.565703859990302e-05,-0.4715538738666781
5.539999999999612,-1.5,-0.504236840005968,0.0,1.5457038599903023e-05,-0.4998932783651787
5.55999999999961,-1.5,-0.5043283499688632,0.0,1.5257038599903025e-05,-0.5302348796421401
5.5799999999996075,-1.5,-0.5044267866681065,0.0,1.5057038599903027e-05,-0.5579122142873996
5.599999999999605,-1.5,-0.5045375037096933,0.0,1.4857038599903029e-05,-0.5770764270104977
5.619999999999603,-1.5,-0.5046640539071154,0.0,1.465703859990303e-05,-0.5844944051213158
5.639999999999601,-1.5,-0.5048068771750395,0.0,1.4457038599903033e-05,-0.5815312620442444
5.659999999999599,-1.5,-0.5049636905552601,0.0,1.4257038599903035e-05,-0.5725407545012318
5.6799999999995965,-1.5,-0.5051305884904188,0.0,1.4057038599903036e-05,-0.5625024456529846
5.699999999999594,-1.5,-0.5053029998036781,0.0,1.3857038599903038e-05,-0.5556206177201192
5.719999999999592,-1.5,-0.5054762550631265,0.0,1.365703859990304e-05,-0.5552621889255599
5.73999999999959,-1.5,-0.5056457592872216,0.0,1.3457038599903042e-05,-0.564236604584382
5.759999999999588,-1.5,-0.5058085809483893,0.0,1.3257038599903044e-05,-0.5832416662826309
5.7799999999995855,-1.5,-0.5059651649231732,0.0,1.3057038599903046e-05,-0.6098597795777848
5.799999999999583,-1.5,-0.5061197769642379,0.0,1.2857038599903048e-05,-0.6403983401118476
5.819999999999581,-1.5,-0.5062786283531586,0.0,1.265703859990305e-05,-0.6708920513621791
5.839999999999579,-1.5,-0.5064478182225804,0.0,1.2457038599903052e-05,-0.695999376442339
5.859999999999577,-1.5,-0.5066323068076617,0.0,1.2257038599903054e-05,-0.7105079625807826
5.8799999999995745,-1.5,-0.5068343116648962,0.0,1.2057038599903056e-05,-0.7132649073891209
5.899999999999572,-1.5,-0.5070529119021003,0.0,1.1857038599903057e-05,-0.7070617890794628
5.91999999999957,-1.5,-0.5072849147567102,0.0,1.165703859990306e-05,-0.6965302372546953
5.939999999999568,-1.5,-0.5075258648552665,0.0,1.1457038599903061e-05,-0.6862567925278736
5.959999999999566,-1.5,-0.5077707385240813,0.0,1.1257038599903063e-05,-0.6802184275149407
5.979999999999563,-1.5,-0.5080141779792073,0.0,1.1057038599903065e-05,-0.6820861768652245
5.999999999999561,-1.5,-0.5082512986506124,0.0,1.0857038599903067e-05,-0.6944264773871248
6.019999999999559,-1.5,-0.5084800987811346,0.0,1.0657038599903069e-05,-0.7162829706629317
6.039999999999557,-1.5,-0.5087029076783814,0.0,1.0457038599903071e-05,-0.7440771252150995
6.059999999999555,-1.5,-0.5089260422633848,0.0,1.0257038599903073e-05,-0.774148560524244
6.079999999999552,-1.5,-0.5091564866982113,0.0,1.0057038599903075e-05,-0.8021413062343115
6.09999999999955,-1.5,-0.5094003549608864,0.0,9.857038599903077e-06,-0.8221794134932169
6.119999999999548,-1.5,-0.5096616657308253,0.0,9.657038599903079e-06,-0.8305846194456977
6.139999999999546,-1.5,-0.5099412263055545,0.0,9.45703859990308e-06,-0.8279605214905637
6.159999999999544,-1.5,-0.5102370008190855,0.0,9.257038599903082e-06,-0.8178842505716027
6.179999999999541,-1.5,-0.5105450780575125,0.0,9.057038599903084e-06,-0.8048829332274862
6.199999999999539,-1.5,-0.5108604698070027,0.0,8.857038599903086e-06,-0.7932968269060079
6.219999999999537,-1.5,-0.5111774964019852,0.0,8.657038599903088e-06,-0.787339189327208
6.239999999999535,-1.5,-0.5114898956339348,0.0,8.45703859990309e-06,-0.7911764840636978
6.259999999999533,-1.5,-0.5117933763650956,0.0,8.257038599903092e-06,-0.8060125863299973
6.27999999999953,-1.5,-0.5120875933936798,0.0,8.057038599903094e-06,-0.8290397036522079
6.299999999999528,-1.5,-0.512377468464235,0.0,7.857038599903096e-06,-0.8564384348830877
6.319999999999526,-1.5,-0.5126707161041614,0.0,7.657038599903098e-06,-0.8845805004335393
6.339999999999524,-1.5,-0.5129744333237716,0.0,7.4570385999031e-06,-0.9083204087914579
6.359999999999522,-1.5,-0.5132941810613558,0.0,7.2570385999031015e-06,-0.9221933955399825
6.379999999999519,-1.5,-0.5136326743974876,0.0,7.0570385999031034e-06,-0.9243082627849518
6.399999999999517,-1.5,-0.5139894302058312,0.0,6.857038599903105e-06,-0.9165209783626406
6.419999999999515,-1.5,-0.514361515030691,0.0,6.657038599903107e-06,-0.9027284865243611
6.439999999999513,-1.5,-0.5147443881831252,0.0,6.457038599903109e-06,-0.8873113712528787
6.459999999999511,-1.5,-0.5151324057667382,0.0,6.257038599903111e-06,-0.874763143648307
6.479999999999508,-1.5,-0.5155188795367899,0.0,6.057038599903113e-06,-0.8699938290162009
6.499999999999506,-1.5,-0.5158973503254867,0.0,5.857038599903115e-06,-0.8767412521399368
6.519999999999504,-1.5,-0.5162649261824755,0.0,5.657038599903117e-06,-0.893974880846096
6.539999999999502,-1.5,-0.5166239124293575,0.0,5.457038599903119e-06,-0.917667488694079
6.5599999999995,-1.5,-0.5169816909173133,0.0,5.257038599903121e-06,-0.9442885160972916
6.579999999999497,-1.5,-0.5173463443733161,0.0,5.057038599903123e-06,-0.9697903858447979
6.599999999999495,-1.5,-0.5177246429772984,0.0,4.8570385999031245e-06,-0.9883353813788881
6.619999999999493,-1.5,-0.5181210949879641,0.0,4.6570385999031264e-06,-0.9957757425749001
6.639999999999491,-1.5,-0.5185369850602141,0.0,4.457038599903128e-06,-0.991851564216068
6.6599999999994886,-1.5,-0.5189706849600819,0.0,4.25703859990313e-06,-0.9792593505978893
6.679999999999486,-1.5,-0.5194184553591629,0.0,4.057038599903132e-06,-0.962024916374878
6.699999999999484,-1.5,-0.5198750507529252,0.0,3.857038599903134e-06,-0.944640032853246
6.719999999999482,-1.5,-0.5203339022554645,0.0,3.657038599903136e-06,-0.9322241801852679
6.73999999999948,-1.5,-0.5207872137907322,0.0,3.457038599903138e-06,-0.9303680232005157
6.7599999999994775,-1.5,-0.5212296495865807,0.0,3.25703859990314e-06,-0.9407786488111295
6.779999999999475,-1.5,-0.5216605535810481,0.0,3.0570385999031417e-06,-0.9602365438664285
6.799999999999473,-1.5,-0.5220853342535063,0.0,2.8570385999031437e-06,-0.9846885182311197
6.819999999999471,-1.5,-0.5225126498281433,0.0,2.6570385999031456e-06,-1.010712851513116
6.839999999999469,-1.5,-0.5229503366584687,0.0,2.4570385999031475e-06,-1.033296609213524
6.8599999999994665,-1.5,-0.5234044580444618,0.0,2.2570385999031494e-06,-1.04674935273657
6.879999999999464,-1.5,-0.5238781796761738,0.0,2.0570385999031513e-06,-1.0485161070694076
6.899999999999462,-1.5,-0.5243714568198541,0.0,1.8613704774024195e-06,-1.0395845756149023
6.91999999999946,-1.5,-0.5248816602441689,0.0,1.6833900947133285e-06,-1.0231621374979294
6.939999999999458,-1.5,-0.5254042164516666,0.0,1.522427826906108e-06,-1.0034533412686575
6.9599999999994555,-1.5,-0.5259328956819882,0.0,1.376856437148491e-06,-0.9854898138582103
6.979999999999453,-1.5,-0.5264597100789833,0.0,1.2452042816175818e-06,-0.9754247763723606
6.999999999999451,-1.5,-0.5269767934270305,0.0,1.1261404320191565e-06,-0.9780913003401928
7.019999999999449,-1.5,-0.5274806481528703,0.0,1.0184612206607962e-06,-0.9924255375344765
7.039999999999447,-1.5,-0.5279735695085053,0.0,9.21078072057211e-07,-1.0139705157473207
7.0599999999994445,-1.5,-0.5284632344146992,0.0,8.330064980522097e-07,-1.0391775670542336
7.079999999999442,-1.5,-0.5289581728452654,0.0,7.53356145204275e-07,-1.0641543811981906
7.09999999999944,-1.5,-0.5294654693511712,0.0,6.813217938204764e-07,-1.0829938912200452
7.119999999999438,-1.5,-0.5299898801583833,0.0,6.161752176440831e-07,-1.0910392619504907
7.139999999999436,-1.5,-0.5305329491840707,0.0,5.572578219019576e-07,-1.0871952745244082
7.1599999999994335,-1.5,-0.5310932607091216,0.0,5.039739852865792e-07,-1.0733411154778871
7.179999999999431,-1.5,-0.531667094796267,0.0,4.557850385639332e-07,-1.0530533028018696
7.199999999999429,-1.5,-0.5322488549371948,0.0,4.1220381893441777e-07,-1.0309725278297714
7.219999999999427,-1.5,-0.532831079194947,0.0,3.727897450944623e-07,-1.0130366380119282
7.239999999999425,-1.5,-0.5334045855833948,0.0,3.3714436321053307e-07,-1.0061009282513416
7.2599999999994225,-1.5,-0.5339632630439398,0.0,3.049073187778639e-07,-1.0123416204102365
7.27999999999942,-1.5,-0.534506444534805,0.0,2.7575271364169566e-07,-1.0282225953067206
7.299999999999418,-1.5,-0.5350396322527143,0.0,2.4938581135258544e-07,-1.049452457706986
7.319999999999416,-1.5,-0.5355715970200658,0.0,2.2554005754880547e-07,-1.072689137025449
7.339999999999414,-1.5,-0.5361103354641401,0.0,2.0397438524359383e-07,-1.0930124647594772
7.3599999999994115,-1.5,-0.5366620570296242,0.0,1.844707777752467e-07,-1.1045456840296268
7.379999999999409,-1.5,-0.5372301243857743,0.0,1.6683206478286564e-07,-1.1041744859371438
7.399999999999407,-1.5,-0.53781472429216,0.0,1.5087992892633131e-07,-1.092175380912373
7.419999999999405,-1.5,-0.5384133938609621,0.0,1.3645310319957643e-07,-1.0712171607545078
7.439999999999403,-1.5,-0.5390215405382142,0.0,1.2340574061302344e-07,-1.0453916835388242
7.4599999999994,-1.5,-0.5396325825490484,0.0,1.1160593976360445e-07,-1.0201615957970518
7.479999999999398,-1.5,-0.5402377642356944,0.0,1.0093441138671624e-07,-1.0026187531669073
7.499999999999396,-1.5,-0.5408285230121856,0.0,9.128327240971074e-08,-0.9984272369738434
7.519999999999394,-1.5,-0.5414014602109339,0.0,8.255495531548814e-08,-1.006493724564632
7.539999999999392,-1.5,-0.5419592735709798,0.0,7.46612217904803e-08,-1.0220325272350725
7.559999999999389,-1.5,-0.5425098093324607,0.0,6.752227068556715e-08,-1.0414088759145486
7.579999999999387,-1.5,-0.5430617713841386,0.0,6.106593127191939e-08,-1.0607814046670803
7.599999999999385,-1.5,-0.543622465672344,0.0,5.52269336360435e-08,-1.0742483411464931
7.619999999999383,-1.5,-0.5441969262914279,0.0,4.994624883813857e-08,-1.0769612675124036
7.639999999999381,-1.5,-0.544787043486983,0.0,4.5170492163141846e-08,-1.0674447274360899
7.659999999999378,-1.5,-0.5453917617272062,0.0,4.085138343167117e-08,-1.0472017170501378
7.679999999999376,-1.5,-0.5460076340310196,0.0,3.694525891491507e-08,-1.0196479236194322
7.699999999999374,-1.5,-0.5466291349084852,0.0,3.341262991920842e-08,-0.9896107061455576
7.719999999999372,-1.5,-0.5472485798182012,0.0,3.021778357783498e-08,-0.9635839771758664
7.73999999999937,-1.5,-0.5478563560543889,0.0,2.732842181428937e-08,-0.9491695689156406
7.759999999999367,-1.5,-0.5484463223844741,0.0,2.47153348271229e-08,-0.9487507744747032
7.779999999999365,-1.5,-0.549018050584139,0.0,2.2352105795490775e-08,-0.958594160446107
7.799999999999363,-1.5,-0.5495771813321579,0.0,2.021484382014227e-08,-0.9741972897537521
7.819999999999361,-1.5,-0.5501325345002475,0.0,1.8281942400039175e-08,-0.9921722186339337
7.839999999999359,-1.5,-0.5506922280746441,0.0,1.6533861002938873e-08,-1.0075931507546785
7.859999999999356,-1.5,-0.5512626512058455,0.0,1.495292752174501e-08,-1.0145251390547727
7.879999999999354,-1.5,-0.5518474029591731,0.0,1.3523159619572012e-08,-1.0096809544611964
7.899999999999352,-1.5,-0.5524469495502073,0.0,1.2230103157423814e-08,-0.9931222075972365
7.91999999999935,-1.5,-0.5530591095654354,0.0,1.106068607108268e-08,-0.9673820582925484
7.939999999999348,-1.5,-0.5536795098797314,0.0,1.0003086219986735e-08,-0.9365831534630238
7.959999999999345,-1.5,-0.5543016465216838,0.0,9.046611872123582e-09,-0.9064102074167095
7.979999999999343,-1.5,-0.5549166657290825,0.0,8.18159361671041e-09,-0.884326916834042
7.999999999999341,-1.5,-0.5555159001009436,0.0,7.399286611959352e-09,-0.87626177630507
8.019999999999348,-1.5,-0.5560959793931479,0.0,6.691782179708665e-09,-0.8810528856431782
8.039999999999354,-1.5,-0.5566595901147275,0.0,6.051927853191862e-09,-0.8937481060242201
8.059999999999361,-1.5,-0.5572144982188295,0.0,5.473255069673236e-09,-0.9106425030456556
8.079999999999368,-1.5,-0.5577694026055429,0.0,4.94991377696354e-09,-0.927900830807568
8.099999999999374,-1.5,-0.5583316664369739,0.0,4.476613292724954e-09,-0.9396500977268455
8.119999999999381,-1.5,-0.5589064253959105,0.0,4.048568818686589e-09,-0.9410105057993909
8.139999999999388,-1.5,-0.5594957234439095,0.0,3.6614530690597217e-09,-0.9304242928157563
8.159999999999394,-1.5,-0.5600987104847767,0.0,3.3113525241435865e-09,-0.9093188379799266
8.179999999999401,-1.5,-0.5607121783681648,0.0,2.994727866870619e-09,-0.8810836532562789
8.199999999999408,-1.5,-0.5613308262649582,0.0,2.7083782023271407e-09,-0.8505717496203273
8.219999999999414,-1.5,-0.561947128528556,0.0,2.449408698529235e-09,-0.8243286726269894
8.239999999999421,-1.5,-0.5625515439688019,0.0,2.2152013213204847e-09,-0.8100076224110817
8.259999999999428,-1.5,-0.5631379050042453,0.0,2.0033883675380653e-09,-0.8099690361660962
8.279999999999434,-1.5,-0.5637056992191051,0.0,1.8118285288825768e-09,-0.8203618695344446
8.299999999999441,-1.5,-0.5642604273119729,0.0,1.6385852445109746e-09,-0.8366195815896496
8.319999999999448,-1.5,-0.5648108387225601,0.0,1.4819071235096443e-09,-0.8553391434107139
8.339999999999455,-1.5,-0.5653650428696572,0.0,1.3402102393299807e-09,-0.8716247017537438
8.359999999999461,-1.5,-0.5659294293962427,0.0,1.2120621171932947e-09,-0.8796001700304829
8.379999999999468,-1.5,-0.5665076131039308,0.0,1.0961672525868365e-09,-0.8760424647842653
8.399999999999475,-1.5,-0.5671001236105991,0.0,9.913540144511835e-10,-0.8610681325777872
8.419999999999481,-1.5,-0.5677049115061681,0.0,8.965628006576697e-10,-0.837249103255247
8.439999999999488,-1.5,-0.568317791581783,0.0,8.108353260344884e-10,-0.80871869545287
8.459999999999495,-1.5,-0.5689324634234388,0.0,7.333049346495113e-10,-0.781123577815972
8.479999999999501,-1.5,-0.5695402632688147,0.0,6.631878384125208e-10,-0.7618242977624679
8.499999999999508,-1.5,-0.570132627598405,0.0,5.997751934241193e-10,-0.7566159416837036
8.519999999999515,-1.5,-0.5707060785131338,0.0,5.424259339677122e-10,-0.7642722280844272
8.539999999999521,-1.5,-0.5712631094800074,0.0,4.905602917003083e-10,-0.7798135175972712
8.559999999999528,-1.5,-0.5718113715593084,0.0,4.436539345248491e-10,-0.7995075656117637
8.579999999999535,-1.5,-0.5723595418310324,0.0,4.0123266589140333e-10,-0.8195019238208056
8.599999999999541,-1.5,-0.5729149810916319,0.0,3.628676309401818e-10,-0.8339277912360304
8.619999999999548,-1.5,-0.5734828008947892,0.0,3.2817098102321067e-10,-0.837975835761926
8.639999999999555,-1.5,-0.574065020600666,0.0,2.9679195277544616e-10,-0.8302052354926569
8.659999999999561,-1.5,-0.5746608068371525,0.0,2.68413322096973e-10,-0.8121568706781186
8.679999999999568,-1.5,-0.5752670346122223,0.0,2.427481971980671e-10,-0.7872845733135224
8.699999999999575,-1.5,-0.5758785437416064,0.0,2.1953711828663434e-10,-0.7604252528882607
8.719999999999581,-1.5,-0.5764879855872588,0.0,1.9854543457751974e-10,-0.7380113328408976
8.739999999999588,-1.5,-0.5770860036955374,0.0,1.7956093210674212e-10,-0.7275031193407014
8.759999999999595,-1.5,-0.5776664352418196,0.0,1.623916883692105e-10,-0.7311555939943362
8.779999999999601,-1.5,-0.5782285767120078,0.0,1.4686413209152974e-10,-0.7451487393433949
8.799999999999608,-1.5,-0.57877776276919,0.0,1.3282128852530478e-10,-0.7649408265881961
8.819999999999615,-1.5,-0.579322690167923,0.0,1.2012119252185823e-10,-0.7871280760701624
8.839999999999621,-1.5,-0.5798714677862524,0.0,1.0863545334545025e-10,-0.8068143778925606
8.859999999999628,-1.5,-0.5804304734822933,0.0,9.824795671608047e-11,-0.8181418469180354
8.879999999999635,-1.5,-0.5810032909500135,0.0,8.885369096026407e-11,-0.817956417822851
8.899999999999642,-1.5,-0.5815904241478579,0.0,8.035768540283468e-11,-0.8064718000241707
8.919999999999648,-1.5,-0.5821898358467251,0.0,7.267405026752036e-11,-0.7863348209528634
8.939999999999655,-1.5,-0.5827974088558155,0.0,6.572510838023424e-11,-0.7616838253783691
8.959999999999662,-1.5,-0.5834069685277197,0.0,5.944060989709482e-11,-0.7380713590877997
8.979999999999668,-1.5,-0.5840100263452707,0.0,5.37570221185235e-11,-0.7226662635555217
8.999999999999675,-1.5,-0.5845981136702763,0.0,4.8616887209844485e-11,-0.7211151510497084
9.019999999999682,-1.5,-0.5851676826478956,0.0,4.396824133530815e-11,-0.7321818567679846
9.039999999999688,-1.5,-0.5857211029896436,0.0,3.976408933331387e-11,-0.7509478760815351
9.059999999999695,-1.5,-0.5862659743912213,0.0,3.5961929622097865e-11,-0.7737140122466608
9.079999999999702,-1.5,-0.5868109681416369,0.0,3.252332453295346e-11,-0.7966474641938398
9.099999999999708,-1.5,-0.5873634316775277,0.0,2.9413511727297205e-11,-0.8139050053486657
9.119999999999715,-1.5,-0.5879284407609209,0.0,2.6601052769228853e-11,-0.8207277443551465
9.139999999999722,-1.5,-0.5885079687741179,0.0,2.4057515300853895e-11,-0.8157513297163131
9.159999999999728,-1.5,-0.5891011481181385,0.0,2.175718560734231e-11,-0.8005850096397348
9.179999999999735,-1.5,-0.5897048504478645,0.0,1.9676808665919936e-11,-0.77870617542598
9.199999999999742,-1.5,-0.5903139546607464,0.0,1.7795353050835895e-11,-0.7549063332304343
9.219999999999748,-1.5,-0.5909211980744731,0.0,1.609379831762923e-11,-0.735499056593135
9.239999999999755,-1.5,-0.5915173320457591,0.0,1.4554942717270728e-11,-0.7277885747197401
9.259999999999762,-1.5,-0.5920962002639154,0.0,1.3163229296279588e-11,-0.7339826478768241
9.279999999999768,-1.5,-0.592657051901433,0.0,1.190458862478602e-11,-0.7502974853716265
9.299999999999775,-1.5,-0.5932052032106051,0.0,1.0766296562610192e-11,-0.7722306184940653
9.319999999999782,-1.5,-0.593749362349543,0.0,9.736845625453564e-12,-0.7963880926730016
9.339999999999788,-1.5,-0.5942976437503679,0.0,8.805828650788094e-12,-0.817869692471428
9.359999999999795,-1.5,-0.5948564088354479,0.0,7.963833587371718e-12,-0.830831727155896
9.379999999999802,-1.5,-0.5954292019728208,0.0,7.202348344772045e-12,-0.8321708040562017
9.399999999999809,-1.5,-0.5960164768568287,0.0,6.51367474098117e-12,-0.822162051360002
9.419999999999815,-1.5,-0.5966161490523697,0.0,5.890850678180989e-12,-0.8034940593871746
9.439999999999822,-1.5,-0.5972240682754804,0.0,5.327579759900346e-12,-0.7803109276696063
9.459999999999829,-1.5,-0.5978340513177592,0.0,4.8181676380335825e-12,-0.7581339187681737
9.479999999999835,-1.5,-0.5984376297145547,0.0,4.357464446225083e-12,-0.7440720266407668
9.499999999999842,-1.5,-0.5990263691001176,0.0,3.940812737654132e-12,-0.7437123917643376
9.519999999999849,-1.5,-0.5995967081211246,0.0,3.5640004009007706e-12,-0.7558447533959478
9.539999999999855,-1.5,-0.6001510081139169,0.0,3.22321807789885e-12,-0.775591405795433
9.559999999999862,-1.5,-0.600696881017685,0.0,2.9150206534960524e-12,-0.7992669998371071
9.579999999999869,-1.5,-0.6012430119339869,0.0,2.6362924273022808e-12,-0.8230342702972213
9.599999999999875,-1.5,-0.6017967559624648,0.0,2.384215615733635e-12,-0.8410332555714204
9.619999999999882,-1.5,-0.6023631860866034,0.0,2.1562418658255787e-12,-0.8484971445408819
9.639999999999889,-1.5,-0.6029442580495871,0.0,1.9500664928361934e-12,-0.8440695650333087
9.659999999999895,-1.5,-0.6035390719536444,0.0,1.7636051811963385e-12,-0.8293733186376737
9.679999999999902,-1.5,-0.6041444581644432,0.0,1.5949729132666232e-12,-0.8078928476977041
9.699999999999909,-1.5,-0.6047552568410823,0.0,1.4424649128829066e-12,-0.7844157641736667
9.719999999999915,-1.5,-0.6053641806568804,0.0,1.3045394110404373e-12,-0.7652440641426931
9.739999999999922,-1.5,-0.6059619706755206,0.0,1.1798020594875145e-12,-0.757673142572675
9.759999999999929,-1.5,-0.6065424728530693,0.0,1.066991834658979e-12,-0.7639270279577516
9.779999999999935,-1.5,-0.6071049617277755,0.0,9.649682894463383e-13,-0.7802472903023822
9.799999999999942,-1.5,-0.6076547822263407,0.0,8.727000239271763e-13,-0.8021556189458827
9.819999999999949,-1.5,-0.6082006582740439,0.0,7.892542584994928e-13,-0.8262717979825448
9.839999999999955,-1.5,-0.6087507071617265,0.0,7.137874040113067e-13,-0.8477047594159703
9.859999999999962,-1.5,-0.6093112920649137,0.0,6.455365335548936e-13,-0.8606053315464829
9.879999999999969,-1.5,-0.6098859594455152,0.0,5.838116697103653e-13,-0.8618513485335398
9.899999999999975,-1.5,-0.6104751575550866,0.0,5.279888092670151e-13,-0.8516959511646226
9.919999999999982,-1.5,-0.611076782497887,0.0,4.775036149063311e-13,-0.8328090275994823
9.939999999999989,-1.5,-0.6116866525634999,0.0,4.3184571007319286e-13,-0.809322807787363
9.959999999999996,-1.5,-0.6122985500635301,0.0,3.9055351935964473e-13,-0.7867567174362549
9.980000000000002,-1.5,-0.6129039743346195,0.0,3.5320960224046674e-13,-0.7722322006958383
10.000000000000009,-1.5,-0.6134944667644178,0.0,3.194364329872678e-13,-0.7713673199080285
10.020000000000016,-1.5,-0.6140664985438743,0.0,2.8889258409843614e-13,-0.7829598925476932
10.040000000000022,-1.5,-0.6146224896481118,0.0,2.612692746615992e-13,-0.8021336852470738
10.060000000000029,-1.5,-0.6151700895864706,0.0,2.3628724875450235e-13,-0.8252089159138933
10.080000000000036,-1.5,-0.6157179921896166,0.0,2.1369395232671836e-13,-0.8483521056333581
10.100000000000042,-1.5,-0.6162735518827622,0.0,1.932609800220701e-13,-0.8657047386726128
10.120000000000049,-1.5,-0.6168418418050506,0.0,1.7478176613059489e-13,-0.8724953820500149
10.140000000000056,-1.5,-0.6174248169553319,0.0,1.58069496326891e-13,-0.8673529180555781
10.160000000000062,-1.5,-0.6180215687380528,0.0,1.429552190837103e-13,-0.8518819547162032
10.180000000000069,-1.5,-0.6186289046240457,0.0,1.2928613766826417e-13,-0.8295567894373765
10.200000000000076,-1.5,-0.6192416275548589,0.0,1.169240654542987e-13,-0.8051741250894222
10.220000000000082,-1.5,-0.6198524019164243,0.0,1.0574402893402396e-13,-0.7850706977578509
10.240000000000089,-1.5,-0.6204519217125464,0.0,9.563300430714366e-14,-0.7765914655911571
10.260000000000096,-1.5,-0.6210340379515212,0.0,8.648877487462052e-14,-0.7819768849244508
10.280000000000102,-1.5,-0.6215980598804737,0.0,7.821889768607865e-14,-0.7974684549147453
10.300000000000109,-1.5,-0.622149368484658,0.0,7.073976899423718e-14,-0.8185760354784491
10.320000000000116,-1.5,-0.6226967004335207,0.0,6.397577906865173e-14,-0.8419127616072751
10.340000000000122,-1.5,-0.6232481784138575,0.0,5.785854782441209e-14,-0.8625759388073658
10.360000000000129,-1.5,-0.623810174603443,0.0,5.2326233538437944e-14,-0.8747014451416645
10.380000000000136,-1.5,-0.6243862463000206,0.0,4.7322907664887805e-14,-0.8751473302563691
10.400000000000142,-1.5,-0.62497684797354,0.0,4.2797989429421294e-14,-0.864146315544061
10.42000000000015,-1.5,-0.6255798710276856,0.0,3.8705734486384906e-14,-0.84435599687058
10.440000000000156,-1.5,-0.6261911152229126,0.0,3.5004772469536626e-14,-0.819913287972543
10.460000000000163,-1.5,-0.6268043307286361,0.0,3.165768876121061e-14,-0.7963653174832329
10.48000000000017,-1.5,-0.6274109738152106,0.0,2.863064625184656e-14,-0.7808832210982908
10.500000000000176,-1.5,-0.6280025623222729,0.0,2.5893043266088045e-14,-0.7791240394651999
10.520000000000183,-1.5,-0.6285755813648394,0.0,2.3417204197277456e-14,-0.7898915907212607
10.54000000000019,-1.5,-0.6291324717317597,0.0,2.1178099722838674e-14,-0.8083006747830989
10.560000000000196,-1.5,-0.6296808878237516,0.0,1.9153093772084226e-14,-0.8306682553305859
10.580000000000203,-1.5,-0.6302295223423969,0.0,1.7321714688435744e-14,-0.853161848736163
10.60000000000021,-1.5,-0.6307857328906042,0.0,1.5665448272638006e-14,-0.8699217721747685
10.620000000000216,-1.5,-0.631354604605319,0.0,1.4167550614751452e-14,-0.8761590328684496
10.640000000000223,-1.5,-0.6319381091251824,0.0,1.2812878822761182e-14,-0.8704750008069758
10.66000000000023,-1.5,-0.6325353519169515,0.0,1.1587737936565124e-14,-0.854449867542534
10.680000000000236,-1.5,-0.6331431471584479,0.0,1.047974247972901e-14,-0.831545841303326
10.700000000000243,-1.5,-0.6337562956077369,0.0,9.477691249375235e-15,-0.8065629212989606
10.72000000000025,-1.5,-0.6343674502620411,0.0,8.571454078402765e-15,-0.7858558002203533
10.740000000000256,-1.5,-0.6349672852083256,0.0,7.751869425268573e-15,-0.7767995982377393
10.760000000000263,-1.5,-0.6355496460453829,0.0,7.010651756021702e-15,-0.7816504131878239
10.78000000000027,-1.5,-0.6361138639042709,0.0,6.3403077822750254e-15,-0.7966334936688413
10.800000000000276,-1.5,-0.6366653310166408,0.0,5.734060708328359e-15,-0.8172521461190573
10.820000000000283,-1.5,-0.6372127840063282,0.0,5.185781721624457e-15,-0.8401207522457451
10.84000000000029,-1.5,-0.6377643416045792,0.0,4.6899280339454575e-15,-0.8603435352745615
10.860000000000296,-1.5,-0.6383263746396679,0.0,4.2414868469815555e-15,-0.8720620378084544
10.880000000000303,-1.5,-0.6389024445953941,0.0,3.8359246757957305e-15,-0.8721301357878869
10.90000000000031,-1.5,-0.6394930146968566,0.0,3.469141517873619e-15,-0.8607696250203218
10.920000000000316,-1.5,-0.6400959862228421,0.0,3.137429404433737e-15,-0.8406282426131038
10.940000000000323,-1.5,-0.6407071660206544,0.0,2.8374349149754206e-15,-0.8158403570736892
10.96000000000033,-1.5,-0.6413203049194364,0.0,2.5661252761079013e-15,-0.7919601577929093
10.980000000000336,-1.5,-0.6419268519219901,0.0,2.320757701939005e-15,-0.7761740528309456
11.000000000000343,-1.5,-0.6425183200472907,0.0,2.0988516660722626e-15,-0.7741475900820814
11.02000000000035,-1.5,-0.6430911963396854,0.0,1.8981638248981196e-15,-0.784678487544253
11.040000000000356,-1.5,-0.6436479257957736,0.0,1.71666533866801e-15,-0.8028685332387865
11.060000000000363,-1.5,-0.6441961629406242,0.0,1.5525213610802667e-15,-0.8250264142764973
11.08000000000037,-1.5,-0.6447445998038989,0.0,1.4040724900292649e-15,-0.8473138687228625
11.100000000000376,-1.5,-0.645300594752868,0.0,1.2698179919954455e-15,-0.8638671040919024
11.120000000000383,-1.5,-0.6458692337319654,0.0,1.1484006304843546e-15,-0.8698989507093251
11.14000000000039,-1.5,-0.646452490005166,0.0,1.03859294513886e-15,-0.8640138706338414
11.160000000000396,-1.5,-0.6470494727318719,0.0,9.392848428141878e-16,-0.8477951280111046
11.180000000000403,-1.5,-0.6476570013157575,0.0,8.494723751686139e-16,-0.8247092099517028
11.20000000000041,-1.5,-0.648269880380703,0.0,7.682475893176487e-16,-0.7995634411993773
11.220000000000416,-1.5,-0.6488807626949776,0.0,6.947893489476068e-16,-0.7787228251175028
11.240000000000423,-1.5,-0.6494803210645198,0.0,6.28355033095253e-16,-0.7695698663390725
11.26000000000043,-1.5,-0.6500624021187372,0.0,5.682730286729109e-16,-0.7743560604602666
11.280000000000436,-1.5,-0.6506263231254925,0.0,5.139359408427451e-16,-0.7893068712908007
11.300000000000443,-1.5,-0.6511774622890224,0.0,4.647944526009641e-16,-0.8099207719442509
11.32000000000045,-1.5,-0.6517245492294853,0.0,4.203517714958414e-16,-0.8328089379719524
11.340000000000456,-1.5,-0.6522757028445821,0.0,3.8015860733903584e-16,-0.8530732641385591
11.360000000000463,-1.5,-0.6528372970479825,0.0,3.438086301377345e-16,-0.8648514590260047
11.38000000000047,-1.5,-0.6534128976644518,0.0,3.1093436232989887e-16,-0.8649939159735837
11.400000000000476,-1.5,-0.6540029734075972,0.0,2.812034637954534e-16,-0.853721570995512
11.420000000000483,-1.5,-0.6546054331836496,0.0,2.5431537208699543e-16,-0.8336833491564839
11.44000000000049,-1.5,-0.6552160940799796,0.0,2.2999826391467314e-16,-0.8090141976884858
11.460000000000496,-1.5,-0.655828718873969,0.0,2.0800630716757476e-16,-0.7852652827201695
11.480000000000503,-1.5,-0.656434769196184,0.0,1.8811717569113e-16,-0.7696150797086774
11.50000000000051,-1.5,-0.6570257604512838,0.0,1.7012980169633997e-16,-0.767726407892805
11.520000000000516,-1.5,-0.6575981754868351,0.0,1.5386234307897238e-16,-0.7783928500899193
11.540000000000523,-1.5,-0.6581544481216028,0.0,1.3915034509947762e-16,-0.7967171784320971
11.56000000000053,-1.5,-0.6587022249797019,0.0,1.258450778392568e-16,-0.8190107292451301
11.580000000000537,-1.5,-0.6592501945273636,0.0,1.1381203262591157e-16,-0.841439917082692
11.600000000000543,-1.5,-0.6598057120874827,0.0,1.0292956222719164e-16,-0.8581481800525936
11.62000000000055,-1.5,-0.6603738611645137,0.0,9.308765106677544e-17,-0.8643532367168807
11.640000000000557,-1.5,-0.660956614789754,0.0,8.418680302946593e-17,-0.8586626964961364
11.660000000000563,-1.5,-0.6615530853834016,0.0,7.61370356121459e-17,-0.8426612695212656
11.68000000000057,-1.5,-0.6621600997099659,0.0,6.885697025193175e-17,-0.8198142021528375
11.700000000000577,-1.5,-0.6627724734003,0.0,6.227300963526157e-17,-0.7949229230582915
11.720000000000583,-1.5,-0.6633828727116811,0.0,5.631859367098112e-17,-0.7743406489944809
11.74000000000059,-1.5,-0.6639819828325523,0.0,5.0933526605739626e-17,-0.7654354356858996
11.760000000000597,-1.5,-0.6645636498084804,0.0,4.606336847921495e-17,-0.7704530039863927
11.780000000000603,-1.5,-0.6651271864720602,0.0,4.165888476712758e-17,-0.7856158571372299
11.80000000000061,-1.5,-0.6656779681079158,0.0,3.767554864824752e-17,-0.8064224937598605
11.820000000000617,-1.5,-0.6662247242330551,0.0,3.407309086359726e-17,-0.8294833674123387
11.840000000000623,-1.5,-0.6667755732256362,0.0,3.0815092617183627e-17,-0.8498994306529031
11.86000000000063,-1.5,-0.6673368857374147,0.0,2.786861740271702e-17,-0.8618127706748642
11.880000000000637,-1.5,-0.6679122219739085,0.0,2.520387803429569e-17,-0.8620838060133518
11.900000000000643,-1.5,-0.6685020455554631,0.0,2.2793935514925166e-17,-0.8509439195052387
11.92000000000065,-1.5,-0.6691042630803042,0.0,2.06144266986049e-17,-0.8310491664305497
11.940000000000657,-1.5,-0.6697146923789872,0.0,1.86433179928012e-17,-0.8065371392525911
11.960000000000663,-1.5,-0.6703270992029181,0.0,1.6860682611378524e-17,-0.7829574492367772
11.98000000000067,-1.5,-0.6709329498504651,0.0,1.5248499126143375e-17,-0.7674831000795662
12.000000000000677,-1.5,-0.6715237674310915,0.0,1.3790469280471485e-17,-0.7657655119689076
12.020000000000683,-1.5,-0.6720960279163816,0.0,1.2471853223217976e-17,-0.7765999635554378
12.04000000000069,-1.5,-0.6726521556027435,0.0,1.1279320497219119e-17,-0.7950918220401301
12.060000000000697,-1.5,-0.6731997929295075,0.0,1.0200815275964367e-17,-0.8175512109459193
12.080000000000704,-1.5,-0.673747629032461,0.0,9.225434486058163e-18,-0.8401413557866694
12.10000000000071,-1.5,-0.6743030211589456,0.0,8.343317583359067e-18,-0.8570010728649841
12.120000000000717,-1.5,-0.674871053219592,0.0,7.545546868495717e-18,-0.8633469957434524
12.140000000000724,-1.5,-0.675453696643585,0.0,6.824057334006342e-18,-0.8577901522609005
12.16000000000073,-1.5,-0.6760500615098507,0.0,6.171555131707706e-18,-0.841920480193702
12.180000000000737,-1.5,-0.6766569732057891,0.0,5.581443836045051e-18,-0.8192069351707668
12.200000000000744,-1.5,-0.6772692480802718,0.0,5.047757757987524e-18,-0.7944510670278844
12.22000000000075,-1.5,-0.6778795558520685,0.0,4.565101635310547e-18,-0.774001996224102
12.240000000000757,-1.5,-0.6784785867121021,0.0,4.128596089568238e-18,-0.7652213497958916
12.260000000000764,-1.5,-0.6790601861409261,0.0,3.733828298356959e-18,-0.7703544200985057
12.28000000000077,-1.5,-0.679623662315002,0.0,3.37680738419466e-18,-0.7856274055060224
12.300000000000777,-1.5,-0.6801743854634094,0.0,3.05392406902302e-18,-0.8065434331533421
12.320000000000784,-1.5,-0.6807210834746633,0.0,2.7619141864623696e-18,-0.8297157234152808
12.34000000000079,-1.5,-0.6812718741144297,0.0,2.497825682949092e-18,-0.8502486551500832
12.360000000000797,-1.5,-0.6818331276410076,0.0,2.2589887741557835e-18,-0.8622851373374609
12.380000000000804,-1.5,-0.6824084043108062,0.0,2.0429889549926024e-18,-0.8626844047024805
12.40000000000081,-1.5,-0.6829981678741385,0.0,1.847642590336279e-18,-0.8516766079931507
12.420000000000817,-1.5,-0.6836003252014823,0.0,1.6709748397229667e-18,-0.8319164017969344
12.440000000000824,-1.5,-0.6842106953572256,0.0,1.511199692836161e-18,-0.8075383960960945
12.46000000000083,-1.5,-0.6848230473811366,0.0,1.366701913959835e-18,-0.7840863297141665
12.480000000000837,-1.5,-0.6854288529960607,0.0,1.2360207128655002e-18,-0.7687249143815555
12.500000000000844,-1.5,-0.6860196355852477,0.0,1.1178349770551626e-18,-0.7671038266150264
12.52000000000085,-1.5,-0.6865918733328968,0.0,1.0109499160665675e-18,-0.7780170803338103
12.540000000000857,-1.5,-0.6871479942060298,0.0,9.14284982822259e-19,-0.7965714807754093
12.560000000000864,-1.5,-0.6876956441211227,0.0,8.268629499141838e-19,-0.819079109652437
12.58000000000087,-1.5,-0.6882435128224156,0.0,7.478000303912908e-19,-0.8417048466060266
12.600000000000877,-1.5,-0.6887989559273591,0.0,6.762969431769227e-19,-0.8585900399244137
12.620000000000884,-1.5,-0.6893670544834936,0.0,6.11630832792457e-19,-0.8649553022248462
12.64000000000089,-1.5,-0.6899497768096212,0.0,5.531479617002054e-19,-0.8594150975244537
12.660000000000897,-1.5,-0.6905462301143602,0.0,5.002571013893224e-19,-0.8435610673131055
12.680000000000904,-1.5,-0.6911532370326031,0.0,4.524235553923653e-19,-0.8208623397667552
12.70000000000091,-1.5,-0.6917656112176678,0.0,4.091637538086081e-19,-0.7961200867082875
12.720000000000917,-1.5,-0.6923760198709263,0.0,3.7004036468782067e-19,-0.7756834101135345
12.740000000000924,-1.5,-0.6929751520230323,0.0,3.34657872853386e-19,-0.7669134053464391
12.76000000000093,-1.5,-0.6935568549589062,0.0,3.0265858146917793e-19,-0.7720534130197039
12.780000000000937,-1.5,-0.6941204370643663,0.0,2.7371899592831644e-19,-0.7873316193639145
12.800000000000944,-1.5,-0.6946712714416347,0.0,2.4754655350697733e-19,-0.808249880173046
12.82000000000095,-1.5,-0.6952180878871805,0.0,2.238766657219182e-19,-0.8314195489750423
12.840000000000957,-1.5,-0.6957690056944759,0.0,2.0247004349164086e-19,-0.8519411955330836
12.860000000000964,-1.5,-0.6963303961328747,0.0,1.8311027806009307e-19,-0.8639551586993391
12.88000000000097,-1.5,-0.6969058191355707,0.0,1.656016532274261e-19,-0.8643208062910361
12.900000000000977,-1.5,-0.6974957367028718,0.0,1.4976716677070812e-19,-0.8532698031696048
12.920000000000984,-1.5,-0.6980980527699133,0.0,1.3544674105228268e-19,-0.8334586740160702
12.94000000000099,-1.5,-0.6987085825580951,0.0,1.2249560472604364e-19,-0.8090242305046248
12.960000000000997,-1.5,-0.6993210907318967,0.0,1.1078282918159764e-19,-0.7855133616857926
12.980000000001004,-1.5,-0.6999270446360515,0.0,1.001900049305992e-19,-0.7700949545709568
13.00000000000101,-1.5,-0.7005179668094693,0.0,9.061004455427765e-20,-0.768420495771727
13.020000000001017,-1.5,-0.7010903352001694,0.0,8.194610011063785e-20,-0.7792864978297541
13.040000000001024,-1.5,-0.7016465771531812,0.0,7.411058405693788e-20,-0.7978013339641473
13.06000000000103,-1.5,-0.7021943376802223,0.0,6.70242837895279e-20,-0.8202777280577165
13.080000000001037,-1.5,-0.7027423064622236,0.0,6.061556084955221e-20,-0.8428810125021623
13.100000000001044,-1.5,-0.7032978400134152,0.0,5.481962669894047e-20,-0.8597519755759403
13.12000000000105,-1.5,-0.7038660214287329,0.0,4.9577887745195834e-20,-0.8661076081968571
13.140000000001058,-1.5,-0.7044488212551885,0.0,4.4837352993553785e-20,-0.8605580521727603
13.160000000001064,-1.5,-0.7050453480467085,0.0,4.0550098338212397e-20,-0.8446916854528688
13.18000000000107,-1.5,-0.7056524247039258,0.0,3.66727820769236e-20,-0.8219757789407987
13.200000000001078,-1.5,-0.7062648646406104,0.0,3.316620675107386e-20,-0.7972105082578794
13.220000000001084,-1.5,-0.7068753348872601,0.0,2.9994922881707195e-20,-0.7767444451134646
13.240000000001091,-1.5,-0.7074745233622541,0.0,2.7126870595487433e-20,-0.7679400171473677
13.260000000001098,-1.5,-0.7080562759589641,0.0,2.4533055517642247e-20,-0.773043802438314
13.280000000001104,-1.5,-0.7086199057875099,0.0,2.21872556553515e-20,-0.7882819982718399
13.300000000001111,-1.5,-0.7091707886965732,0.0,2.006575630833762e-20,-0.8091576230649874
13.320000000001118,-1.5,-0.7097176551881925,0.0,1.8147110326755386e-20,-0.832283687421192
13.340000000001124,-1.5,-0.7102686235826222,0.0,1.641192129272474e-20,-0.8527635004436359
13.360000000001131,-1.5,-0.7108300640515106,0.0,1.484264743359558e-20,-0.8647396284890653
13.380000000001138,-1.5,-0.7114055362316362,0.0,1.342342428461928e-20,-0.8650714646643807
13.400000000001144,-1.5,-0.7119955025122323,0.0,1.2139904308247562e-20,-0.8539890035340352
13.420000000001151,-1.5,-0.7125978672400592,0.0,1.0979111848701255e-20,-0.8341466937192987
13.440000000001158,-1.5,-0.7132084455508767,0.0,9.929311955482192e-21,-0.8096799599541091
13.460000000001164,-1.5,-0.7138210013307429,0.0,8.979891749708713e-21,-0.7861355365568967
13.480000000001171,-1.5,-0.7144270003610756,0.0,8.121253133956011e-21,-0.7706835308020701
13.500000000001178,-1.5,-0.7150179643769071,0.0,7.344715760958894e-21,-0.7689762884746301
13.520000000001184,-1.5,-0.7155903727624929,0.0,6.642429280245876e-21,-0.7798096269500917
13.540000000001191,-1.5,-0.7161466562771102,0.0,6.0072939755680045e-21,-0.7982899708091108
13.560000000001198,-1.5,-0.7166944622445306,0.0,5.432888990812082e-21,-0.820728625854919
13.580000000001204,-1.5,-0.7172424810830862,0.0,4.91340741880312e-21,-0.8432893990841484
13.600000000001211,-1.5,-0.7177980695626247,0.0,4.44359759678082e-21,-0.8601116124308414
13.620000000001218,-1.5,-0.7183663104555271,0.0,4.018710015080775e-21,-0.8664129530978191
13.640000000001224,-1.5,-0.7189491735563086,0.0,3.634449302297415e-21,-0.860804868650347
13.660000000001231,-1.5,-0.7195457664624565,0.0,3.286930801526038e-21,-0.844876876765636
13.680000000001238,-1.5,-0.7201529107623174,0.0,2.9726412986944713e-21,-0.8220975041096598
13.700000000001245,-1.5,-0.7207654177955951,0.0,2.6884035059701732e-21,-0.7972691881092797
13.720000000001251,-1.5,-0.7213759515377954,0.0,2.4313439411902505e-21,-0.7767442372245079
13.740000000001258,-1.5,-0.7219751973771426,0.0,2.198863878593724e-21,-0.767888461081977
13.760000000001265,-1.5,-0.7225570020541452,0.0,1.9886130771845003e-21,-0.7729479585697541
13.780000000001271,-1.5,-0.7231206767561206,0.0,1.7984660211337623e-21,-0.7881503330096039
13.800000000001278,-1.5,-0.7236715959589962,0.0,1.6265004320257803e-21,-0.8089975560252793
13.820000000001285,-1.5,-0.7242184894353382,0.0,1.4709778357181921e-21,-0.8321017274431605
13.840000000001291,-1.5,-0.7247694760818546,0.0,1.3303259873587787e-21,-0.8525648537963948
13.860000000001298,-1.5,-0.725330927508723,0.0,1.203122976885669e-21,-0.8645272450960438
13.880000000001305,-1.5,-0.725906405031793,0.0,1.0880828543266311e-21,-0.8648458677826744
13.900000000001311,-1.5,-0.7264963723813921,0.0,9.840426295774214e-22,-0.8537491351697651
13.920000000001318,-1.5,-0.7270987347694198,0.0,8.899505152343487e-22,-0.8338909796799645
13.940000000001325,-1.5,-0.7277093078924097,0.0,8.04855293622795e-22,-0.8094070150204057
13.960000000001331,-1.5,-0.7283218560509277,0.0,7.2789670052840395e-22,-0.7858444044792334
13.980000000001338,-1.5,-0.7289278453762581,0.0,6.582967284159403e-22,-0.770373686386745
14.000000000001345,-1.5,-0.7295187964209855,0.0,5.953517612163155e-22,-0.7686492137712593
14.020000000001351,-1.5,-0.7300911890645155,0.0,5.3842546116895765e-22,-0.7794664880100872
14.040000000001358,-1.5,-0.7306474537147136,0.0,4.869423358095544e-22,-0.7979322311258011
14.060000000001365,-1.5,-0.7311952368961687,0.0,4.403819200690788e-22,-0.8203587519873048
14.080000000001371,-1.5,-0.7317432282765339,0.0,3.9827351466843494e-22,-0.8429115017035043
14.100000000001378,-1.5,-0.7322987839363301,0.0,3.601914276168887e-22,-0.8597318837936245
14.120000000001385,-1.5,-0.7328669866396154,0.0,3.257506707085454e-22,-0.8660377105615928
14.140000000001391,-1.5,-0.7334498069720574,0.0,2.94603067510904e-22,-0.8604391916774253
14.160000000001398,-1.5,-0.7340463538156954,0.0,2.6643373349947026e-22,-0.8445242287100014
14.180000000001405,-1.5,-0.7346534502768367,0.0,2.4095789275459367e-22,-0.8217598841704715
14.200000000001411,-1.5,-0.7352659093457373,0.0,2.1791799903914844e-22,-0.7969471674435967
14.220000000001418,-1.5,-0.7358763966462487,0.0,1.9708113215279176e-22,-0.7764368025213946
14.240000000001425,-1.5,-0.7364755985115055,0.0,1.7823664324142626e-22,-0.7675935134115299
14.260000000001432,-1.5,-0.7370573613207461,0.0,1.6119402525728508e-22,-0.7726633664210854
14.280000000001438,-1.5,-0.7376209977997263,0.0,1.4578098704120512e-22,-0.7878722434767196
14.300000000001445,-1.5,-0.7381718838114647,0.0,1.3184171155715672e-22,-0.8087216111139726
14.320000000001452,-1.5,-0.7387187497233267,0.0,1.192352806707737e-22,-0.8318233836116485
14.340000000001458,-1.5,-0.7392697142179286,0.0,1.0783425054729155e-22,-0.8522794690660662
14.360000000001465,-1.5,-0.7398311480887784,0.0,9.752336326697884e-23,-0.864231402465082
14.380000000001472,-1.5,-0.7404066115149966,0.0,8.819838163322775e-23,-0.8645381887819827
14.400000000001478,-1.5,-0.7409965673150805,0.0,7.976503539387694e-23,-0.8534298950725302
14.420000000001485,-1.5,-0.7415989202134928,0.0,7.213806822266516e-23,-0.833561425539328
14.440000000001492,-1.5,-0.7422094855963526,0.0,6.524037582634059e-23,-0.8090690695415054
14.460000000001498,-1.5,-0.7428220272473364,0.0,5.900222646418014e-23,-0.7855008572293923
14.480000000001505,-1.5,-0.7434280104614431,0.0,5.336055599981463e-23,-0.77002840256192
14.500000000001512,-1.5,-0.744018956838992,0.0,4.825833035873587e-23,-0.7683046704143839
14.520000000001518,-1.5,-0.7445913450698363,0.0,4.364396894629394e-23,-0.7791256013180804
14.540000000001525,-1.5,-0.7451476042431476,0.0,3.947082319726913e-23,-0.7975975966255974
14.560000000001532,-1.5,-0.7456953801986109,0.0,3.5696704985451904e-23,-0.8200319837055235
14.580000000001538,-1.5,-0.7462433628475199,0.0,3.2283460125720126e-23,-0.8425928842678632
14.600000000001545,-1.5,-0.7467989090329811,0.0,2.919658265696277e-23,-0.8594199255563011
14.620000000001552,-1.5,-0.7473671021008836,0.0,2.6404866006470063e-23,-0.8657300562902719
14.640000000001558,-1.5,-0.7479499127722834,0.0,2.388008750926084e-23,-0.8601336892760757
14.660000000001565,-1.5,-0.748546449777886,0.0,2.1596723093017156e-23,-0.8442195635512559
14.680000000001572,-1.5,-0.7491535360566706,0.0,1.9531689244253415e-23,-0.8214556841612266
14.700000000001578,-1.5,-0.7497659845317474,0.0,1.7664109647145054e-23,-0.7966438155858
14.720000000001585,-1.5,-0.7503764609163626,0.0,1.5975104135868084e-23,-0.776135103740469
14.740000000001592,-1.5,-0.7509756517903128,0.0,1.4447597826878115e-23,-0.7672943472443845
14.760000000001599,-1.5,-0.7515574033087651,0.0,1.3066148501564726e-23,-0.7723678952042309
14.780000000001605,-1.5,-0.7521210269583338,0.0,1.1816790494218287e-23,-0.7875822887802595
14.800000000001612,-1.5,-0.7526718968942958,0.0,1.0686893507105451e-23,-0.8084397817898433
14.820000000001619,-1.5,-0.7532187426594529,0.0,9.665034925354147e-24,-0.8315529138514552
14.840000000001625,-1.5,-0.7537696826867866,0.0,8.74088434082435e-24,-0.8520246122517309
14.860000000001632,-1.5,-0.7543310879177392,0.0,7.90509911756669e-24,-0.8639964145093056
14.880000000001639,-1.5,-0.7549065191132143,0.0,7.149229943095234e-24,-0.8643263212108427
14.900000000001645,-1.5,-0.7554964398681525,0.0,6.465635410651546e-24,-0.8532433220831909
14.920000000001652,-1.5,-0.7560987557686408,0.0,5.847404768935448e-24,-0.8334014665681732
14.940000000001659,-1.5,-0.7567092832738491,0.0,5.288288058346219e-24,-0.8089361042461255
14.960000000001665,-1.5,-0.7573217876227926,0.0,4.7826329274514364e-24,-0.7853937770735311
14.980000000001672,-1.5,-0.7579277358899319,0.0,4.3253274909339625e-24,-0.7699440666530385
15.000000000001679,-1.5,-0.7585186494576888,0.0,3.911748651343483e-24,-0.7682399838376269
15.020000000001685,-1.5,-0.7590910076900121,0.0,3.537715362214912e-24,-0.7790766635025553
15.040000000001692,-1.5,-0.7596472405188368,0.0,3.1994463600704475e-24,-0.7975604825704695
15.060000000001699,-1.5,-0.7601949944419444,0.0,2.893521937999878e-24,-0.8200032521919397
15.080000000001705,-1.5,-0.7607429592935296,0.0,2.6168493743718265e-24,-0.8425697530357038
15.100000000001712,-1.5,-0.7612984912597099,0.0,2.3666316671798844e-24,-0.859400749524523
15.120000000001719,-1.5,-0.7618666727887754,0.0,2.1403392579456905e-24,-0.8657146224779473
15.140000000001725,-1.5,-0.7624494738579796,0.0,1.9356844593237285e-24,-0.8601228430959877
15.160000000001732,-1.5,-0.7630460027986117,0.0,1.7505983278854892e-24,-0.844214581500079
15.180000000001739,-1.5,-0.7636530824168128,0.0,1.5832097482800223e-24,-0.8214578043830083
15.200000000001745,-1.5,-0.7642655256037932,0.0,1.4318265173236538e-24,-0.7966540517886351
15.220000000001752,-1.5,-0.7648759980082727,0.0,1.2949182367897959e-24,-0.7761542567894016
15.240000000001759,-1.5,-0.7654751863615746,0.0,1.171100841954698e-24,-0.7673227236157569
15.260000000001765,-1.5,-0.7660569373197095,0.0,1.059122609491548e-24,-0.7724048442878999
15.280000000001772,-1.5,-0.7666205619586053,0.0,9.57851503260706e-25,-0.7876273987460406
15.300000000001779,-1.5,-0.7671714348320102,0.0,8.6626373006922e-25,-0.8084919908619363
15.320000000001786,-1.5,-0.7677182858523912,0.0,7.834333897048682e-25,-0.8316104242675647
15.340000000001792,-1.5,-0.7682692338642094,0.0,7.0852311461247e-25,-0.8520843555928557
15.360000000001799,-1.5,-0.768830650004098,0.0,6.407756045849265e-25,-0.8640547330110807
15.380000000001806,-1.5,-0.769406094757169,0.0,5.79505970889537e-25,-0.8643800924771557
15.400000000001812,-1.5,-0.7699960311168689,0.0,5.240948124330715e-25,-0.8532904309111959
15.420000000001819,-1.5,-0.7705983639583596,0.0,4.739819539695715e-25,-0.8334407818210982
15.440000000001826,-1.5,-0.7712089089933581,0.0,4.286607830477287e-25,-0.8089673609006071
15.460000000001832,-1.5,-0.7718214306665848,0.0,3.8767312844760394e-25,-0.7854176029954054
15.480000000001839,-1.5,-0.7724273952921059,0.0,3.5060462833059885e-25,-0.7699619907621532
15.500000000001846,-1.5,-0.7730183245093624,0.0,3.1708054127731767e-25,-0.7682533784929165
15.520000000001852,-1.5,-0.7735906970356843,0.0,2.867619578652954e-25,-0.7790875976111562
15.540000000001859,-1.5,-0.7741469416515934,0.0,2.5934237448780315e-25,-0.7975715671318595
15.560000000001866,-1.5,-0.7746947040235919,0.0,2.345445947769899e-25,-0.8200172078886552
15.580000000001872,-1.5,-0.7752426738811108,0.0,2.1211792730651333e-25,-0.8425893189613678
15.600000000001879,-1.5,-0.7757982077315444,0.0,1.9183565124403127e-25,-0.8594283718994062
15.620000000001886,-1.5,-0.7763663886335616,0.0,1.7349272433274235e-25,-0.8657517041985925
15.640000000001892,-1.5,-0.7769491871848379,0.0,1.5690371003097603e-25,-0.8601697740001931
15.660000000001899,-1.5,-0.7775457121493173,0.0,1.4190090285439389e-25,-0.8442711390529616
15.680000000001906,-1.5,-0.7781527866411362,0.0,1.2833263296907953e-25,-0.8215234282814045
15.700000000001912,-1.5,-0.7787652239416745,0.0,1.1606173289591946e-25,-0.7967277642635437
15.720000000001919,-1.5,-0.779375690325038,0.0,1.0496415082552925e-25,-0.7762343723794459
15.740000000001926,-1.5,-0.779974872897599,0.0,9.492769652512925e-26,-0.7674071649590545
15.760000000001932,-1.5,-0.7805566178250583,0.0,8.585090715920248e-26,-0.7724922904433563
15.78000000000194,-1.5,-0.7811202370673257,0.0,7.764202155802776e-26,-0.7877160376511897
15.800000000001946,-1.5,-0.7816711054515743,0.0,7.021805256452746e-26,-0.8085806275102944
15.820000000001953,-1.5,-0.7822179529173694,0.0,6.350394808138464e-26,-0.8316985117581632
15.84000000000196,-1.5,-0.7827688979402639,0.0,5.743183233709405e-26,-0.8521723894185286
15.860000000001966,-1.5,-0.7833303112066269,0.0,5.194031970057887e-26,-0.8641440767541022
15.880000000001973,-1.5,-0.7839057529739076,0.0,4.69738941074302e-26,-0.8644723350053782
15.90000000000198,-1.5,-0.7844956862652966,0.0,4.2482347824121576e-26,-0.8533868867352257
15.920000000001986,-1.5,-0.7850980161236653,0.0,3.842027387642484e-26,-0.8335422632682667
15.940000000001993,-1.5,-0.7857085584687016,0.0,3.474660701076767e-26,-0.8090741352215935
15.960000000002,-1.5,-0.7863210779635261,0.0,3.142420854791353e-26,-0.785529409513928
15.980000000002006,-1.5,-0.7869270410954357,0.0,2.841949093207145e-26,-0.7700781282729319
16.00000000000201,-1.5,-0.7875179695544019,0.0,2.5702078179840674e-26,-0.7683728865515693
16.020000000002,-1.5,-0.7880903423797967,0.0,2.324449879632283e-26,-0.7792092145785424
16.04000000000199,-1.5,-0.7886465892292458,0.0,2.1021908053958102e-26,-0.7976936008825976
16.060000000001978,-1.5,-0.7891943565016056,0.0,1.901183682648292e-26,-0.8201376325249813
16.080000000001966,-1.5,-0.789742334181423,0.0,1.7193964438863427e-26,-0.8427056787974978
16.100000000001955,-1.5,-0.7902978787772033,0.0,1.55499132368469e-26,-0.8595378420254486
16.120000000001944,-1.5,-0.7908660730377222,0.0,1.4063062799346474e-26,-0.8658519702897862
16.140000000001933,-1.5,-0.7914488870561849,0.0,1.2718381915452092e-26,-0.8602593227552449
16.160000000001922,-1.5,-0.7920454290614608,0.0,1.1502276627451018e-26,-0.8443491305827208
16.18000000000191,-1.5,-0.792652521610469,0.0,1.0402452803659425e-26,-0.8215895473044716
16.2000000000019,-1.5,-0.7932649773034188,0.0,9.407791851754668e-27,-0.7967823268992611
16.22000000000189,-1.5,-0.7938754615541808,0.0,8.508238316140808e-27,-0.7762786066930065
16.240000000001878,-1.5,-0.7944746609050769,0.0,7.69469822302084e-27,-0.7674429509525946
16.260000000001867,-1.5,-0.7950564218856876,0.0,6.958947145502149e-27,-0.7725211394192184
16.280000000001856,-1.5,-0.7956200556388808,0.0,6.293547059325829e-27,-0.7877401312212784
16.300000000001845,-1.5,-0.7961709365319839,0.0,5.6917711486786526e-27,-0.8086018839962931
16.320000000001833,-1.5,-0.796717794340182,0.0,5.147535801917247e-27,-0.8317185181589217
16.340000000001822,-1.5,-0.7972687477986045,0.0,4.6553391097200314e-27,-0.8521921668021502
16.36000000000181,-1.5,-0.7978301680687165,0.0,4.210205243918243e-27,-0.8641638342000626
16.3800000000018,-1.5,-0.7984056158573226,0.0,3.807634154707731e-27,-0.8644915967014986
16.40000000000179,-1.5,-0.7989955544431961,0.0,3.4435560777089724e-27,-0.8534048587504899
16.420000000001778,-1.5,-0.7995978889333126,0.0,3.114290390967621e-27,-0.833558151931083
16.440000000001767,-1.5,-0.8002084352246897,0.0,2.8165084059632777e-27,-0.8090872854699233
16.460000000001756,-1.5,-0.800820957973476,0.0,2.547199716464809e-27,-0.7855392935943695
16.480000000001745,-1.5,-0.8014269237330673,0.0,2.3036417650382825e-27,-0.7700842824433004
16.500000000001734,-1.5,-0.8020178538631577,0.0,2.0833723195422666e-27,-0.7683754097405093
16.520000000001723,-1.5,-0.8025902275346029,0.0,1.884164581363541e-27,-0.7792082482397439
16.54000000000171,-1.5,-0.8031464742546318,0.0,1.7040046737516546e-27,-0.7976895674186792
16.5600000000017,-1.5,-0.8036942401699201,0.0,1.541071282672222e-27,-0.8201313704771052
16.58000000000169,-1.5,-0.8042422150484904,0.0,1.393717244359584e-27,-0.842698601223342
16.60000000000168,-1.5,-0.804797755205593,0.0,1.2604528934294734e-27,-0.859532021908397
16.620000000001667,-1.5,-0.8053659434308693,0.0,1.1399310032105987e-27,-0.8658494025395187
16.640000000001656,-1.5,-0.8059487500936823,0.0,1.0309331660504696e-27,-0.8602614779532998
16.660000000001645,-1.5,-0.8065452837981404,0.0,9.323574759081203e-28,-0.8443568674100279
16.680000000001634,-1.5,-0.8071523674963105,0.0,8.432073887117572e-28,-0.8216031831769376
16.700000000001623,-1.5,-0.8077648142213487,0.0,7.625816478658946e-28,-0.7968016422773507
16.720000000001612,-1.5,-0.808375289864866,0.0,6.896651730605912e-28,-0.7763027841705818
16.7400000000016,-1.5,-0.8089744812238788,0.0,6.237208202738437e-28,-0.7674708120504115
16.76000000000159,-1.5,-0.8095562346735555,0.0,5.640819296654524e-28,-0.772551637992013
16.78000000000158,-1.5,-0.8101198621132969,0.0,5.1014558602581245e-28,-0.7877716497560423
16.800000000001567,-1.5,-0.8106707385727039,0.0,4.613665236466068e-28,-0.8086327349215056
16.820000000001556,-1.5,-0.8112175941091935,0.0,4.172516139951171e-28,-0.8317470355411276
16.840000000001545,-1.5,-0.8117685473681493,0.0,3.773548804656767e-28,-0.8522167487348337
16.860000000001534,-1.5,-0.8123299692042724,0.0,3.4127298981024803e-28,-0.864183344082004
16.880000000001523,-1.5,-0.8129054199281393,0.0,3.0864117466905066e-28,-0.8645055454683264
16.900000000001512,-1.5,-0.8134953624928214,0.0,2.7912954598035094e-28,-0.8534132148381877
16.9200000000015,-1.5,-0.8140977017793922,0.0,2.5243975798997525e-28,-0.8335611046960055
16.94000000000149,-1.5,-0.8147082534644963,0.0,2.2830199214569425e-28,-0.8090851865901358
16.96000000000148,-1.5,-0.8153207818796306,0.0,2.0647222938536675e-28,-0.7855327957017225
16.980000000001468,-1.5,-0.8159267531257511,0.0,1.8672978324323184e-28,-0.7700745015079874
17.000000000001457,-1.5,-0.816517688821189,0.0,1.6887506883545832e-28,-0.7683631110608946
17.020000000001446,-1.5,-0.8170900678695341,0.0,1.5272758517066649e-28,-0.7791943610408542
17.040000000001434,-1.5,-0.81764631960659,0.0,1.3812409038773127e-28,-0.7976748595960236
17.060000000001423,-1.5,-0.8181940901263826,0.0,1.249169514735601e-28,-0.820116246300494
17.080000000001412,-1.5,-0.8187420693300916,0.0,1.1297265177743237e-28,-0.8426829718869513
17.1000000000014,-1.5,-0.8192976138050012,0.0,1.021704412337214e-28,-0.8595151424200208
17.12000000000139,-1.5,-0.8198658065393992,0.0,9.240111564751807e-29,-0.8658302239560759
17.14000000000138,-1.5,-0.8204486179319356,0.0,8.356591270243091e-29,-0.8602390007359431
17.160000000001368,-1.5,-0.8210451564832737,0.0,7.557551352982907e-29,-0.8443303484678882
17.180000000001357,-1.5,-0.8216522449781958,0.0,6.83491397459628e-29,-0.8215722055401549
17.200000000001346,-1.5,-0.8222646962478828,0.0,6.18137368285206e-29,-0.79676614374054
17.220000000001335,-1.5,-0.8228751759718507,0.0,5.590323557702561e-29,-0.7762630684180265
17.240000000001324,-1.5,-0.8234743708058047,0.0,5.055788419085646e-29,-0.7674274700223263
17.260000000001313,-1.5,-0.8240561270845905,0.0,4.5723644212581594e-29,-0.7725054051357713
17.2800000000013,-1.5,-0.8246197563439059,0.0,4.1351644229938856e-29,-0.7877235251071477
17.30000000000129,-1.5,-0.8251706331021177,0.0,3.739768581369797e-29,-0.8085839246544715
17.32000000000128,-1.5,-0.8257174871512156,0.0,3.3821796696719493e-29,-0.8316989189581087
17.340000000001268,-1.5,-0.8262684370813232,0.0,3.05878266771051e-29,-0.852170990855339
17.360000000001257,-1.5,-0.826829853866273,0.0,2.7663082160249974e-29,-0.8641415032461597
17.380000000001246,-1.5,-0.8274052981014675,0.0,2.5017995645225913e-29,-0.8644686976881757
17.400000000001235,-1.5,-0.8279952330699306,0.0,2.2625826814190644e-29,-0.8533819467891829
17.420000000001224,-1.5,-0.8285975639640473,0.0,2.0462392203007583e-29,-0.8335356470783949
17.440000000001213,-1.5,-0.8292081067911423,0.0,1.8505820720199978e-29,-0.809065461266056
17.4600000000012,-1.5,-0.8298206262965206,0.0,1.6736332542675384e-29,-0.785518308917416
17.48000000000119,-1.5,-0.8304265890684862,0.0,1.5136039152982147e-29,-0.7700642284298426
17.50000000000118,-1.5,-0.8310175165381954,0.0,1.3688762496588503e-29,-0.7683562277917846
17.52000000000117,-1.5,-0.8315898879048245,0.0,1.2379871430967412e-29,-0.7791897718152515
17.540000000001157,-1.5,-0.832146132859628,0.0,1.1196133813080526e-29,-0.7976714346073845
17.560000000001146,-1.5,-0.8326938977219007,0.0,1.0125582729950004e-29,-0.820113038409276
17.580000000001135,-1.5,-0.8332418723422655,0.0,9.1573955199855e-30,-0.8426793096725057
17.600000000001124,-1.5,-0.8337974130708184,0.0,8.281784362040817e-30,-0.8595108023065577
17.620000000001113,-1.5,-0.8343656026216347,0.0,7.489897326117943e-30,-0.8658254290201619
17.640000000001102,-1.5,-0.8349484112095884,0.0,6.77372888539744e-30,-0.8602342213775915
17.66000000000109,-1.5,-0.835544947277029,0.0,6.126038984922814e-30,-0.844326083193784
17.68000000000108,-1.5,-0.8361520336259026,0.0,5.540279848769325e-30,-0.8215688618059258
17.70000000000107,-1.5,-0.8367644831136591,0.0,5.0105297857594686e-30,-0.7967640254217738
17.720000000001058,-1.5,-0.8373749614031997,0.0,4.5314333245385685e-30,-0.7762624249035238
17.740000000001046,-1.5,-0.8379741551620671,0.0,4.0981470728102355e-30,-0.7674284506046872
17.760000000001035,-1.5,-0.8385559108729607,0.0,3.7062907533993794e-30,-0.7725078742135518
17.780000000001024,-1.5,-0.839119540037439,0.0,3.3519029221452754e-30,-0.7877273315137568
17.800000000001013,-1.5,-0.8396704173834976,0.0,3.0314009199578188e-30,-0.808588653864464
17.820000000001002,-1.5,-0.84021727284613,0.0,2.741544654175051e-30,-0.8317038975475924
17.84000000000099,-1.5,-0.8407682251405767,0.0,2.479403843072128e-30,-0.8521751208193257
17.86000000000098,-1.5,-0.8413296452835869,0.0,2.2423283923823754e-30,-0.8641435306708125
17.88000000000097,-1.5,-0.8419050937589797,0.0,2.0279216043539293e-30,-0.8644675949852103
17.900000000000958,-1.5,-0.8424950336456992,0.0,1.83401594850079e-30,-0.8533770457945191
17.920000000000947,-1.5,-0.8430973699092928,0.0,1.6586511491043853e-30,-0.8335266169818508
17.940000000000936,-1.5,-0.8437079183136426,0.0,1.5000543679427623e-30,-0.8090522835654654
17.960000000000925,-1.5,-0.8443204433180024,0.0,1.3566222819060962e-30,-0.7855013226537811
17.980000000000913,-1.5,-0.8449264112020533,0.0,1.2269048743134145e-30,-0.7700441644185384
18.000000000000902,-1.5,-0.8455173434991243,0.0,1.1095907760699822e-30,-0.7683337529235162
18.02000000000089,-1.5,-0.8460897191564188,0.0,1.0034940084728005e-30,-0.7791657868195089
18.04000000000088,-1.5,-0.8466459674391574,0.0,9.075419936415341e-31,-0.7976469783545137
18.06000000000087,-1.5,-0.8471937343564734,0.0,8.207647113671579e-31,-0.8200891353896144
18.080000000000858,-1.5,-0.8477417097256223,0.0,7.422848927602328e-31,-0.8426569377450647
18.100000000000847,-1.5,-0.8482972500307533,0.0,6.7130915156218714e-31,-0.8594907783486301
18.120000000000836,-1.5,-0.8488654382165616,0.0,6.0711996346221095e-31,-0.865808189836967
18.140000000000825,-1.5,-0.8494482447235528,0.0,5.49068412335224e-31,-0.8602198662240538
18.160000000000814,-1.5,-0.8500447781542506,0.0,4.965676300695197e-31,-0.8443145300324335
18.180000000000803,-1.5,-0.8506518614329043,0.0,4.490868636644766e-31,-0.8215599492961403
18.20000000000079,-1.5,-0.8512643075670757,0.0,4.061461096200754e-31,-0.7967574889509679
18.22000000000078,-1.5,-0.8518747824432263,0.0,3.673112613749572e-31,-0.7762577947086675
18.24000000000077,-1.5,-0.8524739728653068,0.0,3.3218972073638516e-31,-0.7674251426459854
18.26000000000076,-1.5,-0.853055725141847,0.0,3.004264289361673e-31,-0.7725055596448773
18.280000000000747,-1.5,-0.8536193510039183,0.0,2.7170027718877615e-31,-0.7877255271572757
18.300000000000736,-1.5,-0.8541702251833083,0.0,2.4572086046445267e-31,-0.808587096921878
18.320000000000725,-1.5,-0.8547170775797702,0.0,2.222255416597906e-31,-0.8317025573634849
18.340000000000714,-1.5,-0.8552680267735113,0.0,2.00976796486237e-31,-0.8521743498167301
18.360000000000703,-1.5,-0.8558294436371927,0.0,1.8175981223484518e-31,-0.8641439730648539
18.380000000000692,-1.5,-0.8564048886032597,0.0,1.6438031614215999e-31,-0.8644699382895583
18.40000000000068,-1.5,-0.8569948247982616,0.0,1.4866261140324991e-31,-0.8533818530971616
18.42000000000067,-1.5,-0.8575971572935905,0.0,1.3444780097709872e-31,-0.8335342591151702
18.44000000000066,-1.5,-0.8582077019880416,0.0,1.215921812280393e-31,-0.8090629187267705
18.460000000000647,-1.5,-0.8588202234957144,0.0,1.0996578916386082e-31,-0.7855148750090514
18.480000000000636,-1.5,-0.8594261882465646,0.0,9.94510885839932e-32,-0.7700603231299208
18.500000000000625,-1.5,-0.8600171177957093,0.0,8.994178185547619e-32,-0.7683521059133542
18.520000000000614,-1.5,-0.8605894912050058,0.0,8.13417353044448e-32,-0.7791857823895881
18.540000000000603,-1.5,-0.8611457380288517,0.0,7.356400735945073e-32,-0.7976679177085219
18.560000000000592,-1.5,-0.8616935045223423,0.0,6.652996962170303e-32,-0.8201102242807297
18.58000000000058,-1.5,-0.8622414805783055,0.0,6.016851197674852e-32,-0.8426772637225823
18.60000000000057,-1.5,-0.8627970226545049,0.0,5.441532371172392e-32,-0.8595093525577495
18.62000000000056,-1.5,-0.863365213555847,0.0,4.921224337068468e-32,-0.8658242552846919
18.640000000000548,-1.5,-0.8639480235258664,0.0,4.45066707754181e-32,-0.8602329848581882
18.660000000000537,-1.5,-0.8645445609797986,0.0,4.025103526760634e-32,-0.8443245165584359
18.680000000000526,-1.5,-0.8651516486676345,0.0,3.6402314796570393e-32,-0.8215667976178287
18.700000000000514,-1.5,-0.86576409939459,0.0,3.292160099084604e-32,-0.7967613882943477
18.720000000000503,-1.5,-0.8663745787902837,0.0,2.977370581671325e-32,-0.7762592073729312
18.740000000000492,-1.5,-0.8669737735077301,0.0,2.692680584722085e-32,-0.7674246963576784
18.76000000000048,-1.5,-0.8675555299935002,0.0,2.4352120545468803e-32,-0.7725037091758518
18.78000000000047,-1.5,-0.8681191596666291,0.0,2.2023621309775616e-32,-0.7877229588701585
18.80000000000046,-1.5,-0.8686700370977356,0.0,1.9917768339343e-32,-0.80858438936339
18.820000000000448,-1.5,-0.8692168921380883,0.0,1.8013272660279695e-32,-0.831700152314229
18.840000000000437,-1.5,-0.8697678434675152,0.0,1.629088090620312e-32,-0.852172455738289
18.860000000000426,-1.5,-0.8703292621189209,0.0,1.473318067767329e-32,-0.8641425139321139
18.880000000000415,-1.5,-0.8709047086559655,0.0,1.3324424512753797e-32,-0.8644686456577875
18.900000000000404,-1.5,-0.8714946462619078,0.0,1.2050370689142456e-32,-0.8533804079964367
18.920000000000393,-1.5,-0.8720969800043132,0.0,1.089813924847193e-32,-0.8335323916509155
18.94000000000038,-1.5,-0.872707525757218,0.0,9.856081787267938e-33,-0.8090604380597137
18.96000000000037,-1.5,-0.8733200481221562,0.0,8.913663698225864e-33,-0.785511651450221
18.98000000000036,-1.5,-0.8739260135491074,0.0,8.061357671332161e-33,-0.7700562526586758
19.000000000000348,-1.5,-0.874516943510074,0.0,7.290547378187525e-33,-0.7683472388414069
19.020000000000337,-1.5,-0.8750893170737963,0.0,6.593440365835233e-33,-0.7791802074424696
19.040000000000326,-1.5,-0.8756455636815588,0.0,5.962989279500879e-33,-0.7976618450034101
19.060000000000315,-1.5,-0.8761933294657239,0.0,5.3928206178502603e-33,-0.8201040087486982
19.080000000000304,-1.5,-0.8767413042430718,0.0,4.877170300521682e-33,-0.842671451418714
19.100000000000293,-1.5,-0.8772968444181337,0.0,4.410825396557113e-33,-0.8595046978698476
19.12000000000028,-1.5,-0.8778650328266252,0.0,3.9890714246398546e-33,-0.8658214554429966
19.14000000000027,-1.5,-0.8784478398186873,0.0,3.6076446923741193e-33,-0.8602325395082683
19.16000000000026,-1.5,-0.879044373943499,0.0,3.2626891927838064e-33,-0.8443267131744596
19.18000000000025,-1.5,-0.8796514580919039,0.0,2.9507176222786204e-33,-0.821571737968753
19.200000000000237,-1.5,-0.8802639052322676,0.0,2.6685761260013846e-33,-0.7967689758797724
19.220000000000226,-1.5,-0.8808743811882777,0.0,2.4134124141520895e-33,-0.7762691047201199
19.240000000000215,-1.5,-0.8814735727279664,0.0,2.182646926962875e-33,-0.7674364082155366
19.260000000000204,-1.5,-0.8820553262296987,0.0,1.973946756818276e-33,-0.7725168044762166
19.280000000000193,-1.5,-0.8826189533848386,0.0,1.785202063888212e-33,-0.7877368066814749
19.300000000000182,-1.5,-0.883169828986765,0.0,1.614504746849221e-33,-0.8085983653208716
19.32000000000017,-1.5,-0.883716682981266,0.0,1.460129153067063e-33,-0.8317136651963546
19.34000000000016,-1.5,-0.8842676340055344,0.0,1.3205146332316386e-33,-0.8521849742733064
19.36000000000015,-1.5,-0.8848290529724353,0.0,1.19424976408152e-33,-0.8641536942170076
19.380000000000138,-1.5,-0.8854045003012548,0.0,1.0800580797188203e-33,-0.8644783721351692
19.400000000000126,-1.5,-0.8859944390621356,0.0,9.767851672661316e-34,-0.8533887141740639
19.420000000000115,-1.5,-0.8865967742481603,0.0,8.833869964099662e-34,-0.8335393709894665
19.440000000000104,-1.5,-0.8872073216647924,0.0,7.989193648490404e-34,-0.8090662172330574
19.460000000000093,-1.5,-0.8878198458154597,0.0,7.225283529468911e-34,-0.7855164299630656
19.480000000000082,-1.5,-0.8884258130132408,0.0,6.5344169109080315e-34,-0.7700603541891295
19.50000000000007,-1.5,-0.8890167448224406,0.0,5.909609524859627e-34,-0.7683508525179698
19.52000000000006,-1.5,-0.8895891202340609,0.0,5.344544924584345e-34,-0.7791835683341526
19.54000000000005,-1.5,-0.8901453686644497,0.0,4.833510628873365e-34,-0.7976651256890982
19.560000000000038,-1.5,-0.8906931362580425,0.0,4.371340372117604e-34,-0.8201072526133014
19.580000000000027,-1.5,-0.8912411128868711,0.0,3.953361876305479e-34,-0.8426745238237303
19.600000000000016,-1.5,-0.8917966550454683,0.0,3.57534961695385e-34,-0.8595072333329268
19.620000000000005,-1.5,-0.8923648456219881,0.0,3.2334821054626563e-34,-0.865823007729386
19.639999999999993,-1.5,-0.8929476549539386,0.0,2.9243032560421553e-34,-0.8602327107619409
19.659999999999982,-1.5,-0.8935441915312161,0.0,2.6446874466544073e-34,-0.8443252175213075
19.67999999999997,-1.5,-0.8941512781625816,0.0,2.3918079207550496e-34,-0.8215684173116541
19.69999999999996,-1.5,-0.8947637277189966,0.0,2.1631082103949458e-34,-0.7967638111334246
19.71999999999995,-1.5,-0.8953742059191301,0.0,1.9562762917855626e-34,-0.7762622283661224
19.739999999999938,-1.5,-0.8959733994627186,0.0,1.7692212120555566e-34,-0.7674280688342944
19.759999999999927,-1.5,-0.8965551547291349,0.0,1.6000519509083964e-34,-0.7725072859830105
19.779999999999916,-1.5,-0.8971187832631956,0.0,1.447058303484421e-34,-0.787726508702208
19.799999999999905,-1.5,-0.8976696596777176,0.0,1.3086935911639613e-34,-0.8085877491235118
19.819999999999894,-1.5,-0.8982165138278752,0.0,1.1835590255275872e-34,-0.8317032381870179
19.839999999999883,-1.5,-0.8987674643431188,0.0,1.070389567402038e-34,-0.8521753171120217
19.85999999999987,-1.5,-0.8993288821934369,0.0,9.68041138034832e-35,-0.8641453211444703
19.87999999999986,-1.5,-0.8999043279083081,0.0,8.754790531098258e-35,-0.8644716112924653
19.89999999999985,-1.5,-0.9004942646742466,0.0,7.917675626782076e-35,-0.8533837188524775
19.91999999999984,-1.5,-0.9010965975852625,0.0,7.16060391259581e-35,-0.8335361756555933
19.939999999999827,-1.5,-0.9017071425491067,0.0,6.475921824789561e-35,-0.8090647589131404
19.959999999999816,-1.5,-0.9023196641990189,0.0,5.856707617497985e-35,-0.7855165140817858
19.979999999999805,-1.5,-0.9029256290052952,0.0,5.296701387832699e-35,-0.7700616162975128
19.999999999999794,-1.5,-0.9035165584550992,0.0,4.7902417918301513e-35,-0.7683530193890395
20.019999999999783,-1.5,-0.9040889316458345,0.0,4.332208811489246e-35,-0.7791862808790649
20.03999999999977,-1.5,-0.904645178113124,0.0,3.9179719943060717e-35,-0.7976680248894643
20.05999999999976,-1.5,-0.9051929440712503,0.0,3.5433436420369086e-35,-0.8201100559212623
20.07999999999975,-1.5,-0.9057409193688926,0.0,3.204536475454594e-35,-0.842677061191735
20.09999999999974,-1.5,-0.9062964604156163,0.0,2.898125347113026e-35,-0.8595095063050321
20.119999999999727,-1.5,-0.9068646500114314,0.0,2.6210126150576906e-35,-0.8658251602067184
20.139999999999716,-1.5,-0.9074474584439582,0.0,2.3703968274301266e-35,-0.8602349454839022
20.159999999999705,-1.5,-0.9080439941966939,0.0,2.1437444013855448e-35,-0.8443277205694727
20.179999999999694,-1.5,-0.9086510800952545,0.0,1.9387640100135664e-35,-0.821571322962789
20.199999999999683,-1.5,-0.9092635290297575,0.0,1.7533834183284596e-35,-0.796767200706728
20.219999999999672,-1.5,-0.9098740067241686,0.0,1.5857285341539227e-35,-0.7762661477391986
20.23999999999966,-1.5,-0.9104731998846644,0.0,1.4341044621187947e-35,-0.7674325247570037
20.25999999999965,-1.5,-0.9110549549339195,0.0,1.296978369230381e-35,-0.7725121996136712
20.27999999999964,-1.5,-0.911618583439726,0.0,1.1729639888061074e-35,-0.7877317746252444
20.299999999999628,-1.5,-0.9121694601142762,0.0,1.0608076061070716e-35,-0.8085931715656364
20.319999999999617,-1.5,-0.9127163148722837,0.0,9.59375383996236e-36,-0.8317085366355368
20.339999999999606,-1.5,-0.9132672663815381,0.0,8.676419004908845e-36,-0.8521800729590995
20.359999999999594,-1.5,-0.913828685615761,0.0,7.846797823305288e-36,-0.8641490801846944
20.379999999999583,-1.5,-0.914404133054512,0.0,7.096503297615409e-36,-0.8644740148201749
20.399999999999572,-1.5,-0.9149940718060623,0.0,6.417950377604246e-36,-0.8533845398580897
20.41999999999956,-1.5,-0.9155964068807804,0.0,5.804279279801267e-36,-0.8335353038719887
20.43999999999955,-1.5,-0.9162069540953846,0.0,5.2492861389972794e-36,-0.8090621930016437
20.45999999999954,-1.5,-0.9168194779721216,0.0,4.747360290701315e-36,-0.7855123852238108
20.479999999999528,-1.5,-0.9174254448564447,0.0,4.2934275505188574e-36,-0.7700562089641737
20.499999999999517,-1.5,-0.9180163762750082,0.0,3.882898917038213e-36,-0.7683465899421702
20.519999999999506,-1.5,-0.9185887512350049,0.0,3.511624179640458e-36,-0.7791791693584382
20.539999999999495,-1.5,-0.919144999129798,0.0,3.1758499622343275e-36,-0.7976606090344315
20.559999999999484,-1.5,-0.9196927660712688,0.0,2.872181778762114e-36,-0.8201026944973432
20.579999999999472,-1.5,-0.9202407419021587,0.0,2.5975497168793596e-36,-0.8426700791518608
20.59999999999946,-1.5,-0.920796283086696,0.0,2.3491774028898877e-36,-0.85950315084447
20.61999999999945,-1.5,-0.9213644725096709,0.0,2.1245539341893513e-36,-0.8658195399931773
20.63999999999944,-1.5,-0.9219472805360973,0.0,1.9214084954702846e-36,-0.8602300564257725
20.659999999999428,-1.5,-0.9225438156999559,0.0,1.7376874020729607e-36,-0.8443235052261254
20.679999999999417,-1.5,-0.9231509008613159,0.0,1.571533338403403e-36,-0.8215677084560163
20.699999999999406,-1.5,-0.9237633489510818,0.0,1.4212665815307833e-36,-0.7967640944236387
20.719999999999395,-1.5,-0.9243738257561838,0.0,1.28536802014548e-36,-0.7762634068312351
20.739999999999384,-1.5,-0.9249730180186758,0.0,1.162463797209128e-36,-0.7674299848285009
20.759999999999373,-1.5,-0.9255547721019494,0.0,1.0513114210426056e-36,-0.7725097877227376
20.77999999999936,-1.5,-0.9261183996386023,0.0,9.507872044429665e-37,-0.7877293749497472
20.79999999999935,-1.5,-0.9266692753246157,0.0,8.598749048459502e-37,-0.8085907471775864
20.81999999999934,-1.5,-0.9272161290531871,0.0,7.77655450692579e-37,-0.8317061332553755
20.83999999999933,-1.5,-0.9277670794452931,0.0,7.032976501392614e-37,-0.8521778734096969
20.859999999999317,-1.5,-0.9283284974319276,0.0,6.360497881817613e-37,-0.8641473593957698
20.879999999999306,-1.5,-0.9289039434873907,0.0,5.752320272447317e-37,-0.8644730427493581
20.899999999999295,-1.5,-0.9294938807494303,0.0,5.202295344111115e-37,-0.8533845253477061
20.919999999999284,-1.5,-0.930096214276309,0.0,4.704862658115854e-37,-0.8335363777617364
20.939999999999273,-1.5,-0.9307067599423539,0.0,4.254993453378256e-37,-0.8090644044902535
20.959999999999262,-1.5,-0.9313192823360289,0.0,3.848139808515106e-37,-0.7855156924363713
20.97999999999925,-1.5,-0.9319252478690364,0.0,3.4801886649488755e-37,-0.7700604756502264
20.99999999999924,-1.5,-0.9325161780671222,0.0,3.147420246228585e-37,-0.7683516559783832
21.01999999999923,-1.5,-0.9330885519866384,0.0,2.8464704532089305e-37,-0.7791848177496699
21.039999999999218,-1.5,-0.9336447991298619,0.0,2.5742968549243445e-37,-0.7976665713518316
21.059999999999206,-1.5,-0.9341925656977501,0.0,2.3281479313451176e-37,-0.8201086767698099
21.079999999999195,-1.5,-0.9347405415557268,0.0,2.1055352570773532e-37,-0.8426757583773375
21.099999999999184,-1.5,-0.9352960831504997,0.0,1.9042083447998127e-37,-0.8595081954470072
21.119999999999173,-1.5,-0.9358642733109186,0.0,1.7221318941191356e-37,-0.8658237113617515
21.139999999999162,-1.5,-0.9364470823309557,0.0,1.5574652158423066e-37,-0.860233229921431
21.15999999999915,-1.5,-0.9370436186817788,0.0,1.4085436236575006e-37,-0.8443256402150696
21.17999999999914,-1.5,-0.9376507051679427,0.0,1.273861605103791e-37,-0.8215688199950997
21.19999999999913,-1.5,-0.9382631546557201,0.0,1.1520576016978124e-37,-0.796764258637902
21.219999999999118,-1.5,-0.9388736328472649,0.0,1.0419002443531345e-37,-0.7762627887801168
21.239999999999107,-1.5,-0.9394728264353452,0.0,9.42275904940268e-38,-0.7674288012275794
21.259999999999096,-1.5,-0.9400545818342255,0.0,8.521774381406787e-38,-0.7725081873272879
21.279999999999085,-1.5,-0.9406182105712746,0.0,7.706939997813541e-38,-0.787727581565627
21.299999999999073,-1.5,-0.9411690872957688,0.0,6.970018387190961e-38,-0.8085889385417269
21.319999999999062,-1.5,-0.9417159418894575,0.0,6.303559691857281e-38,-0.8317044320450458
21.33999999999905,-1.5,-0.9422668930106554,0.0,5.700826394063749e-38,-0.8521763095301597
21.35999999999904,-1.5,-0.9428283116448491,0.0,5.155725203528333e-38,-0.8641458632381468
21.37999999999903,-1.5,-0.9434037583056872,0.0,4.6627454577421446e-38,-0.8644714898258066
21.399999999999018,-1.5,-0.9439936961425845,0.0,4.2169034123107187e-38,-0.853382788103325
21.419999999999007,-1.5,-0.9445960302051344,0.0,3.8136918581372756e-38,-0.8335343576258467
21.439999999998996,-1.5,-0.9452065763518828,0.0,3.4490345561063724e-38,-0.8090620407002883
21.459999999998985,-1.5,-0.9458190991580814,0.0,3.119245028628551e-38,-0.7855129574498695
21.479999999998974,-1.5,-0.9464250650320533,0.0,2.820989291451987e-38,-0.7700573641835329
21.499999999998963,-1.5,-0.947015995476567,0.0,2.551252148980965e-38,-0.7683482104611615
21.51999999999895,-1.5,-0.9475883695400288,0.0,2.3073067123660774e-38,-0.7791811014119789
21.53999999999894,-1.5,-0.948144616669866,0.0,2.086686832211376e-38,-0.7976626924273285
21.55999999999893,-1.5,-0.9486923830139082,0.0,1.8871621672088733e-38,-0.820104790635245
21.57999999999892,-1.5,-0.9492403584109018,0.0,1.7067156366584735e-38,-0.8426720817941054
21.599999999998907,-1.5,-0.9497958992948039,0.0,1.543523028931163e-38,-0.8595050082306904
21.619999999998896,-1.5,-0.9503640885129663,0.0,1.3959345597286404e-38,-0.865821260901602
21.639999999998885,-1.5,-0.9509468964028013,0.0,1.26245819370389e-38,-0.8602316866214165
21.659999999998874,-1.5,-0.9515434314859014,0.0,1.1417445608337916e-38,-0.844325098422306
21.679999999998863,-1.5,-0.9521505166186857,0.0,1.0325733150568805e-38,-0.8215693101527799
21.69999999999885,-1.5,-0.9527629647281737,0.0,9.338407972698617e-39,-0.7967657415968572
21.71999999999884,-1.5,-0.9533734415905101,0.0,8.445488779627939e-39,-0.7762651370996481
21.73999999999883,-1.5,-0.953972633943106,0.0,7.637948666983492e-39,-0.7674318294256205
21.75999999999882,-1.5,-0.9545543881711928,0.0,6.907623864257263e-39,-0.7725117397482544
21.779999999998807,-1.5,-0.9551180158991778,0.0,6.247131203737322e-39,-0.7877314308618416
21.799999999998796,-1.5,-0.9556688918487831,0.0,5.649793480888212e-39,-0.8085928678643165
21.819999999998785,-1.5,-0.9562157459312575,0.0,5.109571951616897e-39,-0.8317082440898942
21.839999999998774,-1.5,-0.9567666967857549,0.0,4.621005284010076e-39,-0.8521798410281816
21.859999999998763,-1.5,-0.9573281153525556,0.0,4.179154347379682e-39,-0.8641490239336416
21.879999999998752,-1.5,-0.9579035620953329,0.0,3.779552280465303e-39,-0.864474267260329
21.89999999999874,-1.5,-0.9584935001276061,0.0,3.4181593340114686e-39,-0.853385215382735
21.91999999999873,-1.5,-0.9590958344783591,0.0,3.091322031204005e-39,-0.8335364812131824
21.93999999999872,-1.5,-0.9597063809890457,0.0,2.7957362331007105e-39,-0.8090639102185854
21.959999999998708,-1.5,-0.9603189042092745,0.0,2.528413735668919e-39,-0.7855146371665762
21.979999999998697,-1.5,-0.9609248705091207,0.0,2.2866520607450198e-39,-0.7700589491399661
21.999999999998685,-1.5,-0.9615158014235384,0.0,2.0680071355197397e-39,-0.7683497461153047
22.019999999998674,-1.5,-0.9620881759788161,0.0,1.870268584354356e-39,-0.7791826431494447
22.039999999998663,-1.5,-0.9626444236237328,0.0,1.6914373831421716e-39,-0.7976642699930707
22.059999999998652,-1.5,-0.9631921905187484,0.0,1.5297056503135793e-39,-0.8201063877290848
22.07999999999864,-1.5,-0.963740166523626,0.0,1.3834383701832877e-39,-0.842673618955249
22.09999999999863,-1.5,-0.9642957081010113,0.0,1.2511568638731606e-39,-0.8595063269646279
22.11999999999862,-1.5,-0.9648638981101189,0.0,1.1315238407111172e-39,-0.8658221850139023
22.139999999998608,-1.5,-0.9654467068764853,0.0,1.0233298789842524e-39,-0.8602320684212281
22.159999999998597,-1.5,-0.9660432428948593,0.0,9.254811993742869e-40,-0.8443248372579752
22.179999999998586,-1.5,-0.9666503289880354,0.0,8.369886074717545e-40,-0.8215683545277169
22.199999999998575,-1.5,-0.9672627780436698,0.0,7.569574935840351e-40,-0.7967640928848233
22.219999999998564,-1.5,-0.9678732557944081,0.0,6.845787887409935e-40,-0.7762628559347712
22.239999999998552,-1.5,-0.9684724489504273,0.0,6.191207854685938e-40,-0.7674290196329201
22.25999999999854,-1.5,-0.9690542039024572,0.0,5.599217406431677e-40,-0.7725085100105357
22.27999999999853,-1.5,-0.9696178322143691,0.0,5.063831856454096e-40,-0.7877279370460912
22.29999999999852,-1.5,-0.9701687085419228,0.0,4.5796387618356425e-40,-0.8085892825765325
22.319999999998508,-1.5,-0.9707155627646445,0.0,4.141743206219671e-40,-0.8317047502203367
22.339999999998497,-1.5,-0.9712665135228535,0.0,3.7457183149945655e-40,-0.852176637039313
22.359999999998486,-1.5,-0.971827931781527,0.0,3.3875605021132682e-40,-0.8641462758917415
22.379999999998475,-1.5,-0.972403378045331,0.0,3.0636489961190653e-40,-0.8644720729527552
22.399999999998464,-1.5,-0.9729933154679762,0.0,2.7707092362088012e-40,-0.853383613397654
22.419999999998453,-1.5,-0.9735956491113256,0.0,2.5057797682885757e-40,-0.8335354730012087
22.43999999999844,-1.5,-0.9742061948495299,0.0,2.2661823063599037e-40,-0.8090634679539984
22.45999999999843,-1.5,-0.9748187172746823,0.0,2.0494946565740073e-40,-0.7855146914279716
22.47999999999842,-1.5,-0.975424682809881,0.0,1.853526230231858e-40,-0.7700593746503811
22.49999999999841,-1.5,-0.976015612961785,0.0,1.676295898180335e-40,-0.7683504529569295
22.519999999998397,-1.5,-0.9765879867920134,0.0,1.5160119627250789e-40,-0.7791835146166163
22.539999999998386,-1.5,-0.9771442337845183,0.0,1.3710540445874772e-40,-0.7976651942609622
22.559999999998375,-1.5,-0.9776920001184165,0.0,1.2399567017932365e-40,-0.8201072837762201
22.579999999998364,-1.5,-0.978239975643038,0.0,1.121394614888841e-40,-0.8426744500467593
22.599999999998353,-1.5,-0.9787955167909884,0.0,1.0141691887168692e-40,-0.8595071207494175
22.619999999998342,-1.5,-0.9793637063934089,0.0,9.17196435301758e-41,-0.8658230140993759
22.63999999999833,-1.5,-0.9799465147631028,0.0,8.294960153488827e-41,-0.860233017670237
22.65999999999832,-1.5,-0.9805430503973802,0.0,7.501813275727577e-41,-0.8443259783020316
22.67999999999831,-1.5,-0.9811501361294879,0.0,6.784505456631104e-41,-0.8215697350409126
22.699999999998298,-1.5,-0.9817625848591632,0.0,6.135785122776594e-41,-0.7967657356171984
22.719999999998286,-1.5,-0.9823730623278283,0.0,5.549094081144848e-41,-0.7762647628333817
22.739999999998275,-1.5,-0.9829722552520144,0.0,5.018501219524851e-41,-0.767431173709514
22.759999999998264,-1.5,-0.9835540100342791,0.0,4.5386425463481e-41,-0.772510868438538
22.779999999998253,-1.5,-0.9841176382563702,0.0,4.104666963789539e-41,-0.7877304410256301
22.799999999998242,-1.5,-0.9846685146154094,0.0,3.712187225932072e-41,-0.8085918438594115
22.81999999999823,-1.5,-0.9852153690142621,0.0,3.3572355862096246e-41,-0.8317072538546402
22.83999999999822,-1.5,-0.9857663201043848,0.0,3.0362236857496604e-41,-0.8521789246590796
22.85999999999821,-1.5,-0.986327738847553,0.0,2.745906277109158e-41,-0.8641481842487617
22.879999999998198,-1.5,-0.9869031857265633,0.0,2.483348416671681e-41,-0.8644734787325271
22.899999999998187,-1.5,-0.9874931238649746,0.0,2.2458957940393643e-41,-0.8533844422429324
22.919999999998176,-1.5,-0.9880954582940263,0.0,2.0311478984668668e-41,-0.8335356912811412
22.939999999998165,-1.5,-0.9887060048549254,0.0,1.8369337510652373e-41,-0.8090630792273013
22.959999999998153,-1.5,-0.9893185280991089,0.0,1.661289957442086e-41,-0.7855137457833208
22.979999999998142,-1.5,-0.9899244944030284,0.0,1.502440858902762e-41,-0.7700579775852818
22.99999999999813,-1.5,-0.9905154252896435,0.0,1.3587805815524901e-41,-0.7683486959126932
23.01999999999812,-1.5,-0.9910877997880977,0.0,1.2288568018261113e-41,-0.7791815185100724
23.03999999999811,-1.5,-0.9916440473348135,0.0,1.1113560643241819e-41,-0.7976630902012275
23.059999999998098,-1.5,-0.9921918140757778,0.0,1.005090503527122e-41,-0.8201051918595502
23.079999999998087,-1.5,-0.9927397898604785,0.0,9.089858351515026e-42,-0.8426724726149023
23.099999999998076,-1.5,-0.9932953311429429,0.0,8.220704957479269e-42,-0.859505325864578
23.119999999998065,-1.5,-0.9938635207843125,0.0,7.434658207480266e-42,-0.8658214209432997
23.139999999998054,-1.5,-0.9944463291225248,0.0,6.723771616662243e-42,-0.8602316097781469
23.159999999998043,-1.5,-0.9950428646693166,0.0,6.080858526562303e-42,-0.8443247255545828
23.17999999999803,-1.5,-0.9956499502660929,0.0,5.499419452087399e-42,-0.8215686068590385
23.19999999999802,-1.5,-0.9962623988221618,0.0,4.973576375422584e-42,-0.7967647001080835
23.21999999999801,-1.5,-0.9968728760954904,0.0,4.498013322619446e-42,-0.7762637773669285
23.239999999998,-1.5,-0.997472068811567,0.0,4.0679226221278226e-42,-0.7674301932234162
23.259999999997987,-1.5,-0.9980538233534095,0.0,3.678956301975217e-42,-0.7725098795882822
23.279999999997976,-1.5,-0.9986174513190864,0.0,3.327182134247065e-42,-0.7877294205706037
23.299999999997965,-1.5,-0.9991683273939804,0.0,3.009043882502583e-42,-0.8085907968680279
23.319999999997954,-1.5,-0.9997151814705936,0.0,2.721325350250235e-42,-0.8317062144096105
23.339999999997943,-1.5,-1.0002661321846469,0.0,2.4611178670333692e-42,-0.8521779748418641
23.35999999999793,-1.5,-1.0008275504859614,0.0,2.2257908834288813e-42,-0.8641474340423779
23.37999999999792,-1.5,-1.0014029968597615,0.0,2.0129653776910922e-42,-0.8644730294135166
23.39999999999791,-1.5,-1.0019929344437184,0.0,1.8204898051971515e-42,-0.853384368209119
23.4199999999979,-1.5,-1.0025952682886121,0.0,1.6464183475565743e-42,-0.8335360366050739
23.439999999997887,-1.5,-1.003205814258337,0.0,1.488991241495781e-42,-0.8090638573866228
23.459999999997876,-1.5,-1.0038183369307727,0.0,1.3466169886538905e-42,-0.7855149354678701
23.479999999997865,-1.5,-1.004424302709749,0.0,1.2178562664409132e-42,-0.7700595203742018
23.499999999997854,-1.5,-1.005015233114864,0.0,1.1014073773063087e-42,-0.7683505291961533
23.519999999997843,-1.5,-1.0055876071956,0.0,9.960930893182849e-43,-0.7791835577290044
23.539999999997832,-1.5,-1.0061438544290418,0.0,9.008487350196009e-43,-0.7976652337008281
23.55999999999782,-1.5,-1.0066916209933015,0.0,8.147114482460834e-43,-0.8201073323365309
23.57999999999781,-1.5,-1.0072395967445054,0.0,7.368104300982212e-43,-0.8426744973312248
23.5999999999978,-1.5,-1.007795138127763,0.0,6.663581456603589e-43,-0.8595071255868456
23.619999999997788,-1.5,-1.0083633279825357,0.0,6.026423624713346e-43,-0.8658229223315608
23.639999999997777,-1.5,-1.0089461366215375,0.0,5.450189502600337e-43,-0.8602327791614738
23.659999999997765,-1.5,-1.009542672535589,0.0,4.929053691552896e-43,-0.8443255562417044
23.679999999997754,-1.5,-1.010149758548388,0.0,4.457747805396416e-43,-0.8215691085701483
23.699999999997743,-1.5,-1.0107622075485252,0.0,4.031507210110355e-43,-0.7967649008466908
23.719999999997732,-1.5,-1.0113726852659888,0.0,3.646022856092559e-43,-0.7762637334231981
23.73999999999772,-1.5,-1.011971878410007,0.0,3.297397716122516e-43,-0.7674299768067362
23.75999999999771,-1.5,-1.0125536333819938,0.0,2.982107388636173e-43,-0.7725095373839302
23.7799999999977,-1.5,-1.0131172617462358,0.0,2.6969644680338693e-43,-0.7877290229879126
23.799999999997688,-1.5,-1.0136681381764454,0.0,2.4390863218254873e-43,-0.8085903956651618
23.819999999997677,-1.5,-1.0142149925635446,0.0,2.205865948858127e-43,-0.8317058399914763
23.839999999997666,-1.5,-1.0147659435570018,0.0,1.994945624019578e-43,-0.8521776218469105
23.859999999997655,-1.5,-1.0153273621248071,0.0,1.804193062980561e-43,-0.8641470628926612
23.879999999997644,-1.5,-1.0159028087634,0.0,1.6316798660148501e-43,-0.8644725858573888
23.899999999997632,-1.5,-1.0164927466114915,0.0,1.4756620229765983e-43,-0.853383801754388
23.91999999999762,-1.5,-1.0170950807139763,0.0,1.334562282351266e-43,-0.8335353105867809
23.93999999999761,-1.5,-1.0177056269262053,0.0,1.2069542061413238e-43,-0.8090629516663095
23.9599999999976,-1.5,-1.0183181498175669,0.0,1.0915477493906944e-43,-0.7855138458774289
23.979999999997588,-1.5,-1.0189241157860747,0.0,9.871762185651467e-44,-0.7700582559337301
23.999999999997577,-1.5,-1.0195150463451323,0.0,8.927844769452923e-44,-0.7683491137658747
24.019999999997566,-1.5,-1.0200874205382773,0.0,8.074182777954336e-44,-0.7791820251033608
24.039999999997555,-1.5,-1.0206436678192166,0.0,7.302146174726697e-44,-0.7976636338545241
24.059999999997544,-1.5,-1.0211914343446913,0.0,6.603930109516935e-44,-0.8201057300766282
24.079999999997533,-1.5,-1.0217394099617703,0.0,5.972476015658046e-44,-0.8426729764845972
24.09999999999752,-1.5,-1.0222949511133739,0.0,5.401400251981141e-44,-0.8595057879395109
24.11999999999751,-1.5,-1.0228631406482382,0.0,4.884929567839783e-44,-0.8658218538173108
24.1399999999975,-1.5,-1.0234459488963392,0.0,4.417842738834806e-44,-0.8602320360726066
24.15999999999749,-1.5,-1.024042484367092,0.0,3.9954177832100016e-44,-0.8443251677361684
24.179999999997477,-1.5,-1.0246495699026843,0.0,3.613384225306539e-44,-0.8215690821124976
24.199999999997466,-1.5,-1.0252620184133516,0.0,3.2678799234868097e-44,-0.7967652201980184
24.219999999997455,-1.5,-1.025872495655896,0.0,2.9554120260826137e-44,-0.7762643513540365
24.239999999997444,-1.5,-1.02647168835563,0.0,2.672821660654569e-44,-0.767430826153173
24.259999999997433,-1.5,-1.0270534429021683,0.0,2.4172519995912584e-44,-0.7725105642095134
24.279999999997422,-1.5,-1.027617070894212,0.0,2.1861193792095235e-44,-0.787730148033177
24.29999999999741,-1.5,-1.0281679470287464,0.0,1.9770871803864685e-44,-0.8085915460221336
24.3199999999974,-1.5,-1.028714801205605,0.0,1.7880422066712213e-44,-0.8317069522538987
24.33999999999739,-1.5,-1.0292657520661808,0.0,1.6170733210726405e-44,-0.8521786489312055
24.359999999997378,-1.5,-1.029827170561944,0.0,1.462452125553053e-44,-0.8641479852620398
24.379999999997366,-1.5,-1.0304026171726348,0.0,1.3226154879087066e-44,-0.8644734095115117
24.399999999997355,-1.5,-1.0309925550262227,0.0,1.1961497393936584e-44,-0.8533845455010106
24.419999999997344,-1.5,-1.031594889162618,0.0,1.0817763833340773e-44,-0.833535994773378
24.439999999997333,-1.5,-1.032205435433735,0.0,9.783391702551928e-45,-0.8090635946684616
24.459999999997322,-1.5,-1.0328179584030217,0.0,8.847924088577833e-45,-0.7855144675261216
24.47999999999731,-1.5,-1.0334239244583832,0.0,8.001903946748405e-45,-0.7700588826958642
24.4999999999973,-1.5,-1.0340148551238613,0.0,7.236778495381464e-45,-0.76834975479443
24.51999999999729,-1.5,-1.0345872294374572,0.0,6.544812752032183e-45,-0.7791826906963462
24.539999999997278,-1.5,-1.0351434768572676,0.0,5.919011337226951e-45,-0.7976643239219501
24.559999999997267,-1.5,-1.0356912435474455,0.0,5.3530477551619487e-45,-0.8201064283602068
24.579999999997256,-1.5,-1.0362392193628263,0.0,4.841200436434586e-45,-0.8426736447809948
24.599999999997245,-1.5,-1.0367947607551538,0.0,4.3782948962362405e-45,-0.8595063616250369
24.619999999997233,-1.5,-1.0373629505750004,0.0,3.959651423258589e-45,-0.8658222658901739
24.639999999997222,-1.5,-1.0379457591457817,0.0,3.581037770478169e-45,-0.8602322332101314
24.65999999999721,-1.5,-1.038542294965732,0.0,3.2386263695499497e-45,-0.8443251153075567
24.6799999999972,-1.5,-1.0391493808639158,0.0,2.9289556362718145e-45,-0.82156876381026
24.69999999999719,-1.5,-1.0397618297352407,0.0,2.6488949759402367e-45,-0.7967646394301926
24.719999999997178,-1.5,-1.0403723073190823,0.0,2.3956131348212284e-45,-0.7762635343436753
24.739999999997167,-1.5,-1.0409715003300148,0.0,2.1665495777879696e-45,-0.7674298152167689
24.759999999997156,-1.5,-1.0415532551613518,0.0,1.9593886027693336e-45,-0.7725094007083144
24.779999999997145,-1.5,-1.0421168833878207,0.0,1.7720359303211316e-45,-0.7877288916990853
24.799999999997134,-1.5,-1.0426677596828127,0.0,1.602597531653982e-45,-0.8085902604206366
24.819999999997123,-1.5,-1.043214613935234,0.0,1.449360481081216e-45,-0.8317057023097532
24.83999999999711,-1.5,-1.0437655647882413,0.0,1.3107756393159893e-45,-0.8521775012818905
24.8599999999971,-1.5,-1.0443269832034703,0.0,1.1854419925555865e-45,-0.8641469921733316
24.87999999999709,-1.5,-1.0449024296756426,0.0,1.0720924890299932e-45,-0.8644725986982547
24.89999999999708,-1.5,-1.0454923673464234,0.0,9.695812298302993e-46,-0.8533839250544463
24.919999999997067,-1.5,-1.0460947012662711,0.0,8.768718845235145e-46,-0.8335355616233919
24.939999999997056,-1.5,-1.0467052472973477,0.0,7.930272144422566e-46,-0.8090633374751055
24.959999999997045,-1.5,-1.0473177700167065,0.0,7.171995977357403e-46,-0.7855143623959419
24.979999999997034,-1.5,-1.0479237358297215,0.0,6.486224603957286e-46,-0.7700588880218783
24.999999999997023,-1.5,-1.0485146662502822,0.0,5.866025266300051e-46,-0.7683498423452442
25.01999999999701,-1.5,-1.0490870403277326,0.0,5.305128102390516e-46,-0.7791828241556057
25.039999999997,-1.5,-1.0496432875296993,0.0,4.797862761427456e-46,-0.797664470276102
25.05999999999699,-1.5,-1.0501910540245072,0.0,4.339101079787237e-46,-0.8201065665276647
25.07999999999698,-1.5,-1.0507390296625558,0.0,3.924205238210925e-46,-0.8426737705868302
25.099999999996967,-1.5,-1.051294570885187,0.0,3.548980876093616e-46,-0.8595064945045547
25.119999999996956,-1.5,-1.051862760534369,0.0,3.20963468888811e-46,-0.8658224389535041
25.139999999996945,-1.5,-1.052445568930895,0.0,2.902736079956868e-46,-0.8602324808043669
25.159999999996934,-1.5,-1.0530421045756957,0.0,2.625182479194315e-46,-0.8443254646288565
25.179999999996923,-1.5,-1.053649190303208,0.0,2.3741679778105126e-46,-0.8215692317895699
25.199999999996912,-1.5,-1.0542616390145951,0.0,2.1471549621917286e-46,-0.7967652321713413
25.2199999999969,-1.5,-1.0548721164549126,0.0,1.9418484600724066e-46,-0.7762642477583188
25.23999999999689,-1.5,-1.0554713093425363,0.0,1.7561729396729348e-46,-0.7674306367417414
25.25999999999688,-1.5,-1.056053064073615,0.0,1.588251327255721e-46,-0.7725103103254471
25.279999999996868,-1.5,-1.0566166922323441,0.0,1.4363860309790166e-46,-0.7877298614785774
25.299999999996857,-1.5,-1.057167568508445,0.0,1.299041779210464e-46,-0.8085912531113716
25.319999999996845,-1.5,-1.0577144227996276,0.0,1.1748300998054888e-46,-0.8317066725670604
25.339999999996834,-1.5,-1.0582653737520205,0.0,1.0624952834448889e-46,-0.8521783906779736
25.359999999996823,-1.5,-1.0588267923245223,0.0,9.609016891289561e-47,-0.864147743375181
25.379999999996812,-1.5,-1.0594022390027629,0.0,8.690222634939107e-47,-0.8644731704652558
25.3999999999968,-1.5,-1.0599921769170988,0.0,7.859281578874709e-47,-0.8533842940321846
25.41999999999679,-1.5,-1.060594511107089,0.0,7.107793382381183e-47,-0.833535718424368
25.43999999999678,-1.5,-1.0612050574233691,0.0,6.428160927891741e-47,-0.80906328511563
25.459999999996768,-1.5,-1.0618175804286136,0.0,5.813513518457255e-47,-0.785514119787317
25.479999999996757,-1.5,-1.0624235465113878,0.0,5.257637418914107e-47,-0.7700584934847317
25.499999999996746,-1.5,-1.0630144771921723,0.0,4.754913038561474e-47,-0.7683493276935988
25.519999999996735,-1.5,-1.0635868515087579,0.0,4.300258120300645e-47,-0.7791822313180596
25.539999999996724,-1.5,-1.0641430989131158,0.0,3.889076361910959e-47,-0.7976638436187696
25.559999999996712,-1.5,-1.064690865563098,0.0,3.5172109500527266e-47,-0.8201059450825976
25.5799999999967,-1.5,-1.0652388413099405,0.0,3.1809025372523725e-47,-0.8426731851836675
25.59999999999669,-1.5,-1.0657943826031246,0.0,2.8767512370410714e-47,-0.8595059617196433
25.61999999999668,-1.5,-1.0663625722949643,0.0,2.6016822530393495e-47,-0.8658219585603105
25.639999999996668,-1.5,-1.0669453807141078,0.0,2.3529147945173084e-47,-0.8602320418615726
25.659999999996657,-1.5,-1.067541916365243,0.0,2.1279339641844781e-47,-0.8443250534324819
25.679999999996646,-1.5,-1.068149002084238,0.0,1.9244653340108698e-47,-0.8215688363056605
25.699999999996635,-1.5,-1.0687614507739476,0.0,1.7404519520552625e-47,-0.7967648418846833
25.719999999996624,-1.5,-1.0693719281832732,0.0,1.5740335478528626e-47,-0.7762638507907738
25.739999999996613,-1.5,-1.0699711210325404,0.0,1.4235277261406422e-47,-0.7674302220014156
25.7599999999966,-1.5,-1.0705528757116496,0.0,1.2874129587996395e-47,-0.7725098773830288
25.77999999999659,-1.5,-1.0711165038079569,0.0,1.1643132030724424e-47,-0.7877294083933429
25.79999999999658,-1.5,-1.071667380004878,0.0,1.0529839905548028e-47,-0.8085907879243589
25.81999999999657,-1.5,-1.0722142341955316,0.0,9.522998463290037e-48,-0.8317062132898475
25.839999999996557,-1.5,-1.0727651850208955,0.0,8.6124291105359e-48,-0.8521779717568237
25.859999999996546,-1.5,-1.073326603436832,0.0,7.78892650985269e-48,-0.8641474072722619
25.879999999996535,-1.5,-1.0739020499312908,0.0,7.044165519071663e-48,-0.8644729542342174
25.899999999996524,-1.5,-1.074491987640771,0.0,6.370617028843501e-48,-0.8533842236503981
25.919999999996513,-1.5,-1.0750943216124935,0.0,5.76147184763191e-48,-0.8335358084715225
25.939999999996502,-1.5,-1.0757048677057828,0.0,5.2105718646661565e-48,-0.8090635389775008
25.95999999999649,-1.5,-1.0763173904936045,0.0,4.712347794949275e-48,-0.7855145278184096
25.97999999999648,-1.5,-1.0769233563755145,0.0,4.2617628769593897e-48,-0.7700590317188866
25.99999999999647,-1.5,-1.0775142868698275,0.0,3.854261953860025e-48,-0.7683499721011763
26.019999999996458,-1.5,-1.0780866610223723,0.0,3.485725423459418e-48,-0.7791829496325516
26.039999999996446,-1.5,-1.0786429082998774,0.0,3.152427591379172e-48,-0.7976645981088176
26.059999999996435,-1.5,-1.0791906748715148,0.0,2.850999006406503e-48,-0.8201066972933029
26.079999999996424,-1.5,-1.0797386505903301,0.0,2.5783923972619535e-48,-0.8426738965047721
26.099999999996413,-1.5,-1.0802941919017481,0.0,2.3318518664226915e-48,-0.8595065970804492
26.119999999996402,-1.5,-1.0808623816498832,0.0,2.1088850295685075e-48,-0.8658224964072115
26.13999999999639,-1.5,-1.0814451901545798,0.0,1.9072378189961708e-48,-0.860232474191412
26.15999999999638,-1.5,-1.0820417259137072,0.0,1.7248716962790236e-48,-0.8443253806568326
26.17999999999637,-1.5,-1.0826488117576598,0.0,1.5599430438047796e-48,-0.8215690633664777
26.199999999996358,-1.5,-1.0832612605828789,0.0,1.410784526851717e-48,-0.7967649788448978
26.219999999996347,-1.5,-1.0838717381293264,0.0,1.2758882377844702e-48,-0.7762639163019629
26.239999999996336,-1.5,-1.084470931112172,0.0,1.153890451966846e-48,-0.7674302392943598
26.259999999996325,-1.5,-1.0850526859278318,0.0,1.0435578412826233e-48,-0.7725098603094073
26.279999999996313,-1.5,-1.0856163141531812,0.0,9.437750058908878e-49,-0.7877293780510035
26.299999999996302,-1.5,-1.086167190469327,0.0,8.535331981690478e-49,-0.8085907581565317
26.31999999999629,-1.5,-1.086714044769737,0.0,7.719201248490247e-49,-0.8317061898960516
26.33999999999628,-1.5,-1.087264995700343,0.0,6.981107242520164e-49,-0.8521779471115334
26.35999999999627,-1.5,-1.0878264142228948,0.0,6.313588253849378e-49,-0.8641473622604855
26.379999999996258,-1.5,-1.088401860828241,0.0,5.7098960457675145e-49,-0.8644728663621143
26.399999999996247,-1.5,-1.0889917986521136,0.0,5.163927633955792e-49,-0.8533840734674747
26.419999999996236,-1.5,-1.089594132738653,0.0,4.670163588792247e-49,-0.8335355825953442
26.439999999996225,-1.5,-1.0902046789431334,0.0,4.223612237062497e-49,-0.8090632308620846
26.459999999996214,-1.5,-1.090817201834197,0.0,3.819759198987159e-49,-0.7855141379263985
26.479999999996203,-1.5,-1.0914231678077333,0.0,3.454521750413975e-49,-0.7700585669410154
26.49999999999619,-1.5,-1.0920140983806026,0.0,3.1242075488024386e-49,-0.7683494437280732
26.51999999999618,-1.5,-1.0925864725954764,0.0,2.82547730574412e-49,-0.7791823733294673
26.53999999999617,-1.5,-1.0931427199096133,0.0,2.5553110286591533e-49,-0.7976639952586535
26.55999999999616,-1.5,-1.0936904864839032,0.0,2.3109774903916474e-49,-0.8201060937695712
26.579999999996147,-1.5,-1.094238462168406,0.0,2.090006618059037e-49,-0.8426733238072316
26.599999999996136,-1.5,-1.0947940034086177,0.0,1.8901645220223657e-49,-0.8595060913724113
26.619999999996125,-1.5,-1.0953621930528297,0.0,1.7094309125346117e-49,-0.865822086799719
26.639999999996114,-1.5,-1.0959450014275267,0.0,1.5459786757622463e-49,-0.8602321786734167
26.659999999996103,-1.5,-1.0965415370372584,0.0,1.3981554027052238e-49,-0.8443252077381772
26.67999999999609,-1.5,-1.0971486227188323,0.0,1.264466684283321e-49,-0.8215690143688408
26.69999999999608,-1.5,-1.0977610713761907,0.0,1.1435610037116527e-49,-0.7967650472134762
26.71999999999607,-1.5,-1.0983715487587584,0.0,1.0342160734358958e-49,-0.7762640848569244
26.73999999999606,-1.5,-1.0989707415873387,0.0,9.353264785014133e-50,-0.7674304841958914
26.759999999996047,-1.5,-1.0995524962537249,0.0,8.458925014377861e-50,-0.7725101632678425
26.779999999996036,-1.5,-1.1001161243467747,0.0,7.650100156846931e-50,-0.7877297120388901
26.799999999996025,-1.5,-1.1006670005548536,0.0,6.918613453874407e-50,-0.8085910992884754
26.819999999996014,-1.5,-1.1012138547739905,0.0,6.257069991598769e-50,-0.8317065184989058
26.839999999996003,-1.5,-1.1017648056468659,0.0,5.658781942477417e-50,-0.8521782506820879
26.859999999995992,-1.5,-1.1023262241293301,0.0,5.11770095516008e-50,-0.8641476384287767
26.87999999999598,-1.5,-1.1029016707068084,0.0,4.6283570091022135e-50,-0.8644731208686515
26.89999999999597,-1.5,-1.1034916085120097,0.0,4.185803115773404e-50,-0.8533843152836768
26.91999999999596,-1.5,-1.1040939425881557,0.0,3.785565307421469e-50,-0.8335358200746579
26.939999999995948,-1.5,-1.1047044887902275,0.0,3.4235974078071704e-50,-0.8090634705737552
26.959999999995937,-1.5,-1.1053170116858821,0.0,3.0962401276674126e-50,-0.7855143856372605
26.979999999995925,-1.5,-1.1059229776686799,0.0,2.80018407138538e-50,-0.7700588292449393
26.999999999995914,-1.5,-1.1065139082588662,0.0,2.5324362808861126e-50,-0.768349721349875
27.019999999995903,-1.5,-1.107086282498039,0.0,2.290289978535362e-50,-0.7791826665576762
27.039999999995892,-1.5,-1.1076425298464128,0.0,2.07129720315968e-50,-0.7976643003121581
27.05999999999588,-1.5,-1.1081902964685137,0.0,1.8732440625534846e-50,-0.8201064013140391
27.07999999999587,-1.5,-1.1087382722172139,0.0,1.6941283522900431e-50,-0.8426736170561265
27.09999999999586,-1.5,-1.1092938135405925,0.0,1.5321393145753165e-50,-0.8595063449401366
27.119999999995848,-1.5,-1.1098620032867474,0.0,1.3856393325181922e-50,-0.8658222758433146
27.139999999995837,-1.5,-1.110444811779064,0.0,1.2531473747566176e-50,-0.8602322843363814
27.159999999995826,-1.5,-1.1110413475176273,0.0,1.1333240230742258e-50,-0.8443252183368866
27.179999999995815,-1.5,-1.1116484333342571,0.0,1.0249579316451946e-50,-0.8215689248807162
27.199999999995804,-1.5,-1.1122608821270676,0.0,9.269535810180133e-51,-0.7967648598078588
27.219999999995792,-1.5,-1.1128713596386928,0.0,8.383202030379129e-51,-0.7762638102906373
27.23999999999578,-1.5,-1.1134705525857864,0.0,7.581617647452299e-51,-0.7674301391346173
27.25999999999577,-1.5,-1.1140523073620436,0.0,6.85667909992628e-51,-0.7725097631160974
27.27999999999576,-1.5,-1.1146159355471483,0.0,6.20105767206083e-51,-0.7877292791463961
27.299999999995748,-1.5,-1.1151668118212354,0.0,5.608125404707641e-51,-0.8085906565789085
27.319999999995737,-1.5,-1.1157136660766627,0.0,5.071888090419088e-51,-0.8317060885536001
27.339999999995726,-1.5,-1.1162646169572015,0.0,4.586924675425659e-51,-0.8521778553241304
27.359999999995715,-1.5,-1.1168260354227333,0.0,4.1483324558705447e-51,-0.8641472934668023
27.379999999995704,-1.5,-1.1174014819640494,0.0,3.751677514266573e-51,-0.864472833457374
27.399999999995693,-1.5,-1.117991419718424,0.0,3.3929498951162776e-51,-0.8533840862343129
27.41999999999568,-1.5,-1.1185937537323476,0.0,3.0685230665461645e-51,-0.8335356470234624
27.43999999999567,-1.5,-1.1192042998638756,0.0,2.7751172581354e-51,-0.8090633490369055
27.45999999999566,-1.5,-1.1198168226848502,0.0,2.5097663043052367e-51,-0.7855143075740524
27.47999999999565,-1.5,-1.1204227885943918,0.0,2.269787658074749e-51,-0.7700587812485636
27.499999999995637,-1.5,-1.121013719109164,0.0,2.052755272039016e-51,-0.7683496949797911
27.519999999995626,-1.5,-1.1215860932742892,0.0,1.8564750724119087e-51,-0.7791826510683509
27.539999999995615,-1.5,-1.1221423405522613,0.0,1.6789627781900028e-51,-0.7976642866476374
27.559999999995604,-1.5,-1.1226901071081905,0.0,1.518423841202022e-51,-0.8201063849092479
27.579999999995593,-1.5,-1.1232380827931454,0.0,1.373235304249124e-51,-0.8426735996359339
27.599999999995582,-1.5,-1.1237936240516884,0.0,1.2419293939321697e-51,-0.8595063366955298
27.61999999999557,-1.5,-1.1243618137294171,0.0,1.1231786822988025e-51,-0.8658222908978978
27.63999999999556,-1.5,-1.124944622149489,0.0,1.0157826673030456e-51,-0.8602323361271782
27.65999999999555,-1.5,-1.1255411578135694,0.0,9.186556364135066e-52,-0.8443253169357637
27.679999999995538,-1.5,-1.12614824355594,0.0,8.308156906781809e-52,-0.8215690761658859
27.699999999995526,-1.5,-1.126760692277588,0.0,7.513748182854064e-52,-0.7967650652019814
27.719999999995515,-1.5,-1.1273711697240194,0.0,6.795299172703193e-52,-0.7762640666984975
27.739999999995504,-1.5,-1.1279703626137445,0.0,6.145546766114926e-52,-0.7674304399181894
27.759999999995493,-1.5,-1.128552117340959,0.0,5.557922336402665e-52,-0.7725100996617251
27.779999999995482,-1.5,-1.1291157454897445,0.0,5.026485335333625e-52,-0.7877296392889621
27.79999999999547,-1.5,-1.1296666217464892,0.0,4.5458632375703495e-52,-0.8085910253092061
27.81999999999546,-1.5,-1.1302134760067883,0.0,4.111197227500114e-52,-0.8317064485401641
27.83999999999545,-1.5,-1.1307644269150954,0.0,3.7180930793769974e-52,-0.852178185517421
27.859999999995438,-1.5,-1.1313258454297768,0.0,3.362576734202845e-52,-0.8641475741997627
27.879999999995427,-1.5,-1.1319012920379998,0.0,3.0410541242546983e-52,-0.8644730513273646
27.899999999995416,-1.5,-1.1324912298729026,0.0,2.7502748391075465e-52,-0.8533842342249975
27.919999999995404,-1.5,-1.1330935639771924,0.0,2.4872992658365893e-52,-0.8335357227919862
27.939999999995393,-1.5,-1.13370411020499,0.0,2.249468871205171e-52,-0.809063354265715
27.959999999995382,-1.5,-1.13431663312317,0.0,2.0343793254082457e-52,-0.7855142492489207
27.97999999999537,-1.5,-1.134922599124928,0.0,1.8398561956677217e-52,-0.770058673009218
27.99999999999536,-1.5,-1.135513529729503,0.0,1.6639329639557796e-52,-0.7683495476713764
28.01999999999535,-1.5,-1.1360859039779934,0.0,1.5048311466178785e-52,-0.7791824789199442
28.039999999995338,-1.5,-1.1366421513278786,0.0,1.3609423149161554e-52,-0.7976641043102854
28.059999999995327,-1.5,-1.137189917941083,0.0,1.2308118347311585e-52,-0.8201062046735206
28.079999999995316,-1.5,-1.1377378936692382,0.0,1.1131241610395588e-52,-0.84267343026998
28.099999999995305,-1.5,-1.138293434959923,0.0,1.0066895385033907e-52,-0.8595061812803034
28.119999999995294,-1.5,-1.1388616246622199,0.0,9.104319737213523e-53,-0.8658221468758583
28.139999999995283,-1.5,-1.1394444331016378,0.0,8.233783575484779e-53,-0.8602321979091647
28.15999999999527,-1.5,-1.1400409687806685,0.0,7.446486275170339e-53,-0.8443251787138508
28.17999999999526,-1.5,-1.1406480545335806,0.0,6.7344687090631345e-53,-0.8215689333631805
28.19999999999525,-1.5,-1.141260503261353,0.0,6.090532785184383e-53,-0.796764914472468
28.21999999999524,-1.5,-1.1418709807101204,0.0,5.508168678174206e-53,-0.776263905087857
28.239999999995227,-1.5,-1.1424701735986422,0.0,4.981489018665692e-53,-0.7674302653239896
28.259999999995216,-1.5,-1.1430519283191851,0.0,4.5051693753344515e-53,-0.7725099134678903
28.279999999995205,-1.5,-1.143615556455988,0.0,4.074394427931091e-53,-0.7877294430612514
28.299999999995194,-1.5,-1.1441664326924792,0.0,3.684809287136631e-53,-0.8085908240542878
28.319999999995183,-1.5,-1.1447132869223342,0.0,3.33247546911234e-53,-0.8317062506095575
28.33999999999517,-1.5,-1.145264237788369,0.0,3.0138310796717575e-53,-0.8521780047560477
28.35999999999516,-1.5,-1.1458256562483222,0.0,2.72565480555957e-53,-0.8641474265690974
28.37999999999515,-1.5,-1.1464011027906826,0.0,2.4650333488096837e-53,-0.8644729500939048
28.39999999999514,-1.5,-1.1469910405511248,0.0,2.229331974962404e-53,-0.8533841882704166
28.419999999995127,-1.5,-1.147593374575275,0.0,2.0161678773999753e-53,-0.8335357368198675
28.439999999995116,-1.5,-1.1482039207205046,0.0,1.823386088529087e-53,-0.8090634289750209
28.459999999995105,-1.5,-1.1488164435575925,0.0,1.6490376942861235e-53,-0.7855143805672424
28.479999999995094,-1.5,-1.1494224094840135,0.0,1.4913601317262188e-53,-0.7700588514748332
28.499999999995083,-1.5,-1.150013340017915,0.0,1.3487593705159616e-53,-0.7683497642954685
28.519999999995072,-1.5,-1.1505857142034712,0.0,1.2197937981947945e-53,-0.7791827216933735
28.53999999999506,-1.5,-1.1511419615033909,0.0,1.1031596462942797e-53,-0.7976643595416583
28.55999999999505,-1.5,-1.1516897280834915,0.0,9.976778099815996e-54,-0.8201064588746655
28.57999999999504,-1.5,-1.1522377037958396,0.0,9.022819279813989e-54,-0.8426736705274911
28.599999999995028,-1.5,-1.1527932450862886,0.0,8.160076022707621e-54,-0.8595063967243343
28.619999999995017,-1.5,-1.1533614348008934,0.0,7.37982648564591e-54,-0.8658223316089552
28.639999999995005,-1.5,-1.1539442432621554,0.0,6.674182790293382e-54,-0.860232350557047
28.659999999994994,-1.5,-1.1545407789704134,0.0,6.036011280873581e-54,-0.8443253004180353
28.679999999994983,-1.5,-1.155147864758325,0.0,5.458860406973002e-54,-0.8215690263820241
28.699999999994972,-1.5,-1.1557603135249814,0.0,4.936895502041651e-54,-0.7967649823551322
28.71999999999496,-1.5,-1.1563707910137737,0.0,4.464839798238062e-54,-0.7762639538432412
28.73999999999495,-1.5,-1.1569699839418988,0.0,4.03792108131243e-54,-0.7674303021596637
28.75999999999494,-1.5,-1.1575517387038812,0.0,3.6518234462391314e-54,-0.7725099422168782
28.779999999994928,-1.5,-1.1581153668808462,0.0,3.302643665875549e-54,-0.7877294696582937
28.799999999994917,-1.5,-1.1586662431560675,0.0,2.986851731559215e-54,-0.8085908516926039
28.819999999994906,-1.5,-1.1592130974236596,0.0,2.7012551667311636e-54,-0.8317062795253094
28.839999999994895,-1.5,-1.1597640483281872,0.0,2.442966752816584e-54,-0.8521780302654441
28.859999999994884,-1.5,-1.1603254668292329,0.0,2.2093753410897836e-54,-0.8641474402326506
28.879999999994872,-1.5,-1.1609009134159058,0.0,1.9981194554480637e-54,-0.8644729429513534
28.89999999999486,-1.5,-1.1614908512232078,0.0,1.8070634192335823e-54,-0.85338415302901
28.91999999999485,-1.5,-1.162093185295344,0.0,1.6342757647589726e-54,-0.8335356687086325
28.93999999999484,-1.5,-1.1627037314879196,0.0,1.4780097072693203e-54,-0.8090633259408597
28.959999999994828,-1.5,-1.1633162543697517,0.0,1.3366854859433837e-54,-0.7855142434612941
28.979999999994817,-1.5,-1.163922220336481,0.0,1.2088743934116294e-54,-0.7700586839910936
28.999999999994806,-1.5,-1.1645131509060176,0.0,1.0932843323386191e-54,-0.768349571341421
29.019999999994795,-1.5,-1.1650855251210648,0.0,9.887467530550158e-55,-0.7791825099966994
29.039999999994784,-1.5,-1.1656417724406238,0.0,8.942048401861131e-55,-0.7976641378095014
29.059999999994773,-1.5,-1.16618953902739,0.0,8.087028288504334e-55,-0.8201062371004814
29.07999999999476,-1.5,-1.1667375147324737,0.0,7.31376342421245e-55,-0.8426734602599841
29.09999999999475,-1.5,-1.1672930560020536,0.0,6.614436541712755e-55,-0.8595062105252009
29.11999999999474,-1.5,-1.167861245683947,0.0,5.981977844608242e-55,-0.8658221790873784
29.13999999999473,-1.5,-1.1684440541031413,0.0,5.4099935357634976e-55,-0.860232237250277
29.159999999994717,-1.5,-1.1690405897623215,0.0,4.892701179658012e-55,-0.8443252286286705
29.179999999994706,-1.5,-1.169647675496316,0.0,4.424871245257139e-55,-0.8215689960992987
29.199999999994695,-1.5,-1.1702601242067558,0.0,4.001774238432443e-55,-0.7967649910223079
29.219999999994684,-1.5,-1.1708706016403,0.0,3.619132889470311e-55,-0.7762639953433538
29.239999999994673,-1.5,-1.1714697945160777,0.0,3.27307891231177e-55,-0.7674303682055637
29.259999999994662,-1.5,-1.1720515492268553,0.0,2.960113898384079e-55,-0.7725100267506076
29.27999999999465,-1.5,-1.1726151773578355,0.0,2.677073949682995e-55,-0.7877295636789194
29.29999999999464,-1.5,-1.173166053594456,0.0,2.4210976935663238e-55,-0.8085909476067712
29.31999999999463,-1.5,-1.1737129078315098,0.0,2.189597355906542e-55,-0.8317063715005398
29.339999999994617,-1.5,-1.1742638587122944,0.0,1.9802326001685505e-55,-0.8521781154466485
29.359999999994606,-1.5,-1.1748252771943328,0.0,1.7908868679405144e-55,-0.8641475194092894
29.379999999994595,-1.5,-1.1754007237650272,0.0,1.6196459817340613e-55,-0.8644730193917667
29.399999999994584,-1.5,-1.1759906615586087,0.0,1.4647787937403226e-55,-0.8533842306582818
29.419999999994573,-1.5,-1.176592995619263,0.0,1.3247196849117667e-55,-0.8335357508252214
29.439999999994562,-1.5,-1.1772035418028197,0.0,1.198052737445513e-55,-0.8090634148392253
29.45999999999455,-1.5,-1.1778160646781504,0.0,1.0834974206609516e-55,-0.785514340688789
29.47999999999454,-1.5,-1.1784220306405322,0.0,9.798956455640388e-56,-0.770058790839125
29.49999999999453,-1.5,-1.1790129612089129,0.0,8.862000572272975e-56,-0.7683496871609596
29.519999999994518,-1.5,-1.179585335425939,0.0,8.014634466281444e-56,-0.7791826336896479
29.539999999994507,-1.5,-1.180141582752136,0.0,7.248291749052694e-56,-0.7976642667305288
29.559999999994496,-1.5,-1.1806893493518191,0.0,6.555225132277471e-56,-0.8201063667426054
29.579999999994484,-1.5,-1.1812373250770956,0.0,5.928428107278964e-56,-0.8426735836483055
29.599999999994473,-1.5,-1.1817928663748472,0.0,5.361564113201469e-56,-0.8595063179747655
29.619999999994462,-1.5,-1.1823610560925242,0.0,4.848902477989884e-56,-0.8658222615926889
29.63999999999445,-1.5,-1.1829438645537644,0.0,4.385260484559825e-56,-0.860232288284921
29.65999999999444,-1.5,-1.183540400259525,0.0,3.965950976480329e-56,-0.8443252443471869
29.67999999999443,-1.5,-1.1841474860427836,0.0,3.5867349734924752e-56,-0.8215689750245178
29.699999999994418,-1.5,-1.1847599348030093,0.0,3.2437788178337743e-56,-0.7967649342430213
29.719999999994407,-1.5,-1.1853704122842847,0.0,2.933615418142115e-56,-0.7762639071042107
29.739999999994396,-1.5,-1.1859696052041768,0.0,2.6531091991371874e-56,-0.7674302548739197
29.759999999994385,-1.5,-1.1865513599563215,0.0,2.399424402740637e-56,-0.7725098939302721
29.779999999994374,-1.5,-1.1871149881225034,0.0,2.169996420177339e-56,-0.7877294195363299
29.799999999994363,-1.5,-1.1876658643853557,0.0,1.962505865241659e-56,-0.8085908002291501
29.81999999999435,-1.5,-1.1882127186384697,0.0,1.7748551266242012e-56,-0.831706228564129
29.83999999999434,-1.5,-1.1887636695256885,0.0,1.6051471622564094e-56,-0.8521779838801343
29.85999999999433,-1.5,-1.189325088006084,0.0,1.4516663212959456e-56,-0.8641474037287539
29.879999999994318,-1.5,-1.1899005345689393,0.0,1.312860999874025e-56,-0.864472921128732
29.899999999994307,-1.5,-1.1904904723499656,0.0,1.1873279552642044e-56,-0.8533841493607645
29.919999999994296,-1.5,-1.1910928063943151,0.0,1.0737981198978023e-56,-0.8335356852166845
29.939999999994285,-1.5,-1.1917033525586826,0.0,9.711237718137277e-57,-0.8090633631957794
29.959999999994274,-1.5,-1.192315875413163,0.0,8.782669318432757e-57,-0.7855143003711048
29.979999999994263,-1.5,-1.1929218413547336,0.0,7.94288870232038e-57,-0.7700587576733912
29.99999999999425,-1.5,-1.1935127719011058,0.0,7.183406166168496e-57,-0.7683496587775537
30.01999999999424,-1.5,-1.1940851460959738,0.0,6.496543774190507e-57,-0.7791826071192454
30.03999999999423,-1.5,-1.1946413934002644,0.0,5.87535773888794e-57,-0.7976642397734627
30.05999999999422,-1.5,-1.19518915997818,0.0,5.313568223314513e-57,-0.8201063388491217
30.079999999994207,-1.5,-1.195737135681121,0.0,4.805495855502025e-57,-0.8426735565551183
30.099999999994196,-1.5,-1.1962926769548097,0.0,4.346004313245132e-57,-0.8595062963884469
30.119999999994185,-1.5,-1.196860866646025,0.0,3.9304483988098466e-57,-0.8658222512579654
30.139999999994174,-1.5,-1.1974436750785757,0.0,3.554627078630682e-57,-0.8602322943077557
30.159999999994163,-1.5,-1.198040210754188,0.0,3.214741013254501e-57,-0.8443252703706358
30.179999999994152,-1.5,-1.1986472965068926,0.0,2.907354148183012e-57,-0.8215690230398963
30.19999999999414,-1.5,-1.1992597452373832,0.0,2.629358977319208e-57,-0.7967650044779753
30.21999999999413,-1.5,-1.1998702226910434,0.0,2.3779451278509733e-57,-0.7762639979004271
30.23999999999412,-1.5,-1.2004694155862623,0.0,2.15057094898294e-57,-0.7674303631561291
30.259999999994108,-1.5,-1.2010511703166689,0.0,1.944937817294845e-57,-0.7725100161760282
30.279999999994097,-1.5,-1.2016147984659447,0.0,1.758966898968207e-57,-0.7877295507260821
30.299999999994085,-1.5,-1.2021656747190572,0.0,1.590778133960669e-57,-0.8085909345199007
30.319999999994074,-1.5,-1.2027125289707628,0.0,1.438671229669984e-57,-0.8317063595015451
30.339999999994063,-1.5,-1.2032634798650097,0.0,1.3011084719444082e-57,-0.8521781040469532
30.359999999994052,-1.5,-1.2038248983601494,0.0,1.1766991796686188e-57,-0.8641475065396966
30.37999999999404,-1.5,-1.2044003449440681,0.0,1.0641856457698636e-57,-0.8644730023685515
30.39999999999403,-1.5,-1.204990282750998,0.0,9.624304225159337e-58,-0.8533842070438529
30.41999999999402,-1.5,-1.2055926168248077,0.0,8.704048225665603e-58,-0.8335357188786687
30.439999999994008,-1.5,-1.2062031630208814,0.0,7.871785195304161e-58,-0.8090633736361668
30.459999999993997,-1.5,-1.2068156859076358,0.0,7.119101428952767e-58,-0.785514290111839
30.479999999993986,-1.5,-1.207421651880007,0.0,6.43838772251445e-58,-0.7700587314653534
30.499999999993975,-1.5,-1.2080125824566805,0.0,5.822762448198829e-58,-0.7683496202309876
30.519999999993964,-1.5,-1.2085849566799816,0.0,5.266001985185404e-58,-0.7791825609461762
30.539999999993952,-1.5,-1.20914120400929,0.0,4.762477802362459e-58,-0.7976641906745939
30.55999999999394,-1.5,-1.2096889706078888,0.0,4.3070995570839316e-58,-0.8201062905396374
30.57999999999393,-1.5,-1.2102369463274698,0.0,3.895263634705069e-58,-0.8426735113105193
30.59999999999392,-1.5,-1.2107924876148473,0.0,3.522806608660908e-58,-0.8595062542868831
30.619999999993908,-1.5,-1.2113606773179442,0.0,3.1859631505954814e-58,-0.8658222105348065
30.639999999993897,-1.5,-1.211943485761231,0.0,2.88132796503713e-58,-0.8602322524184784
30.659999999993886,-1.5,-1.212540021446542,0.0,2.6058213638011754e-58,-0.8443252249641021
30.679999999993875,-1.5,-1.2131471072077187,0.0,2.3566581320967793e-58,-0.8215689724183596
30.699999999993864,-1.5,-1.2137595559452372,0.0,2.1313193715920586e-58,-0.7967649476165928
30.719999999993853,-1.5,-1.2143700334044374,0.0,1.9275270357868875e-58,-0.7762639342215434
30.73999999999384,-1.5,-1.214969226303637,0.0,1.7432209002605154e-58,-0.7674302925820929
30.75999999999383,-1.5,-1.2155509810358989,0.0,1.5765377349763216e-58,-0.772509939734338
30.77999999999382,-1.5,-1.216114609184615,0.0,1.4257924680875663e-58,-0.7877294697614069
30.79999999999381,-1.5,-1.2166654854334715,0.0,1.2894611508209576e-58,-0.8085908515350435
30.819999999993797,-1.5,-1.2172123396764545,0.0,1.1661655512226984e-58,-0.8317062780917697
30.839999999993786,-1.5,-1.2177632905570104,0.0,1.0546592210185699e-58,-0.8521780295944764
30.859999999993775,-1.5,-1.218324709033434,0.0,9.538148947319436e-59,-0.8641474449033901
30.879999999993764,-1.5,-1.218900155594245,0.0,8.626130936719795e-59,-0.8644729581965592
30.899999999993753,-1.5,-1.2194900933746835,0.0,7.801318195848291e-59,-0.8533841833008418
30.919999999993742,-1.5,-1.2200924274197038,0.0,7.0553723377652205e-59,-0.8335357170314174
30.93999999999373,-1.5,-1.2207029735858779,0.0,6.380752274787829e-59,-0.8090633937498535
30.95999999999372,-1.5,-1.2213154964430688,0.0,5.770637982389767e-59,-0.7855143305433904
30.97999999999371,-1.5,-1.2219214623878298,0.0,5.218861552638277e-59,-0.7700587885921681
30.999999999993697,-1.5,-1.222512392938355,0.0,4.719844840158675e-59,-0.7683496907704807
31.019999999993686,-1.5,-1.2230847671381158,0.0,4.268543070262301e-59,-0.7791826405324979
31.039999999993675,-1.5,-1.2236410144483039,0.0,3.860393839148272e-59,-0.7976642744486876
31.059999999993664,-1.5,-1.2241887810335113,0.0,3.4912709906001193e-59,-0.8201063738758927
31.079999999993653,-1.5,-1.224736756745505,0.0,3.15744290289698e-59,-0.8426735900061387
31.099999999993642,-1.5,-1.2252922980303986,0.0,2.855534764243794e-59,-0.8595063251277335
31.11999999999363,-1.5,-1.2258604877350237,0.0,2.58249445534658e-59,-0.8658222720952541
31.13999999999362,-1.5,-1.2264432961828486,0.0,2.3355616942250718e-59,-0.8602323047419784
31.15999999999361,-1.5,-1.2270398318750548,0.0,2.112240131334349e-59,-0.8443252688008036
31.179999999993598,-1.5,-1.2276469176450422,0.0,1.9102721128930282e-59,-0.8215690087321746
31.199999999993587,-1.5,-1.2282593663927694,0.0,1.7276158572896502e-59,-0.796764977632881
31.219999999993576,-1.5,-1.2288698438627765,0.0,1.5624248138337287e-59,-0.7762639598109182
31.239999999993564,-1.5,-1.2294690367729342,0.0,1.4130289951801928e-59,-0.7674303158798524
31.259999999993553,-1.5,-1.2300507915170693,0.0,1.277918094708669e-59,-0.7725099616877336
31.279999999993542,-1.5,-1.2306144196777085,0.0,1.1557262181839244e-59,-0.7877294918805893
31.29999999999353,-1.5,-1.2311652959387174,0.0,1.0452180753432556e-59,-0.8085908743191377
31.31999999999352,-1.5,-1.2317121501943469,0.0,9.452764918156424e-60,-0.8317063009769559
31.33999999999351,-1.5,-1.232263101088647,0.0,8.54891115125274e-60,-0.8521780502537821
31.359999999993498,-1.5,-1.2328245195804655,0.0,7.731482006035861e-60,-0.8641474598201799
31.379999999993487,-1.5,-1.233399966158394,0.0,6.992213739511947e-60,-0.8644729639140983
31.399999999993476,-1.5,-1.2339899039572966,0.0,6.323632770644887e-60,-0.8533841771498255
31.419999999993465,-1.5,-1.2345922380215169,0.0,5.718980126709498e-60,-0.833535697348788
31.439999999993454,-1.5,-1.235202784206898,0.0,5.172143113927653e-60,-0.8090633599195456
31.459999999993443,-1.5,-1.2358153070824704,0.0,4.6775935216163894e-60,-0.7855142831051571
31.47999999999343,-1.5,-1.236421273043963,0.0,4.230331735127172e-60,-0.7700587292712673
31.49999999999342,-1.5,-1.2370122036095872,0.0,3.8258361925899076e-60,-0.7683496215896605
31.51999999999341,-1.5,-1.2375845778221788,0.0,3.4600176744982446e-60,-0.7791825642411844
31.539999999993398,-1.5,-1.2381408251415194,0.0,3.129177964029861e-60,-0.7976641944659689
31.559999999993387,-1.5,-1.2386885917310504,0.0,2.8299724601811514e-60,-0.8201062939584832
31.579999999993376,-1.5,-1.2392365674422443,0.0,2.5593763657564013e-60,-0.8426735142942152
31.599999999993365,-1.5,-1.2397921087214343,0.0,2.3146541083912667e-60,-0.859506257885611
31.619999999993354,-1.5,-1.240360298416163,0.0,2.0933316854745482e-60,-0.8658222164029732
31.639999999993343,-1.5,-1.2409431068508068,0.0,1.8931716533911501e-60,-0.8602322622219879
31.65999999999333,-1.5,-1.241539642527353,0.0,1.7121505082417375e-60,-0.8443252399987397
31.67999999999332,-1.5,-1.2421467282799181,0.0,1.5484382293710418e-60,-0.8215689934749206
31.69999999999331,-1.5,-1.2427591770093,0.0,1.400379778901542e-60,-0.7967649749516945
31.7199999999933,-1.5,-1.2433696544611423,0.0,1.2664783702433476e-60,-0.7762639675752339
31.739999999993287,-1.5,-1.2439688473539625,0.0,1.1453803364344479e-60,-0.7674303312736257
31.759999999993276,-1.5,-1.244550602080935,0.0,1.0358614453388686e-60,-0.7725099827606235
31.779999999993265,-1.5,-1.2451142302259395,0.0,9.368145233571852e-61,-0.7877295157166155
31.799999999993254,-1.5,-1.2456651064734472,0.0,8.472382625321554e-61,-0.8085908985948005
31.819999999993243,-1.5,-1.2462119607178617,0.0,7.662270978956849e-61,-0.8317063240744076
31.839999999993232,-1.5,-1.2467629116027548,0.0,6.929620527228738e-61,-0.8521780717423071
31.85999999999322,-1.5,-1.247324330086269,0.0,6.267024591438731e-61,-0.8641474805515528
31.87999999999321,-1.5,-1.2478997766564823,0.0,5.667784704136564e-61,-0.8644729854592849
31.8999999999932,-1.5,-1.2484897144480973,0.0,5.1258428914301894e-61,-0.8533842011343934
31.919999999993188,-1.5,-1.2490920485055592,0.0,4.635720430320765e-61,-0.833535725036548
31.939999999993177,-1.5,-1.2497025946849063,0.0,4.192462461934202e-61,-0.8090633920943066
31.959999999993165,-1.5,-1.250315117555331,0.0,3.791587900720574e-61,-0.7855143201272246
31.979999999993154,-1.5,-1.250921083512601,0.0,3.42904413323195e-61,-0.7700587712168547
31.999999999993143,-1.5,-1.2515120140752292,0.0,3.1011660485090786e-61,-0.7683496679115137
32.01999999999317,-1.5,-1.2520843882861472,0.0,2.8046389858974952e-61,-0.779182614131863
32.03999999999319,-1.5,-1.2526406356058335,0.0,2.536465225716565e-61,-0.7976642465445385
32.05999999999322,-1.5,-1.253188402198409,0.0,2.2939336840212228e-61,-0.8201063462364673
32.07999999999324,-1.5,-1.2537363779156916,0.0,2.0745925050877046e-61,-0.8426735639890575
32.099999999993265,-1.5,-1.2542919192041835,0.0,1.8762242745489322e-61,-0.859506301395046
32.11999999999329,-1.5,-1.254860108911193,0.0,1.696823602598452e-61,-0.8658222505332888
32.139999999993314,-1.5,-1.2554429173605393,0.0,1.5345768506419032e-61,-0.8602322847659561
32.15999999999334,-1.5,-1.2560394530535597,0.0,1.3878437964440003e-61,-0.8443252497280055
32.17999999999336,-1.5,-1.2566465388236998,0.0,1.255141052416122e-61,-0.8215689899849264
32.19999999999339,-1.5,-1.2572589875709728,0.0,1.135127069412827e-61,-0.7967649587334545
32.21999999999341,-1.5,-1.2578694650400695,0.0,1.0265885744342357e-61,-0.7762639402535404
32.23999999999344,-1.5,-1.2584686579489324,0.0,9.284283051271647e-62,-0.7674302952190425
32.25999999999346,-1.5,-1.2590504126911086,0.0,8.396539170878129e-62,-0.7725099399665574
32.279999999993485,-1.5,-1.2596140408492325,0.0,7.5936795182514685e-62,-0.7877294691009576
32.29999999999351,-1.5,-1.2601649171068425,0.0,6.867587639668123e-62,-0.8085908509477792
32.319999999993534,-1.5,-1.2607117713579625,0.0,6.2109231598678744e-62,-0.8317062779409892
32.33999999999356,-1.5,-1.2612627222464086,0.0,5.61704757504155e-62,-0.8521780292383191
32.35999999999358,-1.5,-1.2618241407309037,0.0,5.079957141339251e-62,-0.8641474428566738
32.37999999999361,-1.5,-1.2623995873001694,0.0,4.594222180440186e-62,-0.8644729527478214
32.39999999999363,-1.5,-1.2629895250893728,0.0,4.15493218859797e-62,-0.8533841729870203
32.41999999999366,-1.5,-1.2635918591432265,0.0,3.757646194245105e-62,-0.8335357008548564
32.43999999999368,-1.5,-1.264202405317988,0.0,3.398347862300325e-62,-0.8090633712327062
32.459999999993705,-1.5,-1.2648149281831824,0.0,3.0734048913089036e-62,-0.7855143017452186
32.47999999999373,-1.5,-1.26542089413507,0.0,2.779532292944156e-62,-0.7700587540722689
32.499999999993754,-1.5,-1.266011824691747,0.0,2.5137591826468157e-62,-0.7683496514030583
32.51999999999378,-1.5,-1.266584198896437,0.0,2.2733987456745634e-62,-0.7791825975275304
32.5399999999938,-1.5,-1.267140446209613,0.0,2.0560210749355753e-62,-0.7976642294399405
32.55999999999383,-1.5,-1.2676882127952442,0.0,1.8594286060120681e-62,-0.8201063288199678
32.57999999999385,-1.5,-1.2682361885048798,0.0,1.6816339010359228e-62,-0.8426735472619952
32.59999999999388,-1.5,-1.2687917297846498,0.0,1.5208395568240184e-62,-0.8595062873774723
32.6199999999939,-1.5,-1.2693599194817071,0.0,1.375420034155976e-62,-0.8658222414790208
32.639999999993925,-1.5,-1.2699427279200188,0.0,1.2439052244986624e-62,-0.8602322825670681
32.65999999999395,-1.5,-1.2705392636012627,0.0,1.1249655880463934e-62,-0.8443252556734947
32.679999999993974,-1.5,-1.271146349359313,0.0,1.0173987128308974e-62,-0.8215690047324117
32.699999999994,-1.5,-1.2717587980946812,0.0,9.201171590212938e-63,-0.7967649822636165
32.71999999999402,-1.5,-1.2723692755526086,0.0,8.321374655268838e-63,-0.776263971792191
32.73999999999405,-1.5,-1.2729684684513825,0.0,7.525702077657708e-63,-0.7674303334434383
32.75999999999407,-1.5,-1.2735502231844806,0.0,6.806110060890147e-63,-0.7725099834884117
32.7799999999941,-1.5,-1.2741138513353165,0.0,6.155323939606133e-63,-0.7877295159285775
32.79999999999412,-1.5,-1.27466472758828,0.0,5.566764636852364e-63,-0.8085908988695002
32.819999999994145,-1.5,-1.2752115818378043,0.0,5.034482153362173e-63,-0.8317063246082996
32.83999999999417,-1.5,-1.2757625327276936,0.0,4.553095416452477e-63,-0.8521780720946833
32.859999999994194,-1.5,-1.2763239512163573,0.0,4.1177378804443685e-63,-0.8641474797554144
32.87999999999422,-1.5,-1.2768993977919916,0.0,3.724008328658634e-63,-0.8644729824172136
32.89999999999424,-1.5,-1.277489335589246,0.0,3.367926379622366e-63,-0.8533841949164178
32.91999999999427,-1.5,-1.2780916696524083,0.0,3.0458922476797654e-63,-0.8335357150130775
32.93999999999429,-1.5,-1.2787022158373123,0.0,2.754650351209857e-63,-0.8090633779690204
32.95999999999432,-1.5,-1.2793147387129291,0.0,2.491256400550903e-63,-0.7855143019503988
32.97999999999434,-1.5,-1.2799207046748322,0.0,2.2530476329091912e-63,-0.770058749364127
32.999999999994365,-1.5,-1.2805116352414778,0.0,2.03761589334409e-63,-0.7683496429502882
33.01999999999439,-1.5,-1.2810840094556348,0.0,1.8427832896934473e-63,-0.779182586846265
33.039999999994414,-1.5,-1.2816402567773226,0.0,1.6665801753245107e-63,-0.7976642179853414
33.05999999999444,-1.5,-1.2821880233702658,0.0,1.5072252371285182e-63,-0.8201063176526093
33.07999999999446,-1.5,-1.2827359990861473,0.0,1.3631074874599266e-63,-0.8426735368752962
33.09999999999449,-1.5,-1.2832915403714835,0.0,1.2327699779690463e-63,-0.859506277438428
33.11999999999451,-1.5,-1.2838597300737913,0.0,1.1148950706842045e-63,-0.8658222310710346
33.13999999999454,-1.5,-1.2844425385172076,0.0,1.0082911174424686e-63,-0.8602322706077912
33.15999999999456,-1.5,-1.285039074203381,0.0,9.118804130055662e-64,-0.8443252412438322
33.179999999994585,-1.5,-1.2856461599660545,0.0,8.246883000738597e-64,-0.8215689872169023
33.19999999999461,-1.5,-1.2862586087055887,0.0,7.458333160562807e-64,-0.7967649613641945
33.219999999994634,-1.5,-1.2868690861671137,0.0,6.745182819856767e-64,-0.7762639474754707
33.23999999999466,-1.5,-1.2874682790688354,0.0,6.100222434935803e-64,-0.7674303059197397
33.25999999999468,-1.5,-1.2880500338040772,0.0,5.5169318237225035e-64,-0.7725099533044998
33.27999999999471,-1.5,-1.2886136619560307,0.0,4.989414250420266e-64,-0.7877294838311318
33.29999999999473,-1.5,-1.289164538208559,0.0,4.5123368128735794e-64,-0.8085908659848763
33.31999999999476,-1.5,-1.289711392455796,0.0,4.0808765299652235e-64,-0.8317062924085077
33.33999999999478,-1.5,-1.2902623433414002,0.0,3.690671584024678e-64,-0.8521780426143071
33.359999999994805,-1.5,-1.2908237618238192,0.0,3.33777722533627e-64,-0.8641474550972074
33.37999999999483,-1.5,-1.2913992083915284,0.0,3.0186258929667458e-64,-0.8644729641735218
33.399999999994854,-1.5,-1.2919891461795656,0.0,2.7299911487565706e-64,-0.8533841840500593
33.41999999999488,-1.5,-1.2925914802326126,0.0,2.4689550598681375e-64,-0.8335357119615315
33.4399999999949,-1.5,-1.293202026406927,0.0,2.232878700147033e-64,-0.8090633826901883
33.45999999999493,-1.5,-1.2938145492720041,0.0,2.0193754720819364e-64,-0.7855143138039552
33.47999999999495,-1.5,-1.294420515224013,0.0,1.8262869796633457e-64,-0.7700587669989745
33.49999999999498,-1.5,-1.2950114457812034,0.0,1.6516612082294993e-64,-0.7683496651940316
33.519999999995,-1.5,-1.295583819986761,0.0,1.4937327907101439e-64,-0.7791826121464523
33.539999999995025,-1.5,-1.296140067301319,0.0,1.3509051607711323e-64,-0.7976642446551414
33.55999999999505,-1.5,-1.2966878338890304,0.0,1.2217344124382992e-64,-0.8201063441433799
33.579999999995074,-1.5,-1.2972358096015772,0.0,1.1049147030306118e-64,-0.842673561862637
33.5999999999951,-1.5,-1.2977913508852021,0.0,9.992650518345617e-65,-0.8595063000344635
33.61999999999512,-1.5,-1.2983595405870352,0.0,9.037174010619216e-65,-0.8658222510173168
33.63999999999515,-1.5,-1.2989423490308885,0.0,8.173058183939446e-65,-0.860232288107728
33.65999999999517,-1.5,-1.2995388847182234,0.0,7.391567319558849e-65,-0.8443252566802583
33.679999999995196,-1.5,-1.300145970482676,0.0,6.684800990029898e-65,-0.8215690009821892
33.69999999999522,-1.5,-1.3007584192244805,0.0,6.045614190384151e-65,-0.7967649738718485
33.719999999995245,-1.5,-1.3013688966885526,0.0,5.467545106202292e-65,-0.7762639592824073
33.73999999999527,-1.5,-1.3019680895929793,0.0,4.944749788351464e-65,-0.7674303176177423
33.759999999995294,-1.5,-1.3025498443313381,0.0,4.471943073988643e-65,-0.7725099650758558
33.77999999999532,-1.5,-1.303113472486603,0.0,4.044345156575101e-65,-0.7877294959889327
33.79999999999534,-1.5,-1.3036643487427844,0.0,3.6576332647551984e-65,-0.8085908784776863
33.81999999999537,-1.5,-1.3042112029941464,0.0,3.3078979616005342e-65,-0.8317063048110059
33.83999999999539,-1.5,-1.3047621538845513,0.0,2.991603622429686e-65,-0.852178053882862
33.859999999995416,-1.5,-1.3053235723726022,0.0,2.705552691656816e-65,-0.8641474638259449
33.87999999999544,-1.5,-1.3058990189467463,0.0,2.4468533573262477e-65,-0.8644729690642315
33.899999999995465,-1.5,-1.3064889567418427,0.0,2.2128903165409713e-65,-0.8533841841473616
33.91999999999549,-1.5,-1.3070912908023231,0.0,2.0012983362402144e-65,-0.8335357066989082
33.939999999995514,-1.5,-1.3077018369841567,0.0,1.8099383420405924e-65,-0.8090633718938889
33.95999999999554,-1.5,-1.308314359856501,0.0,1.6368757934126661e-65,-0.7855142977459254
33.97999999999556,-1.5,-1.3089203258151774,0.0,1.4803611265782298e-65,-0.7700587464253967
33.99999999999559,-1.5,-1.3095112563784765,0.0,1.3388120674171908e-65,-0.7683496409066994
34.01999999999561,-1.5,-1.3100836305893242,0.0,1.2107976355775863e-65,-0.7791825852280989
34.039999999995636,-1.5,-1.3106398779078317,0.0,1.0950236780794118e-65,-0.797664216409424
34.05999999999566,-1.5,-1.3111876444977366,0.0,9.903197861652316e-66,-0.8201063159489963
34.079999999995685,-1.5,-1.3117356202106345,0.0,8.956274631343875e-66,-0.8426735351715677
34.09999999999571,-1.5,-1.312291161492881,0.0,8.099894235443489e-66,-0.8595062762582731
34.119999999995734,-1.5,-1.3128593511918838,0.0,7.325399156002238e-66,-0.8658222311081586
34.13999999999576,-1.5,-1.3134421596317791,0.0,6.624959688973049e-66,-0.8602322725074312
34.15999999999578,-1.5,-1.3140386953142988,0.0,5.991494790363128e-66,-0.8443252454821434
34.17999999999581,-1.5,-1.314645781073309,0.0,5.418600490913049e-66,-0.8215689940663583
34.19999999999583,-1.5,-1.3152582298093123,0.0,4.900485155615672e-66,-0.796764970880496
34.219999999995856,-1.5,-1.315868707267587,0.0,4.4319109335855456e-66,-0.7762639594904744
34.23999999999588,-1.5,-1.3164679001664321,0.0,4.008140806370304e-66,-0.767430320092078
34.259999999995905,-1.5,-1.3170496548991875,0.0,3.6248906993926384e-66,-0.7725099692098378
34.27999999999593,-1.5,-1.3176132830492655,0.0,3.278286172396831e-66,-0.7877295008688885
34.299999999995954,-1.5,-1.318164159300828,0.0,2.964823251064917e-66,-0.8085908834285697
34.31999999999598,-1.5,-1.318711013548161,0.0,2.6813330038324396e-66,-0.8317063094313032
34.339999999996,-1.5,-1.319261964434951,0.0,2.424949505795573e-66,-0.8521780582293194
34.35999999999603,-1.5,-1.3198233829195658,0.0,2.1930808658429752e-66,-0.864147468396698
34.37999999999605,-1.5,-1.3203988294903055,0.0,1.9833830241131754e-66,-0.8644729745503307
34.399999999996076,-1.5,-1.3209887672820129,0.0,1.7937360548847112e-66,-0.8533841911956873
34.4199999999961,-1.5,-1.321591101339195,0.0,1.6222227353347418e-66,-0.8335357157814426
34.439999999996125,-1.5,-1.3222016475179283,0.0,1.467109163508492e-66,-0.8090633832721796
34.45999999999615,-1.5,-1.3228141703874763,0.0,1.3268272295582412e-66,-0.785514311478403
34.479999999996174,-1.5,-1.3234201363437346,0.0,1.1999587630460656e-66,-0.7700587624033826
34.4999999999962,-1.5,-1.3240110669050753,0.0,1.0852211960485992e-66,-0.7683496588276746
34.51999999999622,-1.5,-1.324583441114498,0.0,9.814545971259687e-67,-0.7791826046635291
34.53999999999625,-1.5,-1.3251396884324107,0.0,8.876099450757137e-67,-0.7976642367231268
34.55999999999627,-1.5,-1.3256874550228255,0.0,8.027385239260247e-67,-0.8201063363126859
34.579999999996296,-1.5,-1.3262354307374535,0.0,7.259823319577231e-67,-0.8426735545101436
34.59999999999632,-1.5,-1.3267909720226814,0.0,6.565654077956565e-67,-0.8595062932623297
34.619999999996345,-1.5,-1.3273591617257985,0.0,5.937859858812377e-67,-0.8658222446695745
34.63999999999637,-1.5,-1.3279419701707205,0.0,5.370094020224224e-67,-0.8602322818985301
34.659999999996394,-1.5,-1.328538505858939,0.0,4.856616773002756e-67,-0.8443252503249229
34.67999999999642,-1.5,-1.3291455916240824,0.0,4.3922371546907965e-67,-0.8215689942629725
34.69999999999644,-1.5,-1.329758040366375,0.0,3.972260551890029e-67,-0.7967649666387248
34.71999999999647,-1.5,-1.33036851783075,0.0,3.592441240393923e-67,-0.7762639514166351
34.73999999999649,-1.5,-1.3309677107353004,0.0,3.24893946333466e-67,-0.7674303090485836
34.759999999996516,-1.5,-1.331549465473519,0.0,2.9382826134285918e-67,-0.7725099558901293
34.77999999999654,-1.5,-1.3321130936283723,0.0,2.6573301268948427e-67,-0.7877294862929295
34.799999999996565,-1.5,-1.3326639698837217,0.0,2.4032417341445676e-67,-0.8085908685367013
34.81999999999659,-1.5,-1.3332108241337384,0.0,2.1734487462734217e-67,-0.8317062950434208
34.839999999996614,-1.5,-1.333761775022211,0.0,1.9656280870800417e-67,-0.8521780449581291
34.85999999999664,-1.5,-1.33432319350772,0.0,1.7776788080890355e-67,-0.8641474565015613
34.87999999999666,-1.5,-1.3348986400787815,0.0,1.6077008491587402e-67,-0.8644729639607565
34.89999999999669,-1.5,-1.3354885778703762,0.0,1.453975829955598e-67,-0.8533841816743062
34.91999999999671,-1.5,-1.3360909119270772,0.0,1.3149496781078924e-67,-0.8335357070690411
34.939999999996736,-1.5,-1.336701458105006,0.0,1.1892169184193753e-67,-0.8090633751327706
34.95999999999676,-1.5,-1.3373139809735066,0.0,1.0755064643156909e-67,-0.7855143036544512
34.979999999996785,-1.5,-1.3379199469286058,0.0,9.726687678832072e-68,-0.7700587545485855
34.99999999999681,-1.5,-1.338510877488539,0.0,8.79664198594472e-68,-0.7683496508181604
35.019999999996834,-1.5,-1.3390832516963782,0.0,7.95552533235826e-68,-0.7791825963591873
35.03999999999686,-1.5,-1.3396394990124785,0.0,7.194834507863274e-68,-0.7976642281169464
35.05999999999688,-1.5,-1.340187265600759,0.0,6.506879361566338e-68,-0.8201063276059745
35.07999999999691,-1.5,-1.3407352413128313,0.0,5.8847050588453295e-68,-0.8426735461869311
35.09999999999693,-1.5,-1.3412907825949663,0.0,5.3220217719333475e-68,-0.8595062861477468
35.119999999996956,-1.5,-1.3418589722944294,0.0,4.8131410933431156e-68,-0.8658222396221842
35.13999999999698,-1.5,-1.3424417807352171,0.0,4.352918529307793e-68,-0.860232279603492
35.159999999997005,-1.5,-1.3430383164189659,0.0,3.9367014918796565e-68,-0.8443252512283417
35.17999999999703,-1.5,-1.3436454021794695,0.0,3.5602822639163796e-68,-0.8215689985757865
35.199999999997054,-1.5,-1.344257850917149,0.0,3.2198554614577395e-68,-0.7967649743188014
35.21999999999708,-1.5,-1.3448683283771614,0.0,2.9119795634615824e-68,-0.7762639621294696
35.2399999999971,-1.5,-1.3454675212777363,0.0,2.6335421199866186e-68,-0.767430322252994
35.25999999999713,-1.5,-1.3460492760123195,0.0,2.381728287096584e-68,-0.7725099710550768
35.27999999999715,-1.5,-1.3466129041641854,0.0,2.1539923703915743e-68,-0.7877295026524175
35.299999999997176,-1.5,-1.3471637804174998,0.0,1.948032089487866e-68,-0.8085908852739888
35.3199999999972,-1.5,-1.3477106346665741,0.0,1.7617653032747734e-68,-0.8317063113226456
35.339999999997225,-1.5,-1.3482615855551756,0.0,1.5933089606541553e-68,-0.8521780599185687
35.35999999999725,-1.5,-1.3488230040417546,0.0,1.4409600639665264e-68,-0.8641474694653926
35.379999999997274,-1.5,-1.349398450614634,0.0,1.3031784526548671e-68,-0.8644729745659215
35.3999999999973,-1.5,-1.3499883884086197,0.0,1.1785712331187716e-68,-0.8533841898122864
35.41999999999732,-1.5,-1.3505907224681464,0.0,1.0658786973536403e-68,-0.8335357127763826
35.43999999999735,-1.5,-1.3512012686492034,0.0,9.63961588020367e-69,-0.80906337855398
35.45999999999737,-1.5,-1.351813791520957,0.0,8.717895812026419e-69,-0.7855143050973005
35.479999999997396,-1.5,-1.3524197574792078,0.0,7.88430870419102e-69,-0.7700587545505704
35.49999999999742,-1.5,-1.3530106880423236,0.0,7.130427465906253e-69,-0.7683496497450589
35.519999999997445,-1.5,-1.3535830622532283,0.0,6.44863078731607e-69,-0.7791825946819737
35.53999999999747,-1.5,-1.354139309572153,0.0,5.832026092398567e-69,-0.7976642262652694
35.559999999997494,-1.5,-1.354687076162962,0.0,5.274379858948905e-69,-0.8201063258566142
35.57999999999752,-1.5,-1.3552350518773233,0.0,4.770054601220855e-69,-0.8426735445998189
35.59999999999754,-1.5,-1.355790593161642,0.0,4.3139518781574115e-69,-0.8595062844793756
35.61999999999757,-1.5,-1.3563587825034578,1.3875422440966684e-07,4.72917665520849e-09,-0.8658221809734309
35.63999999999759,-1.5,-1.3569415758088756,3.2913925289506266e-07,2.8268177633868923e-08,-0.8602298862172929
35.659999999997616,-1.5,-1.3575380305136162,4.4162989733702627e-07,6.368664321852491e-08,-0.8443107020898394
35.67999999999764,-1.5,-1.3581448951916384,4.7382115269704383e-07,1.0214181857930115e-07,-0.8215223001197912
35.699999999997665,-1.5,-1.3587569066473917,4.3872985133723246e-07,1.3625186873971794e-07,-0.7966565634790193
35.71999999999769,-1.5,-1.3593666699529579,3.6050043978532277e-07,1.6124307449285926e-07,-0.7760569166263163
35.739999999997714,-1.5,-1.3599648377903637,2.5878409225098985e-07,1.7497780355559116e-07,-0.7670828945703105
35.75999999999774,-1.5,-1.360545251952508,1.3564743544696133e-07,1.7654501119722253e-07,-0.7719791471408887
35.77999999999776,-1.5,-1.3611072458561075,3.3455116700492596e-08,1.6658337227309833e-07,-0.7869747980187807
35.79999999999779,-1.5,-1.3616562399275953,5.559783725878787e-08,1.538393782860086e-07,-0.8075772148752526
35.81999999999781,-1.5,-1.3622010104610252,2.1522348909703032e-07,1.520551354551783e-07,-0.8304031495138522
35.839999999997836,-1.5,-1.36274969025488,4.6113388192277505e-07,1.7081564856552216e-07,-0.8505561732389021
35.85999999999786,-1.5,-1.3633086170132531,7.227046208409453e-07,2.1268139803774346e-07,-0.8621761886553785
35.879999999997885,-1.5,-1.3638812691596185,9.427079297670061e-07,2.736715259159132e-07,-0.8621172642704241
35.89999999999791,-1.5,-1.3644679904586852,1.091029464569654e-06,3.4618963512576634e-07,-0.850602766495558
35.919999999997934,-1.5,-1.3650665486570999,1.1571013044561181e-06,4.215818170558632e-07,-0.8302800253417228
35.93999999999796,-1.5,-1.3656726262997012,1.1467975473041645e-06,4.918999601883204e-07,-0.8052760039029945
35.95999999999798,-1.5,-1.3662798802439433,1.0798916511640986e-06,5.512850596227949e-07,-0.781125131850168
35.97999999999801,-1.5,-1.366879713344424,9.802870041291287e-07,5.96706450034187e-07,-0.764978744395527
35.99999999999803,-1.5,-1.367463628740245,8.606056420510164e-07,6.271896972263429e-07,-0.7624714703667294
36.019999999998056,-1.5,-1.3680281107268775,7.286168637583549e-07,6.423604810862121e-07,-0.7723927660717564
36.03999999999808,-1.5,-1.3685756166213228,6.712140588055002e-07,6.464934438912213e-07,-0.7898508872264675
36.059999999998105,-1.5,-1.3691138527006481,7.589925898136708e-07,6.524447050665738e-07,-0.8111574823784296
36.07999999999813,-1.5,-1.3696515435275334,9.619401786739565e-07,6.727756575169129e-07,-0.8324724686067857
36.099999999998154,-1.5,-1.370196035340273,1.216596469427979e-06,7.139053984631478e-07,-0.8479410965385008
36.11999999999818,-1.5,-1.3707523553936023,1.4550202644815356e-06,7.7503865733249e-07,-0.8528018031406502
36.1399999999982,-1.5,-1.3713223769619176,1.6341284928958027e-06,8.501868692975906e-07,-0.8456978315765553
36.15999999999823,-1.5,-1.3719050858992285,1.7344749887788896e-06,9.311530189407465e-07,-0.8282525009480056
36.17999999999825,-1.5,-1.372497181885838,1.7538839914019623e-06,1.0096039791561742e-06,-0.8039570062312241
36.199999999998276,-1.5,-1.3730933836697616,1.705561274597418e-06,1.0786376212224428e-06,-0.7776113357937383
36.2199999999983,-1.5,-1.3736863228947847,1.613960416711666e-06,1.1339370607340786e-06,-0.755529490846208
36.239999999998325,-1.5,-1.3742667286106187,1.499182898095436e-06,1.1738176707566283e-06,-0.7450073591984375
36.25999999999835,-1.5,-1.3748284953858345,1.3634084288484115e-06,1.1978066407398637e-06,-0.7482534181128162
36.279999999998374,-1.5,-1.375370951370986,1.2487754190567388e-06,1.2069214082619765e-06,-0.7614910234449161
36.2999999999984,-1.5,-1.3758995276508987,1.2591087379476041e-06,1.2102761922701875e-06,-0.7802237353732757
36.31999999999842,-1.5,-1.3764230204311072,1.4067333293996036e-06,1.2219177983261275e-06,-0.8010486134465165
36.33999999999845,-1.5,-1.3769495546994095,1.640420090024936e-06,1.2516575477100492e-06,-0.8190612118969002
36.35999999999847,-1.5,-1.3774854622847146,1.8898998078086536e-06,1.3022886351843103e-06,-0.8284403376148914
36.379999999998496,-1.5,-1.3780342215052606,2.098255424387101e-06,1.3700711355143127e-06,-0.8261252214140246
36.39999999999852,-1.5,-1.3785961806822034,2.235618300214229e-06,1.4476538352155083e-06,-0.8124470975495334
36.419999999998545,-1.5,-1.3791691256871643,2.291508276716115e-06,1.52661997330506e-06,-0.7901476610012566
36.43999999999857,-1.5,-1.3797487869694296,2.2717323891302972e-06,1.5992355092500893e-06,-0.763398905888142
36.459999999998594,-1.5,-1.3803289204746956,2.1960216982425296e-06,1.659827700881256e-06,-0.7377037260884466
36.47999999999862,-1.5,-1.3809011009595191,2.0885887009027583e-06,1.7055469303968438e-06,-0.7200962388585466
36.49999999999864,-1.5,-1.3814570033808105,1.9622288000206836e-06,1.7356128941873698e-06,-0.716087306203813
36.51999999999867,-1.5,-1.3819931441672366,1.8241606200017687e-06,1.7498069278508545e-06,-0.7244368644939068
36.53999999999869,-1.5,-1.382511934440988,1.7614228092694613e-06,1.752509026133273e-06,-0.7402659939211627
36.559999999998716,-1.5,-1.3830210872832929,1.8440877472321107e-06,1.756680338730251e-06,-0.7598719745697907
36.57999999999874,-1.5,-1.3835293078830693,2.041237071626201e-06,1.7748759784502275e-06,-0.7793868102737058
36.599999999998765,-1.5,-1.3840439083261367,2.289736494362891e-06,1.8134980384387562e-06,-0.7929729178815528
36.61999999999879,-1.5,-1.3845698843075704,2.522030013405226e-06,1.8717727641691412e-06,-0.7959592687931674
36.639999999998814,-1.5,-1.3851090799032502,2.695467792029022e-06,1.943770961532717e-06,-0.787133481618027
36.65999999999884,-1.5,-1.3856604666456849,2.790913257781348e-06,2.0213856358179945e-06,-0.7682660956043934
36.67999999999886,-1.5,-1.3862207688580575,2.8062398967399187e-06,2.0963814261844953e-06,-0.7429404271054111
36.69999999999889,-1.5,-1.3867847934782864,2.7544859855539353e-06,2.1619361267472114e-06,-0.7159467928378909
36.71999999999891,-1.5,-1.3873453489897265,2.660096283783023e-06,2.2137933812803737e-06,-0.6934630625449341
36.739999999998936,-1.5,-1.387893420070349,2.543503223450326e-06,2.2503464957585088e-06,-0.6825527897092718
36.75999999999896,-1.5,-1.3884230049722182,2.4067798509060724e-06,2.271203307906963e-06,-0.6853134013705909
36.779999999998985,-1.5,-1.3889333474612857,2.29140717336057e-06,2.2774031355557456e-06,-0.6979799466480537
36.79999999999901,-1.5,-1.389429801935418,2.3014169927425645e-06,2.2780795685917366e-06,-0.7160718714562201
36.819999999999034,-1.5,-1.3899211246902536,2.447846313711852e-06,2.2872290606869647e-06,-0.7361559610152592
36.83999999999906,-1.5,-1.390415378021587,2.6793182348295766e-06,2.3145432237939454e-06,-0.753311890819094
36.85999999999908,-1.5,-1.3909188292392547,2.9259608138000693e-06,2.362732369628684e-06,-0.7617793231599993
36.87999999999911,-1.5,-1.3914348895735327,3.131353369542493e-06,2.4280240359563632e-06,-0.7586462873980172
36.89999999999913,-1.5,-1.3919638484598444,3.266146138657308e-06,2.5030882514906185e-06,-0.7444309648575582
36.919999999999156,-1.5,-1.3925034704510033,3.3201524400483265e-06,2.5795666623554627e-06,-0.7220245746534373
36.93999999999918,-1.5,-1.3930495337530944,3.2991233964195876e-06,2.649787495999845e-06,-0.6956432516683805
36.959999999999205,-1.5,-1.3935959401891338,3.2225941703394846e-06,2.7081182272103696e-06,-0.6706841646789318
36.97999999999923,-1.5,-1.3941345299918637,3.1150063357095727e-06,2.751744989431886e-06,-0.6539202075587917
36.999999999999254,-1.5,-1.3946572146306873,2.9893552014712105e-06,2.7799491915737603e-06,-0.6506130861806122
37.01999999999928,-1.5,-1.3951604893995582,2.8524763751377913e-06,2.7925601794486135e-06,-0.6594884136433816
37.0399999999993,-1.5,-1.395646622761255,2.791350276036611e-06,2.793964232000989e-06,-0.6757215923378254
37.05999999999933,-1.5,-1.396123260521734,2.8752169658538664e-06,2.797106699166352e-06,-0.6956054992123563
37.07999999999935,-1.5,-1.396599036129361,3.0722954595742396e-06,2.8144190499695415e-06,-0.7152390968632667
37.099999999999376,-1.5,-1.3970811822944216,3.3196985505939473e-06,2.8521779227660466e-06,-0.7288008926658311
37.1199999999994,-1.5,-1.3975746095116903,3.5502789826100665e-06,2.9095304594026446e-06,-0.7317368740964187
37.139999999999425,-1.5,-1.398081072554104,3.721917689591272e-06,2.9805220272000515e-06,-0.7230309924202755
37.15999999999945,-1.5,-1.3985994756071862,3.815922593001483e-06,3.057070909855362e-06,-0.7046503849447225
37.179999999999474,-1.5,-1.3991265359066236,3.8303094665011045e-06,3.1309921508413903e-06,-0.6802891473259465
37.1999999999995,-1.5,-1.3996571480487232,3.7779653962895323e-06,3.1955054338188825e-06,-0.6546994363686114
37.21999999999952,-1.5,-1.4001843336730502,3.6832941654657655e-06,3.246378945646944e-06,-0.6338451644578872
37.23999999999955,-1.5,-1.4006993950163686,3.5671346651432316e-06,3.282052288029194e-06,-0.6244528284937053
37.25999999999957,-1.5,-1.40119644447656,3.431842317558386e-06,3.3022086149818328e-06,-0.6284781327688401
37.279999999999596,-1.5,-1.4016746149421007,3.318458660485278e-06,3.30794073720501e-06,-0.6422047559336657
37.29999999999962,-1.5,-1.402139152362849,3.3307364976454534e-06,3.3084091380628556e-06,-0.6611985126610973
37.319999999999645,-1.5,-1.4025987428608808,3.47834753324167e-06,3.317535637658436e-06,-0.6820007005583667
37.33999999999967,-1.5,-1.4030613640966803,3.7097995454766915e-06,3.344875488807438e-06,-0.6996720277982778
37.359999999999694,-1.5,-1.4035331952741692,3.955549858002851e-06,3.3930367203312637e-06,-0.7085146775497265
37.37999999999972,-1.5,-1.4040175484657,4.159575768273574e-06,3.458188933051988e-06,-0.7057852757437894
37.39999999999974,-1.5,-1.4045146160579356,4.292961838290035e-06,3.532991223880183e-06,-0.6922165843713222
37.41999999999977,-1.5,-1.4050221038059056,4.345784092025664e-06,3.6091091593290682e-06,-0.6708673585811599
37.43999999999979,-1.5,-1.4055358092264751,4.323779621518779e-06,3.678902888296755e-06,-0.6459945855040515
37.459999999999816,-1.5,-1.406049770425887,4.246381254390054e-06,3.7367599302520644e-06,-0.6228627179044696
37.47999999999984,-1.5,-1.4065561071502475,4.1383469539469975e-06,3.779892480662353e-06,-0.6079389981081377
37.499999999999865,-1.5,-1.4070469912375791,4.013232672620934e-06,3.807654448799522e-06,-0.6062058063839156
37.51999999999989,-1.5,-1.4075189178120504,3.878023493204571e-06,3.819981678526214e-06,-0.616374208894498
37.539999999999914,-1.5,-1.407974035224733,3.819382695730248e-06,3.8213355883344815e-06,-0.6337058777192708
37.55999999999994,-1.5,-1.4084199191021645,3.905221138560827e-06,3.82465649927196e-06,-0.6545010273775357
37.57999999999996,-1.5,-1.40886511744685,4.102991076099396e-06,3.842249598961635e-06,-0.6748255371427989
37.59999999999999,-1.5,-1.4093167738657464,4.350098831725406e-06,3.8802731446842975e-06,-0.6888686345973019
37.62000000000001,-1.5,-1.409779703418111,4.579704579599134e-06,3.937798137962295e-06,-0.6921903423830662
37.640000000000036,-1.5,-1.4102555552945617,4.750015871285757e-06,4.0088310899226815e-06,-0.6839726564476454
37.66000000000006,-1.5,-1.4107431414263985,4.842606651660154e-06,4.085284348900178e-06,-0.6663812319579215
37.680000000000085,-1.5,-1.4112391397218969,4.855579924100342e-06,4.15898404136426e-06,-0.643219503742452
37.70000000000011,-1.5,-1.4117385000199274,4.801776389128156e-06,4.2231596153089775e-06,-0.6191975029666278
37.720000000000134,-1.5,-1.4122344332098342,4.705725237677028e-06,4.273589321975458e-06,-0.6000630134233279
37.74000000000016,-1.5,-1.412718549652543,4.588902589240131e-06,4.308762468178147e-06,-0.5922093752549019
37.76000000000018,-1.5,-1.4131850989052945,4.4544688014647205e-06,4.3284804381309866e-06,-0.5974650654273107
37.78000000000021,-1.5,-1.413633157242561,4.343236146242782e-06,4.3339699733264945e-06,-0.6121831182876638
37.80000000000023,-1.5,-1.4140678939332,4.357964736451442e-06,4.334455504971199e-06,-0.6319866384506917
37.820000000000256,-1.5,-1.41449791647771,4.5067889431385416e-06,4.343770597009098e-06,-0.6533924900902086
37.84000000000028,-1.5,-1.4149311071891757,4.738310701832384e-06,4.371332300285029e-06,-0.6714386275038209
37.860000000000305,-1.5,-1.4153735542818426,4.983363741909824e-06,4.419657757585542e-06,-0.6804807868768483
37.88000000000033,-1.5,-1.4158284699616641,5.186172387975238e-06,4.484862193266205e-06,-0.6779303728128385
37.900000000000354,-1.5,-1.4162959429404174,5.3180333356066315e-06,4.559577526334085e-06,-0.6647195368317668
37.92000000000038,-1.5,-1.4167736017082282,5.3691367805140965e-06,4.635460263074088e-06,-0.6440627730040246
37.9400000000004,-1.5,-1.4172572331533053,5.345224427129137e-06,4.704866950768427e-06,-0.6202551061835506
37.96000000000043,-1.5,-1.4177409764120612,5.265792119365062e-06,4.762183434318105e-06,-0.598439987864589
37.98000000000045,-1.5,-1.4182171963011838,5.156087214794887e-06,4.804645469015465e-06,-0.5848081469694199
38.000000000000476,-1.5,-1.4186783172233812,5.030608060234356e-06,4.831701938873383e-06,-0.5840937700240894
38.0200000000005,-1.5,-1.4191208829274022,4.896891219906843e-06,4.843458251417993e-06,-0.5950089429942494
38.040000000000525,-1.5,-1.419546981156082,4.840828464884123e-06,4.8445070886801076e-06,-0.6129050535955689
38.06000000000055,-1.5,-1.4199641224298312,4.928417295224237e-06,4.847768737214217e-06,-0.6340882928595155
38.080000000000574,-1.5,-1.4203807530554606,5.126512722447641e-06,4.865396273711187e-06,-0.6545882735507684
38.1000000000006,-1.5,-1.4208039211184198,5.373044273353096e-06,4.903430461713654e-06,-0.668599165968304
38.12000000000062,-1.5,-1.4212383499035983,5.601476891985867e-06,4.9608764630360905e-06,-0.6717801823003229
38.14000000000065,-1.5,-1.421685588645913,5.770198395510444e-06,5.031702399907168e-06,-0.6634887504072996
38.16000000000067,-1.5,-1.4221443555672633,5.860890119196959e-06,5.107799398296557e-06,-0.6460675265902129
38.180000000000696,-1.5,-1.4226112752106108,5.871683538116616e-06,5.180980326054793e-06,-0.6234185992050876
38.20000000000072,-1.5,-1.423081326724163,5.815457097266181e-06,5.244464470228815e-06,-0.6002176370832237
38.220000000000745,-1.5,-1.4235478762217377,5.717023926157139e-06,5.294035094890798e-06,-0.5820263553232154
38.24000000000077,-1.5,-1.4240028104842042,5.5986995704183566e-06,5.328242588565251e-06,-0.5749508028103252
38.260000000000794,-1.5,-1.4244405353968428,5.464803110806588e-06,5.347046053618119e-06,-0.580715336079395
38.28000000000082,-1.5,-1.4248601311934876,5.35590413990654e-06,5.351863455627455e-06,-0.5957429629677412
38.30000000000084,-1.5,-1.4252667165024666,5.372978735382254e-06,5.35198452002909e-06,-0.6157073832557279
38.32000000000087,-1.5,-1.425668801937041,5.522522833871228e-06,5.361110255659428e-06,-0.6370958970032409
38.34000000000089,-1.5,-1.4260741602652671,5.7535396131276e-06,5.388498336968531e-06,-0.6549200919157045
38.360000000000916,-1.5,-1.4264887884018367,5.997387986264549e-06,5.436578651008972e-06,-0.6635810208362232
38.38000000000094,-1.5,-1.426915806801032,6.198520421470427e-06,5.501419728929155e-06,-0.6606258297918127
38.400000000000965,-1.5,-1.4273552089450938,6.328355199755401e-06,5.575626869371084e-06,-0.6471626613051032
38.42000000000099,-1.5,-1.427804547464537,6.377128092985761e-06,5.650839901660594e-06,-0.6265447859828563
38.440000000001014,-1.5,-1.4282595894019137,6.350597257969938e-06,5.719402363161588e-06,-0.6031037941986723
38.46000000000104,-1.5,-1.428714554882305,6.268412601800662e-06,5.775695540537977e-06,-0.5818811629233908
38.48000000000106,-1.5,-1.429162025512155,6.156428945414895e-06,5.816986676728861e-06,-0.568830121904176
38.50000000000109,-1.5,-1.4295946687861691,6.030307665562565e-06,5.842842427957287e-06,-0.5684714084434863
38.52000000000111,-1.5,-1.4300091161886646,5.898331059785261e-06,5.853581604175954e-06,-0.5795233253770492
38.540000000001136,-1.5,-1.430407435175408,5.845062491382157e-06,5.853951123677482e-06,-0.5974179555906897
38.56000000000116,-1.5,-1.4307970592723056,5.9340876010072395e-06,5.856807145737969e-06,-0.6184593343576207
38.580000000001185,-1.5,-1.4311863111857432,6.13190514627907e-06,5.874107827200396e-06,-0.6386362980281579
38.60000000000121,-1.5,-1.4315821361746395,6.37721567611702e-06,5.911764851371087e-06,-0.6521447397420931
38.620000000001234,-1.5,-1.4319891697371772,6.603873230765173e-06,5.96872150551415e-06,-0.6547327150237167
38.64000000000126,-1.5,-1.4324088705710745,6.770448120675778e-06,6.038914328400817e-06,-0.6459153174505304
38.66000000000128,-1.5,-1.43283987208489,6.858705367522803e-06,6.11421776985795e-06,-0.6281951455760311
38.68000000000131,-1.5,-1.4332787491377046,6.866799222210093e-06,6.186434004331123e-06,-0.6055652252712268
38.70000000000133,-1.5,-1.433720505908987,6.807675154731144e-06,6.248775768385091e-06,-0.5826738592831323
38.720000000001356,-1.5,-1.4341586505957429,6.70649270145152e-06,6.297039235432699e-06,-0.5649195593601284
38.74000000000138,-1.5,-1.434585330933993,6.586512011842357e-06,6.329850878066133e-06,-0.5581532895740748
38.760000000001405,-1.5,-1.4349951235852927,6.453395869224843e-06,6.347355671152406e-06,-0.564007528125304
38.78000000000143,-1.5,-1.4353871493204744,6.347338333770982e-06,6.351195815427377e-06,-0.5789706708984301
38.800000000001454,-1.5,-1.4357664787528608,6.366804625482421e-06,6.350704025831634e-06,-0.5987577367315267
38.82000000000148,-1.5,-1.4361414991684796,6.5166616359698905e-06,6.359393552651165e-06,-0.6198200403794084
38.8400000000015,-1.5,-1.4365198593402821,6.746593111662251e-06,6.386334904525731e-06,-0.6371403302817886
38.86000000000153,-1.5,-1.436907463013091,6.98862721606741e-06,6.433865309446012e-06,-0.6451614532775547
38.88000000000155,-1.5,-1.43730734413185,7.187511289740578e-06,6.4980107647262824e-06,-0.6415568387853753
38.900000000001576,-1.5,-1.4377194095085812,7.314816858874167e-06,6.5713580289504575e-06,-0.627598500544675
38.9200000000016,-1.5,-1.438141144439589,7.360842603897148e-06,6.645539707278927e-06,-0.6067698803764824
38.940000000001625,-1.5,-1.4385683016531698,7.33137464751624e-06,6.712896191492492e-06,-0.5834387662843269
38.96000000000165,-1.5,-1.4389951821423692,7.24623158123235e-06,6.7678142568453015e-06,-0.5625542845567482
38.980000000001674,-1.5,-1.439414578442549,7.13192030507337e-06,6.807604451529041e-06,-0.5498504553595192
39.0000000000017,-1.5,-1.4398194027162279,7.005368970973957e-06,6.831969073424496e-06,-0.5496491296502376
39.02000000000172,-1.5,-1.4402063971595398,6.875719723094158e-06,6.8414692971916314e-06,-0.5606754939680476
39.04000000000175,-1.5,-1.440577624634789,6.825679354490894e-06,6.841013420524676e-06,-0.5784365287068446
39.06000000000177,-1.5,-1.4409404187712573,6.916039093853996e-06,6.843343551965097e-06,-0.5992271544742235
39.080000000001796,-1.5,-1.4413029572601963,7.113195991230181e-06,6.860181905238746e-06,-0.6189917842244579
39.10000000000182,-1.5,-1.441672075553926,7.356797309857843e-06,6.897296129199825e-06,-0.6319268172876127
39.120000000001845,-1.5,-1.442052321756479,7.58117597884247e-06,6.953565551900668e-06,-0.6338658947236633
39.14000000000187,-1.5,-1.4424450685482193,7.745147634908101e-06,7.022900224426172e-06,-0.6244757608687398
39.160000000001894,-1.5,-1.442848871551974,7.830605546081317e-06,7.097167550223283e-06,-0.6064130888502874
39.18000000000192,-1.5,-1.4432602637955447,7.83575056807129e-06,7.168170918341795e-06,-0.5837592633006052
39.20000000000194,-1.5,-1.4436742807928102,7.773596927391924e-06,7.229128324645038e-06,-0.5611374837713037
39.22000000000197,-1.5,-1.4440845756651342,7.669655076925607e-06,7.275859515472267e-06,-0.543789897436623
39.24000000000199,-1.5,-1.4444835589306348,7.548179571700746e-06,7.307079372095813e-06,-0.5373211934313878
39.260000000002016,-1.5,-1.4448659900780383,7.416313971366318e-06,7.323138757942961e-06,-0.5432746159771749
39.28000000000204,-1.5,-1.4452310495521934,7.313761471053867e-06,7.325928596220303e-06,-0.5582034369692928
39.300000000002065,-1.5,-1.4455837508497076,7.3358427173936535e-06,7.324800675952148e-06,-0.5778596826675605
39.32000000000209,-1.5,-1.4459323317920438,7.485862451449323e-06,7.333032003628009e-06,-0.5986540836251936
39.340000000002114,-1.5,-1.44628430525776,7.714400793405127e-06,7.359482951730166e-06,-0.6155390153135641
39.36000000000214,-1.5,-1.4466454787987888,7.954249646067357e-06,7.406390582457809e-06,-0.6229982404775962
39.38000000000216,-1.5,-1.4470188005124733,8.150515145583897e-06,7.469738628763134e-06,-0.6188295107504512
39.40000000000219,-1.5,-1.447404093821989,8.274974702547297e-06,7.542101052429777e-06,-0.6044660879822176
39.42000000000221,-1.5,-1.4477987821814484,8.318026534097663e-06,7.615112676025409e-06,-0.5835196343267994
39.440000000002236,-1.5,-1.4481986105480005,8.285496777277073e-06,7.681121518439264e-06,-0.5603938182987954
39.46000000000226,-1.5,-1.4485979665561803,8.197367210233466e-06,7.734529625569215e-06,-0.5399468011133649
39.480000000002285,-1.5,-1.4489898581815632,8.080813189925913e-06,7.77269990736093e-06,-0.5276959348754706
39.50000000000231,-1.5,-1.4493674498259124,7.954113610999605e-06,7.795483279909568e-06,-0.5277656649638357
39.520000000002334,-1.5,-1.449727610105876,7.827409943307524e-06,7.803708059752679e-06,-0.5388896458349073
39.54000000000236,-1.5,-1.4500724047181808,7.781094775673833e-06,7.802452351804412e-06,-0.5566501943040151
39.56000000000238,-1.5,-1.450409044839927,7.872848384941031e-06,7.804302560026864e-06,-0.5773294288936625
39.58000000000241,-1.5,-1.4507455455279759,8.06920204951533e-06,7.820713557462945e-06,-0.5968249633846052
39.60000000000243,-1.5,-1.4510886268208427,8.310864697137935e-06,7.857297797674818e-06,-0.609332867029157
39.620000000002456,-1.5,-1.4514427479592016,8.532703029454253e-06,7.912867580517352e-06,-0.6107716169117979
39.64000000000248,-1.5,-1.451809196025856,8.693819333458074e-06,7.981308080064508e-06,-0.6009586025360317
39.660000000002505,-1.5,-1.4521864510697575,8.776268953186479e-06,8.054484684847217e-06,-0.5827034844276029
39.68000000000253,-1.5,-1.4525710080774097,8.778319878997008e-06,8.124209130756527e-06,-0.560175234169175
39.700000000002554,-1.5,-1.4529579383051774,8.713059127203892e-06,8.183712178399015e-06,-0.537971695671717
39.72000000000258,-1.5,-1.4533410439265266,8.6063506030776e-06,8.228844020156889e-06,-0.5211788467491942
39.7400000000026,-1.5,-1.4537130033409915,8.483488528503044e-06,8.25841625379967e-06,-0.5151554463128735
39.76000000000263,-1.5,-1.4540687698784798,8.353257736874279e-06,8.273003061755997e-06,-0.5213565161774564
39.78000000000265,-1.5,-1.4544076001208148,8.254814868516758e-06,8.274770412687458e-06,-0.5364036802177433
39.800000000002676,-1.5,-1.454734442861717,8.279760980894924e-06,8.273072860114589e-06,-0.5560853985185406
39.8200000000027,-1.5,-1.4550573648020637,8.429915962107126e-06,8.280913066716177e-06,-0.5767689804598998
39.840000000002725,-1.5,-1.4553837338436277,8.656934065569174e-06,8.306925644808337e-06,-0.5933752102957189
39.86000000000275,-1.5,-1.4557192588304337,8.89442910355613e-06,8.353242906504382e-06,-0.6004277212858486
39.880000000002774,-1.5,-1.4560668013441251,9.087893001032785e-06,8.415805798705506e-06,-0.5958473985933838
39.9000000000028,-1.5,-1.4564261017442326,9.209327624759454e-06,8.4871770499838e-06,-0.5812273928138944
39.92000000000282,-1.5,-1.4567945228460855,9.249246194452695e-06,8.558996722223464e-06,-0.5603063270427852
39.94000000000285,-1.5,-1.4571678035456324,9.213526107732127e-06,8.623624458853486e-06,-0.5375230071938009
39.96000000000287,-1.5,-1.4575404197987112,9.1223207739337e-06,8.675482076615627e-06,-0.5176447367898719
39.980000000002896,-1.5,-1.457905596753634,9.003495718190199e-06,8.711990169561286e-06,-0.5059733800411669
40.00000000000292,-1.5,-1.4582567568515785,8.876784710049731e-06,8.733158766691318e-06,-0.5064374811000669
40.020000000002945,-1.5,-1.4585909110147677,8.75350534786048e-06,8.740108794847611e-06,-0.5177827325421349
40.04000000000297,-1.5,-1.4589101384569065,8.711328714939805e-06,8.7381017160559e-06,-0.535669394934129
40.060000000002994,-1.5,-1.459221510360124,8.804536150054133e-06,8.739535190853246e-06,-0.5563646865117874
40.08000000000302,-1.5,-1.4595328651351411,9.000010347107814e-06,8.755573137241713e-06,-0.5757177526236482
40.10000000000304,-1.5,-1.4598508034167816,9.239615797870753e-06,8.79166659369669e-06,-0.5879230999747873
40.12000000000307,-1.5,-1.4601796948074437,9.458779571566771e-06,8.84655993547717e-06,-0.5889820936429987
40.14000000000309,-1.5,-1.4605207408913374,9.616894884352077e-06,8.91411379417471e-06,-0.5788602100426447
40.160000000003116,-1.5,-1.460872346424672,9.696180689214345e-06,8.986192010192073e-06,-0.5605175196590516
40.18000000000314,-1.5,-1.4612309683524565,9.69497884973249e-06,9.054615479080921e-06,-0.5382088712247266
40.200000000003165,-1.5,-1.461591713048235,9.626462791632498e-06,9.112629480061213e-06,-0.5165067779995768
40.22000000000319,-1.5,-1.4619485304125912,9.516868910712455e-06,9.156117826743823e-06,-0.5003433961748709
40.240000000003214,-1.5,-1.4622943664993528,9.392585418180049e-06,9.183994782397073e-06,-0.4948358370344981
40.26000000000324,-1.5,-1.462624378250144,9.264216065543925e-06,9.19707467159156e-06,-0.5013545294432316
40.28000000000326,-1.5,-1.4629379181378945,9.170348140879735e-06,9.19782651003805e-06,-0.5165933531690645
40.30000000000329,-1.5,-1.4632398677119394,9.19832607333236e-06,9.195596423924745e-06,-0.5363768914892382
40.32000000000331,-1.5,-1.4635381050311125,9.348562481412151e-06,9.203081258699772e-06,-0.5570268541838307
40.340000000003336,-1.5,-1.4638398459944044,9.573950679980096e-06,9.228679028359149e-06,-0.5734313110622781
40.36000000000336,-1.5,-1.464150699594434,9.80897253775615e-06,9.27441608447896e-06,-0.5801517150892853
40.380000000003385,-1.5,-1.4644734414802132,9.999508832476071e-06,9.336191309691784e-06,-0.5752284988824095
40.40000000000341,-1.5,-1.4648077297281543,1.0117775789460706e-05,9.406556251017313e-06,-0.5604104296321295
40.420000000003434,-1.5,-1.4651508665167787,1.015439691391814e-05,9.477155476988744e-06,-0.5395596514556451
40.44000000000346,-1.5,-1.4654985832904763,1.011531001952999e-05,9.540359852667382e-06,-0.517149037081929
40.46000000000348,-1.5,-1.4658454413337412,1.0020861256925312e-05,9.590612171413789e-06,-0.4978574708750411
40.48000000000351,-1.5,-1.4661848787617053,9.899635665704015e-06,9.625394181356254e-06,-0.48677765566202125
40.50000000000353,-1.5,-1.4665105773798948,9.772931301631603e-06,9.644884298464393e-06,-0.4876487492558701
40.520000000003556,-1.5,-1.466819707257294,9.653419457075318e-06,9.65052061042515e-06,-0.49923256206961203
40.54000000000358,-1.5,-1.4671143755272567,9.615674321710036e-06,9.64776222442239e-06,-0.5172685391724783
40.560000000003605,-1.5,-1.4674014997652192,9.710320653427647e-06,9.64878931105264e-06,-0.5380068007066924
40.58000000000363,-1.5,-1.467688730244572,9.904797190819485e-06,9.66445538587509e-06,-0.5572466351015387
40.600000000003654,-1.5,-1.4679825456049045,1.0142214052337713e-05,9.70004680044515e-06,-0.5691795578247404
40.62000000000368,-1.5,-1.4682872265553004,1.0358575768921023e-05,9.754241182002668e-06,-0.5698862743281693
40.6400000000037,-1.5,-1.4686038908458556,1.051355540057225e-05,9.820875587047632e-06,-0.5594749629900352
40.66000000000373,-1.5,-1.4689308690581544,1.0589521680394754e-05,9.891811811526533e-06,-0.5410507910830098
40.68000000000375,-1.5,-1.4692645795252663,1.0584889379746088e-05,9.958878743219141e-06,-0.5189514851942223
40.700000000003776,-1.5,-1.4696001608971703,1.0512934572802778e-05,1.0015335971678602e-05,-0.4977253277303152
40.7200000000038,-1.5,-1.4699317055782617,1.0400291383612773e-05,1.0057102869121503e-05,-0.48215676201229285
40.740000000003825,-1.5,-1.4702524219536892,1.0274493572663868e-05,1.0083201343107732e-05,-0.4771310690052719
40.76000000000385,-1.5,-1.4705576783643717,1.014812443402217e-05,1.0094700867882489e-05,-0.48393973815404745
40.780000000003874,-1.5,-1.4708469438203933,1.0059181413142595e-05,1.0094398675252457e-05,-0.49935113752858235
40.8000000000039,-1.5,-1.4711250324328153,1.0090266248075612e-05,1.0091621874050929e-05,-0.5192243729820285
40.82000000000392,-1.5,-1.4713996188767335,1.0240469810675405e-05,1.0098733756422344e-05,-0.5398334604474301
40.84000000000395,-1.5,-1.4716777616305259,1.0464078030592889e-05,1.0123887360049897e-05,-0.5560328240043476
40.86000000000397,-1.5,-1.4719649699305954,1.0696483379324298e-05,1.016900355736101e-05,-0.5624192532210908
40.880000000003996,-1.5,-1.472263935576041,1.088395487526794e-05,1.0229941069186617e-05,-0.5571474557836023
40.90000000000402,-1.5,-1.472574236670578,1.0998908140308637e-05,1.029924096575691e-05,-0.5421153270400276
40.920000000004045,-1.5,-1.4728931157831489,1.1032067843110518e-05,1.0368551721248458e-05,-0.5213035088960929
40.94000000000407,-1.5,-1.473216295578053,1.0989439078886042e-05,1.0430254825218117e-05,-0.49921780295768087
40.960000000004094,-1.5,-1.47353841838296,1.089158106061915e-05,1.0478814950933871e-05,-0.48045294971728225
40.98000000000412,-1.5,-1.4738531282144949,1.0767823970571668e-05,1.0511778035850373e-05,-0.4699023525044355
41.00000000000414,-1.5,-1.474154364442914,1.064111972322584e-05,1.0529498666792077e-05,-0.4711252127846386
41.02000000000417,-1.5,-1.4744394714949833,1.0525641874078343e-05,1.0533752554116565e-05,-0.48290274160244956
41.04000000000419,-1.5,-1.4747105983273405,1.0492529557069704e-05,1.053020729107425e-05,-0.5010528978825153
41.060000000004216,-1.5,-1.4749744972210626,1.0588542394211953e-05,1.0530799127176076e-05,-0.5218061100449628
41.08000000000424,-1.5,-1.4752386209579467,1.0781865571719896e-05,1.0546054759363948e-05,-0.5409106795149217
41.100000000004265,-1.5,-1.4755093247737932,1.101693510269476e-05,1.0581093918499048e-05,-0.5525538961435331
41.12000000000429,-1.5,-1.4757908022497497,1.1230348924207975e-05,1.0634529439283344e-05,-0.5528918060675325
41.140000000004314,-1.5,-1.4760840901849732,1.1382051918700185e-05,1.0700176635216063e-05,-0.5421688103078399
41.16000000000434,-1.5,-1.476387447439564,1.1454551364431373e-05,1.0769895835682756e-05,-0.5236287771577735
41.18000000000436,-1.5,-1.4766972543392645,1.1446333791930297e-05,1.0835523838464417e-05,-0.501688870041089
41.20000000000439,-1.5,-1.4770086795609627,1.1370790061783914e-05,1.089033509141515e-05,-0.48087473528606633
41.22000000000441,-1.5,-1.4773159523426487,1.1254970579197793e-05,1.0930286600840943e-05,-0.4658305824463996
41.240000000004436,-1.5,-1.4776125363942945,1.1127591230039488e-05,1.0954512088890181e-05,-0.4612214238586024
41.26000000000446,-1.5,-1.4778940168610226,1.1003338462740847e-05,1.096434778414115e-05,-0.46826549319247635
41.280000000004485,-1.5,-1.478159996943698,1.0919593969422537e-05,1.0962938547792645e-05,-0.48380630452440476
41.30000000000451,-1.5,-1.4784152226965181,1.0953805452301511e-05,1.0959581067378507e-05,-0.5037350453774978
41.32000000000453,-1.5,-1.4786671530185496,1.1103839659456819e-05,1.0966281197502378e-05,-0.5242761577297671
41.34000000000456,-1.5,-1.4789226851768829,1.132550654766451e-05,1.0990940662502394e-05,-0.5402498391528796
41.36000000000458,-1.5,-1.4791872295391062,1.1555144128119486e-05,1.1035375810675802e-05,-0.5462859548091387
41.38000000000461,-1.5,-1.4794633967783415,1.1739412505601133e-05,1.1095407446597186e-05,-0.5406481362527804
41.40000000000463,-1.5,-1.479750688183922,1.1850918781308808e-05,1.116356775970651e-05,-0.5253766860207648
41.420000000004656,-1.5,-1.4800462888847097,1.1880484116568141e-05,1.1231509908216106e-05,-0.504565573643911
41.44000000000468,-1.5,-1.480345912683015,1.1834185889107688e-05,1.1291626763457983e-05,-0.48275243383567545
41.460000000004705,-1.5,-1.4806442795812602,1.1732808652577589e-05,1.1338406475438454e-05,-0.4644522949303631
41.48000000000473,-1.5,-1.48093523261949,1.1606442275690662e-05,1.1369461900715829e-05,-0.4543692013358398
41.50000000000475,-1.5,-1.4812129656726998,1.1479752760067443e-05,1.1385329460397025e-05,-0.4558915801844805
41.52000000000478,-1.5,-1.481475009220593,1.1368529640831522e-05,1.138813746734443e-05,-0.46782229431933675
41.5400000000048,-1.5,-1.4817235647581244,1.1340191022699611e-05,1.1383768560378894e-05,-0.486056259627772
41.56000000000483,-1.5,-1.4819652089607986,1.1437482419876125e-05,1.1383891795034904e-05,-0.5068017332342739
41.58000000000485,-1.5,-1.4822071900977136,1.1629504646065399e-05,1.1398694358666124e-05,-0.5257553157494101
41.600000000004876,-1.5,-1.4824557396540654,1.1862080098455796e-05,1.14331284429897e-05,-0.5370991962665105
41.6200000000049,-1.5,-1.4827149662011034,1.2072413137540775e-05,1.1485744019955154e-05,-0.5370611570430953
41.640000000004925,-1.5,-1.4829858287265516,1.222071834411965e-05,1.1550336725999363e-05,-0.5260157691858043
41.66000000000495,-1.5,-1.4832665173677528,1.2289637113442041e-05,1.1618766881410745e-05,-0.5073395803197771
41.68000000000497,-1.5,-1.4835533760035873,1.2277728588495408e-05,1.1682880335794482e-05,-0.4855259427527131
41.700000000005,-1.5,-1.4838416022512726,1.2198505308138401e-05,1.173596785568712e-05,-0.4650793053267324
41.72000000000502,-1.5,-1.4841255575214904,1.2079442441405642e-05,1.1774026188689534e-05,-0.45051045739643886
41.74000000000505,-1.5,-1.484398954134257,1.1950457242688498e-05,1.1796303850078541e-05,-0.44627457777582835
41.76000000000507,-1.5,-1.484657597153882,1.1828426377131228e-05,1.180441158611519e-05,-0.45352138132029934
41.780000000005096,-1.5,-1.484901237209238,1.1750091483967211e-05,1.1801855468289022e-05,-0.46916946147703276
41.80000000000512,-1.5,-1.4851345507756466,1.1787422023202913e-05,1.1797890644515986e-05,-0.4891396769299448
41.820000000005145,-1.5,-1.4853647712578528,1.1937165936714084e-05,1.1804146748314849e-05,-0.5096055228501031
41.84000000000517,-1.5,-1.4855986326457886,1.215675898080863e-05,1.1828270377749189e-05,-0.5253527680457419
41.86000000000519,-1.5,-1.4858414478357993,1.2383506963756773e-05,1.187197459479935e-05,-0.531042477681863
41.88000000000522,-1.5,-1.4860957490913937,1.2564464173532007e-05,1.1931044342171766e-05,-0.5250424733397178
41.90000000000524,-1.5,-1.4863609640448228,1.2672426417223548e-05,1.1998004692863732e-05,-0.509529440619353
41.92000000000527,-1.5,-1.486634222887473,1.2698310442058722e-05,1.2064514878076628e-05,-0.4887059983911413
41.94000000000529,-1.5,-1.486911231198261,1.264826951537059e-05,1.212298056303681e-05,-0.4671405374656167
41.960000000005316,-1.5,-1.4871867842154725,1.2543318875250794e-05,1.2167915122352181e-05,-0.449272164019381
41.98000000000534,-1.5,-1.4874549179603747,1.2414311962345339e-05,1.2197000335294755e-05,-0.4396241570459954
42.000000000005365,-1.5,-1.487710077148869,1.2287664131713971e-05,1.2210957818102303e-05,-0.441422018457982
42.02000000000539,-1.5,-1.4879499863901275,1.2180866578163107e-05,1.2212278413282432e-05,-0.453491848815527
42.04000000000541,-1.5,-1.488176907290242,1.2157391372722964e-05,1.2207063241858885e-05,-0.4718039013089705
42.06000000000544,-1.5,-1.4883972325152244,1.225587793090801e-05,1.220669544353119e-05,-0.4925423207136104
42.08000000000546,-1.5,-1.4886180013170163,1.2446485246469961e-05,1.2221014428530333e-05,-0.5113517874483428
42.10000000000549,-1.5,-1.4888453220736912,1.2676459938565358e-05,1.2254805234901585e-05,-0.5224087975495714
42.12000000000551,-1.5,-1.4890832205721993,1.2883619152186162e-05,1.2306556837205266e-05,-0.5220097112708741
42.140000000005536,-1.5,-1.4893325809253195,1.3028445765553513e-05,1.2370047011033741e-05,-0.5106538846333928
42.16000000000556,-1.5,-1.489591527418183,1.3093713389968126e-05,1.2437137502726012e-05,-0.4918451378947373
42.180000000005585,-1.5,-1.4898563691923088,1.3078055158860668e-05,1.2499684491729141e-05,-0.4701500195974406
42.20000000000561,-1.5,-1.4901223321498405,1.2995108997771998e-05,1.2550996504079271e-05,-0.4500529036654424
42.22000000000563,-1.5,-1.4903839057906905,1.2872776487317164e-05,1.2587111615171065e-05,-0.435937010717384
42.24000000000566,-1.5,-1.490635044546015,1.2742181994855493e-05,1.2607394707266932e-05,-0.43205673417960483
42.26000000000568,-1.5,-1.4908717745046332,1.2622450919833733e-05,1.2613735424113376e-05,-0.4394972512021149
42.28000000000571,-1.5,-1.4910940032165345,1.2549668854054849e-05,1.261000991594199e-05,-0.4552519194371656
42.30000000000573,-1.5,-1.4913063359997265,1.2590088739797232e-05,1.2605422262164842e-05,-0.4752692517335886
42.320000000005756,-1.5,-1.491515774031939,1.2739445431624971e-05,1.2611212791797719e-05,-0.49567105035047637
42.34000000000578,-1.5,-1.4917288876207389,1.2956872691204148e-05,1.2634771936341107e-05,-0.5112087757432714
42.360000000005805,-1.5,-1.4919508940381618,1.3180653122335724e-05,1.2677711251185261e-05,-0.5165730440682458
42.38000000000583,-1.5,-1.4921842497619662,1.3358234333805849e-05,1.2735781658490388e-05,-0.5102315473600831
42.40000000000585,-1.5,-1.492428311667972,1.3462597695823282e-05,1.280150252967401e-05,-0.4944918232717748
42.42000000000588,-1.5,-1.4926801573164554,1.3484754703204668e-05,1.2866540248483655e-05,-0.4736607886242704
42.4400000000059,-1.5,-1.4929354846626648,1.3430936955452066e-05,1.2923314355522786e-05,-0.4523364771885581
42.46000000000593,-1.5,-1.493189161857591,1.33223924135841e-05,1.296636468049176e-05,-0.43488538058708587
42.48000000000595,-1.5,-1.493435411970522,1.3190734805514718e-05,1.2993442964093751e-05,-0.42565771406786795
42.500000000005976,-1.5,-1.493668926047265,1.3064146007701855e-05,1.3005457317697452e-05,-0.4277231279259767
42.520000000006,-1.5,-1.4938876280203037,1.2961882434230825e-05,1.3005266891899289e-05,-0.4399321942757258
42.540000000006025,-1.5,-1.4940938451520873,1.294330598831838e-05,1.2999192699469388e-05,-0.45832893016313825
42.56000000000605,-1.5,-1.4942937801442078,1.3042906862099895e-05,1.2998318301392254e-05,-0.4790720252472457
42.58000000000607,-1.5,-1.494494261156875,1.3232016660001783e-05,1.3012131413240004e-05,-0.4977544800639836
42.6000000000061,-1.5,-1.4947012750059039,1.3459324494918142e-05,1.3045251749373192e-05,-0.508546670556164
42.62000000000612,-1.5,-1.4949187670881716,1.366325906582735e-05,1.3096109308858134e-05,-0.507810539210349
42.64000000000615,-1.5,-1.495147549442855,1.3804567005178534e-05,1.3158465508520164e-05,-0.49616508806418985
42.66000000000617,-1.5,-1.495385683131441,1.386615076603537e-05,1.3224184475096166e-05,-0.47723622095562873
42.680000000006196,-1.5,-1.4956294440165927,1.3846717772708995e-05,1.3285133447144677e-05,-0.4556607493326943
42.70000000000622,-1.5,-1.4958740854175818,1.3760033664987871e-05,1.3334639542577138e-05,-0.4359039325936932
42.720000000006245,-1.5,-1.4961142206363613,1.3634424748801476e-05,1.3368782984845388e-05,-0.4222269028646402
42.74000000000627,-1.5,-1.496344039201259,1.3502218549449155e-05,1.3387045294493263e-05,-0.4186918520909877
42.76000000000629,-1.5,-1.4965597875480494,1.3384824258394656e-05,1.3391596586931426e-05,-0.4263231276955368
42.78000000000632,-1.5,-1.4967615369067235,1.331766469348183e-05,1.3386688058046286e-05,-0.4421882625318422
42.80000000000634,-1.5,-1.4969538205419661,1.3361117513410765e-05,1.3381465210863231e-05,-0.46226169230761005
42.82000000000637,-1.5,-1.4971434036338114,1.3510005431495896e-05,1.338677140179155e-05,-0.4826133454682036
42.84000000000639,-1.5,-1.4973366938734096,1.3725206520759009e-05,1.3409742393471706e-05,-0.49796074575851096
42.860000000006416,-1.5,-1.4975388152166553,1.394597828095002e-05,1.3451890691527261e-05,-0.5030224740590533
42.88000000000644,-1.5,-1.4977521510522263,1.4120155895878792e-05,1.3508934983211263e-05,-0.49636181378589594
42.900000000006465,-1.5,-1.49797599029503,1.422090040948044e-05,1.3573389964420937e-05,-0.48041166167755517
42.92000000000649,-1.5,-1.4982073599665253,1.423931547815146e-05,1.3636929694570265e-05,-0.459578884207036
42.94000000000651,-1.5,-1.4984419507081013,1.4181712387505313e-05,1.369198803843539e-05,-0.43848999392680044
42.96000000000654,-1.5,-1.4986747009054118,1.4069572482399121e-05,1.3733131833355075e-05,-0.42144208874099165
42.98000000000656,-1.5,-1.498900014220061,1.3935261666263836e-05,1.3758182930081025e-05,-0.41261992887873605
43.00000000000659,-1.5,-1.4991128223670784,1.3808730629302121e-05,1.3768235501451049e-05,-0.4149443381094813
43.02000000000661,-1.5,-1.4993112514850184,1.3711043460223086e-05,1.3766519165401865e-05,-0.4272913044709007
43.040000000006636,-1.5,-1.4994976987207727,1.369734471701934e-05,1.3759574529691767e-05,-0.44577685441191156
43.06000000000666,-1.5,-1.499678173396979,1.3797974435245811e-05,1.3758176677058943e-05,-0.4665333482097647
43.080000000006685,-1.5,-1.499859292682828,1.3985524034919688e-05,1.3771461515175073e-05,-0.4851027308542424
43.10000000000671,-1.5,-1.500046924168855,1.4210127834119759e-05,1.3803886548396745e-05,-0.4956489412032253
43.12000000000673,-1.5,-1.500244935515751,1.4410818675978884e-05,1.3853825078628899e-05,-0.49459648222779834
43.14000000000676,-1.5,-1.5004540695498803,1.4548599157338771e-05,1.3915023488722856e-05,-0.4826787791030937
43.16000000000678,-1.5,-1.5006723266718527,1.4606495091947723e-05,1.3979348836519567e-05,-0.4636385355351041
43.18000000000681,-1.5,-1.5008959507383717,1.4583287131076974e-05,1.4038679622914371e-05,-0.44217982241486625
43.20000000000683,-1.5,-1.501120221312419,1.449287000457193e-05,1.4086361812073812e-05,-0.4227497340073699
43.220000000006856,-1.5,-1.5013398707429657,1.4363990848641948e-05,1.4118517936775292e-05,-0.4094928709353579
43.24000000000688,-1.5,-1.5015493157975095,1.423016814641556e-05,1.4134745349382092e-05,-0.4062879641103716
43.260000000006904,-1.5,-1.501745020936738,1.4115107330022282e-05,1.4137493732189187e-05,-0.4141021790381994
43.28000000000693,-1.5,-1.5019272255406677,1.405356868871976e-05,1.4131390615442497e-05,-0.43007619071881076
43.30000000000695,-1.5,-1.5021003907549741,1.4099969750368064e-05,1.4125517233538634e-05,-0.45020872320123534
43.32000000000698,-1.5,-1.5022710446990315,1.4248314976835028e-05,1.4130317091957364e-05,-0.47051811329877935
43.340000000007,-1.5,-1.502445434776922,1.446125040230066e-05,1.4152674882965145e-05,-0.485688531627804
43.36000000000703,-1.5,-1.5026285943690207,1.4678998080646748e-05,1.4194007095394218e-05,-0.4904649611519155
43.38000000000705,-1.5,-1.5028228366447929,1.4849771541913088e-05,1.4250001989834678e-05,-0.48350190357149764
43.400000000007076,-1.5,-1.5030273854171474,1.4946903693981899e-05,1.4313170396846745e-05,-0.4673519828181674
43.4200000000071,-1.5,-1.5032392192265025,1.49615864360005e-05,1.4375194230611162e-05,-0.4465175536430926
43.440000000007124,-1.5,-1.5034540215595755,1.4900211071988526e-05,1.442852170904569e-05,-0.425652408550007
43.46000000000715,-1.5,-1.5036667980527523,1.4784491580087743e-05,1.4467746741057321e-05,-0.4089875510108207
43.48000000000717,-1.5,-1.5038721259350802,1.4647533617654665e-05,1.4490760739197541e-05,-0.4005500809001745
43.5000000000072,-1.5,-1.5040651707946013,1.4521044425149349e-05,1.4498841997366189e-05,-0.4031191713803437
43.52000000000722,-1.5,-1.504244261737047,1.4427916127671843e-05,1.4495589319363748e-05,-0.4155968195267384
43.54000000000725,-1.5,-1.5044118687938026,1.4419021882893283e-05,1.4487760820965379e-05,-0.4341689758074275
43.56000000000727,-1.5,-1.5045738068134673,1.4520588664280983e-05,1.448581845719516e-05,-0.45494115518732425
43.580000000007296,-1.5,-1.5047364839815816,1.4706529151073793e-05,1.4498549457696163e-05,-0.47340519546278953
43.60000000000732,-1.5,-1.5049056516774115,1.4928412385518895e-05,1.4530253233985552e-05,-0.4837183897144641
43.620000000007344,-1.5,-1.5050851027300847,1.5125863473865788e-05,1.4579248857067481e-05,-0.4823647539711023
43.64000000000737,-1.5,-1.5052755137393823,1.5260131534380325e-05,1.4639268918705072e-05,-0.4701868087708336
43.66000000000739,-1.5,-1.5054748270726908,1.5314359377528546e-05,1.4702183776524817e-05,-0.4510386615844582
43.68000000000742,-1.5,-1.505679255848828,1.5287398974080652e-05,1.4759883153309185e-05,-0.42968857737003807
43.70000000000744,-1.5,-1.5058841045878935,1.5193274289737316e-05,1.480573179652999e-05,-0.4105664549677053
43.72000000000747,-1.5,-1.5060842196309543,1.5061146835851643e-05,1.4835894246555731e-05,-0.3977060266987447
43.74000000000749,-1.5,-1.5062742364381316,1.4925705795928023e-05,1.485008198365333e-05,-0.3948114558111211
43.760000000007516,-1.5,-1.5064508336539764,1.481294260006678e-05,1.48510210347541e-05,-0.4027962584043167
43.78000000000754,-1.5,-1.506614421014119,1.4756960190475828e-05,1.4843712935007833e-05,-0.4188727195434846
43.800000000007564,-1.5,-1.5067693881308437,1.4806200518478585e-05,1.4837170484240908e-05,-0.4390622519308656
43.82000000000759,-1.5,-1.506922027406069,1.4953935832113878e-05,1.4841438694900767e-05,-0.4593322804996475
43.84000000000761,-1.5,-1.5070784293752082,1.5164583100591416e-05,1.4863156514805e-05,-0.4743343995037867
43.86000000000764,-1.5,-1.507243539940172,1.537931154602245e-05,1.4903647842496297e-05,-0.4788384877106949
43.88000000000766,-1.5,-1.5074196050649413,1.554670181192027e-05,1.4958572312795941e-05,-0.4715858665389101
43.90000000000769,-1.5,-1.5076057864080499,1.5640250422831878e-05,1.5020437603177488e-05,-0.45524319685570563
43.92000000000771,-1.5,-1.5077990161527417,1.5651233263099045e-05,1.5080933543872397e-05,-0.43440381285148866
43.940000000007736,-1.5,-1.5079949708128304,1.5586121087384534e-05,1.5132522569706276e-05,-0.4137475735722734
43.96000000000776,-1.5,-1.5081887202061428,1.5466857821800664e-05,1.5169825438448286e-05,-0.3974427080681331
43.980000000007784,-1.5,-1.5083750077924378,1.5327272058364e-05,1.519080202529493e-05,-0.38936648379280625
44.00000000000781,-1.5,-1.5085492253282167,1.5200800971861682e-05,1.5196911445463596e-05,-0.3921635800182203
44.02000000000783,-1.5,-1.5087099035866,1.5112163210550442e-05,1.5192117132502346e-05,-0.4047622121060554
44.04000000000786,-1.5,-1.5088595871546424,1.5107956141527304e-05,1.5183390830409316e-05,-0.42341586535453934
44.06000000000788,-1.5,-1.509003897351389,1.5210365178564202e-05,1.5180880546774061e-05,-0.4442030181753275
44.08000000000791,-1.5,-1.5091490370597176,1.5394661489247132e-05,1.5193030784721347e-05,-0.46256663681641463
44.10000000000793,-1.5,-1.509300645027675,1.561382635678302e-05,1.5223987752126038e-05,-0.47265727572939614
44.120000000007956,-1.5,-1.5094624423322396,1.5808061796955582e-05,1.527201883030332e-05,-0.47101546359216395
44.14000000000798,-1.5,-1.50963504240426,1.5938853496785378e-05,1.533084398219856e-05,-0.4585875053969678
44.160000000008004,-1.5,-1.5098163322672098,1.5989455032977663e-05,1.5392337158984526e-05,-0.43933352235692563
44.18000000000803,-1.5,-1.510002495638336,1.5958787433860113e-05,1.5448399189772924e-05,-0.418082907174716
44.20000000000805,-1.5,-1.5101888607458664,1.58610026544328e-05,1.5492413388207627e-05,-0.3992493148044498
44.22000000000808,-1.5,-1.5103703827916206,1.5725667270170937e-05,1.5520585655431297e-05,-0.38676121912622025
44.2400000000081,-1.5,-1.5105419069786707,1.5588613251296133e-05,1.5532739112769428e-05,-0.3841570124143199
44.26000000000813,-1.5,-1.510700320941055,1.5478086455877098e-05,1.553187077883074e-05,-0.39229987445447795
44.28000000000815,-1.5,-1.5108462047444347,1.5427541906534552e-05,1.552335049073941e-05,-0.40847174042861195
44.300000000008176,-1.5,-1.5109838775406428,1.5479494443598757e-05,1.551611983441855e-05,-0.4287151847378856
44.3200000000082,-1.5,-1.5111193994875867,1.562656182865532e-05,1.5519830480443687e-05,-0.4489477626027871
44.340000000008224,-1.5,-1.5112587086080869,1.583491596518646e-05,1.5540882422405437e-05,-0.46378944170167014
44.36000000000825,-1.5,-1.5114066666929755,1.604664956595551e-05,1.558051065332309e-05,-0.46803357436101123
44.38000000000827,-1.5,-1.5115654555795524,1.6210697776808843e-05,1.5634347916392785e-05,-0.46050397396696413
44.4000000000083,-1.5,-1.5117341777446935,1.630071268870823e-05,1.5694899357407424e-05,-0.44397571395062185
44.42000000000832,-1.5,-1.5119097211843673,1.630805004676701e-05,1.5753862726186697e-05,-0.42312864330821803
44.44000000000835,-1.5,-1.5120877556875916,1.62392587397264e-05,1.5803714455868152e-05,-0.4026674702642661
44.46000000000837,-1.5,-1.5122634122193013,1.6116507963100517e-05,1.583910171969075e-05,-0.3867008931370185
44.480000000008395,-1.5,-1.5124315930289982,1.597432830504433e-05,1.585805127982017e-05,-0.3789640079087678
44.50000000000842,-1.5,-1.5125879076595983,1.5847847299971388e-05,1.5862198561218603e-05,-0.3819739594362837
44.520000000008444,-1.5,-1.5127310853457847,1.576358882982353e-05,1.5855864128085022e-05,-0.39468504374553176
44.54000000000847,-1.5,-1.5128637456109655,1.576391554885244e-05,1.5846227894266304e-05,-0.41341568941026674
44.56000000000849,-1.5,-1.5129913189953685,1.586707278826732e-05,1.584312658039005e-05,-0.4342174675961408
44.58000000000852,-1.5,-1.5131198082166182,1.604970514769767e-05,1.5854670387746405e-05,-0.4524859636872331
44.60000000000854,-1.5,-1.5132547434360066,1.6266172856759684e-05,1.5884857834417543e-05,-0.46236500694103977
44.62000000000857,-1.5,-1.5133997771610994,1.6457236463036524e-05,1.5931907162478366e-05,-0.4604487254394886
44.64000000000859,-1.5,-1.5135554627122945,1.6584607969579007e-05,1.598952675563494e-05,-0.44778199883407044
44.660000000008615,-1.5,-1.513719634459144,1.663164579315374e-05,1.604959436594741e-05,-0.42842566191620596
44.68000000000864,-1.5,-1.5138884480897956,1.659733755499009e-05,1.6104021743082744e-05,-0.40726720674262784
44.700000000008664,-1.5,-1.5140572543468735,1.649596072713003e-05,1.6146210414694916e-05,-0.38870494562275804
44.72000000000869,-1.5,-1.5142211121745024,1.63574750772576e-05,1.617240668930373e-05,-0.37656754353846095
44.74000000000871,-1.5,-1.514375067339119,1.621882082382018e-05,1.618254215312647e-05,-0.3742361721527984
44.76000000000874,-1.5,-1.5145162101159038,1.6110448162686662e-05,1.6179877609284705e-05,-0.3825267430877038
44.78000000000876,-1.5,-1.514645288865318,1.6065177815164292e-05,1.6170142567775195e-05,-0.39878855768648697
44.80000000000879,-1.5,-1.5147665537887556,1.6119702560119967e-05,1.61622059495463e-05,-0.419083942399284
44.82000000000881,-1.5,-1.5148858381377608,1.6266054781328735e-05,1.6165334584140137e-05,-0.43928195340474974
44.840000000008835,-1.5,-1.5150089325663048,1.6472128542880005e-05,1.618569754612946e-05,-0.45397202850451507
44.86000000000886,-1.5,-1.5151406183219258,1.668091086545852e-05,1.6224444798035636e-05,-0.45796965365918463
44.880000000008884,-1.5,-1.5152830162053994,1.684167750254155e-05,1.6277183831134614e-05,-0.45017691000550825
44.90000000000891,-1.5,-1.515435172453477,1.6928228144735283e-05,1.633641776009221e-05,-0.43347177318207175
44.92000000000893,-1.5,-1.515593933034643,1.6931994350245193e-05,1.6393852163729047e-05,-0.41261622142057797
44.94000000000896,-1.5,-1.515754961286276,1.6859601218595995e-05,1.6441977144026118e-05,-0.392338593082172
44.96000000000898,-1.5,-1.5159134463194557,1.6733436930726677e-05,1.6475465646707286e-05,-0.376691187826018
44.98000000000901,-1.5,-1.5160644416910012,1.6588709722020294e-05,1.6492409321225295e-05,-0.36927436138136616
45.00000000000903,-1.5,-1.516203765821261,1.64621871261062e-05,1.6494614358820112e-05,-0.372484447180853
45.020000000009055,-1.5,-1.5163303415660618,1.638216017620484e-05,1.6486748463395785e-05,-0.3853014042733961
45.04000000000908,-1.5,-1.5164468626737944,1.638683799150115e-05,1.6476192994863752e-05,-0.40410588623347665
45.060000000009104,-1.5,-1.5165585732555054,1.6490652144109747e-05,1.6472479140236545e-05,-0.4249229857577804
45.08000000000913,-1.5,-1.5166712822331834,1.6671615788739163e-05,1.6483393332964674e-05,-0.4431026142153069
45.10000000000915,-1.5,-1.516790415596147,1.6885425621784912e-05,1.6512792428704463e-05,-0.4527819740471567
45.12000000000918,-1.5,-1.5169195605269281,1.707337969502161e-05,1.6558848071107683e-05,-0.4506059628897117
45.1400000000092,-1.5,-1.517059213261148,1.719740561343159e-05,1.6615257987234e-05,-0.4377129359036653
45.16000000000923,-1.5,-1.5172071581627775,1.7240960774672553e-05,1.6673903815732025e-05,-0.41825924290354993
45.18000000000925,-1.5,-1.5173595242485662,1.7203096691661294e-05,1.67267079255059e-05,-0.3971874904329114
45.200000000009275,-1.5,-1.5175116835935212,1.7098212960404656e-05,1.6767089544503913e-05,-0.37888149785723574
45.2200000000093,-1.5,-1.5176587937669859,1.6956648713449466e-05,1.6791334150457767e-05,-0.36707540834056135
45.240000000009324,-1.5,-1.5177960917438558,1.6816412565056892e-05,1.679947803429789e-05,-0.3650014823653538
45.26000000000935,-1.5,-1.5179208631421892,1.6710093643875783e-05,1.6795037044159408e-05,-0.3734312261223635
45.28000000000937,-1.5,-1.518034020909094,1.666989596184165e-05,1.6784089317059696e-05,-0.3897787744868278
45.3000000000094,-1.5,-1.5181397482399972,1.6726843424641376e-05,1.677543089516828e-05,-0.41012491971473913
45.32000000000942,-1.5,-1.518243658404842,1.6872443586913228e-05,1.6777955121021348e-05,-0.43029187034427896
45.34000000000945,-1.5,-1.5183514004698107,1.7076265776796144e-05,1.6797609207689234e-05,-0.44483974701379353
45.36000000000947,-1.5,-1.5184676788565288,1.7282157625032467e-05,1.683546211372461e-05,-0.4486048933421013
45.380000000009495,-1.5,-1.5185945564135375,1.743972039178723e-05,1.6887097628524774e-05,-0.44056352251451836
45.40000000000952,-1.5,-1.5187310260311921,1.7522893247019346e-05,1.6945017206596826e-05,-0.42369110375613983
45.420000000009544,-1.5,-1.5188738937699124,1.752317942076444e-05,1.7000934041745756e-05,-0.4028274307032902
45.44000000000957,-1.5,-1.5190188167724197,1.7447277809080395e-05,1.704735143581355e-05,-0.38272325330501394
45.46000000000959,-1.5,-1.5191610392929444,1.731778814228725e-05,1.70789672579424e-05,-0.3673775105057108
45.48000000000962,-1.5,-1.5192957586660552,1.7170569341047397e-05,1.7093935684471378e-05,-0.360263057224142
45.50000000000964,-1.5,-1.5194189928513897,1.704396995708061e-05,1.709422729100502e-05,-0.36366194862259654
45.52000000000967,-1.5,-1.5195298521540286,1.696799619578517e-05,1.7084844897023354e-05,-0.3765791680310518
45.54000000000969,-1.5,-1.5196311029780956,1.697681885593796e-05,1.7073363601572066e-05,-0.39545478139627976
45.560000000009715,-1.5,-1.5197278087309503,1.708120187442997e-05,1.7069017449089972e-05,-0.4162880876889874
45.58000000000974,-1.5,-1.5198255919116765,1.726050508583462e-05,1.7079281359285805e-05,-0.43438520486095783
45.600000000009764,-1.5,-1.5199297790363415,1.7471711827012904e-05,1.7107876956532854e-05,-0.4438768716721029
45.62000000000979,-1.5,-1.5200438952474098,1.765663448950689e-05,1.7152931815379978e-05,-0.44145599013231557
45.64000000000981,-1.5,-1.520168382686821,1.7777405068912528e-05,1.720813381572862e-05,-0.42834938010888035
45.66000000000984,-1.5,-1.5203009783135129,1.7817573992170294e-05,1.7265368446735146e-05,-0.4088037907183822
45.68000000000986,-1.5,-1.5204377857967302,1.77762537059096e-05,1.7316568270242482e-05,-0.3878139953596889
45.70000000000989,-1.5,-1.5205741973473788,1.7667961861516358e-05,1.735516954245007e-05,-0.3697501320481786
45.72000000000991,-1.5,-1.5207054640264086,1.7523401706655185e-05,1.737749542897584e-05,-0.3582569840601722
45.740000000009935,-1.5,-1.520827004513985,1.7381606270395485e-05,1.7383682697009916e-05,-0.3564260252587599
45.76000000000996,-1.5,-1.5209362917120295,1.727722578267176e-05,1.7377492274626038e-05,-0.3649870609818604
45.780000000009984,-1.5,-1.5210343981042491,1.7241868546128112e-05,1.7365337928499142e-05,-0.3814163232698682
45.80000000001001,-1.5,-1.5211254422308937,1.730108241781853e-05,1.7355943688052617e-05,-0.4018118874920918
45.82000000001003,-1.5,-1.5212148256058147,1.744590261381445e-05,1.735784309127926e-05,-0.4219509917865912
45.84000000001006,-1.5,-1.5213080619814952,1.7647515389240544e-05,1.737677133973689e-05,-0.4363657406308366
45.86000000001008,-1.5,-1.521409782777639,1.7850591818558265e-05,1.741372052327306e-05,-0.43991210955481125
45.88000000001011,-1.5,-1.5215219959644803,1.8005042622141447e-05,1.7464252203222517e-05,-0.43163637956024176
45.90000000001013,-1.5,-1.5216436439366579,1.8084938155824654e-05,1.752086643481093e-05,-0.4146061882299285
45.920000000010155,-1.5,-1.5217714949255778,1.8081849052438682e-05,1.7575283702798555e-05,-0.39373489157834896
45.94000000001018,-1.5,-1.5219012001128818,1.800254519609641e-05,1.7620019915464854e-05,-0.37379443737460605
45.960000000010204,-1.5,-1.5220280558831647,1.786982958205173e-05,1.7649796843654662e-05,-0.35873337120585036
45.98000000001023,-1.5,-1.5221473957808749,1.7720182893750796e-05,1.7662828544953022e-05,-0.3519041377001002
46.00000000001025,-1.5,-1.5222554276312523,1.759346890935017e-05,1.7661242941390413e-05,-0.35548089927072823
46.02000000001028,-1.5,-1.5223514419573851,1.752134566517021e-05,1.7650364320666217e-05,-0.36849284479739614
46.0400000000103,-1.5,-1.5224382755806856,1.7534088800374408e-05,1.763795304961639e-05,-0.3874365605439954
46.06000000001033,-1.5,-1.522520818062642,1.763895604110074e-05,1.7632956577544955e-05,-0.408286440986965
46.08000000001035,-1.5,-1.522604513636325,1.7816617912531164e-05,1.7642551904266935e-05,-0.4263068232877411
46.100000000010375,-1.5,-1.522694594249237,1.802528891303393e-05,1.767033214491909e-05,-0.43562219518809575
46.1200000000104,-1.5,-1.5227945263109166,1.8207271040395033e-05,1.771438331432676e-05,-0.4329707535752121
46.140000000010424,-1.5,-1.5229047008286205,1.832488913634226e-05,1.776838416354805e-05,-0.41966285049443813
46.16000000001045,-1.5,-1.5230228099161274,1.8361780652090987e-05,1.7824223901716545e-05,-0.4000305940006237
46.18000000001047,-1.5,-1.5231449331912994,1.831711580703463e-05,1.7873844760844514e-05,-0.3791180142311941
46.2000000000105,-1.5,-1.5232664817960897,1.8205525709971933e-05,1.7910699230271587e-05,-0.3612823521744334
46.22000000001052,-1.5,-1.5233827951473287,1.8058061403014504e-05,1.7931146494474298e-05,-0.35008408931422974
46.240000000010546,-1.5,-1.5234894640303538,1.7914733183598887e-05,1.79354192108682e-05,-0.34848187989145546
46.26000000001057,-1.5,-1.5235841399823642,1.7812164626450538e-05,1.792751246630002e-05,-0.35716640103887726
46.280000000010595,-1.5,-1.5236680489066101,1.7781392038468513e-05,1.79141611130551e-05,-0.37367307962452856
46.30000000001062,-1.5,-1.5237452473784785,1.7842711723229495e-05,1.7904018924904514e-05,-0.3941161738885682
46.320000000010644,-1.5,-1.5238209344034643,1.7986731817663035e-05,1.790527514398277e-05,-0.4142300021670934
46.34000000001067,-1.5,-1.5239004950573796,1.8186188168642596e-05,1.7923463388532157e-05,-0.42852001877707546
46.36000000001069,-1.5,-1.5239884916485857,1.8386535592427437e-05,1.7959503075820868e-05,-0.4318606498875955
46.38000000001072,-1.5,-1.5240868803246888,1.8537977617165625e-05,1.8008934945814745e-05,-0.42336425007268247
46.40000000001074,-1.5,-1.52419455579595,1.8614707455274072e-05,1.8064257833516197e-05,-0.40618538381423164
46.420000000010766,-1.5,-1.5243082505119951,1.8608358825449194e-05,1.811719911551786e-05,-0.38530678018141334
46.44000000001079,-1.5,-1.5244236099163002,1.852576948359364e-05,1.816028662783858e-05,-0.3655203813195921
46.460000000010815,-1.5,-1.5245359795219477,1.8389936731103576e-05,1.818826489606139e-05,-0.35072724291244156
46.48000000001084,-1.5,-1.5246408215184695,1.8237932627837603e-05,1.8199405001711102e-05,-0.34416634759893316
46.500000000010864,-1.5,-1.5247345236923657,1.8111065102047786e-05,1.819598467986732e-05,-0.3479102097480205
46.52000000001089,-1.5,-1.5248165487256593,1.8042571625168018e-05,1.81836347780567e-05,-0.36101125750456603
46.54000000001091,-1.5,-1.5248898010887162,1.8058998032815648e-05,1.8170291875630294e-05,-0.3800196465175875
46.56000000001094,-1.5,-1.5249590042417218,1.816426864019447e-05,1.8164629069652686e-05,-0.40088591478413704
46.58000000001096,-1.5,-1.5250294328932665,1.83403173103853e-05,1.8173540029016917e-05,-0.41883472709630337
46.600000000010986,-1.5,-1.5251062294627047,1.854653001157949e-05,1.8200496267149965e-05,-0.4279845724771502
46.62000000001101,-1.5,-1.525192804933822,1.8725672561107102e-05,1.824354471367554e-05,-0.42511629154390346
46.640000000011035,-1.5,-1.5252895021006314,1.8840250990869475e-05,1.8296355635598087e-05,-0.41161892234663355
46.66000000001106,-1.5,-1.5253939707534625,1.8873983837240836e-05,1.835082176790552e-05,-0.3919049762806418
46.680000000011084,-1.5,-1.525502267736737,1.8826095813900802e-05,1.839889443073828e-05,-0.3710648751293739
46.70000000001111,-1.5,-1.525609821929167,1.8711326459517125e-05,1.8434041470395707e-05,-0.35344372253626805
46.72000000001113,-1.5,-1.5257120560008226,1.856105746776011e-05,1.845265628724676e-05,-0.34252264809503025
46.74000000001116,-1.5,-1.5258047232180052,1.841622691208965e-05,1.8455062583044807e-05,-0.3411352858664661
46.76000000001118,-1.5,-1.5258856446721394,1.8315336318917502e-05,1.8445477965347e-05,-0.3499356351429521
46.780000000011206,-1.5,-1.5259561927349028,1.8288875803891206e-05,1.8430942649047654e-05,-0.36651529137308425
46.80000000001123,-1.5,-1.526020364965874,1.835213895308755e-05,1.8420042618770942e-05,-0.38700366530729596
46.820000000011255,-1.5,-1.5260831678754638,1.8495345810113392e-05,1.8420639701472833e-05,-0.40709433326445216
46.84000000001128,-1.5,-1.5261498647482754,1.869270763700906e-05,1.8438076751508454e-05,-0.42126751007425245
46.860000000011304,-1.5,-1.5262249527004021,1.8890421523514922e-05,1.847320472504805e-05,-0.4244149344710548
46.88000000001133,-1.5,-1.5263103390799069,1.9038966839147225e-05,1.8521544882828928e-05,-0.4157111203034549
46.90000000001135,-1.5,-1.5264048736792986,1.9112651428714678e-05,1.8575594957783812e-05,-0.39839241566778005
46.92000000001138,-1.5,-1.5265052551834493,1.910316782254669e-05,1.862708877338708e-05,-0.37750680943576814
46.9400000000114,-1.5,-1.526607123520686,1.901741830423649e-05,1.866856536369506e-05,-0.357865050327975
46.960000000011426,-1.5,-1.5267058703667165,1.8878584988874508e-05,1.869479077780453e-05,-0.34332353852054853
46.98000000001145,-1.5,-1.5267970790454914,1.8724299889782948e-05,1.8704090114936637e-05,-0.33701458534921624
47.000000000011475,-1.5,-1.526877307275295,1.8597240128159617e-05,1.8698883035939945e-05,-0.3409151488880159
47.0200000000115,-1.5,-1.526946181216322,1.8532143372197162e-05,1.8685091111160152e-05,-0.35409981492063985
47.040000000011524,-1.5,-1.5270066698077156,1.8552007896570324e-05,1.8670817662805786e-05,-0.37316932696989624
47.06000000001155,-1.5,-1.5270633388116286,1.8657605302490525e-05,1.8664474957016892e-05,-0.3940515352825925
47.08000000001157,-1.5,-1.5271213025613462,1.883207662104337e-05,1.8672688615143816e-05,-0.41193360465987094
47.1000000000116,-1.5,-1.5271856190627449,1.9035916617380495e-05,1.8698815553209716e-05,-0.42092830826296834
47.12000000001162,-1.5,-1.5272596471588016,1.9212328501342805e-05,1.8740866041853313e-05,-0.41785654288479207
47.140000000011646,-1.5,-1.5273436843035872,1.9323987885337604e-05,1.879250244671087e-05,-0.4041812865763092
47.16000000001167,-1.5,-1.5274353404424788,1.935468859889282e-05,1.884562079146602e-05,-0.3843905982033643
47.180000000011695,-1.5,-1.527530650908012,1.930370652240542e-05,1.889218086845253e-05,-0.3636184804649281
47.20000000001172,-1.5,-1.5276250611449531,1.9185884266347984e-05,1.8925664954330154e-05,-0.3461986338643337
47.220000000011744,-1.5,-1.52771407203962,1.9032916444996435e-05,1.8942498771510773e-05,-0.33553766525278517
47.24000000001177,-1.5,-1.5277935897614023,1.8886617825893576e-05,1.894309204435936e-05,-0.3343518004581078
47.26000000001179,-1.5,-1.5278615955864983,1.8787267021975513e-05,1.8931872764052942e-05,-0.3432606964008046
47.28000000001182,-1.5,-1.5279196007829865,1.8764835344661216e-05,1.8916169949855417e-05,-0.35990901176440887
47.30000000001184,-1.5,-1.5279715470286603,1.882988012574258e-05,1.8904504812781208e-05,-0.38044034277173794
47.320000000011866,-1.5,-1.5280222588876589,1.897226698780593e-05,1.8904429613799838e-05,-0.40050978882825167
47.34000000001189,-1.5,-1.5280768848866564,1.916760351849739e-05,1.8921107494279002e-05,-0.41457376296149295
47.360000000011915,-1.5,-1.5281398608631565,1.9362786502036382e-05,1.8955325139904167e-05,-0.4175402202557656
47.38000000001194,-1.5,-1.5282130483416754,1.9508554080366424e-05,1.9002585612117723e-05,-0.40864200896475456
47.400000000011964,-1.5,-1.5282952549101922,1.9579320684867963e-05,1.9055385612674848e-05,-0.39119222970084644
47.42000000001199,-1.5,-1.5283831474710283,1.9566833473353982e-05,1.910546493857483e-05,-0.3703001055545508
47.44000000001201,-1.5,-1.5284723606630164,1.9478055757209646e-05,1.9145373062480387e-05,-0.3507940237059325
47.46000000001204,-1.5,-1.528558329411146,1.9336344592723302e-05,1.9169896271398264e-05,-0.33648848793402575
47.48000000001206,-1.5,-1.5286367507593805,1.9179859891385873e-05,1.9177410579604836e-05,-0.3304157561319546
47.500000000012086,-1.5,-1.528704342297118,1.9052570450954797e-05,1.9170469459514046e-05,-0.334463158746612
47.52000000001211,-1.5,-1.5287608845510936,1.8990630142871212e-05,1.9155268745936724e-05,-0.3477262744945933
47.540000000012135,-1.5,-1.5288094074503957,1.901368395888792e-05,1.9140068781241065e-05,-0.36685345099412414
47.56000000001216,-1.5,-1.5288543279184086,1.9119536273343963e-05,1.9133035428059627e-05,-0.3877511069907264
47.580000000012184,-1.5,-1.528900609313743,1.9292472614365637e-05,1.9140541974717092e-05,-0.40557111541760976
47.60000000001221,-1.5,-1.5289532303639948,1.9494031981456556e-05,1.9165837767241722e-05,-0.4144208382794553
47.62000000001223,-1.5,-1.529015501014681,1.9667828244892466e-05,1.9206898786058903e-05,-0.4111587080151882
47.64000000001226,-1.5,-1.5290876761949546,1.9776695124483414e-05,1.9257380024577157e-05,-0.3973170073369324
47.66000000001228,-1.5,-1.5291673284331349,1.980449612441288e-05,1.9309180527061904e-05,-0.3774545978397053
47.680000000012306,-1.5,-1.5292504727910885,1.975055495692331e-05,1.935426792206754e-05,-0.35674631388091843
47.70000000001233,-1.5,-1.5293325701368483,1.9629811720765756e-05,1.93861379591061e-05,-0.3395151614744639
47.720000000012355,-1.5,-1.529409194622965,1.9474255872362615e-05,1.9401246731907e-05,-0.3290979255264976
47.74000000001238,-1.5,-1.529476395846332,1.9326526907507796e-05,1.9400084863501193e-05,-0.32810083660073186
47.760000000012404,-1.5,-1.5295323057396315,1.9228576185445665e-05,1.9387278290791554e-05,-0.33711144057082176
47.78000000001243,-1.5,-1.5295785664733976,1.9209884744034022e-05,1.9370427759143545e-05,-0.3538243159152778
47.80000000001245,-1.5,-1.5296190671015748,1.927655169857351e-05,1.9357993129732048e-05,-0.3743963342324954
47.82000000001248,-1.5,-1.5296584611237858,1.9418117515414e-05,1.9357235558888118e-05,-0.3944464347011749
47.8400000000125,-1.5,-1.5297017894022171,1.9611503832134283e-05,1.937314962029483e-05,-0.4084086768129091
47.860000000012526,-1.5,-1.5297534303757399,1.9804264011358662e-05,1.940646187134005e-05,-0.4112061747254636
47.88000000001255,-1.5,-1.529815202663143,1.9947377951567098e-05,1.9452658395959574e-05,-0.4021263808918341
47.900000000012575,-1.5,-1.5298858743006145,2.001535882801309e-05,1.9504234898600928e-05,-0.3845542382850717
47.9200000000126,-1.5,-1.5299620823494802,2.000000434577672e-05,1.9552936658443066e-05,-0.3636562739535866
47.940000000012624,-1.5,-1.5300394563853044,1.990833525021024e-05,1.959132281055282e-05,-0.3442773685826827
47.96000000001265,-1.5,-1.5301134717298353,1.9763873443184696e-05,1.9614198562157492e-05,-0.3301928113963142
47.98000000001267,-1.5,-1.5301799318585534,1.9605274424370045e-05,1.9619987688462375e-05,-0.32434124580260515
48.0000000000127,-1.5,-1.5302357042185464,1.9477719791104026e-05,1.9611369245370356e-05,-0.32852613842307704
48.02000000001272,-1.5,-1.530280714333766,1.941869274059103e-05,1.959479652792579e-05,-0.34186284291293856
48.040000000012746,-1.5,-1.5303180494515718,1.944468695010677e-05,1.9578677067274538e-05,-0.3610443482908183
48.06000000001277,-1.5,-1.5303519867942712,1.955072712517752e-05,1.957094532629144e-05,-0.38195695541741076
48.080000000012795,-1.5,-1.5303873482614283,1.9722176183925568e-05,1.9577738175876906e-05,-0.39971946434481
48.10000000001282,-1.5,-1.5304290384119767,1.9921551882723604e-05,1.9602204380843206e-05,-0.40843414452492344
48.120000000012844,-1.5,-1.5304803214807403,2.0092852005352354e-05,1.964228793790321e-05,-0.4049945113456253
48.14000000001287,-1.5,-1.5305414126221442,2.0199057103478844e-05,1.9691636953011814e-05,-0.39099763296555634
48.16000000001289,-1.5,-1.5306098493196518,2.0224094914252667e-05,1.9742153202111192e-05,-0.3710685466220076
48.18000000001292,-1.5,-1.5306816275814554,2.016733366684828e-05,1.9785811504318727e-05,-0.3504202352509405
48.20000000001294,-1.5,-1.5307522225853996,2.0043805236577874e-05,1.9816120108955498e-05,-0.3333656948068045
48.220000000012966,-1.5,-1.530817276901736,1.988577571942745e-05,1.98295635027046e-05,-0.3231764586498472
48.24000000001299,-1.5,-1.5308729742255127,1.9736657115393757e-05,1.982670804603852e-05,-0.3223559727346605
48.260000000013015,-1.5,-1.5309175875719543,1.963996746455095e-05,1.9812365057377532e-05,-0.3314618110721063
48.28000000001304,-1.5,-1.5309528817759452,1.9624726794205277e-05,1.9794389685654232e-05,-0.34823532437136595
48.300000000013064,-1.5,-1.5309826965970574,1.9692860308876866e-05,1.9781184147821407e-05,-0.36884579884253804
48.32000000001309,-1.5,-1.5310115255088061,1.9833609004047646e-05,1.977973725723714e-05,-0.3888783500222713
48.34000000001311,-1.5,-1.5310443087866967,2.0025124618969724e-05,1.9794886140753997e-05,-0.40274612854728165
48.36000000001314,-1.5,-1.5310853712934136,2.021557394739283e-05,1.982730129851714e-05,-0.4053863866660181
48.38000000001316,-1.5,-1.531136491593547,2.035616181822344e-05,1.987245300559853e-05,-0.396137548571901
48.400000000013186,-1.5,-1.5311964007593453,2.0421492529926728e-05,1.9922835976129514e-05,-0.37845161581135117
48.42000000001321,-1.5,-1.531261707908307,2.040341036707815e-05,1.9970200471986312e-05,-0.35754858952085367
48.440000000013235,-1.5,-1.5313280377781104,2.0308989873455494e-05,2.0007114509404136e-05,-0.33828872516694203
48.46000000001326,-1.5,-1.5313909033018134,2.0161907615418916e-05,2.0028400885857342e-05,-0.32441070236593683
48.480000000013284,-1.5,-1.5314462072472246,2.0001282446541545e-05,2.0032527971508033e-05,-0.31876580866743565
48.50000000001331,-1.5,-1.53149095701907,1.9873429556810353e-05,2.0022292162252977e-05,-0.3230792472000579
48.52000000001333,-1.5,-1.5315252136618893,1.9817073304200712e-05,2.0004387300702604e-05,-0.33648490020729227
48.54000000001336,-1.5,-1.5315521179681142,1.984576192627744e-05,1.9987358288033445e-05,-0.35571747441534013
48.56000000001338,-1.5,-1.531575816721295,1.9951927780391158e-05,1.997892348040936e-05,-0.3766444964955461
48.580000000013406,-1.5,-1.5316009998756956,2.0121941422843936e-05,1.9984999249993395e-05,-0.3943539015548706
48.60000000001343,-1.5,-1.531632502866653,2.0319233814830263e-05,2.0008640677748598e-05,-0.40294319202736223
48.620000000013455,-1.5,-1.5316735473364038,2.048816014436302e-05,2.004776201721775e-05,-0.3993385820148093
48.64000000001348,-1.5,-1.531724311345415,2.0591836775826845e-05,2.009600493612095e-05,-0.3851975263313317
48.660000000013504,-1.5,-1.5317822996456834,2.0614250422536165e-05,2.0145273642531494e-05,-0.36520673362559264
48.68000000001353,-1.5,-1.5318434903824811,2.055481056028041e-05,2.0187549501267905e-05,-0.344614722573858
48.70000000001355,-1.5,-1.5319033719615407,2.0428635080842653e-05,2.0216352287366756e-05,-0.32772514110703405
48.72000000001358,-1.5,-1.5319576506365407,2.0268248580576516e-05,2.022819290029156e-05,-0.31774871050493975
48.7400000000136,-1.5,-1.532002635054936,2.0117783611740346e-05,2.0223708295471383e-05,-0.3170930987753626
48.760000000013626,-1.5,-1.5320367297912045,2.0022218579398246e-05,2.0207882630608302e-05,-0.3262879650651626
48.78000000001365,-1.5,-1.5320618140123219,2.0010142114181605e-05,2.0188808123721004e-05,-0.3431183085135761
48.800000000013675,-1.5,-1.5320816815374956,2.0079591574142644e-05,2.0174833223476225e-05,-0.36376501098032843
48.8200000000137,-1.5,-1.5321006768589271,2.0219531325657148e-05,2.0172693196339637e-05,-0.38378169347746116
48.840000000013724,-1.5,-1.5321236466637318,2.0409258873730124e-05,2.0187078717881316e-05,-0.3975620268805398
48.86000000001375,-1.5,-1.5321548659836042,2.059751169651342e-05,2.021860821172335e-05,-0.4000564148505505
48.88000000001377,-1.5,-1.5321960761078066,2.0735703040815875e-05,2.0262737264396414e-05,-0.3906507215660195
48.9000000000138,-1.5,-1.5322459736646568,2.0798520955535854e-05,2.0311959589856657e-05,-0.37285935478994564
48.92000000001382,-1.5,-1.5323011416786703,2.077785246323081e-05,2.0358029935506657e-05,-0.3519520650565881
48.940000000013846,-1.5,-1.5323572002746597,2.0680822272262895e-05,2.0393524424583504e-05,-0.3328033929740073
48.96000000001387,-1.5,-1.532409697285837,2.053125145635434e-05,2.041328212082096e-05,-0.31911793657405424
48.980000000013895,-1.5,-1.5324546278042528,2.036869033813877e-05,2.0415812845769084e-05,-0.3136657034222555
49.00000000001392,-1.5,-1.532489129462656,2.0240509018151172e-05,2.040402215938337e-05,-0.31809906960437645
49.020000000013944,-1.5,-1.5325133893675884,2.0186584883535477e-05,2.038482762890481e-05,-0.3315691913934886
49.04000000001397,-1.5,-1.532530598055392,2.021772731293049e-05,2.0366901817730194e-05,-0.35084962330305963
49.06000000001399,-1.5,-1.532544781126793,2.032396149176398e-05,2.0357762314258998e-05,-0.3717904684042239
49.08000000001402,-1.5,-1.5325605060045921,2.049259472646462e-05,2.0363120747281265e-05,-0.38945097545195295
49.10000000001404,-1.5,-1.5325825439483545,2.06879062571352e-05,2.0385945274980844e-05,-0.3979242070784591
49.120000000014066,-1.5,-1.532614077046761,2.0854582621112068e-05,2.042412257875849e-05,-0.39416676191251704
49.14000000001409,-1.5,-1.5326552488735912,2.095586529246805e-05,2.0471288309534173e-05,-0.37989220801908297
49.160000000014115,-1.5,-1.5327035337015837,2.0975794905313283e-05,2.0519348807190736e-05,-0.3598445496841922
49.18000000001414,-1.5,-1.532754892976907,2.0913818980930332e-05,2.05602913488508e-05,-0.33930530276324966
49.200000000014164,-1.5,-1.5328048272864097,2.0785135682197274e-05,2.0587646273921173e-05,-0.3225694078902853
49.22000000001419,-1.5,-1.5328491019602795,2.0622510180249806e-05,2.059794893521863e-05,-0.3127910805219913
49.24000000001421,-1.5,-1.532884141670252,2.047074433672897e-05,2.0591901806559996e-05,-0.31228900899912254
49.26000000001424,-1.5,-1.5329084731580533,2.0376171570690753e-05,2.057464948770564e-05,-0.3215669190041759
49.28000000001426,-1.5,-1.532924081618601,2.0366978742252146e-05,2.055450411063852e-05,-0.33845038128872706
49.300000000014286,-1.5,-1.5329347182676545,2.043759945282176e-05,2.053976430711256e-05,-0.35913109001765503
49.32000000001431,-1.5,-1.5329445895423779,2.0576742066578183e-05,2.053693040652651e-05,-0.3791334704413324
49.340000000014335,-1.5,-1.5329584554075497,2.0764766188540158e-05,2.0550557419789598e-05,-0.3928331171372845
49.36000000001436,-1.5,-1.5329805447151694,2.0950937987911126e-05,2.0581215567719482e-05,-0.3951926318437211
49.380000000014384,-1.5,-1.5330125641793308,2.1086863036294855e-05,2.0624346823615245e-05,-0.3856418917826099
49.40000000001441,-1.5,-1.5330531784333703,2.114730603649555e-05,2.067244388278496e-05,-0.36775319612926094
49.42000000001443,-1.5,-1.533098946211477,2.112419305043725e-05,2.071726549249742e-05,-0.3468424306462134
49.44000000001446,-1.5,-1.5331454832512228,2.1024695355076047e-05,2.0751395126653874e-05,-0.3277973631372764
49.46000000001448,-1.5,-1.5331883696565372,2.087276848509093e-05,2.0769686812816544e-05,-0.31429095994055356
49.480000000014506,-1.5,-1.5332236860671071,2.0708362920603084e-05,2.0770688731158062e-05,-0.3090178371389527
49.50000000001453,-1.5,-1.5332486908335166,2.0579826216632563e-05,2.0757407565709085e-05,-0.3135628133190709
49.520000000014555,-1.5,-1.5332636877858958,2.0528101768086617e-05,2.073696803772716e-05,-0.3270930724246218
49.54000000001458,-1.5,-1.5332719134332764,2.0561464747362036e-05,2.0718160855502075e-05,-0.34641821350734947
49.560000000014604,-1.5,-1.5332772813347526,2.0667714655711363e-05,2.070831802481384e-05,-0.3673722546342902
49.58000000001463,-1.5,-1.5332842456155764,2.0835024761832212e-05,2.0712961887522098e-05,-0.38498789230584335
49.60000000001465,-1.5,-1.5332975181834585,2.1028458852206813e-05,2.073498026717513e-05,-0.3933540739206545
49.62000000001468,-1.5,-1.5333202445245833,2.119300938778429e-05,2.0772234371325072e-05,-0.389455540546903
49.6400000000147,-1.5,-1.5333525362557396,2.1292032614597782e-05,2.0818354233737052e-05,-0.3750578310253657
49.660000000014726,-1.5,-1.533391839358758,2.130961824898016e-05,2.0865248032877756e-05,-0.35495800404647937
49.68000000001475,-1.5,-1.5334340997167062,2.124524874704044e-05,2.090490834494384e-05,-0.3344681124237269
49.700000000014775,-1.5,-1.533474829089319,2.1114196863093496e-05,2.093087513639487e-05,-0.3178750093362978
49.7200000000148,-1.5,-1.5335098474158686,2.0949450752573215e-05,2.0939706293048804e-05,-0.30828057377703005
49.740000000014824,-1.5,-1.5335356867118515,2.0796431409734158e-05,2.0932164834869325e-05,-0.307921097937083
49.76000000001485,-1.5,-1.533550986691847,2.0702723869486754e-05,2.091354365169475e-05,-0.3172762840834156
49.78000000001487,-1.5,-1.5335578304005113,2.0696142574009043e-05,2.089235796879407e-05,-0.3342092644132347
49.8000000000149,-1.5,-1.5335599297349223,2.0767796464163014e-05,2.0876860550465747e-05,-0.3549217933496259
49.82000000001492,-1.5,-1.5335613637837326,2.0906156829534144e-05,2.087333503436702e-05,-0.37491135039163564
49.840000000014946,-1.5,-1.5335668124805368,2.109256323188521e-05,2.0886211277013506e-05,-0.3885368236463717
49.86000000001497,-1.5,-1.5335804620412765,2.1276769575310166e-05,2.091601504959753e-05,-0.39077209255349205
49.880000000014995,-1.5,-1.5336039872208755,2.141055816644504e-05,2.095817574496555e-05,-0.3810877294783453
49.90000000001502,-1.5,-1.5336360230322228,2.146876356330903e-05,2.1005185019026605e-05,-0.36310955385535626
49.920000000015044,-1.5,-1.5336731056714878,2.1443347324507233e-05,2.1048805151829888e-05,-0.3421960881810201
49.94000000001507,-1.5,-1.5337108467157228,2.1341523767180422e-05,2.1081626237802494e-05,-0.3232473033518007
49.96000000001509,-1.5,-1.53374485599833,2.118737302265897e-05,2.109851599984539e-05,-0.3099069037833962
49.98000000001512,-1.5,-1.5337712931393679,2.1021215172696488e-05,2.1098057957694837e-05,-0.3047998094774329
50.00000000001514,-1.5,-1.5337875279575723,2.0892299565107487e-05,2.1083352070835184e-05,-0.30944837989983004
50.020000000015166,-1.5,-1.533793971870485,2.084255055165902e-05,2.1061714027407388e-05,-0.3230346017834169
50.04000000001519,-1.5,-1.533793903664088,2.087790970596669e-05,2.1042043417462946e-05,-0.3424013932382618
50.060000000015215,-1.5,-1.533791133795455,2.098412741603081e-05,2.1031501535964366e-05,-0.36336799902383626
50.08000000001524,-1.5,-1.5337900120823627,2.1150173211655345e-05,2.103543648722237e-05,-0.38094264077956086
50.100000000015264,-1.5,-1.533795195759179,2.134183333734944e-05,2.1056662146066526e-05,-0.389210469199376
50.12000000001529,-1.5,-1.5338097965650934,2.150438151812198e-05,2.1093016268913906e-05,-0.3851822000795795
50.14000000001531,-1.5,-1.5338338966080125,2.160127883557974e-05,2.113812365447667e-05,-0.370671336917397
50.16000000001534,-1.5,-1.5338649157003337,2.1616659476194347e-05,2.11838940391884e-05,-0.3505238918604864
50.18000000001536,-1.5,-1.5338987852687098,2.1550037826953045e-05,2.1222324711350887e-05,-0.3300800764373365
50.200000000015386,-1.5,-1.53393102727837,2.1416755662264892e-05,2.1246964359489148e-05,-0.3136192554157366
50.22000000001541,-1.5,-1.5339575119596602,2.125000696691268e-05,2.1254391535421875e-05,-0.3041949999669029
50.240000000015435,-1.5,-1.5339748702638178,2.1095783046762337e-05,2.124542496806297e-05,-0.303967568502782
50.26000000001546,-1.5,-1.5339818459350025,2.10028198958647e-05,2.1225494010995483e-05,-0.31339448149296023
50.280000000015484,-1.5,-1.5339806118927177,2.0998588382590603e-05,2.1203300620018144e-05,-0.3303735052287059
50.30000000001551,-1.5,-1.5339748439201573,2.1071144507825603e-05,2.1187055578846076e-05,-0.35111573057068346
50.32000000001553,-1.5,-1.5339685041645934,2.120874012125717e-05,2.1182843574135883e-05,-0.37109387788392895
50.34000000001556,-1.5,-1.533966199011083,2.1393614792084436e-05,2.119497948906596e-05,-0.3846514583762462
50.36000000001558,-1.5,-1.5339720754645718,2.1575970462025806e-05,2.1223948267351818e-05,-0.38677274147658874
50.380000000015606,-1.5,-1.5339877788480099,2.1707751147856603e-05,2.126516771341101e-05,-0.3769657896338495
50.40000000001563,-1.5,-1.534011916850713,2.1763854774059295e-05,2.1311128425075912e-05,-0.35890572049689046
50.420000000015655,-1.5,-1.5340410048302755,2.1736275016488366e-05,2.1353595771272367e-05,-0.3379903150263908
50.44000000001568,-1.5,-1.5340706504307031,2.163226579541676e-05,2.1385165768631907e-05,-0.31913075876759583
50.460000000015704,-1.5,-1.5340964907665426,2.1476022216226602e-05,2.140071860992632e-05,-0.3059437820324906
50.48000000001573,-1.5,-1.5341147580945904,2.130820431005487e-05,2.139887022691398e-05,-0.3009901059483341
50.50000000001575,-1.5,-1.5341229247455497,2.117888980249697e-05,2.1382806241161652e-05,-0.30573455414604755
50.52000000001578,-1.5,-1.5341215008550246,2.113090158953462e-05,2.136001760734558e-05,-0.31937272339221545
50.5400000000158,-1.5,-1.5341138039010274,2.1168042553918622e-05,2.133950383824405e-05,-0.33877821227266963
50.560000000015826,-1.5,-1.53410354990924,2.1274184672151543e-05,2.13282699527739e-05,-0.35975676555767755
50.58000000001585,-1.5,-1.5340949930865133,2.1439025885311777e-05,2.1331504376122346e-05,-0.37729414112559534
50.600000000015875,-1.5,-1.534092740510202,2.1629014804376786e-05,2.1351953195537708e-05,-0.3854720027870132
50.6200000000159,-1.5,-1.534099872926478,2.178968263022037e-05,2.1387432661484748e-05,-0.3813249495917624
50.640000000015924,-1.5,-1.5341164452975788,2.188458576868969e-05,2.1431562705409282e-05,-0.36671058438758825
50.66000000001595,-1.5,-1.5341398533182944,2.1897898494335855e-05,2.1476254357503507e-05,-0.3465199168622416
50.68000000001597,-1.5,-1.5341660150345247,2.1829164239086548e-05,2.151350906151201e-05,-0.326119023974371
50.700000000016,-1.5,-1.5341904616917843,2.1693788369487718e-05,2.153688336124578e-05,-0.30978036030997524
50.72000000001602,-1.5,-1.5342091096505703,2.15251540619912e-05,2.1542974671752404e-05,-0.300513073846501
50.740000000016046,-1.5,-1.5342186806821652,2.136977569759309e-05,2.1532652752765685e-05,-0.30040752496018147
50.76000000001607,-1.5,-1.5342180139101556,2.1277442922559967e-05,2.151147198363258e-05,-0.30990082756026316
50.780000000016095,-1.5,-1.5342093644168284,2.1275311174792275e-05,2.148830524087549e-05,-0.3269225501765552
50.80000000001612,-1.5,-1.5341963749750003,2.1348646040356468e-05,2.1471325105412705e-05,-0.3476924223196808
50.820000000016144,-1.5,-1.5341829008374692,2.1485496579033507e-05,2.1466434441948705e-05,-0.36766051718229525
50.84000000001617,-1.5,-1.5341734810890508,2.1668925126289658e-05,2.147784297158829e-05,-0.3811562532741096
50.86000000001619,-1.5,-1.5341722268216489,2.1849543393852295e-05,2.1505998293683685e-05,-0.38317343491991096
50.88000000001622,-1.5,-1.5341807563608951,2.1979442693932104e-05,2.1546307576818385e-05,-0.3732545256548808
50.90000000001624,-1.5,-1.534197652288927,2.203357814497464e-05,2.1591260347195642e-05,-0.3551198728998446
50.920000000016266,-1.5,-1.5342194107690077,2.2003972327538938e-05,2.1632624644925542e-05,-0.3342032617230954
50.94000000001629,-1.5,-1.5342416357396296,2.1897915437934015e-05,2.166300174612134e-05,-0.3154261409682327
50.960000000016315,-1.5,-1.5342599892444646,2.173970822309696e-05,2.1677283137633872e-05,-0.3023804711823912
50.98000000001634,-1.5,-1.534270770068131,2.157032203151907e-05,2.1674114340899477e-05,-0.29756806945685244
51.000000000016364,-1.5,-1.5342715444163817,2.1440592145621156e-05,2.1656759295348612e-05,-0.30240096839166825
51.02000000001639,-1.5,-1.5342629125895768,2.1394160726588433e-05,2.163286908724527e-05,-0.3160872222364425
51.04000000001641,-1.5,-1.5342482273100988,2.143287992586559e-05,2.16115345345492e-05,-0.33552856536403347
51.06000000001644,-1.5,-1.5342311185234396,2.1538907429929378e-05,2.1599618285214067e-05,-0.35651846879261995
51.08000000001646,-1.5,-1.53421575319132,2.1702604163842835e-05,2.1602163089804625e-05,-0.3740221639942575
51.100000000016486,-1.5,-1.5342066925755868,2.189102327594966e-05,2.162185316742305e-05,-0.38211812688546476
51.12000000001651,-1.5,-1.5342069890772743,2.204993060383647e-05,2.1656485128751025e-05,-0.3778628261593132
51.140000000016535,-1.5,-1.5342166727885165,2.2142968806614812e-05,2.1699674393646887e-05,-0.36315424326458634
51.16000000001656,-1.5,-1.5342331172662214,2.2154348095343374e-05,2.1743333040685357e-05,-0.34292457846521257
51.180000000016584,-1.5,-1.5342522282184645,2.2083638186757508e-05,2.1779466145210945e-05,-0.3225635682634478
51.20000000001661,-1.5,-1.5342695452887298,2.1946302782605293e-05,2.1801637281727796e-05,-0.3063373144901023
51.22000000001663,-1.5,-1.5342810269695568,2.1775898194710137e-05,2.1806460997954722e-05,-0.2972142799272667
51.24000000001666,-1.5,-1.5342834780441337,2.161941640180164e-05,2.1794853583533593e-05,-0.29722083158820506
51.26000000001668,-1.5,-1.5342758246902077,2.1527607194741975e-05,2.1772483441025856e-05,-0.3067753869748471
51.280000000016706,-1.5,-1.5342603967473014,2.1527337869324982e-05,2.1748379180851708e-05,-0.32383659006258525
51.30000000001673,-1.5,-1.5342408069642313,2.1601335596263058e-05,2.173067881557749e-05,-0.3446321357252385
51.320000000016755,-1.5,-1.5342208133414743,2.1737462535041066e-05,2.1725119826897658e-05,-0.3645914788957599
51.34000000001678,-1.5,-1.5342048936585628,2.1919529632166755e-05,2.173581618553652e-05,-0.37803118031300303
51.360000000016804,-1.5,-1.5341971262589642,2.2098521657642993e-05,2.176318148482432e-05,-0.37995375672489395
51.38000000001683,-1.5,-1.5341991048102843,2.222666344631778e-05,2.18026131717205e-05,-0.3699331024061614
51.40000000001685,-1.5,-1.5342093889211548,2.227896145679866e-05,2.184659969447828e-05,-0.35173088332897023
51.42000000001688,-1.5,-1.5342244571475354,2.2247464130123717e-05,2.1886911374846745e-05,-0.33081376119923384
51.4400000000169,-1.5,-1.5342399099492678,2.213949473543918e-05,2.191615412377468e-05,-0.31211253503631653
51.460000000016926,-1.5,-1.5342514320459468,2.1979450656036865e-05,2.192922960079712e-05,-0.29919651518867163
51.48000000001695,-1.5,-1.5342553828843197,2.1808587033718438e-05,2.1924810209967942e-05,-0.2945137036827318
51.500000000016975,-1.5,-1.5342494142470329,2.1678428734754206e-05,2.190623115855071e-05,-0.29942790536775715
51.520000000017,-1.5,-1.5342342083975928,2.163336138600806e-05,2.1881289151729805e-05,-0.3131585254493386
51.540000000017024,-1.5,-1.5342131500107377,2.16734665200265e-05,2.1859158062827314e-05,-0.3326329885154556
51.56000000001705,-1.5,-1.534189790947464,2.177934457191823e-05,2.1846571477983852e-05,-0.3536336647800796
51.58000000001707,-1.5,-1.5341682189327608,2.1941956851545475e-05,2.184843987862632e-05,-0.3711071175088301
51.6000000000171,-1.5,-1.5341529535705247,2.2128905669236826e-05,2.186739128126168e-05,-0.3791289214479103
51.62000000001712,-1.5,-1.5341470214550328,2.2286169664939707e-05,2.1901204442899488e-05,-0.37477548063457855
51.640000000017146,-1.5,-1.534150429994082,2.2377469130230363e-05,2.1943490616912636e-05,-0.35998158199083585
51.66000000001717,-1.5,-1.5341605325122982,2.2387046290818127e-05,2.198616270528792e-05,-0.3397169615025341
51.680000000017195,-1.5,-1.5341732233886807,2.2314494519335675e-05,2.202122892554021e-05,-0.31939289864396614
51.70000000001722,-1.5,-1.5341840498257044,2.217533078758917e-05,2.2042259103169052e-05,-0.3032696790219082
51.720000000017244,-1.5,-1.5341890086170467,2.2003269115494452e-05,2.2045883265951735e-05,-0.29427866931367713
51.74000000001727,-1.5,-1.534184980068771,2.1845735487495477e-05,2.2033059922917466e-05,-0.2943879128887262
51.76000000001729,-1.5,-1.5341709694353802,2.1754350442984834e-05,2.2009560966283772e-05,-0.30399877638727485
51.78000000001732,-1.5,-1.534149374244646,2.1755719447742e-05,2.1984556225027573e-05,-0.3210963643425392
51.80000000001734,-1.5,-1.5341237800792928,2.1830271817014205e-05,2.1966152610407007e-05,-0.3419156872301654
51.820000000017366,-1.5,-1.534097856894193,2.1965698093891447e-05,2.195993791583215e-05,-0.3618675216517177
51.84000000001739,-1.5,-1.5340760268920868,2.2146487027243053e-05,2.196993935311929e-05,-0.3752567533801978
51.860000000017415,-1.5,-1.5340623386948389,2.232396137640055e-05,2.1996539699107966e-05,-0.3770938219134401
51.88000000001744,-1.5,-1.5340583635537828,2.245046638862781e-05,2.2035127555529827e-05,-0.3669812028309668
51.900000000017464,-1.5,-1.5340626401530624,2.2501054327942715e-05,2.207819029478672e-05,-0.3487181296898118
51.92000000001749,-1.5,-1.5340716309694022,2.246779662030389e-05,2.2117500159868385e-05,-0.327801142669918
51.94000000001751,-1.5,-1.5340809332094247,2.2358046538469274e-05,2.2145667111391487e-05,-0.30916951693611544
51.96000000001754,-1.5,-1.5340862521160192,2.2196289451424108e-05,2.2157601917661626e-05,-0.29637194630052316
51.98000000001756,-1.5,-1.5340840021819067,2.2024037940980793e-05,2.215200128056455e-05,-0.2918074978649998
52.000000000017586,-1.5,-1.5340719128213398,2.1893441507058047e-05,2.2132264936801414e-05,-0.296796127693294
52.02000000001761,-1.5,-1.5340507404351518,2.184955714418818e-05,2.2106321358622843e-05,-0.3105675353836838
52.040000000017635,-1.5,-1.5340238985257004,2.1890867428617523e-05,2.2083419609661225e-05,-0.3300724930337665
52.06000000001766,-1.5,-1.5339948684856912,2.1996565173640548e-05,2.2070176883658637e-05,-0.3510833855836286
52.080000000017684,-1.5,-1.5339676664368522,2.215815257000766e-05,2.207138416965173e-05,-0.368529883364854
52.10000000001771,-1.5,-1.533946774292724,2.234372829520015e-05,2.2089618685252973e-05,-0.3764849333901543
52.12000000001773,-1.5,-1.5339351952673792,2.2499462997585125e-05,2.212264303919625e-05,-0.37204302125606353
52.14000000001776,-1.5,-1.5339329161785697,2.2589146434859152e-05,2.2164064653753495e-05,-0.35717231634013835
52.16000000001778,-1.5,-1.533937271948395,2.259704915307981e-05,2.220579705046977e-05,-0.33687659014294075
52.180000000017806,-1.5,-1.533944146600038,2.2522785686377814e-05,2.2239851134682053e-05,-0.31658663935263914
52.20000000001783,-1.5,-1.5339490940994889,2.2381921418115382e-05,2.2259802249572673e-05,-0.30055744883359126
52.220000000017855,-1.5,-1.5339481458809603,2.22083133114636e-05,2.226229433198546e-05,-0.2916867273994389
52.24000000001788,-1.5,-1.5339382506117962,2.2049779735277727e-05,2.2248323999005598e-05,-0.2918896262232296
52.260000000017904,-1.5,-1.5339184850091585,2.195872689140578e-05,2.2223756590011633e-05,-0.30155204191620844
52.28000000001793,-1.5,-1.5338913075752785,2.196152366045977e-05,2.2197889339261313e-05,-0.3186830412605817
52.30000000001795,-1.5,-1.5338602794486456,2.2036530054757272e-05,2.217880134086248e-05,-0.33952432368326724
52.32000000001798,-1.5,-1.5338289912906435,2.217127977743828e-05,2.217194561670636e-05,-0.359469834616853
52.340000000018,-1.5,-1.5338018151810535,2.2350872080756545e-05,2.218127117810164e-05,-0.37281391370520767
52.360000000018026,-1.5,-1.5337827729064002,2.252693434172152e-05,2.2207133023697617e-05,-0.3745741665862355
52.38000000001805,-1.5,-1.533773415444422,2.265191978347953e-05,2.224491174893886e-05,-0.3643789233981628
52.400000000018075,-1.5,-1.5337722625176309,2.2700921257699026e-05,2.228709366142484e-05,-0.3460613969012579
52.4200000000181,-1.5,-1.5337757619911379,2.2666030467413026e-05,2.2325452594400194e-05,-0.32514513871259626
52.440000000018124,-1.5,-1.5337795080416015,2.2554627760565015e-05,2.235260201298959e-05,-0.30657706577776284
52.46000000001815,-1.5,-1.533779224384279,2.239127821467301e-05,2.2363460789583386e-05,-0.29388720211573527
52.48000000001817,-1.5,-1.5337713751956428,2.2217726710366445e-05,2.2356747465796697e-05,-0.28943034872196827
52.5000000000182,-1.5,-1.5337537599386744,2.208668556238312e-05,2.233591989207182e-05,-0.2944868050242439
52.52000000001822,-1.5,-1.5337272017160726,2.2043814857535494e-05,2.23090251399874e-05,-0.3082955607982663
52.540000000018246,-1.5,-1.5336951399065155,2.2086161069046974e-05,2.228537999262352e-05,-0.327828498331556
52.56000000001827,-1.5,-1.533660992657148,2.2191651427967793e-05,2.2271497255540587e-05,-0.3488490730240308
52.580000000018295,-1.5,-1.5336287117349237,2.2352272751468853e-05,2.2272060556337674e-05,-0.36627175228963615
52.60000000001832,-1.5,-1.533602745137199,2.2536569943142742e-05,2.2289601451079864e-05,-0.3741671149764518
52.620000000018344,-1.5,-1.5335860750110974,2.2690885925237635e-05,2.2321868024538307e-05,-0.3696459559968442
52.64000000001837,-1.5,-1.5335786695858395,2.2779072209446976e-05,2.236246419383298e-05,-0.35470655620886876
52.66000000001839,-1.5,-1.5335778471334829,2.278542419202702e-05,2.2403303917305227e-05,-0.33438337895983744
52.68000000001842,-1.5,-1.5335794822579567,2.270957521019279e-05,2.2436400368719826e-05,-0.3141248042587801
52.70000000001844,-1.5,-1.5335791349366186,2.2567134417140737e-05,2.2455333722477974e-05,-0.29818101045653933
52.720000000018466,-1.5,-1.5335728677558433,2.2392087638757493e-05,2.245676033709896e-05,-0.2894193343688383
52.74000000001849,-1.5,-1.5335576909154651,2.223260602928442e-05,2.2441711030770778e-05,-0.28970722554094386
52.760000000018515,-1.5,-1.5335327453537306,2.2141800783196762e-05,2.241613505127075e-05,-0.29941662620027903
52.78000000001854,-1.5,-1.5335005441982676,2.214582830919967e-05,2.2389443943027314e-05,-0.3165781864906153
52.800000000018564,-1.5,-1.533464626724754,2.2221195574581188e-05,2.2369692075852846e-05,-0.33743969120763034
52.82000000001859,-1.5,-1.5334285125889544,2.2355293765746783e-05,2.2362211821895e-05,-0.3573800069402641
52.84000000001861,-1.5,-1.5333965289228175,2.2533768932673206e-05,2.2370882110995326e-05,-0.37068400093899045
52.86000000001864,-1.5,-1.5333726734218294,2.2708521422266238e-05,2.23960330496568e-05,-0.3723757216720616
52.88000000001866,-1.5,-1.533358478832778,2.283210067303019e-05,2.2433038028655786e-05,-0.36210675107933865
52.900000000018686,-1.5,-1.533352447792055,2.2879635218885896e-05,2.247438231066438e-05,-0.34374085698850976
52.92000000001871,-1.5,-1.5333510149590537,2.284323449743336e-05,2.251184101712413e-05,-0.32282586779233297
52.940000000018735,-1.5,-1.533349771700706,2.2730303148254255e-05,2.2538030612175325e-05,-0.304315547858978
52.96000000001876,-1.5,-1.5333444582558076,2.256547806603073e-05,2.2547877127349518e-05,-0.2917231104810098
52.980000000018784,-1.5,-1.5333315833788062,2.239071252495243e-05,2.254011861474994e-05,-0.28736354627467164
53.00000000001881,-1.5,-1.5333090093664308,2.225922302225922e-05,2.251826495131758e-05,-0.2924815014262998
53.02000000001883,-1.5,-1.533277618985007,2.2217208326029693e-05,2.2490469335298124e-05,-0.30632430522452103
53.04000000001886,-1.5,-1.5332408747136108,2.226043268721626e-05,2.246610919594364e-05,-0.3258828197021618
53.06000000001888,-1.5,-1.5332021382771568,2.2365692141032493e-05,2.245160427903059e-05,-0.34691256569393525
53.080000000018906,-1.5,-1.533165303947414,2.2525405190494162e-05,2.245154232923263e-05,-0.36431441133026937
53.10000000001893,-1.5,-1.5331347893850302,2.270851550823825e-05,2.2468414110580773e-05,-0.3721568127300022
53.120000000018955,-1.5,-1.5331135578695096,2.2861519620520918e-05,2.2499954727176378e-05,-0.3675651840986007
53.14000000001898,-1.5,-1.5331015609494827,2.2948323530554328e-05,2.2539764907444044e-05,-0.35256480005849883
53.160000000019004,-1.5,-1.5330961019210863,2.295324423381293e-05,2.2579758884283774e-05,-0.3322176298319714
53.18000000001903,-1.5,-1.5330930468678068,2.287593164793174e-05,2.2611951714687233e-05,-0.31198779531326143
53.20000000001905,-1.5,-1.5330879610690944,2.2732034277272805e-05,2.2629927764290448e-05,-0.29612114110740667
53.22000000001908,-1.5,-1.5330769349481337,2.255565342646282e-05,2.2630354410093333e-05,-0.28745776449927174
53.2400000000191,-1.5,-1.5330570337440281,2.2395275481936123e-05,2.2614292971020376e-05,-0.28782236133320427
53.260000000019126,-1.5,-1.5330274557511299,2.230464040935346e-05,2.2587767573200562e-05,-0.29757436926667485
53.28000000001915,-1.5,-1.5329907627404666,2.2309715084967188e-05,2.2560291698722882e-05,-0.31476376365715686
53.300000000019175,-1.5,-1.5329504745641163,2.238535732935732e-05,2.253989789169753e-05,-0.3356438343791009
53.3200000000192,-1.5,-1.5329100476937225,2.251882970340177e-05,2.253181119752835e-05,-0.35558002602730326
53.340000000019224,-1.5,-1.5328737692091237,2.2696264962882785e-05,2.2539848143248588e-05,-0.36884875165601994
53.36000000001925,-1.5,-1.5328456153168657,2.2869806505365866e-05,2.256431667713922e-05,-0.3704798127954964
53.38000000001927,-1.5,-1.532827102474975,2.299208889589824e-05,2.26005837496462e-05,-0.3601455652046885
53.4000000000193,-1.5,-1.532816718021103,2.3038271751104474e-05,2.2641133606672403e-05,-0.34173707280629206
53.42000000001932,-1.5,-1.532810884752094,2.300047986249491e-05,2.2677742383743282e-05,-0.3208238391046409
53.440000000019346,-1.5,-1.5328051914415035,2.2886139524503036e-05,2.270302907724731e-05,-0.3023657216355242
53.46000000001937,-1.5,-1.5327953930047187,2.2719951950252296e-05,2.2711925992265074e-05,-0.2898608938830787
53.480000000019395,-1.5,-1.532778037925668,2.2544056147544086e-05,2.2703188491448943e-05,-0.2855887777367987
53.50000000001942,-1.5,-1.5327510444898105,2.2412117362222786e-05,2.268037272094751e-05,-0.2907621794908525
53.520000000019444,-1.5,-1.5327153484868763,2.2370812476725995e-05,2.2651726229220522e-05,-0.3046358710610871
53.54000000001947,-1.5,-1.5326744328945112,2.2414768418662426e-05,2.262668041458787e-05,-0.32421767120217154
53.56000000001949,-1.5,-1.532631609439801,2.2519776791245733e-05,2.2611572616582376e-05,-0.345256100498874
53.58000000001952,-1.5,-1.5325907213710213,2.2678638151730415e-05,2.2610905524667282e-05,-0.36263994485954637
53.60000000001954,-1.5,-1.532556159397402,2.2860650163975905e-05,2.2627133713479036e-05,-0.370435768928563
53.620000000019566,-1.5,-1.5325308700163145,2.301244534691768e-05,2.2657980769093466e-05,-0.3657819987817641
53.64000000001959,-1.5,-1.5325147899097862,2.309797737453267e-05,2.269704453783552e-05,-0.3507279389248409
53.660000000019615,-1.5,-1.5325052089930284,2.3101581803627937e-05,2.2736239384430136e-05,-0.33036003665151925
53.68000000001964,-1.5,-1.5324979856892342,2.30229230437676e-05,2.2767581896813023e-05,-0.3101564069305947
53.700000000019664,-1.5,-1.5324886899128036,2.2877684757957064e-05,2.278466003730519e-05,-0.29435901177082135
53.72000000001969,-1.5,-1.5324734367811503,2.2700071046582167e-05,2.2784150881853924e-05,-0.2857836875761051
53.74000000001971,-1.5,-1.5324493404153885,2.2538848021943754e-05,2.276714275612735e-05,-0.2862170809913485
53.76000000001974,-1.5,-1.5324156499774595,2.2448312622103707e-05,2.273972614212307e-05,-0.29600750844255236
53.78000000001976,-1.5,-1.5323749702636806,2.245426393323141e-05,2.27115048050094e-05,-0.3132221331680386
53.800000000019786,-1.5,-1.5323308039998011,2.25301022755137e-05,2.269049216881481e-05,-0.33411919349088737
53.82000000001981,-1.5,-1.5322865518322957,2.2662975041309134e-05,2.2681818483059677e-05,-0.3540522738574066
53.840000000019835,-1.5,-1.5322464654072132,2.2839445185324026e-05,2.2689245113535828e-05,-0.3672902958618371
53.86000000001986,-1.5,-1.5322145019028608,2.3011870952091657e-05,2.2713060433293716e-05,-0.36886815800585615
53.88000000001988,-1.5,-1.5321921633303546,2.3132961606215446e-05,2.274862567955445e-05,-0.3584766368771016
53.90000000001991,-1.5,-1.5321779234274902,2.317790354512636e-05,2.2788424117067122e-05,-0.3400309988576679
53.92000000001993,-1.5,-1.5321681944082925,2.3138834691002766e-05,2.282423264792926e-05,-0.319119953922903
53.94000000001996,-1.5,-1.5321585626645757,2.30232005031475e-05,2.2848672371338533e-05,-0.3007087385174793
53.96000000001998,-1.5,-1.5321447960424923,2.285575940932664e-05,2.2856681038579124e-05,-0.2882821689351586
53.980000000020006,-1.5,-1.532123478163578,2.2678814733720954e-05,2.284702925124583e-05,-0.2840881257511521
54.00000000002003,-1.5,-1.5320925768261615,2.254642821271595e-05,2.282331399540199e-05,-0.28931119809044764
54.020000000020055,-1.5,-1.532053074597193,2.250569805299059e-05,2.2793866082846574e-05,-0.30321275687617827
54.04000000002008,-1.5,-1.5320084725214318,2.2550249884750776e-05,2.2768164594807215e-05,-0.322815661754914
54.0600000000201,-1.5,-1.5319620383589438,2.265499012432033e-05,2.2752474453007462e-05,-0.3438623076538188
54.08000000002013,-1.5,-1.531917570423102,2.281305500353585e-05,2.2751223476708956e-05,-0.361230829368926
54.10000000002015,-1.5,-1.5318794356647822,2.2994054047312125e-05,2.27668343898434e-05,-0.3689861173281343
54.12000000002018,-1.5,-1.5318505657715786,2.3144739199895932e-05,2.2797020643163616e-05,-0.36427808471137035
54.1400000000202,-1.5,-1.5318308842790047,2.322910541672222e-05,2.2835377497136022e-05,-0.34917725576233766
54.160000000020226,-1.5,-1.5318176692368364,2.3231503984356684e-05,2.2873819323830626e-05,-0.3287916859821867
54.18000000002025,-1.5,-1.5318067722287676,2.315161184740824e-05,2.290436392120692e-05,-0.3086118269722238
54.200000000020275,-1.5,-1.5317937671782378,2.3005143861631376e-05,2.29206022976878e-05,-0.29287618755932726
54.2200000000203,-1.5,-1.531774790925959,2.2826394939090815e-05,2.291921999094864e-05,-0.28437916824013626
54.24000000002032,-1.5,-1.531747000652187,2.2664377441224297e-05,2.2901329043683894e-05,-0.284873827669919
54.26000000002035,-1.5,-1.5317096902709506,2.2573877831889324e-05,2.2873078272875394e-05,-0.2946986773169998
54.28000000002037,-1.5,-1.5316655023422765,2.2580547944140982e-05,2.2844150778418776e-05,-0.31193605082843007
54.3000000000204,-1.5,-1.531617924622751,2.265651022957156e-05,2.2822543381247485e-05,-0.33284860242034264
54.32000000002042,-1.5,-1.531570308838413,2.2788809917272516e-05,2.281330328822101e-05,-0.3527795245647977
54.340000000020446,-1.5,-1.5315268755465885,2.2964387172844165e-05,2.2820143514991505e-05,-0.36599115517408753
54.36000000002047,-1.5,-1.5314915652182415,2.3135788572627276e-05,2.2843335293416537e-05,-0.3675228673773588
54.380000000020495,-1.5,-1.5314658671596628,2.325578830163278e-05,2.287823483740089e-05,-0.357081630333079
54.40000000002052,-1.5,-1.5314482431191798,2.3299595524708938e-05,2.291732447258124e-05,-0.33860398409253933
54.42000000002054,-1.5,-1.531435095943876,2.3259359223905222e-05,2.2952381645132597e-05,-0.31769550896214016
54.44000000002057,-1.5,-1.5314220098499463,2.3142541678840623e-05,2.2976029163247878e-05,-0.29932614574273836
54.46000000002059,-1.5,-1.5314047639683859,2.297395182159357e-05,2.2983209453688565e-05,-0.28696894803070006
54.48000000002062,-1.5,-1.5313799727211257,2.2796037106027577e-05,2.297270641165659e-05,-0.28284406891042835
54.50000000002064,-1.5,-1.5313456473094418,2.2663206627650523e-05,2.2948152757192473e-05,-0.28811131257638556
54.520000000020666,-1.5,-1.531302811217778,2.2622926802653155e-05,2.2917952155610237e-05,-0.3020378575355563
54.54000000002069,-1.5,-1.531254981291467,2.2667949313709193e-05,2.2891625467756738e-05,-0.3216597948043386
54.560000000020715,-1.5,-1.5312053869697275,2.277240727625794e-05,2.287537453716854e-05,-0.3427142100521182
54.58000000002074,-1.5,-1.5311577873442794,2.2929729374442953e-05,2.2873561868279858e-05,-0.36006993333949
54.60000000002076,-1.5,-1.5311165286116124,2.3109797459224664e-05,2.288858241358831e-05,-0.3677903844371241
54.62000000002079,-1.5,-1.531084529510033,2.3259467355195744e-05,2.2918140792288143e-05,-0.3630355212420159
54.64000000002081,-1.5,-1.5310617020551975,2.3342769329128636e-05,2.2955829964290233e-05,-0.34789443060596986
54.66000000002084,-1.5,-1.531045313867405,2.3344067764743387e-05,2.2993564201356805e-05,-0.3274940634528057
54.68000000002086,-1.5,-1.531031210471785,2.3263050313065794e-05,2.3023362220141417e-05,-0.30733564331550756
54.700000000020886,-1.5,-1.5310149692150947,2.311545928168466e-05,2.303881756675282e-05,-0.29165463347014237
54.72000000002091,-1.5,-1.530992745860177,2.293566910177448e-05,2.303662308368975e-05,-0.28322667051326356
54.740000000020935,-1.5,-1.5309617351546547,2.2772906905135585e-05,2.301791144162765e-05,-0.283775444082067
54.76000000002096,-1.5,-1.5309212700160724,2.2682385483382117e-05,2.29888822635631e-05,-0.29363090946123654
54.78000000002098,-1.5,-1.5308740258527374,2.2689628752201534e-05,2.2959287725068954e-05,-0.3108886713559789
54.80000000002101,-1.5,-1.5308234774721168,2.276564924392418e-05,2.2937110378847122e-05,-0.33181529182327385
54.82000000002103,-1.5,-1.530772934141971,2.2897402551233834e-05,2.2927325384994376e-05,-0.35174494787053123
54.84000000002106,-1.5,-1.5307265894084883,2.3072156487873558e-05,2.2933603798879333e-05,-0.36493424741903313
54.86000000002108,-1.5,-1.5306883692186815,2.3242621097961692e-05,2.295620199892804e-05,-0.3664264495951342
54.880000000021106,-1.5,-1.5306597518173275,2.336162633852557e-05,2.2990471828564414e-05,-0.35594261183364173
54.90000000002113,-1.5,-1.5306391884855641,2.3404400407034367e-05,2.302889472167956e-05,-0.33743778274984587
54.920000000021155,-1.5,-1.5306230738554536,2.336310142166724e-05,2.3063248469357196e-05,-0.3165322082874694
54.94000000002118,-1.5,-1.5306069901674828,2.3245206280747026e-05,2.3086157228726253e-05,-0.2981998982937481
54.9600000000212,-1.5,-1.5305867262898762,2.3075568099342066e-05,2.309256738594416e-05,-0.28590365051078326
54.98000000002123,-1.5,-1.5305589233593513,2.2896759484927506e-05,2.3081274307881593e-05,-0.281839492171747
55.00000000002125,-1.5,-1.530521630230991,2.276349081783269e-05,2.3055941659263245e-05,-0.2871456851275634
55.02000000002128,-1.5,-1.5304759058232382,2.27235471591265e-05,2.3025036209219228e-05,-0.3010944747605943
55.0400000000213,-1.5,-1.5304252806737124,2.2768925177369167e-05,2.2998115067581696e-05,-0.3207334788181014
55.060000000021326,-1.5,-1.530372951173875,2.2873089414733724e-05,2.2981325711373954e-05,-0.3417952338774495
55.08000000002135,-1.5,-1.53032264254161,2.3029720822501564e-05,2.2978974272651913e-05,-0.3591405286169647
55.100000000021375,-1.5,-1.5302786830379285,2.3208936569842048e-05,2.2993431758070866e-05,-0.3668315024314886
55.1200000000214,-1.5,-1.5302439802021728,2.335768181251572e-05,2.3022395181334736e-05,-0.3620367973645694
55.14000000002142,-1.5,-1.530218436064192,2.34400165641952e-05,2.3059455475549272e-05,-0.3468615574696502
55.16000000002145,-1.5,-1.5301993091715307,2.3440315864510077e-05,2.309652671983551e-05,-0.326449071932326
55.18000000002147,-1.5,-1.5301824397315444,2.3358276366656152e-05,2.3125628285923704e-05,-0.30630986227705226
55.2000000000215,-1.5,-1.5301634079676183,2.3209664310835874e-05,2.31403557893627e-05,-0.2906767320939073
55.22000000002152,-1.5,-1.5301383859307676,2.3028923034736623e-05,2.3137408298432243e-05,-0.2823090743727238
55.240000000021546,-1.5,-1.530104600770549,2.286546491705283e-05,2.3117936218691435e-05,-0.28290518840277873
55.26000000002157,-1.5,-1.5300614190183077,2.2774870000510153e-05,2.3088182929671597e-05,-0.2927876543254809
55.280000000021595,-1.5,-1.5300115443489162,2.2782552432092296e-05,2.305796009224107e-05,-0.31006356431479354
55.30000000002162,-1.5,-1.5299584405074698,2.2858571489141926e-05,2.3035238151575377e-05,-0.331002905093572
55.32000000002164,-1.5,-1.529905380337049,2.2989805145676157e-05,2.3024930484008886e-05,-0.3509321255299847
55.34000000002167,-1.5,-1.5298565341898385,2.3163802613248966e-05,2.3030672164418158e-05,-0.3641029042756295
55.36000000002169,-1.5,-1.5298158155376247,2.3333414145352088e-05,2.3052706862510428e-05,-0.36556183138157117
55.38000000002172,-1.5,-1.5297846931095727,2.3451516933861015e-05,2.308638266718312e-05,-0.35504207100381785
55.40000000002174,-1.5,-1.5297616091545279,2.3493354742175014e-05,2.3124180172118345e-05,-0.3365145771454088
55.420000000021766,-1.5,-1.5297429511776657,2.3451093042219386e-05,2.315787733569255e-05,-0.31561218661027096
55.44000000002179,-1.5,-1.529724299636818,2.333222128901676e-05,2.3180099335669002e-05,-0.29731238162094725
55.460000000021815,-1.5,-1.5297014516862044,2.316163084151221e-05,2.3185795853924367e-05,-0.28506912404925866
55.48000000002184,-1.5,-1.5296710713392772,2.298200166949174e-05,2.3173772026955074e-05,-0.28105770689956405
55.50000000002186,-1.5,-1.5296312397098042,2.284830233671733e-05,2.3147717983255075e-05,-0.2863979041597404
55.52000000002189,-1.5,-1.5295830460308724,2.2808590394208517e-05,2.3116154486150052e-05,-0.30036633635097126
55.54000000002191,-1.5,-1.5295300325749797,2.285421831563929e-05,2.3088669724794082e-05,-0.3200205463401236
55.56000000002194,-1.5,-1.5294753675991433,2.2958079868754384e-05,2.30713649173604e-05,-0.34108922778940254
55.58000000002196,-1.5,-1.5294227474412487,2.3114070987496574e-05,2.306849817238074e-05,-0.35842631040432077
55.600000000021986,-1.5,-1.5293764850654166,2.329250959968185e-05,2.3082420129288554e-05,-0.366092830695996
55.62000000002201,-1.5,-1.5293394784542975,2.3440416608502635e-05,2.3110821346170077e-05,-0.3612648352198213
55.640000000022034,-1.5,-1.5293116210945508,2.3521876601227862e-05,2.3147290990953593e-05,-0.34606116968517386
55.66000000002206,-1.5,-1.5292901637390885,2.352127301561944e-05,2.3183742871587227e-05,-0.32563905797789044
55.68000000002208,-1.5,-1.529270941978057,2.3438309922872933e-05,2.3212196777055944e-05,-0.3055169351285384
55.70000000002211,-1.5,-1.5292495384025582,2.3288774193734648e-05,2.3226249962162853e-05,-0.28992530922910464
55.72000000002213,-1.5,-1.529222138881915,2.3107168124993762e-05,2.3222606717020396e-05,-0.28160970001426966
55.74000000002216,-1.5,-1.52918599812255,2.2943061723081406e-05,2.3202432479362817e-05,-0.2822467575741675
55.76000000002218,-1.5,-1.529140511229174,2.285234718340489e-05,2.31720078008541e-05,-0.29215280022461093
55.780000000022206,-1.5,-1.5290884058814893,2.2860345867666668e-05,2.3141194882779345e-05,-0.3094447369519022
55.80000000002223,-1.5,-1.5290331365200742,2.293630961678727e-05,2.3117954058131518e-05,-0.33039552114469917
55.820000000022254,-1.5,-1.5289779451839418,2.3067050263615272e-05,2.3107146476701042e-05,-0.35032507450709544
55.84000000002228,-1.5,-1.5289269825958554,2.3240355354163742e-05,2.3112376815170546e-05,-0.36348089551652096
55.8600000000223,-1.5,-1.5288841516697131,2.3409193647516014e-05,2.313387803985227e-05,-0.3649123833740239
55.88000000002233,-1.5,-1.5288509130692525,2.3526481623371025e-05,2.3166995064488996e-05,-0.35436294848273464
55.90000000002235,-1.5,-1.528825701359601,2.3567475401688972e-05,2.3204207697132757e-05,-0.3358170066567347
55.92000000002238,-1.5,-1.5288048979438307,2.3524346161253023e-05,2.323729390562617e-05,-0.3149180387146906
55.9400000000224,-1.5,-1.5287840816827742,2.340459398745328e-05,2.3258879589799552e-05,-0.29664644048257005
55.960000000022426,-1.5,-1.5287590566595657,2.323314291764163e-05,2.3263917113600145e-05,-0.28444867217074754
55.98000000002245,-1.5,-1.5287265061690276,2.3052763646988688e-05,2.3251219797082138e-05,-0.28048247703819346
56.000000000022474,-1.5,-1.528684538534457,2.2918642699660052e-05,2.3224500050602803e-05,-0.28585200980524716
56.0200000000225,-1.5,-1.5286342685350738,2.2879067222371694e-05,2.3192324139998287e-05,-0.299837621447923
56.04000000002252,-1.5,-1.5285792483639917,2.2924848527436665e-05,2.316430651238694e-05,-0.31950527914744364
56.06000000002255,-1.5,-1.528522622711728,2.3028400726951073e-05,2.3146509656508997e-05,-0.34058048824165704
56.08000000002257,-1.5,-1.528468063688525,2.3183800208683653e-05,2.3143151433705787e-05,-0.3579114232700927
56.1000000000226,-1.5,-1.5284198714251447,2.336153346139882e-05,2.315656545524602e-05,-0.36555818308609206
56.12000000002262,-1.5,-1.528380935884203,2.350868448438738e-05,2.318443689896833e-05,-0.36070301890263945
56.140000000022646,-1.5,-1.5283511433618313,2.3589357641159462e-05,2.322035341660181e-05,-0.3454762700370111
56.16000000002267,-1.5,-1.528327738016757,2.3587942685295465e-05,2.325622847868869e-05,-0.325046842579532
56.180000000022694,-1.5,-1.5283065514823475,2.350414963732517e-05,2.3284082077522573e-05,-0.30493978844009734
56.20000000002272,-1.5,-1.5282831682449876,2.3353782908143993e-05,2.32975127128667e-05,-0.28938366289554096
56.22000000002274,-1.5,-1.5282537856828966,2.3171394454199883e-05,2.3293228964831038e-05,-0.2811123351177238
56.24000000002277,-1.5,-1.5282156815276189,2.30066861378501e-05,2.327240878485167e-05,-0.2817843132273879
56.26000000002279,-1.5,-1.5281682747554186,2.2915811034026332e-05,2.324136376164237e-05,-0.2917106996025912
56.28000000002282,-1.5,-1.5281143130946475,2.2924013565304976e-05,2.3209998312817e-05,-0.3090166591448678
56.30000000002284,-1.5,-1.528057243315123,2.299987357206017e-05,2.318626449838749e-05,-0.3299776792739977
56.320000000022866,-1.5,-1.528000281875933,2.3130147654374615e-05,2.317498012178036e-05,-0.3499082722151592
56.34000000002289,-1.5,-1.5279475631909898,2.330282168360522e-05,2.3179724659847932e-05,-0.36305245523218954
56.360000000022914,-1.5,-1.5279029814058882,2.3470962720465424e-05,2.3200722245463748e-05,-0.36446194780449354
56.38000000002294,-1.5,-1.5278679904753938,2.3587519153371886e-05,2.323331516042846e-05,-0.35388866511240197
56.40000000002296,-1.5,-1.5278410185445306,2.3627756495764377e-05,2.326998248371696e-05,-0.3353281979447711
56.42000000002299,-1.5,-1.5278184418764043,2.358385011589874e-05,2.3302502052878124e-05,-0.31443284982538133
56.44000000002301,-1.5,-1.52779583791264,2.3463308934494118e-05,2.332350021896399e-05,-0.2961854084599461
56.46000000002304,-1.5,-1.5277690163999083,2.3291084465568415e-05,2.3327931461919635e-05,-0.2840260822009908
56.48000000002306,-1.5,-1.5277346765561148,2.311002261333426e-05,2.3314615811052377e-05,-0.28009804546030165
56.500000000023086,-1.5,-1.5276909492018311,2.2975490416273068e-05,2.3287284065544273e-05,-0.28549251927462976
56.52000000002311,-1.5,-1.5276389702307243,2.2935964830611388e-05,2.325454009653731e-05,-0.2994929854359063
56.540000000023134,-1.5,-1.5275823000775934,2.298181159737301e-05,2.3226020122799874e-05,-0.3191724329329477
56.56000000002316,-1.5,-1.5275240641040038,2.3085049871817576e-05,2.320775488144573e-05,-0.3402537842688482
56.58000000002318,-1.5,-1.5274679145165446,2.3239904574330194e-05,2.3203929212567803e-05,-0.35758048656731284
56.60000000002321,-1.5,-1.527418140906737,2.3417000827952747e-05,2.3216862806673485e-05,-0.36521185454127897
56.62000000002323,-1.5,-1.5273776266509098,2.3563473974532953e-05,2.3244236464104614e-05,-0.36033522256436895
56.64000000002326,-1.5,-1.5273462521191496,2.3643443716911525e-05,2.3279636556294006e-05,-0.3450903601672796
56.66000000002328,-1.5,-1.5273212559999818,2.3641304209619534e-05,2.3314976161021835e-05,-0.32465575120072393
56.680000000023306,-1.5,-1.5272984665905907,2.3556770064629928e-05,2.334227528196777e-05,-0.30456185381959217
56.70000000002333,-1.5,-1.5272734698353267,2.3405660348112956e-05,2.3355133303306276e-05,-0.2890355919097909
56.720000000023354,-1.5,-1.5272424724682951,2.322256800565981e-05,2.3350262232342122e-05,-0.2808012618576278
56.74000000002338,-1.5,-1.5272027710198466,2.3057302769877752e-05,2.332885019343582e-05,-0.2815025074736836
56.7600000000234,-1.5,-1.5271538039632047,2.2966230989155158e-05,2.3297234109976875e-05,-0.29144619422750756
56.78000000002343,-1.5,-1.5270983354100902,2.2974534888186627e-05,2.326535288706849e-05,-0.3087642883656501
56.80000000002345,-1.5,-1.5270398059742156,2.305024783263458e-05,2.3241152004065493e-05,-0.32973440413361904
56.82000000002348,-1.5,-1.5269814113794091,2.318008150442329e-05,2.3229414150666548e-05,-0.34966668187041594
56.8400000000235,-1.5,-1.526927272816212,2.3352183009311237e-05,2.3233698432491742e-05,-0.36280230805490976
56.860000000023526,-1.5,-1.5268812773276403,2.351969894834946e-05,2.3254221887836892e-05,-0.3641948659710966
56.88000000002355,-1.5,-1.5268448734244535,2.3635602784676665e-05,2.3286324674143883e-05,-0.35360315067367076
56.900000000023574,-1.5,-1.5268164840118623,2.3675166697388738e-05,2.3322485198848155e-05,-0.33503179450277953
56.9200000000236,-1.5,-1.5267924811134326,2.3630568850347814e-05,2.33544810458638e-05,-0.3141402251494566
56.94000000002362,-1.5,-1.5267684409211342,2.350932533119838e-05,2.337493877238394e-05,-0.29591313657526286
56.96000000002365,-1.5,-1.5267401776688347,2.333641028172525e-05,2.3378814453392568e-05,-0.28378565231086306
56.98000000002367,-1.5,-1.526704403370109,2.3154730383212843e-05,2.3364933460527196e-05,-0.27988915941505277
57.0000000000237,-1.5,-1.5266592669575665,2.3019798413843348e-05,2.333704136699717e-05,-0.2853044512967606
57.02000000002372,-1.5,-1.5266059213301095,2.2980244308863664e-05,2.3303772322395236e-05,-0.299317583931619
57.040000000023745,-1.5,-1.5265479336129368,2.302607673121799e-05,2.3274780152332213e-05,-0.3190072611648748
57.06000000002377,-1.5,-1.526488413760976,2.312899842365516e-05,2.3256070295305796e-05,-0.34009438154210975
57.080000000023794,-1.5,-1.5264309980862336,2.328335337883529e-05,2.3251801268384262e-05,-0.3574186191335822
57.10000000002382,-1.5,-1.52637996777161,2.3459877605246443e-05,2.326428172532435e-05,-0.3650386468720466
57.12000000002384,-1.5,-1.526338200940921,2.3605746895914818e-05,2.3291189021144136e-05,-0.3601458374799755
57.14000000002387,-1.5,-1.526305573216536,2.3685092200873338e-05,2.3326108469479668e-05,-0.3448874686911678
57.16000000002389,-1.5,-1.5262793188657697,2.3682310320196925e-05,2.3360952709534645e-05,-0.32444964228916945
57.18000000002392,-1.5,-1.5262552634308448,2.3597119205373164e-05,2.338774158470037e-05,-0.304367095933943
57.20000000002394,-1.5,-1.5262289939104943,2.3445349891856015e-05,2.3400075034656097e-05,-0.28886542261164605
57.220000000023965,-1.5,-1.526196724393682,2.326162825242891e-05,2.339466769700327e-05,-0.2806612819620618
57.24000000002399,-1.5,-1.526155766280055,2.3095849626418826e-05,2.337271569915937e-05,-0.2813865066167718
57.260000000024014,-1.5,-1.5261055734805253,2.3004549536868026e-05,2.334057601243777e-05,-0.2913446381655866
57.28000000002404,-1.5,-1.5260489231012404,2.3012861682600374e-05,2.3308214870028052e-05,-0.3086730923528621
57.30000000002406,-1.5,-1.5259892510004724,2.3088389042333088e-05,2.32835727251549e-05,-0.32965122841240824
57.32000000002409,-1.5,-1.5259297366490512,2.3217808081206517e-05,2.3271404768502462e-05,-0.3495857755692477
57.34000000002411,-1.5,-1.5258744908736874,2.3389392830306555e-05,2.327525420780653e-05,-0.36271569310247304
57.36000000002414,-1.5,-1.5258273951607806,2.3556352054150395e-05,2.329533259902629e-05,-0.3640960034048912
57.38000000002416,-1.5,-1.5257898937530292,2.367167797868029e-05,2.332697844785927e-05,-0.35349087028886583
57.400000000024185,-1.5,-1.5257604054146847,2.3710646945108956e-05,2.336266954784881e-05,-0.3349119838742623
57.42000000002421,-1.5,-1.5257352987696517,2.366543863661321e-05,2.339418312081379e-05,-0.31402431715653994
57.440000000024234,-1.5,-1.5257101489212792,2.354357476116349e-05,2.3414145708908853e-05,-0.2958140197953231
57.46000000002426,-1.5,-1.525680773500513,2.3370047580662922e-05,2.3417514503891964e-05,-0.28371221664429214
57.48000000002428,-1.5,-1.5256438944133348,2.318781116795283e-05,2.340311895573103e-05,-0.2798410942380975
57.50000000002431,-1.5,-1.5255976746356938,2.3052491830251417e-05,2.337471606420623e-05,-0.28527334891730033
57.52000000002433,-1.5,-1.5255432802705955,2.3012838457442357e-05,2.3340963476502e-05,-0.29929709518596287
57.54000000002436,-1.5,-1.5254842837025564,2.305858437465425e-05,2.3311528768160904e-05,-0.31899553742291425
57.56000000002438,-1.5,-1.5254237831020094,2.3161188568371432e-05,2.3292398033731415e-05,-0.3400880649311494
57.580000000024405,-1.5,-1.5253654025940555,2.3315086961490295e-05,2.328770966055996e-05,-0.35741146245710137
57.60000000002443,-1.5,-1.5253134169261617,2.3491100783138934e-05,2.3299763934733813e-05,-0.3650238929090984
57.620000000024454,-1.5,-1.5252707002065609,2.363643621234542e-05,2.332623562970924e-05,-0.3601197973473557
57.64000000002448,-1.5,-1.5252371244043132,2.3715231683389378e-05,2.3360709210202206e-05,-0.3448521774383417
57.6600000000245,-1.5,-1.5252099203412257,2.3711885038108698e-05,2.33950968393442e-05,-0.3244129338774574
57.68000000002453,-1.5,-1.5251849113470328,2.362611641673303e-05,2.342141804714553e-05,-0.3043400386792114
57.70000000002455,-1.5,-1.525157685103602,2.3473766329940813e-05,2.343327302950775e-05,-0.28885803388455916
57.72000000002458,-1.5,-1.5251244612010086,2.3289486103056435e-05,2.342737832022472e-05,-0.2806777402497191
57.7400000000246,-1.5,-1.5250825622662731,2.3123236075109455e-05,2.3404936043911383e-05,-0.28142201349189766
57.760000000024625,-1.5,-1.5250314538918863,2.303168019336567e-05,2.337231833141489e-05,-0.29139191947788834
57.78000000002465,-1.5,-1.5249739230515842,2.3039916271513592e-05,2.3339512128376878e-05,-0.3087290706043376
57.800000000024674,-1.5,-1.5249134021399855,2.311522401491272e-05,2.3314454287351078e-05,-0.32971421442854426
57.8200000000247,-1.5,-1.5248530585117064,2.3244253746523074e-05,2.330187952608743e-05,-0.3496515562980562
57.84000000002472,-1.5,-1.5247969952724714,2.3415374761129503e-05,2.330531928718918e-05,-0.3627783867651519
57.86000000002475,-1.5,-1.5247490897825033,2.3581841935633424e-05,2.3324981134511877e-05,-0.3641507736857134
57.88000000002477,-1.5,-1.5247107831060156,2.3696660445896877e-05,2.335620236042008e-05,-0.35353684922589335
57.9000000000248,-1.5,-1.5246804908858325,2.373510850516626e-05,2.3391460201552057e-05,-0.3349535230357396
57.92000000002482,-1.5,-1.5246545791268775,2.3689366151364385e-05,2.3422531422620915e-05,-0.3140698508463528
57.940000000024845,-1.5,-1.524628621996199,2.3566959283076037e-05,2.3442042351698053e-05,-0.2958730214224706
57.96000000002487,-1.5,-1.5245984395149683,2.3392894103865106e-05,2.3444950859385706e-05,-0.2837911682925422
57.980000000024894,-1.5,-1.5245607607953346,2.3210159700072085e-05,2.3430089308427032e-05,-0.2799396748768762
58.00000000002492,-1.5,-1.5245137590934659,2.3074466153313225e-05,2.3401223034044245e-05,-0.285385300045761
58.02000000002494,-1.5,-1.524458610209177,2.303464994494445e-05,2.3367026921921268e-05,-0.2994177401696556
58.04000000002497,-1.5,-1.5243988904683432,2.3080244386136944e-05,2.3337178735020027e-05,-0.31912357539947855
58.06000000002499,-1.5,-1.5243376895936325,2.318253173930413e-05,2.3317650706017396e-05,-0.34022115872672226
58.08000000002502,-1.5,-1.524278622942961,2.3336014897431645e-05,2.331256680356482e-05,-0.3575452014705903
58.10000000002504,-1.5,-1.5242259606502917,2.3511576636329945e-05,2.332422140881271e-05,-0.3651534782025137
58.120000000025065,-1.5,-1.524182573951619,2.3656444246138142e-05,2.3350287511290836e-05,-0.3602426010230759
58.14000000002509,-1.5,-1.524148332175639,2.3734760196206552e-05,2.3384348921947164e-05,-0.3449696450184867
58.160000000025114,-1.5,-1.524120463602971,2.3730921910282714e-05,2.3418317297561897e-05,-0.32453062744176453
58.18000000002514,-1.5,-1.5240947898553652,2.364465066295312e-05,2.3444211718705106e-05,-0.3044657886182326
58.20000000002516,-1.5,-1.5240668989575055,2.349179413084887e-05,2.3455632365923136e-05,-0.288998879524284
58.22000000002519,-1.5,-1.524033014289161,2.3307022182621827e-05,2.3449296994832094e-05,-0.28083654562188787
58.24000000002521,-1.5,-1.523990466340722,2.31403411400504e-05,2.3426411878458893e-05,-0.281595287318899
58.26000000002524,-1.5,-1.5239387289210062,2.3048505816372287e-05,2.339335979992764e-05,-0.29157447942578846
58.28000000002526,-1.5,-1.5238805959928754,2.3056589789031216e-05,2.3360142320217294e-05,-0.3089187733596267
58.300000000025285,-1.5,-1.5238194976752595,2.3131648080250204e-05,2.333469399586192e-05,-0.3299099731897167
58.32000000002531,-1.5,-1.5237585930144368,2.326031331118485e-05,2.332173553775277e-05,-0.34985057735517777
58.340000000025334,-1.5,-1.523701979830522,2.3431020895115326e-05,2.3324790430140668e-05,-0.3629767228103185
58.36000000002536,-1.5,-1.5236535326768317,2.3597057037779008e-05,2.3344063617703186e-05,-0.3643451594597293
58.38000000002538,-1.5,-1.5236146904450971,2.3711434528331022e-05,2.3374891584553033e-05,-0.35372669480056435
58.40000000002541,-1.5,-1.5235838665992294,2.3749431364827294e-05,2.340975106610074e-05,-0.33514176082908603
58.42000000002543,-1.5,-1.52355742524819,2.3703226881374985e-05,2.3440418287088654e-05,-0.31426214610624914
58.44000000002546,-1.5,-1.5235309397662167,2.3580349849419065e-05,2.3459519182948695e-05,-0.2960756947130475
58.46000000002548,-1.5,-1.5235002316380717,2.3405816552568847e-05,2.3462011903267648e-05,-0.28400847970015874
58.480000000025505,-1.5,-1.5234620347053764,2.322263968044453e-05,2.3446730652013825e-05,-0.28017129504861654
58.50000000002553,-1.5,-1.5234145290356964,2.3086585683221813e-05,2.341744625405176e-05,-0.2856269557676057
58.520000000025554,-1.5,-1.523358896898262,2.3046549792647412e-05,2.3382845072375952e-05,-0.2996663005014377
58.54000000002558,-1.5,-1.5232987173487968,2.3091934539283338e-05,2.3352611775972494e-05,-0.3193782467956893
58.5600000000256,-1.5,-1.5232370747278314,2.319390712899724e-05,2.333270976995206e-05,-0.3404805447594814
58.58000000002563,-1.5,-1.523177578771101,2.334701451752083e-05,2.3327253855301392e-05,-0.357806583160111
58.60000000002565,-1.5,-1.5231244966759363,2.352217925249437e-05,2.333853477322807e-05,-0.36541386036568335
58.62000000002568,-1.5,-1.5230806978592424,2.3666641214981285e-05,2.336422446321049e-05,-0.36050033268054527
58.6400000000257,-1.5,-1.523046049943426,2.3744543758844234e-05,2.3397906263856904e-05,-0.3452256275925579
58.660000000025725,-1.5,-1.5230177795029531,2.3740282566317197e-05,2.343149130154717e-05,-0.32478832880818215
58.68000000002575,-1.5,-1.5229917069190197,2.3653579083659455e-05,2.3456998086954146e-05,-0.30473005539524284
58.700000000025774,-1.5,-1.5229634202483462,2.3500286021729554e-05,2.3468026539582956e-05,-0.28927400759702443
58.7200000000258,-1.5,-1.5229291450861597,2.3315085426539374e-05,2.3461295019249686e-05,-0.2811241891001568
58.74000000002582,-1.5,-1.5228862166900885,2.314801210914851e-05,2.3438012248781475e-05,-0.281893160635804
58.76000000002585,-1.5,-1.5228341138985846,2.3055877230459248e-05,2.3404567520417892e-05,-0.29187932875196254
58.78000000002587,-1.5,-1.5227756350203918,2.306374082908659e-05,2.3370971407251802e-05,-0.3092293176496648
58.800000000025896,-1.5,-1.522714208987856,2.3138523745623827e-05,2.3345157361388457e-05,-0.33022568051399476
58.82000000002592,-1.5,-1.5226529900339933,2.326684870407776e-05,2.3331838020705334e-05,-0.3501699587969413
58.840000000025945,-1.5,-1.5225960729303774,2.3437190480775778e-05,2.3334532406402965e-05,-0.3632976094170514
58.86000000002597,-1.5,-1.5225473306359139,2.3602853036779582e-05,2.335344410435879e-05,-0.36466573023550697
58.880000000025994,-1.5,-1.5225082007952329,2.371685189173807e-05,2.3383909163154337e-05,-0.35404661488231853
58.90000000002602,-1.5,-1.5224770955612983,2.3754462933781007e-05,2.3418403870804857e-05,-0.33546265684822685
58.92000000002604,-1.5,-1.5224503778141518,2.3707863835063727e-05,2.3448703840178333e-05,-0.3145871364414101
58.94000000002607,-1.5,-1.52242362026984,2.3584585029191547e-05,2.346743445446926e-05,-0.29640820086817277
58.96000000002609,-1.5,-1.522392645027172,2.3409649322540007e-05,2.3469553778291868e-05,-0.28435071950160173
58.980000000026116,-1.5,-1.5223541883823544,2.322608252574219e-05,2.3453896874920977e-05,-0.28052293288773084
59.00000000002614,-1.5,-1.5223064340283152,2.3089682294757553e-05,2.3424237447489525e-05,-0.285985545149845
59.020000000026165,-1.5,-1.5222505677426514,2.3049376159948248e-05,2.3389268049673128e-05,-0.30003013283507346
59.04000000002619,-1.5,-1.5221901701996154,2.3094499327521543e-05,2.3358677243214334e-05,-0.3197469956362806
59.060000000026214,-1.5,-1.5221283231659462,2.3196160502896722e-05,2.3338424215940315e-05,-0.3408536768858455
59.08000000002624,-1.5,-1.5220686336384122,2.3348929728793438e-05,2.3332619413983287e-05,-0.3581829314623616
59.10000000002626,-1.5,-1.522015367415728,2.3523749359280436e-05,2.334355201444533e-05,-0.36579208460586055
59.12000000002629,-1.5,-1.5219713930621241,2.3667864065891e-05,2.3368893579307767e-05,-0.3608796780488685
59.14000000002631,-1.5,-1.521936577351678,2.374541522025315e-05,2.340222714265265e-05,-0.34560649565053153
59.160000000026336,-1.5,-1.5219081459206902,2.3740795568803943e-05,2.3435463281776777e-05,-0.3251722650621929
59.18000000002636,-1.5,-1.521881918341182,2.365372585391241e-05,2.3460619831295555e-05,-0.3051191682441538
59.200000000026385,-1.5,-1.5218534824192798,2.3500061859219954e-05,2.3471296228182022e-05,-0.28967007606589806
59.22000000002641,-1.5,-1.5218190645233276,2.3314491963038172e-05,2.3464210872688104e-05,-0.28152775834181076
59.240000000026434,-1.5,-1.5217760018396114,2.3147063429468536e-05,2.3440573382187703e-05,-0.2823030528758634
59.26000000002646,-1.5,-1.5217237753158643,2.305461214108834e-05,2.340677576222535e-05,-0.2922940606967889
59.28000000002648,-1.5,-1.5216651851861678,2.306219438437892e-05,2.3372832464774305e-05,-0.3096484001245382
59.30000000002651,-1.5,-1.5216036601913618,2.3136679647929038e-05,2.3346676923241293e-05,-0.33064908993130776
59.32000000002653,-1.5,-1.52154235294905,2.326468793168644e-05,2.3333019130895827e-05,-0.3505974006102402
59.340000000026556,-1.5,-1.5214853572300406,2.3434708887523023e-05,2.3335376843984955e-05,-0.36372854281799866
59.36000000002658,-1.5,-1.5214365455090009,2.3600051811930252e-05,2.335395344219344e-05,-0.36509965662238547
59.380000000026605,-1.5,-1.5213973550312447,2.371373050412914e-05,2.3384084879981416e-05,-0.3544834326754591
59.40000000002663,-1.5,-1.5213661974348194,2.375101702999989e-05,2.3418247049528186e-05,-0.33590279648306004
59.420000000026654,-1.5,-1.5213394349837304,2.3704086536625524e-05,2.344821488981922e-05,-0.31503138382938717
59.44000000002668,-1.5,-1.5213126398616108,2.3580470011288022e-05,2.3466613089759392e-05,-0.2968573232108503
59.4600000000267,-1.5,-1.5212816340056783,2.340519351763117e-05,2.346839929887478e-05,-0.28480506567542424
59.48000000002673,-1.5,-1.521243154085702,2.3221286393120428e-05,2.345240854317778e-05,-0.28098216305119916
59.50000000002675,-1.5,-1.521195384505065,2.308455447608355e-05,2.342241501637911e-05,-0.2864488865957752
59.520000000026776,-1.5,-1.521139511841925,2.3043933406819613e-05,2.33871126280438e-05,-0.3004971798415694
59.5400000000268,-1.5,-1.5210791173721159,2.3088749046392844e-05,2.3356191074884174e-05,-0.320217849201787
59.560000000026825,-1.5,-1.5210172828528883,2.319010329065362e-05,2.333560953633718e-05,-0.3413285920803247
59.58000000002685,-1.5,-1.520957615176078,2.3342570111892866e-05,2.3329478499466785e-05,-0.35866215870156204
59.600000000026874,-1.5,-1.5209043801471045,2.351709342739125e-05,2.3340087472463263e-05,-0.36627579566150953
59.6200000000269,-1.5,-1.5208604463607325,2.3660915584148222e-05,2.336510825353559e-05,-0.3613679368844373
59.64000000002692,-1.5,-1.5208256805274074,2.3738173374171982e-05,2.3398123726639687e-05,-0.34609924685427396
59.66000000002695,-1.5,-1.5207973080485888,2.3733255535886425e-05,2.343104390591876e-05,-0.32566929740987166
59.68000000002697,-1.5,-1.52077114808357,2.364588131486277e-05,2.3455885856875845e-05,-0.30562008841670757
59.700000000026996,-1.5,-1.5207427879320299,2.3491907769119103e-05,2.3466248335069548e-05,-0.2901743643826619
59.72000000002702,-1.5,-1.520708453419583,2.3306024262775217e-05,2.3458849268490227e-05,-0.2820349482040553
59.740000000027045,-1.5,-1.520665481069622,2.3138275868374017e-05,2.3434897750459207e-05,-0.282812980050456
59.76000000002707,-1.5,-1.5206133512730633,2.3045494313873725e-05,2.3400785034979632e-05,-0.2928068601280503
59.780000000027094,-1.5,-1.5205548639796018,2.3052741050436176e-05,2.3366524766547805e-05,-0.31016430597606687
59.80000000002712,-1.5,-1.5204934486443158,2.3126909770868966e-05,2.3340051346406006e-05,-0.33116854164964443
59.82000000002714,-1.5,-1.5204322591850223,2.3254624301892505e-05,2.3326077071944336e-05,-0.35112119189864843
59.84000000002717,-1.5,-1.5203753902391075,2.3424366834645388e-05,2.332812134935239e-05,-0.3642576168746659
59.86000000002719,-1.5,-1.5203267148092918,2.3589440679652922e-05,2.3346388401737794e-05,-0.3656347204002478
59.880000000027216,-1.5,-1.5202876705148916,2.370285387525038e-05,2.3376214400663613e-05,-0.3550245972353786
59.90000000002724,-1.5,-1.520256669205853,2.3739873125368997e-05,2.341007489143646e-05,-0.3364494016471895
59.920000000027265,-1.5,-1.5202300730908016,2.369267027867113e-05,2.3439744086096073e-05,-0.3155820892858667
59.94000000002729,-1.5,-1.5202034539379823,2.3568775865094135e-05,2.3457845853454766e-05,-0.29741047718911023
59.960000000027314,-1.5,-1.5201726328180796,2.3393216219299177e-05,2.3459337129724094e-05,-0.2853593146999228
59.98000000002734,-1.5,-1.520134344879171,2.3209015459832363e-05,2.3443052088259784e-05,-0.2815371649987455
60.00000000002736,-1.5,-1.5200867725795983,2.3071966621948594e-05,2.3412763238798763e-05,-0.2870053954851373
60.02000000002739,-1.5,-1.5200311008308673,2.303099141051925e-05,2.3377161441787574e-05,-0.30105597752453245
60.04000000002741,-1.5,-1.5199709105824015,2.3075459130119782e-05,2.334593501431167e-05,-0.32077942530021714
60.060000000027436,-1.5,-1.519909285914924,2.317651193145591e-05,2.3325046956430234e-05,-0.3418939178350672
60.08000000002746,-1.5,-1.5198498360124204,2.3328710271812666e-05,2.3318611795467256e-05,-0.35923277325631053
60.100000000027485,-1.5,-1.519796827965729,2.3502983025972096e-05,2.3328921093657277e-05,-0.36685324585474777
60.12000000002751,-1.5,-1.5197531312037211,2.364656375338899e-05,2.335364744285713e-05,-0.3619530314325065
60.140000000027534,-1.5,-1.519718613087595,2.3723582324398825e-05,2.3386373718169386e-05,-0.34669151477656096
60.16000000002756,-1.5,-1.5196904994251066,2.3718422512425317e-05,2.3419009360477085e-05,-0.3262669299122576
60.18000000002758,-1.5,-1.5196646093255393,2.3630801351660524e-05,2.3443570585142633e-05,-0.3062204175529188
60.20000000002761,-1.5,-1.5196365293517018,2.3476575531947523e-05,2.3453655288560143e-05,-0.2907747811738729
60.22000000002763,-1.5,-1.5196024835916515,2.329043053306732e-05,2.344598046214299e-05,-0.2826340675938343
60.240000000027656,-1.5,-1.519559805550715,2.3122395918360074e-05,2.3421753386646886e-05,-0.28341156087812347
60.26000000002768,-1.5,-1.5195079726392458,2.302927299702541e-05,2.3387361414663366e-05,-0.29340650921594275
60.280000000027705,-1.5,-1.5194497825123952,2.3036136472469394e-05,2.3352813121421963e-05,-0.3107659144557981
60.30000000002773,-1.5,-1.5193886661604399,2.310997290489472e-05,2.3326044769490232e-05,-0.3317729681272855
60.320000000027754,-1.5,-1.519327781449237,2.3237415890265275e-05,2.3311775454158837e-05,-0.35173021663678644
60.34000000002778,-1.5,-1.5192712255783356,2.3406919862260953e-05,2.331352887695834e-05,-0.3648735291226725
60.3600000000278,-1.5,-1.5192228729973662,2.357177186878171e-05,2.333151105579785e-05,-0.3662593209124367
60.38000000002783,-1.5,-1.5191841624016649,2.3684970536426473e-05,2.33610586615645e-05,-0.35565819015121247
60.40000000002785,-1.5,-1.5191535065134996,2.3721775830614103e-05,2.33946469388255e-05,-0.3370903375528399
60.420000000027876,-1.5,-1.5191272679965615,2.367435561294192e-05,2.3424049327708596e-05,-0.31622709943126637
60.4400000000279,-1.5,-1.519101018312121,2.3550239037785964e-05,2.3441888766187783e-05,-0.29805571641653666
60.460000000027925,-1.5,-1.5190705770268533,2.3374449991367506e-05,2.3443121208972935e-05,-0.2860018868437456
60.48000000002795,-1.5,-1.5190326760494801,2.318999943670413e-05,2.3426579238479402e-05,-0.28217672751385614
60.500000000027974,-1.5,-1.5189854934854736,2.3052648559633995e-05,2.3396031708735834e-05,-0.28764408811752007
60.520000000028,-1.5,-1.5189302103408842,2.301128511394528e-05,2.336016243447796e-05,-0.3016956588575657
60.54000000002802,-1.5,-1.5188704063946679,2.3055369719124072e-05,2.3328656069835548e-05,-0.32142093585411124
60.56000000002805,-1.5,-1.518809170164766,2.3156127449914107e-05,2.330748290505157e-05,-0.3425388758465904
60.58000000002807,-1.5,-1.5187501152993113,2.330808941863762e-05,2.330076513050881e-05,-0.3598838834540862
60.600000000028096,-1.5,-1.5186975113326853,2.3482154407347e-05,2.3310797921486553e-05,-0.36751329927740106
60.62000000002812,-1.5,-1.5186542292553848,2.362554134432935e-05,2.333525516715491e-05,-0.3626235109114395
60.640000000028145,-1.5,-1.5186201377264499,2.3702371077896175e-05,2.3367719862270367e-05,-0.3473715735706286
60.66000000002817,-1.5,-1.5185924635414492,2.3697021568099452e-05,2.3400100867761283e-05,-0.32695331411498035
60.680000000028194,-1.5,-1.5185670260899173,2.3609206997293933e-05,2.3424413478871935e-05,-0.30690840199034053
60.70000000002822,-1.5,-1.5185394109914778,2.345478219335393e-05,2.3434254574840625e-05,-0.29145986798168216
60.72000000002824,-1.5,-1.5185058395173054,2.326842433587901e-05,2.342633979198969e-05,-0.283314042520527
60.74000000002827,-1.5,-1.518463640025146,2.3100135424692587e-05,2.3401873433660262e-05,-0.2840880192326927
60.76000000002829,-1.5,-1.5184122847517059,2.3006662565690334e-05,2.3367236100562896e-05,-0.2940823894839133
60.780000000028316,-1.5,-1.5183545672363332,2.3013101013053965e-05,2.333242743991838e-05,-0.311442700778576
60.80000000002834,-1.5,-1.518293920745068,2.3086592327504728e-05,2.330538638173692e-05,-0.3324518960086473
60.820000000028365,-1.5,-1.5182335094857142,2.3213785226224387e-05,2.3290842881762927e-05,-0.3524139557354995
60.84000000002839,-1.5,-1.5181774347522834,2.3383088021462003e-05,2.3292327326150346e-05,-0.3655655830445649
60.860000000028414,-1.5,-1.5181295732711473,2.354776221425854e-05,2.3310048385467306e-05,-0.36696247758599615
60.88000000002844,-1.5,-1.5180913654475958,2.3660793737968195e-05,2.333934348437367e-05,-0.35637292826788874
60.90000000002846,-1.5,-1.5180612254731276,2.3697434596895628e-05,2.3372687609850635e-05,-0.3378141154861603
60.92000000002849,-1.5,-1.5180355169288247,2.3649848056739776e-05,2.34018533924942e-05,-0.31695490909628804
60.94000000002851,-1.5,-1.5180098110689806,2.3525561066353943e-05,2.3419462742660847e-05,-0.2987817348740586
60.960000000028536,-1.5,-1.5179799253830144,2.334959259852088e-05,2.3420470393661722e-05,-0.2867218277988487
60.98000000002856,-1.5,-1.517942586991984,2.3164933294454774e-05,2.340370667185176e-05,-0.2828902497503257
61.000000000028585,-1.5,-1.5178959674766384,2.3027295287003235e-05,2.3372934996548978e-05,-0.28835458231095323
61.02000000002861,-1.5,-1.5178412419154477,2.298551428505277e-05,2.3336828527912122e-05,-0.3024059541461379
61.040000000028634,-1.5,-1.5177819881520964,2.302918543790933e-05,2.3305066193491177e-05,-0.32213218723433235
61.06000000002866,-1.5,-1.5177213010478943,2.3129655242093468e-05,2.3283628703234205e-05,-0.34325328242986153
61.08000000002868,-1.5,-1.5176628006735202,2.3281411158105615e-05,2.3276649176147136e-05,-0.3606051981258519
61.10000000002871,-1.5,-1.5176107600503497,2.345530830108658e-05,2.3286427803737002e-05,-0.36824543252425357
61.12000000002873,-1.5,-1.5175680523855644,2.359854571217774e-05,2.3310640224953543e-05,-0.36336855241115634
61.140000000028756,-1.5,-1.5175345482188947,2.3675233345804013e-05,2.3342869670371346e-05,-0.3481283389412349
61.16000000002878,-1.5,-1.5175074758582472,2.3669742602507952e-05,2.337502441721349e-05,-0.32771724992490525
61.180000000028805,-1.5,-1.5174826552725396,2.3581784242405998e-05,2.339911878079587e-05,-0.3076729333442977
61.20000000002883,-1.5,-1.5174556709547011,2.3427209879367715e-05,2.3408748483688745e-05,-0.29221879937141004
61.220000000028854,-1.5,-1.5174227403896736,2.3240684409489797e-05,2.3400627431930006e-05,-0.2840644156470441
61.24000000002888,-1.5,-1.5173811848730254,2.307217141563811e-05,2.337595590399137e-05,-0.28483218319941767
61.2600000000289,-1.5,-1.5173304694939194,2.297834236768645e-05,2.3341105182476375e-05,-0.29482448052881277
61.28000000002893,-1.5,-1.5172733820334283,2.298431961978178e-05,2.3306062510145308e-05,-0.3121847347163952
61.30000000002895,-1.5,-1.5172133586977767,2.3057455682966403e-05,2.3278770208437772e-05,-0.33319544474278723
61.320000000028976,-1.5,-1.51715357219003,2.318441917830878e-05,2.3263972747648708e-05,-0.35316248575159426
61.340000000029,-1.5,-1.5170981292759562,2.3353555763203092e-05,2.3265209344779066e-05,-0.3663236869104955
61.360000000029025,-1.5,-1.517050909703844,2.351809304913082e-05,2.328269209205757e-05,-0.3677338289116956
61.38000000002905,-1.5,-1.517013356158021,2.3631001344345585e-05,2.331175939586031e-05,-0.3571581627568303
61.400000000029074,-1.5,-1.5169838848355446,2.366752361451469e-05,2.3344886025676746e-05,-0.3386098918546408
61.4200000000291,-1.5,-1.516958860651231,2.361981799569192e-05,2.3373843771632206e-05,-0.3177546601872465
61.44000000002912,-1.5,-1.5169338547442113,2.349540848505877e-05,2.3391253432651198e-05,-0.29957786543160425
61.46000000002915,-1.5,-1.5169046820144176,2.3319306919231297e-05,2.339206830738163e-05,-0.28750880674531337
61.48000000002917,-1.5,-1.516868063408044,2.3134477183432554e-05,2.337511587032848e-05,-0.2836677388261791
61.500000000029196,-1.5,-1.516822162033624,2.2996566902933005e-05,2.3344152509984068e-05,-0.289127094619353
61.52000000002922,-1.5,-1.5167681452252946,2.2954343467118954e-05,2.3307837490755645e-05,-0.3031771880316214
61.540000000029245,-1.5,-1.516709588201553,2.2997575362660246e-05,2.3275842158478035e-05,-0.32290357722583546
61.56000000002927,-1.5,-1.516649593876751,2.309776505080393e-05,2.325416045075607e-05,-0.3440275455302972
61.580000000029294,-1.5,-1.5165917905000474,2.3249343470962105e-05,2.3246939342230482e-05,-0.36138702369939985
61.60000000002932,-1.5,-1.5165404555144082,2.3423109896344465e-05,2.3256485295986274e-05,-0.369039731884485
61.62000000002934,-1.5,-1.5164984649298714,2.356623878174881e-05,2.328047610457414e-05,-0.3641779581650944
61.64000000002937,-1.5,-1.516465691688554,2.3642827531537397e-05,2.331249533868396e-05,-0.34895136543040833
61.66000000002939,-1.5,-1.5164393660809066,2.3637240336682763e-05,2.3344450690635506e-05,-0.32854818279941833
61.680000000029416,-1.5,-1.516415308924599,2.3549184030781775e-05,2.3368355445375116e-05,-0.30850354547260894
61.70000000002944,-1.5,-1.5163891034239008,2.3394505796533268e-05,2.337780404658002e-05,-0.293041379561822
61.720000000029465,-1.5,-1.5163569624126259,2.3207854674244195e-05,2.3369508335747623e-05,-0.28487534253154645
61.74000000002949,-1.5,-1.5163161984137767,2.3039146116019536e-05,2.334466363030435e-05,-0.28563448096097993
61.760000000029514,-1.5,-1.5162662676030374,2.294495675155078e-05,2.3309629598017875e-05,-0.2956233556540771
61.78000000002954,-1.5,-1.5162099505298934,2.295044187382103e-05,2.3274377962985506e-05,-0.3129826761375518
61.80000000002956,-1.5,-1.5161506869331343,2.3023215042412242e-05,2.3246855084785948e-05,-0.333994322140961
61.82000000002959,-1.5,-1.5160916599366527,2.3149969019540266e-05,2.3231823215783154e-05,-0.3539664744945479
61.84000000002961,-1.5,-1.516036983008329,2.331897200690927e-05,2.323283231971819e-05,-0.3671383494371018
61.860000000029636,-1.5,-1.5159905395832154,2.3483410275791e-05,2.3250098595226777e-05,-0.3685636281398714
61.88000000002966,-1.5,-1.5159537751321424,2.359623590802129e-05,2.327896163313019e-05,-0.3580038748057458
61.900000000029685,-1.5,-1.5159251083364265,2.363268188960665e-05,2.3311896022442164e-05,-0.33946746379723486
61.92000000002971,-1.5,-1.5159009058171646,2.3584900763742414e-05,2.334067268796922e-05,-0.31861613712387166
61.940000000029734,-1.5,-1.5158767386822152,2.3460412909265758e-05,2.335791124543312e-05,-0.30043407502385294
61.96000000002976,-1.5,-1.5158484187876125,2.328422103415465e-05,2.33585633706143e-05,-0.288353111203692
61.98000000002978,-1.5,-1.515812659670391,2.309925652791628e-05,2.334145315598812e-05,-0.2844998043440929
62.00000000002981,-1.5,-1.5157676142322274,2.2961088711355484e-05,2.3310328536390782e-05,-0.2899524345750958
62.02000000002983,-1.5,-1.51571444044064,2.2918402101119182e-05,2.327383198758696e-05,-0.30400027357180565
62.040000000029856,-1.5,-1.5156567102698313,2.296117315986995e-05,2.3241625616166744e-05,-0.32372608908396433
62.06000000002988,-1.5,-1.5155975362110539,2.3061091111601338e-05,2.3219719091390538e-05,-0.34485265880988886
62.080000000029905,-1.5,-1.515540556256204,2.3212518862792843e-05,2.3212275850090468e-05,-0.3622202583150665
62.10000000002993,-1.5,-1.5154900531012854,2.3386188994380864e-05,2.3221609742271153e-05,-0.369886887467452
62.120000000029954,-1.5,-1.5154489060800338,2.3529247202379573e-05,2.3245401071800593e-05,-0.36504214965083753
62.14000000002998,-1.5,-1.5154169910005935,2.3605776888193806e-05,2.327723384243064e-05,-0.3498308404412401
62.16000000003,-1.5,-1.515391540554534,2.3600134473298807e-05,2.3309015162604404e-05,-0.32943619763021065
62.18000000003003,-1.5,-1.515368376649287,2.3512022422800393e-05,2.333275724510126e-05,-0.3093904081559566
62.20000000003005,-1.5,-1.5153430810587956,2.3357282399161117e-05,2.3342053148652442e-05,-0.29391803585171394
62.220000000030076,-1.5,-1.5153118611998275,2.3170544404486992e-05,2.3333612354601605e-05,-0.28573758477509403
62.2400000000301,-1.5,-1.5152720193060016,2.3001667125992377e-05,2.3308624388470646e-05,-0.2864859336788749
62.260000000030125,-1.5,-1.515223001070554,2.290711525851532e-05,2.3273435261612945e-05,-0.29647017454496855
62.28000000003015,-1.5,-1.5151675784980607,2.2912082200738217e-05,2.323799840814019e-05,-0.3138277675974989
62.300000000030174,-1.5,-1.515109195384188,2.2984487125486587e-05,2.3210264799719044e-05,-0.334839816970979
62.3200000000302,-1.5,-1.5150510469838436,2.3111050653976706e-05,2.3195017372778086e-05,-0.35481717363355625
62.34000000003022,-1.5,-1.5149972545583084,2.3279950369916727e-05,2.3195818535766918e-05,-0.36800067238665474
62.36000000003025,-1.5,-1.514951705818175,2.344432459766027e-05,2.321288919874899e-05,-0.36944273584024967
62.38000000003027,-1.5,-1.5149158494698465,2.355710490329364e-05,2.3241570315812032e-05,-0.3589006681017025
62.400000000030296,-1.5,-1.514888107102939,2.3593513480344997e-05,2.3274336329464195e-05,-0.3403772615517361
62.42000000003032,-1.5,-1.5148648473757755,2.3545696882080148e-05,2.3302957279912452e-05,-0.3195297590563089
62.440000000030345,-1.5,-1.5148416414412011,2.3421171277565567e-05,2.3320051539099882e-05,-0.30134095669074584
62.46000000003037,-1.5,-1.5148142977116095,2.3244928472096444e-05,2.332056899530095e-05,-0.28924563888219545
62.480000000030394,-1.5,-1.5147795212253223,2.3059862277251856e-05,2.3303329890779963e-05,-0.2853776500379466
62.50000000003042,-1.5,-1.514735453144022,2.2921451481295254e-05,2.3272072447807478e-05,-0.2908219961477625
62.52000000003044,-1.5,-1.5146832406302562,2.2878284802634886e-05,2.3235419790080173e-05,-0.30486670357974105
62.54000000003047,-1.5,-1.5146264518617778,2.292057737839237e-05,2.3203023314449263e-05,-0.32459128285388267
62.56000000003049,-1.5,-1.5145682102550415,2.3020232451839562e-05,2.3180910638721214e-05,-0.34572019297336926
62.580000000030516,-1.5,-1.5145121649277267,2.3171534666587997e-05,2.317326396556222e-05,-0.3630963831307795
62.60000000003054,-1.5,-1.514462604562759,2.3345140313437583e-05,2.3182405514885898e-05,-0.37077818444428917
62.620000000030565,-1.5,-1.5144224122766003,2.348816265474992e-05,2.320601841600523e-05,-0.365952158727922
62.64000000003059,-1.5,-1.514391467152091,2.3564669827347722e-05,2.3237687187877766e-05,-0.3507575752426037
62.660000000030614,-1.5,-1.5143670046515694,2.3559010007691964e-05,2.3269318358049192e-05,-0.33037200960086516
62.68000000003064,-1.5,-1.5143448479862964,2.3470880909049692e-05,2.3292923033318673e-05,-0.3103243178082916
62.70000000003066,-1.5,-1.514320577377319,2.3316117706030847e-05,2.3302092796545125e-05,-0.29483980918961533
62.72000000003069,-1.5,-1.5142903941519796,2.3129328549211127e-05,2.3293534509738345e-05,-0.2866425004522248
62.74000000003071,-1.5,-1.5142515889207437,2.2960307747783387e-05,2.326843117516302e-05,-0.2873781457764145
62.760000000030736,-1.5,-1.5142035955116495,2.286539296137509e-05,2.323311334737054e-05,-0.29735667341982575
62.78000000003076,-1.5,-1.5141491762222552,2.286982022674681e-05,2.319751372329946e-05,-0.31471182443843737
62.800000000030785,-1.5,-1.514091779365187,2.2941853666856706e-05,2.316958839211609e-05,-0.3357237890612784
62.82000000003081,-1.5,-1.5140346138331147,2.306824498791059e-05,2.3154143531085985e-05,-0.35570640878562776
62.840000000030834,-1.5,-1.5139818096406246,2.3237069541326915e-05,2.31547554854987e-05,-0.36890234058568405
62.86000000003086,-1.5,-1.5139372592907416,2.340141189497793e-05,2.3171650406589303e-05,-0.37036260979570257
62.88000000003088,-1.5,-1.5139024151193141,2.3514181103844302e-05,2.320017076793627e-05,-0.3598397585629069
62.90000000003091,-1.5,-1.5138757019966,2.355058787635242e-05,2.323279089653873e-05,-0.3413303380157256
62.92000000003093,-1.5,-1.5138534909096943,2.3502772440673493e-05,2.3261279933823012e-05,-0.3204865692727693
62.940000000030956,-1.5,-1.5138313531253729,2.3378246235801347e-05,2.3278254957785532e-05,-0.30228971886345485
62.96000000003098,-1.5,-1.5138050932641989,2.320198859709783e-05,2.3278663926696938e-05,-0.2901778868660576
62.980000000031005,-1.5,-1.5137714069129158,2.3016851297273334e-05,2.326132282291935e-05,-0.28629306286308487
63.00000000003103,-1.5,-1.5137284221503888,2.287821184623965e-05,2.3229959052040245e-05,-0.2917277467160976
63.020000000031054,-1.5,-1.5136772740695867,2.2834551776574394e-05,2.31931741334685e-05,-0.30576853950803834
63.04000000003108,-1.5,-1.513621526562968,2.2876351878170037e-05,2.3160607460585812e-05,-0.32549128423943013
63.0600000000311,-1.5,-1.513564315154804,2.2975753326009882e-05,2.3138306545682377e-05,-0.3466222846272829
63.08000000003113,-1.5,-1.5135093013005458,2.3126953481319102e-05,2.313047437500397e-05,-0.36400745112102695
63.10000000003115,-1.5,-1.513460780311839,2.3300523929338456e-05,2.3139442396496853e-05,-0.37170549172211975
63.120000000031176,-1.5,-1.5134216394885514,2.3443542293097413e-05,2.3162896837943247e-05,-0.36689961613779026
63.1400000000312,-1.5,-1.5133917615449897,2.3520060362849632e-05,2.3194422805417622e-05,-0.3517229932807842
63.160000000031225,-1.5,-1.513368385037677,2.3514417673411806e-05,2.3225926250274006e-05,-0.3313469523361329
63.18000000003125,-1.5,-1.5133473346702513,2.3426306857919055e-05,2.324941714689868e-05,-0.311296685517452
63.200000000031274,-1.5,-1.513324189006212,2.3271555750437465e-05,2.32584855254945e-05,-0.2957983421611012
63.2200000000313,-1.5,-1.5132951426992949,2.30847481853526e-05,2.3249835403858622e-05,-0.2875820320690731
63.24000000003132,-1.5,-1.5132574735756916,2.2915607444331797e-05,2.3224642623491153e-05,-0.28830329283969774
63.26000000003135,-1.5,-1.5132106023912182,2.2820330934176653e-05,2.3189220709357455e-05,-0.29827515285051487
63.28000000003137,-1.5,-1.51315728071709,2.2824201264323184e-05,2.3153479480004962e-05,-0.31562722257394304
63.300000000031396,-1.5,-1.513100961782472,2.2895861911456442e-05,2.3125380582947172e-05,-0.33663865708116386
63.32000000003142,-1.5,-1.5130448694326553,2.3022098429482417e-05,2.310975566744058e-05,-0.3566265672503585
63.340000000031445,-1.5,-1.5129931432715225,2.3190873783946517e-05,2.311019631368448e-05,-0.36983560954070344
63.36000000003147,-1.5,-1.512949681043657,2.3355213728313584e-05,2.3126934372913885e-05,-0.3713152924315942
63.380000000031494,-1.5,-1.5129159390561886,2.3468003087598255e-05,2.3155313973133216e-05,-0.3608129615516299
63.40000000003152,-1.5,-1.5128903457835965,2.3504440504961782e-05,2.3187809353960635e-05,-0.34231835576502284
63.42000000003154,-1.5,-1.5128692747960926,2.3456659606142235e-05,2.3216188748541667e-05,-0.32147822209048327
63.44000000003157,-1.5,-1.512848297536339,2.3332166646856782e-05,2.323306790043471e-05,-0.3032721722127932
63.46000000003159,-1.5,-1.5128232145333809,2.3155927120661185e-05,2.3233392716188066e-05,-0.2911419384859487
63.480000000031616,-1.5,-1.5127907110982528,2.2970746886230623e-05,2.321597456365425e-05,-0.2872383998840358
63.50000000003164,-1.5,-1.5127489010635125,2.2831892827279697e-05,2.3184529073515227e-05,-0.29266221392260977
63.520000000031665,-1.5,-1.5126989063518148,2.2787729354397384e-05,2.314763420214405e-05,-0.3066983982614056
63.54000000003169,-1.5,-1.5126442861413156,2.282902638050893e-05,2.3114916212495127e-05,-0.32641877141364023
63.560000000031714,-1.5,-1.5125881890905655,2.2928183772321984e-05,2.309244420186522e-05,-0.34755162306901494
63.58000000003174,-1.5,-1.512534290043574,2.307930373152735e-05,2.308444368844675e-05,-0.3649460737679602
63.60000000003176,-1.5,-1.5124868914957699,2.3252865836822e-05,2.3093256088787638e-05,-0.3726612484487276
63.62000000003179,-1.5,-1.5124488852761744,2.339590930781598e-05,2.3116570963505378e-05,-0.36787673776371566
63.64000000003181,-1.5,-1.512420158038457,2.3472468674580815e-05,2.3147974068053166e-05,-0.3527191161955676
63.660000000031836,-1.5,-1.5123979517131816,2.3466874507227147e-05,2.3179370783836986e-05,-0.33235296373790113
63.68000000003186,-1.5,-1.5123780926608181,2.3378814082067544e-05,2.320276993322258e-05,-0.3122995228045836
63.700000000031885,-1.5,-1.5123561576994473,2.3224107148458786e-05,2.3211759930185282e-05,-0.29678586477228036
63.72000000003191,-1.5,-1.512328334307937,2.303731108859847e-05,2.3203041755672743e-05,-0.2885486924169522
63.740000000031934,-1.5,-1.5122918865295323,2.2868072414707757e-05,2.3177783541244106e-05,-0.289254107498096
63.76000000003196,-1.5,-1.5122462210062677,2.277243683767018e-05,2.314228042387237e-05,-0.2992184636136016
63.78000000003198,-1.5,-1.5121940776983642,2.2775736912261824e-05,2.310641749084195e-05,-0.31656688432535235
63.80000000003201,-1.5,-1.5121389150942037,2.2847025223612685e-05,2.3078162328058572e-05,-0.33757738437225615
63.82000000003203,-1.5,-1.512083973125848,2.2973123501922747e-05,2.3062373981273443e-05,-0.3575705837755747
63.840000000032056,-1.5,-1.5120334017058505,2.3141873549617368e-05,2.3062660381072343e-05,-0.37079329104171094
63.86000000003208,-1.5,-1.5119911042057366,2.3306237955188228e-05,2.3079259470871466e-05,-0.37229339617271173
63.880000000032105,-1.5,-1.5119585411968337,2.3419075854356976e-05,2.310751714804388e-05,-0.3618126769550732
63.90000000003213,-1.5,-1.5119341450355583,2.345557334984334e-05,2.3139907590215503e-05,-0.34333357190383407
63.920000000032154,-1.5,-1.511914292094565,2.3407857241504515e-05,2.3168198117053157e-05,-0.3224969675830103
63.94000000003218,-1.5,-1.5118945540477118,2.328342821175382e-05,2.3185003106178132e-05,-0.30428071438400206
63.9600000000322,-1.5,-1.511870727078341,2.3107236724646136e-05,2.3185266310172522e-05,-0.29213044815518174
63.98000000003223,-1.5,-1.511839485518583,2.2922039400706583e-05,2.316779417954544e-05,-0.28820657321569776
64.00000000003224,-1.5,-1.5117989279597557,2.2782984465462587e-05,2.3136289749076667e-05,-0.2936184706390865
64.0200000000322,-1.5,-1.5117501622077598,2.2738310639307956e-05,2.309930572959228e-05,-0.3076494371462504
64.04000000003215,-1.5,-1.511696742353959,2.277909712537716e-05,2.3066454283713165e-05,-0.32736695996904863
64.0600000000321,-1.5,-1.511641831070701,2.2878020275934526e-05,2.3043827543835385e-05,-0.3485014352019681
64.08000000003206,-1.5,-1.5115891174897271,2.302908033326223e-05,2.3035675055131062e-05,-0.36590540584836667
64.10000000003201,-1.5,-1.511542911763797,2.3202658616908426e-05,2.304434883289754e-05,-0.37363844856811884
64.12000000003196,-1.5,-1.5115061105452503,2.3345753593739458e-05,2.306754196869459e-05,-0.36887630889267076
64.14000000003192,-1.5,-1.5114786046891289,2.3422381777505057e-05,2.309884092055691e-05,-0.35373854780402464
64.16000000003187,-1.5,-1.5114576397389727,2.3416864518992985e-05,2.313015050756626e-05,-0.3333825697882277
64.18000000003182,-1.5,-1.5114390438538583,2.3328883509260128e-05,2.315347838677141e-05,-0.31332542539389685
64.20000000003178,-1.5,-1.5114183920342488,2.317424977104874e-05,2.3162411304678677e-05,-0.2977951783262006
64.22000000003173,-1.5,-1.5113918641606472,2.298749240744953e-05,2.315364704300046e-05,-0.2895355486192563
64.24000000003169,-1.5,-1.5113567096471,2.2818176272189473e-05,2.3128345557140315e-05,-0.2902238635821593
64.26000000003164,-1.5,-1.5113123201357674,2.2722185606580954e-05,2.3092782439175447e-05,-0.3001799908705398
64.28000000003159,-1.5,-1.5112614232180652,2.27249057564346e-05,2.3056816463485732e-05,-0.31752426260888356
64.30000000003155,-1.5,-1.511207482930867,2.279582379638459e-05,2.302842147719408e-05,-0.3385334631303491
64.3200000000315,-1.5,-1.5111537562572797,2.2921799556746962e-05,2.30124855587765e-05,-0.3585319246537092
64.34000000003145,-1.5,-1.511104404028384,2.3090546194218168e-05,2.301263393325421e-05,-0.37176873705710234
64.3600000000314,-1.5,-1.5110633355682337,2.325495944604535e-05,2.3029110965927164e-05,-0.37329008703947697
64.38000000003136,-1.5,-1.5110320159593977,2.336787154240104e-05,2.3057264419765753e-05,-0.3628318724568676
64.40000000003131,-1.5,-1.5110088816749454,2.340445566816656e-05,2.308956843319925e-05,-0.34436882108013683
64.42000000003127,-1.5,-1.5109903120764274,2.3356831623972456e-05,2.31177894111754e-05,-0.32353563448552786
64.44000000003122,-1.5,-1.5109718791179123,2.3232494188250093e-05,2.3134540342228375e-05,-0.3053083129637589
64.46000000003117,-1.5,-1.5109493744254303,2.3056377781070733e-05,2.313476274095168e-05,-0.2931366245229136
64.48000000003113,-1.5,-1.5109194607623004,2.2871186977828245e-05,2.311725788623488e-05,-0.28919103336677265
64.50000000003108,-1.5,-1.5108802206416936,2.2731944549756914e-05,2.3085715524741365e-05,-0.2945901183963566
64.52000000003103,-1.5,-1.5108327469513128,2.2686756246015076e-05,2.3048661698719255e-05,-0.30861533731825413
64.54000000003099,-1.5,-1.5107805883765548,2.2727027622482346e-05,2.3015693648139706e-05,-0.32832958637752624
64.56000000003094,-1.5,-1.5107269223450706,2.2825726525672315e-05,2.299292776464692e-05,-0.34946546895455266
64.58000000003089,-1.5,-1.5106754530331985,2.2976745453271453e-05,2.298463887768151e-05,-0.3668791286997933
64.60000000003085,-1.5,-1.5106304986481607,2.3150362197256698e-05,2.2993190127969116e-05,-0.37463062381177337
64.6200000000308,-1.5,-1.5105949609114702,2.3293532511109178e-05,2.301627830220683e-05,-0.36989166686094377
64.64000000003075,-1.5,-1.5105687350985977,2.3370254283038712e-05,2.3047490605744325e-05,-0.3547744564256585
64.6600000000307,-1.5,-1.5105490705666653,2.336483945340033e-05,2.307873130420914e-05,-0.3344288666786384
64.68000000003066,-1.5,-1.5105317973938517,2.327696394458601e-05,2.3102006881868556e-05,-0.31436755533071603
64.70000000003061,-1.5,-1.5105124887053991,2.3122429506942836e-05,2.31109023780074e-05,-0.29881963770368936
64.72000000003057,-1.5,-1.5104873164326655,2.2935735427474303e-05,2.3102112241040562e-05,-0.2905362046551605
64.74000000003052,-1.5,-1.510453514656873,2.2766360811890916e-05,2.3076787861737446e-05,-0.29120635881837786
64.76000000003047,-1.5,-1.5104104592799392,2.2670020225606605e-05,2.3041184319348238e-05,-0.30115363691952035
64.78000000003043,-1.5,-1.5103608648859008,2.267215415824503e-05,2.300513274830422e-05,-0.3184933237071187
64.80000000003038,-1.5,-1.5103082012993911,2.2742705448110294e-05,2.2976613525982234e-05,-0.3395008971694433
64.82000000003033,-1.5,-1.5102557433594876,2.2868573573866824e-05,2.2960545129364297e-05,-0.359504570384892
64.84000000003029,-1.5,-1.5102076633230404,2.3037336779289098e-05,2.296057086139225e-05,-0.37275582216527353
64.86000000003024,-1.5,-1.5101678767362663,2.3201820886521488e-05,2.2976941780538312e-05,-0.37429906674094654
64.8800000000302,-1.5,-1.5101378533971417,2.3314830231039944e-05,2.3005007594139877e-05,-0.36386406526845083
64.90000000003015,-1.5,-1.5101160340899016,2.335152479331383e-05,2.3037242421790348e-05,-0.3454174969436765
64.9200000000301,-1.5,-1.5100988013206906,2.330401724785164e-05,2.3065411756118734e-05,-0.3245876115583164
64.94000000003005,-1.5,-1.5100817273668503,2.3179796194047456e-05,2.308212718116386e-05,-0.3063484869566974
64.96000000003,-1.5,-1.5100605991252194,2.3003779155995274e-05,2.3082327906524172e-05,-0.2941542122132492
64.98000000002996,-1.5,-1.5100320673062184,2.2818616341026502e-05,2.3064809830627906e-05,-0.2901857512462548
65.00000000002991,-1.5,-1.5099941976557107,2.267919942800143e-05,2.3033248840372747e-05,-0.2955712695313622
65.02000000002987,-1.5,-1.5099480674777184,2.2633495122613805e-05,2.2996143129582982e-05,-0.3095902859750583
65.04000000002982,-1.5,-1.5098972197827203,2.2673249483806848e-05,2.29630743316436e-05,-0.32930089020250275
65.06000000002977,-1.5,-1.5098448473658128,2.277173425189985e-05,2.2940184109681308e-05,-0.3504379754431665
65.08000000002973,-1.5,-1.5097946700715428,2.2922729349066675e-05,2.293177361209772e-05,-0.3678614322060473
65.10000000002968,-1.5,-1.5097510144872721,2.3096404693067845e-05,2.294021753502244e-05,-0.37563182537095746
65.12000000002963,-1.5,-1.5097167876044326,2.3239671726709957e-05,2.2963216492861243e-05,-0.3709166823395031
65.14000000002959,-1.5,-1.5096918892978863,2.3316509240169427e-05,2.2994358475127146e-05,-0.3558205558189449
65.16000000002954,-1.5,-1.5096735729031554,2.3311219631021494e-05,2.3025547203994547e-05,-0.3354855015504147
65.1800000000295,-1.5,-1.5096576705181106,2.3223472911478652e-05,2.3048787988867886e-05,-0.3154196217453949
65.20000000002945,-1.5,-1.509639753348731,2.306906110384498e-05,2.305766413274446e-05,-0.2998531323559562
65.2200000000294,-1.5,-1.5096159850942472,2.2882452413321167e-05,2.3048866643137496e-05,-0.29154478267528217
65.24000000002935,-1.5,-1.5095835839325018,2.2713036855638344e-05,2.302353803035895e-05,-0.2921958963844071
65.26000000002931,-1.5,-1.5095419094210238,2.2616352582035103e-05,2.2987912069683283e-05,-0.3021338028521823
65.28000000002926,-1.5,-1.5094936626097897,2.261789711892303e-05,2.2951791166977253e-05,-0.31946852896782935
65.30000000002921,-1.5,-1.5094423193037374,2.2688086494438395e-05,2.2923162448423878e-05,-0.3404741836189329
65.32000000002917,-1.5,-1.5093911728536964,2.2813861036963225e-05,2.2906975902144984e-05,-0.3604829972629571
65.34000000002912,-1.5,-1.5093444073536448,2.2982658948668354e-05,2.2906893542487327e-05,-0.37374892488091066
65.36000000002907,-1.5,-1.5093059447893897,2.3147233654434112e-05,2.2923173337923893e-05,-0.3753145536209703
65.38000000002903,-1.5,-1.5092772598385138,2.326036081752603e-05,2.2951167002694813e-05,-0.36490330267188975
65.40000000002898,-1.5,-1.5092567977534654,2.3297187011550913e-05,2.2983348655647095e-05,-0.3464735323894758
65.42000000002894,-1.5,-1.5092409443119894,2.3249817700938946e-05,2.30114828828381e-05,-0.32564682773717163
65.44000000002889,-1.5,-1.5092252721521693,2.3125735082985295e-05,2.3028179855568295e-05,-0.30739528708048014
65.46000000002884,-1.5,-1.5092055633067285,2.294983908583217e-05,2.302837642728814e-05,-0.29517747243617615
65.4800000000288,-1.5,-1.5091784560476464,2.276472367764592e-05,2.301086294952421e-05,-0.29118519909728224
65.50000000002875,-1.5,-1.50914199880205,2.262514488909704e-05,2.2979300990332032e-05,-0.2965565283006253
65.5200000000287,-1.5,-1.5090972527519788,2.2578925442906342e-05,2.294215994260798e-05,-0.31056895753634617
65.54000000002866,-1.5,-1.5090477550112609,2.261816332598236e-05,2.2909005278633108e-05,-0.33027559530712175
65.56000000002861,-1.5,-1.508996714233621,2.2716444133945032e-05,2.2886004746945388e-05,-0.35141369013050044
65.58000000002856,-1.5,-1.5089478664309648,2.286743127827375e-05,2.287748664172049e-05,-0.3688469957665909
65.60000000002852,-1.5,-1.5089055468298427,2.3041183317008463e-05,2.2885837554342073e-05,-0.3766366045296517
65.62000000002847,-1.5,-1.5088726678503515,2.3184566123743106e-05,2.2908762030098854e-05,-0.37194573954977633
65.64000000002842,-1.5,-1.5088491341084065,2.326153904499102e-05,2.2939848872204003e-05,-0.35687108502269693
65.66000000002838,-1.5,-1.5088322030494419,2.325639485739749e-05,2.297100127040948e-05,-0.3365466521314382
65.68000000002833,-1.5,-1.5088177088730477,2.316879756034969e-05,2.29942233621347e-05,-0.31647586053079224
65.70000000002828,-1.5,-1.5088012208344572,2.3014529076742412e-05,2.300309669493975e-05,-0.30089006625158415
65.72000000002824,-1.5,-1.508778894180804,2.2828025517325607e-05,2.2994308752482227e-05,-0.2925559033235354
65.74000000002819,-1.5,-1.5087479307397726,2.265858516289625e-05,2.296899291651103e-05,-0.29318726551231755
65.76000000002814,-1.5,-1.5087076732473543,2.256156438377938e-05,2.2933361032107366e-05,-0.303115369281592
65.7800000000281,-1.5,-1.5086608087975095,2.256251920850574e-05,2.289718591066736e-05,-0.3204448155823442
65.80000000002805,-1.5,-1.5086108193245003,2.263235268464609e-05,2.286846159844259e-05,-0.3414482936994005
65.820000000028,-1.5,-1.508561017207469,2.2758046872838796e-05,2.2852170470981207e-05,-0.3614621580311161
65.84000000002796,-1.5,-1.5085155986995227,2.2926895868784206e-05,2.2851993747779122e-05,-0.3747429080337499
65.86000000002791,-1.5,-1.5084784923949188,2.3091578760091413e-05,2.2868196473519815e-05,-0.3763312626341843
65.88000000002786,-1.5,-1.5084511779779153,2.3204841956946132e-05,2.28961324168408e-05,-0.36594414157242205
65.90000000002782,-1.5,-1.5084321052914176,2.3241818501305548e-05,2.292827571182711e-05,-0.3475313788046382
65.92000000002777,-1.5,-1.508417663485105,2.3194606603124297e-05,2.2956390046783177e-05,-0.32670773130386005
65.94000000002772,-1.5,-1.5084034255900252,2.307068188299962e-05,2.2973084178643834e-05,-0.3084432751231766
65.96000000002768,-1.5,-1.5083851686741256,2.289492611495924e-05,2.297329256829017e-05,-0.2962011627208854
65.98000000002763,-1.5,-1.5083595182768867,2.2709875577401766e-05,2.295579989336523e-05,-0.29218433061326166
66.00000000002758,-1.5,-1.508324505083276,2.2570147105600253e-05,2.2924253048814243e-05,-0.2975409712182404
66.02000000002754,-1.5,-1.5082811737336894,2.2523415558543445e-05,2.2887091886045345e-05,-0.3115464940710446
66.04000000002749,-1.5,-1.5082330552678704,2.2562139732034088e-05,2.2853865282421878e-05,-0.33124889031741483
66.06000000002744,-1.5,-1.5081833745765454,2.2660226766627126e-05,2.2830767700727326e-05,-0.35238781323497653
66.0800000000274,-1.5,-1.5081358842222108,2.2811220466801688e-05,2.28221552141345e-05,-0.36983096850064273
66.10000000002735,-1.5,-1.5080949282677143,2.2985065347615758e-05,2.283042656538912e-05,-0.3776399925050022
66.1200000000273,-1.5,-1.50806342468159,2.3128580769810037e-05,2.285329030660005e-05,-0.3729737156571742
66.14000000002726,-1.5,-1.5080412829278786,2.3205706407949536e-05,2.2884336077465712e-05,-0.35792078735462995
66.16000000002721,-1.5,-1.5080257646625386,2.3200725389408393e-05,2.291546654728486e-05,-0.3376070055297763
66.18000000002716,-1.5,-1.5080127062516606,2.3113295634049807e-05,2.2938684688926906e-05,-0.31753101320133187
66.20000000002712,-1.5,-1.5079976749798343,2.2959188672568598e-05,2.2947570284541896e-05,-0.30192533705210656
66.22000000002707,-1.5,-1.507976817480508,2.2772807743992906e-05,2.2938807233877297e-05,-0.29356466534467474
66.24000000002702,-1.5,-1.507947318899181,2.2603357397130154e-05,2.291351960493952e-05,-0.29417572142607
66.26000000002698,-1.5,-1.5079085047911929,2.250600813239217e-05,2.2877896839819332e-05,-0.30409367643584273
66.28000000002693,-1.5,-1.5078630479703032,2.250637554929261e-05,2.2841681496971947e-05,-0.3214175767462382
66.30000000002688,-1.5,-1.507814436608686,2.257586019215626e-05,2.2812874669788896e-05,-0.34241865288633716
66.32000000002684,-1.5,-1.5077660025007604,2.2701486444730977e-05,2.279649177749513e-05,-0.3624374619196773
66.34000000002679,-1.5,-1.5077219542977478,2.28704012226303e-05,2.279623360869517e-05,-0.3757330985103041
66.36000000002674,-1.5,-1.507686227326181,2.3035207839965652e-05,2.2812372403596856e-05,-0.3773443846563839
66.3800000000267,-1.5,-1.507660306369684,2.3148623055114194e-05,2.2840264018844288e-05,-0.3669816273571462
66.40000000002665,-1.5,-1.5076426459516425,2.31857663250484e-05,2.2872382617804797e-05,-0.34858598460501405
66.4200000000266,-1.5,-1.5076296386692924,2.313872859716177e-05,2.290049100266062e-05,-0.32776526835041453
66.44000000002656,-1.5,-1.507616857973962,2.3014978785785915e-05,2.2917196520444186e-05,-0.3094875026204872
66.46000000002651,-1.5,-1.5076000758998258,2.2839380084552484e-05,2.2917431216693908e-05,-0.29722051601047345
66.48000000002646,-1.5,-1.5075759050444466,2.265441002158258e-05,2.2899974004793183e-05,-0.2931785604580907
66.50000000002642,-1.5,-1.5075423580457779,2.2514543626619643e-05,2.286845684958313e-05,-0.2985201268281452
66.52000000002637,-1.5,-1.5075004626932644,2.246730500097348e-05,2.2831289517414266e-05,-0.312518485175759
66.54000000002632,-1.5,-1.5074537438165803,2.250552026255446e-05,2.2798003969155006e-05,-0.33221640854458595
66.56000000002628,-1.5,-1.5074054428169337,2.2603423675964114e-05,2.2774821838404153e-05,-0.35335598959978376
66.58000000002623,-1.5,-1.5073593290830107,2.2754437125915657e-05,2.2766127430828326e-05,-0.3708089489022292
66.60000000002618,-1.5,-1.5073197556536717,2.2928389146308806e-05,2.2774331819086543e-05,-0.37863747972091377
66.62000000002614,-1.5,-1.5072896461296086,2.3072051933174333e-05,2.2797147612897914e-05,-0.3739959595757716
66.64000000002609,-1.5,-1.5072689148980956,2.3149345369008133e-05,2.2828165305021854e-05,-0.35896488880408434
66.66000000002605,-1.5,-1.5072548278976698,2.3144542949172114e-05,2.2859287057127914e-05,-0.3386617364186785
66.680000000026,-1.5,-1.5072432237097315,2.3057296480433824e-05,2.2882514689144794e-05,-0.31858030516008123
66.70000000002595,-1.5,-1.5072296676389862,2.2903366881526245e-05,2.289142621630511e-05,-0.3029543147298659
66.7200000000259,-1.5,-1.5072102975974986,2.271712396068621e-05,2.2882701915596896e-05,-0.2945666246764162
66.74000000002586,-1.5,-1.5071822818225817,2.2547677137949898e-05,2.2857456414386813e-05,-0.29515696479872
66.76000000002581,-1.5,-1.5071449284391454,2.2450008141453844e-05,2.282185642123178e-05,-0.30506450379309
66.78000000002577,-1.5,-1.5071008957475729,2.2449792844257926e-05,2.2785613775780434e-05,-0.3223826413726052
66.80000000002572,-1.5,-1.5070536782291002,2.251893664975094e-05,2.275673670445722e-05,-0.34338112063047627
66.82000000002567,-1.5,-1.5070066273601361,2.2644506590064272e-05,2.274027412220765e-05,-0.3634047542369202
66.84000000002563,-1.5,-1.5069639643521313,2.2813500247887358e-05,2.2739946630565232e-05,-0.3767152665365464
66.86000000002558,-1.5,-1.5069296313461,2.2978444194193955e-05,2.2756033741280915e-05,-0.3783495653172052
66.88000000002553,-1.5,-1.5069051182860052,2.3092025304951238e-05,2.2783893419845112e-05,-0.3680112722576873
66.90000000002549,-1.5,-1.5068888844360144,2.3129349464291057e-05,2.2815999871171947e-05,-0.34963277326654835
66.92000000002544,-1.5,-1.5068773258937256,2.308250038215714e-05,2.2844115025517492e-05,-0.3288148607446687
66.94000000002539,-1.5,-1.5068660165534968,2.2958940178750597e-05,2.2860844830061717e-05,-0.31052348905822086
66.96000000002535,-1.5,-1.5068507233758872,2.2783513163264274e-05,2.2861118904828715e-05,-0.29823121931826807
66.9800000000253,-1.5,-1.506828045885143,2.259863741366754e-05,2.2843710342409827e-05,-0.29416374338498996
67.00000000002525,-1.5,-1.506795978476796,2.2458644411745307e-05,2.2812236010523263e-05,-0.2994899551012573
67.0200000000252,-1.5,-1.5067555318823358,2.241090552404175e-05,2.277507522937854e-05,-0.31348094749321476
67.04000000002516,-1.5,-1.5067102246240478,2.2448618507234408e-05,2.2741742825791507e-05,-0.33317420755525
67.06000000002511,-1.5,-1.506663314789892,2.254634837500232e-05,2.27184879009399e-05,-0.354314288211651
67.08000000002507,-1.5,-1.5066185887707413,2.2697393509164096e-05,2.2709723280189717e-05,-0.3717769641390429
67.10000000002502,-1.5,-1.5065804086681833,2.287146521395236e-05,2.271787247309082e-05,-0.37962499471149186
67.12000000002497,-1.5,-1.5065517037655738,2.3015288138253758e-05,2.2740652174632433e-05,-0.37500827038501156
67.14000000002493,-1.5,-1.506532393419103,2.309276235169654e-05,2.2771653741523944e-05,-0.3599990760225806
67.16000000002488,-1.5,-1.506519747895633,2.3088151776454635e-05,2.2802778841405292e-05,-0.3397064848163075
67.18000000002483,-1.5,-1.5065096080259444,2.3001102103037185e-05,2.2826028156681516e-05,-0.31961942357278134
67.20000000002479,-1.5,-1.5064975371353813,2.284736348609419e-05,2.2834977941940598e-05,-0.3039728198189255
67.22000000002474,-1.5,-1.5064796643564917,2.2661271945567385e-05,2.2826304832127816e-05,-0.295557773206934
67.2400000000247,-1.5,-1.5064531408899904,2.249184093010585e-05,2.2801113940861128e-05,-0.2961271209015624
67.26000000002465,-1.5,-1.5064172572815093,2.23938615914638e-05,2.276554904405642e-05,-0.30602404942467026
67.2800000000246,-1.5,-1.5063746571693046,2.2393070441645017e-05,2.272929097490897e-05,-0.3233362535221566
67.30000000002455,-1.5,-1.5063288413802878,2.246188222072698e-05,2.270035514052379e-05,-0.344331969798967
67.3200000000245,-1.5,-1.506283181228379,2.258740669387965e-05,2.2683824214752417e-05,-0.36436029567951217
67.34000000002446,-1.5,-1.5062419105764422,2.275649081041966e-05,2.2683438745069805e-05,-0.3776856046725772
67.36000000002441,-1.5,-1.5062089784238684,2.292158385913605e-05,2.2699485550969542e-05,-0.37934288353255113
67.38000000002437,-1.5,-1.5061858799067742,2.3035342757584016e-05,2.2727324715932597e-05,-0.3690290334007026
67.40000000002432,-1.5,-1.5061710790631073,2.3072859888950594e-05,2.2759430497059333e-05,-0.3506676210397416
67.42000000002427,-1.5,-1.5061609755226424,2.302621178104937e-05,2.2787563969205047e-05,-0.32985238378669124
67.44000000002423,-1.5,-1.506151143641278,2.290285371056545e-05,2.2804329694850343e-05,-0.3115471997873486
67.46000000002418,-1.5,-1.5061373452928526,2.2727610911102844e-05,2.2804654869924307e-05,-0.29922939212791255
67.48000000002413,-1.5,-1.506116166868542,2.2542841642763463e-05,2.2787306740867214e-05,-0.2951361531299368
67.50000000002409,-1.5,-1.506085584426684,2.2402732897468524e-05,2.2755886994170114e-05,-0.3004468266287149
67.52000000002404,-1.5,-1.5060465915283086,2.2354502178797315e-05,2.2718744311252418e-05,-0.3144303040391433
67.540000000024,-1.5,-1.5060027003269454,2.239172116837539e-05,2.268537626337621e-05,-0.3341187485567733
67.56000000002395,-1.5,-1.5059571856838074,2.248928745139825e-05,2.2662059568344853e-05,-0.35525918153642116
67.5800000000239,-1.5,-1.5059138510761272,2.2640375000770254e-05,2.2653235705140256e-05,-0.37273144916363565
67.60000000002385,-1.5,-1.5058770677061846,2.28145772785714e-05,2.2661340661382995e-05,-0.38059888282682075
67.62000000002381,-1.5,-1.505849770560008,2.2958571251931144e-05,2.268409522380363e-05,-0.3760068755367213
67.64000000002376,-1.5,-1.5058318839814067,2.3036237247629702e-05,2.2715091618764914e-05,-0.3610194740964555
67.66000000002371,-1.5,-1.5058206825871874,2.303182971118238e-05,2.2746231034176367e-05,-0.3407373336489239
67.68000000002367,-1.5,-1.50581200947803,2.2944988241471663e-05,2.2769513033792927e-05,-0.320644495039306
67.70000000002362,-1.5,-1.505801426009343,2.279145213936022e-05,2.27785121249506e-05,-0.30497710148860363
67.72000000002357,-1.5,-1.5057850525214251,2.2605523464478264e-05,2.276990129925143e-05,-0.2965345173851426
67.74000000002353,-1.5,-1.5057600231394497,2.2436119361085835e-05,2.2744776132902892e-05,-0.29708271863135294
67.76000000002348,-1.5,-1.5057256107737214,2.2337839613065715e-05,2.2709257391046965e-05,-0.30696890923282816
67.78000000002343,-1.5,-1.5056844443296549,2.233648142768232e-05,2.2672994777063152e-05,-0.32427505173815
67.80000000002339,-1.5,-1.5056400309847153,2.2404970697989353e-05,2.2644010890996267e-05,-0.34526786602716014
67.82000000002334,-1.5,-1.50559576194343,2.2530459789962312e-05,2.2627422254795137e-05,-0.365300741553746
67.8400000000233,-1.5,-1.505555883746078,2.2699644505191096e-05,2.262698939309157e-05,-0.3786407067114402
67.86000000002325,-1.5,-1.5055243522591903,2.2864896707043376e-05,2.2643006432849618e-05,-0.3803208299291748
67.8800000000232,-1.5,-1.5055026678161687,2.2978843420231668e-05,2.2670835574019902e-05,-0.3700312907380773
67.90000000002316,-1.5,-1.5054892992367441,2.3016563653152094e-05,2.2702951135050058e-05,-0.35168683453658944
67.92000000002311,-1.5,-1.5054806496954642,2.2970126834159984e-05,2.273111335402275e-05,-0.33087414374015406
67.94000000002306,-1.5,-1.505472294024353,2.2846981382401316e-05,2.2747925428510297e-05,-0.31255502382708716
67.96000000002302,-1.5,-1.5054599890218343,2.267193336859735e-05,2.2748312142381962e-05,-0.30021156470217186
67.98000000002297,-1.5,-1.505440307951776,2.2487281171949686e-05,2.273103489916381e-05,-0.2960924612350256
68.00000000002292,-1.5,-1.5054112085327023,2.2347067088203646e-05,2.2699680196113085e-05,-0.3013875017599638
68.02000000002288,-1.5,-1.5053736671296252,2.2298354412677827e-05,2.2662566038054083e-05,-0.31536336348324795
68.04000000002283,-1.5,-1.5053311894992532,2.233508916860225e-05,2.2629172707546787e-05,-0.33504687574309683
68.06000000002278,-1.5,-1.5052870672799927,2.243250167898542e-05,2.2605804552068852e-05,-0.35618752481864896
68.08000000002274,-1.5,-1.505245121035293,2.258364122774641e-05,2.2596931697408282e-05,-0.3736692257876963
68.10000000002269,-1.5,-1.5052097310614325,2.2757983406497818e-05,2.260500259020369e-05,-0.38155588489571585
68.12000000002264,-1.5,-1.5051838380392597,2.290215759299284e-05,2.2627742096074043e-05,-0.3769884090101503
68.1400000000226,-1.5,-1.5051673712942613,2.2980024523834434e-05,2.2658743312031557e-05,-0.3620226242602801
68.16000000002255,-1.5,-1.5051576097927697,2.2975829298423863e-05,2.2689906961179904e-05,-0.3417507862539055
68.1800000000225,-1.5,-1.5051503989134858,2.2889205473931768e-05,2.2713231510616383e-05,-0.3216520632128766
68.20000000002246,-1.5,-1.505141298059381,2.2735881465098353e-05,2.2722289740301576e-05,-0.3059638155807818
68.22000000002241,-1.5,-1.5051264188071733,2.2550125369201077e-05,2.271375101364921e-05,-0.29749365681423556
68.24000000002236,-1.5,-1.5051028782492228,2.238075815976303e-05,2.2688701391055967e-05,-0.29802066953651374
68.26000000002232,-1.5,-1.505069931689419,2.2282188391090703e-05,2.265323865963215e-05,-0.30789605619705457
68.28000000002227,-1.5,-1.5050301933014527,2.2280273739955992e-05,2.2616981420388264e-05,-0.3251960483961537
68.30000000002222,-1.5,-1.504987176589184,2.234845062361668e-05,2.2587959445961477e-05,-0.34618584708962635
68.32000000002218,-1.5,-1.5049442926069005,2.2473913682191365e-05,2.2571323035967914e-05,-0.3662231210175964
68.34000000002213,-1.5,-1.5049058005386522,2.2643207777111515e-05,2.2570852630299577e-05,-0.3795775465967373
68.36000000002208,-1.5,-1.5048756630947953,2.2808627565356658e-05,2.2586849629864002e-05,-0.38128028528336994
68.38000000002204,-1.5,-1.5048553857868363,2.2922770373405037e-05,2.2614678339880798e-05,-0.3710148249866859
68.40000000002199,-1.5,-1.5048434422015269,2.296070201002273e-05,2.2646813147965895e-05,-0.35268712832666277
68.42000000002194,-1.5,-1.5048362390532497,2.2914484911398458e-05,2.2675013475941926e-05,-0.3318768553795405
68.4400000000219,-1.5,-1.5048293516611242,2.2791560657473477e-05,2.2691881180454826e-05,-0.3135437516983836
68.46000000002185,-1.5,-1.50481853178165,2.2616716163928408e-05,2.2692338655025178e-05,-0.30117465644192626
68.4800000000218,-1.5,-1.504800339616784,2.2432190144269502e-05,2.2675141489614457e-05,-0.2970297159413529
68.50000000002176,-1.5,-1.5047727146266188,2.229188066470447e-05,2.2643861053768732e-05,-0.30230910982422166
68.52000000002171,-1.5,-1.504736616034235,2.224269718594434e-05,2.2606784779636533e-05,-0.3162772995225631
68.54000000002166,-1.5,-1.5046955432021734,2.2278958775697645e-05,2.2573375708841217e-05,-0.33595579573955814
68.56000000002162,-1.5,-1.5046528044743828,2.237622714625919e-05,2.2549965706928633e-05,-0.3570965354841299
68.58000000002157,-1.5,-1.504612237423314,2.2527427188661916e-05,2.254105341107196e-05,-0.3745874818592828
68.60000000002152,-1.5,-1.5045782313918314,2.2701917129883985e-05,2.254909965299296e-05,-0.38249311598767854
68.62000000002148,-1.5,-1.5045537327223943,2.2846279057630144e-05,2.257183334680769e-05,-0.3779498895606907
68.64000000002143,-1.5,-1.5045386756938417,2.2924354345824827e-05,2.2602848456921296e-05,-0.3630054617000128
68.66000000002138,-1.5,-1.5045303436015747,2.292037890879582e-05,2.2634045257108357e-05,-0.3427437439733628
68.68000000002134,-1.5,-1.5045245840991266,2.283398033479139e-05,2.2657421142595234e-05,-0.32263906651728946
68.70000000002129,-1.5,-1.504516954661828,2.26808761725904e-05,2.2666547191715227e-05,-0.3069300027584427
68.72000000002124,-1.5,-1.504503558169055,2.249530071012973e-05,2.2658089169833364e-05,-0.2984323629721019
68.7400000000212,-1.5,-1.5044814947972676,2.232597930916629e-05,2.263312368436943e-05,-0.298938246983244
68.76000000002115,-1.5,-1.5044500023502783,2.2227130282535888e-05,2.259772567829021e-05,-0.3088028197691526
68.7800000000211,-1.5,-1.5044116803369934,2.2224671294614236e-05,2.2561482815486948e-05,-0.32609660920929157
68.80000000002106,-1.5,-1.5043700485370775,2.2292546422106292e-05,2.2532431990941032e-05,-0.34708330243212254
68.82000000002101,-1.5,-1.5043285377279654,2.241799207933715e-05,2.2515757065757744e-05,-0.3671248164866427
68.84000000002096,-1.5,-1.5042914196495094,2.2587403055066576e-05,2.2515258248433855e-05,-0.3804934575033984
68.86000000002092,-1.5,-1.5042626638034464,2.275299734890512e-05,2.2531244150122792e-05,-0.3822184991188767
68.88000000002087,-1.5,-1.5042437808381548,2.2867342900716468e-05,2.2559081161372557e-05,-0.3719767957224969
68.90000000002082,-1.5,-1.5042332490720056,2.29054925387893e-05,2.2591243745577166e-05,-0.3536656026846547
68.92000000002078,-1.5,-1.5042274787383654,2.2859501836454986e-05,2.2619490530485674e-05,-0.3328576196903188
68.94000000002073,-1.5,-1.5042220456510949,2.273680558224514e-05,2.2636422059560293e-05,-0.3145105534167954
68.96000000002068,-1.5,-1.5042126965783238,2.2562171631389854e-05,2.2636958366455515e-05,-0.3021159544144639
68.98000000002064,-1.5,-1.5041959787794936,2.2377779499740982e-05,2.2619849280643297e-05,-0.297945321261031
69.00000000002059,-1.5,-1.5041698136138413,2.2237384103260307e-05,2.2588651168695216e-05,-0.3032091285376928
69.02000000002054,-1.5,-1.5041351432892078,2.21877420987733e-05,2.2551621123088118e-05,-0.31716963044507895
69.0400000000205,-1.5,-1.5040954608048203,2.2223542737983442e-05,2.2518205066020002e-05,-0.3368430572423831
69.06000000002045,-1.5,-1.5040540910696478,2.2320676395208177e-05,2.249476215580391e-05,-0.35798377274086585
69.0800000000204,-1.5,-1.5040148885178308,2.2471944392502285e-05,2.2485819288626032e-05,-0.3754837506405049
69.10000000002036,-1.5,-1.503982251454466,2.2646588584032563e-05,2.2493849557606653e-05,-0.3834080443751281
69.12000000002031,-1.5,-1.503959131827468,2.2791144254478936e-05,2.2516585879135448e-05,-0.3788886991673882
69.14000000002027,-1.5,-1.503945468820465,2.2869433709928984e-05,2.254762307793196e-05,-0.3639652935540807
69.16000000002022,-1.5,-1.5039385500193394,2.2865683867823073e-05,2.2578860994397946e-05,-0.34371348394754264
69.18000000002017,-1.5,-1.5039342253390169,2.277951644084855e-05,2.260229597915787e-05,-0.32360281606961633
69.20000000002013,-1.5,-1.5039280503585204,2.2626638179791588e-05,2.2611497439948808e-05,-0.30787306686881477
69.22000000002008,-1.5,-1.5039161193600399,2.2441249856986718e-05,2.2603127587797773e-05,-0.2993481581567663
69.24000000002003,-1.5,-1.5038955157880871,2.22719821670364e-05,2.2578253677349546e-05,-0.2998330655550291
69.26000000001999,-1.5,-1.5038654601229187,2.2172864942171316e-05,2.2542928033109224e-05,-0.3096868655072456
69.28000000001994,-1.5,-1.5038285373356113,2.2169875121133146e-05,2.2506707672374694e-05,-0.326974432977114
69.30000000001989,-1.5,-1.503788273407106,2.2237459541031127e-05,2.2477636534950422e-05,-0.3479579529516985
69.32000000001985,-1.5,-1.5037481186334862,2.236289573704215e-05,2.246093169486761e-05,-0.36800354329139534
69.3400000000198,-1.5,-1.503712357173227,2.253242989286803e-05,2.2460412905829897e-05,-0.38138611117125387
69.36000000001975,-1.5,-1.5036849652406754,2.269820419875399e-05,2.2476395898318394e-05,-0.38313306855762025
69.3800000000197,-1.5,-1.5036674585599674,2.2812757625061098e-05,2.250424912042256e-05,-0.3729147197274446
69.40000000001966,-1.5,-1.5036583201270854,2.2851130277965897e-05,2.2536447116832584e-05,-0.35461972159215
69.42000000001961,-1.5,-1.503653963659155,2.28053710167916e-05,2.2564747744880868e-05,-0.33381390182740533
69.44000000001957,-1.5,-1.503649965469385,2.2682907913138402e-05,2.2581750265936396e-05,-0.31545295675063695
69.46000000001952,-1.5,-1.5036420674091155,2.2508489935064922e-05,2.258237239217272e-05,-0.30303309215580065
69.48000000001947,-1.5,-1.5036268039633047,2.2324238097312738e-05,2.2565358267082618e-05,-0.29883701633160914
69.50000000001943,-1.5,-1.5036020786166286,2.218376579963213e-05,2.2534249436156007e-05,-0.30408536369938394
69.52000000001938,-1.5,-1.503568816754208,2.2133678523011594e-05,2.2497273002137554e-05,-0.3180381989870205
69.54000000001933,-1.5,-1.5035305050685788,2.21690314242832e-05,2.246385795616535e-05,-0.33770653095720765
69.56000000001929,-1.5,-1.5034904848308026,2.2266039564537742e-05,2.2440390420890965e-05,-0.3588471174839442
69.58000000001924,-1.5,-1.5034526271259967,2.2417382001684207e-05,2.243142519338666e-05,-0.37635589049234647
69.6000000000192,-1.5,-1.5034213391038092,2.2592185648627666e-05,2.2439447459648655e-05,-0.38429847080408747
69.62000000001915,-1.5,-1.5033995782408123,2.2736939643298158e-05,2.2462194077910728e-05,-0.37980256178895977
69.6400000000191,-1.5,-1.5033872885586614,2.281544757898711e-05,2.249326072271267e-05,-0.3648997772229326
69.66000000001905,-1.5,-1.503381761878833,2.281192758839713e-05,2.2524546817446757e-05,-0.3446576372176713
69.680000000019,-1.5,-1.5033788503549503,2.2725995620388776e-05,2.254804769758705e-05,-0.3245409739149228
69.70000000001896,-1.5,-1.5033741077068887,2.2573347739030868e-05,2.255733113602355e-05,-0.3087907536224924
69.72000000001891,-1.5,-1.5033636197502334,2.2388151621800405e-05,2.2549055845371476e-05,-0.30023889475218546
69.74000000001887,-1.5,-1.5033444534417153,2.221894458840144e-05,2.2524279861367343e-05,-0.3007030607759512
69.76000000001882,-1.5,-1.503315812177819,2.2119570450027892e-05,2.248903319856186e-05,-0.3105461750363002
69.78000000001877,-1.5,-1.5032802665731486,2.2116064498910915e-05,2.2452842631423927e-05,-0.3278275316646591
69.80000000001873,-1.5,-1.5032413487138552,2.2183369593386394e-05,2.2423759042333814e-05,-0.34880783111165287
69.82000000001868,-1.5,-1.5032025281398527,2.2308803601273304e-05,2.2407032250142536e-05,-0.3688573296739642
69.84000000001863,-1.5,-1.5031681012467475,2.247846611143543e-05,2.2406501261295203e-05,-0.3822534975816402
69.86000000001859,-1.5,-1.5031420508590796,2.264442462203467e-05,2.2422488810276384e-05,-0.3840219175160777
69.88000000001854,-1.5,-1.5031258976978106,2.2759189645528035e-05,2.2450365367931473e-05,-0.373826449683783
69.9000000000185,-1.5,-1.5031181293658455,2.279778885901497e-05,2.248260556478296e-05,-0.3555472910886195
69.92000000001845,-1.5,-1.5031151630159454,2.2752264573846198e-05,2.251096651267781e-05,-0.33474350942512
69.9400000000184,-1.5,-1.503112575462503,2.2630038243190324e-05,2.2528046224934164e-05,-0.3163688258334307
69.96000000001835,-1.5,-1.5031061037277467,2.2455840192188295e-05,2.2528760137699453e-05,-0.3039240288304131
69.98000000001831,-1.5,-1.5030922697337024,2.2271733836262286e-05,2.2511846802241295e-05,-0.29970285513065925
70.00000000001826,-1.5,-1.5030689593783761,2.213119319224596e-05,2.2480833176220157e-05,-0.3049359292491441
70.00000000001826,-1.0,-1.5030689593783761,2.213119319224596e-05,2.2480833176220157e-05,-0.3049359292491441
70.02000000001821,-1.0,-1.5030369919559419,4e-05,2.2680833176220155e-05,-0.3188677937721877
70.04000000001817,-1.0,-1.502999416123246,4e-05,2.2880833176220153e-05,-0.3384398046786447
70.06000000001812,-1.0,-1.5029591182607134,4e-05,2.308083317622015e-05,-0.3593389749322229
70.08000000001807,-1.0,-1.5029195621129938,4e-05,2.328083317622015e-05,-0.37639716986257127
70.10000000001803,-1.0,-1.5028847983056515,4e-05,2.3480833176220147e-05,-0.3836253166919224
70.12000000001798,-1.0,-1.5028574875450769,4e-05,2.3680833176220145e-05,-0.37811545583447803
70.14000000001793,-1.0,-1.5028373271527249,4e-05,2.3880833176220143e-05,-0.3618870171727534
70.16000000001789,-1.0,-1.5028213905096102,4e-05,2.408083317622014e-05,-0.3400149745858391
70.18000000001784,-1.0,-1.5028053198836133,4e-05,2.428083317622014e-05,-0.31797879765518805
70.2000000000178,-1.0,-1.5027844620458404,4e-05,2.4480833176220137e-05,-0.3000242762990157
70.22000000001775,-1.0,-1.5027547178475333,4e-05,2.4680833176220136e-05,-0.2889627352998529
70.2400000000177,-1.0,-1.5027130462726452,4e-05,2.4880833176220134e-05,-0.2865616726933343
70.26000000001765,-1.0,-1.5026586955732937,4e-05,2.5080833176220132e-05,-0.2931584531690015
70.28000000001761,-1.0,-1.5025944189102236,4e-05,2.528083317622013e-05,-0.30683356282355106
70.30000000001756,-1.0,-1.502523526232868,4e-05,2.5480833176220128e-05,-0.32379069796519355
70.32000000001752,-1.0,-1.502448874890993,4e-05,2.5680833176220126e-05,-0.339255061466167
70.34000000001747,-1.0,-1.5023742799590065,4e-05,2.5880833176220124e-05,-0.34741011117823783
70.36000000001742,-1.0,-1.502303429638531,4e-05,2.6080833176220122e-05,-0.34330772492179
70.38000000001738,-1.0,-1.5022376561824082,4e-05,2.628083317622012e-05,-0.3267438677008457
70.40000000001733,-1.0,-1.5021753036723955,4e-05,2.648083317622012e-05,-0.3017934838602461
70.42000000001728,-1.0,-1.5021126674733725,4e-05,2.6680833176220116e-05,-0.27420760057071275
70.44000000001724,-1.0,-1.5020452425697448,4e-05,2.6880833176220114e-05,-0.24905864077625475
70.46000000001719,-1.0,-1.5019687903460959,4e-05,2.7080833176220113e-05,-0.22983135794850326
70.48000000001714,-1.0,-1.501880087642766,4e-05,2.728083317622011e-05,-0.21864065192746676
70.5000000000171,-1.0,-1.5017775963938638,4e-05,2.748083317622011e-05,-0.21651369816571026
70.52000000001705,-1.0,-1.50166310751673,4e-05,2.7680833176220107e-05,-0.22276523243673646
70.540000000017,-1.0,-1.5015405237306745,4e-05,2.7880833176220105e-05,-0.23448295431545563
70.56000000001696,-1.0,-1.501412184565757,4e-05,2.8080833176220103e-05,-0.24717211638097256
70.58000000001691,-1.0,-1.501280824087627,4e-05,2.82808331762201e-05,-0.25543932157789956
70.60000000001686,-1.0,-1.5011502040733575,4e-05,2.84808331762201e-05,-0.2533051009749025
70.62000000001682,-1.0,-1.5010229323524424,4e-05,2.8680833176220097e-05,-0.23813352664779144
70.64000000001677,-1.0,-1.5008987258415376,4e-05,2.8880833176220095e-05,-0.2123859967000364
70.66000000001672,-1.0,-1.5007747135217933,4e-05,2.9080833176220093e-05,-0.18160343444501703
70.68000000001668,-1.0,-1.5006466833467809,4e-05,2.928083317622009e-05,-0.1515947235494982
70.70000000001663,-1.0,-1.5005103192664697,4e-05,2.948083317622009e-05,-0.12666390383455173
70.72000000001658,-1.0,-1.5003622002285657,4e-05,2.9680833176220088e-05,-0.10932959569756627
70.74000000001654,-1.0,-1.5002004550533474,4e-05,2.9880833176220086e-05,-0.10077815781102877
70.76000000001649,-1.0,-1.5000256570616814,4e-05,3.0080833176220084e-05,-0.10113068671489447
70.78000000001644,-1.0,-1.4998416808499642,4e-05,3.0280833176220082e-05,-0.10869969245947647
70.8000000000164,-1.0,-1.4996514490926836,4e-05,3.048083317622008e-05,-0.11965476970514062
70.82000000001635,-1.0,-1.4994564685867553,4e-05,3.0680833176220105e-05,-0.1288638620159739
70.8400000000163,-1.0,-1.4992596937574323,4e-05,3.088083317622014e-05,-0.1303213954330747
70.86000000001626,-1.0,-1.4990643961479009,4e-05,3.108083317622017e-05,-0.1192600550409052
70.88000000001621,-1.0,-1.498871652688703,4e-05,3.12808331762202e-05,-0.09598829526845866
70.90000000001616,-1.0,-1.498679626012104,4e-05,3.148083317622023e-05,-0.06523765124735481
70.92000000001612,-1.0,-1.4984845615315503,4e-05,3.1680833176220265e-05,-0.03330491574806509
70.94000000001607,-1.0,-1.498282149136579,4e-05,3.18808331762203e-05,-0.005467476216947747
70.96000000001602,-1.0,-1.4980687320480144,4e-05,3.208083317622033e-05,0.015087085938150772
70.98000000001598,-1.0,-1.4978422232077677,4e-05,3.228083317622036e-05,0.027076869861717076
71.00000000001593,-1.0,-1.4976025129706672,4e-05,3.248083317622039e-05,0.030311889250292795
71.02000000001588,-1.0,-1.497352421326905,4e-05,3.2680833176220425e-05,0.025460129858249546
71.04000000001584,-1.0,-1.497095974422094,4e-05,3.288083317622046e-05,0.015166330154044677
71.06000000001579,-1.0,-1.496834371136669,4e-05,3.308083317622049e-05,0.0041398880503715875
71.08000000001574,-1.0,-1.4965692083274644,4e-05,3.328083317622052e-05,-0.0019195923803540932
71.1000000000157,-1.0,-1.496303613021824,4e-05,3.348083317622055e-05,0.0029624677643210126
71.12000000001565,-1.0,-1.496039778740399,4e-05,3.3680833176220585e-05,0.020973085698379045
71.1400000000156,-1.0,-1.4957770733606615,4e-05,3.388083317622062e-05,0.04888454740746263
71.16000000001556,-1.0,-1.4955123817239175,4e-05,3.408083317622065e-05,0.0803796585777145
71.18000000001551,-1.0,-1.4952414888502001,4e-05,3.428083317622068e-05,0.10919049752003655
71.20000000001546,-1.0,-1.4949604662521734,4e-05,3.448083317622071e-05,0.13111667965146726
71.22000000001542,-1.0,-1.4946668355988133,4e-05,3.4680833176220745e-05,0.14442219934390924
71.24000000001537,-1.0,-1.494360270266124,4e-05,3.4880833176220777e-05,0.14921520921723083
71.26000000001532,-1.0,-1.4940424618114474,4e-05,3.508083317622081e-05,0.14591407723883396
71.28000000001528,-1.0,-1.4937176039959679,4e-05,3.528083317622084e-05,0.13589526159341475
71.30000000001523,-1.0,-1.4933879985497145,4e-05,3.548083317622087e-05,0.12286461247737893
71.32000000001518,-1.0,-1.4930540925373044,4e-05,3.5680833176220904e-05,0.11222423538727841
71.34000000001514,-1.0,-1.4927180910447242,4e-05,3.5880833176220936e-05,0.11014096557256933
71.36000000001509,-1.0,-1.4923827769306497,4e-05,3.608083317622097e-05,0.12112962465266394
71.38000000001504,-1.0,-1.492048789478496,4e-05,3.6280833176221e-05,0.14416541858138252
71.400000000015,-1.0,-1.4917138909884697,4e-05,3.648083317622103e-05,0.17360382847673997
71.42000000001495,-1.0,-1.4913740966071196,4e-05,3.6680833176221064e-05,0.2024272538011317
71.4400000000149,-1.0,-1.491025206834924,4e-05,3.6880833176221096e-05,0.22516138346329567
71.46000000001486,-1.0,-1.4906641987151965,4e-05,3.708083317622113e-05,0.2391496504303292
71.48000000001481,-1.0,-1.4902902980122967,4e-05,3.728083317622116e-05,0.24438138766766954
71.50000000001477,-1.0,-1.4899048307655105,4e-05,3.748083317622119e-05,0.24188866379251664
71.52000000001472,-1.0,-1.4895110684066502,4e-05,3.7680833176221224e-05,0.23235973134133073
71.54000000001467,-1.0,-1.4891126898177993,4e-05,3.7880833176221256e-05,0.2180424265998323
71.56000000001463,-1.0,-1.48871020628411,4e-05,3.807960832575379e-05,0.2037029795968026
71.58000000001458,-1.0,-1.488304526717404,4e-05,3.826323219281557e-05,0.19526255568767448
71.60000000001453,-1.0,-1.487898319165988,4e-05,3.8429298326730047e-05,0.19865911593493343
71.62000000001449,-1.0,-1.4874934086808556,4e-05,3.857948556150832e-05,0.21554925996251031
71.64000000001444,-1.0,-1.48708880026196,4e-05,3.8715312204536927e-05,0.24179425003313734
71.66000000001439,-1.0,-1.486681105003569,4e-05,3.883815138580062e-05,0.2701637293970322
71.68000000001435,-1.0,-1.486266096687839,4e-05,3.894924493944425e-05,0.29387297187134653
71.7000000000143,-1.0,-1.4858402849072143,4e-05,3.904971595800858e-05,0.30887826790305695
71.72000000001425,-1.0,-1.4854022599782164,4e-05,3.914058014625606e-05,0.31438012525953307
71.7400000000142,-1.0,-1.4849533595914872,4e-05,3.922275608936729e-05,0.311979455457765
71.76000000001416,-1.0,-1.4844962184089001,4e-05,3.9297074539314025e-05,0.30268809742052655
71.78000000001411,-1.0,-1.484034969317288,4e-05,3.93642868132883e-05,0.287527022179032
71.80000000001407,-1.0,-1.4835716448468208,4e-05,3.942507238909122e-05,0.2699308660858593
71.82000000001402,-1.0,-1.483106477146636,4e-05,3.948004577426646e-05,0.25540124691470517
71.84000000001397,-1.0,-1.4826414720783687,4e-05,3.95297627184215e-05,0.25017897682623674
71.86000000001393,-1.0,-1.4821792389777697,4e-05,3.957472583153954e-05,0.2585014580219055
71.88000000001388,-1.0,-1.4817201832874378,4e-05,3.961538966508009e-05,0.2786229248023108
71.90000000001383,-1.0,-1.4812618046005719,4e-05,3.96521653072353e-05,0.3039989159560845
71.92000000001379,-1.0,-1.4807999747354221,4e-05,3.9685424538797404e-05,0.32692616804516056
71.94000000001374,-1.0,-1.480330651029889,4e-05,3.971550359165075e-05,0.3417775092272026
71.9600000000137,-1.0,-1.4798514503799427,4e-05,3.9742706547884564e-05,0.34644603466133356
71.98000000001365,-1.0,-1.4793628298417227,4e-05,3.976730841388966e-05,0.34215118478792084
72.0000000000136,-1.0,-1.4788673049825307,4e-05,3.9789557900516456e-05,0.33105322164311995
72.02000000001355,-1.0,-1.4783682559769489,4e-05,3.9809679937399865e-05,0.3138350663340968
72.0400000000135,-1.0,-1.4778690057694759,4e-05,3.9827877946869884e-05,0.29231669897342905
72.06000000001346,-1.0,-1.4773700430038796,4e-05,3.9844335900435416e-05,0.27115592881177897
72.08000000001341,-1.0,-1.4768722634401978,4e-05,3.98592201786314e-05,0.2563366185027033
72.10000000001337,-1.0,-1.4763782314128848,4e-05,3.98726812530313e-05,0.253747118693624
72.12000000001332,-1.0,-1.4758895444554403,4e-05,3.9884855207428935e-05,0.2646679149336188
72.14000000001327,-1.0,-1.475404859609874,4e-05,3.989586511356812e-05,0.2843200913828092
72.16000000001323,-1.0,-1.474920420771793,4e-05,3.990582227532793e-05,0.3048621044757952
72.18000000001318,-1.0,-1.474431767265013,4e-05,3.9914827353941465e-05,0.31922547150834013
72.20000000001313,-1.0,-1.4739354597127028,4e-05,3.992297138562359e-05,0.32359247410759007
72.22000000001309,-1.0,-1.47343054602234,4e-05,3.993033670189521e-05,0.31793737847401893
72.24000000001304,-1.0,-1.472919141191403,4e-05,3.9936997761908026e-05,0.3049771652616472
72.260000000013,-1.0,-1.472404043365242,4e-05,3.9943021905184176e-05,0.28612649252074007
72.28000000001295,-1.0,-1.4718889442592367,4e-05,3.994847003238042e-05,0.2621228644560092
72.3000000000129,-1.0,-1.4713756048814444,4e-05,3.995339722095907e-05,0.23613876863503264
72.32000000001285,-1.0,-1.4708641975603929,4e-05,3.9957853281989795e-05,0.21365654459496403
72.34000000001281,-1.0,-1.4703565928254176,4e-05,3.996188326371112e-05,0.2009516910685318
72.36000000001276,-1.0,-1.4698551681014793,4e-05,3.99655279069425e-05,0.20217550199200035
72.38000000001271,-1.0,-1.46935999270329,4e-05,3.996882405695076e-05,0.21527551892523777
72.40000000001267,-1.0,-1.4688681634869163,4e-05,3.997180503593478e-05,0.23331142060733415
72.42000000001262,-1.0,-1.4683751694295446,4e-05,3.9974500979893895e-05,0.24830841294888764
72.44000000001257,-1.0,-1.4678767113806501,4e-05,3.9976939143285754e-05,0.2546501660394691
72.46000000001253,-1.0,-1.4673703887763652,4e-05,3.997914417455329e-05,0.250580544582364
72.48000000001248,-1.0,-1.4668569281273154,4e-05,3.998113836530647e-05,0.23796146117904893
72.50000000001243,-1.0,-1.466339098275343,4e-05,3.99829418756778e-05,0.21947117874104188
72.52000000001239,-1.0,-1.4658201441287348,4e-05,3.998457293812973e-05,0.19571391452384085
72.54000000001234,-1.0,-1.4653032143872047,4e-05,3.998604804177447e-05,0.1682289569709231
72.5600000000123,-1.0,-1.4647888222219885,4e-05,3.998738209906955e-05,0.14155790475479454
72.58000000001225,-1.0,-1.4642778540420567,4e-05,3.9988588596574276e-05,0.12168200652090007
72.6000000000122,-1.0,-1.4637727812647034,4e-05,3.9989679731291076e-05,0.11450248207153123
72.62000000001215,-1.0,-1.4632750368160314,4e-05,3.999066653397037e-05,0.12122641637279805
72.64000000001211,-1.0,-1.4627830383688214,4e-05,3.99915589806251e-05,0.13691261120639836
72.66000000001206,-1.0,-1.4622927340680778,4e-05,3.999236609338253e-05,0.1535664561619456
72.68000000001201,-1.0,-1.4617993576480839,4e-05,3.9993096031692873e-05,0.16407151954264382
72.70000000001197,-1.0,-1.4612992337169033,4e-05,3.99937561748166e-05,0.16470660712632573
72.72000000001192,-1.0,-1.4607913192812978,4e-05,3.999435319642465e-05,0.15566753888018478
72.74000000001188,-1.0,-1.460277772385436,4e-05,3.9994893132065365e-05,0.13993405986133658
72.76000000001183,-1.0,-1.459761409835809,4e-05,3.999538144018047e-05,0.11894135069579571
72.78000000001178,-1.0,-1.4592459634794908,4e-05,3.999582305728686e-05,0.09326122551086609
72.80000000001174,-1.0,-1.458733324032948,4e-05,3.99962224478819e-05,0.06593184556132604
72.82000000001169,-1.0,-1.4582237537538227,4e-05,3.9996583649576986e-05,0.042394718936738705
72.84000000001164,-1.0,-1.4577191201402773,4e-05,3.9996910313915476e-05,0.02893875496668551
72.8600000000116,-1.0,-1.4572217586978156,4e-05,3.9997205743287746e-05,0.029741747448998046
72.88000000001155,-1.0,-1.456731660129821,4e-05,3.9997472924316465e-05,0.042759387639242814
72.9000000000115,-1.0,-1.4562457813962288,4e-05,3.999771455804961e-05,0.06104935262697187
72.92000000001146,-1.0,-1.4557593984080939,4e-05,3.999793308726659e-05,0.07664550184562827
72.94000000001141,-1.0,-1.4552679527480021,4e-05,3.999813072117329e-05,0.083953419204484
72.96000000001136,-1.0,-1.454768799434866,4e-05,3.999830945773593e-05,0.08123017980510139
72.98000000001132,-1.0,-1.454262473316671,4e-05,3.9998471103879335e-05,0.07031137598517652
73.00000000001127,-1.0,-1.453751654451914,4e-05,3.9998617293753926e-05,0.05380099467141775
73.02000000001122,-1.0,-1.453239692145375,4e-05,3.999874950525604e-05,0.032213205807143444
73.04000000001118,-1.0,-1.4527299614267213,4e-05,3.999886907496867e-05,0.007023723099674494
73.06000000001113,-1.0,-1.452223140577541,4e-05,3.99989772116735e-05,-0.01726401940419083
73.08000000001108,-1.0,-1.451720160280986,4e-05,3.9999075008570984e-05,-0.03467282568397396
73.10000000001104,-1.0,-1.451223496810531,4e-05,3.999916345433206e-05,-0.039270671933230784
73.12000000001099,-1.0,-1.4507345926661344,4e-05,3.999924344309298e-05,-0.02978108729377254
73.14000000001094,-1.0,-1.450251854211205,4e-05,3.9999315783494576e-05,-0.011048321027134596
73.1600000000109,-1.0,-1.4497711544762861,4e-05,3.999938120685708e-05,0.009025721340479175
73.18000000001085,-1.0,-1.4492875668070202,4e-05,3.9999440374573404e-05,0.02337560329393654
73.2000000000108,-1.0,-1.4487971914006006,4e-05,3.999949388479547e-05,0.028251903485784755
73.22000000001076,-1.0,-1.448298732250561,4e-05,3.999954227848113e-05,0.023714947398059884
73.24000000001071,-1.0,-1.44779410567684,4e-05,3.999958604486298e-05,0.012519169018528611
73.26000000001066,-1.0,-1.4472861237020591,4e-05,3.9999625626394225e-05,-0.0040297272836110265
73.28000000001062,-1.0,-1.4467787384476976,4e-05,3.999966142322159e-05,-0.025364257466528387
73.30000000001057,-1.0,-1.4462740513061556,4e-05,3.999969379723058e-05,-0.04843183244892193
73.32000000001052,-1.0,-1.4457723999316083,4e-05,3.999972307570402e-05,-0.06779332758887412
73.34000000001048,-1.0,-1.4452756631864103,4e-05,3.999974955463058e-05,-0.07714697290940574
73.36000000001043,-1.0,-1.4447862038093915,4e-05,3.999977350169712e-05,-0.07226427123705022
73.38000000001038,-1.0,-1.4443040593875411,4e-05,3.9999795158994856e-05,-0.05507860068425237
73.40000000001034,-1.0,-1.4438262132245496,4e-05,3.999981474546672e-05,-0.032397902433369555
73.42000000001029,-1.0,-1.4433479043645732,4e-05,3.999983245912078e-05,-0.012090365591268843
73.44000000001024,-1.0,-1.4428644591046524,4e-05,3.9999848479032e-05,0.00025837094778341534
73.4600000000102,-1.0,-1.4423730484086457,4e-05,3.999986296715255e-05,0.002791305090417093
73.48000000001015,-1.0,-1.4418739695172382,4e-05,3.999987606994908e-05,-0.0028955927222822473
73.5000000000101,-1.0,-1.441369749674334,4e-05,3.9999887919883406e-05,-0.014422745098073977
73.52000000001006,-1.0,-1.4408638476714657,4e-05,3.999989863675159e-05,-0.03129758646734457
73.54000000001001,-1.0,-1.4403598328107248,4e-05,3.999990832889508e-05,-0.05197712359210013
73.56000000000996,-1.0,-1.4398584713977016,4e-05,3.999991709429592e-05,-0.07193246795843594
73.58000000000992,-1.0,-1.4393607040876844,4e-05,3.9999925021567314e-05,-0.08517847843422446
73.60000000000987,-1.0,-1.4388690192234388,4e-05,3.999993219084947e-05,-0.08576521425711002
73.62000000000982,-1.0,-1.4383849046656751,4e-05,3.9999938674619743e-05,-0.07234874932402786
73.64000000000978,-1.0,-1.4379068280748948,4e-05,3.999994453842536e-05,-0.049658067905290336
73.66000000000973,-1.0,-1.4374307039404317,4e-05,3.9999949841546034e-05,-0.02548521970126296
73.68000000000968,-1.0,-1.4369515978683456,4e-05,3.999995463759333e-05,-0.006847345512105553
73.70000000000964,-1.0,-1.4364655406527869,4e-05,3.999995897505254e-05,0.0024566294636536702
73.72000000000959,-1.0,-1.43597110299493,4e-05,3.99999628977729e-05,0.0023299096719867937
73.74000000000954,-1.0,-1.4354700329133758,4e-05,3.9999966445410876e-05,-0.0046977476675573076
73.7600000000095,-1.0,-1.4349651268081494,4e-05,3.999996965383106e-05,-0.017401806200886587
73.78000000000945,-1.0,-1.4344604453996115,4e-05,3.999997255546876e-05,-0.03515350152501448
73.8000000000094,-1.0,-1.4339581622247008,4e-05,3.999997517965789e-05,-0.05483988991512928
73.82000000000936,-1.0,-1.4334586193597119,4e-05,3.999997755292751e-05,-0.07100457357892632
73.84000000000931,-1.0,-1.432963691189649,4e-05,3.999997969927001e-05,-0.07734031392609618
73.86000000000926,-1.0,-1.4324757607263303,4e-05,3.999998164038369e-05,-0.06959885314224339
73.88000000000922,-1.0,-1.4319949127905212,4e-05,3.99999833958921e-05,-0.04965198057067713
73.90000000000917,-1.0,-1.431518188836262,4e-05,3.9999984983542443e-05,-0.024228302761858694
73.92000000000913,-1.0,-1.4310408756297015,4e-05,3.999998641938496e-05,-0.0011414940438037417
73.94000000000908,-1.0,-1.4305583186017103,4e-05,3.9999987717935186e-05,0.014020802633775345
73.96000000000903,-1.0,-1.4300676637700458,4e-05,3.999998889232074e-05,0.019331543522823305
73.98000000000899,-1.0,-1.429569135287125,4e-05,3.999998995441398e-05,0.016258439370650645
74.00000000000894,-1.0,-1.4290652008304294,4e-05,3.999999091495206e-05,0.007079475211813281
74.02000000000889,-1.0,-1.4285593408326573,4e-05,3.99999917836455e-05,-0.00769032211873873
74.04000000000885,-1.0,-1.4280551498815923,4e-05,3.9999992569276276e-05,-0.026443670736525222
74.0600000000088,-1.0,-1.4275533815120045,4e-05,3.999999327978666e-05,-0.04462135762715019
74.08000000000875,-1.0,-1.4270549608728842,4e-05,3.999999392235951e-05,-0.05623079152042624
74.1000000000087,-1.0,-1.4265623762804982,4e-05,3.999999450349087e-05,-0.055322886879659
74.12000000000866,-1.0,-1.4260771342557803,4e-05,3.9999995029055686e-05,-0.04054053192966529
74.14000000000861,-1.0,-1.4255977388961172,4e-05,3.9999995504367066e-05,-0.01658189109328595
74.16000000000857,-1.0,-1.4251201536092366,4e-05,3.9999995934230154e-05,0.00879028895746195
74.18000000000852,-1.0,-1.4246394963110758,4e-05,3.999999632299063e-05,0.028568022007856596
74.20000000000847,-1.0,-1.4241518386275664,4e-05,3.999999667457864e-05,0.03893450225306016
74.22000000000843,-1.0,-1.423655766483145,4e-05,3.999999699254852e-05,0.039753017055330735
74.24000000000838,-1.0,-1.4231530196704945,4e-05,3.999999728011479e-05,0.03350836456604016
74.26000000000833,-1.0,-1.4226463862639054,4e-05,3.999999754018458e-05,0.021427811885665813
74.28000000000829,-1.0,-1.4221399048525618,4e-05,3.999999777538702e-05,0.004178112600876254
74.30000000000824,-1.0,-1.4216357098452361,4e-05,3.9999997988099896e-05,-0.015097468287761503
74.32000000000819,-1.0,-1.4211341157776913,4e-05,3.9999998180473615e-05,-0.03093106522953649
74.34000000000815,-1.0,-1.4206369880079377,4e-05,3.999999835445295e-05,-0.03701678948138086
74.3600000000081,-1.0,-1.4201467092825075,4e-05,3.999999851179674e-05,-0.029113875895494898
74.38000000000805,-1.0,-1.4196633728002372,4e-05,3.999999865409564e-05,-0.009100318161573365
74.400000000008,-1.0,-1.4191840427104871,4e-05,3.999999878278822e-05,0.01629040388340795
74.42000000000796,-1.0,-1.4187040464711083,4e-05,3.9999998899175494e-05,0.039239047471234564
74.44000000000791,-1.0,-1.41821878346474,4e-05,3.999999900443404e-05,0.05415336895486834
74.46000000000787,-1.0,-1.417725454373446,4e-05,3.9999999099627995e-05,0.059108949774716125
74.48000000000782,-1.0,-1.4172243307258083,4e-05,3.999999918571969e-05,0.05559025377038568
74.50000000000777,-1.0,-1.4167179035827322,4e-05,3.999999926357948e-05,0.04590222646243109
74.52000000000773,-1.0,-1.4162096234312196,4e-05,3.999999933399449e-05,0.030581722904163316
74.54000000000768,-1.0,-1.4157030243646938,4e-05,3.999999939767655e-05,0.011248242033709143
74.56000000000763,-1.0,-1.4151988181626491,4e-05,3.999999945526946e-05,-0.007530703863813005
74.58000000000759,-1.0,-1.4146979164302362,4e-05,3.9999999507355456e-05,-0.019760982651714727
74.60000000000754,-1.0,-1.4142028022503914,4e-05,3.999999955446111e-05,-0.019500505919678595
74.6200000000075,-1.0,-1.4137149752078915,4e-05,3.99999995970626e-05,-0.005410192102274193
74.64000000000745,-1.0,-1.4132329367929521,4e-05,3.999999963559064e-05,0.01778551964476939
74.6600000000074,-1.0,-1.4127526627516664,4e-05,3.999999967043471e-05,0.04229872611796016
74.68000000000735,-1.0,-1.4122693042716117,4e-05,3.9999999701947046e-05,0.061108127742543275
74.70000000000731,-1.0,-1.4117789833014152,4e-05,3.999999973044627e-05,0.07040540026650005
74.72000000000726,-1.0,-1.4112803457494316,4e-05,3.999999975622043e-05,0.07009087298572829
74.74000000000721,-1.0,-1.4107751912220419,4e-05,3.999999977953013e-05,0.06270954923857146
74.76000000000717,-1.0,-1.4102663087064757,4e-05,3.9999999800611e-05,0.04952172653344512
74.78000000000712,-1.0,-1.4097576815860668,4e-05,3.999999981967617e-05,0.03119309918359386
74.80000000000707,-1.0,-1.4092513931118316,4e-05,3.999999983691836e-05,0.010861680488737537
74.82000000000703,-1.0,-1.4087477397288706,4e-05,3.999999985251188e-05,-0.006004426629020698
74.84000000000698,-1.0,-1.4082485830619484,4e-05,3.99999998666144e-05,-0.013102041891303828
74.86000000000693,-1.0,-1.40775629776714,4e-05,3.9999999879368444e-05,-0.006202268222485449
74.88000000000689,-1.0,-1.4072709636230918,4e-05,3.9999999890902986e-05,0.012789466928279862
74.90000000000684,-1.0,-1.4067896355651455,4e-05,3.999999990133462e-05,0.037106112969855734
74.9200000000068,-1.0,-1.4063076464864717,4e-05,3.9999999910768796e-05,0.058904031366283326
74.94000000000675,-1.0,-1.4058204201004783,4e-05,3.99999999193009e-05,0.07258901409692774
74.9600000000067,-1.0,-1.4053251989018947,4e-05,3.999999992701718e-05,0.07626525878212713
74.98000000000665,-1.0,-1.4048223105491457,4e-05,3.999999993399565e-05,0.07147669753487794
75.00000000000661,-1.0,-1.4043142827709283,4e-05,3.999999994030684e-05,0.06058342294000933
75.02000000000656,-1.0,-1.4038045399054002,4e-05,3.9999999946014575e-05,0.044126563642659766
75.04000000000651,-1.0,-1.4032965704043732,4e-05,3.999999995117654e-05,0.023708066660263982
75.06000000000647,-1.0,-1.402791066214407,4e-05,3.999999995584494e-05,0.003888683343279525
75.08000000000642,-1.0,-1.4022889368568643,4e-05,3.999999996006696e-05,-0.009339365690589178
75.10000000000637,-1.0,-1.4017926622767236,4e-05,3.999999996388527e-05,-0.010037767991849413
75.12000000000633,-1.0,-1.4013037307086926,4e-05,3.999999996733849e-05,0.0031168281065947863
75.14000000000628,-1.0,-1.40082062799086,4e-05,3.999999997046151e-05,0.025372552173490256
75.16000000000624,-1.0,-1.4003393182391979,4e-05,3.999999997328591e-05,0.04891530154127458
75.18000000000619,-1.0,-1.3998549520949926,4e-05,3.9999999975840265e-05,0.06671236621605717
75.20000000000614,-1.0,-1.3993636654933734,4e-05,3.999999997815037e-05,0.07496736114041594
75.2200000000061,-1.0,-1.39886413393978,4e-05,3.9999999980239585e-05,0.07361797601795313
75.24000000000605,-1.0,-1.39835819558535,4e-05,3.999999998212903e-05,0.06526222569474507
75.260000000006,-1.0,-1.3978486431191415,4e-05,3.9999999983837815e-05,0.05117890960893995
75.28000000000596,-1.0,-1.397339435727306,4e-05,3.999999998538321e-05,0.03201842441586678
75.30000000000591,-1.0,-1.3968326414399685,4e-05,3.9999999986780834e-05,0.010903962996214822
75.32000000000586,-1.0,-1.39632855655953,4e-05,3.9999999988044824e-05,-0.0067006636899749695
75.34000000000582,-1.0,-1.395829043908818,4e-05,3.999999998918796e-05,-0.014493398631217123
75.36000000000577,-1.0,-1.395336473400608,4e-05,3.999999999022179e-05,-0.00824952179749176
75.38000000000572,-1.0,-1.3948509136151823,4e-05,3.999999999115676e-05,0.010111711742225258
75.40000000000568,-1.0,-1.394369405276668,4e-05,3.9999999992002345e-05,0.03380528885816231
75.42000000000563,-1.0,-1.393887268802869,4e-05,3.999999999276707e-05,0.05497529648443859
75.44000000000558,-1.0,-1.3933999215034512,4e-05,3.9999999993458666e-05,0.06802814764974542
75.46000000000554,-1.0,-1.3929046095435293,4e-05,3.9999999994084135e-05,0.0710839771408541
75.48000000000549,-1.0,-1.392401675543672,4e-05,3.999999999464979e-05,0.06571547670835197
75.50000000000544,-1.0,-1.3918936599615879,4e-05,3.999999999516137e-05,0.05430503360504403
75.5200000000054,-1.0,-1.391383983176392,4e-05,3.999999999562403e-05,0.0373878902971289
75.54000000000535,-1.0,-1.3908761299149075,4e-05,3.999999999604244e-05,0.016550883235228304
75.5600000000053,-1.0,-1.3903707964500778,4e-05,3.9999999996420855e-05,-0.0036524448030831125
75.58000000000526,-1.0,-1.3898688962480232,4e-05,3.999999999676309e-05,-0.017231614464281588
75.60000000000521,-1.0,-1.389372909368121,4e-05,3.99999999970726e-05,-0.018247886627353577
75.62000000000516,-1.0,-1.3888843199650085,4e-05,3.999999999735251e-05,-0.005380298553484271
75.64000000000512,-1.0,-1.3884016055970128,4e-05,3.999999999760566e-05,0.01661316134826762
75.66000000000507,-1.0,-1.3879207187316707,4e-05,3.999999999783459e-05,0.03991258278064217
75.68000000000502,-1.0,-1.3874367968590422,4e-05,3.999999999804165e-05,0.05748363921888811
75.70000000000498,-1.0,-1.3869459647961753,4e-05,3.9999999998228905e-05,0.06553374753521826
75.72000000000493,-1.0,-1.3864468924535662,4e-05,3.999999999839827e-05,0.06400843996805809
75.74000000000488,-1.0,-1.385941417762036,4e-05,3.999999999855143e-05,0.055513917427103716
75.76000000000484,-1.0,-1.3854323352724809,4e-05,3.999999999868994e-05,0.0413272123131502
75.78000000000479,-1.0,-1.3849236111328649,4e-05,3.999999999881521e-05,0.022090082053775367
75.80000000000474,-1.0,-1.3844173240770261,4e-05,3.99999999989285e-05,0.0009189780632901117
75.8200000000047,-1.0,-1.38391377730378,4e-05,3.999999999903096e-05,-0.016724912519642116
75.84000000000465,-1.0,-1.3834148357960525,4e-05,3.999999999912362e-05,-0.024539130819580677
75.8600000000046,-1.0,-1.382922869778708,4e-05,3.999999999920741e-05,-0.01829684358150983
75.88000000000456,-1.0,-1.3824379463599998,4e-05,3.9999999999283197e-05,8.505832922237595e-05
75.90000000000451,-1.0,-1.381957101379438,4e-05,3.999999999935173e-05,0.02382384106025147
75.92000000000446,-1.0,-1.3814756457521822,4e-05,3.999999999941373e-05,0.04506571400016684
75.94000000000442,-1.0,-1.380988983600805,4e-05,3.999999999946978e-05,0.05821821162162752
75.96000000000437,-1.0,-1.3804943471360294,4e-05,3.999999999952048e-05,0.06139987508821247
75.98000000000432,-1.0,-1.3799920661979874,4e-05,3.999999999956634e-05,0.05617750342993211
76.00000000000428,-1.0,-1.379484674630917,4e-05,3.999999999960782e-05,0.044925413152607965
76.02000000000423,-1.0,-1.3789756005639828,4e-05,3.999999999964532e-05,0.02817371443372575
76.04000000000418,-1.0,-1.378468344127562,4e-05,3.9999999999679235e-05,0.007507063054478033
76.06000000000414,-1.0,-1.3779636118223462,4e-05,3.9999999999709905e-05,-0.012522658605680014
76.08000000000409,-1.0,-1.3774623202783318,4e-05,3.999999999973764e-05,-0.0259252564656828
76.10000000000404,-1.0,-1.3769669508594806,4e-05,3.9999999999762726e-05,-0.026760246693792834
76.120000000004,-1.0,-1.3764789896992309,4e-05,3.999999999978541e-05,-0.013701993212772521
76.14000000000395,-1.0,-1.3759969154903584,4e-05,3.9999999999805924e-05,0.008498466468861958
76.1600000000039,-1.0,-1.375516678276562,4e-05,3.9999999999824484e-05,0.032027869509437104
76.18000000000386,-1.0,-1.3750334079553033,4e-05,3.999999999984126e-05,0.049855317692972155
76.20000000000381,-1.0,-1.3745432173528693,4e-05,3.999999999985644e-05,0.05818587009560287
76.22000000000376,-1.0,-1.3740447616456568,4e-05,3.999999999987016e-05,0.056955300413554226
76.24000000000372,-1.0,-1.3735398637701839,4e-05,3.9999999999882584e-05,0.04875422678715513
76.26000000000367,-1.0,-1.3730313179471016,4e-05,3.999999999989381e-05,0.034851505289448685
76.28000000000362,-1.0,-1.3725231037656016,4e-05,3.999999999990398e-05,0.015889662245353584
76.30000000000358,-1.0,-1.372017312170454,4e-05,3.999999999991315e-05,-0.0050131386822767025
76.32000000000353,-1.0,-1.3715142504983044,4e-05,3.999999999992145e-05,-0.022395618434735847
76.34000000000349,-1.0,-1.3710157845461726,4e-05,3.999999999992896e-05,-0.029954656693881008
76.36000000000344,-1.0,-1.3705242865582423,4e-05,3.999999999993577e-05,-0.02346054563198862
76.38000000000339,-1.0,-1.3700398271008116,4e-05,3.999999999994191e-05,-0.004823425211023343
76.40000000000335,-1.0,-1.3695594446094486,4e-05,3.999999999994747e-05,0.019182256476185856
76.4200000000033,-1.0,-1.3690784491846015,4e-05,3.9999999999952495e-05,0.04070869699529257
76.44000000000325,-1.0,-1.3685922396063772,4e-05,3.9999999999957035e-05,0.05416384957239506
76.4600000000032,-1.0,-1.3680980384035877,4e-05,3.999999999996115e-05,0.05765916394213038
76.48000000000316,-1.0,-1.3675961620784964,4e-05,3.999999999996486e-05,0.05274686334012525
76.50000000000311,-1.0,-1.3670891356688677,4e-05,3.9999999999968216e-05,0.041787908252275935
76.52000000000307,-1.0,-1.3665803934111473,4e-05,3.999999999997126e-05,0.025311637865843263
76.54000000000302,-1.0,-1.366073445984564,4e-05,3.999999999997401e-05,0.004907239124403974
76.56000000000297,-1.0,-1.36556900426855,4e-05,3.999999999997649e-05,-0.014871610672385658
76.58000000000293,-1.0,-1.3650679852340073,4e-05,3.999999999997874e-05,-0.028034219314300345
76.60000000000288,-1.0,-1.3645728709608613,4e-05,3.999999999998077e-05,-0.028639244918847524
76.62000000000283,-1.0,-1.3640851503181197,4e-05,3.999999999998261e-05,-0.01535737045864097
76.64000000000279,-1.0,-1.363603305858654,4e-05,3.999999999998427e-05,0.007066841748195987
76.66000000000274,-1.0,-1.3631232906814994,4e-05,3.999999999998577e-05,0.030826309293218963
76.68000000000269,-1.0,-1.3626402352586646,4e-05,3.9999999999987135e-05,0.048892791826191107
76.70000000000265,-1.0,-1.362150249601639,4e-05,3.999999999998837e-05,0.05746848733010227
76.7200000000026,-1.0,-1.3616519823168998,4e-05,3.999999999998948e-05,0.05648036397478758
76.74000000000255,-1.0,-1.3611472475421893,4e-05,3.999999999999048e-05,0.048506648097855175
76.7600000000025,-1.0,-1.3606388385862054,4e-05,3.999999999999139e-05,0.034812028502850416
76.78000000000246,-1.0,-1.3601307403272842,4e-05,3.999999999999222e-05,0.016042824460842424
76.80000000000241,-1.0,-1.3596250468192284,4e-05,3.999999999999296e-05,-0.004679182014030527
76.82000000000237,-1.0,-1.3591220651959754,4e-05,3.9999999999993634e-05,-0.021891638949503817
76.84000000000232,-1.0,-1.3586236609096927,4e-05,3.9999999999994243e-05,-0.02929117855792568
76.86000000000227,-1.0,-1.3581322072801063,4e-05,3.999999999999479e-05,-0.022647207256283858
76.88000000000223,-1.0,-1.3576477774831355,4e-05,3.999999999999529e-05,-0.0038667867633723554
76.90000000000218,-1.0,-1.357167413368012,4e-05,3.999999999999574e-05,0.020279658768955024
76.92000000000213,-1.0,-1.3566864282105828,4e-05,3.999999999999615e-05,0.041947056849584746
76.94000000000209,-1.0,-1.3562002227061896,4e-05,3.9999999999996513e-05,0.05554317994316337
76.96000000000204,-1.0,-1.3557060190240557,4e-05,3.999999999999685e-05,0.05917589197771372
76.980000000002,-1.0,-1.3552041306866192,4e-05,3.999999999999715e-05,0.05439104866436422
77.00000000000195,-1.0,-1.3546970800479672,4e-05,3.999999999999742e-05,0.04354479244931552
77.0200000000019,-1.0,-1.3541883019816383,4e-05,3.999999999999768e-05,0.027167982272452335
77.04000000000185,-1.0,-1.3536813074883887,4e-05,3.999999999999788e-05,0.00685333092516693
77.0600000000018,-1.0,-1.3531768061073441,4e-05,3.9999999999998086e-05,-0.012843781475460407
77.08000000000176,-1.0,-1.352675713798708,4e-05,3.999999999999829e-05,-0.02593225614825419
77.10000000000171,-1.0,-1.352180512571066,4e-05,3.999999999999844e-05,-0.026470910509985998
77.12000000000167,-1.0,-1.3516926921582855,4e-05,3.9999999999998573e-05,-0.013130041749525916
77.14000000000162,-1.0,-1.3512107369672457,4e-05,3.999999999999871e-05,0.009346948201310632
77.16000000000157,-1.0,-1.3507306028428208,4e-05,3.9999999999998845e-05,0.033154076276553306
77.18000000000153,-1.0,-1.3502474235236106,4e-05,3.999999999999898e-05,0.05126335405863699
77.20000000000148,-1.0,-1.3497573119743398,4e-05,3.9999999999999055e-05,0.059876192569096265
77.22000000000143,-1.0,-1.3492589185873731,4e-05,3.999999999999912e-05,0.05891810481774056
77.24000000000139,-1.0,-1.3487540580683237,4e-05,3.999999999999919e-05,0.0509659845146483
77.26000000000134,-1.0,-1.3482455233142872,4e-05,3.999999999999926e-05,0.0372852074103717
77.2800000000013,-1.0,-1.3477372971493957,4e-05,3.9999999999999326e-05,0.018524039356186416
77.30000000000125,-1.0,-1.34723147076031,4e-05,3.9999999999999393e-05,-0.0021942564068261655
77.3200000000012,-1.0,-1.3467283495609903,4e-05,3.999999999999946e-05,-0.019406732167761113
77.34000000000115,-1.0,-1.3462297984800857,4e-05,3.999999999999953e-05,-0.026810136187472352
77.36000000000111,-1.0,-1.3457381906945751,4e-05,3.99999999999996e-05,-0.02017445856392466
77.38000000000106,-1.0,-1.345253599596237,4e-05,3.9999999999999664e-05,-0.0014075347043676688
77.40000000000101,-1.0,-1.344773068060153,4e-05,3.999999999999967e-05,0.02271940509789209
77.42000000000097,-1.0,-1.3442919115608483,4e-05,3.999999999999967e-05,0.044360597588504004
77.44000000000092,-1.0,-1.3438055339900112,4e-05,3.999999999999967e-05,0.057923544729633916
77.46000000000087,-1.0,-1.3433111610379336,4e-05,3.999999999999967e-05,0.0615167183928471
77.48000000000083,-1.0,-1.3428091096060246,4e-05,3.999999999999967e-05,0.05668782186927597
77.50000000000078,-1.0,-1.3423019038626718,4e-05,3.999999999999967e-05,0.045795300621720963
77.52000000000073,-1.0,-1.3417929767024734,4e-05,3.999999999999967e-05,0.029371213114210766
77.54000000000069,-1.0,-1.3412858352455916,4e-05,3.999999999999967e-05,0.009008615006506055
77.56000000000064,-1.0,-1.3407811865451777,4e-05,3.999999999999967e-05,-0.01073679528131199
77.5800000000006,-1.0,-1.3402799458282941,4e-05,3.999999999999967e-05,-0.02387386955714396
77.60000000000055,-1.0,-1.3397845947821554,4e-05,3.999999999999967e-05,-0.02446185066692951
77.6200000000005,-1.0,-1.3392966225946639,4e-05,3.999999999999967e-05,-0.011172229597954511
77.64000000000046,-1.0,-1.3388145132797862,4e-05,3.999999999999967e-05,0.01124977994695188
77.66000000000041,-1.0,-1.3383342231295343,4e-05,3.999999999999967e-05,0.03499646251632355
77.68000000000036,-1.0,-1.3378508875956883,4e-05,3.999999999999967e-05,0.05303895432324091
77.70000000000032,-1.0,-1.3373606224775691,4e-05,3.999999999999967e-05,0.06157930288143536
77.72000000000027,-1.0,-1.3368620817581585,4e-05,3.999999999999967e-05,0.06054555273734905
77.74000000000022,-1.0,-1.336357083869826,4e-05,3.999999999999967e-05,0.05251858281403222
77.76000000000018,-1.0,-1.3358484218151305,4e-05,3.999999999999967e-05,0.038765778768732335
77.78000000000013,-1.0,-1.3353400751663185,4e-05,3.999999999999967e-05,0.019935099756956464
77.80000000000008,-1.0,-1.3348341322151003,4e-05,3.999999999999967e-05,-0.000850707401844554
77.82000000000004,-1.0,-1.3343308974382797,4e-05,3.999999999999967e-05,-0.01812875349316839
77.83999999999999,-1.0,-1.3338322355913763,4e-05,3.999999999999967e-05,-0.025595946356946602
77.85999999999994,-1.0,-1.3333405193547825,4e-05,3.999999999999967e-05,-0.019022960994567593
77.8799999999999,-1.0,-1.3328558212423691,4e-05,3.999999999999967e-05,-0.0003192789004396068
77.89999999999985,-1.0,-1.3323751834198558,4e-05,3.999999999999967e-05,0.023741839098415925
77.9199999999998,-1.0,-1.3318939214389136,4e-05,3.999999999999967e-05,0.04531316746231861
77.93999999999976,-1.0,-1.3314074403455893,4e-05,3.999999999999967e-05,0.05880211801326231
77.95999999999971,-1.0,-1.3309129680541087,4e-05,3.999999999999967e-05,0.06231890573275058
77.97999999999966,-1.0,-1.3304108246154982,4e-05,3.999999999999967e-05,0.057414783140048796
77.99999999999962,-1.0,-1.3299035363043592,4e-05,3.999999999999967e-05,0.04645141486949314
78.01999999999957,-1.0,-1.3293945345970073,4e-05,3.999999999999967e-05,0.029960983116107204
78.03999999999952,-1.0,-1.3288873241911254,4e-05,3.999999999999967e-05,0.009535386582202567
78.05999999999948,-1.0,-1.32838261118421,4e-05,3.999999999999967e-05,-0.010270145379139837
78.07999999999943,-1.0,-1.3278813107588692,4e-05,3.999999999999967e-05,-0.02346459352749257
78.09999999999938,-1.0,-1.327385904440064,4e-05,3.999999999999967e-05,-0.02410739244330679
78.11999999999934,-1.0,-1.326897880760505,4e-05,3.999999999999967e-05,-0.010870887625836186
78.13999999999929,-1.0,-1.3264157227886368,4e-05,3.999999999999967e-05,0.011498188204550987
78.15999999999924,-1.0,-1.3259353860243674,4e-05,3.999999999999967e-05,0.03519067007923344
78.1799999999992,-1.0,-1.325452005676197,4e-05,3.999999999999967e-05,0.05317707839369077
78.19999999999915,-1.0,-1.3249616980852392,4e-05,3.999999999999967e-05,0.06166014133262637
78.2199999999991,-1.0,-1.3244631186744413,4e-05,3.999999999999967e-05,0.060569965289361705
78.23999999999906,-1.0,-1.3239580878674648,4e-05,3.999999999999967e-05,0.052490306346659854
78.25999999999901,-1.0,-1.3234493988904152,4e-05,3.999999999999967e-05,0.038689479088399
78.27999999999896,-1.0,-1.3229410301785436,4e-05,3.999999999999967e-05,0.019814509882300844
78.29999999999892,-1.0,-1.3224350694117308,4e-05,3.999999999999967e-05,-0.0010127312574382211
78.31999999999887,-1.0,-1.3219318211725324,4e-05,3.999999999999967e-05,-0.018329619803153376
78.33999999999882,-1.0,-1.3214331503137422,4e-05,3.999999999999967e-05,-0.025833114698998697
78.35999999999878,-1.0,-1.3209414292746622,4e-05,3.999999999999967e-05,-0.019294073281786242
78.37999999999873,-1.0,-1.3204567299644234,4e-05,3.999999999999967e-05,-0.0006226549718180715
78.39999999999868,-1.0,-1.3199760937322906,4e-05,3.999999999999967e-05,0.023406986878061135
78.41999999999864,-1.0,-1.3194948353278055,4e-05,3.999999999999967e-05,0.044947026672252206
78.43999999999859,-1.0,-1.3190083592486475,4e-05,3.999999999999967e-05,0.058404927023622176
78.45999999999854,-1.0,-1.3185138933692022,4e-05,3.999999999999967e-05,0.06189170101952658
78.4799999999985,-1.0,-1.318011758303904,4e-05,3.999999999999967e-05,0.05695999143654043
78.49999999999845,-1.0,-1.3175044808754182,4e-05,3.999999999999967e-05,0.04597248176080887
78.5199999999984,-1.0,-1.3169954924834784,4e-05,3.999999999999967e-05,0.029460965304425622
78.53999999999836,-1.0,-1.316488297887745,4e-05,3.999999999999967e-05,0.009016523551628231
78.55999999999831,-1.0,-1.315983603579158,4e-05,3.999999999999967e-05,-0.010806014114756068
78.57999999999826,-1.0,-1.3154823249977206,4e-05,3.999999999999967e-05,-0.024015722494175544
78.59999999999822,-1.0,-1.3149869436970518,4e-05,3.999999999999967e-05,-0.024671983984496697
78.61999999999817,-1.0,-1.3144989480322744,4e-05,3.999999999999967e-05,-0.011447189835325368
78.63999999999812,-1.0,-1.3140168206625298,4e-05,3.999999999999967e-05,0.010911725293982159
78.65999999999808,-1.0,-1.3135365164452029,4e-05,3.999999999999967e-05,0.034595405129463755
78.67999999999803,-1.0,-1.3130531697833234,4e-05,3.999999999999967e-05,0.052574342549986025
78.69999999999798,-1.0,-1.3125628962452949,4e-05,3.999999999999967e-05,0.061051423421075
78.71999999999794,-1.0,-1.3120643507218452,4e-05,3.999999999999967e-05,0.05995699912263386
78.73999999999789,-1.0,-1.3115593533781593,4e-05,3.999999999999967e-05,0.05187499277388134
78.75999999999785,-1.0,-1.3110506975305998,4e-05,3.999999999999967e-05,0.0380734930367159
78.7799999999978,-1.0,-1.3105423621946917,4e-05,3.999999999999967e-05,0.019199091373437345
78.79999999999775,-1.0,-1.3100364358047338,4e-05,3.999999999999967e-05,-0.0016266633147315366
78.8199999999977,-1.0,-1.3095332233676598,4e-05,3.999999999999967e-05,-0.018941281449277217
78.83999999999766,-1.0,-1.309034589860837,4e-05,3.999999999999967e-05,-0.02644169154675378
78.85999999999761,-1.0,-1.3085429077730033,4e-05,3.999999999999967e-05,-0.01989859442518993
78.87999999999757,-1.0,-1.3080582489948505,4e-05,3.999999999999967e-05,-0.001221915167136894
78.89999999999752,-1.0,-1.307577654666713,4e-05,3.999999999999967e-05,0.022814447898957715
78.91999999999747,-1.0,-1.3070964390340734,4e-05,3.999999999999967e-05,0.04436287767842952
78.93999999999743,-1.0,-1.30661000582533,4e-05,3.999999999999967e-05,0.057830901591796297
78.95999999999738,-1.0,-1.3061155820344836,4e-05,3.999999999999967e-05,0.061329333773455445
78.97999999999733,-1.0,-1.3056134873962895,4e-05,3.999999999999967e-05,0.05641027301296585
78.99999999999729,-1.0,-1.3051062482482656,4e-05,3.999999999999967e-05,0.04543576737725969
79.01999999999724,-1.0,-1.3045972964910342,4e-05,3.999999999999967e-05,0.028937332415786412
79.03999999999719,-1.0,-1.3040901378532075,4e-05,3.999999999999967e-05,0.008506011475197714
79.05999999999715,-1.0,-1.3035854794255253,4e-05,3.999999999999967e-05,-0.011303422247622357
79.0799999999971,-1.0,-1.3030842368163718,4e-05,3.999999999999967e-05,-0.02450005025215959
79.09999999999705,-1.0,-1.3025888916576285,4e-05,3.999999999999967e-05,-0.025143151445705603
79.119999999997,-1.0,-1.3021009324506885,4e-05,3.999999999999967e-05,-0.01190481604956039
79.13999999999696,-1.0,-1.3016188419761197,4e-05,3.999999999999967e-05,0.010468486570574828
79.15999999999691,-1.0,-1.3011385750159496,4e-05,3.999999999999967e-05,0.034167845531263945
79.17999999999687,-1.0,-1.3006552655900638,4e-05,3.999999999999967e-05,0.05216397499659584
79.19999999999682,-1.0,-1.3001650286006492,4e-05,3.999999999999967e-05,0.060659592063594045
79.21999999999677,-1.0,-1.2996665180685867,4e-05,3.999999999999967e-05,0.05958439865189829
79.23999999999673,-1.0,-1.2991615532387015,4e-05,3.999999999999967e-05,0.05152130779041471
79.25999999999668,-1.0,-1.298652927395011,4e-05,3.999999999999967e-05,0.03773791602518093
79.27999999999663,-1.0,-1.2981446203364195,4e-05,3.999999999999967e-05,0.018880917690429908
79.29999999999659,-1.0,-1.2976387211804314,4e-05,3.999999999999967e-05,-0.0019279898631615329
79.31999999999654,-1.0,-1.297135535145454,4e-05,3.999999999999967e-05,-0.01922629397322494
79.3399999999965,-1.0,-1.2966369272461482,4e-05,3.999999999999967e-05,-0.02671088365643909
79.35999999999645,-1.0,-1.2961452700937202,4e-05,3.999999999999967e-05,-0.02015229616657454
79.3799999999964,-1.0,-1.295660635800303,4e-05,3.999999999999967e-05,-0.0014600573041328004
79.39999999999635,-1.0,-1.2951800656960313,4e-05,3.999999999999967e-05,0.022592428803592184
79.4199999999963,-1.0,-1.2946988740359018,4e-05,3.999999999999967e-05,0.04415789953743449
79.43999999999626,-1.0,-1.2942124643030295,4e-05,3.999999999999967e-05,0.057643901117904996
79.45999999999621,-1.0,-1.2937180629842766,4e-05,3.999999999999967e-05,0.06116082192437444
79.47999999999617,-1.0,-1.2932159890749135,4e-05,3.999999999999967e-05,0.056259901796115126
79.49999999999612,-1.0,-1.2927087684114587,4e-05,3.999999999999967e-05,0.04530241759307965
79.51999999999607,-1.0,-1.2921998332207878,4e-05,3.999999999999967e-05,0.02881986954759956
79.53999999999603,-1.0,-1.291692689783077,4e-05,3.999999999999967e-05,0.008403593060412197
79.55999999999598,-1.0,-1.2911880453941362,4e-05,3.999999999999967e-05,-0.011391518198946618
79.57999999999593,-1.0,-1.290686815663627,4e-05,3.999999999999967e-05,-0.024574513600535017
79.59999999999589,-1.0,-1.290191482259676,4e-05,3.999999999999967e-05,-0.025204630336894615
79.61999999999584,-1.0,-1.289703533840151,4e-05,3.999999999999967e-05,-0.011953761041574359
79.6399999999958,-1.0,-1.2892214534165714,4e-05,3.999999999999967e-05,0.010431979752427984
79.65999999999575,-1.0,-1.2887411959747008,4e-05,3.999999999999967e-05,0.034144019234335264
79.6799999999957,-1.0,-1.2882578956181538,4e-05,3.999999999999967e-05,0.052153213120013184
79.69999999999565,-1.0,-1.2877676671522502,4e-05,3.999999999999967e-05,0.06066211749435823
79.71999999999561,-1.0,-1.287269164287569,4e-05,3.999999999999967e-05,0.059599955008177406
79.73999999999556,-1.0,-1.2867642058237176,4e-05,3.999999999999967e-05,0.0515489764264791
79.75999999999551,-1.0,-1.2862555849914319,4e-05,3.999999999999967e-05,0.03777657505601903
79.77999999999547,-1.0,-1.2857472818281979,4e-05,3.999999999999967e-05,0.01892967294051189
79.79999999999542,-1.0,-1.2852413855643845,4e-05,3.999999999999967e-05,-0.00186982117662537
79.81999999999537,-1.0,-1.2847382013787274,4e-05,3.999999999999967e-05,-0.019159329751964042
79.83999999999533,-1.0,-1.284239594258533,4e-05,3.999999999999967e-05,-0.02663573185423066
79.85999999999528,-1.0,-1.2837479368676197,4e-05,3.999999999999967e-05,-0.020069529233105367
79.87999999999523,-1.0,-1.283263301456454,4e-05,3.999999999999967e-05,-0.0013701012997421585
79.89999999999519,-1.0,-1.2827827295487808,4e-05,3.999999999999967e-05,0.022689342866385236
79.91999999999514,-1.0,-1.282301535600334,4e-05,3.999999999999967e-05,0.044261670623325054
79.9399999999951,-1.0,-1.2818151232462298,4e-05,3.999999999999967e-05,0.05775441442147874
79.95999999999505,-1.0,-1.2813207190130385,4e-05,3.999999999999967e-05,0.06127778722127627
79.979999999995,-1.0,-1.2808186417979537,4e-05,3.999999999999967e-05,0.05638273011119192
79.99999999999496,-1.0,-1.2803114173291454,4e-05,3.999999999999967e-05,0.0454303090555061
80.01999999999491,-1.0,-1.2798024778342505,4e-05,3.999999999999967e-05,0.028952122987109957
80.03999999999486,-1.0,-1.279295329546083,4e-05,3.999999999999967e-05,0.008539695648232211
80.05999999999482,-1.0,-1.278790679650121,4e-05,3.999999999999967e-05,-0.011251985585869458
80.07999999999477,-1.0,-1.2782894436918588,4e-05,3.999999999999967e-05,-0.024431947691546847
80.09999999999472,-1.0,-1.2777941033304752,4e-05,3.999999999999967e-05,-0.025059442689790497
80.11999999999468,-1.0,-1.277306147259142,4e-05,3.999999999999967e-05,-0.011806363455229181
80.13999999999463,-1.0,-1.2768240585781487,4e-05,3.999999999999967e-05,0.01058120497836706
80.15999999999458,-1.0,-1.276343792422088,4e-05,3.999999999999967e-05,0.03429471782107636
80.17999999999454,-1.0,-1.2758604830913565,4e-05,3.999999999999967e-05,0.052305029439675584
80.19999999999449,-1.0,-1.2753702455904092,4e-05,3.999999999999967e-05,0.060814665758078174
80.21999999999444,-1.0,-1.2748717337810047,4e-05,3.999999999999967e-05,0.059752815694831075
80.2399999999944,-1.0,-1.2743667665528058,4e-05,3.999999999999967e-05,0.051701726088996376
80.25999999999435,-1.0,-1.2738581371162112,4e-05,3.999999999999967e-05,0.03792885789279247
80.2799999999943,-1.0,-1.2733498253497924,4e-05,3.999999999999967e-05,0.019081229001296437
80.29999999999426,-1.0,-1.2728439202886856,4e-05,3.999999999999967e-05,-0.001719183822456357
80.31999999999421,-1.0,-1.2723407270079161,4e-05,3.999999999999967e-05,-0.019009773078492238
80.33999999999416,-1.0,-1.2718421104654851,4e-05,3.999999999999967e-05,-0.02648742605254634
80.35999999999412,-1.0,-1.2713504433102683,4e-05,3.999999999999967e-05,-0.019922685366245533
80.37999999999407,-1.0,-1.2708657977898856,4e-05,3.999999999999967e-05,-0.001224997124609262
80.39999999999402,-1.0,-1.2703852154696387,4e-05,3.999999999999967e-05,0.02283235459873669
80.41999999999398,-1.0,-1.26990401092022,4e-05,3.999999999999967e-05,0.04440217731958992
80.43999999999393,-1.0,-1.2694175879609428,4e-05,3.999999999999967e-05,0.05789198795698039
80.45999999999388,-1.0,-1.2689231733369366,4e-05,3.999999999999967e-05,0.06141205958914369
80.47999999999384,-1.0,-1.2684210861718215,4e-05,3.999999999999967e-05,0.056513487269513475
80.49999999999379,-1.0,-1.2679138523223477,4e-05,3.999999999999967e-05,0.04555750927176193
80.51999999999374,-1.0,-1.2674049038900081,4e-05,3.999999999999967e-05,0.029075788408545154
80.5399999999937,-1.0,-1.2668977468667841,4e-05,3.999999999999967e-05,0.008659846850315102
80.55999999999365,-1.0,-1.2663930882935652,4e-05,3.999999999999967e-05,-0.011135319586916532
80.5799999999936,-1.0,-1.2658918436767639,4e-05,3.999999999999967e-05,-0.024318737997719348
80.59999999999356,-1.0,-1.265396494655935,4e-05,3.999999999999967e-05,-0.024949686158551886
80.61999999999351,-1.0,-1.2649085298853007,4e-05,3.999999999999967e-05,-0.011700132609126305
80.63999999999346,-1.0,-1.26442643242962,4e-05,3.999999999999967e-05,0.010683719316305476
80.65999999999342,-1.0,-1.2639461574339699,4e-05,3.999999999999967e-05,0.03439321162353454
80.67999999999337,-1.0,-1.2634628392836755,4e-05,3.999999999999967e-05,0.05239914329405994
80.69999999999332,-1.0,-1.2629725931389908,4e-05,3.999999999999967e-05,0.06090408435213868
80.71999999999328,-1.0,-1.2624740730713822,4e-05,3.999999999999967e-05,0.05983738869647246
80.73999999999323,-1.0,-1.26196909819657,4e-05,3.999999999999967e-05,0.05178155705130388
80.75999999999318,-1.0,-1.2614604617347152,4e-05,3.999999999999967e-05,0.0380041702702497
80.77999999999314,-1.0,-1.2609521433771014,4e-05,3.999999999999967e-05,0.019152215053227704
80.79999999999309,-1.0,-1.2604462319986276,4e-05,3.999999999999967e-05,-0.0016523727745068218
80.81999999999304,-1.0,-1.259943032627262,4e-05,3.999999999999967e-05,-0.01894699297397831
80.839999999993,-1.0,-1.2594444102133922,4e-05,3.999999999999967e-05,-0.026428541882186556
80.85999999999295,-1.0,-1.258952737375835,4e-05,3.999999999999967e-05,-0.01986760090307366
80.8799999999929,-1.0,-1.2584680863063815,4e-05,3.999999999999967e-05,-0.0011737129331726513
80.89999999999286,-1.0,-1.257987498519865,4e-05,3.999999999999967e-05,0.022879717974519806
80.91999999999281,-1.0,-1.2575062885776003,4e-05,3.999999999999967e-05,0.0444454138145336
80.93999999999276,-1.0,-1.2570198603495188,4e-05,3.999999999999967e-05,0.05793088774500567
80.95999999999272,-1.0,-1.2565254406950843,4e-05,3.999999999999967e-05,0.061446516125016684
80.97999999999267,-1.0,-1.2560233489100256,4e-05,3.999999999999967e-05,0.05654360033660431
80.99999999999262,-1.0,-1.2555161109685418,4e-05,3.999999999999967e-05,0.04558356136042096
81.01999999999258,-1.0,-1.2550071588978668,4e-05,3.999999999999967e-05,0.02909806203987098
81.03999999999253,-1.0,-1.2544999985661458,4e-05,3.999999999999967e-05,0.008678551395947268
81.05999999999248,-1.0,-1.2539953369717676,4e-05,3.999999999999967e-05,-0.011120005448492202
81.07999999999244,-1.0,-1.2534940896235496,4e-05,3.999999999999967e-05,-0.024306643422163418
81.09999999999239,-1.0,-1.2529987381535455,4e-05,3.999999999999967e-05,-0.024940648840868412
81.11999999999234,-1.0,-1.2525107711793562,4e-05,3.999999999999967e-05,-0.011694035039717913
81.1399999999923,-1.0,-1.2520286717100546,4e-05,3.999999999999967e-05,0.010686912674429463
81.15999999999225,-1.0,-1.2515483948390076,4e-05,3.999999999999967e-05,0.034393458077479525
81.1799999999922,-1.0,-1.2510650749255072,4e-05,3.999999999999967e-05,0.052396367810906244
81.19999999999216,-1.0,-1.2505748271449169,4e-05,3.999999999999967e-05,0.060898249691424294
81.21999999999211,-1.0,-1.2500763056341961,4e-05,3.999999999999967e-05,0.05982856821865031
81.23999999999207,-1.0,-1.2495713296074904,4e-05,3.999999999999967e-05,0.051769975480673074
81.25999999999202,-1.0,-1.2490626922976662,4e-05,3.999999999999967e-05,0.03799009638411985
81.27999999999197,-1.0,-1.2485543733467301,4e-05,3.999999999999967e-05,0.019135862070394756
81.29999999999193,-1.0,-1.2480484616104894,4e-05,3.999999999999967e-05,-0.001670842473254647
81.31999999999188,-1.0,-1.2475452621293681,4e-05,3.999999999999967e-05,-0.018967433144395796
81.33999999999183,-1.0,-1.2470466398607822,4e-05,3.999999999999967e-05,-0.02645080874799662
81.35999999999179,-1.0,-1.2465549674120355,4e-05,3.999999999999967e-05,-0.01989155746153658
81.37999999999174,-1.0,-1.2460703169436809,4e-05,3.999999999999967e-05,-0.001199252994005545
81.39999999999169,-1.0,-1.2455897299252328,4e-05,3.999999999999967e-05,0.022852658927185895
81.41999999999165,-1.0,-1.2451085208684718,4e-05,3.999999999999967e-05,0.04441687275640396
81.4399999999916,-1.0,-1.2446220936024726,4e-05,3.999999999999967e-05,0.05790090530400104
81.45999999999155,-1.0,-1.2441276749702965,4e-05,3.999999999999967e-05,0.06141517095488856
81.4799999999915,-1.0,-1.2436255842825263,4e-05,3.999999999999967e-05,0.05651103419900867
81.49999999999146,-1.0,-1.24311834753433,4e-05,3.999999999999967e-05,0.0455499588438338
81.51999999999141,-1.0,-1.2426093967570429,4e-05,3.999999999999967e-05,0.02906358313554446
81.53999999999137,-1.0,-1.2421022378375537,4e-05,3.999999999999967e-05,0.008643313193543199
81.55999999999132,-1.0,-1.2415975778040553,4e-05,3.999999999999967e-05,-0.01115590747235985
81.57999999999127,-1.0,-1.2410963321811017,4e-05,3.999999999999967e-05,-0.024343118916854502
81.59999999999123,-1.0,-1.2406009826031696,4e-05,3.999999999999967e-05,-0.024977603368853556
81.61999999999118,-1.0,-1.240113017680782,4e-05,3.999999999999967e-05,-0.011731371875842635
81.63999999999113,-1.0,-1.2396309204036786,4e-05,3.999999999999967e-05,0.010649287324560166
81.65999999999109,-1.0,-1.2391506458307289,4e-05,3.999999999999967e-05,0.03435563543727433
81.67999999999104,-1.0,-1.2386673282733145,4e-05,3.999999999999967e-05,0.05235844136088308
81.699999999991,-1.0,-1.2381770828559588,4e-05,3.999999999999967e-05,0.06086031831454909
81.71999999999095,-1.0,-1.2376785636738843,4e-05,3.999999999999967e-05,0.059790732796834174
81.7399999999909,-1.0,-1.237173589912784,4e-05,3.999999999999967e-05,0.05173232889313281
81.75999999999085,-1.0,-1.2366649548097035,4e-05,3.999999999999967e-05,0.03795271166270487
81.7799999999908,-1.0,-1.2361566380498263,4e-05,3.999999999999967e-05,0.019098791643654224
81.79999999999076,-1.0,-1.2356507285393254,4e-05,3.999999999999967e-05,-0.0017075601996847417
81.81999999999071,-1.0,-1.2351475313442573,4e-05,3.999999999999967e-05,-0.01900376614289948
81.83999999999067,-1.0,-1.234648911429328,4e-05,3.999999999999967e-05,-0.02648672236817847
81.85999999999062,-1.0,-1.2341572414064832,4e-05,3.999999999999967e-05,-0.01992700614869416
81.87999999999057,-1.0,-1.2336725934388169,4e-05,3.999999999999967e-05,-0.0012341727006032687
81.89999999999053,-1.0,-1.233192008987927,4e-05,3.999999999999967e-05,0.022818353365735088
81.91999999999048,-1.0,-1.2327108025394675,4e-05,3.999999999999967e-05,0.044383283050803884
81.93999999999043,-1.0,-1.2322243778785182,4e-05,3.999999999999967e-05,0.05786813683950174
81.95999999999039,-1.0,-1.2317299617940929,4e-05,3.999999999999967e-05,0.06138331179656318
81.97999999999034,-1.0,-1.2312278735388993,4e-05,3.999999999999967e-05,0.05648013001188524
81.9999999999903,-1.0,-1.2307206390742942,4e-05,3.999999999999967e-05,0.04552000932258993
82.01999999999025,-1.0,-1.2302116904628908,4e-05,3.999999999999967e-05,0.029034573222354372
82.0399999999902,-1.0,-1.2297045336510195,4e-05,3.999999999999967e-05,0.008615230584310959
82.05999999999015,-1.0,-1.229199875701523,4e-05,3.999999999999967e-05,-0.011183076100235726
82.07999999999011,-1.0,-1.2286986321478386,4e-05,3.999999999999967e-05,-0.02436938675282451
82.09999999999006,-1.0,-1.2282032846292712,4e-05,3.999999999999967e-05,-0.0250029774882752
82.11999999999001,-1.0,-1.2277153217667578,4e-05,3.999999999999967e-05,-0.011755840238936839
82.13999999998997,-1.0,-1.2272332265603654,4e-05,3.999999999999967e-05,0.010625766906428849
82.15999999998992,-1.0,-1.2267529540685662,4e-05,3.999999999999967e-05,0.03433313383298419
82.17999999998987,-1.0,-1.2262696385843659,4e-05,3.999999999999967e-05,0.052337043187022946
82.19999999998983,-1.0,-1.2257793951962535,4e-05,3.999999999999967e-05,0.06084009678334841
82.21999999998978,-1.0,-1.225280877949372,4e-05,3.999999999999967e-05,0.059771719672087394
82.23999999998973,-1.0,-1.224775905974616,4e-05,3.999999999999967e-05,0.051714492956063014
82.25999999998969,-1.0,-1.224267272506647,4e-05,3.999999999999967e-05,0.03793599316600779
82.27999999998964,-1.0,-1.2237589572747356,4e-05,3.999999999999967e-05,0.019083139748860542
82.2999999999896,-1.0,-1.2232530492220124,4e-05,3.999999999999967e-05,-0.0017221852295304428
82.31999999998955,-1.0,-1.2227498534245451,4e-05,3.999999999999967e-05,-0.019017401929776998
82.3399999999895,-1.0,-1.2222512348482422,4e-05,3.999999999999967e-05,-0.026499404645607943
82.35999999998945,-1.0,-1.221759566112061,4e-05,3.999999999999967e-05,-0.019938761819196703
82.37999999998941,-1.0,-1.221274919392797,4e-05,3.999999999999967e-05,-0.0012450056061075834
82.39999999998936,-1.0,-1.2207943361651326,4e-05,3.999999999999967e-05,0.02280846823232328
82.41999999998932,-1.0,-1.2203131309186417,4e-05,3.999999999999967e-05,0.04437439121961111
82.43999999998927,-1.0,-1.2198267074283413,4e-05,3.999999999999967e-05,0.057860284596343646
82.45999999998922,-1.0,-1.2193322924578018,4e-05,3.999999999999967e-05,0.0613765205417073
82.47999999998918,-1.0,-1.2188302052200306,4e-05,3.999999999999967e-05,0.05647437188144534
82.49999999998913,-1.0,-1.2183229716489254,4e-05,3.999999999999967e-05,0.04551521326682241
82.51999999998908,-1.0,-1.2178140238240989,4e-05,3.999999999999967e-05,0.029030669146522067
82.53999999998904,-1.0,-1.21730686771956,4e-05,3.999999999999967e-05,0.008612166708133402
82.55999999998899,-1.0,-1.2168022104068767,4e-05,3.999999999999967e-05,-0.01118534365632616
82.57999999998894,-1.0,-1.2163009674185206,4e-05,3.999999999999967e-05,-0.02437089967186767
82.5999999999889,-1.0,-1.2158056203955063,4e-05,3.999999999999967e-05,-0.025003775432058752
82.61999999998885,-1.0,-1.215317657967278,4e-05,3.999999999999967e-05,-0.011755952849979705
82.6399999999888,-1.0,-1.2148355631470826,4e-05,3.999999999999967e-05,0.010626328588739088
82.65999999998876,-1.0,-1.2143552910061979,4e-05,3.999999999999967e-05,0.03433437660850642
82.67999999998871,-1.0,-1.21387197584508,4e-05,3.999999999999967e-05,0.052338981162998253
82.69999999998866,-1.0,-1.2133817327504042,4e-05,3.999999999999967e-05,0.06084273526229469
82.71999999998862,-1.0,-1.2128832157536644,4e-05,3.999999999999967e-05,0.05977503856760853
82.73999999998857,-1.0,-1.2123782439640005,4e-05,3.999999999999967e-05,0.05171843767134389
82.75999999998852,-1.0,-1.2118696106127316,4e-05,3.999999999999967e-05,0.0379404993917007
82.77999999998848,-1.0,-1.2113612954391433,4e-05,3.999999999999967e-05,0.01908815660914475
82.79999999998843,-1.0,-1.2108553873892371,4e-05,3.999999999999967e-05,-0.0017166965806362465
82.81999999998838,-1.0,-1.2103521915355548,4e-05,3.999999999999967e-05,-0.019011476441114793
82.83999999998834,-1.0,-1.2098535728423214,4e-05,3.999999999999967e-05,-0.026493076726034286
82.85999999998829,-1.0,-1.2093619039311754,4e-05,3.999999999999967e-05,-0.01993206450639302
82.87999999998824,-1.0,-1.2088772569861563,4e-05,3.999999999999967e-05,-0.001237965332496196
82.8999999999882,-1.0,-1.2083966734926883,4e-05,3.999999999999967e-05,0.022815833918647176
82.91999999998815,-1.0,-1.2079154679525954,4e-05,3.999999999999967e-05,0.044382070486822155
82.9399999999881,-1.0,-1.2074290441517357,4e-05,3.999999999999967e-05,0.05786826462210448
82.95999999998806,-1.0,-1.206934628859264,4e-05,3.999999999999967e-05,0.061384780408084226
82.97999999998801,-1.0,-1.2064325412867662,4e-05,3.999999999999967e-05,0.05648287773712035
82.99999999998796,-1.0,-1.2059253073646532,4e-05,3.999999999999967e-05,0.04552392323772345
83.01999999998792,-1.0,-1.2054163591703448,4e-05,3.999999999999967e-05,0.029039547437655227
83.03999999998787,-1.0,-1.2049092026713628,4e-05,3.999999999999967e-05,0.008621187142751764
83.05999999998782,-1.0,-1.2044045449311085,4e-05,3.999999999999967e-05,-0.011176202379198157
83.07999999998778,-1.0,-1.2039033014779557,4e-05,3.999999999999967e-05,-0.024361657888463485
83.09999999998773,-1.0,-1.2034079539520335,4e-05,3.999999999999967e-05,-0.024994454865433786
83.11999999998768,-1.0,-1.2029199909840131,4e-05,3.999999999999967e-05,-0.011746576413359942
83.13999999998764,-1.0,-1.2024378955912858,4e-05,3.999999999999967e-05,0.010635737713659494
83.15999999998759,-1.0,-1.201957622853145,4e-05,3.999999999999967e-05,0.03434379491654864
83.17999999998754,-1.0,-1.2014743070817393,4e-05,3.999999999999967e-05,0.05234838417420243
83.1999999999875,-1.0,-1.200984063376704,4e-05,3.999999999999967e-05,0.060852097654181314
83.21999999998745,-1.0,-1.2004855457809114,4e-05,3.999999999999967e-05,0.05978433603113022
83.2399999999874,-1.0,-1.1999805734120759,4e-05,3.999999999999967e-05,0.051727650028340344
83.25999999998736,-1.0,-1.1994719395008544,4e-05,3.999999999999967e-05,0.03794961218051803
83.27999999998731,-1.0,-1.1989636237750758,4e-05,3.999999999999967e-05,0.01909715981049864
83.29999999998726,-1.0,-1.1984577151678344,4e-05,3.999999999999967e-05,-0.0017078100750473912
83.31999999998722,-1.0,-1.1979545187454042,4e-05,3.999999999999967e-05,-0.01900271227747591
83.33999999998717,-1.0,-1.1974558994702644,4e-05,3.999999999999967e-05,-0.02648444112874318
83.35999999998712,-1.0,-1.196964229962635,4e-05,3.999999999999967e-05,-0.019923566589719277
83.37999999998708,-1.0,-1.1964795824053234,4e-05,3.999999999999967e-05,-0.0012296194304760812
83.39999999998703,-1.0,-1.1959989982849584,4e-05,3.999999999999967e-05,0.022824007525129465
83.41999999998698,-1.0,-1.1955177921091042,4e-05,3.999999999999967e-05,0.04439004700979143
83.43999999998694,-1.0,-1.195031367673965,4e-05,3.999999999999967e-05,0.05787601843251792
83.45999999998689,-1.0,-1.1945369517618811,4e-05,3.999999999999967e-05,0.061392290687932526
83.47999999998684,-1.0,-1.1940348635989748,4e-05,3.999999999999967e-05,0.0564901349959872
83.4999999999868,-1.0,-1.1935276291240815,4e-05,3.999999999999967e-05,0.0455309297228451
83.51999999998675,-1.0,-1.19301868040701,4e-05,3.999999999999967e-05,0.029046308721658212
83.5399999999867,-1.0,-1.192511523400936,4e-05,3.999999999999967e-05,0.008627707569845674
83.55999999998666,-1.0,-1.1920068651612379,4e-05,3.999999999999967e-05,-0.011169918471139413
83.57999999998661,-1.0,-1.1915056212144746,4e-05,3.999999999999967e-05,-0.02435560614921652
83.59999999998657,-1.0,-1.1910102731997847,4e-05,3.999999999999967e-05,-0.024988632224350674
83.61999999998652,-1.0,-1.190522309745276,4e-05,3.999999999999967e-05,-0.011740984409268596
83.63999999998647,-1.0,-1.1900402138655515,4e-05,3.999999999999967e-05,0.01064109002607506
83.65999999998643,-1.0,-1.1895599406395199,4e-05,3.999999999999967e-05,0.03434889129055482
83.67999999998638,-1.0,-1.1890766243832127,4e-05,3.999999999999967e-05,0.052353204951802464
83.69999999998633,-1.0,-1.1885863802044947,4e-05,3.999999999999967e-05,0.060856626077824064
83.71999999998629,-1.0,-1.1880878621580735,4e-05,3.999999999999967e-05,0.05978856566741885
83.73999999998624,-1.0,-1.1875828893748475,4e-05,3.999999999999967e-05,0.05173158998339102
83.75999999998619,-1.0,-1.187074255086047,4e-05,3.999999999999967e-05,0.037953278366503466
83.77999999998615,-1.0,-1.1865659390090189,4e-05,3.999999999999967e-05,0.01910056556020971
83.7999999999861,-1.0,-1.186060030068328,4e-05,3.999999999999967e-05,-0.0017046544579247711
83.81999999998605,-1.0,-1.1855568333280382,4e-05,3.999999999999967e-05,-0.018999797206530222
83.839999999986,-1.0,-1.1850582137503496,4e-05,3.999999999999967e-05,-0.02648175762794733
83.85999999998596,-1.0,-1.184566543953805,4e-05,3.999999999999967e-05,-0.01992110775170343
83.87999999998591,-1.0,-1.1840818961179431,4e-05,3.999999999999967e-05,-0.0012273837071814166
83.89999999998587,-1.0,-1.183601311726164,4e-05,3.999999999999967e-05,0.022826014898176036
83.91999999998582,-1.0,-1.1831201052848155,4e-05,3.999999999999967e-05,0.044391815941623045
83.93999999998577,-1.0,-1.1826336805920998,4e-05,3.999999999999967e-05,0.057877538679724026
83.95999999998573,-1.0,-1.1821392644360436,4e-05,3.999999999999967e-05,0.06139355797851044
83.97999999998568,-1.0,-1.1816371760519724,4e-05,3.999999999999967e-05,0.05649115681822201
83.99999999998563,-1.0,-1.1811299413853549,4e-05,3.999999999999967e-05,0.04553172393114814
84.01999999998559,-1.0,-1.1806209925021465,4e-05,3.999999999999967e-05,0.029046892789524423
84.03999999998554,-1.0,-1.1801138353492782,4e-05,3.999999999999967e-05,0.008628094469084805
84.0599999999855,-1.0,-1.1796091769802661,4e-05,3.999999999999967e-05,-0.011169717723048084
84.07999999998545,-1.0,-1.1791079329219178,4e-05,3.999999999999967e-05,-0.024355581095923593
84.0999999999854,-1.0,-1.1786125848128908,4e-05,3.999999999999967e-05,-0.024988772913759012
84.11999999998535,-1.0,-1.1781246212791814,4e-05,3.999999999999967e-05,-0.011741283267613378
84.1399999999853,-1.0,-1.1776425253321507,4e-05,3.999999999999967e-05,0.010640636249792055
84.15999999998526,-1.0,-1.177162252047471,4e-05,3.999999999999967e-05,0.03434828176687625
84.17999999998521,-1.0,-1.17667893573907,4e-05,3.999999999999967e-05,0.052352437231062955
84.19999999998517,-1.0,-1.1761886915147974,4e-05,3.999999999999967e-05,0.06085569976181666
84.21999999998512,-1.0,-1.1756901734321077,4e-05,3.999999999999967e-05,0.05978748611995098
84.23999999998507,-1.0,-1.1751852006265615,4e-05,3.999999999999967e-05,0.05173037027157448
84.25999999998503,-1.0,-1.174676566330153,4e-05,3.999999999999967e-05,0.03795193350926479
84.27999999998498,-1.0,-1.1741682502584732,4e-05,3.999999999999967e-05,0.019099107434015078
84.29999999998493,-1.0,-1.1736623413359468,4e-05,3.999999999999967e-05,-0.0017062167796743739
84.31999999998489,-1.0,-1.1731591446277634,4e-05,3.999999999999967e-05,-0.019001455508701394
84.33999999998484,-1.0,-1.172660525096678,4e-05,3.999999999999967e-05,-0.02648350363997961
84.3599999999848,-1.0,-1.1721688553607246,4e-05,3.999999999999967e-05,-0.01992293334740084
84.37999999998475,-1.0,-1.1716842075977998,4e-05,3.999999999999967e-05,-0.0012292821381584193
84.3999999999847,-1.0,-1.1712036232887353,4e-05,3.999999999999967e-05,0.022824048490338745
84.41999999998465,-1.0,-1.1707224169368073,4e-05,3.999999999999967e-05,0.04438978523826851
84.43999999998461,-1.0,-1.1702359923373202,4e-05,3.999999999999967e-05,0.05787544761947064
84.45999999998456,-1.0,-1.1697415762765042,4e-05,3.999999999999967e-05,0.061391412174235854
84.47999999998451,-1.0,-1.1692394879894277,4e-05,3.999999999999967e-05,0.056488964400738265
84.49999999998447,-1.0,-1.1687322534219053,4e-05,3.999999999999967e-05,0.04552949432501673
84.51999999998442,-1.0,-1.1682233046406358,4e-05,3.999999999999967e-05,0.029044633860103444
84.53999999998437,-1.0,-1.1677161475945996,4e-05,3.999999999999967e-05,0.008625811886903648
84.55999999998433,-1.0,-1.167211489339532,4e-05,3.999999999999967e-05,-0.01117201944838126
84.57999999998428,-1.0,-1.1667102454032705,4e-05,3.999999999999967e-05,-0.024357897719146496
84.59999999998423,-1.0,-1.1662148974247581,4e-05,3.999999999999967e-05,-0.02499109983050688
84.61999999998419,-1.0,-1.1657269340298975,4e-05,3.999999999999967e-05,-0.011743615333329366
84.63999999998414,-1.0,-1.165244838229302,4e-05,3.999999999999967e-05,0.010638304604185442
84.6599999999841,-1.0,-1.1647645650968963,4e-05,3.999999999999967e-05,0.03434595647202787
84.67999999998405,-1.0,-1.1642812489438406,4e-05,3.999999999999967e-05,0.052350124549307805
84.699999999984,-1.0,-1.1637910048747586,4e-05,3.999999999999967e-05,0.06085340603750347
84.71999999998395,-1.0,-1.1632924869441177,4e-05,3.999999999999967e-05,0.059785217125275555
84.73999999998391,-1.0,-1.1627875142851363,4e-05,3.999999999999967e-05,0.051728130374363405
84.75999999998386,-1.0,-1.1622788801300274,4e-05,3.999999999999967e-05,0.037949725662156715
84.77999999998381,-1.0,-1.1617705641972194,4e-05,3.999999999999967e-05,0.019096933609460753
84.79999999998377,-1.0,-1.1612646554142767,4e-05,3.999999999999967e-05,-0.0017083551791099666
84.81999999998372,-1.0,-1.160761458847787,4e-05,3.999999999999967e-05,-0.01900355743465204
84.83999999998368,-1.0,-1.1602628394608063,4e-05,3.999999999999967e-05,-0.02648556799855453
84.85999999998363,-1.0,-1.1597711698716653,4e-05,3.999999999999967e-05,-0.01992495840264019
84.87999999998358,-1.0,-1.159286522258623,4e-05,3.999999999999967e-05,-0.0012312647998591966
84.89999999998354,-1.0,-1.1588059381023599,4e-05,3.999999999999967e-05,0.02282211291905291
84.91999999998349,-1.0,-1.158324731904917,4e-05,3.999999999999967e-05,0.044387902667387694
84.93999999998344,-1.0,-1.1578383074592051,4e-05,3.999999999999967e-05,0.0578736241621537
84.9599999999834,-1.0,-1.157343891548291,4e-05,3.999999999999967e-05,0.06138965264505329
84.97999999998335,-1.0,-1.1568418034036556,4e-05,3.999999999999967e-05,0.05648727064182465
84.9999999999833,-1.0,-1.156334568969019,4e-05,3.999999999999967e-05,0.045527865173137665
85.01999999998326,-1.0,-1.1558256203130053,4e-05,3.999999999999967e-05,0.029043067449150417
85.03999999998321,-1.0,-1.1553184633880866,4e-05,3.999999999999967e-05,0.008624306830680297
85.05999999998316,-1.0,-1.1548138052518915,4e-05,3.999999999999967e-05,-0.011173464416175744
85.07999999998312,-1.0,-1.1543125614326963,4e-05,3.999999999999967e-05,-0.024359283772654138
85.09999999998307,-1.0,-1.153817213569701,4e-05,3.999999999999967e-05,-0.02499242777167332
85.11999999998302,-1.0,-1.1533292502894175,4e-05,3.999999999999967e-05,-0.011744884888414131
85.13999999998298,-1.0,-1.1528471546031294,4e-05,3.999999999999967e-05,0.01063709549061679
85.15999999998293,-1.0,-1.1523668815848895,4e-05,3.999999999999967e-05,0.03434481159684091
85.17999999998288,-1.0,-1.1518835655449942,4e-05,3.999999999999967e-05,0.05234904854533557
85.19999999998284,-1.0,-1.15139332158615,4e-05,3.999999999999967e-05,0.06085240281012972
85.21999999998279,-1.0,-1.1508948037599853,4e-05,3.999999999999967e-05,0.059784288003323444
85.23999999998274,-1.0,-1.150389831196458,4e-05,3.999999999999967e-05,0.05172727279550531
85.2599999999827,-1.0,-1.149881197127522,4e-05,3.999999999999967e-05,0.03794893532121771
85.27999999998265,-1.0,-1.1493728812741577,4e-05,3.999999999999967e-05,0.019096206917843094
85.2999999999826,-1.0,-1.1488669725659741,4e-05,3.999999999999967e-05,-0.0017090210393321539
85.31999999998256,-1.0,-1.1483637760701055,4e-05,3.999999999999967e-05,-0.019004165082334427
85.33999999998251,-1.0,-1.1478651567497227,4e-05,3.999999999999967e-05,-0.0264861198757089
85.35999999998246,-1.0,-1.1473734872236354,4e-05,3.999999999999967e-05,-0.019925456398510375
85.37999999998242,-1.0,-1.1468888396709689,4e-05,3.999999999999967e-05,-0.0012317094675237253
85.39999999998237,-1.0,-1.1464082555732615,4e-05,3.999999999999967e-05,0.02282172266599062
85.41999999998232,-1.0,-1.1459270494329428,4e-05,3.999999999999967e-05,0.04438756906083537
85.43999999998228,-1.0,-1.1454406250425577,4e-05,3.999999999999967e-05,0.057873349450166374
85.45999999998223,-1.0,-1.14494620918392,4e-05,3.999999999999967e-05,0.06138943765079787
85.47999999998218,-1.0,-1.1444441210864016,4e-05,3.999999999999967e-05,0.05648711341752152
85.49999999998214,-1.0,-1.1439368866922248,4e-05,3.999999999999967e-05,0.045527761404275946
85.51999999998209,-1.0,-1.1434279380708066,4e-05,3.999999999999967e-05,0.029043012939802392
85.53999999998204,-1.0,-1.1429207811759279,4e-05,3.999999999999967e-05,0.008624298455200116
85.559999999982,-1.0,-1.14241612306552,4e-05,3.999999999999967e-05,-0.01117342933469047
85.57999999998195,-1.0,-1.1419148792677023,4e-05,3.999999999999967e-05,-0.0243592078468959
85.5999999999819,-1.0,-1.1414195314217237,4e-05,3.999999999999967e-05,-0.02499231359413308
85.61999999998186,-1.0,-1.1409315681545817,4e-05,3.999999999999967e-05,-0.01174473451845903
85.63999999998181,-1.0,-1.1404494724783651,4e-05,3.999999999999967e-05,0.010637281011677623
85.65999999998176,-1.0,-1.1399691994679755,4e-05,3.999999999999967e-05,0.034345032177871375
85.67999999998172,-1.0,-1.1394858834343276,4e-05,3.999999999999967e-05,0.05234930445788625
85.69999999998167,-1.0,-1.1389956394802807,4e-05,3.999999999999967e-05,0.0608526938526224
85.71999999998162,-1.0,-1.1384971216569804,4e-05,3.999999999999967e-05,0.05978461269326801
85.73999999998158,-1.0,-1.1379921490934708,4e-05,3.999999999999967e-05,0.051727627991815434
85.75999999998153,-1.0,-1.1374835150216047,4e-05,3.999999999999967e-05,0.037949317566694535
85.77999999998148,-1.0,-1.1369751991626258,4e-05,3.999999999999967e-05,0.01909661351574348
85.79999999998144,-1.0,-1.1364692904460132,4e-05,3.999999999999967e-05,-0.001708592096094084
85.81999999998139,-1.0,-1.135966093938561,4e-05,3.999999999999967e-05,-0.019003715570643138
85.83999999998134,-1.0,-1.1354674746032787,4e-05,3.999999999999967e-05,-0.026485651568410092
85.8599999999813,-1.0,-1.134975805059034,4e-05,3.999999999999967e-05,-0.019924971098639447
85.87999999998125,-1.0,-1.1344911574852505,4e-05,3.999999999999967e-05,-0.001231208780279994
85.8999999999812,-1.0,-1.134010573364009,4e-05,3.999999999999967e-05,0.022822237469600548
85.91999999998116,-1.0,-1.1335293671984528,4e-05,3.999999999999967e-05,0.0443880969316095
85.93999999998111,-1.0,-1.1330429427818598,4e-05,3.999999999999967e-05,0.05787388928177629
85.95999999998106,-1.0,-1.132548526896554,4e-05,3.999999999999967e-05,0.06138998799852523
85.97999999998102,-1.0,-1.1320464387720772,4e-05,3.999999999999967e-05,0.05648767234676803
85.99999999998097,-1.0,-1.1315392043505672,4e-05,3.999999999999967e-05,0.04552832670648936
86.01999999998093,-1.0,-1.1310302557012506,4e-05,3.999999999999967e-05,0.029043582787129023
86.03999999998088,-1.0,-1.130523098777383,4e-05,3.999999999999967e-05,0.008624871519680586
86.05999999998083,-1.0,-1.1300184406363896,4e-05,3.999999999999967e-05,-0.011172854103538651
86.07999999998079,-1.0,-1.1295171968062032,4e-05,3.999999999999967e-05,-0.02435863139442298
86.09999999998074,-1.0,-1.1290218489260588,4e-05,3.999999999999967e-05,-0.024991736890600653
86.11999999998069,-1.0,-1.1285338856229865,4e-05,3.999999999999967e-05,-0.011744158665387786
86.13999999998065,-1.0,-1.1280517899092237,4e-05,3.999999999999967e-05,0.010637854750387029
86.1599999999806,-1.0,-1.1275715168600482,4e-05,3.999999999999967e-05,0.03434560238279806
86.17999999998055,-1.0,-1.1270882007870118,4e-05,3.999999999999967e-05,0.05234986959855315
86.1999999999805,-1.0,-1.1265979567937516,4e-05,3.999999999999967e-05,0.06085325240250404
86.21999999998046,-1.0,-1.126099440460476,3.9780769771559797e-05,3.998993901927859e-05,0.05978493780233754
86.23999999998041,-1.0,-1.1255944967983356,3.9559714851525676e-05,3.995747900878678e-05,0.05172370797284759
86.25999999998037,-1.0,-1.1250859889770541,3.946513885206604e-05,3.9913133330361124e-05,0.03792695093166478
86.27999999998032,-1.0,-1.1245779872314488,3.951060650282316e-05,3.9871979158957845e-05,0.019028278800561387
86.29999999998027,-1.0,-1.124072657492451,3.9599355884512e-05,3.9842096942659726e-05,-0.0018622454942268704
86.31999999998023,-1.0,-1.1235703508852275,3.969884895210982e-05,3.982405752807485e-05,-0.019290056791708872
86.33999999998018,-1.0,-1.1230729489795308,3.9815821028504214e-05,3.981827139049498e-05,-0.02695533658375212
86.35999999998013,-1.0,-1.1225828131681603,3.99161350655323e-05,3.982371267186568e-05,-0.020624877764668672
86.37999999998009,-1.0,-1.1220999815899992,3.995802276024476e-05,3.983535742274536e-05,-0.0021974130790990043
86.39999999998004,-1.0,-1.1216214521367052,3.9919463879293994e-05,3.9845704699089815e-05,0.021568234420501365
86.41999999997999,-1.0,-1.1211425033956195,3.979401133614849e-05,3.9846732628201836e-05,0.04283796052677363
86.43999999997995,-1.0,-1.1206585269083214,3.9590117632396817e-05,3.983134552656483e-05,0.05602600853664403
86.4599999999799,-1.0,-1.1201667722810975,3.9336176375462335e-05,3.979494083336356e-05,0.059239279445880984
86.47999999997985,-1.0,-1.11966762083064,3.9087207637436555e-05,3.973746482051115e-05,0.05401350490320746
86.4999999999798,-1.0,-1.1191636988023204,3.892341869769996e-05,3.96655157227641e-05,0.04268642211404484
86.51999999997976,-1.0,-1.1186585707212848,3.8911770767090845e-05,3.959274780443778e-05,0.025766859678864048
86.53999999997971,-1.0,-1.1181558730505106,3.899494243945308e-05,3.953179293559536e-05,0.004826076425579562
86.55999999997967,-1.0,-1.117656397316751,3.909337587952054e-05,3.948564353748659e-05,-0.015598591353211861
86.57999999997962,-1.0,-1.1171611080903494,3.920882797024376e-05,3.945412547962861e-05,-0.02952995707275529
86.59999999997957,-1.0,-1.1166725056504565,3.932972332956585e-05,3.9437254437173576e-05,-0.031026888346234988
86.61999999997953,-1.0,-1.1161920660230014,3.9411141512459593e-05,3.94317886565693e-05,-0.018740660396401404
86.63999999997948,-1.0,-1.1157182388060862,3.9420820530970316e-05,3.943096931942558e-05,0.0026187474401772174
86.65999999997943,-1.0,-1.1152469413133264,3.934503352412667e-05,3.942664225561045e-05,0.025283204066772112
86.67999999997939,-1.0,-1.1147732804829058,3.9184436047378865e-05,3.941089084306087e-05,0.0422544275782585
86.69999999997934,-1.0,-1.1142933634554555,3.895649730638383e-05,3.937747588937259e-05,0.049743866851627246
86.7199999999793,-1.0,-1.1138058564585342,3.870237542578192e-05,3.93236292775903e-05,0.0476592646226068
86.73999999997925,-1.0,-1.113312608319745,3.849019075666095e-05,3.92522356640143e-05,0.0385318797287051
86.7599999999792,-1.0,-1.1128164959927578,3.840505125748778e-05,3.917355587417757e-05,0.023587460431092257
86.77999999997915,-1.0,-1.1123216400774987,3.8460604896579286e-05,3.9102291685398504e-05,0.0034494317908878207
86.79999999997911,-1.0,-1.1118302303689391,3.8559399493770355e-05,3.904614279909682e-05,-0.01877991671099156
86.81999999997906,-1.0,-1.1113426138596936,3.8669186941633965e-05,3.900531875390682e-05,-0.03766197299542769
86.83999999997901,-1.0,-1.1108606814479982,3.8796722489911084e-05,3.897992737959421e-05,-0.04690457781737116
86.85999999997897,-1.0,-1.1103868041559675,3.890764241982595e-05,3.8968651929302965e-05,-0.04224788870643988
86.87999999997892,-1.0,-1.1099210272514097,3.895997085125834e-05,3.896618527539091e-05,-0.025530724642955846
86.89999999997887,-1.0,-1.109460353322436,3.8931519124640915e-05,3.8964751936379523e-05,-0.0034358355082849176
86.91999999997883,-1.0,-1.1090000566009595,3.8815766618736937e-05,3.89560705562115e-05,0.016269825816380923
86.93999999997878,-1.0,-1.1085355031109967,3.862117788957981e-05,3.893280870338986e-05,0.02803425591985584
86.95999999997873,-1.0,-1.1080638793390054,3.837612297983112e-05,3.8890150418917626e-05,0.029945747363709595
86.97999999997869,-1.0,-1.1075854489872075,3.813536262364436e-05,3.882783533006585e-05,0.023461322148214593
86.99999999997864,-1.0,-1.1071027140729681,3.7979025768447275e-05,3.87522527172172e-05,0.010829180367589368
87.0199999999786,-1.0,-1.106619222060271,3.7974678295289476e-05,3.867689697608788e-05,-0.007465090062833128
87.03999999997855,-1.0,-1.1061386495556027,3.8064622396665056e-05,3.861428094345834e-05,-0.029842834531682613
87.0599999999785,-1.0,-1.1056617609275972,3.8169208410083746e-05,3.8567235865763944e-05,-0.051776640357068714
87.07999999997845,-1.0,-1.105189503779065,3.829090685575604e-05,3.853549985580904e-05,-0.06730881561706001
87.09999999997841,-1.0,-1.1047243817159178,3.8418045631053024e-05,3.851903009896563e-05,-0.07048311635440675
87.11999999997836,-1.0,-1.1042678809327517,3.850552089941319e-05,3.8514516035050626e-05,-0.059878368333471564
87.13999999997831,-1.0,-1.1038184658943884,3.8520830511591625e-05,3.851511562259977e-05,-0.04009201484516123
87.15999999997827,-1.0,-1.1033720625068861,3.8450074623524604e-05,3.8512579014332465e-05,-0.018778396008299895
87.17999999997822,-1.0,-1.1029237602964266,3.829389448283238e-05,3.849889455455139e-05,-0.002863687357764973
87.19999999997817,-1.0,-1.1024696024136404,3.806987237155019e-05,3.846774369763477e-05,0.003859769765904257
87.21999999997813,-1.0,-1.1020081233714096,3.7819147567510306e-05,3.8416293167285925e-05,0.0012012292737979256
87.23999999997808,-1.0,-1.1015409762639254,3.7609604540691445e-05,3.83473502539773e-05,-0.008483362991711643
87.25999999997804,-1.0,-1.101070957612023,3.752666229744374e-05,3.827110949175395e-05,-0.024058823639058095
87.27999999997799,-1.0,-1.1006022690998967,3.758454869175133e-05,3.8202273430835656e-05,-0.04489460722482065
87.29999999997794,-1.0,-1.1001371537095606,3.768500862178916e-05,3.8148507820930504e-05,-0.0678771658199496
87.3199999999779,-1.0,-1.09967595509358,3.779660620291089e-05,3.8109999044758166e-05,-0.08759006227229903
87.33999999997785,-1.0,-1.0992205846146414,3.792639949334987e-05,3.808689949121473e-05,-0.09775247351505942
87.3599999999778,-1.0,-1.0987734472333075,3.8039861621871554e-05,3.807792940675428e-05,-0.09405328900937994
87.37999999997776,-1.0,-1.0983346327950294,3.8094735251736134e-05,3.807779362450609e-05,-0.07821093064276156
87.39999999997771,-1.0,-1.097901188089116,3.806850332053043e-05,3.807869652181766e-05,-0.05675896756557285
87.41999999997766,-1.0,-1.097468406080428,3.795445655485388e-05,3.807231337833475e-05,-0.03734554786052899
87.43999999997762,-1.0,-1.0970316192632454,3.776110911623761e-05,3.805126711784157e-05,-0.025486683477295432
87.45999999997757,-1.0,-1.0965879035980675,3.751697018901022e-05,3.801071331030939e-05,-0.023175380198550057
87.47999999997752,-1.0,-1.0961373165889061,3.727662332888165e-05,3.795036552412909e-05,-0.029159304459699394
87.49999999997748,-1.0,-1.0956821713079359,3.712016778801305e-05,3.787657147882655e-05,-0.04139510683133512
87.51999999997743,-1.0,-1.095226048193616,3.711578657343572e-05,3.7802819474201064e-05,-0.0594291218857532
87.53999999997738,-1.0,-1.094772756748055,3.7205441466268646e-05,3.774164584729136e-05,-0.08164099222216734
87.55999999997734,-1.0,-1.0943230939119026,3.7309544349587587e-05,3.769585823645265e-05,-0.10350558076402712
87.57999999997729,-1.0,-1.0938780320630346,3.743135993885285e-05,3.7665243319164844e-05,-0.1190900892970794
87.59999999997724,-1.0,-1.093440118692762,3.7559212365461124e-05,3.7649831598710966e-05,-0.12242248231611948
87.6199999999772,-1.0,-1.0930108996509502,3.7647792783763076e-05,3.7646365785072674e-05,-0.11198353427062863
87.63999999997715,-1.0,-1.0925889094763743,3.7664258026024555e-05,3.764802461009836e-05,-0.0922099737823296
87.6599999999771,-1.0,-1.092170130799939,3.759440237968248e-05,3.7646544598635236e-05,-0.07059673110108522
87.67999999997706,-1.0,-1.0917496634330432,3.743876938375087e-05,3.7633882638890765e-05,-0.05398073514748113
87.69999999997701,-1.0,-1.0913234849087836,3.721505812420483e-05,3.7603695026135364e-05,-0.046185292912219345
87.71999999997696,-1.0,-1.0908899622788166,3.696444219485797e-05,3.755313599690871e-05,-0.04757420183523835
87.73999999997692,-1.0,-1.0904504932739114,3.675453542126941e-05,3.748498456056913e-05,-0.056069529086346305
87.75999999997687,-1.0,-1.0900077887305542,3.667082169070923e-05,3.7409399497655674e-05,-0.07066152661621841
87.77999999997682,-1.0,-1.089566171634983,3.672795315712059e-05,3.734108786689073e-05,-0.09068140573689021
87.79999999997678,-1.0,-1.0891279764138913,3.6827122861220965e-05,3.728769357426036e-05,-0.11297721588938044
87.81999999997673,-1.0,-1.0886935708266052,3.6937777819268455e-05,3.7249409252415595e-05,-0.13215044644199997
87.83999999997668,-1.0,-1.0882649083897593,3.706730216904276e-05,3.722645873780431e-05,-0.141933192067736
87.85999999997664,-1.0,-1.0878444533220992,3.71810661731788e-05,3.7217629410924326e-05,-0.137959029435716
87.87999999997659,-1.0,-1.0874323731969193,3.72365901547746e-05,3.72176706512967e-05,-0.12180496872792469
87.89999999997654,-1.0,-1.0870257963060723,3.721106903900878e-05,3.721880111671424e-05,-0.09982711649947561
87.9199999999765,-1.0,-1.0866200685680671,3.709761010174189e-05,3.721268586744726e-05,-0.07953639082874125
87.93999999997645,-1.0,-1.0862105122781407,3.690474272377432e-05,3.719193156977446e-05,-0.0664163745857407
87.9599999999764,-1.0,-1.0857940969635136,3.666105663246867e-05,3.71516860699363e-05,-0.06257038320618785
87.97999999997636,-1.0,-1.0853706551995055,3.6420907708949095e-05,3.709165066007166e-05,-0.0669999854791465
87.99999999997631,-1.0,-1.084942287861153,3.6264105851562884e-05,3.701813054101778e-05,-0.07790310004280197
88.01999999997626,-1.0,-1.0845126007367207,3.6259044751589e-05,3.694457065670114e-05,-0.09484297333808796
88.03999999997622,-1.0,-1.0840855295363645,3.634746709914424e-05,3.6883481568986496e-05,-0.11612786608380143
88.05999999997617,-1.0,-1.0836619073765426,3.64501709844576e-05,3.683763394895081e-05,-0.13722321395050485
88.07999999997612,-1.0,-1.0832427417046804,3.6571186345676024e-05,3.6806861347696096e-05,-0.15222020669783934
88.09999999997608,-1.0,-1.0828306335784497,3.669883397281978e-05,3.679126311922761e-05,-0.1551342594087329
88.11999999997603,-1.0,-1.0824272004678097,3.678768836261021e-05,3.678763573722538e-05,-0.14434778387848532
88.13999999997598,-1.0,-1.0820310645582416,3.6804726871588786e-05,3.678919216063814e-05,-0.12413093606353437
88.15999999997594,-1.0,-1.0816382892752638,3.6735577496205526e-05,3.6787682421566486e-05,-0.1018135389031493
88.17999999997589,-1.0,-1.0812440131994072,3.658072957592139e-05,3.6775065189103125e-05,-0.08414289757808273
88.19999999997584,-1.0,-1.0808441745416,3.63579175416628e-05,3.674499901689077e-05,-0.07497892522365429
88.2199999999758,-1.0,-1.0804369895131982,3.610822269618988e-05,3.669463922238819e-05,-0.07486676541036838
88.23999999997575,-1.0,-1.0800236043265585,3.589881554406328e-05,3.6626736531995344e-05,-0.08201179517929345
88.2599999999757,-1.0,-1.0796066282888652,3.5814834015408554e-05,3.65513830471163e-05,-0.09552032629723164
88.27999999997566,-1.0,-1.079190468559253,3.5871155478665786e-05,3.64832285244232e-05,-0.11466663400398507
88.29999999997561,-1.0,-1.078777526015343,3.596887469088322e-05,3.642985903913812e-05,-0.13624896350055385
88.31999999997556,-1.0,-1.078368195220689,3.607847291714349e-05,3.63914736140467e-05,-0.1548844634803523
88.33999999997552,-1.0,-1.0779644790320106,3.620754476544983e-05,3.6368363833493466e-05,-0.16432093472202078
88.35999999997547,-1.0,-1.0775689039305594,3.6321344427244165e-05,3.635937391580181e-05,-0.1601434071594834
88.37999999997542,-1.0,-1.0771817176007559,3.6377306186064724e-05,3.635929557965248e-05,-0.14379670112844123
88.39999999997538,-1.0,-1.0768001376600942,3.635252812535891e-05,3.636037671762194e-05,-0.1214691791521593
88.41999999997533,-1.0,-1.0764195805725958,3.624006258440749e-05,3.635430143284125e-05,-0.10054228111007603
88.43999999997529,-1.0,-1.0760353848801647,3.6048441296882206e-05,3.63336917019669e-05,-0.08646937103674941
88.45999999997524,-1.0,-1.0756444432203487,3.5806197746353684e-05,3.6293707664512973e-05,-0.0814564226763182
88.47999999997519,-1.0,-1.0752463909094079,3.5567321926243096e-05,3.6234042427262366e-05,-0.084738354949113
88.49999999997515,-1.0,-1.0748431245119998,3.541102995979066e-05,3.616094283765364e-05,-0.09473016859222146
88.5199999999751,-1.0,-1.0744382389972382,3.5405604796679566e-05,3.608776200222008e-05,-0.11099876472698486
88.53999999997505,-1.0,-1.0740357490830017,3.549284592037345e-05,3.60269378529065e-05,-0.13177732110657528
88.559999999975,-1.0,-1.0736365149151508,3.559435095467572e-05,3.598120528434064e-05,-0.15252167764488975
88.57999999997496,-1.0,-1.073241588706356,3.571483320450289e-05,3.5950457646872926e-05,-0.16734917368807004
88.59999999997491,-1.0,-1.0728536294772715,3.584245624542686e-05,3.593485950903961e-05,-0.17026792079670017
88.61999999997487,-1.0,-1.0724743234307708,3.593169688428904e-05,3.593125218780516e-05,-0.15957398403101153
88.63999999997482,-1.0,-1.0721023765105475,3.5949487329696234e-05,3.59328835038025e-05,-0.13938864780596363
88.65999999997477,-1.0,-1.0717339354620499,3.588143123254533e-05,3.593153170328517e-05,-0.11689335159170978
88.67999999997473,-1.0,-1.0713641909619793,3.5728018285460915e-05,3.5919180035545526e-05,-0.09875400097424264
88.69999999997468,-1.0,-1.0709890650206022,3.550694748842943e-05,3.588950838728592e-05,-0.0888606775354183
88.71999999997463,-1.0,-1.0706066524378128,3.5259073130079983e-05,3.5839679370302534e-05,-0.0879153154233908
88.73999999997459,-1.0,-1.0702178760622918,3.505096036928696e-05,3.577240795508404e-05,-0.09436816028883631
88.75999999997454,-1.0,-1.0698252310594183,3.4967123668324746e-05,3.569768954729765e-05,-0.10742110132857027
88.77999999997449,-1.0,-1.0694331607819225,3.502265866207581e-05,3.563007248093007e-05,-0.1262916257551379
88.79999999997445,-1.0,-1.0690441081640967,3.511909531603517e-05,3.557707829955782e-05,-0.14773355559769216
88.8199999999744,-1.0,-1.068658504772648,3.522805921299001e-05,3.5538939598121954e-05,-0.16638326253705665
88.83999999997435,-1.0,-1.0682784129375162,3.535714503933477e-05,3.551602945487575e-05,-0.17600758592075122
88.8599999999743,-1.0,-1.0679064212124354,3.547138317281114e-05,3.55072449422387e-05,-0.1721504522824003
88.87999999997426,-1.0,-1.0675428504400193,3.552814726309571e-05,3.550741395653224e-05,-0.15614050592612191
88.89999999997421,-1.0,-1.0671850006475225,3.5504521903129753e-05,3.5508814201522175e-05,-0.13401775751315753
88.91999999997417,-1.0,-1.0668283582531728,3.539356760138594e-05,3.5503156773302716e-05,-0.11304806398299373
88.93999999997412,-1.0,-1.0664682867164164,3.520381041439486e-05,3.548308861483522e-05,-0.09865543996217435
88.95999999997407,-1.0,-1.0661016197112303,3.496364969308205e-05,3.544378615327292e-05,-0.0931320559360448
88.97999999997403,-1.0,-1.0657278204749858,3.472661156280945e-05,3.538492898238363e-05,-0.09591250071801646
88.99999999997398,-1.0,-1.0653485921979213,3.457114604029904e-05,3.531268836982607e-05,-0.10559763629491227
89.01999999997393,-1.0,-1.0649674889200202,3.456529126198894e-05,3.524029278146324e-05,-0.12175389017238791
89.03999999997389,-1.0,-1.0645885711101386,3.465128577411515e-05,3.518008975256623e-05,-0.1425480778937811
89.05999999997384,-1.0,-1.0642127314492957,3.4751891086461e-05,3.513480737248329e-05,-0.16343288999065309
89.0799999999738,-1.0,-1.0638410827725762,3.4872357309182656e-05,3.510442990141597e-05,-0.1785553673813307
89.09999999997375,-1.0,-1.063476347766654,3.5000501740184173e-05,3.5089195942111436e-05,-0.18191951314079435
89.1199999999737,-1.0,-1.0631202777351147,3.509063737278243e-05,3.508598837656904e-05,-0.17174421957244565
89.13999999997365,-1.0,-1.0627716540886776,3.510965092137092e-05,3.5088084465435135e-05,-0.15201716398929252
89.1599999999736,-1.0,-1.0624266991229567,3.5043142798351746e-05,3.508728723132331e-05,-0.12978584944828087
89.17999999997356,-1.0,-1.062080652455173,3.48916093719299e-05,3.507560282963834e-05,-0.11164108855884615
89.19999999997351,-1.0,-1.061729423715266,3.467269085798636e-05,3.5046730015485646e-05,-0.10149676482569395
89.21999999997347,-1.0,-1.061370997936713,3.442696290218755e-05,3.499783267025773e-05,-0.10019154984520524
89.23999999997342,-1.0,-1.061006089211594,3.4220304229279174e-05,3.49315782807789e-05,-0.10639191902400279
89.25999999997337,-1.0,-1.0606370689729014,3.413647883676393e-05,3.485784437016067e-05,-0.11938407956177696
89.27999999997333,-1.0,-1.0602683884008604,3.419091220350641e-05,3.4791054842114044e-05,-0.13833406070686352
89.29999999997328,-1.0,-1.0599025286723125,3.4286075234137134e-05,3.473868273716515e-05,-0.15995950926810548
89.31999999997323,-1.0,-1.0595399773764234,3.439476223706773e-05,3.4701034952418433e-05,-0.17892097675492757
89.33999999997319,-1.0,-1.0591828679836874,3.452436523132982e-05,3.467858859827643e-05,-0.18900644272448414
89.35999999997314,-1.0,-1.0588338527725185,3.4639572562652826e-05,3.467029858522972e-05,-0.18572204003814102
89.3799999999731,-1.0,-1.0584933211114123,3.469763753510314e-05,3.4671025765521275e-05,-0.1702885298595007
89.39999999997305,-1.0,-1.0581586477344498,3.467559980281957e-05,3.467307066342249e-05,-0.14860795873851107
89.419999999973,-1.0,-1.0578253812003953,3.456651093446992e-05,3.4668162883621576e-05,-0.12783778679280428
89.43999999997295,-1.0,-1.0574889046066436,3.437888265039393e-05,3.4648965502996256e-05,-0.11337272080256973
89.45999999997291,-1.0,-1.057145992352591,3.414097142626745e-05,3.461066255428047e-05,-0.10758264231216637
89.47999999997286,-1.0,-1.0567959405669347,3.390580615320418e-05,3.4552910326090046e-05,-0.11008592597934537
89.49999999997281,-1.0,-1.0564402590926674,3.3751000697833626e-05,3.44817905473737e-05,-0.11965617040629913
89.51999999997277,-1.0,-1.0560824441976109,3.374428944400888e-05,3.441038659112195e-05,-0.13585946983603633
89.53999999997272,-1.0,-1.055726590554942,3.382872755826386e-05,3.435095224626469e-05,-0.1568021888981986
89.55999999997267,-1.0,-1.0553736399795848,3.392852634321762e-05,3.430624585541322e-05,-0.17793945316673757
89.57999999997263,-1.0,-1.0550247828883825,3.404930725699785e-05,3.427637538790427e-05,-0.19345078158648943
89.59999999997258,-1.0,-1.054682811902487,3.4178401833965215e-05,3.426166697332453e-05,-0.1973371239360949
89.61999999997253,-1.0,-1.0543495433473804,3.426987903230927e-05,3.4259047590001505e-05,-0.18774305229408225
89.63999999997249,-1.0,-1.0540238301279703,3.429051851318289e-05,3.426181964820869e-05,-0.16852768322329229
89.65999999997244,-1.0,-1.0537019636006941,3.422587269394498e-05,3.426180205019253e-05,-0.14660934259647362
89.6799999999724,-1.0,-1.0533792248185685,3.4076422297779364e-05,3.425101267358043e-05,-0.12850567597647333
89.69999999997235,-1.0,-1.0530515047021873,3.385975062949653e-05,3.42231582437456e-05,-0.11815235600949554
89.7199999999723,-1.0,-1.0527166752050006,3.361615623831182e-05,3.417539453914162e-05,-0.11651922428716793
89.73999999997226,-1.0,-1.0523752397849797,3.34107979841707e-05,3.4110331404407325e-05,-0.1224818233455961
89.75999999997221,-1.0,-1.0520294374584473,3.332660306725656e-05,3.403771362234464e-05,-0.1354086520536394
89.77999999997216,-1.0,-1.0516837141083604,3.3379428807955026e-05,3.397182448708057e-05,-0.1544156688544241
89.79999999997212,-1.0,-1.0513405964275555,3.3473135745859895e-05,3.392010704947019e-05,-0.17618802098506037
89.81999999997207,-1.0,-1.051000648156597,3.3581665800503125e-05,3.3882979921700626e-05,-0.1954138839439291
89.83999999997202,-1.0,-1.0506660842085407,3.371205124272707e-05,3.386104430504849e-05,-0.205903477465916
89.85999999997198,-1.0,-1.050339623775488,3.382855688748317e-05,3.385332054570497e-05,-0.20312582717840577
89.87999999997193,-1.0,-1.0500217245060344,3.388825323548162e-05,3.385470279279947e-05,-0.18819525044661628
89.89999999997188,-1.0,-1.0497098329369443,3.386808104182076e-05,3.3857509144546556e-05,-0.16687763832071995
89.91999999997184,-1.0,-1.0493995545186605,3.3761046305358234e-05,3.385347864670364e-05,-0.14622328328576512
89.93999999997179,-1.0,-1.0490862854547482,3.3575636754657766e-05,3.383528020427766e-05,-0.13159770639698457
89.95999999997174,-1.0,-1.0487667347782919,3.333997589466751e-05,3.3798096435194524e-05,-0.12544771011750772
89.9799999999717,-1.0,-1.0484400264682412,3.310658687710354e-05,3.3741552516747565e-05,-0.12757426413959777
89.99999999997165,-1.0,-1.0481074705819264,3.295219162327776e-05,3.367163041364714e-05,-0.13692312991017083
90.0199999999716,-1.0,-1.0477724946353535,3.294413421665995e-05,3.3601250647631874e-05,-0.15305932946371892
90.03999999997156,-1.0,-1.04743922327641,3.302661498357374e-05,3.3542568182623826e-05,-0.17402866783982987
90.05999999997151,-1.0,-1.047108664588126,3.312554009106828e-05,3.349840272502469e-05,-0.1952913382153534
90.07999999997146,-1.0,-1.0467821010227307,3.324674728505648e-05,3.346901178372657e-05,-0.21106103624750516
90.09999999997142,-1.0,-1.0464624006332321,3.337699045632715e-05,3.345481985009761e-05,-0.2153362251608242
90.11999999997137,-1.0,-1.0461514466590982,3.347004226872509e-05,3.345280163671068e-05,-0.20618757735197607
90.13999999997132,-1.0,-1.0458481634313286,3.3492531435406556e-05,3.34562835204766e-05,-0.18734601227588346
90.15999999997128,-1.0,-1.0455489093377832,3.3429926512375794e-05,3.345709539191009e-05,-0.16560101642917996
90.17999999997123,-1.0,-1.0452490030356456,3.328267285530701e-05,3.344725979507365e-05,-0.14739737092215222
90.19999999997118,-1.0,-1.0449443119979938,3.306829639194622e-05,3.3420484220461825e-05,-0.13669295531175654
90.21999999997114,-1.0,-1.0446325903350364,3.282682137645177e-05,3.337391018339512e-05,-0.13458953712713645
90.23999999997109,-1.0,-1.0443141254738084,3.2622655021203646e-05,3.331008303195885e-05,-0.1401727059192988
90.25999999997104,-1.0,-1.043991015600994,3.2537772938212455e-05,3.323860151617384e-05,-0.15289288908783794
90.279999999971,-1.0,-1.0436676899952086,3.2588511824802207e-05,3.3173589232410845e-05,-0.1718134059612337
90.29999999997095,-1.0,-1.0433467268492724,3.2680538418861855e-05,3.312247096105479e-05,-0.19358702213313486
90.3199999999709,-1.0,-1.0430287829459077,3.2788915378331306e-05,3.308580648518154e-05,-0.2129314825626475
90.33999999997086,-1.0,-1.0427161628922674,3.292018505844431e-05,3.306433531446294e-05,-0.22368009154408539
90.35999999997081,-1.0,-1.0424116557490297,3.303813660652716e-05,3.3057148409741865e-05,-0.22126552972139776
90.37999999997076,-1.0,-1.0421157885555887,3.309962781340805e-05,3.3059174294003956e-05,-0.20669630680842385
90.39999999997072,-1.0,-1.041826079562858,3.308147778868546e-05,3.306274718811205e-05,-0.18560272715673998
90.41999999997067,-1.0,-1.0415381898812193,3.297662995724183e-05,3.305961238148713e-05,-0.16492847663885454
90.43999999997062,-1.0,-1.0412475267692818,3.279353897314798e-05,3.3042440503278304e-05,-0.15001043224752827
90.45999999997058,-1.0,-1.0409507315256274,3.256019169421169e-05,3.300640852056709e-05,-0.143372792032602
90.47999999997053,-1.0,-1.0406467533254111,3.2328590523260736e-05,3.2951105949465316e-05,-0.14499931655949702
90.49999999997048,-1.0,-1.040336697270666,3.217448628179332e-05,3.288240659716023e-05,-0.15400742937705425
90.51999999997044,-1.0,-1.0400239103280102,3.2164704060632256e-05,3.281304862398793e-05,-0.16995836386293928
90.53999999997039,-1.0,-1.0397125393405107,3.224488363747074e-05,3.2755077505241104e-05,-0.19083509422294406
90.55999999997034,-1.0,-1.0394036717043331,3.234286119129862e-05,3.271139849911173e-05,-0.2121041265527315
90.5799999999703,-1.0,-1.0390986937220181,3.246454656401602e-05,3.268243845893643e-05,-0.2280145143729412
90.59999999997025,-1.0,-1.038800553158691,3.259603853229699e-05,3.266872691353714e-05,-0.23256320711863201
90.6199999999702,-1.0,-1.0385112015232854,3.2690785498631844e-05,3.266728801477132e-05,-0.22374845775000796
90.63999999997016,-1.0,-1.0382296348649886,3.2715255388174314e-05,3.267147209363691e-05,-0.2051747252271265
90.65999999997011,-1.0,-1.0379522784220472,3.2654827191298723e-05,3.267311936407888e-05,-0.18350433057845478
90.67999999997006,-1.0,-1.0376744881972675,3.2509903990686245e-05,3.266425585003901e-05,-0.16511034236060612
90.69999999997002,-1.0,-1.037392108182933,3.229794441998683e-05,3.263858791681502e-05,-0.15397299994844815
90.71999999996997,-1.0,-1.0371027749196047,3.205868464681958e-05,3.259323997723375e-05,-0.15132474436215348
90.73999999996992,-1.0,-1.0368065592334235,3.1855737256708915e-05,3.253068793032893e-05,-0.1564584820797686
90.75999999996988,-1.0,-1.0365054108092815,3.176998769209533e-05,3.246037098669437e-05,-0.16890364714441025
90.77999999996983,-1.0,-1.0362037271186928,3.181826851686289e-05,3.239623110277474e-05,-0.187667834383591
90.79999999996978,-1.0,-1.0359041391038535,3.190845585357301e-05,3.2345681883257225e-05,-0.209371343024595
90.81999999996974,-1.0,-1.0356074104376223,3.2016707955892985e-05,3.2309448995854885e-05,-0.228762997995246
90.83999999996969,-1.0,-1.0353159421956566,3.214895147817028e-05,3.2288420716927435e-05,-0.23970009901467287
90.85999999996965,-1.0,-1.0350325951106725,3.226845626821167e-05,3.22817608522856e-05,-0.23758072248007053
90.8799999999696,-1.0,-1.034757965601702,3.233185908370881e-05,3.228443225319054e-05,-0.22331039961585072
90.89999999996955,-1.0,-1.0344896431544899,3.23158612969077e-05,3.228878522735694e-05,-0.20238708379254197
90.9199999999695,-1.0,-1.034223344465459,3.221334553872043e-05,3.228657161471968e-05,-0.1816504130133547
90.93999999996946,-1.0,-1.0339544887244196,3.2032725905246057e-05,3.2270463752703226e-05,-0.16640943031615954
90.95999999996941,-1.0,-1.0336796515012334,3.180183623436307e-05,3.223563171940399e-05,-0.15926396944935295
90.97999999996937,-1.0,-1.0333976100238498,3.157213419135676e-05,3.218162634939592e-05,-0.1603758683174076
90.99999999996932,-1.0,-1.0331092632746393,3.141831015182983e-05,3.21142055353489e-05,-0.1690288520370261
91.01999999996927,-1.0,-1.0328178642433619,3.140653246874912e-05,3.20459052060482e-05,-0.18477703387062103
91.03999999996923,-1.0,-1.0325275700514145,3.148415965574525e-05,3.198864912383438e-05,-0.20553953551778084
91.05999999996918,-1.0,-1.03223955741572,3.158118158651785e-05,3.194544951628443e-05,-0.22679067586076515
91.07999999996913,-1.0,-1.031955326662712,3.1703439399295796e-05,3.191691968984258e-05,-0.24281596794745497
91.09999999996909,-1.0,-1.0316779084676106,3.183629788942274e-05,3.190369849543233e-05,-0.24761214147071006
91.11999999996904,-1.0,-1.0314093225842829,3.19328606441012e-05,3.190285936403087e-05,-0.23910803986775905
91.13999999996899,-1.0,-1.0311486356140955,3.195943899450152e-05,3.190777597493585e-05,-0.22078603056537924
91.15999999996895,-1.0,-1.0308923386878996,3.1901330860001545e-05,3.191029908060564e-05,-0.19918548018911383
91.1799999999689,-1.0,-1.0306358254364927,3.175889706347373e-05,3.19024588104866e-05,-0.18061007201971027
91.19999999996885,-1.0,-1.0303749184108886,3.1549516020865285e-05,3.187796027275958e-05,-0.16906149953857744
91.2199999999688,-1.0,-1.0301071404786746,3.131261507080838e-05,3.1833908946390246e-05,-0.16589801836865917
91.23999999996876,-1.0,-1.0298323499668764,3.11109687013088e-05,3.1772706907541205e-05,-0.17061179490986053
91.25999999996871,-1.0,-1.0295523417793258,3.1024240868318556e-05,3.170362115090571e-05,-0.18280628635992202
91.27999999996867,-1.0,-1.0292714645813363,3.1069774397048463e-05,3.1640391270791905e-05,-0.2014317300815569
91.29999999996862,-1.0,-1.0289924011759488,3.1158036909792756e-05,3.1590426579888526e-05,-0.22307714327559275
91.31999999996857,-1.0,-1.0287160343434398,3.126624989700448e-05,3.155464156960337e-05,-0.2425240474733068
91.33999999996853,-1.0,-1.0284448673708608,3.1399600095283234e-05,3.1534082208834195e-05,-0.2536545995023806
91.35999999996848,-1.0,-1.0281818334188442,3.1520794621707304e-05,3.152798596884495e-05,-0.251834495265794
91.37999999996843,-1.0,-1.0279275968785802,3.158624341256868e-05,3.153134887206445e-05,-0.23787072893586206
91.39999999996839,-1.0,-1.02767981654496,3.15725382207109e-05,3.1536536611158175e-05,-0.21713422675655736
91.41999999996834,-1.0,-1.0274342636482154,3.1472506463992604e-05,3.153530768079033e-05,-0.196364615421991
91.4399999999683,-1.0,-1.0271863701032238,3.129451590842277e-05,3.152033618472434e-05,-0.18084395076154777
91.45999999996825,-1.0,-1.0269326489273394,3.1066231035574885e-05,3.148678420615326e-05,-0.1732441723766383
91.4799999999682,-1.0,-1.026671710845398,3.0838542529526246e-05,3.143416103717651e-05,-0.17389709330133227
91.49999999996815,-1.0,-1.0264042501787396,3.068500385688322e-05,3.136810172848224e-05,-0.18224454713094843
91.5199999999681,-1.0,-1.026133413186297,3.067100674042873e-05,3.130092258993407e-05,-0.1978307992911017
91.53999999996806,-1.0,-1.0258633551536798,3.074589183702676e-05,3.124441581152819e-05,-0.21851180766667103
91.55999999996801,-1.0,-1.025595351178527,3.0841998867703555e-05,3.120172148371124e-05,-0.23977173139688895
91.57999999996797,-1.0,-1.025331024608413,3.096496219256605e-05,3.1173655050271364e-05,-0.2559335469288585
91.59999999996792,-1.0,-1.0250734913879163,3.109933694969832e-05,3.116096813516014e-05,-0.26099494817015273
91.61999999996787,-1.0,-1.0248248386008487,3.119786055477868e-05,3.1160782621200254e-05,-0.25281883616718936
91.63999999996783,-1.0,-1.0245842011022397,3.1226688442984914e-05,3.116649407688638e-05,-0.2347709007729691
91.65999999996778,-1.0,-1.0243481336980076,3.1171043149846194e-05,3.116996292015942e-05,-0.21327279117828027
91.67999999996773,-1.0,-1.0241120668078676,3.1031243014616e-05,3.116322288415508e-05,-0.1945615446632863
91.69999999996769,-1.0,-1.023871802992238,3.08245766097666e-05,3.113997683421086e-05,-0.1826589189906939
91.71999999996764,-1.0,-1.0236247556924172,3.059014694208021e-05,3.109730915073653e-05,-0.17904280256672064
91.7399999999676,-1.0,-1.023370576215454,3.03898577004748e-05,3.103754409392423e-05,-0.18339488399239576
91.75999999996755,-1.0,-1.02311090002053,3.0302045264960036e-05,3.096976599424481e-05,-0.19538755333332827
91.7799999999675,-1.0,-1.0228500117361665,3.0344582730306093e-05,3.090749517794992e-05,-0.2139133492679507
91.79999999996745,-1.0,-1.0225906457070755,3.0430872278275297e-05,3.0858144864716436e-05,-0.2355320118983754
91.81999999996741,-1.0,-1.0223338149290808,3.0539153085730256e-05,3.082283965879999e-05,-0.2550593617104589
91.83999999996736,-1.0,-1.0220821296136289,3.067375841337878e-05,3.080279104898392e-05,-0.26640304011760774
91.85999999996731,-1.0,-1.0218385954998226,3.079679307176517e-05,3.0797310721459545e-05,-0.26489841759143645
91.87999999996727,-1.0,-1.0216039429828012,3.0864430236587846e-05,3.080142638257848e-05,-0.2512584864983842
91.89999999996722,-1.0,-1.021375897461041,3.085315325986543e-05,3.0807517518228004e-05,-0.23073270359363104
91.91999999996717,-1.0,-1.0211502825805694,3.075573547543294e-05,3.080734801484258e-05,-0.20996487041320325
91.93999999996713,-1.0,-1.0209225426013884,3.058049385127975e-05,3.079359242921669e-05,-0.19421086272556523
91.95999999996708,-1.0,-1.02068913027655,3.0354913960986294e-05,3.0761402944318177e-05,-0.18621103112380016
91.97999999996703,-1.0,-1.0204484949972452,3.0129305894769054e-05,3.071024448675269e-05,-0.18645895202117663
91.99999999996699,-1.0,-1.0202011286772363,2.9976031066681832e-05,3.0645623735381956e-05,-0.19454658590569604
92.01999999996694,-1.0,-1.019950060452082,2.9959606925425592e-05,3.057962367962525e-05,-0.21000642352975968
92.0399999999669,-1.0,-1.019699433968184,3.003159226441853e-05,3.052389818049443e-05,-0.23063263475445966
92.05999999996685,-1.0,-1.0194506314130858,3.012683526572461e-05,3.0481734918154973e-05,-0.2519212887794876
92.0799999999668,-1.0,-1.019205406775299,3.0250633289011014e-05,3.045416505759525e-05,-0.26823357260469727
92.09999999996676,-1.0,-1.0189669628777753,3.0386668627203676e-05,3.044205584586677e-05,-0.2735690378217237
92.11999999996671,-1.0,-1.0187374529499902,3.0487292312643584e-05,3.0442576829734095e-05,-0.26572777370818995
92.13999999996666,-1.0,-1.0185160775803705,3.051849882253533e-05,3.0449143735674048e-05,-0.24796384051042603
92.15999999996662,-1.0,-1.018299452535402,3.046543461508064e-05,3.045362489750882e-05,-0.22658608675070113
92.17999999996657,-1.0,-1.0180830433060948,3.032837322516483e-05,3.0448055945850245e-05,-0.20776748097271824
92.19999999996652,-1.0,-1.0178626328330131,3.012450808326572e-05,3.04261355706256e-05,-0.1955486001491589
92.21999999996648,-1.0,-1.017635528404048,2.9892610692197655e-05,3.038492469474883e-05,-0.19152138010853662
92.23999999996643,-1.0,-1.0174011793278028,2.9693694180907993e-05,3.0326666542941163e-05,-0.1955483219047077
92.25999999996638,-1.0,-1.0171610584599278,2.9604685612094787e-05,3.0260254980757277e-05,-0.20736647839575711
92.27999999996634,-1.0,-1.0169193742345792,2.9644007269751962e-05,3.019897800411308e-05,-0.22581080022845515
92.29999999996629,-1.0,-1.0166789132645626,2.9728289192962546e-05,3.0150261280260185e-05,-0.24741373674431807
92.31999999996624,-1.0,-1.0164408284291977,2.983673180336756e-05,3.011545794788302e-05,-0.2670267031029873
92.3399999999662,-1.0,-1.0162078404020065,2.9972719075199216e-05,3.009595118113308e-05,-0.2785831573878564
92.35999999996615,-1.0,-1.0159830272830888,3.0097722750441323e-05,3.009112725572174e-05,-0.2773898621377803
92.3799999999661,-1.0,-1.0157671835336175,3.016766851583149e-05,3.0096044197729316e-05,-0.2640698051860391
92.39999999996606,-1.0,-1.015558098461374,3.0158927901299523e-05,3.01030934811368e-05,-0.24375592699086684
92.41999999996601,-1.0,-1.0153516457203575,3.006421785250969e-05,3.010404251558801e-05,-0.22299996936071137
92.43999999996596,-1.0,-1.015143280894496,2.9891801040719517e-05,3.009156434111212e-05,-0.20703243308082944
92.45999999996592,-1.0,-1.0149293979126837,2.966898021786971e-05,3.0060799094772374e-05,-0.1986589658752008
92.47999999996587,-1.0,-1.0147082891765393,2.9445479526898444e-05,3.0011164986303805e-05,-0.19852790201431367
92.49999999996582,-1.0,-1.0144802466673277,2.929243057398287e-05,2.9948036410573543e-05,-0.20637456066680618
92.51999999996578,-1.0,-1.0142481744769134,2.927339463985621e-05,2.9883252667087866e-05,-0.22171818633142998
92.53999999996573,-1.0,-1.014016197081802,2.934234922269446e-05,2.9828324597154575e-05,-0.24229245652195974
92.55999999996568,-1.0,-1.0137858115880465,2.9436772515683957e-05,2.9786704685375234e-05,-0.26360706234992043
92.57999999996564,-1.0,-1.0135589086029917,2.9561507402140375e-05,2.9759650485253773e-05,-0.2800618016770765
92.59999999996559,-1.0,-1.013338778704709,2.9699315920370435e-05,2.9748146748062904e-05,-0.2856587385909868
92.61999999996554,-1.0,-1.0131276400216387,2.9802147501309042e-05,2.9749409926312654e-05,-0.2781378912634635
92.6399999999655,-1.0,-1.0129247565512915,2.9835830030980093e-05,2.97568743446233e-05,-0.2606461621806907
92.65999999996545,-1.0,-1.0127268024417313,2.978543116749627e-05,2.9762414496293063e-05,-0.23938399340815633
92.6799999999654,-1.0,-1.0125292764369773,2.965117681747862e-05,2.9758066067163762e-05,-0.22046265625333236
92.69999999996536,-1.0,-1.0123279418769646,2.9450162371079748e-05,2.973752161896563e-05,-0.2079405881699048
92.71999999996531,-1.0,-1.0121200026618051,2.9220825898252093e-05,2.969781662486296e-05,-0.203519023446293
92.73999999996526,-1.0,-1.0119047108219337,2.9023279802323932e-05,2.964111107552517e-05,-0.2072337765718363
92.75999999996522,-1.0,-1.0116833747640959,2.8932977456959685e-05,2.957610287367337e-05,-0.21888291287473424
92.77999999996517,-1.0,-1.0114601170548612,2.896890190304311e-05,2.9515837522809325e-05,-0.237243942384489
92.79999999996512,-1.0,-1.0112377775446946,2.905115371518286e-05,2.946776080389511e-05,-0.258823677468102
92.81999999996508,-1.0,-1.0110176568138596,2.91598326950236e-05,2.9433469176475625e-05,-0.27851000180123325
92.83999999996503,-1.0,-1.010802588325693,2.9297296380759677e-05,2.941452160944495e-05,-0.29026228241794416
92.85999999996498,-1.0,-1.010595721966024,2.9424362678343468e-05,2.9410378859721357e-05,-0.2893602042169586
92.87999999996494,-1.0,-1.01039791440729,2.9496702534389448e-05,2.941612803508767e-05,-0.2763404056500961
92.89999999996489,-1.0,-1.0102070164082746,2.9490572988235547e-05,2.9424171073360198e-05,-0.25622386299019323
92.91999999996484,-1.0,-1.0100189494281637,2.9398632497573676e-05,2.9426277322445873e-05,-0.23547376766980338
92.9399999999648,-1.0,-1.0098291794394323,2.922908678688139e-05,2.9415116639916918e-05,-0.21929609490336072
92.95999999996475,-1.0,-1.0096340429372659,2.9009054146291136e-05,2.9385815396255003e-05,-0.21055907775546373
92.9799999999647,-1.0,-1.0094316795976317,2.8787672559354936e-05,2.933774347035854e-05,-0.21005952629375313
92.99999999996466,-1.0,-1.0092221844932077,2.863481770816775e-05,2.927614053073471e-05,-0.21766998355188483
93.01999999996461,-1.0,-1.0090083306278983,2.8613023838379484e-05,2.921259445655687e-05,-0.23289515595782828
93.03999999996456,-1.0,-1.0087942170684676,2.8678851028881906e-05,2.915846954159362e-05,-0.25340938792788803
93.05999999996452,-1.0,-1.0085814622023714,2.8772496696141107e-05,2.9117397156364473e-05,-0.274737295123199
93.07999999996447,-1.0,-1.0083720975483859,2.88982465718133e-05,2.9090868844765273e-05,-0.2913173628350244
93.09999999996442,-1.0,-1.0081695016020749,2.9037908840994165e-05,2.9079987546681024e-05,-0.29715469630776603
93.11999999996438,-1.0,-1.0079759559869312,2.9143022321864953e-05,2.908201565174694e-05,-0.2899318653278767
93.13999999996433,-1.0,-1.0077907858896242,2.9179245834429737e-05,2.90904047427992e-05,-0.27269291491718217
93.15999999996428,-1.0,-1.0076107214811705,2.9131567277145047e-05,2.9097034134340333e-05,-0.25153413251159307
93.17999999996424,-1.0,-1.0074312931996334,2.9000163158421324e-05,2.9093938231192798e-05,-0.23250744077939284
93.19999999996419,-1.0,-1.0072482450509963,2.8802028745086914e-05,2.9074802053577033e-05,-0.21968830878695558
93.21999999996414,-1.0,-1.0070586805525972,2.8575268874053017e-05,2.903663424965253e-05,-0.21488277965307023
93.2399999999641,-1.0,-1.006861659613167,2.8379091601319053e-05,2.8981510350142666e-05,-0.2182927933745434
93.25999999996405,-1.0,-1.0066583255471548,2.8287426084654184e-05,2.8917928690728527e-05,-0.22977393960891165
93.279999999964,-1.0,-1.0064527070431188,2.831981969067912e-05,2.8858684474554496e-05,-0.24804654529686893
93.29999999996396,-1.0,-1.0062476977311106,2.8400038292681247e-05,2.8811250001881345e-05,-0.2695932323120989
93.31999999996391,-1.0,-1.0060447517572086,2.8509017755308807e-05,2.8777476247380402e-05,-0.28933884845665647
93.33999999996387,-1.0,-1.0058468165868417,2.8648028541753017e-05,2.8759100118333464e-05,-0.3012685799225348
93.35999999996382,-1.0,-1.0056571129132388,2.8777222279223252e-05,2.8755656103900527e-05,-0.3006365249639375
93.37999999996377,-1.0,-1.0054765576749047,2.8852012328074075e-05,2.8762259128962876e-05,-0.2878966297563357
93.39999999996373,-1.0,-1.005303060699895,2.88485414455991e-05,2.8771320379019764e-05,-0.2679624788384788
93.41999999996368,-1.0,-1.005132589250238,2.8759409334643716e-05,2.877461005232547e-05,-0.24721226449915337
93.43999999996363,-1.0,-1.004960619049179,2.8592762957337126e-05,2.876479372857975e-05,-0.23082833797277866
93.45999999996359,-1.0,-1.0047834309226369,2.837553516374961e-05,2.8736982864435788e-05,-0.22173883270258996
93.47999999996354,-1.0,-1.004599016597564,2.8156280818163204e-05,2.8690498083197447e-05,-0.22088272664094613
93.49999999996349,-1.0,-1.004407278150298,2.8003603137870806e-05,2.8630443125645846e-05,-0.2282636032709508
93.51999999996345,-1.0,-1.0042108529216647,2.797894985532848e-05,2.8568149057959286e-05,-0.24337049331167382
93.5399999999634,-1.0,-1.0040138090717647,2.8041592580486293e-05,2.8514831123189468e-05,-0.2638196805586063
93.55999999996335,-1.0,-1.003817891007873,2.813450818121097e-05,2.8474310645213422e-05,-0.2851517168756175
93.5799999999633,-1.0,-1.0036252738920959,2.826133755442774e-05,2.84483180134419e-05,-0.30184358687563145
93.59999999996326,-1.0,-1.0034394236396458,2.8402912486104566e-05,2.8438073937819688e-05,-0.30790388966458815
93.61999999996321,-1.0,-1.0032626837081011,2.851035731768164e-05,2.844088547418541e-05,-0.3009604161631101
93.63999999996317,-1.0,-1.0030944381705782,2.8549162497753847e-05,2.8450220220941123e-05,-0.2839587732881521
93.65999999996312,-1.0,-1.0029314709085964,2.8504237403484987e-05,2.845796131239422e-05,-0.26289547776848293
93.67999999996307,-1.0,-1.0027693426742939,2.8375708651702398e-05,2.845614100251523e-05,-0.24376553913934088
93.69999999996303,-1.0,-1.0026037787161464,2.8180469856808752e-05,2.8438435856576977e-05,-0.23066061705054552
93.71999999996298,-1.0,-1.0024317856392024,2.7956294164368965e-05,2.8401826850054474e-05,-0.22548692749528768
93.73999999996293,-1.0,-1.0022522371344595,2.7761487367015107e-05,2.8348304634659885e-05,-0.2286051016308654
93.75999999996289,-1.0,-1.0020661119395158,2.766841823738853e-05,2.828616609524393e-05,-0.23992474991444449
93.77999999996284,-1.0,-1.0018773382590929,2.769719633439336e-05,2.822795068977151e-05,-0.2581095727156531
93.7999999999628,-1.0,-1.001688863507544,2.7775401282398346e-05,2.818116256172033e-05,-0.2796194204477656
93.81999999996275,-1.0,-1.001502299425287,2.7884741986365232e-05,2.8147915158003672e-05,-0.29941629869458
93.8399999999627,-1.0,-1.0013207076987933,2.802535599912804e-05,2.8130123799566894e-05,-0.31151096860294586
93.85999999996265,-1.0,-1.0011473784514788,2.8156722775687614e-05,2.8127395396011993e-05,-0.3111334247449766
93.8799999999626,-1.0,-1.0009832867545483,2.8233998391775732e-05,2.8134871331635833e-05,-0.29865869110294285
93.89999999996256,-1.0,-1.0008263990412243,2.823321350655212e-05,2.8144970969456737e-05,-0.27889769824502025
93.91999999996251,-1.0,-1.0006727263972128,2.814691013603095e-05,2.8149464555551685e-05,-0.2581473242941271
93.93999999996247,-1.0,-1.0005177538057461,2.798317547148789e-05,2.814101265239645e-05,-0.24156723168744731
93.95999999996242,-1.0,-1.0003577084889776,2.7768756838334112e-05,2.8114711050736613e-05,-0.2321426587873485
93.97999999996237,-1.0,-1.0001904395329266,2.75516321104453e-05,2.80698307262995e-05,-0.23094819605062092
93.99999999996233,-1.0,-1.0000156608259365,2.739912564816074e-05,2.8011339395557845e-05,-0.23811208882864238
94.01999999996228,-1.0,-0.9998358708924857,2.737155279928061e-05,2.7950308277975035e-05,-0.25310679118355545
94.03999999996223,-1.0,-0.9996551022737383,2.7430992123174488e-05,2.7897802307194274e-05,-0.27349205967255785
94.05999999996219,-1.0,-0.9994752286378984,2.7523232509481697e-05,2.7857841114289368e-05,-0.29482518556148607
94.07999999996214,-1.0,-0.9992985701123365,2.765119721077334e-05,2.7832396392607354e-05,-0.31162123503000305
94.0999999999621,-1.0,-0.9991286789486423,2.7794728775456183e-05,2.7822805319750768e-05,-0.3178926677276928
94.11999999996205,-1.0,-0.9989679585264702,2.7904536967454282e-05,2.7826418113550666e-05,-0.3112151978857444
94.139999999962,-1.0,-0.9988158493645629,2.7945946194228455e-05,2.7836717162622347e-05,-0.29444053211274424
94.15999999996195,-1.0,-0.9986691866695466,2.7903789500422653e-05,2.7845588549044832e-05,-0.27346992982583196
94.17999999996191,-1.0,-0.9985235601309373,2.777814387180905e-05,2.7845061701229973e-05,-0.25424399378155194
94.19999999996186,-1.0,-0.9983746769290849,2.7585800645619154e-05,2.782880406879834e-05,-0.24086970215725462
94.21999999996181,-1.0,-0.9982194505124758,2.7364204697805626e-05,2.779376846325902e-05,-0.2353486668212664
94.23999999996177,-1.0,-0.9980565748465343,2.7170767616138743e-05,2.7741860916944448e-05,-0.23819258197051305
94.25999999996172,-1.0,-0.997886865713894,2.7076277253552578e-05,2.768117666651293e-05,-0.24936164251113815
94.27999999996167,-1.0,-0.9977141457607739,2.7101399488294225e-05,2.762399648523326e-05,-0.26746384294888836
94.29999999996163,-1.0,-0.997541415828223,2.7177630366363465e-05,2.757786082633377e-05,-0.2889377003745213
94.31999999996158,-1.0,-0.9973704475992599,2.7287389878624805e-05,2.7545150614066057e-05,-0.30878230726719924
94.33999999996153,-1.0,-0.9972044163087465,2.7429651080340613e-05,2.7527958640859476e-05,-0.32103360758820915
94.35999999996149,-1.0,-0.9970466797939429,2.7563221093981285e-05,2.7525962522719278e-05,-0.32089892736117404
94.37999999996144,-1.0,-0.9968982689726469,2.7643000892897097e-05,2.7534328695514326e-05,-0.3086781699521375
94.3999999999614,-1.0,-0.9967572043256195,2.7644911793638782e-05,2.7545483681523576e-05,-0.2890844196140491
94.41999999996135,-1.0,-0.9966195387207223,2.7561439572812776e-05,2.7551197057844947e-05,-0.268336984453237
94.4399999999613,-1.0,-0.9964807658965219,2.7400611362840065e-05,2.7544123759120962e-05,-0.2515737887336307
94.45999999996125,-1.0,-0.9963370616255469,2.718899036711049e-05,2.7519343380731088e-05,-0.24183434106619048
94.47999999996121,-1.0,-0.996186137943303,2.6973986995317677e-05,2.7476077285587082e-05,-0.24032221757324795
94.49999999996116,-1.0,-0.9960275260649628,2.6821651000266328e-05,2.741915810497637e-05,-0.24728394315161537
94.51999999996112,-1.0,-0.9958635840239934,2.6791134060548634e-05,2.735939654758833e-05,-0.26217477679360784
94.53999999996107,-1.0,-0.995698305004824,2.684738430748687e-05,2.7307707328545495e-05,-0.28249971639377586
94.55999999996102,-1.0,-0.9955336938344064,2.693900867022458e-05,2.72683141997017e-05,-0.30383339407744453
94.57999999996098,-1.0,-0.9953722156336527,2.706815480193536e-05,2.7243430436076715e-05,-0.32072832714071264
94.59999999996093,-1.0,-0.9952175073938937,2.72136725532289e-05,2.7234507664345956e-05,-0.32720110455375484
94.61999999996088,-1.0,-0.9950720303210451,2.7325860105752198e-05,2.7238937631093118e-05,-0.32077802592315685
94.63999999996084,-1.0,-0.9949352788580703,2.7369878824531866e-05,2.7250216320015457e-05,-0.3042214302040552
94.65999999996079,-1.0,-0.9948041370918461,2.73304876529933e-05,2.7260231936999056e-05,-0.28334184164033815
94.67999999996074,-1.0,-0.9946742222170025,2.7207714532595004e-05,2.726101046787254e-05,-0.2640279728367697
94.6999999999607,-1.0,-0.994541224013,2.701824899940962e-05,2.724620970772459e-05,-0.2504012601923732
94.71999999996065,-1.0,-0.9944019666062883,2.679921335129543e-05,2.7212754085777477e-05,-0.24455396017543476
94.7399999999606,-1.0,-0.9942549710599641,2.6607138982631178e-05,2.7162465891826208e-05,-0.2471412662532478
94.75999999996056,-1.0,-0.9941008928404121,2.651122776372089e-05,2.7103240139771262e-05,-0.2581707018110134
94.77999999996051,-1.0,-0.9939434455916394,2.6532692842572918e-05,2.7047098441701463e-05,-0.2761957845743932
94.79999999996046,-1.0,-0.9937856829906785,2.6607004833418657e-05,2.700162121799859e-05,-0.29763510526324766
94.81999999996042,-1.0,-0.9936295374549236,2.6717234781876837e-05,2.6969459094161398e-05,-0.3175245135373008
94.83999999996037,-1.0,-0.9934782962895431,2.6861173547813828e-05,2.695288012646866e-05,-0.3299246011911778
94.85999999996032,-1.0,-0.9933353830582329,2.699696116943351e-05,2.6951630628723958e-05,-0.3300213824713944
94.87999999996028,-1.0,-0.9932018821603953,2.70792471411322e-05,2.69609006900721e-05,-0.31804338111310515
94.89999999996023,-1.0,-0.9930758655379321,2.7083846254377688e-05,2.6973123032959875e-05,-0.2986105940700424
94.91999999996018,-1.0,-0.9929534257638489,2.700318948542009e-05,2.6980065897113103e-05,-0.2778684759528091
94.93999999996014,-1.0,-0.9928300647816304,2.6845244230494103e-05,2.69743780509284e-05,-0.2609341717353456
94.95999999996009,-1.0,-0.9927019090528291,2.6636392557634647e-05,2.695112253856686e-05,-0.25089868492732476
94.97999999996004,-1.0,-0.9925665392515943,2.642349024807935e-05,2.69094715314433e-05,-0.24908807852817877
94.99999999996,-1.0,-0.9924233099592356,2.627132668920582e-05,2.685412447670765e-05,-0.2558609497544968
95.01999999995995,-1.0,-0.9922744384819163,2.6237872518838368e-05,2.679563313336113e-05,-0.27065500762008415
95.0399999999599,-1.0,-0.9921238759238524,2.6290976479833638e-05,2.674476333746893e-05,-0.29092240799093905
95.05999999995986,-1.0,-0.9919737589188689,2.638204504282769e-05,2.6705946330151915e-05,-0.3122555038862905
95.07999999995981,-1.0,-0.9918266964228262,2.6512406921153938e-05,2.6681635226180475e-05,-0.32924343347836604
95.09999999995976,-1.0,-0.9916864081261607,2.6659924764233113e-05,2.6673393464555303e-05,-0.33590708844132555
95.11999999995972,-1.0,-0.9915554108450112,2.6774491060185534e-05,2.6678652619658548e-05,-0.32972593453274013
95.13999999995967,-1.0,-0.9914332504141218,2.682110769970862e-05,2.6690921148302916e-05,-0.31337738976125606
95.15999999995962,-1.0,-0.9913168573600741,2.6784461702429035e-05,2.670208863397162e-05,-0.29258569552001273
95.17999999995958,-1.0,-0.9912018749341638,2.6664532777762338e-05,2.6704177078010682e-05,-0.2731901661376506
95.19999999995953,-1.0,-0.9910839761550695,2.6477910106240175e-05,2.6690834208809405e-05,-0.2593258795272118
95.21999999995948,-1.0,-0.9909598996716017,2.626140115997221e-05,2.665895611633431e-05,-0.25317111232611583
95.23999999995944,-1.0,-0.9908280006633555,2.607067645771403e-05,2.6610282793639205e-05,-0.2555171979886303
95.25999999995939,-1.0,-0.9906887778168838,2.597336082044516e-05,2.65525119261806e-05,-0.2664159434768557
95.27999999995934,-1.0,-0.9905458338742137,2.599120242251533e-05,2.649740772074478e-05,-0.28436785071439896
95.2999999999593,-1.0,-0.990402274529807,2.6063662902752992e-05,2.6452593371853826e-05,-0.305772911885209
95.31999999995925,-1.0,-0.9902601922813958,2.6174407210185876e-05,2.6420988820976886e-05,-0.3257031553610727
95.3399999999592,-1.0,-0.9901229843078051,2.6320039333143254e-05,2.640503403370497e-05,-0.33824316175666835
95.35999999995916,-1.0,-0.9899941376922107,2.6458042511085062e-05,2.640454176656357e-05,-0.3385589137448749
95.37999999995911,-1.0,-0.9898747879193361,2.6542819873779833e-05,2.6414724405597887e-05,-0.32681120627792987
95.39999999995906,-1.0,-0.9897630558317547,2.65500827487403e-05,2.642802001673443e-05,-0.3075316157035762
95.41999999995902,-1.0,-0.9896550716530973,2.6472208845896184e-05,2.6436194935860347e-05,-0.2867954006929703
95.43999999995897,-1.0,-0.9895463449829445,2.6317106659363666e-05,2.643189134707847e-05,-0.2696998922436032
95.45999999995892,-1.0,-0.9894329551090801,2.611098137123359e-05,2.641015558277644e-05,-0.25938490376318424
95.47999999995888,-1.0,-0.9893123570937954,2.5900149770812667e-05,2.637011141063386e-05,-0.2572926684686735
95.49999999995883,-1.0,-0.9891837353520794,2.574816373793794e-05,2.631632785099033e-05,-0.26388785685396915
95.51999999995878,-1.0,-0.9890491675159865,2.571180796855761e-05,2.6259101245260928e-05,-0.27859048995130725
95.53999999995874,-1.0,-0.9889125607846649,2.576183342432095e-05,2.620905094235856e-05,-0.2988018893494036
95.55999999995869,-1.0,-0.988776183062951,2.585240596248252e-05,2.6170816722192113e-05,-0.3201322858034638
95.57999999995864,-1.0,-0.9886427849155992,2.5984005929224072e-05,2.6147087964438707e-05,-0.3372064292202114
95.5999999999586,-1.0,-0.9885161663106599,2.6133522304483628e-05,2.6139536733677568e-05,-0.3440496083041584
95.61999999995855,-1.0,-0.9883988973692533,2.6250450477872792e-05,2.6145632677589864e-05,-0.3380969605357784
95.6399999999585,-1.0,-0.9882905728021961,2.6299637218932758e-05,2.615889569681986e-05,-0.3219453393654798
95.65999999995846,-1.0,-0.9881881671780056,2.6265700007549762e-05,2.6171216127052203e-05,-0.3012370784920101
95.67999999995841,-1.0,-0.9880873483891817,2.614857142189474e-05,2.617461157313504e-05,-0.28176455751467416
95.69999999995837,-1.0,-0.9879837733520003,2.5964742455541096e-05,2.6162719450501186e-05,-0.2676757237137827
95.71999999995832,-1.0,-0.9878740991125945,2.5750715089710145e-05,2.6132407812598866e-05,-0.2612303766690983
95.73999999995827,-1.0,-0.9877565221545348,2.5561322703731455e-05,2.6085336307738855e-05,-0.2633488273483499
95.75999999995823,-1.0,-0.9876313886952006,2.5462634209627053e-05,2.6029009460677678e-05,-0.27412430248808883
95.77999999995818,-1.0,-0.9875021900263143,2.547691754471877e-05,2.597493777929954e-05,-0.29200593522387513
95.79999999995813,-1.0,-0.9873720827765783,2.5547604076142675e-05,2.5930789184946648e-05,-0.3133763574036594
95.81999999995809,-1.0,-0.9872433175564722,2.565889913592221e-05,2.5899750183525428e-05,-0.33334297169970334
95.83999999995804,-1.0,-0.9871193986002249,2.5806226820139734e-05,2.5884428288952055e-05,-0.34601358425971757
95.85999999995799,-1.0,-0.9870038741221343,2.5946428242061633e-05,2.588470022821018e-05,-0.34653536376565547
95.87999999995795,-1.0,-0.9868979282785196,2.603366675593434e-05,2.589579937139731e-05,-0.33500495099345856
95.8999999999579,-1.0,-0.9867997282923574,2.6043553756146184e-05,2.5910168389235712e-05,-0.3158700888836464
95.91999999995785,-1.0,-0.9867054400330989,2.5968415480742627e-05,2.5919571283648345e-05,-0.29513944690589045
95.9399999999578,-1.0,-0.9866105802476385,2.5816102785750155e-05,2.5916643391477174e-05,-0.2778915123445494
95.95999999995776,-1.0,-0.9865111832218424,2.5612649118204424e-05,2.5896414376288525e-05,-0.2673122973953582
95.97999999995771,-1.0,-0.9864045842320651,2.5403850131496643e-05,2.5857960717679177e-05,-0.2649540353727538
95.99999999995767,-1.0,-0.9862898043681132,2.525205031347681e-05,2.5805724497603913e-05,-0.27138163738886584
96.01999999995762,-1.0,-0.9861687837491934,2.521285464240899e-05,2.5749751876742033e-05,-0.2859974796582541
96.03999999995757,-1.0,-0.9860453845946981,2.525989135690587e-05,2.5700518993570082e-05,-0.3061541340684011
96.05999999995753,-1.0,-0.9859220044498037,2.5350026879823487e-05,2.566287310339514e-05,-0.3274796651446503
96.07999999995748,-1.0,-0.9858015323287944,2.5482876575619905e-05,2.5639734673947207e-05,-0.3446332743233788
96.09999999995743,-1.0,-0.9856878457358682,2.5634376166720835e-05,2.5632880737594124e-05,-0.35164467934529087
96.11999999995739,-1.0,-0.9855835657190732,2.5753634901034418e-05,2.5639817214446294e-05,-0.3459071350649552
96.13999999995734,-1.0,-0.9854883333684302,2.580534960828634e-05,2.565407450934965e-05,-0.3299412148243445
96.1599999999573,-1.0,-0.9853991649454654,2.5774070954338963e-05,2.5667543213879267e-05,-0.30931165829450946
96.17999999995725,-1.0,-0.9853117516186578,2.56596858011409e-05,2.56722362699937e-05,-0.2897663504698983
96.1999999999572,-1.0,-0.9852217349030438,2.547858966366407e-05,2.56617807057181e-05,-0.27546536779214714
96.21999999995715,-1.0,-0.9851256941682416,2.5266989551744696e-05,2.5633017076665633e-05,-0.2687456289486352
96.2399999999571,-1.0,-0.9850216745499906,2.5078909066505225e-05,2.5587527068262818e-05,-0.2706494064771482
96.25999999995706,-1.0,-0.9849098747671754,2.4978892984700952e-05,2.55326272960377e-05,-0.2813086285492735
96.27999999995701,-1.0,-0.9847936752726136,2.498971118798708e-05,2.5479579970236453e-05,-0.2991228724090778
96.29999999995697,-1.0,-0.9846762822716378,2.505870998926219e-05,2.5436098895000013e-05,-0.3204585711027323
96.31999999995692,-1.0,-0.9845601013596785,2.517058559903292e-05,2.540563231137318e-05,-0.3404575036122467
96.33999999995687,-1.0,-0.9844487404828588,2.53195993490581e-05,2.5390950070237498e-05,-0.35324985434327666
96.35999999995683,-1.0,-0.9843458064484062,2.546196855532808e-05,2.539199021506355e-05,-0.35396514519581795
96.37999999995678,-1.0,-0.9842525296556704,2.5551624661865406e-05,2.5404005824973173e-05,-0.3426393762786098
96.39999999995673,-1.0,-0.9841671212231471,2.5564083136538023e-05,2.54194435433969e-05,-0.3236409801662046
96.41999999995669,-1.0,-0.9840857807097886,2.5491620822072804e-05,2.5430064736730047e-05,-0.3029156014262048
96.43999999995664,-1.0,-0.9840040315456035,2.5342032563402064e-05,2.5428497777534704e-05,-0.28552385459508434
96.4599999999566,-1.0,-0.9839178652268974,2.5141185913105056e-05,2.5409755885001852e-05,-0.2746953941374257
96.47999999995655,-1.0,-0.9838245031420079,2.493437501659646e-05,2.537286964283278e-05,-0.27208639607175317
96.4999999999565,-1.0,-0.9837228102119587,2.4782773261360366e-05,2.5322158295365425e-05,-0.27835631349836065
96.51999999995645,-1.0,-0.9836145921533919,2.474082212254479e-05,2.526742452984524e-05,-0.29289008046529685
96.53999999995641,-1.0,-0.9835036657718425,2.478497872926722e-05,2.521900531632385e-05,-0.31299367697519365
96.55999999995636,-1.0,-0.9833925556492404,2.4874735343372232e-05,2.51819524608604e-05,-0.3343127852690322
96.57999999995631,-1.0,-0.9832842852946764,2.5008837256731937e-05,2.5159410983923964e-05,-0.3515397729984875
96.59999999995627,-1.0,-0.9831828067455893,2.5162293108625334e-05,2.5153258845612575e-05,-0.35870876627189596
96.61999999995622,-1.0,-0.9830907895418689,2.5283838881582887e-05,2.516103640427227e-05,-0.3531735292497882
96.63999999995617,-1.0,-0.9830079186731357,2.5338027313063087e-05,2.517628370545572e-05,-0.3373825747686501
96.65999999995613,-1.0,-0.9829312497869956,2.530934526170836e-05,2.519089120810052e-05,-0.3168273053430678
96.67999999995608,-1.0,-0.9828564960052865,2.5197635551754145e-05,2.519686704644577e-05,-0.297213526905101
96.69999999995603,-1.0,-0.982779284177026,2.501920137274164e-05,2.518782792996028e-05,-0.2827127289094643
96.71999999995599,-1.0,-0.9826961199576497,2.4809966235262095e-05,2.5160587649968447e-05,-0.2757346253173664
96.73999999995594,-1.0,-0.9826049046046063,2.4623174332307512e-05,2.5116652663764137e-05,-0.27743656492032887
96.7599999999559,-1.0,-0.9825056948614309,2.452188737404539e-05,2.5063157845626964e-05,-0.28798659084497386
96.77999999995585,-1.0,-0.9824017619612587,2.4529357393216718e-05,2.5011123983585322e-05,-0.3057366860580078
96.7999999999558,-1.0,-0.982296360083513,2.459676158910756e-05,2.4968311218526707e-05,-0.32703818256285
96.81999999995575,-1.0,-0.9821920456827897,2.4709241630675345e-05,2.4938422916399537e-05,-0.3470660760027143
96.83999999995571,-1.0,-0.9820925266399373,2.485992194624982e-05,2.4924385358579865e-05,-0.35997201410995977
96.85999999995566,-1.0,-0.9820014657006063,2.500441737832326e-05,2.4926195115189666e-05,-0.36086899147666734
96.87999999995561,-1.0,-0.9819201370734881,2.509643631333511e-05,2.4939123738350153e-05,-0.34973581727398156
96.89999999995557,-1.0,-0.9818467933224394,2.51114026257044e-05,2.495562130053235e-05,-0.3308660679452419
96.91999999995552,-1.0,-0.98177766578119,2.5041546032519597e-05,2.4967446332484325e-05,-0.3101458795467982
96.93999999995548,-1.0,-0.9817082841306543,2.489460729365861e-05,2.4967220239982752e-05,-0.2926189604574016
96.95999999995543,-1.0,-0.9816345993101414,2.46962944926784e-05,2.494994016789871e-05,-0.2815561029061628
96.97999999995538,-1.0,-0.981553724753781,2.4491421335970443e-05,2.4914592420445788e-05,-0.2787114820302058
96.99999999995534,-1.0,-0.9814643766112592,2.43400316549907e-05,2.4865378010469196e-05,-0.28483352956187497
97.01999999995529,-1.0,-0.9813682301204973,2.429542851096761e-05,2.4811864115697864e-05,-0.29929008276506275
97.03999999995524,-1.0,-0.9812690568035937,2.433682917104273e-05,2.476425324166082e-05,-0.3193427491651525
97.0599999999552,-1.0,-0.9811695048380213,2.4426263618423324e-05,2.472779721340295e-05,-0.3406544664633892
97.07999999995515,-1.0,-0.9810727276076424,2.456161216348054e-05,2.470585793736254e-05,-0.3579493827168994
97.0999999999551,-1.0,-0.9809827484723719,2.4716987348601937e-05,2.4700409963524514e-05,-0.36526596706695663
97.11999999995506,-1.0,-0.9809022829918478,2.4840766295085653e-05,2.470902624043103e-05,-0.35992082758421
97.13999999995501,-1.0,-0.9808310576001448,2.489736396274506e-05,2.4725255658989314e-05,-0.3442945611074896
97.15999999995496,-1.0,-0.9807661650656897,2.487120656952931e-05,2.4740988243079092e-05,-0.32380942134200813
97.17999999995492,-1.0,-0.9807033391755289,2.47620947677203e-05,2.4748227267276407e-05,-0.304131517776714
97.19999999995487,-1.0,-0.9806381928642264,2.45862429580374e-05,2.474057930267588e-05,-0.2894430599176096
97.21999999995482,-1.0,-0.9805671620395411,2.4379303419070534e-05,2.471483226620318e-05,-0.2822223221759638
97.23999999995478,-1.0,-0.9804880116125735,2.41937737771845e-05,2.4672420407364053e-05,-0.2837349911974906
97.25999999995473,-1.0,-0.9804006623250514,2.409128172252628e-05,2.4620303791200337e-05,-0.2941827687776172
97.27999999995468,-1.0,-0.9803082786868428,2.409554014334796e-05,2.456926991923147e-05,-0.3118721280275616
97.29999999995464,-1.0,-0.9802141610473082,2.4161447902992173e-05,2.452712511382863e-05,-0.33314033784842445
97.31999999995459,-1.0,-0.9801210117541297,2.4274550694272862e-05,2.4497819753506097e-05,-0.35319431694448195
97.33999999995454,-1.0,-0.9800326344957028,2.442686932809273e-05,2.448443008699723e-05,-0.36620620740003645
97.3599999999545,-1.0,-0.9799527452176319,2.4573439925046475e-05,2.4487008327380236e-05,-0.367273548385011
97.37999999995445,-1.0,-0.9798826595132744,2.4667757407915452e-05,2.4500843306347126e-05,-0.3563213342340182
97.3999999999544,-1.0,-0.9798206689826635,2.4685158581864384e-05,2.4518388056617586e-05,-0.3375726561301101
97.41999999995436,-1.0,-0.9797630348603662,2.4617828414110403e-05,2.453139815224542e-05,-0.3168575976207669
97.43999999995431,-1.0,-0.9797052926679507,2.447345574406561e-05,2.4532488117283255e-05,-0.29920391879952196
97.45999999995426,-1.0,-0.9796433550170925,2.4277596106960998e-05,2.451663950696265e-05,-0.28792110518161074
97.47999999995422,-1.0,-0.9795742333124872,2.407460498892855e-05,2.4482796141514294e-05,-0.28485552149172194
97.49999999995417,-1.0,-0.9794965024921837,2.392344256356392e-05,2.4435045816925543e-05,-0.2908391668157005
97.51999999995412,-1.0,-0.9794117119259079,2.3876306239857928e-05,2.4382729214244108e-05,-0.30522325069229517
97.53999999995408,-1.0,-0.979323588478557,2.3915087325407583e-05,2.4335919633782137e-05,-0.3252272687137097
97.55999999995403,-1.0,-0.979234899777754,2.400425438356449e-05,2.4300063023586246e-05,-0.3465309264189775
97.57999999995398,-1.0,-0.9791489239183027,2.414083667254673e-05,2.427872958531418e-05,-0.36388868714758393
97.59999999995394,-1.0,-0.9790697522139941,2.4298085587268633e-05,2.4273985897727192e-05,-0.37134325912144106
97.61999999995389,-1.0,-0.9790001437566432,2.442403499329872e-05,2.4283435655799082e-05,-0.36617636534201115
97.63999999995384,-1.0,-0.9789398640059966,2.4482968708981483e-05,2.4300635864933686e-05,-0.35070474178456923
97.6599999999538,-1.0,-0.9788860406340116,2.4459255555524107e-05,2.4317475884292734e-05,-0.3302855981619808
97.67999999995375,-1.0,-0.9788344268385334,2.4352656006427294e-05,2.4325954151188223e-05,-0.3105476883728535
97.6999999999537,-1.0,-0.9787806223962281,2.4179299523032292e-05,2.4319667367179953e-05,-0.29568327421284574
97.71999999995366,-1.0,-0.9787209974095548,2.3974580049065052e-05,2.4295378589775283e-05,-0.28823505918494025
97.73999999995361,-1.0,-0.978653187980881,2.3790283429094153e-05,2.4254453106510362e-05,-0.2895704982695202
97.75999999995356,-1.0,-0.9785769851754392,2.368665899656881e-05,2.4203683721573988e-05,-0.2999226239041391
97.77999999995352,-1.0,-0.9784954500220557,2.368785806398304e-05,2.4153633827957293e-05,-0.3175545765721389
97.79999999995347,-1.0,-0.9784119270727892,2.3752370824936674e-05,2.4112155247833624e-05,-0.3387905408584028
97.81999999995342,-1.0,-0.9783292589100421,2.3866109356881127e-05,2.408343601763164e-05,-0.35886795670016536
97.83999999995338,-1.0,-0.9782513406286412,2.4020030324403704e-05,2.4070695455612662e-05,-0.37197845146462033
97.85999999995333,-1.0,-0.9781819385812208,2.4168616817035172e-05,2.407403847499259e-05,-0.37320513446658243
97.87999999995328,-1.0,-0.9781224073447439,2.426516045595704e-05,2.4088770040333056e-05,-0.362422478444186
97.89999999995324,-1.0,-0.9780710751968107,2.4284915623138723e-05,2.4107345744344807e-05,-0.34378736301851803
97.91999999995319,-1.0,-0.9780242314452201,2.4220024973948045e-05,2.4121518151789458e-05,-0.3230772035025449
97.93999999995314,-1.0,-0.977977417062671,2.4078127775091698e-05,2.4123895063468844e-05,-0.30530475720442024
97.9599999999531,-1.0,-0.977926508545886,2.3884634316739505e-05,2.4109443023604837e-05,-0.2938158251126463
97.97999999995305,-1.0,-0.977868421151541,2.3683464936630903e-05,2.407706530557916e-05,-0.2905433016922535
97.999999999953,-1.0,-0.9778015962585681,2.3532545486879334e-05,2.4030741821321776e-05,-0.29639750464832293
98.01999999995296,-1.0,-0.9777274625393699,2.348300688592833e-05,2.3979596611017326e-05,-0.3107135864404704
98.03999999995291,-1.0,-0.9776497032480244,2.351931398050188e-05,2.3933579471165028e-05,-0.3306712110430422
98.05999999995286,-1.0,-0.9775712007369647,2.3608266009281553e-05,2.389832344077411e-05,-0.3519662580878291
98.07999999995282,-1.0,-0.9774953522166404,2.37460626170814e-05,2.387759769130906e-05,-0.36938198165543895
98.09999999995277,-1.0,-0.9774263134727833,2.3905132161888034e-05,2.3873556108247888e-05,-0.37696519363410896
98.11999999995273,-1.0,-0.9773668846439264,2.403318178712946e-05,2.3883831305203492e-05,-0.37196493720283397
98.13999999995268,-1.0,-0.9773168678426074,2.4094371046491665e-05,2.390198773204157e-05,-0.3566380445058438
98.15999999995263,-1.0,-0.9772734234818691,2.4073014659008458e-05,2.3919913918822327e-05,-0.3362806924716085
98.17999999995259,-1.0,-0.9772323229533374,2.3968835005810892e-05,2.3929603552935946e-05,-0.3164865721481434
98.19999999995254,-1.0,-0.9771891536336895,2.3797880691253434e-05,2.3924643810011416e-05,-0.3014573556875419
98.21999999995249,-1.0,-0.9771402237204408,2.359530066984796e-05,2.3901774003279553e-05,-0.29379615599258957
98.23999999995245,-1.0,-0.9770830480063019,2.341220521637311e-05,2.386229387526207e-05,-0.29496580746051165
98.2599999999524,-1.0,-0.9770172944646817,2.330752624430789e-05,2.3812836993083652e-05,-0.30522846632495393
98.27999999995235,-1.0,-0.9769459244976791,2.3305830236665273e-05,2.3763752648045436e-05,-0.32280618196007255
98.2999999999523,-1.0,-0.9768723247615841,2.336905120216306e-05,2.372293703233711e-05,-0.34401097578999434
98.31999999995226,-1.0,-0.9767994718618042,2.3483433512164993e-05,2.3694805488518476e-05,-0.3641093227539928
98.33999999995221,-1.0,-0.9767313476949143,2.3638914149009277e-05,2.368271318265845e-05,-0.3773112984100954
98.35999999995217,-1.0,-0.9766717661991139,2.378945033796605e-05,2.3686814753982082e-05,-0.3786865636376529
98.37999999995212,-1.0,-0.976622118568479,2.3888140986626676e-05,2.370243020046144e-05,-0.36806227555198173
98.39999999995207,-1.0,-0.9765807674568415,2.3910162788802047e-05,2.3722017336795737e-05,-0.349533271268763
98.41999999995203,-1.0,-0.9765440284689528,2.384761857141718e-05,2.373732572683546e-05,-0.32882760381442916
98.43999999995198,-1.0,-0.9765074476613494,2.370810051021976e-05,2.3740956670224145e-05,-0.3109439580412088
98.45999999995193,-1.0,-0.9764668676045597,2.3516881214951947e-05,2.372786235569126e-05,-0.299262141674754
98.47999999995189,-1.0,-0.9764191132209598,2.3317469510952524e-05,2.3696907554047977e-05,-0.29579607518002354
98.49999999995184,-1.0,-0.9763625000163861,2.3166808831986883e-05,2.365196985917596e-05,-0.30152931064987865
98.51999999995179,-1.0,-0.9762983415743002,2.3115007939959425e-05,2.3601967173371458e-05,-0.315781594752542
98.53999999995175,-1.0,-0.9762302789269718,2.3148993149509154e-05,2.355673182552041e-05,-0.33569504301541175
98.5599999999517,-1.0,-0.976161303962473,2.3237779807527397e-05,2.3522075995521067e-05,-0.3569810290678871
98.57999999995165,-1.0,-0.9760949270839376,2.337676560424509e-05,2.3501957940400483e-05,-0.37445003273201544
98.5999999999516,-1.0,-0.9760353649938504,2.353759637914191e-05,2.3498614024877128e-05,-0.38215280970094273
98.61999999995156,-1.0,-0.9759854564087592,2.3667669767908617e-05,2.350970397829365e-05,-0.37730786215798534
98.63999999995151,-1.0,-0.9759450377738295,2.3731028111886886e-05,2.3528799081397093e-05,-0.36211597236118853
98.65999999995147,-1.0,-0.9759113001403933,2.3711935359937105e-05,2.3547786929310526e-05,-0.3418161960722559
98.67999999995142,-1.0,-0.9758800319174915,2.3610077955733454e-05,2.355865660417802e-05,-0.3219694018056891
98.69999999995137,-1.0,-0.9758468088397507,2.3441427886580065e-05,2.3554986162405936e-05,-0.3067860547563618
98.71999999995133,-1.0,-0.9758078810461441,2.3240902737421167e-05,2.353349236578875e-05,-0.2989257711072325
98.73999999995128,-1.0,-0.9757606494459534,2.3058974372680436e-05,2.3495412949765885e-05,-0.29994055896756633
98.75999999995123,-1.0,-0.9757046656808449,2.295332224187922e-05,2.3447230612825068e-05,-0.31011960297503666
98.77999999995119,-1.0,-0.9756427958642411,2.2948904211542796e-05,2.3399091180879952e-05,-0.327646142991368
98.79999999995114,-1.0,-0.9755784665557524,2.301093710687418e-05,2.335893371408625e-05,-0.34882090485935807
98.8199999999511,-1.0,-0.9755147817473191,2.312596675919558e-05,2.333138974032795e-05,-0.36893785094096604
98.83999999995105,-1.0,-0.9754558053922836,2.328295880857402e-05,2.331994282790179e-05,-0.38222445163381746
98.859999999951,-1.0,-0.9754053961862281,2.3435372832815427e-05,2.3324794359832933e-05,-0.38373785982200065
98.87999999995095,-1.0,-0.9753649796160995,2.353612591099258e-05,2.334127831382313e-05,-0.3732610339002668
98.89999999995091,-1.0,-0.9753329504716104,2.3560321844056825e-05,2.3361854443436454e-05,-0.3548308285639899
98.91999999995086,-1.0,-0.9753056489321208,2.3500026145750426e-05,2.3378269372818568e-05,-0.33412915771604174
98.93999999995081,-1.0,-0.9752786257933262,2.336278647488356e-05,2.338311817626114e-05,-0.3161415461262135
98.95999999995077,-1.0,-0.975247691858421,2.3173745480655257e-05,2.3371339403348522e-05,-0.30427956843016696
98.97999999995072,-1.0,-0.9752095874418283,2.2976024416775237e-05,2.3341761442239636e-05,-0.30063282513671113
98.99999999995067,-1.0,-0.9751625098445034,2.282563798513263e-05,2.329816529122383e-05,-0.30625318130234136
99.01999999995063,-1.0,-0.9751076634944547,2.277172116790085e-05,2.3249273687042553e-05,-0.3204456911342959
99.03999999995058,-1.0,-0.975048648862816,2.2803540750502432e-05,2.3204807766636023e-05,-0.3403171941515941
99.05999999995053,-1.0,-0.9749885618291354,2.2892208856820314e-05,2.3170750187468925e-05,-0.36159381055247464
99.07999999995049,-1.0,-0.9749310198333841,2.303235388731628e-05,2.3151238010058828e-05,-0.3791116572511369
99.09999999995044,-1.0,-0.9748802969020905,2.319488139514856e-05,2.3148585195311906e-05,-0.3869252550404731
99.1199999999504,-1.0,-0.9748392678898414,2.3326897168697867e-05,2.316047681688409e-05,-0.3822246375282484
99.13999999995035,-1.0,-0.9748078013111706,2.3392333494413057e-05,2.3180490422917515e-05,-0.36715828486993035
99.1599999999503,-1.0,-0.9747831168144816,2.3375406899837733e-05,2.320051261707636e-05,-0.3469119395087407
99.17999999995025,-1.0,-0.9747610186909255,2.3275770089914773e-05,2.321252806801938e-05,-0.3270158318621532
99.19999999995021,-1.0,-0.9747370717876965,2.310932277034982e-05,2.321010616938699e-05,-0.3116886261033126
99.21999999995016,-1.0,-0.9747074719656256,2.291076490264518e-05,2.3189942380090725e-05,-0.3036426502660866
99.23999999995011,-1.0,-0.9746695135727335,2.2729967628408608e-05,2.315321604159864e-05,-0.3045130655325265
99.25999999995007,-1.0,-0.9746226387791339,2.2623425789575314e-05,2.310626757998507e-05,-0.3146140928645476
99.27999999995002,-1.0,-0.9745696231160523,2.2616464595129443e-05,2.3059050443286383e-05,-0.3320924637881015
99.29999999994997,-1.0,-0.9745139307724013,2.2677412587184917e-05,2.3019544760014704e-05,-0.3532384275076171
99.31999999994993,-1.0,-0.9744587861832146,2.2793089158935572e-05,2.299258656288242e-05,-0.37337184602992596
99.33999999994988,-1.0,-0.9744083305300874,2.2951539812671415e-05,2.2981780243614817e-05,-0.3867365250537285
99.35999999994984,-1.0,-0.974366464450719,2.3105755362864112e-05,2.298737096039042e-05,-0.3883780107653601
99.37999999994979,-1.0,-0.9743346454498396,2.3208482114124795e-05,2.300470566144927e-05,-0.3780380880623353
99.39999999994974,-1.0,-0.9743112982764215,2.3234755788293184e-05,2.3026245802907386e-05,-0.35969957579503486
99.4199999999497,-1.0,-0.9742927860169457,2.3176607110902475e-05,2.304373517334131e-05,-0.33900138478021397
99.43999999994965,-1.0,-0.9742746638825553,2.3041541853660833e-05,2.3049762939601594e-05,-0.3209167715463837
99.4599999999496,-1.0,-0.9742527130306972,2.285458049504254e-05,2.3039254773058184e-05,-0.30888690686766435
99.47999999994956,-1.0,-0.9742235947875862,2.2658480739663144e-05,2.30110048458443e-05,-0.3050718855067451
99.49999999994951,-1.0,-0.9741853958533899,2.250838333982891e-05,2.296870337124635e-05,-0.31058712650846637
99.51999999994946,-1.0,-0.9741392176595545,2.2452500898833066e-05,2.292088920372013e-05,-0.3247237511365654
99.53999999994942,-1.0,-0.9740886219868543,2.2482313154964392e-05,2.287717871974837e-05,-0.34455557299143763
99.55999999994937,-1.0,-0.974036802907187,2.257090659183806e-05,2.28437158646218e-05,-0.36582266184914974
99.57999999994932,-1.0,-0.9739874785929381,2.2712176877664783e-05,2.2824805965907895e-05,-0.3833851748687979
99.59999999994928,-1.0,-0.973944976795575,2.287633261665081e-05,2.2822835686182136e-05,-0.39130120564082704
99.61999999994923,-1.0,-0.9739122061070906,2.3010205649842673e-05,2.2835513709838164e-05,-0.3867343245243198
99.63999999994918,-1.0,-0.9738890649089679,2.3077625400899792e-05,2.2856423333414272e-05,-0.3717843471398221
99.65999999994914,-1.0,-0.9738727994685934,2.3062764313981988e-05,2.287745015282517e-05,-0.35158740170537633
99.67999999994909,-1.0,-0.9738592288644975,2.2965243572556955e-05,2.289057465156529e-05,-0.3316452053349885
99.69999999994904,-1.0,-0.973843907803332,2.2800894982225332e-05,2.288935805372968e-05,-0.31618404932223
99.719999999949,-1.0,-0.9738229815698212,2.2604214632368325e-05,2.2870475799896603e-05,-0.3079652989736159
99.73999999994895,-1.0,-0.9737936451396854,2.2424510793953237e-05,2.283505248584803e-05,-0.30870143653449544
99.7599999999489,-1.0,-0.9737552381055822,2.231716346356095e-05,2.27892949867534e-05,-0.3187298241492511
99.77999999994886,-1.0,-0.9737104503904978,2.2307841139640756e-05,2.2742975753242596e-05,-0.3361629871391088
99.79999999994881,-1.0,-0.9736627814942613,2.2367805912987676e-05,2.270411395362767e-05,-0.35728147249372744
99.81999999994876,-1.0,-0.9736155691501496,2.2484125452788535e-05,2.267773807177972e-05,-0.3774294325418123
99.83999999994872,-1.0,-0.9735730269057177,2.264397829538114e-05,2.2667565690170127e-05,-0.39086595110784134
99.85999999994867,-1.0,-0.9735390945554676,2.2799915707347368e-05,2.26738828057298e-05,-0.3926258312797143
99.87999999994862,-1.0,-0.9735152594019701,2.2904524326394988e-05,2.2692048370947387e-05,-0.3824126152696785
99.89999999994858,-1.0,-0.9734999740428611,2.293277658554281e-05,2.2714525347069327e-05,-0.36415891434723185
99.91999999994853,-1.0,-0.9734896228594818,2.2876670933376235e-05,2.2733054824259855e-05,-0.34346368060964616
99.93999999994848,-1.0,-0.9734797651732392,2.2743673908878458e-05,2.2740220410499628e-05,-0.3252887713679907
99.95999999994844,-1.0,-0.9734661545721017,2.255869161038825e-05,2.2730935689414653e-05,-0.31310285310473124
99.97999999994839,-1.0,-0.9734453788882503,2.236414210866666e-05,2.270396280498871e-05,-0.3091314936826209
99.99999999994834,-1.0,-0.9734154217190879,2.2214347485889046e-05,2.2662907024801323e-05,-0.31454907141170135
100.0199999999483,-1.0,-0.9733772877966024,2.2156651479807644e-05,2.2616134775954006e-05,-0.32863356648660075
100.03999999994825,-1.0,-0.9733345022393515,2.218461489208922e-05,2.2573164188756533e-05,-0.34842798338591086
100.0599999999482,-1.0,-0.9732903513477028,2.2273174531835228e-05,2.254029094741841e-05,-0.3696855103521404
100.07999999994816,-1.0,-0.9732486476478539,2.241553278672581e-05,2.252197798203932e-05,-0.3872887528658484
100.09999999994811,-1.0,-0.9732137690381815,2.258124522482764e-05,2.2520679789674666e-05,-0.39529917531900094
100.11999999994806,-1.0,-0.9731886554965661,2.2716887697585148e-05,2.2534126975548922e-05,-0.3908558216200053
100.13999999994802,-1.0,-0.9731732331338145,2.2786193927183443e-05,2.2555908105156468e-05,-0.37601336569418403
100.15999999994797,-1.0,-0.9731647729229693,2.277329557355761e-05,2.257790778226554e-05,-0.3558619067271778
100.17999999994792,-1.0,-0.9731591076752282,2.2677784511062375e-05,2.2592102560296725e-05,-0.3358767101266811
100.19999999994788,-1.0,-0.973151782691419,2.2515429030769546e-05,2.259204601191546e-05,-0.32029114426472544
100.21999999994783,-1.0,-0.9731388962919306,2.232053500351894e-05,2.257439486243921e-05,-0.31191205727518234
100.23999999994778,-1.0,-0.9731175511091584,2.2141885531151313e-05,2.2540222610522075e-05,-0.3125236141081737
100.25999999994774,-1.0,-0.9730869910280996,2.2033816553178305e-05,2.2495611337407492e-05,-0.3224845150092811
100.27999999994769,-1.0,-0.9730498255163915,2.2022315998497345e-05,2.2450164029771323e-05,-0.33987536545438374
100.29999999994764,-1.0,-0.9730095870482403,2.2081396954778463e-05,2.2411936699214022e-05,-0.3609677435796719
100.3199999999476,-1.0,-0.9729697194016894,2.2198352383924232e-05,2.2386138017543058e-05,-0.38112847764419666
100.33999999994755,-1.0,-0.9729345036372623,2.2359548211511838e-05,2.237659113993386e-05,-0.3946308825262726
100.3599999999475,-1.0,-0.9729079159658056,2.25171254181533e-05,2.2383620014228512e-05,-0.39649984521816295
100.37999999994746,-1.0,-0.9728914713286774,2.262352203867845e-05,2.2402594672954126e-05,-0.3864034984600681
100.39999999994741,-1.0,-0.9728836481303309,2.2653651948486517e-05,2.2425979417743976e-05,-0.3682279507934348
100.41999999994736,-1.0,-0.9728808504908836,2.259948379675158e-05,2.2445512802563514e-05,-0.3475351437600425
100.43999999994732,-1.0,-0.9728786415536753,2.2468447541792944e-05,2.245377324642731e-05,-0.329276379588376
100.45999999994727,-1.0,-0.9728727493613195,2.2285342633332196e-05,2.2445663052738487e-05,-0.316945791834444
100.47999999994722,-1.0,-0.9728596936039984,2.2092271152243065e-05,2.2419914524892714e-05,-0.31282956944328855
100.49999999994718,-1.0,-0.9728373621318473,2.1942791760960974e-05,2.2380053801428206e-05,-0.3181566214280737
100.51999999994713,-1.0,-0.9728066693365907,2.1883434141721115e-05,2.2334286386387766e-05,-0.33219259866489087
100.53999999994709,-1.0,-0.9727711058137407,2.19097057872773e-05,2.2292038695869194e-05,-0.35195186992719163
100.55999999994704,-1.0,-0.9727340440426501,2.199826946001149e-05,2.2259748390953404e-05,-0.37319989006823445
100.57999999994699,-1.0,-0.9726993845149745,2.2141675730919767e-05,2.2242025320548418e-05,-0.3908401373384108
100.59999999994695,-1.0,-0.9726715517424616,2.2308871162148425e-05,2.2241387008952967e-05,-0.3989372388903637
100.6199999999469,-1.0,-0.9726535147946673,2.244619347788533e-05,2.2255584340444328e-05,-0.3946075795158395
100.63999999994685,-1.0,-0.9726452254422637,2.2517287777829932e-05,2.227821070526843e-05,-0.37986409572463553
100.6599999999468,-1.0,-0.9726439775169966,2.250624817778391e-05,2.2301149755705445e-05,-0.3597543244085001
100.67999999994676,-1.0,-0.9726456165479203,2.2412639431924532e-05,2.2316374389086455e-05,-0.33972907451649575
100.69999999994671,-1.0,-0.9726456791490986,2.2252170669973454e-05,2.2317431059984704e-05,-0.3240282630131482
100.71999999994667,-1.0,-0.9726402201880342,2.20589710107878e-05,2.2300959085432712e-05,-0.3155007896119069
100.73999999994662,-1.0,-0.9726262567997626,2.1881335665317776e-05,2.2267984486080198e-05,-0.3159970617979349
100.75999999994657,-1.0,-0.972602943956793,2.177262755935696e-05,2.2224473264018313e-05,-0.32589540245822507
100.77999999994653,-1.0,-0.9725728159258351,2.175913055799215e-05,2.2179870506023733e-05,-0.34324675291929246
100.79999999994648,-1.0,-0.9725394358236867,2.181742415899425e-05,2.214226675578631e-05,-0.36431441749095844
100.81999999994643,-1.0,-0.972506346191763,2.1935005653145343e-05,2.2117038542353928e-05,-0.3844862949148606
100.83999999994639,-1.0,-0.9724778907971058,2.209748321252851e-05,2.2108107049043874e-05,-0.3980489004115156
100.85999999994634,-1.0,-0.9724580795841412,2.2256616592931625e-05,2.2115831348920787e-05,-0.40001799612063543
100.87999999994629,-1.0,-0.9724484530396779,2.2364706164337723e-05,2.2135591671276847e-05,-0.3900290384207039
100.89999999994625,-1.0,-0.9724475134040959,2.2396611888639055e-05,2.215985352052904e-05,-0.37192521049927324
100.9199999999462,-1.0,-0.9724516830372218,2.2344275044315124e-05,2.218035309492859e-05,-0.35123429164902653
100.93999999994615,-1.0,-0.9724565286315744,2.221509163593297e-05,2.2189664007905393e-05,-0.3328978466240455
100.9599999999461,-1.0,-0.9724577546507391,2.2033762084412676e-05,2.218267809655653e-05,-0.3204335205318493
100.97999999994606,-1.0,-0.9724518178387741,2.184209571228081e-05,2.2158099992392686e-05,-0.3161834443531709
100.99999999994601,-1.0,-0.972436517480333,2.169294252877437e-05,2.2119382454748636e-05,-0.32142679685344755
101.01999999994597,-1.0,-0.9724126839820136,2.1632073553897103e-05,2.207458151229196e-05,-0.33541772042774703
101.03999999994592,-1.0,-0.9723837756258319,2.1656807759261203e-05,2.2033038359934597e-05,-0.35514406958266015
101.05999999994587,-1.0,-0.9723532450034695,2.1745410251704166e-05,2.200132278709545e-05,-0.37638270484143804
101.07999999994583,-1.0,-0.9723250742293016,2.188982249340392e-05,2.1984180952138376e-05,-0.3940564279194853
101.09999999994578,-1.0,-0.9723037309594735,2.20584257960961e-05,2.1984188687144663e-05,-0.4022328177679253
101.11999999994573,-1.0,-0.9722922111254068,2.2197337394320928e-05,2.199911556566227e-05,-0.3980073969981459
101.13999999994569,-1.0,-0.972290490159351,2.2270120719260087e-05,2.2022559390207292e-05,-0.3833546471107249
101.15999999994564,-1.0,-0.9722958829726938,2.2260835507760176e-05,2.204640292174447e-05,-0.3632828871896285
101.1799999999456,-1.0,-0.9723042468375835,2.2169021544412624e-05,2.2062615688058384e-05,-0.3432203960140474
101.19999999994555,-1.0,-0.9723111103821519,2.2010333086760052e-05,2.206473756629645e-05,-0.32741313186929816
101.2199999999455,-1.0,-0.972312488424109,2.181873570371633e-05,2.2049391763837237e-05,-0.3187487401691808
101.23999999994545,-1.0,-0.972305319245139,2.1642073336066214e-05,2.2017560387749943e-05,-0.31913863210052396
101.2599999999454,-1.0,-0.972288675582929,2.1532806527984826e-05,2.197510196688652e-05,-0.32897912113851663
101.27999999994536,-1.0,-0.9722650217920864,2.151749209117957e-05,2.1931315176988343e-05,-0.3462936967826672
101.29999999994531,-1.0,-0.972237949324324,2.1575091336496396e-05,2.1894322713457584e-05,-0.3673380487589016
101.31999999994527,-1.0,-0.9722110922441145,2.1693286686334845e-05,2.1869656685873434e-05,-0.3875195619377353
101.33999999994522,-1.0,-0.972188852296597,2.1856983333889195e-05,2.186132888423072e-05,-0.40113694313641407
101.35999999994517,-1.0,-0.9721752705453176,2.201758846162428e-05,2.1869730754371023e-05,-0.4031975861716468
101.37999999994513,-1.0,-0.9721719109987482,2.2127275519180557e-05,2.189025187883879e-05,-0.3933069022489871
101.39999999994508,-1.0,-0.9721772978349774,2.2160855090512257e-05,2.1915358849719653e-05,-0.3752685958874069
101.41999999994503,-1.0,-0.9721878702121943,2.2110243452076325e-05,2.1936785702774843e-05,-0.354579029603241
101.43999999994499,-1.0,-0.9721991981139971,2.198280523766915e-05,2.1947101636347452e-05,-0.3361708203109664
101.45999999994494,-1.0,-0.9722069643290409,2.1803149302795483e-05,2.1941188832791636e-05,-0.32358324306654634
101.4799999999449,-1.0,-0.9722075676836259,2.1612814911231085e-05,2.1917726386107046e-05,-0.31920986748196495
101.49999999994485,-1.0,-0.9721987258791018,2.146399731506947e-05,2.1880099322183454e-05,-0.32437604933423614
101.5199999999448,-1.0,-0.9721811916316755,2.140176423492103e-05,2.1836225495228185e-05,-0.3383252431473934
101.53999999994475,-1.0,-0.9721583931548403,2.142511147331603e-05,2.179536728470255e-05,-0.35802085136601225
101.55999999994471,-1.0,-0.9721338571272405,2.1513784571736763e-05,2.1764216781549458e-05,-0.37925028005727535
101.57999999994466,-1.0,-0.972111641035882,2.1659159176736744e-05,2.1747645997978784e-05,-0.39695413953260494
101.59999999994461,-1.0,-0.9720962522938014,2.182909449538731e-05,2.174828446542535e-05,-0.4052027491632271
101.61999999994457,-1.0,-0.9720907115346127,2.196950457461995e-05,2.1763918911711254e-05,-0.40107249542363405
101.63999999994452,-1.0,-0.9720950159271528,2.2043877970139934e-05,2.178815116741887e-05,-0.386502563017446
101.65999999994447,-1.0,-0.9721064997521899,2.2036243117365714e-05,2.1812863176820904e-05,-0.36646527263463535
101.67999999994443,-1.0,-0.972121031090102,2.194611693146739e-05,2.1830021391615773e-05,-0.346368228188218
101.69999999994438,-1.0,-0.9721341312633857,2.1789102996710374e-05,2.1833159652634143e-05,-0.33046294292711387
101.71999999994433,-1.0,-0.9721417783279582,2.1599016205049687e-05,2.1818886337404082e-05,-0.3216726291378647
101.73999999994429,-1.0,-0.9721408381384385,2.14232849949418e-05,2.1788143127837082e-05,-0.3219646665994206
101.75999999994424,-1.0,-0.9721303077218045,2.1313537187904372e-05,2.1746689520554722e-05,-0.33175180707849466
101.7799999999442,-1.0,-0.9721125867868352,2.1296580174959162e-05,2.170368910465745e-05,-0.34903224667981003
101.79999999994415,-1.0,-0.9720912928530855,2.135357419082682e-05,2.1667294316837247e-05,-0.370054686321294
101.8199999999441,-1.0,-0.9720701443672704,2.147236913722106e-05,2.164318072746812e-05,-0.39024444396422664
101.83999999994406,-1.0,-0.9720535964287847,2.1637221426393876e-05,2.1635443476760027e-05,-0.4039114357915577
101.85999999994401,-1.0,-0.9720457186831327,2.1799213733219626e-05,2.1644503713551143e-05,-0.40605540981207466
101.87999999994396,-1.0,-0.9720480967094232,2.191040307968813e-05,2.1665759568881625e-05,-0.39625425976053735
101.89999999994392,-1.0,-0.9720592747992285,2.1945555079376598e-05,2.1691678625803484e-05,-0.3782755248973723
101.91999999994387,-1.0,-0.9720757075258756,2.1896563305322237e-05,2.171399295865972e-05,-0.3575867912415505
101.93999999994382,-1.0,-0.9720929679196664,2.1770763544061473e-05,2.172526774274403e-05,-0.33911248836074814
101.95999999994378,-1.0,-0.9721067189324282,2.1592680355906266e-05,2.172037630737337e-05,-0.32641171414413755
101.97999999994373,-1.0,-0.9721133063242237,2.1403605014512307e-05,2.1697974296050582e-05,-0.32192515106109676
101.99999999994368,-1.0,-0.9721103729742694,2.1255130718071193e-05,2.1661384511771556e-05,-0.3270204076295088
102.01999999994364,-1.0,-0.9720986000954955,2.1191676702371436e-05,2.1618397712888564e-05,-0.34093106316467703
102.03999999994359,-1.0,-0.9720813880837967,2.1213782698463793e-05,2.157820374125098e-05,-0.36059806517033216
102.05999999994354,-1.0,-0.9720623317698152,2.1302555253516868e-05,2.154760727519861e-05,-0.3818185144169446
102.0799999999435,-1.0,-0.9720455578949531,2.1448847520884736e-05,2.153159594513298e-05,-0.3995493563636713
102.09999999994345,-1.0,-0.9720356103370388,2.1620038860640542e-05,2.1532848503689836e-05,-0.40786344127707136
102.1199999999434,-1.0,-0.9720355323470219,2.1761857007425377e-05,2.1549167355102588e-05,-0.4038196742714361
102.13999999994336,-1.0,-0.9720453409803668,2.1837722243427243e-05,2.157415799927531e-05,-0.3893249753252673
102.15999999994331,-1.0,-0.9720623882464373,2.183163468135765e-05,2.159970164864306e-05,-0.3693187587194673
102.17999999994326,-1.0,-0.97208255213868,2.1743090406649257e-05,2.1617761974468852e-05,-0.3491897361125613
102.19999999994322,-1.0,-0.9721013473317746,2.1587646417875477e-05,2.1621867317101217e-05,-0.33319450993231386
102.21999999994317,-1.0,-0.972114718287264,2.1398979421568114e-05,2.1608612476590716e-05,-0.32428880875889143
102.23999999994312,-1.0,-0.972119464628484,2.1224137108124315e-05,2.157890210464688e-05,-0.32449115126713796
102.25999999994308,-1.0,-0.9721145140126559,2.1113982794772006e-05,2.1538404895509298e-05,-0.3342292517722089
102.27999999994303,-1.0,-0.9721022066991053,2.1095552800354128e-05,2.1496160437291537e-05,-0.3514781087918603
102.29999999994298,-1.0,-0.9720861840626023,2.115202653473447e-05,2.1460348500163458e-05,-0.37248002869438507
102.31999999994294,-1.0,-0.97207024193939,2.127140508133729e-05,2.1436776238061092e-05,-0.39267674925103807
102.33999999994289,-1.0,-0.9720588842857536,2.1437349281749978e-05,2.1429615084417313e-05,-0.40638844398967755
102.35999999994284,-1.0,-0.972056206876539,2.1600644636927006e-05,2.14393133114714e-05,-0.408607904320218
102.3799999999428,-1.0,-0.9720638149856405,2.1713241933704807e-05,2.1461276831648957e-05,-0.3988879296867558
102.39999999994275,-1.0,-0.9720802712687217,2.1749866078563577e-05,2.148797413704076e-05,-0.3809630723039248
102.4199999999427,-1.0,-0.9721020443892294,2.170239016124783e-05,2.1511135545186187e-05,-0.36027467493824733
102.43999999994266,-1.0,-0.9721247101925362,2.1578123572621742e-05,2.152332259707338e-05,-0.34173971023252747
102.45999999994261,-1.0,-0.9721439135625053,2.1401513625755453e-05,2.15194005545077e-05,-0.3289353667677147
102.47999999994256,-1.0,-0.9721559518598933,2.1213624962292812e-05,2.1498003639442876e-05,-0.3243452933824359
102.49999999994252,-1.0,-0.9721583996645209,2.1065499974234034e-05,2.1462397781958145e-05,-0.32937559569266756
102.51999999994247,-1.0,-0.9721518727267613,2.100096324973756e-05,2.14202574388902e-05,-0.3432507761968917
102.53999999994242,-1.0,-0.9721397458575394,2.102196826842124e-05,2.1380706031151493e-05,-0.3628912546973572
102.55999999994238,-1.0,-0.972125676235671,2.1110866277921907e-05,2.13506512984877e-05,-0.38410299204165915
102.57999999994233,-1.0,-0.9721138539029013,2.1258030828695976e-05,2.13351865283702e-05,-0.4018578423663542
102.59999999994228,-1.0,-0.9721088560166432,2.1430402574532195e-05,2.133703536260498e-05,-0.41023098081964937
102.61999999994224,-1.0,-0.9721137464389893,2.157353931044512e-05,2.1354014463003822e-05,-0.4062654143268923
102.63999999994219,-1.0,-0.972128560338423,2.1650799429950648e-05,2.1379732663044972e-05,-0.3918387025761133
102.65999999994214,-1.0,-0.9721506658819935,2.1646157592935774e-05,2.1406070534708738e-05,-0.37186031620264937
102.6799999999421,-1.0,-0.9721759501203942,2.155909102584837e-05,2.142498926251906e-05,-0.3517017832393469
102.69999999994205,-1.0,-0.9721999217140797,2.1405114101115853e-05,2.1430012211990967e-05,-0.33562434985879736
102.719999999942,-1.0,-0.9722184945724965,2.121777740832586e-05,2.1417721823477816e-05,-0.32661333959982525
102.73999999994196,-1.0,-0.972228408042635,2.1043781501332223e-05,2.1388989005745504e-05,-0.3267337870895171
102.75999999994191,-1.0,-0.9722285265457495,2.0933291589128173e-05,2.1349399631737968e-05,-0.336426967371682
102.77999999994186,-1.0,-0.9722211359793806,2.0913552056537543e-05,2.1307880074750446e-05,-0.3536467075322128
102.79999999994182,-1.0,-0.972209899426687,2.096958605534378e-05,2.1272635060095974e-05,-0.3746294838204612
102.81999999994177,-1.0,-0.9721986833085257,2.108953074704224e-05,2.1249591760450438e-05,-0.3948319872135447
102.83999999994172,-1.0,-0.9721920360849061,2.1256503289922465e-05,2.1242991072893543e-05,-0.40858372984053976
102.85999999994168,-1.0,-0.9721940772978143,2.142101849533221e-05,2.1253305909804034e-05,-0.4108712030044335
102.87999999994163,-1.0,-0.972206430117241,2.153493076813573e-05,2.1275949234741153e-05,-0.401224429641128
102.89999999994158,-1.0,-0.9722276738890603,2.1572928413011017e-05,2.1303390378802668e-05,-0.3833480163783869
102.91999999994154,-1.0,-0.9722542901000799,2.152686617097635e-05,2.132735810741557e-05,-0.36265948748798227
102.93999999994149,-1.0,-0.972281857191046,2.1404029406993446e-05,2.134041070881468e-05,-0.3440690582939092
102.95999999994145,-1.0,-0.972306003674937,2.1228794989676436e-05,2.1337406141577996e-05,-0.3311703511975801
102.9799999999414,-1.0,-0.9723229829895422,2.1042021513058654e-05,2.131695916846639e-05,-0.3264860153153532
102.99999999994135,-1.0,-0.972330307685865,2.0894250143360083e-05,2.1282284015761217e-05,-0.3314570662052754
103.0199999999413,-1.0,-0.9723285339147657,2.082876332912241e-05,2.124094929877164e-05,-0.3452997084790526
103.03999999994126,-1.0,-0.9723210130967304,2.0848801632667623e-05,2.120201794580196e-05,-0.3649156877368084
103.05999999994121,-1.0,-0.9723114591190816,2.0937848340227323e-05,2.1172491481215074e-05,-0.3861190121036067
103.07999999994117,-1.0,-0.9723041195600373,2.1085839481002872e-05,2.1157559206768833e-05,-0.40389506937547526
103.09999999994112,-1.0,-0.9723036017873571,2.1259316842089153e-05,2.115998547999763e-05,-0.4123211585222124
103.11999999994107,-1.0,-0.9723129883496573,2.1403684088606486e-05,2.117759986181729e-05,-0.40842589980285643
103.13999999994103,-1.0,-0.9723323308320749,2.1482243872907073e-05,2.1204014204446927e-05,-0.3940602684506677
103.15999999994098,-1.0,-0.9723590120584842,2.1478948155452935e-05,2.12311085343056e-05,-0.3741066237377194
103.17999999994093,-1.0,-0.9723889273199691,2.13932571990221e-05,2.125084183758198e-05,-0.35392094376617095
103.19999999994089,-1.0,-0.9724175798707275,2.1240646568414514e-05,2.1256733016499422e-05,-0.33776869316813
103.21999999994084,-1.0,-0.9724408559817435,2.1054552349382438e-05,2.1245353329243817e-05,-0.3286619990014574
103.23999999994079,-1.0,-0.9724554404298161,2.0881360326513468e-05,2.1217543110025174e-05,-0.32870799644776105
103.25999999994075,-1.0,-0.9724601403079316,2.0770601868181913e-05,2.1178813113014663e-05,-0.33836019107878784
103.2799999999407,-1.0,-0.9724571920995996,2.0749709408473514e-05,2.1137986934688787e-05,-0.35555318942510006
103.29999999994065,-1.0,-0.9724502785244217,2.080537966909461e-05,2.1103291928316116e-05,-0.3765181735475025
103.3199999999406,-1.0,-0.972443330002626,2.092587184670103e-05,2.1080764088960904e-05,-0.396725373110462
103.33999999994056,-1.0,-0.9724409353031064,2.1093809711634808e-05,2.1074707197378395e-05,-0.41051275563930695
103.35999999994051,-1.0,-0.972447235467797,2.1259462926412943e-05,2.1085616423895874e-05,-0.4128611365998942
103.37999999994047,-1.0,-0.9724638698426742,2.1374598996345308e-05,2.110891108899131e-05,-0.40327997436499446
103.39999999994042,-1.0,-0.9724894328657878,2.1413873560774166e-05,2.1137061302158727e-05,-0.38544683376689404
103.41999999994037,-1.0,-0.9725204176386523,2.136912505551581e-05,2.1161794478568416e-05,-0.3647577359463049
103.43999999994033,-1.0,-0.9725524049888853,2.124761709989224e-05,2.1175666024837555e-05,-0.3461168072098126
103.45999999994028,-1.0,-0.9725810086818912,2.1073662658003048e-05,2.1173527335252456e-05,-0.3331325223524623
103.47999999994023,-1.0,-0.9726024425137048,2.0887934038440012e-05,2.1153975602397844e-05,-0.32836274572782453
103.49999999994019,-1.0,-0.9726141630144322,2.0740518928799333e-05,2.1120178321141322e-05,-0.3332799837597628
103.51999999994014,-1.0,-0.9726166723959948,2.0674208535039564e-05,2.1079608351338413e-05,-0.3470928985402176
103.5399999999401,-1.0,-0.9726133008289117,2.0693407980106763e-05,2.1041273847091983e-05,-0.3666863382895139
103.55999999994005,-1.0,-0.9726078134597049,2.0782623981482978e-05,2.101226113844275e-05,-0.38788157190046374
103.57999999994,-1.0,-0.972604509849897,2.0931396018573017e-05,2.0997846251570777e-05,-0.4056762007315976
103.59999999993995,-1.0,-0.9726080246314189,2.1105905405611726e-05,2.100083025463194e-05,-0.4141494525855801
103.6199999999399,-1.0,-0.9726214571986008,2.1251416877590526e-05,2.1019054310573627e-05,-0.4103170009644363
103.63999999993986,-1.0,-0.972644873934733,2.133118323989061e-05,2.10461329948038e-05,-0.39600588331909053
103.65999999993981,-1.0,-0.9726756708897273,2.1329136384431003e-05,2.107394588420852e-05,-0.37607404860925014
103.67999999993977,-1.0,-0.9727097508168154,2.124472142520816e-05,2.109445004713197e-05,-0.35586348317660876
103.69999999993972,-1.0,-0.9727426121452576,2.109337878691718e-05,2.1101160416878505e-05,-0.3396434647710828
103.71999999993967,-1.0,-0.9727701162901149,2.090844118458837e-05,2.109063820236246e-05,-0.3304502626265643
103.73999999993963,-1.0,-0.972788898909705,2.0736010678707958e-05,2.106369620416863e-05,-0.33042890471940956
103.75999999993958,-1.0,-0.9727977154358691,2.062504669581677e-05,2.1025777458540708e-05,-0.3400438664976285
103.77999999993953,-1.0,-0.9727987577212127,2.0603150586907262e-05,2.0985612836701453e-05,-0.35721240521620296
103.79999999993949,-1.0,-0.9727957261316669,2.0658528477108298e-05,2.095145006077264e-05,-0.37816091731981905
103.81999999993944,-1.0,-0.9727926087461187,2.077954850687854e-05,2.0929423164078213e-05,-0.3983718129502751
103.8399999999394,-1.0,-0.9727940306166613,2.0948389550892225e-05,2.0923892497652107e-05,-0.4121906691718731
103.85999999993935,-1.0,-0.9728041521163726,2.111510064797819e-05,2.0935373212107427e-05,-0.414593218233931
103.8799999999393,-1.0,-0.9728246271265856,2.1231371492058538e-05,2.095929032592429e-05,-0.40507046001112657
103.89999999993925,-1.0,-0.9728540636554097,2.127182881699428e-05,2.0988114673864178e-05,-0.3872756832857639
103.91999999993921,-1.0,-0.972888965268267,2.1228296702044888e-05,2.1013572517631936e-05,-0.36658561157955255
103.93999999993916,-1.0,-0.9729249149817594,2.1108019205963627e-05,2.1028216740503392e-05,-0.3478989188499542
103.95999999993911,-1.0,-0.9729575133619374,2.0935251652276e-05,2.102689288296404e-05,-0.3348374262128805
103.97999999993907,-1.0,-0.9729829386461747,2.0750498968150207e-05,2.100818237805232e-05,-0.32999060925828416
103.99999999993902,-1.0,-0.9729985970814609,2.0603441149966362e-05,2.0975210752942213e-05,-0.3348592134047533
104.01999999993897,-1.0,-0.9730049423798124,2.0536427225935142e-05,2.0935364793861546e-05,-0.34864508677973094
104.03999999993893,-1.0,-0.9730052855355735,2.055490898850915e-05,2.0897603372464767e-05,-0.36821787819902563
104.05999999993888,-1.0,-0.9730034377157711,2.0644312350059247e-05,2.0869088981081946e-05,-0.38940536051543273
104.07999999993883,-1.0,-0.9730037451384826,2.079381986513229e-05,2.0855175459798386e-05,-0.40721608600144477
104.09999999993879,-1.0,-0.9730108668819871,2.096928921174553e-05,2.085869675781647e-05,-0.4157310232095201
104.11999999993874,-1.0,-0.9730279174308151,2.1115860748555033e-05,2.087750440498082e-05,-0.4119542675030746
104.1399999999387,-1.0,-0.973054976425943,2.1196743063017094e-05,2.09052154221538e-05,-0.3976914361002134
104.15999999993865,-1.0,-0.9730894517823473,2.1195850482681286e-05,2.0933709031882375e-05,-0.3777786373321573
104.1799999999386,-1.0,-0.973127252975324,2.1112614703690978e-05,2.0954940655135225e-05,-0.357545348215635
104.19999999993856,-1.0,-0.973163874163091,2.096244451988163e-05,2.0962421731090927e-05,-0.3412642740286096
104.21999999993851,-1.0,-0.9731951545546521,2.0778579911031518e-05,2.0952704504309564e-05,-0.33199329475150313
104.23999999993846,-1.0,-0.9732176858834112,2.0606868880022617e-05,2.0926577148875813e-05,-0.33191133051180555
104.25999999993842,-1.0,-0.9732301773359866,2.049575825947669e-05,2.088942206506503e-05,-0.34149263366865684
104.27999999993837,-1.0,-0.9732347807335465,2.0473000095953524e-05,2.084988703498506e-05,-0.35863890075199734
104.29999999993832,-1.0,-0.9732352121852212,2.0528152326412074e-05,2.081623797170416e-05,-0.3795722247724759
104.31999999993828,-1.0,-0.9732355113512546,2.0649679806783726e-05,2.079469660819469e-05,-0.399785897559441
104.33999999993823,-1.0,-0.9732403357184828,2.0819363044514425e-05,2.0789673831583295e-05,-0.4136322984470361
104.35999999993818,-1.0,-0.9732538629231261,2.098705391030557e-05,2.0801702602100526e-05,-0.41608263792914724
104.37999999993814,-1.0,-0.9732777598212209,2.1104372962882417e-05,2.0826213011941314e-05,-0.4066114578437804
104.39999999993809,-1.0,-0.9733106465445465,2.114592160797889e-05,2.085567657391994e-05,-0.3888503987760589
104.41999999993804,-1.0,-0.9733490360290867,2.110351141927801e-05,2.0881818586231452e-05,-0.36815898230835953
104.439999999938,-1.0,-0.9733885132926461,2.0984368980759915e-05,2.0897189752318215e-05,-0.34943103495106187
104.45999999993795,-1.0,-0.973424667174246,2.0812697954045182e-05,2.0896630438554362e-05,-0.3363002931155292
104.4799999999379,-1.0,-0.9734536442358983,2.0628853905782393e-05,2.0878708046977863e-05,-0.33138442005687985
104.49999999993786,-1.0,-0.9734728059042366,2.048215287668882e-05,2.0846510683515363e-05,-0.3362093142445677
104.51999999993781,-1.0,-0.9734825625946831,2.041454878163547e-05,2.0807348315948047e-05,-0.34997070914232464
104.53999999993776,-1.0,-0.973486208122742,2.0432427187076874e-05,2.07701357860734e-05,-0.36952467188945304
104.55999999993772,-1.0,-0.9734875946629296,2.0522033568954766e-05,2.0742103468946128e-05,-0.39070475478456046
104.57999999993767,-1.0,-0.9734911100010569,2.067223165499831e-05,2.072867450674114e-05,-0.4085292576368958
104.59999999993762,-1.0,-0.9735014349759634,2.084859068499788e-05,2.073271208068213e-05,-0.4170807092658262
104.61999999993758,-1.0,-0.9735216974930294,2.0996140523601185e-05,2.075207691456169e-05,-0.4133529247295505
104.63999999993753,-1.0,-0.9735519889883757,2.1078050896003016e-05,2.0780388213633428e-05,-0.39913248989764943
104.65999999993748,-1.0,-0.9735897279504484,2.107822094003694e-05,2.0809524938985198e-05,-0.37923611112146816
104.67999999993744,-1.0,-0.9736308298742128,2.0996070578604945e-05,2.0831441123102148e-05,-0.3589821628820529
104.69999999993739,-1.0,-0.9736707851728441,2.084698032071177e-05,2.08396451645029e-05,-0.3426464119069202
104.71999999993734,-1.0,-0.9737054133657768,2.0664107537015185e-05,2.083068137797297e-05,-0.33330594675732206
104.7399999999373,-1.0,-0.9737312671950896,2.0493074422071782e-05,2.0805316080058982e-05,-0.333169784957793
104.75999999993725,-1.0,-0.9737470147596781,2.0381871879259044e-05,2.07688777860268e-05,-0.3427208287356005
104.7799999999372,-1.0,-0.9737547722509399,2.0358385355317796e-05,2.0729940388512643e-05,-0.3598469175671672
104.79999999993716,-1.0,-0.9737582697086603,2.041337400080044e-05,2.0696785904517726e-05,-0.38076629764273134
104.81999999993711,-1.0,-0.9737615925742228,2.0535387950444975e-05,2.0675713897706e-05,-0.4009819052814259
104.83999999993706,-1.0,-0.9737694271035813,2.0705853791275786e-05,2.0671180045041338e-05,-0.41485215421567706
104.85999999993702,-1.0,-0.9737859662303624,2.0874448573672555e-05,2.0683733054134963e-05,-0.41734426404347813
104.87999999993697,-1.0,-0.9738128883046453,2.0992731973259553e-05,2.0708807500514394e-05,-0.4079182141275594
104.89999999993692,-1.0,-0.9738488242107182,2.1035283458800365e-05,2.0738875532455428e-05,-0.39018648752291496
104.91999999993688,-1.0,-0.9738902952186506,2.0993903850074924e-05,2.0765661666383825e-05,-0.3694933901820386
104.93999999993683,-1.0,-0.973932888169305,2.0875804240178705e-05,2.078171475320889e-05,-0.35072847433377285
104.95999999993678,-1.0,-0.9739721815707607,2.070514231643626e-05,2.0781870632379067e-05,-0.337536035194225
104.97999999993674,-1.0,-0.9740042939926554,2.0522141407548984e-05,2.0764684318897768e-05,-0.33255867938903827
104.99999999993669,-1.0,-0.9740265472263937,2.037579522017643e-05,2.073321082093638e-05,-0.33734453675442994
105.01999999993664,-1.0,-0.9740393133484493,2.0307707497354292e-05,2.069469210088936e-05,-0.35108389436673254
105.0399999999366,-1.0,-0.9740458709090748,2.032508993970749e-05,2.0658003975383852e-05,-0.3706207743933306
105.05999999993655,-1.0,-0.9740501083136394,2.041491272356071e-05,2.0630436806784957e-05,-0.3917938181817573
105.0799999999365,-1.0,-0.9740564500727551,2.0565757188255923e-05,2.0617474939614003e-05,-0.4096299300701485
105.09999999993646,-1.0,-0.9740695962344216,2.074293763816996e-05,2.0622007321823506e-05,-0.4182130267007422
105.11999999993641,-1.0,-0.9740926865420239,2.089138663738224e-05,2.064190276032381e-05,-0.41452787055248386
105.13999999993636,-1.0,-0.974125822841772,2.0974240125551543e-05,2.067078239937476e-05,-0.4003442772820058
105.15999999993632,-1.0,-0.9741664329727058,2.0975384294165146e-05,2.0700525027982534e-05,-0.3804618597122607
105.17999999993627,-1.0,-0.9742104377841911,2.0894228849741746e-05,2.0723083536256805e-05,-0.3601892213465285
105.19999999993622,-1.0,-0.9742533244421758,2.074612919628616e-05,2.07319637128934e-05,-0.34380484355613744
105.21999999993618,-1.0,-0.9742908951596339,2.056416970563034e-05,2.0723702925523616e-05,-0.33440274956912436
105.23999999993613,-1.0,-0.9743196683606424,2.0393773573263012e-05,2.06990482612274e-05,-0.33421846364296826
105.25999999993608,-1.0,-0.9743382759510923,2.0282529665235557e-05,2.066328076243486e-05,-0.3437424751107853
105.27999999993604,-1.0,-0.9743488026864778,2.0258440464887628e-05,2.062490918119256e-05,-0.3608503839411401
105.29999999993599,-1.0,-0.9743549908175527,2.0313323021661316e-05,2.0592229649229685e-05,-0.3817570212957988
105.31999999993594,-1.0,-0.9743609660529476,2.043580204664887e-05,2.057161017800738e-05,-0.40197379377054354
105.3399999999359,-1.0,-0.9743714399384352,2.0606992490759162e-05,2.0567545781428544e-05,-0.41586442148673314
105.35999999993585,-1.0,-0.9743906188422709,2.0776417800108558e-05,2.0580598961349532e-05,-0.4183926339643236
105.3799999999358,-1.0,-0.9744201912075976,2.089558458781625e-05,2.0606208219507864e-05,-0.4090056397272747
105.39999999993576,-1.0,-0.9744587973745837,2.093905358850204e-05,2.0636846300708403e-05,-0.3912991189119952
105.41999999993571,-1.0,-0.974502965967091,2.089861651957482e-05,2.0664237112145664e-05,-0.3706040396180558
105.43999999993567,-1.0,-0.9745482854801438,2.0781470863766627e-05,2.068092796229345e-05,-0.3518062213871569
105.45999999993562,-1.0,-0.9745903254108315,2.0611733727750252e-05,2.0681750777244973e-05,-0.3385592355428305
105.47999999993557,-1.0,-0.9746251798196702,2.0429512419417957e-05,2.0665249742899283e-05,-0.33352756533372035
105.49999999993553,-1.0,-0.9746501357697386,2.0283517781956127e-05,2.063445086700609e-05,-0.3382788124561788
105.51999999993548,-1.0,-0.9746655317041812,2.021504612094341e-05,2.059653646785017e-05,-0.35199845362766674
105.53999999993543,-1.0,-0.9746746327326176,2.0232033058224363e-05,2.056034808803024e-05,-0.37151992150641866
105.55999999993539,-1.0,-0.9746813589579648,2.032208347780749e-05,2.0533228579444328e-05,-0.39268629142032896
105.57999999993534,-1.0,-0.9746901670234558,2.047353101665273e-05,2.0520715809428675e-05,-0.41053199015029695
105.59999999993529,-1.0,-0.9747057737703643,2.0651466816487005e-05,2.0525721212593943e-05,-0.4191421580947899
105.61999999993525,-1.0,-0.9747313292835448,2.0800738635636542e-05,2.0546120629874568e-05,-0.4154936636815478
105.6399999999352,-1.0,-0.9747669445110039,2.08844534233547e-05,2.0575536913990588e-05,-0.4013416870925023
105.65999999993515,-1.0,-0.9748100554873597,2.0886486536316325e-05,2.060584876686472e-05,-0.381470927159156
105.6799999999351,-1.0,-0.9748565877876203,2.0806238933223088e-05,2.062900816872159e-05,-0.36118147341761964
105.69999999993506,-1.0,-0.9749020258000589,2.0659043925420284e-05,2.063851870579661e-05,-0.34475419407638247
105.71999999993501,-1.0,-0.9749421566815951,2.0477921978319524e-05,2.0630911728302885e-05,-0.33529789997173537
105.73999999993497,-1.0,-0.9749734689524886,2.0308122648176008e-05,2.060691757975966e-05,-0.33507123312991416
105.75999999993492,-1.0,-0.9749945629556959,2.0196883829470552e-05,2.0571775899091538e-05,-0.34457126990381154
105.77999999993487,-1.0,-0.9750074959903792,2.0172309608311674e-05,2.0533938587398427e-05,-0.3616629016555605
105.79999999993483,-1.0,-0.9750160208926146,2.022713908371249e-05,2.0501714004345078e-05,-0.38255795213628013
105.81999999993478,-1.0,-0.9750242984162245,2.035006152855813e-05,2.0481529722232254e-05,-0.4027751876705952
105.83999999993473,-1.0,-0.9750370621055432,2.052192032943752e-05,2.0477914934962862e-05,-0.4166829467115542
105.85999999993469,-1.0,-0.9750585300036304,2.0692105399805712e-05,2.0491444094529076e-05,-0.4192419400551495
105.87999999993464,-1.0,-0.9750903993247286,2.0812077675843398e-05,2.051755910431256e-05,-0.4098882944200632
105.8999999999346,-1.0,-0.9751313186418366,2.0856382171893224e-05,2.0548733269581394e-05,-0.39220310719196194
105.91999999993455,-1.0,-0.9751778230076446,2.0816803054335932e-05,2.0576690050900292e-05,-0.3715057790963095
105.9399999999345,-1.0,-0.9752255024113204,2.070052597221682e-05,2.0593975506514296e-05,-0.3526789073267546
105.95999999993445,-1.0,-0.9752699185832445,2.053163255077669e-05,2.0595418228441942e-05,-0.3393841294908805
105.9799999999344,-1.0,-0.9753071443598199,2.0350129388783196e-05,2.0579553044750255e-05,-0.3343049140479003
105.99999999993436,-1.0,-0.9753344367055748,2.0204481770002505e-05,2.0549380832823755e-05,-0.3390257347839886
106.01999999993431,-1.0,-0.9753521048805577,2.013571903819641e-05,2.05120321716066e-05,-0.35272786110648235
106.03999999993427,-1.0,-0.9753634022859081,2.015240404777172e-05,2.0476318824349762e-05,-0.37223551066588845
106.05999999993422,-1.0,-0.9753722764359417,2.02426913191287e-05,2.0449629040209583e-05,-0.39339557372501244
106.07999999993417,-1.0,-0.9753832117673614,2.0394699660833544e-05,2.0437546953824376e-05,-0.41124897840179425
106.09999999993413,-1.0,-0.9754009396344698,2.057332707819476e-05,2.0443003391743945e-05,-0.4198819333547304
106.11999999993408,-1.0,-0.9754286190527751,2.0723348316520163e-05,2.0463880240980583e-05,-0.416264503337926
106.13999999993403,-1.0,-0.9754663688395898,2.0807845847650584e-05,2.0493801846323465e-05,-0.40213924310718197
106.15999999993399,-1.0,-0.9755116321369398,2.0810686173423778e-05,2.052464690261498e-05,-0.3822779898121953
106.17999999993394,-1.0,-0.9755603386525662,2.0731262885133897e-05,2.054836669853477e-05,-0.36197350242836385
106.1999999999339,-1.0,-0.9756079704384722,2.0584890046375873e-05,2.0558463001263602e-05,-0.3455087268895144
106.21999999993385,-1.0,-0.9756503017145018,2.0404532792261627e-05,2.055146202008517e-05,-0.33600523966862783
106.2399999999338,-1.0,-0.975683795254536,2.023529095197123e-05,2.0528079698615367e-05,-0.3357416103318759
106.25999999993375,-1.0,-0.9757070242042344,2.0124099664695556e-05,2.049351999778851e-05,-0.34522056325428147
106.27999999993371,-1.0,-0.9757220221680986,2.009915010656866e-05,2.0456185794487494e-05,-0.3622977255705436
106.29999999993366,-1.0,-0.9757325510361518,2.0153975133581082e-05,2.0424395894589084e-05,-0.38318229768114476
106.31999999993361,-1.0,-0.9757428016795379,2.0277319215948463e-05,2.0404629044560378e-05,-0.40339935888707024
106.33999999993357,-1.0,-0.9757575265380827,2.0449792011144596e-05,2.0401443757472615e-05,-0.41732121772705477
106.35999999993352,-1.0,-0.9757809536721653,2.062066882468742e-05,2.041542469965192e-05,-0.41990600880727236
106.37999999993347,-1.0,-0.9758147878231934,2.0741371866551004e-05,2.0442016683409183e-05,-0.4105803650882077
106.39999999993343,-1.0,-0.975857684646379,2.078643325652964e-05,2.047369354069846e-05,-0.39291288893990367
106.41999999993338,-1.0,-0.9759061847526506,2.0747631061821675e-05,2.0502178437671778e-05,-0.37221307845881174
106.43999999993333,-1.0,-0.9759558794738633,2.063214077098454e-05,2.052001645630275e-05,-0.35336078799703674
106.45999999993329,-1.0,-0.9760023239431269,2.0464013334198626e-05,2.0522033399282114e-05,-0.3400245833646681
106.47999999993324,-1.0,-0.976041572861858,2.0283169053212844e-05,2.050675612159162e-05,-0.3349041994238162
106.4999999999332,-1.0,-0.9760708574513014,2.013786279220073e-05,2.0477164013696532e-05,-0.3395985391772544
106.51999999993315,-1.0,-0.9760904619824083,2.0068895125227292e-05,2.0440343362869676e-05,-0.3532852344297056
106.5399999999331,-1.0,-0.9761036297854656,2.0085365010741974e-05,2.0405080390577772e-05,-0.37278058205275366
106.55999999993305,-1.0,-0.9761143317484189,2.017589646317374e-05,2.03788020596195e-05,-0.3939347044740067
106.57999999993301,-1.0,-0.9761270760154174,2.0328424492329094e-05,2.036713194055476e-05,-0.4117940706508472
106.59999999993296,-1.0,-0.9761466063084225,2.0507682245404677e-05,2.0373017341403436e-05,-0.42044581065870457
106.61999999993292,-1.0,-0.9761760892474997,2.0658382547137804e-05,2.0394345267591954e-05,-0.41685420905680926
106.63999999993287,-1.0,-0.976215650361354,2.0743587624319383e-05,2.0424741353113223e-05,-0.4027510826432985
106.65999999993282,-1.0,-0.9762627388768886,2.0747156973554448e-05,2.0456084360297026e-05,-0.3828973340657242
106.67999999993278,-1.0,-0.9763132880767784,2.0668478111753096e-05,2.0480325090161168e-05,-0.362579502731081
106.69999999993273,-1.0,-0.9763627780902671,2.0522848533438962e-05,2.0490963850083346e-05,-0.34608232155272234
106.71999999993268,-1.0,-0.976406972189477,2.0343186108023508e-05,2.0484522531752272e-05,-0.33653823365896374
106.73999999993264,-1.0,-0.9764423113060713,2.0174463413445415e-05,2.0461704881209407e-05,-0.33624274118554487
106.75999999993259,-1.0,-0.9764673454915868,2.0063358202437632e-05,2.0427684564739726e-05,-0.3457033370287401
106.77999999993254,-1.0,-0.976484088198423,2.0038135135775722e-05,2.03908227992156e-05,-0.3627677426217043
106.7999999999325,-1.0,-0.9764963089329202,2.0093000106986047e-05,2.0359447161225558e-05,-0.38364289610235414
106.81999999993245,-1.0,-0.9765082240496017,2.021674403791715e-05,2.0340079684839376e-05,-0.40385920642861606
106.8399999999324,-1.0,-0.9765246019677768,2.0389778452937166e-05,2.0337303635716957e-05,-0.4177923433877536
106.85999999993236,-1.0,-0.9765496792088713,2.0561281833288015e-05,2.0351712265785207e-05,-0.4203982797637993
106.87999999993231,-1.0,-0.9765851668743207,2.068264418161147e-05,2.0378752834692593e-05,-0.41109564369569
106.89999999993226,-1.0,-0.9766297266220237,2.0728387362600145e-05,2.0410899669150708e-05,-0.39344250023347027
106.91999999993222,-1.0,-0.9766799038038482,2.0690284697845997e-05,2.0439875782475127e-05,-0.3727400057449198
106.93999999993217,-1.0,-0.9767312909511559,2.0575503086165363e-05,2.0458225535943226e-05,-0.3538657209524092
106.95999999993212,-1.0,-0.9767794376955099,2.0408067319448984e-05,2.0460772453199255e-05,-0.34049407221641265
106.97999999993208,-1.0,-0.9768203834996947,2.0227824925782558e-05,2.0446036715079812e-05,-0.3353385114081834
106.99999999993203,-1.0,-0.9768513379263145,2.00828533425648e-05,2.0416979644088787e-05,-0.3400100815792585
107.01999999993198,-1.0,-0.9768725641962036,2.0013760280294903e-05,2.038065022921926e-05,-0.3536833132669124
107.03999999993194,-1.0,-0.9768872971109953,2.0030095218534232e-05,2.0345813131841955e-05,-0.37316779759131696
107.05999999993189,-1.0,-0.9768995271419434,2.0120876423477815e-05,2.031992775273492e-05,-0.39431634256797615
107.07999999993184,-1.0,-0.9769137823059997,2.027388428129286e-05,2.030865068816535e-05,-0.4121800574056381
107.0999999999318,-1.0,-0.976934816680774,2.0453713623058868e-05,2.031494299927719e-05,-0.42084685542803585
107.11999999993175,-1.0,-0.9769658032481766,2.0605025751622274e-05,2.033669594148181e-05,-0.41727619898168455
107.1399999999317,-1.0,-0.9770068731635496,2.0690866603690772e-05,2.036753624810819e-05,-0.4031909342164649
107.15999999993166,-1.0,-0.9770554807804374,2.0695090391776073e-05,2.0399342817859518e-05,-0.3833428337611149
107.17999999993161,-1.0,-0.9771075624329816,2.061707976531604e-05,2.04240661534395e-05,-0.36301325742735646
107.19999999993156,-1.0,-0.9771585967137014,2.0472118164356436e-05,2.043520543759403e-05,-0.3464884523540086
107.21999999993152,-1.0,-0.9772043378090148,2.0293083753029482e-05,2.042927901509865e-05,-0.3369099498962334
107.23999999993147,-1.0,-0.9772412084636964,2.0124842916722463e-05,2.0406980497192987e-05,-0.3365873810523778
107.25999999993142,-1.0,-0.9772677394793212,2.001385856582106e-05,2.0373458300482355e-05,-0.34603218560334154
107.27999999993138,-1.0,-0.9772859274803952,1.998845612956003e-05,2.033703888723381e-05,-0.36308545306803963
107.29999999993133,-1.0,-0.9772995482445244,2.0043401347355843e-05,2.0306057035368143e-05,-0.3839521980117357
107.31999999993128,-1.0,-0.9773128392671728,2.0167523439064996e-05,2.0287070676138377e-05,-0.40416723840394636
107.33999999993124,-1.0,-0.9773305822159545,2.0341069167771998e-05,2.028468355186584e-05,-0.4181090352599771
107.35999999993119,-1.0,-0.9773570206166888,2.0513136845842148e-05,2.0299495976671225e-05,-0.42073178646004306
107.37999999993114,-1.0,-0.9773938708389983,2.0635090361179264e-05,2.0326957226285532e-05,-0.41144750730184665
107.3999999999311,-1.0,-0.9774397995334982,2.068144377949195e-05,2.0359542091761738e-05,-0.3938055559277549
107.41999999993105,-1.0,-0.97749135602779,2.0643966933852853e-05,2.0388973564422434e-05,-0.37310020621174234
107.439999999931,-1.0,-0.977544133917564,2.0529819603231366e-05,2.0407795522107057e-05,-0.3542071447952165
107.45999999993096,-1.0,-0.9775936783562454,2.036300465306572e-05,2.0410829685567953e-05,-0.3408056598821572
107.47999999993091,-1.0,-0.9776360162753255,2.0183309487426775e-05,2.0396590775853377e-05,-0.3356205367593445
107.49999999993086,-1.0,-0.9776683393977654,2.003866499241661e-05,2.0368025245333112e-05,-0.34027281953795957
107.51999999993082,-1.0,-0.9776908935811658,1.9969519651024808e-05,2.03321513295079e-05,-0.3539344406807948
107.53999999993077,-1.0,-0.9777069065453438,1.998579337095784e-05,2.0297715858326134e-05,-0.3734094227635855
107.55999999993072,-1.0,-0.9777203847993018,2.0076828268928496e-05,2.0272204799013162e-05,-0.3945527486288839
107.57999999993068,-1.0,-0.9777358726462828,2.0230277435826744e-05,2.026130177900309e-05,-0.412419326046706
107.59999999993063,-1.0,-0.977758132638755,2.0410622214376572e-05,2.026797906335973e-05,-0.42109772202076806
107.61999999993058,-1.0,-0.97779034295952,2.0562482100571928e-05,2.0290131347046928e-05,-0.4175434707163477
107.63999999993054,-1.0,-0.9778326393773388,2.0648890423182733e-05,2.0321386285364082e-05,-0.40347209751911045
107.65999999993049,-1.0,-0.977882480476957,2.0653697705779853e-05,2.035362297645558e-05,-0.3836279295911851
107.67999999993044,-1.0,-0.9779358051540092,2.057628285281255e-05,2.03787917995871e-05,-0.3632881177002212
107.6999999999304,-1.0,-0.9779880908233641,2.043191760325697e-05,2.0390391124217957e-05,-0.3467401680489788
107.71999999993035,-1.0,-0.978035084323112,2.0253447481729992e-05,2.038493646704015e-05,-0.33713303962367314
107.7399999999303,-1.0,-0.9780731936228941,2.008565234841693e-05,2.0363113230159086e-05,-0.33678787540746097
107.75999999993026,-1.0,-0.9781009338641384,1.997482003062988e-05,2.0330049292677724e-05,-0.34621929663107603
107.77999999993021,-1.0,-0.9781202879516527,1.994932487766472e-05,2.0294042815338903e-05,-0.3632629514556929
107.79999999993017,-1.0,-0.9781350366801704,2.0004386715319466e-05,2.0263434313075513e-05,-0.3841222477516741
107.81999999993012,-1.0,-0.9781494346309555,2.0128865476442345e-05,2.024481071301233e-05,-0.4043355534491463
107.83999999993007,-1.0,-0.9781682741704316,2.0302874339978324e-05,2.024279224383643e-05,-0.41828358883928474
107.85999999993003,-1.0,-0.9781958044698108,2.0475446995334782e-05,2.025798486165769e-05,-0.42091913711555223
107.87999999992998,-1.0,-0.9782337461486552,2.059792688966329e-05,2.0285839456571756e-05,-0.411648898117567
107.89999999992993,-1.0,-0.97828076990821,2.0644822566215602e-05,2.031883125484112e-05,-0.3940152292606488
107.91999999992989,-1.0,-0.978333428337407,2.0607901532315646e-05,2.034868334596154e-05,-0.3733068819230648
107.93999999992984,-1.0,-0.9783873159688462,2.049431781817211e-05,2.036793934351172e-05,-0.3543980592621094
107.95999999992979,-1.0,-0.9784379744305439,2.0328056315486626e-05,2.0371419607946058e-05,-0.34097197991334494
107.97999999992975,-1.0,-0.9784814206453692,2.0148856098716414e-05,2.035763453193664e-05,-0.33576254076964074
107.9999999999297,-1.0,-0.9785148320558991,2.0004530300546724e-05,2.0329518678778727e-05,-0.34039879434967846
108.01999999992965,-1.0,-0.978538440595598,1.9935399573167557e-05,2.029406563464977e-05,-0.3540505455308334
108.0399999999296,-1.0,-0.9785554682547744,1.9951679560479983e-05,2.0260007877900358e-05,-0.37351730938340255
108.05999999992956,-1.0,-0.978569934275268,2.004297058531931e-05,2.0234852468422007e-05,-0.39465576803334096
108.07999999992951,-1.0,-0.9785863959037227,2.019682394692613e-05,2.0224304478333413e-05,-0.41252384377823653
108.09999999992947,-1.0,-0.9786096224152031,2.0377630644066e-05,2.0231345002822968e-05,-0.4212106362240355
108.11999999992942,-1.0,-0.9786427961123194,2.052997741068334e-05,2.025387142256101e-05,-0.41766858312944066
108.13999999992937,-1.0,-0.9786860564337702,2.0616888382811624e-05,2.028551214949415e-05,-0.4036074245832433
108.15999999992933,-1.0,-0.9787368653612349,2.06222118673018e-05,2.031814653843419e-05,-0.38376560994933606
108.17999999992928,-1.0,-0.9787911638944681,2.054532406371121e-05,2.034372500581919e-05,-0.3634169838434924
108.19999999992923,-1.0,-0.9788444286034343,2.0401487205710563e-05,2.0355745395768757e-05,-0.34685007352664565
108.21999999992919,-1.0,-0.9788924005936825,2.0223520760833076e-05,2.035072106493882e-05,-0.33721971986189736
108.23999999992914,-1.0,-0.9789314762338812,2.005613637130534e-05,2.0329330997895167e-05,-0.33685614292086724
108.2599999999291,-1.0,-0.978960158346453,1.994548380961734e-05,2.029668692267424e-05,-0.34627643443561307
108.27999999992905,-1.0,-0.9789804190123359,1.9919975340400323e-05,2.0261064707985814e-05,-0.36331191035356725
108.299999999929,-1.0,-0.9789960428780853,1.9975186411991906e-05,2.0230809244701128e-05,-0.38416466750446815
108.31999999992895,-1.0,-0.9790112978372831,2.0100000632490954e-05,2.0212530034074864e-05,-0.40437582496495444
108.3399999999289,-1.0,-0.9790309845834521,2.0274426620345617e-05,2.0210860080288556e-05,-0.41832786751633677
108.35999999992886,-1.0,-0.9790593566695502,2.0447447901892675e-05,2.0226409661961166e-05,-0.4209724979658005
108.37999999992881,-1.0,-0.9790981380185292,2.057039274828073e-05,2.025463091051446e-05,-0.41171230605611575
108.39999999992877,-1.0,-0.9791460025062265,2.061776628169614e-05,2.028799945939434e-05,-0.39408423376781815
108.41999999992872,-1.0,-0.9791995053179137,2.0581334754698145e-05,2.031823860590515e-05,-0.3733727734092516
108.43999999992867,-1.0,-0.9792542418031953,2.0468247723422885e-05,2.0337891900810408e-05,-0.35445100708725596
108.45999999992863,-1.0,-0.9793057509485588,2.0302475786188506e-05,2.0341778754028783e-05,-0.34100521796673533
108.47999999992858,-1.0,-0.9793500420110788,2.0123720648340786e-05,2.032840628028652e-05,-0.3357763501696489
108.49999999992853,-1.0,-0.9793842814591394,1.9979704457549213e-05,2.0300699923280655e-05,-0.34039961419702464
108.51999999992849,-1.0,-0.9794086904988137,1.99106492354328e-05,2.0265634293296306e-05,-0.354043125743076
108.53999999992844,-1.0,-0.9794264866501302,1.9926996955677814e-05,2.0231930753334116e-05,-0.3735028791288089
108.5599999999284,-1.0,-0.979441698818245,2.0018545154987657e-05,2.0207112371529794e-05,-0.3946368146579226
108.57999999992835,-1.0,-0.9794588940884021,2.0172767053196082e-05,2.0196900476946624e-05,-0.41250514133363286
108.5999999999283,-1.0,-0.9794828468314002,2.0353984804197168e-05,2.0204282792185873e-05,-0.4211973786127272
108.61999999992825,-1.0,-0.9795167424663478,2.050676077043836e-05,2.022715868482964e-05,-0.4176636391625405
108.63999999992821,-1.0,-0.9795607232262011,2.059411305029081e-05,2.025915716976332e-05,-0.40360930206193146
108.65999999992816,-1.0,-0.9796122537147423,2.0599889086619153e-05,2.029215790991161e-05,-0.3837683929551518
108.67999999992811,-1.0,-0.9796672766101424,2.0523463334105173e-05,2.031811150554073e-05,-0.36341228745240484
108.69999999992807,-1.0,-0.9797212679445946,2.038009056326835e-05,2.0330515540534925e-05,-0.34683031255591473
108.71999999992802,-1.0,-0.979769964588669,2.020257029642995e-05,2.032588183005506e-05,-0.3371817568625574
108.73999999992797,-1.0,-0.9798097542532078,2.0035562940625566e-05,2.0304884602139475e-05,-0.33680365940362544
108.75999999992793,-1.0,-0.9798391305405957,1.992511457577537e-05,2.027262350268112e-05,-0.34621492418704475
108.77999999992788,-1.0,-0.9798600573960268,1.989966519458084e-05,2.0237357684802573e-05,-0.363243564760533
108.79999999992783,-1.0,-0.9798763222390067,1.995505453051425e-05,2.020743515507927e-05,-0.38409064195643805
108.81999999992779,-1.0,-0.9798922027767895,2.008018335639293e-05,2.018948203515429e-05,-0.4042992858553241
108.83999999992774,-1.0,-0.979912505831539,2.0254982650927228e-05,2.018814066605941e-05,-0.4182532871111558
108.8599999999277,-1.0,-0.9799414881670889,2.0428399178782e-05,2.0204024427397888e-05,-0.42090357735823547
108.87999999992765,-1.0,-0.9799808761328671,2.0551750901517086e-05,2.023258634667091e-05,-0.4116497523316322
108.8999999999276,-1.0,-0.9800293459673678,2.0599541451594125e-05,2.0266302437473508e-05,-0.39402480655925776
108.91999999992755,-1.0,-0.980083454835156,2.056353680883922e-05,2.0296896304268375e-05,-0.37331014298903575
108.93999999992751,-1.0,-0.980138798790222,2.0450883236313462e-05,2.0316911619182316e-05,-0.3543780577928278
108.95999999992746,-1.0,-0.9801909149945661,2.0285540454466245e-05,2.0321167219410418e-05,-0.3409170963530485
108.97999999992741,-1.0,-0.9802358072077065,2.010718294979871e-05,2.0308167913424277e-05,-0.33567333840746033
108.99999999992737,-1.0,-0.9802706339842837,1.996346667867591e-05,2.0280832589074537e-05,-0.3402864398773685
109.01999999992732,-1.0,-0.9802956087637031,1.9894542088366833e-05,2.0246122134853225e-05,-0.35392323433667205
109.03999999992728,-1.0,-0.9803139457638216,1.991101322480835e-05,2.0212749797244033e-05,-0.3733771099024168
109.05999999992723,-1.0,-0.9803296807128045,2.0002818376967202e-05,2.018824994755541e-05,-0.3945068574631501
109.07999999992718,-1.0,-0.9803473876614198,2.015737464833239e-05,2.0178355372081438e-05,-0.41237429950580873
109.09999999992714,-1.0,-0.9803718445712365,2.033895524547579e-05,2.018605838436699e-05,-0.42106927071266825
109.11999999992709,-1.0,-0.9804062390500291,2.0492105913751073e-05,2.0209259693489097e-05,-0.41754027142908584
109.13999999992704,-1.0,-0.9804507153150538,2.0579841616497394e-05,2.0241588774750808e-05,-0.4034896362872952
109.159999999927,-1.0,-0.9805027398749588,2.0586010169679154e-05,2.0274925644970442e-05,-0.38364831121928555
109.17999999992695,-1.0,-0.9805582566913167,2.0509985165580414e-05,2.0301221221331158e-05,-0.3632859762743124
109.1999999999269,-1.0,-0.9806127415408532,2.036701580455421e-05,2.0313973070397266e-05,-0.3466925530752033
109.21999999992686,-1.0,-0.9806619284421225,2.018988731899909e-05,2.0309692036307296e-05,-0.33703045198739207
109.23999999992681,-1.0,-0.9807021991673511,2.0023224578312142e-05,2.0289049124865527e-05,-0.3366414441157011
109.25999999992676,-1.0,-0.9807320409628414,1.991300174018438e-05,2.025713566041963e-05,-0.3460456384313822
109.27999999992672,-1.0,-0.9807534121239524,1.988767712786738e-05,2.022219923592326e-05,-0.3630686988650393
109.29999999992667,-1.0,-0.9807701018480458,1.9943270353739594e-05,2.0192589811428084e-05,-0.38391090531386446
109.31999999992662,-1.0,-0.9807863944244978,2.006869335263446e-05,2.0174944630056712e-05,-0.4041167156468438
109.33999999992658,-1.0,-0.9808071007738699,2.024382433952508e-05,2.017391219529335e-05,-0.418070802840053
109.35999999992653,-1.0,-0.9808364797899751,2.0417585691009642e-05,2.019010786115401e-05,-0.4207236123318985
109.37999999992648,-1.0,-0.9808762594392502,2.0541289539159865e-05,2.0218985232842025e-05,-0.4114727755653633
109.39999999992644,-1.0,-0.9809251175729541,2.0589439793536386e-05,2.0253020677979556e-05,-0.3938486940757301
109.41999999992639,-1.0,-0.9809796127643015,2.055380305736425e-05,2.0283938197556115e-05,-0.3731307604727602
109.43999999992634,-1.0,-0.9810353416661143,2.0441523390867247e-05,2.030428175251084e-05,-0.3541907936907796
109.4599999999263,-1.0,-0.9810878403682597,2.0276552795428546e-05,2.030886995416266e-05,-0.340718860580552
109.47999999992625,-1.0,-0.981133109131949,2.0098547904277866e-05,2.029620620013147e-05,-0.3354644127133467
109.4999999999262,-1.0,-0.9811683014206353,1.995512136165601e-05,2.0269205186836338e-05,-0.3400699721575497
109.51999999992616,-1.0,-0.9811936256388055,1.9886377012857327e-05,2.0234818928361298e-05,-0.3537014669502458
109.53999999992611,-1.0,-0.981212293781471,1.9903021714184767e-05,2.020175532297538e-05,-0.3731505235762294
109.55999999992606,-1.0,-0.9812283457818162,1.999508244090285e-05,2.0177555708166807e-05,-0.3942764083988858
109.57999999992602,-1.0,-0.9812463600077466,2.0149940443103393e-05,2.0167959903938537e-05,-0.4121419370315046
109.59999999992597,-1.0,-0.9812711166247239,2.0331838324556403e-05,2.017596293930026e-05,-0.42083716266100424
109.61999999992592,-1.0,-0.9813058045743928,2.0485312351674437e-05,2.019946627101878e-05,-0.41730962953197037
109.63999999992588,-1.0,-0.9813505693118906,2.057337701132369e-05,2.023209970307312e-05,-0.40325984029397455
109.65999999992583,-1.0,-0.9814028785891687,2.0579881618138577e-05,2.0265743646466058e-05,-0.38341689879938423
109.67999999992578,-1.0,-0.9814586772858643,2.0504199709663227e-05,2.02923494552809e-05,-0.3630495014289615
109.69999999992574,-1.0,-0.9815134411815636,2.036157666465729e-05,2.030541490023037e-05,-0.346447974979767
109.71999999992569,-1.0,-0.9815629027150073,2.0184788639218585e-05,2.0301450378410995e-05,-0.33677663017948095
109.73999999992564,-1.0,-0.9816034402225969,2.0018439419533275e-05,2.028112508513204e-05,-0.33638004875774996
109.7599999999256,-1.0,-0.981633537231192,1.99084605006727e-05,2.0249525485415475e-05,-0.34577898639040316
109.77999999992555,-1.0,-0.9816551486761375,1.9883319899717822e-05,2.021489235961071e-05,-0.36279763561028494
109.7999999999255,-1.0,-0.981672064618485,1.9939139417104136e-05,2.018557655385206e-05,-0.38363573111155447
109.81999999992546,-1.0,-0.9816885729567862,2.006483663567458e-05,2.0168221374214753e-05,-0.40383843038263134
109.83999999992541,-1.0,-0.981709486842523,2.0240259901931658e-05,2.0167478567850877e-05,-0.4177908990670721
109.85999999992536,-1.0,-0.9817390663055663,2.0414318583499057e-05,2.018396442835982e-05,-0.4204433580351928
109.87999999992532,-1.0,-0.9817790401850265,2.0538323089768937e-05,2.0213132846176884e-05,-0.41119242081628876
109.89999999992527,-1.0,-0.9818280872549225,2.0586779215678004e-05,2.024746051768759e-05,-0.3935671408585997
109.91999999992522,-1.0,-0.981882766971282,2.0551455001346062e-05,2.0278671920151196e-05,-0.3728458919407364
109.93999999992518,-1.0,-0.9819386764870401,2.0439493306753684e-05,2.0299311454639402e-05,-0.35390029898067143
109.95999999992513,-1.0,-0.981991351509869,2.027484132492441e-05,2.0304197823550886e-05,-0.34042126898816744
109.97999999992508,-1.0,-0.9820367906388299,2.0097146443746955e-05,2.0291833835390962e-05,-0.33516000425856796
109.99999999992504,-1.0,-0.9820721448391283,1.995399902441471e-05,2.0265132167039598e-05,-0.33976044226669105
110.01999999992499,-1.0,-0.9820976199907129,1.9885479264993157e-05,2.0231040412426094e-05,-0.35338795256128724
110.03999999992494,-1.0,-0.9821164268589453,1.990234239985545e-05,2.0198263666849542e-05,-0.37283317695804913
110.0599999999249,-1.0,-0.9821326071788987,1.9994656274446796e-05,2.0174346252821036e-05,-0.39395551354976394
110.07999999992485,-1.0,-0.9821507412043566,2.0149784902629674e-05,2.0165030964010487e-05,-0.41181820173599354
110.0999999999248,-1.0,-0.9821756100318337,2.0331957128995918e-05,2.017331382482361e-05,-0.42051142413932996
110.11999999992476,-1.0,-0.9822104031525122,2.0485706284140247e-05,2.019709649566806e-05,-0.4169823706482423
110.13999999992471,-1.0,-0.9822552665742551,2.0574048801832973e-05,2.023000898782457e-05,-0.4029308240702901
110.15999999992466,-1.0,-0.9823076686844279,2.0580836513790812e-05,2.0263932141484475e-05,-0.3830851812909856
110.17999999992462,-1.0,-0.9823635549440287,2.0505443638509427e-05,2.029081785501121e-05,-0.3627138076057706
110.19999999992457,-1.0,-0.9824184013707472,2.0363113342317666e-05,2.0304164304082598e-05,-0.34610726067315123
110.21999999992453,-1.0,-0.982467939988979,2.0186617492635484e-05,2.030048191791135e-05,-0.33643063097108267
110.23999999992448,-1.0,-0.9825085479935112,2.0020552048101556e-05,2.0280439374887946e-05,-0.33602954881550684
110.25999999992443,-1.0,-0.9825387076091969,1.991083267682857e-05,2.024912145508713e-05,-0.34542490548699184
110.27999999992439,-1.0,-0.9825603725117193,1.9885929184078326e-05,2.0214766480051314e-05,-0.36244022838691076
110.29999999992434,-1.0,-0.9825773327895855,1.9941994351186226e-05,2.0185725206031956e-05,-0.3832749240828353
110.31999999992429,-1.0,-0.9825938772271186,2.0067946364549124e-05,2.016864236847763e-05,-0.40347427457478746
110.33999999992425,-1.0,-0.9826148194962268,2.02436246853725e-05,2.0168170285901415e-05,-0.4174235811875861
110.3599999999242,-1.0,-0.9826444198527505,2.041793609224745e-05,2.018492524503702e-05,-0.420073079407971
110.37999999992415,-1.0,-0.9826844073268652,2.054219301917018e-05,2.0214361154007274e-05,-0.41081923102679807
110.3999999999241,-1.0,-0.9827334609830128,2.0590904602449538e-05,2.0248955013527816e-05,-0.39319088086235165
110.41999999992406,-1.0,-0.9827881406773502,2.055584105335574e-05,2.0280431847642463e-05,-0.37246629114023255
110.43999999992401,-1.0,-0.9828440439708322,2.0444144949826586e-05,2.030133663339713e-05,-0.3535171514821767
110.45999999992397,-1.0,-0.9828967068188236,2.027976134812199e-05,2.0306488452475334e-05,-0.3400345849829894
110.47999999992392,-1.0,-0.9829421278374305,2.010233626927659e-05,2.0294390275092682e-05,-0.3347700608762994
110.49999999992387,-1.0,-0.9829774578655529,1.995945703809732e-05,2.0267954745100413e-05,-0.33936760492791446
110.51999999992383,-1.0,-0.9830029025556499,1.9891201213400715e-05,2.0234129111715425e-05,-0.35299234672104496
110.53999999992378,-1.0,-0.9830216723533821,1.9908322629047884e-05,2.0201617997379177e-05,-0.37243465522802666
110.55999999992373,-1.0,-0.9830378085995568,2.0000886280148106e-05,2.0177965071310897e-05,-0.3935537467115978
110.57999999992369,-1.0,-0.9830558912117219,2.015625597400757e-05,2.0168912390877755e-05,-0.41141276411160416
110.59999999992364,-1.0,-0.9830807010543927,2.0338662193794984e-05,2.0177455405373117e-05,-0.4201019378071237
110.61999999992359,-1.0,-0.9831154274517448,2.0492641304731944e-05,2.02014954826261e-05,-0.41656865273470595
110.63999999992355,-1.0,-0.9831602163381206,2.058121388503718e-05,2.0234662729802636e-05,-0.4025129875723174
110.6599999999235,-1.0,-0.9832125361800301,2.0588235199324992e-05,2.0268838446233578e-05,-0.38266366880835123
110.67999999992345,-1.0,-0.9832683327106906,2.051308081372972e-05,2.029597516988262e-05,-0.3622893262397158
110.6999999999234,-1.0,-0.9833230823989889,2.037099315709537e-05,2.0309571662403312e-05,-0.3456805886455953
110.71999999992336,-1.0,-0.9833725179178712,2.0194744186033452e-05,2.030613882121163e-05,-0.33600230254752445
110.73999999992331,-1.0,-0.9834130174142567,2.0028934134622406e-05,2.0286345987765356e-05,-0.33559953800574527
110.75999999992327,-1.0,-0.9834430640176597,1.991948734678204e-05,2.025527915472482e-05,-0.34499285603462093
110.77999999992322,-1.0,-0.983464612061992,1.989486821108436e-05,2.0221178159643744e-05,-0.3620058559322881
110.79999999992317,-1.0,-0.983481450901807,1.99511955224771e-05,2.0192392780778133e-05,-0.3828378152509079
110.81999999992313,-1.0,-0.9834978677238356,2.007738347670607e-05,2.0175564958130316e-05,-0.40303361638570706
110.83999999992308,-1.0,-0.9835186751608757,2.0253281792887714e-05,2.0175345146216646e-05,-0.4169783707473789
110.85999999992303,-1.0,-0.9835481328652117,2.042780415825248e-05,2.0192348763345344e-05,-0.4196225461047447
110.87999999992299,-1.0,-0.9835879694367219,2.0552268433498058e-05,2.022202949169598e-05,-0.41036324170554844
110.89999999992294,-1.0,-0.9836368636533149,2.0601188406529013e-05,2.0256864612690987e-05,-0.3927301319716832
110.9199999999229,-1.0,-0.9836913753300534,2.056633711829234e-05,2.028857975886479e-05,-0.3720021940063583
110.93999999992285,-1.0,-0.9837471023502192,2.045485770184052e-05,2.0309720604279533e-05,-0.35305141735752177
110.9599999999228,-1.0,-0.9837995814891505,2.0290695518426327e-05,2.0315106870542267e-05,-0.33956857210159086
110.97999999992275,-1.0,-0.983844812908542,2.01135024003678e-05,2.0303242372339137e-05,-0.3343040424551781
110.99999999992271,-1.0,-0.9838799494808007,1.9970880170533767e-05,2.027704152900677e-05,-0.3389007339632756
111.01999999992266,-1.0,-0.9839051987229724,1.990292288416323e-05,2.024345495656513e-05,-0.35252382730284754
111.03999999992261,-1.0,-0.9839237715907936,1.9920337666628117e-05,2.021118892786391e-05,-0.3719640678454114
111.05999999992257,-1.0,-0.9839397070334143,2.0013146877076243e-05,2.018778314981899e-05,-0.3930802054256155
111.07999999992252,-1.0,-0.983957582610892,2.0168729619655363e-05,2.0178975569675864e-05,-0.41093481338592514
111.09999999992247,-1.0,-0.9839821778980805,2.0351332025204777e-05,2.018775963462416e-05,-0.4196180952932618
111.11999999992243,-1.0,-0.9840166814006408,2.0505498914495642e-05,2.0212035969549668e-05,-0.41607813037260144
111.13999999992238,-1.0,-0.9840612384096484,2.0594256991550737e-05,2.024543467563676e-05,-0.4020162164395959
111.15999999992233,-1.0,-0.9841133169640114,2.060146577177612e-05,2.0279837536506196e-05,-0.38216235168362667
111.17999999992229,-1.0,-0.9841688627864927,2.052650276965791e-05,2.030719781355022e-05,-0.36178597136217167
111.19999999992224,-1.0,-0.9842233529890884,2.0384611022614477e-05,2.0321015016479546e-05,-0.3451776296300518
111.2199999999222,-1.0,-0.9842725218578859,2.020856656123057e-05,2.031780090573433e-05,-0.33550099826635416
111.23999999992215,-1.0,-0.9843127503935383,2.004298489269206e-05,2.0298226556936193e-05,-0.33509912507424267
111.2599999999221,-1.0,-0.9843425246347937,1.993382130082351e-05,2.02673818073471e-05,-0.34449181820643704
111.27999999992205,-1.0,-0.9843638013164999,1.990952822278081e-05,2.0233511621679068e-05,-0.361503419445388
111.29999999992201,-1.0,-0.9843803683694944,1.9966131486912343e-05,2.020496399623862e-05,-0.3823332591831072
111.31999999992196,-1.0,-0.984396509129761,2.0092537134833136e-05,2.0188374242773856e-05,-0.4025253449595209
111.33999999992191,-1.0,-0.984417033776186,2.0268622521544255e-05,2.0188388743570433e-05,-0.41646430276174573
111.35999999992187,-1.0,-0.9844462006051756,2.0443316856425667e-05,2.0205621268255896e-05,-0.41910102972792546
111.37999999992182,-1.0,-0.9844857372226614,2.056794649858515e-05,2.0235525052323456e-05,-0.4098339780619241
111.39999999992177,-1.0,-0.9845343215961091,2.0617031058665086e-05,2.0270577635082653e-05,-0.3921945931063083
111.41999999992173,-1.0,-0.9845885130980061,2.0582346993674754e-05,2.0302505310899186e-05,-0.37146331587255377
111.43999999992168,-1.0,-0.9846439098544525,2.04710387513205e-05,2.0323854557800826e-05,-0.35251264858033216
111.45999999992164,-1.0,-0.98469604997793,2.030705421924166e-05,2.0329445971613112e-05,-0.33903249183892664
111.47999999992159,-1.0,-0.9847409365600618,2.013005754854824e-05,2.031778482910893e-05,-0.333770919114553
111.49999999992154,-1.0,-0.9847757264635091,1.9987680954404308e-05,2.029178896319348e-05,-0.33836862071233303
111.5199999999215,-1.0,-0.9848006309656046,1.9920052328898666e-05,2.0258415719570728e-05,-0.3519910930961565
111.53999999992145,-1.0,-0.984818862284966,1.9937791063208048e-05,2.0226374946467902e-05,-0.37143004730973944
111.5599999999214,-1.0,-0.984834455172029,2.0030840864293867e-05,2.0203199394852347e-05,-0.392543509865713
111.57999999992136,-1.0,-0.9848519830004426,2.018661017357725e-05,2.0194619849875942e-05,-0.4103930564494326
111.59999999992131,-1.0,-0.9848762230986183,2.0369373448772883e-05,2.020362646695598e-05,-0.419068796069399
111.61999999992126,-1.0,-0.9849103625644189,2.05236888613551e-05,2.0228118721504975e-05,-0.415519953529589
111.63999999992122,-1.0,-0.984954545529955,2.061259101620048e-05,2.0261726615995513e-05,-0.4014498806589258
111.65999999992117,-1.0,-0.9850062391471703,2.0619944404259074e-05,2.029633243895021e-05,-0.3815906991166538
111.67999999992112,-1.0,-0.9850613888710654,2.0545129026191994e-05,2.032389024811007e-05,-0.36121313836113467
111.69999999992108,-1.0,-0.9851154726284516,2.0403389750592383e-05,2.0337900445292556e-05,-0.3446075455860922
111.71999999992103,-1.0,-0.985164227189195,2.0227510290683167e-05,2.0334876009359082e-05,-0.33493557591048895
111.73999999992098,-1.0,-0.9852040381255963,2.006213136737092e-05,2.031549071709306e-05,-0.3345369332638309
111.75999999992094,-1.0,-0.9852333961969513,1.9953259326324127e-05,2.0284840628424347e-05,-0.3439302916482117
111.77999999992089,-1.0,-0.9852542621140559,1.9929328757949126e-05,2.0251179098384018e-05,-0.3609413423331759
111.79999999992084,-1.0,-0.9852704217626855,1.9986219271710857e-05,2.0222851617771058e-05,-0.38176963387123497
111.8199999999208,-1.0,-0.985286152595079,2.011282500261204e-05,2.0206483412147903e-05,-0.4019578703940804
111.83999999992075,-1.0,-0.9853062610597827,2.0289066630843782e-05,2.020671480043106e-05,-0.41588992570953315
111.8599999999207,-1.0,-0.9853350034187918,2.0463896656197296e-05,2.022415720096913e-05,-0.41851730377922286
111.87999999992066,-1.0,-0.9853741057755726,2.0588652692581274e-05,2.0254263203674313e-05,-0.4092404548914508
111.89999999992061,-1.0,-0.9854222448139301,2.0637861212231123e-05,2.0289510583724895e-05,-0.3915934440763085
111.91999999992056,-1.0,-0.9854759791002913,2.0603302606090883e-05,2.0321626342745848e-05,-0.37085885138027547
111.93999999992052,-1.0,-0.9855309069300291,2.0492123321909453e-05,2.0343157856306353e-05,-0.351909882998057
111.95999999992047,-1.0,-0.985582568217364,2.032827578435584e-05,2.0348926803643266e-05,-0.3384351039291666
111.97999999992042,-1.0,-0.9856269702305211,2.0151442330353535e-05,2.0337440479051862e-05,-0.3331791716935311
111.99999999992038,-1.0,-0.9856612755852822,2.0009299894605535e-05,2.0311621604339225e-05,-0.3377795746634399
112.01999999992033,-1.0,-0.9856857010273465,1.9942025830161862e-05,2.0278437284708946e-05,-0.3514023645425934
112.03999999992028,-1.0,-0.9857034607173487,1.9960114858760387e-05,2.024660267917707e-05,-0.3708407500088535
112.05999999992024,-1.0,-0.9857185835816968,2.00533996195402e-05,2.0223640890282382e-05,-0.39195180378742
112.07999999992019,-1.0,-0.98573563716237,2.0209330533393427e-05,2.0215272796397426e-05,-0.4097957188683765
112.09999999992014,-1.0,-0.985759395680859,2.03922217941138e-05,2.022448410252994e-05,-0.41846244848499303
112.1199999999201,-1.0,-0.9857930442973175,2.054664931743686e-05,2.0249172769882675e-05,-0.414902768592923
112.13999999992005,-1.0,-0.9858367255207633,2.0635657187868264e-05,2.0282968618213015e-05,-0.40082283561004295
112.15999999992,-1.0,-0.9858879052020453,2.0643115508341063e-05,2.0317754457292852e-05,-0.38095766028904426
112.17999999991996,-1.0,-0.9859425282953396,2.0568407243731352e-05,2.0345485203820734e-05,-0.3605797052432444
112.19999999991991,-1.0,-0.9859960736947728,2.0426780198438773e-05,2.035966227865183e-05,-0.34397899117982605
112.21999999991986,-1.0,-0.9860442814350686,2.025102901802581e-05,2.0356800196909927e-05,-0.3343143994082347
112.23999999991982,-1.0,-0.9860835432029548,2.0085828569488968e-05,2.0337576304287405e-05,-0.3339211022294749
112.25999999991977,-1.0,-0.9861123561052717,1.9977254338105883e-05,2.030709501921541e-05,-0.34331629753484666
112.27999999991972,-1.0,-0.9861326862436998,1.995371778082872e-05,2.0273621018148148e-05,-0.3603275723920119
112.29999999991968,-1.0,-0.986148316902768,2.0010904500553547e-05,2.0245496639408154e-05,-0.38115484303115277
112.31999999991963,-1.0,-0.98616351782792,2.0137693364300684e-05,2.0229333921925835e-05,-0.4013391261280474
112.33999999991958,-1.0,-0.9861830905928667,2.0314062455848814e-05,2.0229765337040622e-05,-0.41526330396501004
112.35999999991954,-1.0,-0.9862112888169802,2.048899452787049e-05,2.0247399323188327e-05,-0.41787964610071804
112.37999999991949,-1.0,-0.986249836645278,2.0613840905424063e-05,2.0277687646605716e-05,-0.4085911790173275
112.39999999991944,-1.0,-0.9862974090529926,2.066313583577364e-05,2.0313108297123666e-05,-0.3909353480499966
112.4199999999194,-1.0,-0.9863505634732462,2.0628664096812996e-05,2.034538902160161e-05,-0.37019747702568334
112.43999999991935,-1.0,-0.9864048983028838,2.0517574751066354e-05,2.036707817408e-05,-0.3512516470159279
112.4599999999193,-1.0,-0.9864559556724375,2.0353826569822312e-05,2.0372998702552394e-05,-0.33778466920449274
112.47999999991926,-1.0,-0.986499748142334,2.0177125332730553e-05,2.0361660415081858e-05,-0.3325367947774744
112.49999999991921,-1.0,-0.9865334456597153,2.0035205528246546e-05,2.0335992242710723e-05,-0.33714142661032614
112.51999999991916,-1.0,-0.9865572719679556,1.9968307958313716e-05,2.0302973762631103e-05,-0.3507653870021621
112.53999999991912,-1.0,-0.9865744437785448,1.998676963657927e-05,2.027132699936471e-05,-0.3702038595992876
112.55999999991907,-1.0,-0.9865889827416129,2.0080283148433906e-05,2.024856300135134e-05,-0.39131275801460663
112.57999999991902,-1.0,-0.9866054490971008,2.0236352203819797e-05,2.024039028807293e-05,-0.4091505484518529
112.59999999991898,-1.0,-0.9866286131907699,2.0419340932329747e-05,2.024978908017489e-05,-0.4178069733812707
112.61999999991893,-1.0,-0.9866616577716579,2.057384691030905e-05,2.0274655499650415e-05,-0.41423472200585043
112.63999999991889,-1.0,-0.9867047233106369,2.066292509448876e-05,2.0308619107852864e-05,-0.4001434257217122
112.65999999991884,-1.0,-0.9867552739863956,2.067045175275448e-05,2.0343563248160604e-05,-0.38027166806004165
112.67999999991879,-1.0,-0.9868092540423502,2.0595813235568075e-05,2.037144374912552e-05,-0.35989403640222783
112.69999999991875,-1.0,-0.9868621434742338,2.045426127532074e-05,2.038576316136896e-05,-0.3433001176538835
112.7199999999187,-1.0,-0.9869096862775676,2.0278604357895063e-05,2.0383037818438466e-05,-0.33364534281285196
112.73999999991865,-1.0,-0.9869482816297435,2.0113559469588308e-05,2.036394940830388e-05,-0.333259292108038
112.7599999999186,-1.0,-0.986976434436817,2.0005287367704217e-05,2.0333612613290882e-05,-0.34265738271344937
112.77999999991856,-1.0,-0.9869961174539097,1.9982171667056478e-05,2.0300306046393e-05,-0.3596695860291585
112.79999999991851,-1.0,-0.9870111108700211,2.0039661375247123e-05,2.0272368319257643e-05,-0.38049632041466436
112.81999999991847,-1.0,-0.9870256751004117,2.016661710109501e-05,2.0256395523698365e-05,-0.4006765733442936
112.83999999991842,-1.0,-0.9870446058249043,2.0343086877885123e-05,2.0257010695970483e-05,-0.41459202228804615
112.85999999991837,-1.0,-0.9870721534788726,2.051808990759373e-05,2.027481873622e-05,-0.4171958434447035
112.87999999991833,-1.0,-0.9871100398428281,2.064299339808799e-05,2.0305270428666493e-05,-0.4078941539364173
112.89999999991828,-1.0,-0.9871569378044415,2.0692340166554265e-05,2.0340843957384374e-05,-0.39022845628109737
112.91999999991823,-1.0,-0.9872094033707693,2.0657919769641386e-05,2.0373267845453166e-05,-0.369487355980802
112.93999999991819,-1.0,-0.9872630349778492,2.0546884432225366e-05,2.0395091494398836e-05,-0.3505459605259171
112.95999999991814,-1.0,-0.9873133773396408,2.038320089047415e-05,2.040113928372832e-05,-0.3370889546368983
112.97999999991809,-1.0,-0.9873564492999028,2.0206603044010455e-05,2.038992397532575e-05,-0.33185130184144385
112.99999999991805,-1.0,-0.9873894295400243,2.0064894350468154e-05,2.0364381882574188e-05,-0.33646153388111394
113.019999999918,-1.0,-0.9874125501604868,1.9998391493216243e-05,2.0331507465625557e-05,-0.35008743606183285
113.03999999991795,-1.0,-0.9874290309655848,2.0017244441009556e-05,2.0300030997455307e-05,-0.36952659240011354
113.0599999999179,-1.0,-0.9874428850412709,2.011097999741426e-05,2.0277449339119545e-05,-0.39063357592252324
113.07999999991786,-1.0,-0.9874586640211537,2.026716520443026e-05,2.026945647689571e-05,-0.4084648208261206
113.09999999991781,-1.0,-0.9874811336934884,2.0450223178494097e-05,2.02790262314301e-05,-0.4171098097593197
113.11999999991777,-1.0,-0.9875134739764122,2.0604776620187018e-05,2.03040525981838e-05,-0.4135234660309601
113.13999999991772,-1.0,-0.9875558229341808,2.069389257500142e-05,2.033816481232206e-05,-0.39941949033086477
113.15999999991767,-1.0,-0.9876056427431569,2.0701453950113743e-05,2.037324675947385e-05,-0.37954064492094597
113.17999999991763,-1.0,-0.9876588767480621,2.0626850849379778e-05,2.040125522382688e-05,-0.35916398866640603
113.19999999991758,-1.0,-0.9877110061633219,2.048533981844694e-05,2.041569398121205e-05,-0.34257857896295274
113.21999999991753,-1.0,-0.9877577795604763,2.0309745767026453e-05,2.0413081431960634e-05,-0.3329357965181055
113.23999999991749,-1.0,-0.9877956048258615,2.0144834863865173e-05,2.0394104290183374e-05,-0.33255868980758757
113.25999999991744,-1.0,-0.9878229959500912,2.003686742443991e-05,2.0363889188859684e-05,-0.34196062606840016
113.2799999999174,-1.0,-0.987841933459634,2.0014195060401098e-05,2.0330730992764956e-05,-0.35897439470961645
113.29999999991735,-1.0,-0.987856194012326,2.007199252790047e-05,2.030296408162981e-05,-0.3798010363455061
113.3199999999173,-1.0,-0.9878700272592142,2.0199099538553504e-05,2.028716616207165e-05,-0.399977207602046
113.33999999991725,-1.0,-0.9878882220861205,2.0375645167208947e-05,2.0287949434215554e-05,-0.41388319255854333
113.3599999999172,-1.0,-0.9879150252664055,2.05506905353017e-05,2.0305914768089473e-05,-0.4164731983122264
113.37999999991716,-1.0,-0.9879521558573324,2.0675620635819922e-05,2.033651182625951e-05,-0.4071568867568058
113.39999999991711,-1.0,-0.9879982843235637,2.0724987539079493e-05,2.0372218967444912e-05,-0.38948041513153303
113.41999999991707,-1.0,-0.9880499649860507,2.0690585914705114e-05,2.0404765515400876e-05,-0.36873614517992936
113.43999999991702,-1.0,-0.9881027962630475,2.057957163383469e-05,2.0426701976963178e-05,-0.34980034403172583
113.45999999991697,-1.0,-0.9881523257741514,2.0415920834157576e-05,2.04328543045739e-05,-0.33635524048129595
113.47999999991693,-1.0,-0.9881945795197078,2.0239399663221887e-05,2.042173860078936e-05,-0.33112973240559046
113.49999999991688,-1.0,-0.9882267461521363,2.009789061864853e-05,2.0396299594966873e-05,-0.3357467875205648
113.51999999991683,-1.0,-0.988249067327467,2.0031797223331928e-05,2.0363548755471156e-05,-0.34937532476365535
113.53999999991679,-1.0,-0.9882647664212879,2.0051056571618655e-05,2.03322258238525e-05,-0.3688157046839639
113.55999999991674,-1.0,-0.9882778468231191,2.0145007043139263e-05,2.0309811598474842e-05,-0.38992100081229103
113.5799999999167,-1.0,-0.9882928504132201,2.0301287854500193e-05,2.030198362113625e-05,-0.40774534691839837
113.59999999991665,-1.0,-0.9883145378229541,2.0484389072113773e-05,2.0311708508811098e-05,-0.41637792239645927
113.6199999999166,-1.0,-0.9883460857705276,2.06389615561334e-05,2.0336877878733208e-05,-0.41277616650840426
113.63999999991655,-1.0,-0.9883876295892072,2.072808549134833e-05,2.0371120579593712e-05,-0.39865837157149253
113.65999999991651,-1.0,-0.9884366291616072,2.073565082472738e-05,2.0406321044478343e-05,-0.3787720109838214
113.67999999991646,-1.0,-0.9884890267667046,2.066105173084467e-05,2.0434437048474486e-05,-0.3583969193444513
113.69999999991641,-1.0,-0.9885403049384885,2.0519550352456907e-05,2.044897367369195e-05,-0.34182153983510005
113.71999999991637,-1.0,-0.9885862173634216,2.034399029931402e-05,2.0446451603672515e-05,-0.33219267531121993
113.73999999991632,-1.0,-0.9886231817056574,2.0179193124579497e-05,2.04275631778763e-05,-0.3318260170607676
113.75999999991627,-1.0,-0.9886497221683345,2.0071531240620377e-05,2.0397448459822546e-05,-0.341232646601464
113.77999999991623,-1.0,-0.9886678280302451,2.0049320612535914e-05,2.0364420597513317e-05,-0.3582485530810168
113.79999999991618,-1.0,-0.9886812720378442,2.0107428755673752e-05,2.0336809298686626e-05,-0.3790755059068696
113.81999999991613,-1.0,-0.9886942918230229,2.0234672176848934e-05,2.0321171751588474e-05,-0.39924756711701664
113.83999999991609,-1.0,-0.9887116686899556,2.041127070909352e-05,2.0322108095428787e-05,-0.4131434621881644
113.85999999991604,-1.0,-0.9887376453318589,2.0586332176836892e-05,2.034021474114995e-05,-0.41571853752768806
113.879999999916,-1.0,-0.9887739377687351,2.071126100642101e-05,2.0370940107695558e-05,-0.4063863969418523
113.89999999991595,-1.0,-0.9888192137479646,2.0760619099606996e-05,2.0406762709646597e-05,-0.38869837496022114
113.9199999999159,-1.0,-0.9888700256753362,2.0726206519219502e-05,2.0439412689816215e-05,-0.36795100430329636
113.93999999991586,-1.0,-0.9889219718994219,2.0615183206368707e-05,2.046144170770449e-05,-0.3490218276684193
113.95999999991581,-1.0,-0.9889706032253027,2.045153596494752e-05,2.0467677410021132e-05,-0.33559032928549654
113.97999999991576,-1.0,-0.9890119535718296,2.02750667992506e-05,2.0456639576614094e-05,-0.3303786610267592
113.99999999991572,-1.0,-0.9890432226423161,2.0133746046826034e-05,2.043128225468318e-05,-0.33500362129464084
114.01999999991567,-1.0,-0.9890646626946371,2.006807363448801e-05,2.0398635776056357e-05,-0.34863541265087916
114.03999999991562,-1.0,-0.9890795010941312,2.008775126641784e-05,2.0367450417062785e-05,-0.3680775017784309
114.05999999991558,-1.0,-0.9890917305486203,2.0181909171090347e-05,2.0345189281709358e-05,-0.3891813250903572
114.07999999991553,-1.0,-0.9891058821865163,2.0338266447669827e-05,2.0337511804404835e-05,-0.4069984822523783
114.09999999991548,-1.0,-0.9891267109606915,2.0521387048185957e-05,2.0347376700432542e-05,-0.4156178112970852
114.11999999991544,-1.0,-0.9891573900682991,2.067595262367627e-05,2.0372672990696422e-05,-0.41199951248183225
114.13999999991539,-1.0,-0.989198051828876,2.076505739273692e-05,2.0407029084221667e-05,-0.39786692416025277
114.15999999991534,-1.0,-0.9892461535764688,2.0772598673527212e-05,2.0442329963589673e-05,-0.3779726938749497
114.1799999999153,-1.0,-0.9892976363770322,2.0697974981226174e-05,2.0470534422119194e-05,-0.3575996961526507
114.19999999991525,-1.0,-0.9893479841697632,2.0556454743610936e-05,2.0485148915794722e-05,-0.3410356856625521
114.2199999999152,-1.0,-0.9893929562229863,2.0380902256416496e-05,2.0482696597713155e-05,-0.3314224281921317
114.23999999991516,-1.0,-0.9894289809066105,2.021619984648177e-05,2.0463875952045e-05,-0.3310675401978086
114.25999999991511,-1.0,-0.9894545936157686,2.0108842912523615e-05,2.043384175753031e-05,-0.3404796132080377
114.27999999991506,-1.0,-0.9894717932332987,2.0087108617752887e-05,2.040092720901391e-05,-0.3574981687816299
114.29999999991502,-1.0,-0.9894843482662824,2.0145528650201608e-05,2.037345696357833e-05,-0.37832579880472084
114.31999999991497,-1.0,-0.989496483241401,2.0272894316110216e-05,2.0357965845459914e-05,-0.3984937427226678
114.33999999991492,-1.0,-0.9895129711995753,2.0449524625746972e-05,2.035904087431769e-05,-0.41237902423293965
114.35999999991488,-1.0,-0.9895380503922011,2.0624578242766082e-05,2.0377273632249913e-05,-0.41493822254293244
114.37999999991483,-1.0,-0.989573433530168,2.074948043612228e-05,2.0408111189249114e-05,-0.4055892268090301
114.39999999991478,-1.0,-0.9896177853881337,2.07988034191452e-05,2.0444032197794286e-05,-0.38788900077299693
114.41999999991474,-1.0,-0.9896676562569163,2.0764352877612645e-05,2.0476767632513674e-05,-0.3671386064967166
114.43999999991469,-1.0,-0.9897186443683669,2.065329318954701e-05,2.049887034316463e-05,-0.3482169618983883
114.45999999991464,-1.0,-0.9897663039530353,2.0489622927337323e-05,2.0505169773197058e-05,-0.3348005564935267
114.4799999999146,-1.0,-0.9898066775053368,2.031318307155903e-05,2.049418966907555e-05,-0.3296042078022808
114.49999999991455,-1.0,-0.9898369767115072,2.0172039401799927e-05,2.046889417357094e-05,-0.3342380221493881
114.5199999999145,-1.0,-0.9898574653341737,2.010679649961896e-05,2.0436334082790158e-05,-0.347873616230288
114.53999999991446,-1.0,-0.9898713750902615,2.0126901285335186e-05,2.040527112896743e-05,-0.3673178485555781
114.55999999991441,-1.0,-0.989882687159049,2.0221258854422772e-05,2.038314931953604e-05,-0.38842040082400187
114.57999999991436,-1.0,-0.9898959210584541,2.037767482729155e-05,2.0375608552443373e-05,-0.40623013763241433
114.59999999991432,-1.0,-0.9899158256144844,2.0560793009585854e-05,2.0385599042676204e-05,-0.41483552257065626
114.61999999991427,-1.0,-0.989945570227208,2.071532809452455e-05,2.041100702829085e-05,-0.41119972730485777
114.63999999991422,-1.0,-0.9899852839588904,2.0804389082824972e-05,2.0445460432151876e-05,-0.3970515267129191
114.65999999991418,-1.0,-0.9900324213746837,2.0811880930784978e-05,2.0480844785474864e-05,-0.37714914018877976
114.67999999991413,-1.0,-0.9900829221989165,2.0737206719630767e-05,2.0509119919786252e-05,-0.35677870870199957
114.69999999991408,-1.0,-0.9901322718473766,2.05956417595424e-05,2.0523793719954765e-05,-0.34022723392318766
114.71999999991404,-1.0,-0.9901762355695326,2.0420072744756187e-05,2.052139196672219e-05,-0.3306310496806155
114.73999999991399,-1.0,-0.990211253236407,2.0255447400213487e-05,2.0502619733230376e-05,-0.33028908137380797
114.75999999991394,-1.0,-0.9902358722748743,2.014839344828928e-05,2.0472647614446136e-05,-0.3397072558894056
114.7799999999139,-1.0,-0.9902521019018858,2.0127146553924472e-05,2.043983036364006e-05,-0.35672891366980714
114.79999999991385,-1.0,-0.9902637061062286,2.0185878133058985e-05,2.0412487266283827e-05,-0.3775575506392459
114.8199999999138,-1.0,-0.9902748953821373,2.031335258814584e-05,2.039712920733543e-05,-0.39772138923700495
114.83999999991376,-1.0,-0.9902904339253634,2.048999530518651e-05,2.0398329184428638e-05,-0.4115956289269882
114.85999999991371,-1.0,-0.9903145552368673,2.0665019314824076e-05,2.0416673636664966e-05,-0.41413816119551516
114.87999999991366,-1.0,-0.990348968486203,2.078987191380559e-05,2.04476081953859e-05,-0.4047714535225282
114.89999999991362,-1.0,-0.9903923352563914,2.0839136015545108e-05,2.0483611633826984e-05,-0.3870584843964598
114.91999999991357,-1.0,-0.9904412035510127,2.080462311151508e-05,2.0516415766002824e-05,-0.36630515062248953
114.93999999991352,-1.0,-0.9904911714427972,2.069350233020304e-05,2.0538574660454654e-05,-0.3473918297189139
114.95999999991348,-1.0,-0.990537796790358,2.0529784961846133e-05,2.0544919642195575e-05,-0.33399180252186184
114.97999999991343,-1.0,-0.9905771312222507,2.0353353622971657e-05,2.0533978669232292e-05,-0.32881205030876803
114.99999999991338,-1.0,-0.9906063992007729,2.0212376011563806e-05,2.050872664101468e-05,-0.3334555420845454
115.01999999991334,-1.0,-0.990625876761475,2.0147568380404136e-05,2.0476236179673744e-05,-0.3470954208412562
115.03999999991329,-1.0,-0.990638800281461,2.0168106405120802e-05,2.044528125813084e-05,-0.3665421813216073
115.05999999991325,-1.0,-0.9906491386945878,2.0262655644414943e-05,2.04232856004708e-05,-0.38764365169471465
115.0799999999132,-1.0,-0.9906613991809337,2.0419113873938777e-05,2.0415868358619992e-05,-0.4054457912331701
115.09999999991315,-1.0,-0.99068032406,2.0602209812330474e-05,2.0425970741930082e-05,-0.4140366607323635
115.1199999999131,-1.0,-0.9907090787010574,2.0756693089914558e-05,2.045147604870092e-05,-0.41038258119099585
115.13999999991306,-1.0,-0.9907477887023625,2.0845688101302545e-05,2.0486011675447325e-05,-0.3962180945167402
115.15999999991301,-1.0,-0.9907939056722542,2.0853107647977512e-05,2.052146369851648e-05,-0.3763073283895076
115.17999999991297,-1.0,-0.9908433678824232,2.0778359561148467e-05,2.0549793000826164e-05,-0.35593988139638205
115.19999999991292,-1.0,-0.9908916622833216,2.0636726545590967e-05,2.0564508939421712e-05,-0.339401946951466
115.21999999991287,-1.0,-0.9909345604414128,2.0461119149707444e-05,2.0562140054320836e-05,-0.3298240924016331
115.23999999991283,-1.0,-0.9909685143998367,2.0296554403266903e-05,2.0543398381468035e-05,-0.329496031017043
115.25999999991278,-1.0,-0.9909920843258646,2.0189800233168642e-05,2.0513471260740834e-05,-0.3389208781495787
115.27999999991273,-1.0,-0.9910072903864696,2.0169048540131536e-05,2.0480736278952954e-05,-0.3559460362134292
115.29999999991269,-1.0,-0.9910178918192034,2.02280899076475e-05,2.045350708307221e-05,-0.37677597532092805
115.31999999991264,-1.0,-0.9910280843075037,2.0355660404872265e-05,2.0438269296973853e-05,-0.3969357379744695
115.33999999991259,-1.0,-0.9910426227134892,2.053229784736594e-05,2.0439581140128114e-05,-0.41079859638098165
115.35999999991255,-1.0,-0.9910657355287893,2.0707272590279508e-05,2.0458023646553834e-05,-0.41332382066577067
115.3799999999125,-1.0,-0.9910991281865468,2.0832054933879253e-05,2.048904093387828e-05,-0.40393870232081536
115.39999999991245,-1.0,-0.9911414588934858,2.0881238795005036e-05,2.0525111879776782e-05,-0.38621255791022463
115.4199999999124,-1.0,-0.9911892732195515,2.084664160992987e-05,2.0557969140463945e-05,-0.36545637476823367
115.43999999991236,-1.0,-0.9912381690403689,2.0735437521097125e-05,2.058016802340413e-05,-0.34655206010010475
115.45999999991231,-1.0,-0.9912837080102421,2.0571651342305507e-05,2.058654180353387e-05,-0.33316950601927003
115.47999999991227,-1.0,-0.9913219513582177,2.0395209554749235e-05,2.0575622853770895e-05,-0.328007436676765
115.49999999991222,-1.0,-0.9913501369856984,2.0254387196269394e-05,2.0550397382119382e-05,-0.33266131113016484
115.51999999991217,-1.0,-0.9913685538430941,2.0190018051020336e-05,2.0517960974516823e-05,-0.3463058936060981
115.53999999991213,-1.0,-0.9913804432263745,2.0210992835906592e-05,2.0487100501604874e-05,-0.36575552076907164
115.55999999991208,-1.0,-0.9913897612287493,2.030572558265484e-05,2.0465218419013383e-05,-0.3868560860034207
115.57999999991203,-1.0,-0.9914010020880126,2.0462210915055323e-05,2.0457912128523466e-05,-0.4046505017463758
115.59999999991199,-1.0,-0.9914189013018363,2.0645266673523392e-05,2.0468113415746058e-05,-0.413226402085104
115.61999999991194,-1.0,-0.9914466200145798,2.0799678987253126e-05,2.0493702509988277e-05,-0.4095534048816353
115.6399999999119,-1.0,-0.9914842801882057,2.0888588129428385e-05,2.0528306247148498e-05,-0.3953720934571967
115.65999999991185,-1.0,-0.9915293303166922,2.0895914898298037e-05,2.0563811242814125e-05,-0.37545278288912
115.6799999999118,-1.0,-0.9915777071246048,2.0821072020353605e-05,2.0592179438233822e-05,-0.35508868750709627
115.69999999991175,-1.0,-0.9916248991427506,2.0679350027218618e-05,2.0606921695054283e-05,-0.3385651458645281
115.7199999999117,-1.0,-0.9916666845311543,2.0503684536549342e-05,2.060456941950206e-05,-0.3290066807950272
115.73999999991166,-1.0,-0.9916995280597823,2.03391651182045e-05,2.0585841918306685e-05,-0.32869336137936617
115.75999999991161,-1.0,-0.9917220032223325,2.023270642202625e-05,2.0555944043759736e-05,-0.3381253704847169
115.77999999991157,-1.0,-0.9917361416449205,2.0212454721084546e-05,2.0523277270158114e-05,-0.3551543749654338
115.79999999991152,-1.0,-0.9917456976238656,2.0271802837789155e-05,2.049614938955854e-05,-0.3759858785660746
115.81999999991147,-1.0,-0.9917548513926132,2.0399457333813193e-05,2.048101967982337e-05,-0.3961416103366383
115.83999999991143,-1.0,-0.9917683480785044,2.0576073437932968e-05,2.048243096282429e-05,-0.40999283036833023
115.85999999991138,-1.0,-0.9917904109513999,2.0750981254557764e-05,2.0500958654012052e-05,-0.41250024153862125
115.87999999991133,-1.0,-0.9918227415476651,2.0875674868053293e-05,2.0532045295902462e-05,-0.4030961608666327
115.89999999991129,-1.0,-0.991863994545101,2.0924759423124593e-05,2.0568169855118947e-05,-0.3853565082087813
115.91999999991124,-1.0,-0.9919107129578413,2.089005839959965e-05,2.060106582854705e-05,-0.36459757087264705
115.9399999999112,-1.0,-0.9919584944306221,2.077875117056492e-05,2.0623289774986344e-05,-0.3457028425046506
115.95999999991115,-1.0,-0.9920029045484627,2.061487674458148e-05,2.062967697235323e-05,-0.3323386781581951
115.9799999999111,-1.0,-0.9920400145211559,2.043840729358323e-05,2.061876437307138e-05,-0.32719519964867344
115.99999999991105,-1.0,-0.9920670762307566,2.0297729631283203e-05,2.0593549943577118e-05,-0.33186005127468177
116.01999999991101,-1.0,-0.9920843920665753,2.0233799853597425e-05,2.0561153162241694e-05,-0.34550969731324843
116.03999999991096,-1.0,-0.9920952084555058,2.025521256907188e-05,2.053037433514162e-05,-0.364962485848664
116.05999999991091,-1.0,-0.9921034681683967,2.0350120544648187e-05,2.0508593852516343e-05,-0.38606231059011115
116.07999999991087,-1.0,-0.9921136520109799,2.0506619066467143e-05,2.05013865535289e-05,-0.4038489224493274
116.09999999991082,-1.0,-0.9921304884037799,2.0689618511741588e-05,2.051167446327565e-05,-0.41240950904230894
116.11999999991077,-1.0,-0.9921571341090674,2.0843942759838614e-05,2.0537334638616364e-05,-0.40871710427909286
116.13999999991073,-1.0,-0.9921937073123839,2.093274832930087e-05,2.0571993326114322e-05,-0.3945185549279553
116.15999999991068,-1.0,-0.9922376532641701,2.0939964115563203e-05,2.060753767256072e-05,-0.374590589110182
116.17999999991063,-1.0,-0.9922849070628605,2.0865007849857372e-05,2.0635930678761913e-05,-0.3542301642111546
116.19999999991059,-1.0,-0.9923309588538334,2.0723178248114363e-05,2.0650684733349672e-05,-0.3377217254107772
116.21999999991054,-1.0,-0.9923715936120009,2.0547436987682606e-05,2.0648334192713697e-05,-0.3281835256978539
116.2399999999105,-1.0,-0.9924032892804416,2.0382948787525273e-05,2.0629605880979317e-05,-0.3278856409183844
116.25999999991045,-1.0,-0.9924246331509707,2.0276780268409414e-05,2.0599722780072633e-05,-0.33732522467763537
116.2799999999104,-1.0,-0.992437668718393,2.025703058762394e-05,2.0567111099499827e-05,-0.35435837282458443
116.29999999991036,-1.0,-0.9924461451877843,2.031668126225477e-05,2.0540072606986222e-05,-0.3751916721632597
116.31999999991031,-1.0,-0.9924542268330281,2.0444408409785957e-05,2.0525039370098352e-05,-0.39534343217131707
116.33999999991026,-1.0,-0.9924666487268766,2.0620988658611463e-05,2.052653832096503e-05,-0.4091828328935174
116.35999999991022,-1.0,-0.9924876287482469,2.079581379101343e-05,2.054513908820187e-05,-0.4116720526753693
116.37999999991017,-1.0,-0.9925188644086956,2.0920402274843058e-05,2.0576282590536465e-05,-0.4022485944394272
116.39999999991012,-1.0,-0.9925590067343381,2.096937063429552e-05,2.0612447868873175e-05,-0.38449519243097546
116.41999999991008,-1.0,-0.992604596083937,2.0934548454341557e-05,2.0645369255298477e-05,-0.3637336002273606
116.43999999991003,-1.0,-0.9926512298415379,2.0823120511777556e-05,2.066760456527251e-05,-0.34484894227263313
116.45999999990998,-1.0,-0.9926944776276074,2.0659140555546656e-05,2.0673991118573575e-05,-0.33150391776613564
116.47999999990994,-1.0,-0.9927304209328122,2.0482627899394013e-05,2.0663070575667782e-05,-0.3263797714507828
116.49999999990989,-1.0,-0.9927563260483074,2.0342084651318073e-05,2.0637853016368182e-05,-0.33105609119192514
116.51999999990984,-1.0,-0.9927725092165963,2.027859299450224e-05,2.060548254541787e-05,-0.3447111050909997
116.5399999999098,-1.0,-0.9927822221641361,2.0300442665658925e-05,2.0574773330962902e-05,-0.36416730842263595
116.55999999990975,-1.0,-0.9927893939632642,2.0395517524132615e-05,2.0553083075902397e-05,-0.3852665455288557
116.5799999999097,-1.0,-0.9927984916045091,2.055201651500923e-05,2.0545963422505772e-05,-0.4030453160508172
116.59999999990966,-1.0,-0.9928142362317137,2.0734945229040077e-05,2.055632637415874e-05,-0.4115903452402744
116.61999999990961,-1.0,-0.9928397801022322,2.0889166258739194e-05,2.058204573575921e-05,-0.40787817588744985
116.63999999990956,-1.0,-0.9928752375149725,2.0977852625844533e-05,2.061674714099948e-05,-0.3936620915647999
116.65999999990952,-1.0,-0.9929180503740873,2.098494137640248e-05,2.065231825792752e-05,-0.3737254093770928
116.67999999990947,-1.0,-0.9929641520873377,2.090985532271668e-05,2.068072314293456e-05,-0.3533689284450895
116.69999999990942,-1.0,-0.9930090344382854,2.0767901652723207e-05,2.0695475724782034e-05,-0.33687616960509975
116.71999999990938,-1.0,-0.99304848938676,2.059206888479174e-05,2.0693113372672575e-05,-0.32735893967802376
116.73999999990933,-1.0,-0.9930790083944847,2.042759891384588e-05,2.0674370617729942e-05,-0.32707704940420307
116.75999999990928,-1.0,-0.993099192916811,2.0321714398902164e-05,2.064448904907942e-05,-0.33652454880224797
116.77999999990924,-1.0,-0.9931110986342583,2.0302466242128194e-05,2.0611920267547845e-05,-0.35356209199639443
116.79999999990919,-1.0,-0.9931184695477476,2.0362414254139085e-05,2.0584959890683047e-05,-0.3743973889324213
116.81999999990914,-1.0,-0.9931254535823691,2.049020339174363e-05,2.0570012116299925e-05,-0.3945452488234031
116.8399999999091,-1.0,-0.9931367755119788,2.066673474322027e-05,2.0571587612764003e-05,-0.4083727194598719
116.85999999990905,-1.0,-0.9931566476955292,2.0841463236882697e-05,2.0590250095517203e-05,-0.4108434867986735
116.879999999909,-1.0,-0.9931867635217585,2.0965932155815857e-05,2.0621438822623717e-05,-0.40140036185420574
116.89999999990896,-1.0,-0.9932257702700865,2.1014769488405353e-05,2.0657632895423917e-05,-0.3836330541199997
116.91999999990891,-1.0,-0.9932702055653965,2.0979810952259307e-05,2.0690567472180317e-05,-0.3628689096973911
116.93999999990886,-1.0,-0.9933156665050097,2.086824686043462e-05,2.0712801623870525e-05,-0.34399471669519344
116.95999999990882,-1.0,-0.9933577268215191,2.0704146131003166e-05,2.071917473793818e-05,-0.33066942710398955
116.97999999990877,-1.0,-0.9933924785122777,2.0527576322504e-05,2.0708233278011233e-05,-0.32556519927132777
116.99999999990872,-1.0,-0.9934172026010523,2.038715750410692e-05,2.0682999704166274e-05,-0.3302533815452473
117.01999999990868,-1.0,-0.9934322294960215,2.0324100789877096e-05,2.0650643300855426e-05,-0.3439140156391857
117.03999999990863,-1.0,-0.9934408163515608,2.0346384493750404e-05,2.0619992421875453e-05,-0.363373848461244
117.05999999990858,-1.0,-0.9934468782631651,2.044161786645763e-05,2.0598381622980458e-05,-0.3844726393581906
117.07999999990854,-1.0,-0.9934548681218349,2.0598105750561406e-05,2.0591338880377698e-05,-0.40224357007632194
117.09999999990849,-1.0,-0.9934694996468931,2.0780950942816896e-05,2.0601765984532064e-05,-0.4107728912059137
117.11999999990844,-1.0,-0.9934939204997731,2.093505544503548e-05,2.0627533431018565e-05,-0.4070407228320535
117.1399999999084,-1.0,-0.9935282410102813,2.102360893969445e-05,2.066226622195127e-05,-0.39280691357934294
117.15999999990835,-1.0,-0.9935698996580622,2.1030556633897965e-05,2.0697852535001984e-05,-0.3728614994173903
117.1799999999083,-1.0,-0.9936148281091279,2.0955326466854403e-05,2.0726257473468562e-05,-0.3525091933634437
117.19999999990826,-1.0,-0.9936585197990888,2.0813234321345834e-05,2.07409965109229e-05,-0.3360325679487406
117.21999999990821,-1.0,-0.9936967737952443,2.0637296144101547e-05,2.0738610072351314e-05,-0.3265368529258616
117.23999999990816,-1.0,-0.993726095330187,2.0472832493558796e-05,2.0719840532710293e-05,-0.3262713935627845
117.25999999990812,-1.0,-0.9937451002898033,2.0367225040977647e-05,2.0689948436564238e-05,-0.3357270827519973
117.27999999990807,-1.0,-0.9937558567716852,2.0348475617116755e-05,2.0657411254755764e-05,-0.35276922946781075
117.29999999990802,-1.0,-0.9937621034939901,2.0408714833398656e-05,2.0630518369063617e-05,-0.3736066981886618
117.31999999990798,-1.0,-0.993767971755097,2.053655597304787e-05,2.0615645637545873e-05,-0.3937507406875049
117.33999999990793,-1.0,-0.9937781758554937,2.0713026787516815e-05,2.0617287200007102e-05,-0.40756623484567267
117.35999999990788,-1.0,-0.9937969225422868,2.088764639350879e-05,2.0636000771114892e-05,-0.4100183966012643
117.37999999990784,-1.0,-0.993825901011164,2.101198316658619e-05,2.0667223922306194e-05,-0.4005554319226829
117.39999999990779,-1.0,-0.9938637547255444,2.106067658278048e-05,2.0703435802330626e-05,-0.3827741399390524
117.41999999990774,-1.0,-0.9939070185174516,2.1025568488702127e-05,2.0736372383417497e-05,-0.3620075484987049
117.4399999999077,-1.0,-0.9939512891750083,2.0913854828715965e-05,2.0758593985045584e-05,-0.34314413163284607
117.45999999990765,-1.0,-0.9939921445937269,2.0749620010371424e-05,2.0764942076109383e-05,-0.32983902816690674
117.4799999999076,-1.0,-0.9940256874347753,2.0572980618012866e-05,2.0753967987663206e-05,-0.3247551612393142
117.49999999990756,-1.0,-0.994049213681027,2.043267656150175e-05,2.0728706745548944e-05,-0.32945551077969387
117.51999999990751,-1.0,-0.9940630681247169,2.0370049868423965e-05,2.0696353200343115e-05,-0.3431219689420734
117.53999999990747,-1.0,-0.9940705134392589,2.039276292290716e-05,2.066575011981493e-05,-0.36258560971369996
117.55999999990742,-1.0,-0.9940754505552807,2.048814645919312e-05,2.0644208602448748e-05,-0.38368408478148813
117.57999999990737,-1.0,-0.9940823180711635,2.0644612755686795e-05,2.0637232641631195e-05,-0.40144721272434
117.59999999990733,-1.0,-0.9940958221815952,2.0827363175728103e-05,2.0647713688264032e-05,-0.4099607605025932
117.61999999990728,-1.0,-0.9941191058904694,2.0981339580586982e-05,2.0673518891662633e-05,-0.40620847136664123
117.63999999990723,-1.0,-0.994152275501655,2.106974837908342e-05,2.0708272608140362e-05,-0.39195684558659666
117.65999999990719,-1.0,-0.9941927660147674,2.1076542910707686e-05,2.0743863511888297e-05,-0.37200272535340834
117.67999999990714,-1.0,-0.9942365073154962,2.1001156259441968e-05,2.077225774020046e-05,-0.3516547852704613
117.69999999990709,-1.0,-0.9942789944964293,2.0858913165665912e-05,2.0786972308423157e-05,-0.33519463209309847
117.71999999990705,-1.0,-0.9943160338111162,2.0682857412484914e-05,2.0784550722190985e-05,-0.3257208295557932
117.739999999907,-1.0,-0.9943441444291473,2.0518389211637196e-05,2.076574328846624e-05,-0.3254721231024923
117.75999999990695,-1.0,-0.9943619568431213,2.041305121197739e-05,2.073582973618169e-05,-0.33493621413413693
117.7799999999069,-1.0,-0.9943715517200569,2.0394795654691575e-05,2.070331372124145e-05,-0.3519831328349697
117.79999999990686,-1.0,-0.994376662448321,2.04553191401933e-05,2.0676478341099203e-05,-0.3728229215495723
117.81999999990681,-1.0,-0.994381403524236,2.058320295279366e-05,2.066167081860306e-05,-0.3929632391013723
117.83999999990677,-1.0,-0.9943904786647976,2.075960292047228e-05,2.0663368600805723e-05,-0.4067667692272116
117.85999999990672,-1.0,-0.9944080889476072,2.09341029984316e-05,2.0682123349653204e-05,-0.4092002712146261
117.87999999990667,-1.0,-0.9944359193306781,2.1058296790134143e-05,2.0713370934043145e-05,-0.39971740028843356
117.89999999990663,-1.0,-0.9944726094158431,2.1106835226926037e-05,2.0749590537920238e-05,-0.3819221167693104
117.91999999990658,-1.0,-0.9945146912013436,2.107156625249854e-05,2.0782518932440813e-05,-0.36115318535534097
117.93999999990653,-1.0,-0.9945577611469781,2.0959691502988463e-05,2.080471767326642e-05,-0.3423007784980554
117.95999999990649,-1.0,-0.9945974013381836,2.079531109559242e-05,2.0811030313533203e-05,-0.32901617932523164
117.97999999990644,-1.0,-0.9946297251938275,2.0618591124782435e-05,2.080001308760924e-05,-0.32395298271915635
117.9999999999064,-1.0,-0.9946520437930348,2.047839249537974e-05,2.077471369767519e-05,-0.3286657212132086
118.01999999990635,-1.0,-0.9946647164438344,2.041618933884222e-05,2.0742352793167268e-05,-0.34233816226885294
118.0399999999063,-1.0,-0.9946710113955224,2.0439325483096494e-05,2.0711787696434448e-05,-0.36180575565640377
118.05999999990625,-1.0,-0.9946748153088696,2.0534850887361838e-05,2.0690305876181527e-05,-0.38290403463790385
118.0799999999062,-1.0,-0.9946805523804472,2.06912861601946e-05,2.0683387166347205e-05,-0.40065942899393736
118.09999999990616,-1.0,-0.9946929212240752,2.0873932010898913e-05,2.0693912610961427e-05,-0.4091572161566278
118.11999999990611,-1.0,-0.9947150601515178,2.1027770384497125e-05,2.071974599489929e-05,-0.40538478767652447
118.13999999990607,-1.0,-0.9947470714074688,2.111602439785279e-05,2.0754511018603543e-05,-0.39111534374357454
118.15999999990602,-1.0,-0.994786386476913,2.1122655458750832e-05,2.079009683841184e-05,-0.3711525810131802
118.17999999990597,-1.0,-0.9948289334382108,2.1047101788294007e-05,2.0818470608924266e-05,-0.3508091608689814
118.19999999990593,-1.0,-0.994870209037711,2.0904697091743922e-05,2.0833150877226445e-05,-0.33436571280913435
118.21999999990588,-1.0,-0.9949060267537879,2.072851323146459e-05,2.0830684237877514e-05,-0.3249140841975924
118.23999999990583,-1.0,-0.9949329197800233,2.0564030604664475e-05,2.081182897332537e-05,-0.3246823470182067
118.25999999990579,-1.0,-0.9949495333084378,2.0458953876376774e-05,2.0781884116168036e-05,-0.33415499443573554
118.27999999990574,-1.0,-0.9949579606552541,2.044118545408363e-05,2.0749379672075545e-05,-0.3512068163978327
118.2999999999057,-1.0,-0.9949619298609976,2.0501985576368617e-05,2.0722592439543643e-05,-0.3720490490043183
118.31999999990565,-1.0,-0.9949655385387022,2.06299033755368e-05,2.0707840870916726e-05,-0.39218574249890686
118.3399999999056,-1.0,-0.9949734797708072,2.0806223444307033e-05,2.0709585648595653e-05,-0.40597737456396843
118.35999999990555,-1.0,-0.9949899489391539,2.09805948666289e-05,2.0728372362537233e-05,-0.40839225294645326
118.37999999990551,-1.0,-0.9950166267429708,2.1104636479677163e-05,2.0759635172411052e-05,-0.3988895065383117
118.39999999990546,-1.0,-0.9950521488987265,2.1153010587225797e-05,2.0795853285947545e-05,-0.3810802890872278
118.41999999990541,-1.0,-0.9950930445465875,2.1117571172560276e-05,2.0828764255696344e-05,-0.36030912593023035
118.43999999990537,-1.0,-0.9951349098020492,2.1005525592291772e-05,2.085093085642696e-05,-0.3414678914960292
118.45999999990532,-1.0,-0.9951733309457068,2.084098980120565e-05,2.0857198718297406e-05,-0.3282039922016992
118.47999999990527,-1.0,-0.9952044321900165,2.0664179615934638e-05,2.0846128988889065e-05,-0.3231616528206307
118.49999999990523,-1.0,-0.9952255397655319,2.0524077425239328e-05,2.0820782088596454e-05,-0.327886925329441
118.51999999990518,-1.0,-0.9952370275483823,2.046228992882792e-05,2.078840455755154e-05,-0.34156546636705165
118.53999999990513,-1.0,-0.9952421693891692,2.048584149506424e-05,2.075786833285815e-05,-0.3610371256265437
118.55999999990509,-1.0,-0.9952448376498364,2.0581500560267882e-05,2.0736437206905078e-05,-0.3821353180540299
118.57999999990504,-1.0,-0.9952494420927813,2.073789636760463e-05,2.0729566805848443e-05,-0.3998830769935928
118.599999999905,-1.0,-0.995260673734912,2.092042921939799e-05,2.07401277538295e-05,-0.4083651872706199
118.61999999990495,-1.0,-0.9952816661860282,2.107412116222911e-05,2.076598047025371e-05,-0.40457269487617004
118.6399999999049,-1.0,-0.9953125176200446,2.1162211926512043e-05,2.0800747993455488e-05,-0.39028551308772463
118.65999999990485,-1.0,-0.9953506559919272,2.1168670892345426e-05,2.0836319946470652e-05,-0.3703142054400219
118.67999999990481,-1.0,-0.9953920075563596,2.1092941387119185e-05,2.086466448116608e-05,-0.3499754246977023
118.69999999990476,-1.0,-0.9954320707028426,2.095036613726012e-05,2.0879301660019624e-05,-0.333548817126442
118.71999999990472,-1.0,-0.9954666661363825,2.0774045175830207e-05,2.08767811596633e-05,-0.3241194987353658
118.73999999990467,-1.0,-0.995492341089115,2.060953919874915e-05,2.085786924063896e-05,-0.32390485002538866
118.75999999990462,-1.0,-0.9955077554687991,2.0504715077969723e-05,2.082788425820098e-05,-0.3333861553076191
118.77999999990458,-1.0,-0.9955150152542794,2.0487425393952654e-05,2.079538259497433e-05,-0.35044297736299523
118.79999999990453,-1.0,-0.9955178431466318,2.0548493921711542e-05,2.0768634766787078e-05,-0.3712877550827706
118.81999999990448,-1.0,-0.995520319880357,2.0676437646015975e-05,2.0753930466483643e-05,-0.3914209326598427
118.83999999990444,-1.0,-0.9955271279062301,2.0852669949823648e-05,2.0755713624201192e-05,-0.4052007810839423
118.85999999990439,-1.0,-0.9955424569127711,2.1026905007392298e-05,2.0774523768460686e-05,-0.40759715412762465
118.87999999990434,-1.0,-0.9955679833408155,2.1150786777533832e-05,2.0805793351442505e-05,-0.39807465143466453
118.8999999999043,-1.0,-0.9956023390176533,2.1198988808006374e-05,2.084200159404887e-05,-0.3802516164710461
118.91999999990425,-1.0,-0.9956420502163439,2.116337104123429e-05,2.0874886810514268e-05,-0.3594783303871366
118.9399999999042,-1.0,-0.9956827126950443,2.105114655396104e-05,2.089701297340526e-05,-0.3406483649909096
118.95999999990416,-1.0,-0.995719916914908,2.0886447181944865e-05,2.0903227773615e-05,-0.32740524866274423
118.97999999990411,-1.0,-0.9957497978649174,2.0709538427207324e-05,2.089209725814742e-05,-0.32238384101138773
118.99999999990406,-1.0,-0.995769696907375,2.0569524043855526e-05,2.086669454478168e-05,-0.3271217221658138
119.01999999990402,-1.0,-0.9957800024663183,2.0508143102084047e-05,2.0834292027582066e-05,-0.340806441746474
119.03999999990397,-1.0,-0.9957839939904063,2.0532101178666366e-05,2.0803776245157213e-05,-0.3602822510408713
119.05999999990392,-1.0,-0.9957855295830631,2.062788581644685e-05,2.0782387381817405e-05,-0.3813804566762271
119.07999999990388,-1.0,-0.9957890046101741,2.0784234660008435e-05,2.0775556924512797e-05,-0.3991207043295776
119.09999999990383,-1.0,-0.9957991025123243,2.09666473664282e-05,2.0786145113928344e-05,-0.4075872857195906
119.11999999990378,-1.0,-0.9958189522100874,2.112018591376976e-05,2.081200901858174e-05,-0.4037748900959618
119.13999999990374,-1.0,-0.9958486478147461,2.1208106482683457e-05,2.0846771011984817e-05,-0.3894701249702231
119.15999999990369,-1.0,-0.9958856137534203,2.1214386301075137e-05,2.0882321167528462e-05,-0.36949040049821463
119.17999999990364,-1.0,-0.9959257744505596,2.1138473750847644e-05,2.0910628611366185e-05,-0.34915634665907175
119.1999999999036,-1.0,-0.9959646299215348,2.099572058918475e-05,2.0925214899364854e-05,-0.33274662555150314
119.21999999990355,-1.0,-0.9959980080663212,2.0819254973010423e-05,2.0922632769650676e-05,-0.3233396391118967
119.2399999999035,-1.0,-0.9960224701041752,2.065471762845252e-05,2.090365642626744e-05,-0.3231421090489224
119.25999999990346,-1.0,-0.9960366906053277,2.0550137053136785e-05,2.0873623474773347e-05,-0.33263212489697913
119.27999999990341,-1.0,-0.9960427881642625,2.0533316235676678e-05,2.084111657674724e-05,-0.34969401209013995
119.29999999990336,-1.0,-0.9960444801750256,2.059464443126592e-05,2.0814400009680193e-05,-0.3705414150634897
119.31999999990332,-1.0,-0.9960458305765111,2.072260662516225e-05,2.079973485090676e-05,-0.39067119099562697
119.33999999990327,-1.0,-0.9960515112397846,2.0898744413324642e-05,2.080154836729774e-05,-0.40443941380542114
119.35999999990322,-1.0,-0.996065706188583,2.1072836723109165e-05,2.082037406357229e-05,-0.4068174739981029
119.37999999990318,-1.0,-0.9960900876253089,2.119655241622448e-05,2.0851642693825423e-05,-0.3972754141890003
119.39999999990313,-1.0,-0.9961232835024523,2.1244576115169536e-05,2.0887833482300974e-05,-0.3794387311482299
119.41999999990308,-1.0,-0.996161817230873,2.1208773620554456e-05,2.0920685483336285e-05,-0.3586634309872266
119.43999999990304,-1.0,-0.9962012842011065,2.109636370248001e-05,2.09427638422417e-05,-0.33984477089398096
119.45999999990299,-1.0,-0.9962372790222812,2.093149404388197e-05,2.094891828619383e-05,-0.3266224178151447
119.47999999990294,-1.0,-0.9962659473947294,2.0754479569136035e-05,2.093771972634091e-05,-0.3216219137187523
119.4999999999029,-1.0,-0.9962846457247821,2.0614544726926573e-05,2.0912253900063808e-05,-0.32637241367956304
119.51999999990285,-1.0,-0.9962937768983495,2.0553560159273785e-05,2.0879818901798583e-05,-0.3400633549328611
119.5399999999028,-1.0,-0.9962966259328768,2.0577914745106254e-05,2.084931579170617e-05,-0.35954337157661825
119.55999999990276,-1.0,-0.9962970367763772,2.0673817012666238e-05,2.0827961318288413e-05,-0.38064168085977623
119.57999999990271,-1.0,-0.9962993904993948,2.083011228722305e-05,2.082116300386816e-05,-0.39837456444986635
119.59999999990266,-1.0,-0.9963083630200085,2.101239890208679e-05,2.083177078691758e-05,-0.40682582280551816
119.61999999990262,-1.0,-0.9963270786027869,2.116577842665984e-05,2.085763841378635e-05,-0.402993761532594
119.63999999990257,-1.0,-0.9963556273224689,2.1253523266722183e-05,2.089238759367664e-05,-0.38867163445766123
119.65999999990252,-1.0,-0.996391430096488,2.1259618348147863e-05,2.0927908833266146e-05,-0.36868364844833673
119.67999999990248,-1.0,-0.99643040952145,2.1183517036775804e-05,2.095617220746008e-05,-0.3483543795131757
119.69999999990243,-1.0,-0.9964680672153282,2.1040580087585712e-05,2.0970700738478864e-05,-0.33196150924370005
119.71999999990238,-1.0,-0.9965002382110879,2.0863963608888835e-05,2.096805019297726e-05,-0.3225767720804854
119.73999999990234,-1.0,-0.9965234976038466,2.0699387742409333e-05,2.0949002650224938e-05,-0.3223963096512343
119.75999999990229,-1.0,-0.9965365345099704,2.059504133089837e-05,2.0918914810974892e-05,-0.3318950441139164
119.77999999990224,-1.0,-0.9965414800379228,2.057867821338395e-05,2.0886395404377273e-05,-0.34896203226727746
119.7999999999022,-1.0,-0.9965420463288494,2.0640256919473433e-05,2.085970253919606e-05,-0.3698121211052415
119.81999999990215,-1.0,-0.9965422806796498,2.076823071314002e-05,2.0845068941488065e-05,-0.3899386147554605
119.8399999999021,-1.0,-0.9965468444780203,2.094426828081199e-05,2.08469053731164e-05,-0.40369540897889555
119.85999999990206,-1.0,-0.9965599161350646,2.11182126955946e-05,2.0865739377093497e-05,-0.40605541551614177
119.87999999990201,-1.0,-0.9965831636524265,2.1241757407394563e-05,2.0897000025768748e-05,-0.3964940696634272
119.89999999990196,-1.0,-0.9966152111386787,2.1289597907930576e-05,2.0933166537667667e-05,-0.37864395547381874
119.91999999990192,-1.0,-0.9966525791600633,2.125360573689049e-05,2.0965978684058196e-05,-0.3578667496164862
119.93999999990187,-1.0,-0.9966908627317678,2.114100530702526e-05,2.098800275466617e-05,-0.33905937597873015
119.95999999990183,-1.0,-0.9967256605621047,2.097596004455426e-05,2.099409048119483e-05,-0.3258576729226916
119.97999999990178,-1.0,-0.9967531289540872,2.0798833828485204e-05,2.098281758427702e-05,-0.3208779508449685
119.99999999990173,-1.0,-0.9967706392088379,2.0658970632151894e-05,2.0957282291660438e-05,-0.3256410210232308
120.01999999990169,-1.0,-0.99677860852863,2.0598371328428714e-05,2.0924808139087562e-05,-0.33933819462844417
120.03999999990164,-1.0,-0.9967803274469251,2.0623111478657095e-05,2.089431056804754e-05,-0.35882245125615947
120.05999999990159,-1.0,-0.9967796259160538,2.0719123602578936e-05,2.087298315726564e-05,-0.37992094575877206
120.07999999990155,-1.0,-0.996780870869666,2.0875359545834812e-05,2.0866209734591324e-05,-0.3976466328871068
120.0999999999015,-1.0,-0.9967887307871253,2.1057515242275442e-05,2.0876830057908754e-05,-0.4060828258108304
120.11999999990145,-1.0,-0.9968063253287031,2.1210731359439043e-05,2.0902694592851136e-05,-0.40223140539909014
120.1399999999014,-1.0,-0.9968337405748954,2.1298296248018743e-05,2.0937424387766834e-05,-0.38789219763320093
120.15999999990136,-1.0,-0.9968683939660825,2.1304202359706192e-05,2.0972910364984895e-05,-0.36789612941959177
120.17999999990131,-1.0,-0.9969062062815603,2.122790795692958e-05,2.100112352043571e-05,-0.3475716762626003
120.19999999990127,-1.0,-0.9969426807133027,2.1084782720921284e-05,2.1015588311217126e-05,-0.3311955470731246
120.21999999990122,-1.0,-0.9969736593379841,2.090801042535654e-05,2.101286348843788e-05,-0.3218328818283868
120.23999999990117,-1.0,-0.9969957309613842,2.07433897008907e-05,2.099373890799172e-05,-0.32166936232382587
120.25999999990113,-1.0,-0.9970075990728271,2.0639267825003992e-05,2.0963590136165567e-05,-0.331176782755849
120.27999999990108,-1.0,-0.9970114071438836,2.0623350116015277e-05,2.0931051656197515e-05,-0.3482488809391591
120.29999999990103,-1.0,-0.9970108621364215,2.0685169836441202e-05,2.0904375500377237e-05,-0.3691016982273351
120.31999999990099,-1.0,-0.9970099949225089,2.0813148924706855e-05,2.088976641579246e-05,-0.38922503307843764
120.33999999990094,-1.0,-0.9970134565427266,2.0989081544737473e-05,2.0891618879808437e-05,-0.4029706303745099
120.3599999999009,-1.0,-0.9970254198689293,2.1162874065214895e-05,2.0910454557789586e-05,-0.40531290201410525
120.37999999990085,-1.0,-0.997047548755635,2.1286244123780963e-05,2.0941700862920348e-05,-0.39573260542006145
120.3999999999008,-1.0,-0.9970784635132625,2.1333897843853725e-05,2.0977836999702545e-05,-0.3778693192567626
120.41999999990075,-1.0,-0.9971146818924796,2.1297712369151152e-05,2.101060343183758e-05,-0.3570903151584997
120.4399999999007,-1.0,-0.9971517985277764,2.118491768282618e-05,2.103256756230416e-05,-0.3382941590358032
120.45999999990066,-1.0,-0.9971854161633337,2.1019692787161185e-05,2.1038583089087045e-05,-0.3251129081556129
120.47999999990061,-1.0,-0.9972117015570968,2.084244986398234e-05,2.1027230470270368e-05,-0.3201537621082322
120.49999999990057,-1.0,-0.9972280407004446,2.070265079278016e-05,2.100162024853035e-05,-0.324929300640758
120.51999999990052,-1.0,-0.9972348649131076,2.064242484987311e-05,2.096910104711848e-05,-0.33863268768876836
120.53999999990047,-1.0,-0.9972354701707123,2.0667538812952545e-05,2.0938602494490254e-05,-0.3581211943432208
120.55999999990043,-1.0,-0.9972336726403528,2.076365321009753e-05,2.091729534959664e-05,-0.37921994722332036
120.57999999990038,-1.0,-0.9972338253285696,2.091982485316295e-05,2.0910540101606463e-05,-0.3969386233063931
120.59999999990033,-1.0,-0.997240589386677,2.1101845844745323e-05,2.0921166485602863e-05,-0.4053600543564347
120.61999999990029,-1.0,-0.9972570799389383,2.1254895320445986e-05,2.094702173934759e-05,-0.40148964268076087
120.63999999990024,-1.0,-0.997283379128474,2.1342277246881896e-05,2.0981726256462058e-05,-0.3871336887054489
120.6599999999002,-1.0,-0.9973169009642753,2.134799140994949e-05,2.1017171356870573e-05,-0.3671297386904727
120.67999999990015,-1.0,-0.997353564426234,2.1271500866480157e-05,2.104532892795132e-05,-0.3468101073445152
120.6999999999001,-1.0,-0.9973888742470082,2.1128184117628423e-05,2.1059724826322192e-05,-0.3304505424830503
120.71999999990005,-1.0,-0.9974186794332665,2.095125221439623e-05,2.105692073357758e-05,-0.32110968640181975
120.73999999990001,-1.0,-0.9974395822879181,2.078658107010916e-05,2.1037714156506584e-05,-0.3209629185782003
120.75999999989996,-1.0,-0.9974503004491684,2.0682673922888414e-05,2.1007499230533453e-05,-0.3304789554298512
120.77999999989991,-1.0,-0.9974529895568075,2.0667188366312308e-05,2.0974935788144907e-05,-0.3475561483314018
120.79999999989987,-1.0,-0.9974513514844442,2.0729239341266293e-05,2.0948269897543174e-05,-0.3684117200827509
120.81999999989982,-1.0,-0.9974494009532243,2.0857217961818645e-05,2.0933678795653625e-05,-0.3885320228356312
120.83999999989977,-1.0,-0.9974517788285291,2.1033041818201425e-05,2.0935540951434958e-05,-0.40226668535712584
120.85999999989973,-1.0,-0.9974626525353323,2.1206679507670617e-05,2.095437225625163e-05,-0.40459159364023045
120.87999999989968,-1.0,-0.9974836818489282,2.1329872379045947e-05,2.098559849228347e-05,-0.39499273855501366
120.89999999989963,-1.0,-0.9975134833406876,2.1377336921965417e-05,2.102169884244015e-05,-0.3771165768691245
120.91999999989959,-1.0,-0.9975485719850603,2.1340955735279887e-05,2.105441443728192e-05,-0.3563358806475033
120.93999999989954,-1.0,-0.9975845420326768,2.1227964281029654e-05,2.1076313759457417e-05,-0.33755082780459666
120.9599999998995,-1.0,-0.9976170001873519,2.106255691347725e-05,2.10822524292732e-05,-0.3243897551121039
120.97999999989945,-1.0,-0.9976421234793261,2.0885193300967197e-05,2.107081555476637e-05,-0.3194509031516856
120.9999999998994,-1.0,-0.9976573123363259,2.0745451210234163e-05,2.1045125776892837e-05,-0.3242387601287487
121.01999999989935,-1.0,-0.9976630119490171,2.0685586060309155e-05,2.1012556368131055e-05,-0.3379483148623887
121.03999999989931,-1.0,-0.9976625236425465,2.071106140653387e-05,2.098205090123656e-05,-0.35744106099928935
121.05999999989926,-1.0,-0.9976596500543351,2.0807270702186035e-05,2.0960757740053425e-05,-0.37854013745445175
121.07999999989921,-1.0,-0.9976587305192957,2.096337382082826e-05,2.0954014467059627e-05,-0.39625200330862637
121.09999999989917,-1.0,-0.9976644189952829,2.1145257284941478e-05,2.096464098447949e-05,-0.40465901651346226
121.11999999989912,-1.0,-0.9976798261536143,2.1298137946614938e-05,2.0990481365171607e-05,-0.40077003564309127
121.13999999989908,-1.0,-0.9977050302699038,2.138533501661421e-05,2.1025155356568494e-05,-0.3863977168670764
121.15999999989903,-1.0,-0.9977374419790749,2.139085540664976e-05,2.106055465784796e-05,-0.36638610371640856
121.17999999989898,-1.0,-0.9977729784861578,2.13141668527528e-05,2.1088652016726284e-05,-0.3460712775663025
121.19999999989894,-1.0,-0.9978071460270448,2.1170656538501305e-05,2.1102974650629446e-05,-0.3297280400917914
121.21999999989889,-1.0,-0.9978358004029725,2.0993562313149755e-05,2.1100087108927694e-05,-0.3204086538660136
121.23999999989884,-1.0,-0.9978555571574481,2.082883591767961e-05,2.1080794399487508e-05,-0.32027838676790354
121.2599999998988,-1.0,-0.9978651478082149,2.0725133575916257e-05,2.105050887116344e-05,-0.3298029372029059
121.27999999989875,-1.0,-0.9978667399293271,2.071006610118278e-05,2.1017915219699437e-05,-0.34688518739934954
121.2999999998987,-1.0,-0.9978640304125403,2.0772338376869158e-05,2.099125367935138e-05,-0.367743524452526
121.31999999989866,-1.0,-0.9978610181522914,2.0900311287904436e-05,2.09766745312003e-05,-0.3878609241902159
121.33999999989861,-1.0,-0.9978623340423056,2.1076023410992948e-05,2.0978540561143907e-05,-0.40158494067688444
121.35999999989856,-1.0,-0.9978721401698788,2.124950431279231e-05,2.099736200753311e-05,-0.4038929035140249
121.37999999989852,-1.0,-0.9978920923116661,2.1372518509799107e-05,2.102856305465588e-05,-0.39427593224463975
121.39999999989847,-1.0,-0.9979208033709716,2.1419792568234593e-05,2.1064622856978627e-05,-0.37638722406641534
121.41999999989842,-1.0,-0.9979547855945895,2.1383214381299085e-05,2.1097283185498063e-05,-0.3556049401314708
121.43999999989838,-1.0,-0.9979896328481521,2.1270024781303587e-05,2.1119113566917388e-05,-0.33683083561386196
121.45999999989833,-1.0,-0.9980209557074671,2.1104433199693036e-05,2.112497149492118e-05,-0.32368959904828376
121.47999999989828,-1.0,-0.9980449412615259,2.092694582915321e-05,2.11134466263453e-05,-0.3187706913603306
121.49999999989824,-1.0,-0.9980590040767349,2.078725395001369e-05,2.1087673447302098e-05,-0.3235706738048816
121.51999999989819,-1.0,-0.9980636029260409,2.0727736480307905e-05,2.1055049366449213e-05,-0.33728632623640803
121.53999999989814,-1.0,-0.9980620443748511,2.075356022193465e-05,2.1024531615402985e-05,-0.35678328264364273
121.5599999998981,-1.0,-0.9980581178262801,2.08498572653477e-05,2.1003246653416386e-05,-0.37788274035954433
121.57999999989805,-1.0,-0.9980561492394396,2.1005888332182184e-05,2.0996509655517964e-05,-0.3955880099308579
121.599999999898,-1.0,-0.9980607855344532,2.1187632335867867e-05,2.1007130909375714e-05,-0.40398098460832327
121.61999999989796,-1.0,-0.9980751330258152,2.1340342986449937e-05,2.1032951394834043e-05,-0.4000739040292947
121.63999999989791,-1.0,-0.9980992662030115,2.142735432992536e-05,2.1067590223838286e-05,-0.3856856428400218
121.65999999989786,-1.0,-0.9981305923945747,2.1432680181164048e-05,2.110293945631616e-05,-0.36566660084172503
121.67999999989782,-1.0,-0.9981650270611495,2.135579282889691e-05,2.113097266797628e-05,-0.3453565427240476
121.69999999989777,-1.0,-0.9981980779008337,2.121208797389853e-05,2.1145218395480826e-05,-0.3290293419769165
121.71999999989772,-1.0,-0.9982256073548709,2.1034829703980616e-05,2.1142243985613704e-05,-0.31973101814770594
121.73999999989768,-1.0,-0.9982442439128814,2.0870043913242483e-05,2.112286177628834e-05,-0.31961694759319886
121.75999999989763,-1.0,-0.9982527326628818,2.0766536394934716e-05,2.1092501921805222e-05,-0.3291498789344814
121.77999999989758,-1.0,-0.998253252844844,2.0751872257513293e-05,2.1059873423683692e-05,-0.34623712905808574
121.79999999989754,-1.0,-0.9982494964885796,2.081435575043168e-05,2.1033210827879053e-05,-0.3670982284195135
121.81999999989749,-1.0,-0.9982454470302266,2.0942318207910478e-05,2.1018638089063383e-05,-0.3872128558345491
121.83999999989744,-1.0,-0.9982457256232035,2.11179164115561e-05,2.102050267868806e-05,-0.40092653793341293
121.8599999998974,-1.0,-0.9982544891411467,2.129123946941248e-05,2.1039309318287024e-05,-0.4032180135512284
121.87999999989735,-1.0,-0.9982733894538215,2.1414074463841027e-05,2.107048063172787e-05,-0.3935834119569482
121.8999999998973,-1.0,-0.9983010358779365,2.1461157727420104e-05,2.110649573887837e-05,-0.37568251446905504
121.91999999989726,-1.0,-0.9983339379893608,2.1424382276869895e-05,2.113909702411406e-05,-0.3548987451933668
121.93999999989721,-1.0,-0.9983676892694364,2.1310994191100465e-05,2.1160855020906335e-05,-0.33613539767870626
121.95999999989716,-1.0,-0.9983979040683533,2.1145217659063003e-05,2.116662904307771e-05,-0.3230135947634842
121.97999999989712,-1.0,-0.9984207792931646,2.0967604307346118e-05,2.1155013183162447e-05,-0.3181142213325645
121.99999999989707,-1.0,-0.9984337433128491,2.0827956244704685e-05,2.1129153487311142e-05,-0.32292609792996985
122.01999999989702,-1.0,-0.99843726815703,2.0768772909054977e-05,2.1096470921737667e-05,-0.3366477563340566
122.03999999989698,-1.0,-0.9984346655075539,2.079493161217803e-05,2.106593605393686e-05,-0.356148876963445
122.05999999989693,-1.0,-0.9984297118633823,2.0891309489680235e-05,2.1044653986607223e-05,-0.37724876655561435
122.07999999989688,-1.0,-0.9984267201389473,2.1047265627444597e-05,2.103791804537082e-05,-0.39494766479165544
122.09999999989684,-1.0,-0.9984303303908687,2.1228869055796426e-05,2.1048529146418203e-05,-0.40332701066929566
122.11999999989679,-1.0,-0.9984436446843767,2.138140939097376e-05,2.1074325256254085e-05,-0.3994023408957446
122.13999999989674,-1.0,-0.9984667338143175,2.146823507344787e-05,2.110892486396642e-05,-0.38499859505518624
122.1599999998967,-1.0,-0.9984970018796273,2.1473366586681183e-05,2.1144220371680268e-05,-0.36497237164372
122.17999999989665,-1.0,-0.9985303626323107,2.13962806359258e-05,2.1172186149789474e-05,-0.344667025852467
122.1999999998966,-1.0,-0.9985623251885766,2.125238124945782e-05,2.1186352010223504e-05,-0.3283555235918292
122.21999999989656,-1.0,-0.9985887584584163,2.1074958123185498e-05,2.118328802019166e-05,-0.319077794511738
122.23999999989651,-1.0,-0.9986063035498993,2.0910109437882074e-05,2.116381365812771e-05,-0.31897956924098125
122.25999999989646,-1.0,-0.998613718777176,2.080678675478903e-05,2.1133376430158565e-05,-0.3285207222442879
122.27999999989642,-1.0,-0.9986131947478116,2.0792510667121772e-05,2.1100709023727413e-05,-0.34561289704671544
122.29999999989637,-1.0,-0.9986084187612977,2.0855195223143003e-05,2.107404045551992e-05,-0.36647674317463674
122.31999999989632,-1.0,-0.9986033592023266,2.09831429577904e-05,2.1059469048548475e-05,-0.3865887298567409
122.33999999989628,-1.0,-0.9986026277395684,2.1158625778525478e-05,2.1061327366056887e-05,-0.4002924086653626
122.35999999989623,-1.0,-0.9986103761699144,2.133179075992217e-05,2.108011476216236e-05,-0.40256788990918446
122.37999999989619,-1.0,-0.998628252557735,2.1454446898203917e-05,2.1111252341581944e-05,-0.3929161812786858
122.39999999989614,-1.0,-0.9986548627237883,2.150133996482777e-05,2.1147219184101817e-05,-0.37500347565605385
122.41999999989609,-1.0,-0.9986867136369266,2.146436792087666e-05,2.117975825997889e-05,-0.35421832108326556
122.43999999989605,-1.0,-0.9987193983965988,2.135078195506887e-05,2.1201441070831615e-05,-0.3354655070096385
122.459999999896,-1.0,-0.9987485350211439,2.118482065482477e-05,2.1207128693729212e-05,-0.32236268210083746
122.47999999989595,-1.0,-0.9987703299713956,2.1007079878564867e-05,2.1195419533468837e-05,-0.3174823799703156
122.4999999998959,-1.0,-0.9987822250493695,2.0867469607546377e-05,2.116947088335063e-05,-0.3223058855504437
122.51999999989586,-1.0,-0.9987847051837013,2.0808606529842045e-05,2.1136726631611555e-05,-0.3360334388331791
122.53999999989581,-1.0,-0.998781087036229,2.0835086418210786e-05,2.1106170326029408e-05,-0.35553866254417876
122.55999999989577,-1.0,-0.998775134561976,2.0931538464024034e-05,2.1084886310464806e-05,-0.3766390279909079
122.57999999989572,-1.0,-0.9987711479923531,2.1087417400064985e-05,2.107814667001942e-05,-0.39433178885098563
122.59999999989567,-1.0,-0.9987737607107153,2.1268879887310467e-05,2.1088743213887167e-05,-0.4026979414820356
122.61999999989563,-1.0,-0.9987860706505013,2.1421250416113888e-05,2.111451098162407e-05,-0.39875622804958566
122.63999999989558,-1.0,-0.9988081450121847,2.1507891353790785e-05,2.1149067853795055e-05,-0.3843374854281708
122.65999999989553,-1.0,-0.9988373847498527,2.1512829608107783e-05,2.118430655622309e-05,-0.36430433886870706
122.67999999989549,-1.0,-0.9988697019472529,2.1435546156495047e-05,2.1212202219972287e-05,-0.3440036330655121
122.69999999989544,-1.0,-0.9989006070920297,2.1291453143651915e-05,2.1226285886304897e-05,-0.32770744927432405
122.71999999989539,-1.0,-0.9989259753772585,2.1113865181655054e-05,2.1223130260205583e-05,-0.3184497946322524
122.73999999989535,-1.0,-0.9989424601731075,2.094895070562265e-05,2.120356175516281e-05,-0.3183670221210302
122.7599999998953,-1.0,-0.9989488326456007,2.0845802911082263e-05,2.1173044736129635e-05,-0.3279162140765677
122.77999999989525,-1.0,-0.9989472944457485,2.0831899164161348e-05,2.1140334902835794e-05,-0.3450132223884545
122.7999999998952,-1.0,-0.9989415282843862,2.089477461257474e-05,2.111365591312347e-05,-0.365879788417561
122.81999999989516,-1.0,-0.9989354879346434,2.1022703806759735e-05,2.1099081209190915e-05,-0.3859892661990673
122.83999999989511,-1.0,-0.9989337758568169,2.119807044513374e-05,2.110092888462876e-05,-0.3996832890273345
122.85999999989507,-1.0,-0.9989405389190678,2.137107786779427e-05,2.1119693086855227e-05,-0.40194329801362483
122.87999999989502,-1.0,-0.998957421490264,2.149355629024719e-05,2.1150793445977272e-05,-0.3922750373175666
122.89999999989497,-1.0,-0.9989830259937986,2.1540260581208806e-05,2.1186708996864084e-05,-0.3743509248289849
122.91999999989493,-1.0,-0.9990138568616633,2.1503093460241906e-05,2.121918326789561e-05,-0.3535644824187094
122.93999999989488,-1.0,-0.9990455068153377,2.1389311077782418e-05,2.124078868919257e-05,-0.33482194989099445
122.95999999989483,-1.0,-0.9990735974277267,2.122316602653233e-05,2.1246388041131856e-05,-0.3217376010205612
122.97999999989479,-1.0,-0.9990943444289079,2.104529709868614e-05,2.1234583908516353e-05,-0.316875861145478
122.99999999989474,-1.0,-0.9991052026556934,2.0905718959666182e-05,2.1208544495108395e-05,-0.32171070091884796
123.0199999998947,-1.0,-0.999106669550601,2.0847162029437406e-05,2.1175735926869228e-05,-0.3354440208627817
123.03999999989465,-1.0,-0.9991020666081994,2.0873949080432085e-05,2.114515434828405e-05,-0.3549532730776302
123.0599999998946,-1.0,-0.9990951456254163,2.0970468885357483e-05,2.1123863984412874e-05,-0.37605415214261956
123.07999999989455,-1.0,-0.9990901945383666,2.1126268907432905e-05,2.1117116332093834e-05,-0.393741016742872
123.09999999989451,-1.0,-0.9990918402610597,2.1307590770782643e-05,2.112769437623858e-05,-0.4020944332126166
123.11999999989446,-1.0,-0.9991031767210887,2.145979273959688e-05,2.1153430321558557e-05,-0.39813625104790157
123.13999999989441,-1.0,-0.9991242676323574,2.1546250618170554e-05,2.1187941455922727e-05,-0.38370302469121936
123.15999999989437,-1.0,-0.9991525108957032,2.1550997486600837e-05,2.122312081049754e-05,-0.363663221921399
123.17999999989432,-1.0,-0.9991838169710405,2.1473518443405373e-05,2.125094424252756e-05,-0.3433670689512065
123.19999999989427,-1.0,-0.9992136976686458,2.132923352014879e-05,2.1264943975108718e-05,-0.3270857873138526
123.21999999989423,-1.0,-0.9992380342667597,2.1151481500427926e-05,2.1261695263592214e-05,-0.31784764122861703
123.23999999989418,-1.0,-0.9992534920168408,2.098649889993534e-05,2.1242031237516694e-05,-0.3177798931716285
123.25999999989413,-1.0,-0.99925885453687,2.088351613213528e-05,2.1211432594151524e-05,-0.32733692083594496
123.27999999989409,-1.0,-0.9992563341752237,2.0869968707971256e-05,2.1178677326143763e-05,-0.34443865742310353
123.29999999989404,-1.0,-0.999249609204211,2.0933024910694205e-05,2.115198391245174e-05,-0.36530790632951543
123.319999999894,-1.0,-0.9992426192532357,2.1060932175308787e-05,2.1137401712761516e-05,-0.38541500668605694
123.33999999989395,-1.0,-0.9992399578682398,2.1236182439461583e-05,2.1139234816903662e-05,-0.39909973403135146
123.3599999998939,-1.0,-0.9992457671460786,2.140903350101545e-05,2.1157972335864765e-05,-0.4013448171427031
123.37999999989385,-1.0,-0.9992616878771508,2.1531336064720483e-05,2.118903247245737e-05,-0.3916605856540094
123.39999999989381,-1.0,-0.9992863191928449,2.1577853743684455e-05,2.1224894212419262e-05,-0.373725484019513
123.41999999989376,-1.0,-0.9993161630638128,2.1540493824824207e-05,2.1257301614397357e-05,-0.35293784842635606
123.43999999989371,-1.0,-0.999346811838872,2.1426517262615025e-05,2.1278827996632943e-05,-0.33420532090261446
123.45999999989367,-1.0,-0.9993738905257434,2.126019023259859e-05,2.1284337780386064e-05,-0.32113890622160557
123.47999999989362,-1.0,-0.9993936238220944,2.1082193081383302e-05,2.12724375908038e-05,-0.3162951799198951
123.49999999989357,-1.0,-0.999403479177014,2.0942641773750615e-05,2.1246306185347922e-05,-0.3211410334707507
123.51999999989353,-1.0,-0.9994039661386079,2.088437673412532e-05,2.1213431202271045e-05,-0.3348799768569134
123.53999999989348,-1.0,-0.9993984108778033,2.0911456767127997e-05,2.1182820975551323e-05,-0.35439317112728036
123.55999999989344,-1.0,-0.99939055344075,2.1008038185246326e-05,2.116152028692144e-05,-0.37549459577047073
123.57999999989339,-1.0,-0.9993846698778746,2.1163758098737683e-05,2.115476073358945e-05,-0.39317581065984647
123.59999999989334,-1.0,-0.9993853808492551,2.1344940275065116e-05,2.1165316774167025e-05,-0.40151696557548006
123.6199999998933,-1.0,-0.9993957764097167,2.1496975595108163e-05,2.1191017875399045e-05,-0.39754291373312456
123.63999999989325,-1.0,-0.9994159169007555,2.1583252792357915e-05,2.1225480749578155e-05,-0.3830957372536285
123.6599999998932,-1.0,-0.9994431972673798,2.158781086146544e-05,2.1260598715086758e-05,-0.3630495518781924
123.67999999989316,-1.0,-0.9994735263935747,2.1510138865516402e-05,2.1288348320598324e-05,-0.3427578514902164
123.69999999989311,-1.0,-0.9995024173617352,2.1365664477634028e-05,2.1302262922349806e-05,-0.3264910245464486
123.71999999989306,-1.0,-0.9995257573271137,2.1187749863771153e-05,2.1298920234734204e-05,-0.31727178223499014
123.73999999989302,-1.0,-0.9995402230211438,2.102269732787169e-05,2.1279159873042665e-05,-0.31721859970317945
123.75999999989297,-1.0,-0.999544610092373,2.091986984876182e-05,2.1248478312335937e-05,-0.32678324206295234
123.77999999989292,-1.0,-0.9995411412221733,2.0906662524009598e-05,2.1215675080609787e-05,-0.34388958937969827
123.79999999989288,-1.0,-0.999533490401453,2.0969889420156823e-05,2.118896366569617e-05,-0.36476147508592804
123.81999999989283,-1.0,-0.9995255836069434,2.1097771771602763e-05,2.1174370182455105e-05,-0.38486632859003334
123.83999999989278,-1.0,-0.9995220057789194,2.1272906023140517e-05,2.117618520553755e-05,-0.3985421313206252
123.85999999989274,-1.0,-0.999526894408187,2.1445602534016542e-05,2.1194892987663338e-05,-0.4007728545360072
123.87999999989269,-1.0,-0.9995418868296663,2.1567731739362173e-05,2.122591035397758e-05,-0.3910732548102809
123.89999999989264,-1.0,-0.9995655789937877,2.1614065635238323e-05,2.1261716237465528e-05,-0.3731275948090278
123.9199999998926,-1.0,-0.999594470489929,2.157651588092129e-05,2.1294055199234916e-05,-0.35233885769463286
123.93999999989255,-1.0,-0.9996241533007878,2.1462348069258914e-05,2.1315501404792392e-05,-0.3336160374563721
123.9599999998925,-1.0,-0.9996502557440946,2.129584151153062e-05,2.1320920851893415e-05,-0.32056698128557704
123.97999999989246,-1.0,-0.999669011169264,2.1117716661829227e-05,2.130892406028637e-05,-0.31574068629513724
123.99999999989241,-1.0,-0.9996778991950037,2.0978187236616864e-05,2.128269996777326e-05,-0.32059721133580743
124.01999999989236,-1.0,-0.9996774410475717,2.092019976490438e-05,2.1249756965459284e-05,-0.3343416219445274
124.03999999989232,-1.0,-0.9996709674103521,2.0947558522322837e-05,2.1219115150016734e-05,-0.353858661430582
124.05999999989227,-1.0,-0.9996622070036371,2.1044195675856683e-05,2.119780056434098e-05,-0.3749606582063221
124.07999999989222,-1.0,-0.999655424419757,2.119983476246498e-05,2.1191025624494315e-05,-0.39263647376945693
124.09999999989218,-1.0,-0.9996552342897217,2.138087874786246e-05,2.120155657327165e-05,-0.40096585552642755
124.11999999989213,-1.0,-0.9996647229345398,2.1532749926162174e-05,2.1227220240226503e-05,-0.3969765522850238
124.13999999989208,-1.0,-0.9996839474427297,2.1618849438353802e-05,2.1261632780298668e-05,-0.38251597557104866
124.15999999989204,-1.0,-0.9997102999057447,2.162322193180128e-05,2.1296687781258342e-05,-0.36246368600506507
124.17999999989199,-1.0,-0.9997396876824942,2.154536027343255e-05,2.1324362448388564e-05,-0.34217632647992013
124.19999999989194,-1.0,-0.9997676250756612,2.1400699519432052e-05,2.133819122152323e-05,-0.32592348046080377
124.2199999998919,-1.0,-0.9997900049009986,2.122262439209953e-05,2.133475417964071e-05,-0.31672250448876604
124.23999999989185,-1.0,-0.9998035149517954,2.1057500594122963e-05,2.1314897184288355e-05,-0.3166834027664647
124.2599999998918,-1.0,-0.999806962468199,2.0954818824170153e-05,2.1284131910903653e-05,-0.32625542363670484
124.27999999989176,-1.0,-0.9998025800853042,2.094193526520882e-05,2.125127863408528e-05,-0.3433662534773712
124.29999999989171,-1.0,-0.9997940376753724,2.1005322911225025e-05,2.1224546044482124e-05,-0.3642407218972545
124.31999999989166,-1.0,-0.9997852480723145,2.1133177748608413e-05,2.120993788168172e-05,-0.38434345772218326
124.33999999989162,-1.0,-0.9997807879313284,2.1308196850829213e-05,2.121173171208966e-05,-0.3980107144626134
124.35999999989157,-1.0,-0.9997847903087868,2.1480741170401722e-05,2.1230407114682544e-05,-0.40022765901356944
124.37999999989152,-1.0,-0.9997988892119785,2.160270009131117e-05,2.126137958844325e-05,-0.39051331021957486
124.39999999989148,-1.0,-0.9998216775260896,2.1648853625033818e-05,2.1297128010547745e-05,-0.37255753254038143
124.41999999989143,-1.0,-0.999849652543058,2.161111760560762e-05,2.1329397416941416e-05,-0.3517677824155287
124.43999999989138,-1.0,-0.9998784058871039,2.14967620920896e-05,2.1350762779308128e-05,-0.3330543538243908
124.45999999989134,-1.0,-0.9999035690571384,2.1330079064028833e-05,2.1356091606031016e-05,-0.3200220523187593
124.47999999989129,-1.0,-0.9999213837270237,2.115182758131204e-05,2.134399816086664e-05,-0.3152125784670151
124.49999999989124,-1.0,-0.9999293412261517,2.1012315432827188e-05,2.1317681175241815e-05,-0.3200794143570166
124.5199999998912,-1.0,-0.9999279740160943,2.095459121400016e-05,2.128466900630591e-05,-0.33382912484863875
124.53999999989115,-1.0,-0.9999206171227342,2.0982214435216488e-05,2.1253993070816726e-05,-0.35334990371096087
124.5599999998911,-1.0,-0.9999109883794334,2.1078901717696192e-05,2.1232661400374447e-05,-0.37445249415239285
124.57999999989106,-1.0,-0.9999033413623643,2.1234459695681867e-05,2.1225867972162332e-05,-0.3921231631352354
124.59999999989101,-1.0,-0.9999022849058863,2.1415367487915123e-05,2.123637113356898e-05,-0.4004412704523943
124.61999999989096,-1.0,-0.9999109017408467,2.156707756179114e-05,2.126199518081345e-05,-0.3964373487596728
124.63999999989092,-1.0,-0.9999292458264618,2.165300293388894e-05,2.129635573063252e-05,-0.3819639339930267
124.65999999989087,-1.0,-0.9999547065068533,2.1657193639974707e-05,2.1331346622718985e-05,-0.3619058217491351
124.67999999989082,-1.0,-0.9999831896691642,2.157914618701811e-05,2.1358945684253936e-05,-0.34162268143335955
124.69999999989078,-1.0,-1.000010210783579,2.1434302744964645e-05,2.1372688388586793e-05,-0.3253833207859758
124.71999999989073,-1.0,-1.0000316681032326,2.125606973675713e-05,2.1369157082420264e-05,-0.31619994690997244
124.73999999989068,-1.0,-1.0000442600517834,2.109087379701825e-05,2.134920362680992e-05,-0.31617442001884283
124.75999999989064,-1.0,-1.0000468050080638,2.098832834600677e-05,2.1318354302030885e-05,-0.3257535704788669
124.77999999989059,-1.0,-1.0000415451698688,2.0975752195786796e-05,2.1285449315886157e-05,-0.3428687455292817
124.79999999989055,-1.0,-1.0000321464579227,2.103929080135283e-05,2.1258692760479128e-05,-0.3637457355536092
124.8199999998905,-1.0,-1.000022509087867,2.11671158839735e-05,2.1244066894569943e-05,-0.383846481025353
124.83999999989045,-1.0,-1.0000172017597457,2.1342021152473826e-05,2.1245836797583263e-05,-0.39750557573791917
124.8599999998904,-1.0,-1.000020353272104,2.151441612846601e-05,2.126447756420584e-05,-0.3997093340818769
124.87999999989036,-1.0,-1.0000335944362788,2.163620834630038e-05,2.1295403420238593e-05,-0.38998086767279505
124.89999999989031,-1.0,-1.0000555151916428,2.1682185461504817e-05,2.1331093184525986e-05,-0.3720154200009582
124.91999999989027,-1.0,-1.000082610619578,2.1644267283836094e-05,2.1363292340530017e-05,-0.3512247420967146
124.93999999989022,-1.0,-1.0001104719944398,2.152972816128993e-05,2.1384576625009602e-05,-0.33252037464291084
124.95999999989017,-1.0,-1.0001347338644224,2.1362872257850773e-05,2.138981499007335e-05,-0.31950420107973165
124.97999999989013,-1.0,-1.000151645891619,2.1184495694649945e-05,2.137762528918388e-05,-0.3147109155756334
124.99999999989008,-1.0,-1.000158710644484,2.1044996551229152e-05,2.1351215650328957e-05,-0.3195876866115602
125.01999999989003,-1.0,-1.000156471365133,2.0987521344592697e-05,2.1318133588681266e-05,-0.3333425202900351
125.03999999988999,-1.0,-1.0001482672472954,2.10153948331261e-05,2.1287421386167995e-05,-0.3528669249965013
125.05999999988994,-1.0,-1.000137805687,2.1112126910995866e-05,2.126606980816559e-05,-0.3739701259859893
125.07999999988989,-1.0,-1.0001293296971872,2.12676038970101e-05,2.1259255153403567e-05,-0.39163590214000027
125.09999999988985,-1.0,-1.0001274425537734,2.1448377940879817e-05,2.126972820181637e-05,-0.3999432408553697
125.1199999998898,-1.0,-1.000135223544717,2.1599930415922154e-05,2.1295310822471072e-05,-0.39592534411227304
125.13999999988975,-1.0,-1.000152723626902,2.1685685675592104e-05,2.132961811381114e-05,-0.38143966208506275
125.1599999998897,-1.0,-1.0001773295064529,2.168969887873797e-05,2.136454415040471e-05,-0.36137601019954296
125.17999999988966,-1.0,-1.000204945654049,2.1611470006538945e-05,2.139206734688546e-05,-0.34109695894866343
125.19999999988961,-1.0,-1.0002310886539616,2.146644806482138e-05,2.1405724159786734e-05,-0.32487057055652
125.21999999988957,-1.0,-1.0002516619686104,2.1288060298412995e-05,2.1402099104941443e-05,-0.31570411316758334
125.23999999988952,-1.0,-1.0002633742103597,2.1122791748196873e-05,2.1382049790717403e-05,-0.3156916380845619
125.25999999988947,-1.0,-1.0002650544332359,2.10203734422823e-05,2.1351116492978793e-05,-0.32527765875503056
125.27999999988943,-1.0,-1.0002589539978635,2.1008088399269475e-05,2.1318158520722432e-05,-0.34239703404571054
125.29999999988938,-1.0,-1.0002487350437212,2.1071768359191256e-05,2.129137556946329e-05,-0.36327647846912264
125.31999999988933,-1.0,-1.0002382857036465,2.1199561784406336e-05,2.127672933002022e-05,-0.38337535866414213
125.33999999988929,-1.0,-1.000232167059402,2.137435494008371e-05,2.1278472926708593e-05,-0.39702667841997724
125.35999999988924,-1.0,-1.000234503832034,2.154660385121891e-05,2.1297077162986507e-05,-0.39921785052067493
125.3799999998892,-1.0,-1.0002469237714875,2.1668233392334373e-05,2.1327955045554272e-05,-0.389475906235392
125.39999999988915,-1.0,-1.000268013993589,2.1714038489899438e-05,2.136358533290674e-05,-0.37150124056771994
125.4199999998891,-1.0,-1.000294267458429,2.1675942729964942e-05,2.1395713929109323e-05,-0.3507097167333578
125.43999999988905,-1.0,-1.000321275099953,2.156122456837013e-05,2.1416917295077854e-05,-0.3320140678800706
125.459999999889,-1.0,-1.0003446743815618,2.1394199857053333e-05,2.142206575911878e-05,-0.31901337757977305
125.47999999988896,-1.0,-1.0003607226108,2.121570020200458e-05,2.1409780607444337e-05,-0.31423562993728615
125.49999999988891,-1.0,-1.0003669331141918,2.1076210116013018e-05,2.1383278959973043e-05,-0.3191219484185576
125.51999999988887,-1.0,-1.0003638594509072,2.1018969815358874e-05,2.1350126666359697e-05,-0.33288172087999807
125.53999999988882,-1.0,-1.0003548448044284,2.1047079499535478e-05,2.1319376409715446e-05,-0.3524096314287481
125.55999999988877,-1.0,-1.00034358659065,2.1143851312334338e-05,2.1298002446699278e-05,-0.3735134555536222
125.57999999988873,-1.0,-1.0003343177200772,2.129924778487604e-05,2.1291164170977895e-05,-0.3911745923941283
125.59999999988868,-1.0,-1.0003316361525574,2.147989092047927e-05,2.1301605128322083e-05,-0.39947167251280663
125.61999999988863,-1.0,-1.0003386178830398,2.163128971199459e-05,2.132714486845626e-05,-0.3954404506856436
125.63999999988859,-1.0,-1.0003553109954662,2.1716879307363907e-05,2.13613979920445e-05,-0.3809430774067323
125.65999999988854,-1.0,-1.0003790996696265,2.172071972351816e-05,2.139625879194809e-05,-0.36087416899970715
125.6799999998885,-1.0,-1.0004058870166015,2.164231424893772e-05,2.1423706236215286e-05,-0.340599069531815
125.69999999988845,-1.0,-1.0004311906810144,2.149711844093163e-05,2.1437277714242995e-05,-0.3243851266392346
125.7199999998884,-1.0,-1.0004509191029876,2.1318579470547916e-05,2.1433559811285083e-05,-0.3152348838186449
125.73999999988835,-1.0,-1.0004617906347104,2.1153238217426832e-05,2.1413415627042307e-05,-0.3152349243961896
125.75999999988831,-1.0,-1.0004626445344318,2.1050938122652393e-05,2.138239881408575e-05,-0.32482754756123317
125.77999999988826,-1.0,-1.0004557409195804,2.1038928012213117e-05,2.1349386937556125e-05,-0.34195097182459067
125.79999999988821,-1.0,-1.0004447383207795,2.1102739934511356e-05,2.132257550039489e-05,-0.3628327982150268
125.81999999988817,-1.0,-1.0004335133309434,2.123050011604203e-05,2.1307906550864004e-05,-0.3829299356016676
125.83999999988812,-1.0,-1.000426619755184,2.14051832404969e-05,2.1309621797216067e-05,-0.39657386853470206
125.85999999988807,-1.0,-1.0004281784199307,2.1577289742368787e-05,2.132818794713085e-05,-0.39875305843935593
125.87999999988803,-1.0,-1.000439814150299,2.16987610192866e-05,2.1359016843044778e-05,-0.3889982806225283
125.89999999988798,-1.0,-1.0004601113628566,2.174439889570244e-05,2.1394587181558034e-05,-0.37101485080255625
125.91999999988793,-1.0,-1.0004855609874215,2.1706130535115972e-05,2.1426645260927465e-05,-0.3502225594283756
125.93999999988789,-1.0,-1.000511753627716,2.1591238317479507e-05,2.144776822566985e-05,-0.331535277257604
125.95999999988784,-1.0,-1.0005343295269027,2.142404927699195e-05,2.1452827712510447e-05,-0.31854941214776517
125.9799999998878,-1.0,-1.0005495532908022,2.1245428906453587e-05,2.1440448281770748e-05,-0.31378653875139445
125.99999999988775,-1.0,-1.0005549485167204,2.1105944243642415e-05,2.1413855635667153e-05,-0.31868200782789363
126.0199999998877,-1.0,-1.0005510786116185,2.10489249311945e-05,2.1380633124518045e-05,-0.3324465284968629
126.03999999988766,-1.0,-1.0005412905683597,2.1077256918631563e-05,2.1349843362546718e-05,-0.35197781955748375
126.05999999988761,-1.0,-1.0005292722846655,2.1174063677876178e-05,2.132844486295481e-05,-0.37308227545090206
126.07999999988756,-1.0,-1.0005192470344233,2.1329380442396528e-05,2.1321580895925652e-05,-0.3907390251251189
126.09999999988752,-1.0,-1.000515807706447,2.150989585626412e-05,2.133198810966783e-05,-0.3990263581102311
126.11999999988747,-1.0,-1.0005220271542448,2.166114523415012e-05,2.135748384335613e-05,-0.39498246415933946
126.13999999988742,-1.0,-1.000537950719807,2.17465739752746e-05,2.1391682220848294e-05,-0.3804739777399721
126.15999999988738,-1.0,-1.0005609601698613,2.175024669117627e-05,2.1426477737221342e-05,-0.3604000947041027
126.17999999988733,-1.0,-1.0005869573139181,2.1671669810527416e-05,2.145384988043335e-05,-0.34012880386571465
126.19999999988728,-1.0,-1.0006114608031746,2.15263051531083e-05,2.146733692267224e-05,-0.32392676971472495
126.21999999988724,-1.0,-1.0006303838217725,2.134761890928561e-05,2.146352741835478e-05,-0.3147920279137093
126.23999999988719,-1.0,-1.0006404540083425,2.1182205203804847e-05,2.144328970028261e-05,-0.3148040385111455
126.25999999988714,-1.0,-1.000640520349772,2.1080014646290675e-05,2.1412190172965965e-05,-0.3244029900898138
126.2799999998871,-1.0,-1.000632851310568,2.106826348486964e-05,2.1379123804721144e-05,-0.3415303070238944
126.29999999988705,-1.0,-1.000621101985995,2.1132198215280005e-05,2.1352282110835782e-05,-0.3624144385357537
126.319999999887,-1.0,-1.0006091379761406,2.1259923862021974e-05,2.133758842944445e-05,-0.3825099526572179
126.33999999988696,-1.0,-1.0006015061538345,2.1434499355347726e-05,2.133927359580673e-05,-0.39614688609436693
126.35999999988691,-1.0,-1.0006023236352484,2.1606467429470573e-05,2.135780041854425e-05,-0.3983146987970745
126.37999999988686,-1.0,-1.000613212458426,2.1727785185606882e-05,2.1388579631103164e-05,-0.38854773302686596
126.39999999988682,-1.0,-1.0006327544662297,2.1773260975104123e-05,2.142408986708577e-05,-0.37055599249233445
126.41999999988677,-1.0,-1.0006574386504081,2.1734825341520153e-05,2.1456077793110996e-05,-0.34976300845596286
126.43999999988672,-1.0,-1.0006828552952642,2.1619764403642825e-05,2.1477121197262263e-05,-0.33108373412164893
126.45999999988668,-1.0,-1.0007046472876604,2.1452415866199777e-05,2.1482092956993596e-05,-0.3181120269554111
126.47999999988663,-1.0,-1.0007190861821194,2.1273677498439512e-05,2.146962074730119e-05,-0.31336335527917714
126.49999999988658,-1.0,-1.0007237053559548,2.113419492676877e-05,2.1442938440416914e-05,-0.31826757158773017
126.51999999988654,-1.0,-1.0007190775915997,2.107738292123442e-05,2.1409646048036484e-05,-0.33203664514474973
126.53999999988649,-1.0,-1.0007085535096973,2.1105923547445187e-05,2.1378815642074346e-05,-0.3515711871200916
126.55999999988644,-1.0,-1.000695811953938,2.1202760734337748e-05,2.135739076100507e-05,-0.37267627978710893
126.5799999998864,-1.0,-1.0006850670298066,2.1357998890006712e-05,2.1350499336920208e-05,-0.3903288920475392
126.59999999988635,-1.0,-1.0006809068014044,2.1538390069084773e-05,2.136087145852045e-05,-0.39860698834528063
126.6199999998863,-1.0,-1.0006864011332006,2.168949460607588e-05,2.1386322363618043e-05,-0.39455107495853065
126.63999999988626,-1.0,-1.000701592757086,2.1774767610047826e-05,2.142046572056169e-05,-0.38003205276664864
126.65999999988621,-1.0,-1.0007238611409417,2.177827802628491e-05,2.1455196211104334e-05,-0.3599534745789921
126.67999999988616,-1.0,-1.0007491068515266,2.1699535257133694e-05,2.148249381025323e-05,-0.33968584452508993
126.69999999988612,-1.0,-1.000772849493045,2.1554007092976587e-05,2.1495897623375694e-05,-0.3234951757135747
126.71999999988607,-1.0,-1.0007910067591406,2.1375177830568347e-05,2.1491998073761335e-05,-0.3143752140687429
126.73999999988602,-1.0,-1.0008003151194937,2.1209692234334907e-05,2.147166846822919e-05,-0.3143986429035411
126.75999999988598,-1.0,-1.0007996328120523,2.110760281734787e-05,2.144048733600821e-05,-0.3240036442748213
126.77999999988593,-1.0,-1.0007912362372287,2.109609486979613e-05,2.140736619238992e-05,-0.3411346937159829
126.79999999988588,-1.0,-1.0007787772286267,2.1160143512894806e-05,2.1380492769783747e-05,-0.36202104984832956
126.81999999988584,-1.0,-1.0007661109418833,2.1287833608284873e-05,2.1365772630688814e-05,-0.38211505704487136
126.83999999988579,-1.0,-1.0007577776628127,2.1462304149225247e-05,2.1367426281582306e-05,-0.3957453758051084
126.85999999988574,-1.0,-1.0007578909821817,2.163413805521122e-05,2.138591282899438e-05,-0.3979024143850418
126.8799999998857,-1.0,-1.0007680702891686,2.1755307313098974e-05,2.1416641952799244e-05,-0.3881239043960291
126.89999999988565,-1.0,-1.0007868949790664,2.1800626433470416e-05,2.1452092222908666e-05,-0.3701243041294435
126.9199999998856,-1.0,-1.000810852198406,2.176202914478834e-05,2.148401064912741e-05,-0.34933069876322126
126.93999999988556,-1.0,-1.000835531923389,2.164680511885259e-05,2.150497562373443e-05,-0.33065906875727225
126.95999999988551,-1.0,-1.0008565795485824,2.1479302216058526e-05,2.1509861197619677e-05,-0.31770084699729717
126.97999999988546,-1.0,-1.0008702732270636,2.1300448867986907e-05,2.1497298001037185e-05,-0.31296569948823466
126.99999999988542,-1.0,-1.0008741556244787,2.116096534601504e-05,2.1470527663453123e-05,-0.31787825558404526
127.01999999988537,-1.0,-1.0008688084258266,2.1104347245054176e-05,2.1437166017580273e-05,-0.33165168328694716
127.03999999988532,-1.0,-1.000857585697666,2.113308311648457e-05,2.1406294118754997e-05,-0.35118934329747037
127.05999999988528,-1.0,-1.0008441576936205,2.1229946478563546e-05,2.1384841299023052e-05,-0.3722950744259707
127.07999999988523,-1.0,-1.0008327298189883,2.1385107386699162e-05,2.137792093759566e-05,-0.38994379570433424
127.09999999988518,-1.0,-1.0008278855595156,2.1565378075127606e-05,2.138825690147744e-05,-0.3982131624934599
127.11999999988514,-1.0,-1.0008326919430894,2.171634259834655e-05,2.1413662436160796e-05,-0.39414587911238697
127.13999999988509,-1.0,-1.000847189223528,2.180146523796946e-05,2.1447750775982223e-05,-0.3796168951847853
127.15999999988504,-1.0,-1.0008687546844148,2.1804819015750168e-05,2.1482416774394807e-05,-0.3595338978364196
127.179999999885,-1.0,-1.0008932877090293,2.172591614250369e-05,2.150964086133537e-05,-0.3392697771272365
127.19999999988495,-1.0,-1.0009163088014559,2.1580230086095677e-05,2.1522962926390725e-05,-0.3230899266982045
127.2199999998849,-1.0,-1.0009337399306424,2.1401262335474426e-05,2.151897516187057e-05,-0.31398402099583234
127.23999999988486,-1.0,-1.0009423259422014,2.1235705690669718e-05,2.149855558995395e-05,-0.3140183132247833
127.25999999988481,-1.0,-1.0009409338479578,2.1133709308781052e-05,2.14672942380454e-05,-0.3236290829111536
127.27999999988477,-1.0,-1.00093184757366,2.112242913919619e-05,2.1434118313249272e-05,-0.3407637019187902
127.29999999988472,-1.0,-1.0009187158643227,2.118658307636046e-05,2.140721196877898e-05,-0.3616521992203354
127.31999999988467,-1.0,-1.000905383978127,2.13142368583453e-05,2.1392463923520244e-05,-0.3817448123888484
127.33999999988463,-1.0,-1.0008963859583542,2.148860536678803e-05,2.1394084897895404e-05,-0.39536889724425994
127.35999999988458,-1.0,-1.0008958320548116,2.166030959758869e-05,2.141253049262465e-05,-0.3975157602677265
127.37999999988453,-1.0,-1.0009053391457958,2.178133561051538e-05,2.144320938930642e-05,-0.38772634515733995
127.39999999988449,-1.0,-1.0009234843051087,2.1826503712542526e-05,2.147860009384863e-05,-0.3697193318315129
127.41999999988444,-1.0,-1.000946752927088,2.178775062482738e-05,2.1510449934778914e-05,-0.34892517290982417
127.43999999988439,-1.0,-1.0009707346915666,2.16723693867202e-05,2.1531337869988678e-05,-0.33026082114777594
127.45999999988435,-1.0,-1.0009910773655066,2.1504717498957518e-05,2.153613905718599e-05,-0.3173154105282737
127.4799999998843,-1.0,-1.0010040653514871,2.132575244538239e-05,2.1523486923221013e-05,-0.3125931081671718
127.49999999988425,-1.0,-1.0010072501132585,2.1186265210318255e-05,2.1496630443470942e-05,-0.31751359475802265
127.5199999998842,-1.0,-1.0010012217671402,2.1129827927746953e-05,2.1463200434226546e-05,-0.3312911756612181
127.53999999988416,-1.0,-1.0009893376443566,2.115874595955731e-05,2.143228646140371e-05,-0.35083181845490924
127.55999999988411,-1.0,-1.0009752598701025,2.1255631506403206e-05,2.141080441494749e-05,-0.3719381867118713
127.57999999988407,-1.0,-1.0009631856155432,2.1410716760559637e-05,2.1403853902595454e-05,-0.3895832592893573
127.59999999988402,-1.0,-1.0009576940333158,2.1590870919193674e-05,2.1414152905685674e-05,-0.39784439844573116
127.61999999988397,-1.0,-1.000961849466531,2.1741700464931447e-05,2.1439512785799966e-05,-0.3937663885719027
127.63999999988393,-1.0,-1.0009756898225124,2.182667832087322e-05,2.1473546364843775e-05,-0.37922801127303546
127.65999999988388,-1.0,-1.0009965903148763,2.1829881332420585e-05,2.1508148653579265e-05,-0.35914086631071657
127.67999999988383,-1.0,-1.001020449202834,2.1750824355610107e-05,2.1535300505578164e-05,-0.33888010092749066
127.69999999988379,-1.0,-1.0010427878378656,2.1604986242889858e-05,2.1548542546508318e-05,-0.322710521199158
127.71999999988374,-1.0,-1.0010595322313962,2.142588476428024e-05,2.154446863870796e-05,-0.3136179475012951
127.7399999998837,-1.0,-1.0010674351522004,2.126025816460928e-05,2.1523961262643693e-05,-0.31366254804139143
127.75999999988365,-1.0,-1.0010653719113647,2.1158347015142078e-05,2.1492621320870394e-05,-0.32327880325568514
127.7799999998836,-1.0,-1.0010556335518639,2.114727953158181e-05,2.1459390862052694e-05,-0.34041682711185006
127.79999999988355,-1.0,-1.0010418659018168,2.1211530435992412e-05,2.1432450661942186e-05,-0.36130737983438416
127.8199999998835,-1.0,-1.0010279048651527,2.133914737763547e-05,2.1417673521260928e-05,-0.38139870822320576
127.83999999988346,-1.0,-1.0010182785847934,2.1513416979402947e-05,2.1419260913244073e-05,-0.39501693451472797
127.85999999988341,-1.0,-1.0010170941528134,2.1684996219542336e-05,2.1437665127554126e-05,-0.3971542136893468
127.87999999988337,-1.0,-1.0010259660737726,2.1805884426514943e-05,2.14682939024452e-05,-0.38735452539506104
127.89999999988332,-1.0,-1.0010434692254297,2.1850907346909632e-05,2.1503625679856633e-05,-0.36934053970441627
127.91999999988327,-1.0,-1.001066087342677,2.1812004505931734e-05,2.153540808333982e-05,-0.3485458914489249
127.93999999988323,-1.0,-1.0010894098210426,2.1696472126209656e-05,2.155622059871257e-05,-0.32988845118154525
127.95999999988318,-1.0,-1.0011090866658179,2.1528676835451517e-05,2.1560939424806866e-05,-0.31695517896039443
127.97999999988313,-1.0,-1.0011214081826327,2.1349603570811395e-05,2.1548200627828906e-05,-0.31224504451172286
127.99999999988309,-1.0,-1.0011239341466938,2.1210110126315075e-05,2.1521260120972914e-05,-0.31717305250176603
128.01999999988317,-1.0,-1.0011172626380955,2.1153840924358538e-05,2.1487762873204385e-05,-0.330954584576537
128.03999999988326,-1.0,-1.001104754072874,2.1182928373255676e-05,2.145680649166245e-05,-0.35049807336670763
128.05999999988336,-1.0,-1.0010900629051815,2.1279832371358008e-05,2.14352941813584e-05,-0.37160507467970305
128.07999999988346,-1.0,-1.0010773785339762,2.143484376905891e-05,2.1428312552884157e-05,-0.3892467359486555
128.09999999988355,-1.0,-1.0010712760218905,2.1614885537670783e-05,2.1438574034767322e-05,-0.3975001422150471
128.11999999988365,-1.0,-1.001074817177774,2.176558530931098e-05,2.1463888212012794e-05,-0.3934120409842032
128.13999999988374,-1.0,-1.0010880376930176,2.1850424125641897e-05,2.1497867515654904e-05,-0.3788648309005613
128.15999999988384,-1.0,-1.0011083108248724,2.1853482408111937e-05,2.1532407099973774e-05,-0.35877380457503383
128.17999999988393,-1.0,-1.0011315337677484,2.177427749726875e-05,2.1559488211777847e-05,-0.33851623885747184
128.19999999988403,-1.0,-1.001153228668866,2.162829333879596e-05,2.1572652165648653e-05,-0.3223563840043638
128.21999999988412,-1.0,-1.001169325351622,2.1449063079669357e-05,2.1568494396203705e-05,-0.31327642195040045
128.23999999988422,-1.0,-1.0011765840594022,2.1283367842755024e-05,2.1547901587755447e-05,-0.3133307780497403
128.25999999988431,-1.0,-1.0011738879324705,2.1181534434722798e-05,2.1516484901066056e-05,-0.32295223611045243
128.2799999998844,-1.0,-1.0011635347270431,2.117066492815161e-05,2.1483200384510282e-05,-0.340093499237436
128.2999999998845,-1.0,-1.0011491675239985,2.123500477704133e-05,2.145622563539916e-05,-0.36098601993924534
128.3199999998846,-1.0,-1.0011346134102472,2.136258456780161e-05,2.144141845147568e-05,-0.38107616897582064
128.3399999998847,-1.0,-1.0011243949668456,2.1536758561690053e-05,2.1442971591653654e-05,-0.39468890537571205
128.3599999998848,-1.0,-1.0011226163094071,2.1708217648405862e-05,2.1461334227000497e-05,-0.3968171834445529
128.3799999998849,-1.0,-1.0011308897045028,2.1828973632343295e-05,2.149191320677311e-05,-0.38700784447918146
128.39999999988498,-1.0,-1.00114778795815,2.1873857350092242e-05,2.1527186909295837e-05,-0.36898731964815074
128.41999999988508,-1.0,-1.0011697932378647,2.1834810946376235e-05,2.155890323025031e-05,-0.3481922427499306
128.43999999988517,-1.0,-1.0011924946671715,2.1719133644763662e-05,2.157964214668612e-05,-0.3295413483084043
128.45999999988527,-1.0,-1.0012115443573846,2.1551200690718334e-05,2.1584280834010075e-05,-0.3166195462233429
128.47999999988537,-1.0,-1.0012232381746982,2.137202289325518e-05,2.1571457842565283e-05,-0.3119209071886149
128.49999999988546,-1.0,-1.001225143724626,2.1232520997082803e-05,2.1544435620093274e-05,-0.3168560295405233
128.51999999988556,-1.0,-1.0012178665890177,2.1176407513995705e-05,2.151087246711962e-05,-0.33064131070089303
128.53999999988565,-1.0,-1.0012047700909754,2.1205652006432885e-05,2.1479873567990052e-05,-0.3501875079347944
128.55999999988575,-1.0,-1.0011895014650114,2.1302570973326105e-05,2.1458330189926098e-05,-0.37129513575854267
128.57999999988584,-1.0,-1.0011762427939066,2.1457510489426685e-05,2.145131671068284e-05,-0.38893361756988115
128.59999999988594,-1.0,-1.0011695652903259,2.163744415151142e-05,2.1461540334409614e-05,-0.3971797769193969
128.61999999988603,-1.0,-1.0011725283774995,2.178801948049337e-05,2.148680897539443e-05,-0.393082208928884
128.63999999988613,-1.0,-1.0011851656599322,2.187272512349232e-05,2.1520734695242395e-05,-0.3785267169866295
128.65999999988622,-1.0,-1.0012048485509217,2.187564483629653e-05,2.1555212778571105e-05,-0.3584320695018783
128.67999999988632,-1.0,-1.0012274732389363,2.1796298286307512e-05,2.1582224835984694e-05,-0.3381775470106488
128.69999999988642,-1.0,-1.0012485626162775,2.1650174223858398e-05,2.159531282491368e-05,-0.32202687540718455
128.7199999998865,-1.0,-1.0012640500909789,2.147082027931133e-05,2.159107365608839e-05,-0.3129588112059254
128.7399999998866,-1.0,-1.0012707029383978,2.130505792053609e-05,2.1570397966794706e-05,-0.3130223747765968
128.7599999998867,-1.0,-1.0012674116641813,2.1203295081270288e-05,2.153890656744295e-05,-0.32264875439841073
128.7799999998868,-1.0,-1.0012564803394297,2.1192609259103678e-05,2.1505568675802176e-05,-0.33979309119904116
128.7999999998869,-1.0,-1.00124154946479,2.1257030343457283e-05,2.1478558906371345e-05,-0.36068749130182504
128.819999999887,-1.0,-1.0012264378394753,2.138457287117229e-05,2.1463720955529263e-05,-0.38077656245280844
128.83999999988708,-1.0,-1.0012156628162618,2.155865469819682e-05,2.146523939281431e-05,-0.39438416986799457
128.85999999988718,-1.0,-1.0012133257129592,2.1729998585416662e-05,2.1483560460190726e-05,-0.3965040187326988
128.87999999988727,-1.0,-1.001221036692,2.185062803448152e-05,2.1514090171483542e-05,-0.38668564016466844
128.89999999988737,-1.0,-1.001237366610342,2.1895378630501002e-05,2.1549306842043964e-05,-0.36865900062256224
128.91999999988747,-1.0,-1.0012587961591572,2.185619495778371e-05,2.1580958617629507e-05,-0.3478635522766683
128.93999999988756,-1.0,-1.0012809142024328,2.174037906110252e-05,2.160162593089885e-05,-0.3292188406543739
128.95999999988766,-1.0,-1.001299374827403,2.157231430058888e-05,2.1606186870624612e-05,-0.3163078475915193
128.97999999988775,-1.0,-1.001310479123522,2.1393035798883782e-05,2.1593282318622793e-05,-0.3116200388743113
128.99999999988785,-1.0,-1.001311802052688,2.1253523450411703e-05,2.15661808601629e-05,-0.31656187229395555
129.01999999988794,-1.0,-1.0013039562436488,2.1197553723731933e-05,2.153255331891273e-05,-0.33035070133008904
129.03999999988804,-1.0,-1.0012903077515665,2.122694327974491e-05,2.150151199940707e-05,-0.34989946939158106
129.05999999988813,-1.0,-1.0012744970351757,2.132387397748931e-05,2.1479936965650207e-05,-0.37100771496250046
129.07999999988823,-1.0,-1.0012606993096564,2.1478743739135525e-05,2.1472891114226602e-05,-0.3886432430595337
129.09999999988833,-1.0,-1.001253482173838,2.165857368927142e-05,2.1483076747801417e-05,-0.39688263124991663
129.11999999988842,-1.0,-1.001255902811592,2.1809029999042998e-05,2.1508300213978543e-05,-0.39277620863258
129.13999999988852,-1.0,-1.0012679928675952,2.1893608419213036e-05,2.154217322617018e-05,-0.37821297442942436
129.1599999998886,-1.0,-1.0012871220220134,2.1896395804675837e-05,2.157659118676705e-05,-0.3581149592856777
129.1799999998887,-1.0,-1.001309185515595,2.181691399553231e-05,2.160353604173427e-05,-0.33786332358799936
129.1999999998888,-1.0,-1.001329706936195,2.1670656262019297e-05,2.1616550346501723e-05,-0.32172129991852266
129.2199999998889,-1.0,-1.0013446230530867,2.1491183838032913e-05,2.1612232393629062e-05,-0.3126644290373032
129.239999999889,-1.0,-1.001350707738372,2.132535604578399e-05,2.1591476526907195e-05,-0.31273665875303075
129.2599999998891,-1.0,-1.0013468584071528,2.1223656925387846e-05,2.1559912608270415e-05,-0.32236768121094794
129.27999999988918,-1.0,-1.0013353850540103,2.121314093993137e-05,2.1526522208891106e-05,-0.33951492682938655
129.29999999988928,-1.0,-1.0013199257631928,2.127763587178602e-05,2.149947715209279e-05,-0.3604111171268198
129.31999999988938,-1.0,-1.0013042915658967,2.1405141205340138e-05,2.14846079179994e-05,-0.3804992077871
129.33999999988947,-1.0,-1.001292994914197,2.157913442009591e-05,2.1486091402094397e-05,-0.3941020383973138
129.35999999988957,-1.0,-1.0012901345035545,2.175036814514367e-05,2.1504371103156132e-05,-0.39621401746227564
129.37999999988966,-1.0,-1.0012973185237772,2.187087681710643e-05,2.1534852252186335e-05,-0.3863871971335156
129.39999999988976,-1.0,-1.0013131160034057,2.1915500437098403e-05,2.157001310246504e-05,-0.36835485735265683
129.41999999988985,-1.0,-1.0013340062469345,2.1876185854088255e-05,2.1601602028636397e-05,-0.3475590913096727
129.43999999988995,-1.0,-1.0013555778713708,2.1760237757512258e-05,2.162219988448467e-05,-0.32892020359402957
129.45999999989004,-1.0,-1.0013734868123692,2.1592047126977138e-05,2.162668561044989e-05,-0.31601936798846236
129.47999999989014,-1.0,-1.0013840390516167,2.1412671868826763e-05,2.1613702270185473e-05,-0.3113417342901076
129.49999999989024,-1.0,-1.0013848164422283,2.1273147296576992e-05,2.158652419698721e-05,-0.3162898807452484
129.51999999989033,-1.0,-1.0013764382136057,2.121730978235739e-05,2.1552833944526404e-05,-0.33008205816915903
129.53999999989043,-1.0,-1.0013622729812615,2.1246832835361262e-05,2.1521750488982245e-05,-0.3496332600160409
129.55999999989052,-1.0,-1.0013459548631205,2.1343772263469406e-05,2.15001434108879e-05,-0.3707421125899408
129.57999999989062,-1.0,-1.0013316526464728,2.1498574526610873e-05,2.149306486235594e-05,-0.3883749061159989
129.5999999998907,-1.0,-1.0013239305478117,2.1678305240237418e-05,2.1503212560934532e-05,-0.39660798741597497
129.6199999998908,-1.0,-1.0013258436550636,2.1828648013015008e-05,2.1528391389434698e-05,-0.3924933081419327
129.6399999998909,-1.0,-1.0013374217777518,2.1913105210120423e-05,2.1562212734027667e-05,-0.3779228584820267
129.659999999891,-1.0,-1.0013560329717683,2.1915766557293688e-05,2.1596572102932107e-05,-0.35782172191325357
129.6799999998911,-1.0,-1.0013775715875093,2.183615591707603e-05,2.1623451750086286e-05,-0.3375728173053142
129.6999999998912,-1.0,-1.0013975618601223,2.1689770799672447e-05,2.163639478538249e-05,-0.3214389144647237
129.7199999998913,-1.0,-1.0014119437013285,2.1510185179198865e-05,2.16320007910747e-05,-0.3123925440442129
129.73999999989138,-1.0,-1.001417497153506,2.13442937915769e-05,2.1611167576134193e-05,-0.312472907227862
129.75999999989148,-1.0,-1.001413126094536,2.124265186548232e-05,2.1579533468146473e-05,-0.3221082974122503
129.77999999989157,-1.0,-1.001401146059213,2.123229233769756e-05,2.1546091592488138e-05,-0.33925828842706945
129.79999999989167,-1.0,-1.0013851928755682,2.1296854055301033e-05,2.1519011168426913e-05,-0.36015617955137647
129.81999999989176,-1.0,-1.0013690703152989,2.1424322428053952e-05,2.1504110325845735e-05,-0.3802433829598087
129.83999999989186,-1.0,-1.001357286250385,2.159823067216575e-05,2.1505558790361925e-05,-0.39384177937757153
129.85999999989195,-1.0,-1.0013539369256714,2.1769359325092455e-05,2.1523797499375725e-05,-0.39594643409425984
129.87999999989205,-1.0,-1.0013606286871188,2.1889753014582346e-05,2.1554230952560703e-05,-0.3861117550536395
129.89999999989215,-1.0,-1.0013759288530832,2.1934255834928922e-05,2.158933734225986e-05,-0.36807411853426586
129.91999999989224,-1.0,-1.0013963154293923,2.1894816730198633e-05,2.1620865251699275e-05,-0.3472780851617242
129.93999999989234,-1.0,-1.0014173767986556,2.1778742861673814e-05,2.1641395922500776e-05,-0.3286446678188343
129.95999999989243,-1.0,-1.0014347706204096,2.1610432342712898e-05,2.1645809086732227e-05,-0.31575334979699127
129.97999999989253,-1.0,-1.0014448074447735,2.1430964366249586e-05,2.163274984369467e-05,-0.31108524775432916
129.99999999989262,-1.0,-1.0014450755610267,2.1291426015456066e-05,2.1605497893843617e-05,-0.31603931583536965
